t,f_hat
2.500000,60.024180
2.500100,60.013102
2.500200,60.001476
2.500300,60.002727
2.500400,60.007705
2.500500,60.018680
2.500600,60.027751
2.500700,60.038419
2.500800,60.039727
2.500900,60.027218
2.501000,60.029628
2.501100,60.028460
2.501200,60.033886
2.501300,60.040150
2.501400,60.041546
2.501500,60.041302
2.501600,60.042270
2.501700,60.045507
2.501800,60.045300
2.501900,60.045955
2.502000,60.045039
2.502100,60.044122
2.502200,60.044184
2.502300,60.044133
2.502400,60.044335
2.502500,60.045134
2.502600,60.046210
2.502700,60.044661
2.502800,60.046426
2.502900,60.044439
2.503000,60.045034
2.503100,60.047608
2.503200,60.047190
2.503300,60.045491
2.503400,60.047779
2.503500,60.047725
2.503600,60.045000
2.503700,60.044677
2.503800,60.046416
2.503900,60.044783
2.504000,60.042899
2.504100,60.040560
2.504200,60.039143
2.504300,60.040601
2.504400,60.043244
2.504500,60.043404
2.504600,60.042558
2.504700,60.041254
2.504800,60.044846
2.504900,60.044347
2.505000,60.046563
2.505100,60.048706
2.505200,60.048704
2.505300,60.051746
2.505400,60.054308
2.505500,60.052890
2.505600,60.051338
2.505700,60.050663
2.505800,60.047788
2.505900,60.050950
2.506000,60.047038
2.506100,60.044108
2.506200,60.040818
2.506300,60.036575
2.506400,60.031203
2.506500,60.031854
2.506600,60.029340
2.506700,60.029860
2.506800,60.024213
2.506900,60.024536
2.507000,60.029602
2.507100,60.037289
2.507200,60.044165
2.507300,60.035657
2.507400,60.034330
2.507500,60.037181
2.507600,60.035711
2.507700,60.039826
2.507800,60.049578
2.507900,60.041549
2.508000,60.040135
2.508100,60.050750
2.508200,60.047879
2.508300,60.050024
2.508400,60.058220
2.508500,60.054064
2.508600,60.051988
2.508700,60.063468
2.508800,60.060996
2.508900,60.049607
2.509000,60.056921
2.509100,60.044288
2.509200,60.044956
2.509300,60.043857
2.509400,60.048799
2.509500,60.049537
2.509600,60.054791
2.509700,60.054856
2.509800,60.057060
2.509900,60.056130
2.510000,60.055327
2.510100,60.052297
2.510200,60.050693
2.510300,60.050411
2.510400,60.050658
2.510500,60.050583
2.510600,60.050225
2.510700,60.050142
2.510800,60.049995
2.510900,60.051135
2.511000,60.052905
2.511100,60.054493
2.511200,60.053439
2.511300,60.051894
2.511400,60.049746
2.511500,60.050318
2.511600,60.050881
2.511700,60.051744
2.511800,60.048705
2.511900,60.047269
2.512000,60.045370
2.512100,60.044503
2.512200,60.042235
2.512300,60.042440
2.512400,60.041984
2.512500,60.041250
2.512600,60.038423
2.512700,60.041818
2.512800,60.041036
2.512900,60.041163
2.513000,60.044042
2.513100,60.043501
2.513200,60.043579
2.513300,60.047238
2.513400,60.044573
2.513500,60.044470
2.513600,60.045648
2.513700,60.042142
2.513800,60.046313
2.513900,60.046020
2.514000,60.049788
2.514100,60.051761
2.514200,60.052301
2.514300,60.052605
2.514400,60.054276
2.514500,60.050570
2.514600,60.046385
2.514700,60.049688
2.514800,60.043668
2.514900,60.040118
2.515000,60.036961
2.515100,60.031132
2.515200,60.033723
2.515300,60.033247
2.515400,60.027039
2.515500,60.021908
2.515600,60.013794
2.515700,60.018524
2.515800,60.016447
2.515900,60.012607
2.516000,60.022097
2.516100,60.023657
2.516200,60.027552
2.516300,60.028105
2.516400,60.019663
2.516500,60.013662
2.516600,60.013154
2.516700,60.006011
2.516800,60.009589
2.516900,60.011410
2.517000,60.004728
2.517100,60.017172
2.517200,60.031972
2.517300,60.045267
2.517400,60.055402
2.517500,60.046297
2.517600,60.046924
2.517700,60.046293
2.517800,60.039548
2.517900,60.047521
2.518000,60.041793
2.518100,60.039574
2.518200,60.042843
2.518300,60.039266
2.518400,60.040567
2.518500,60.038212
2.518600,60.037872
2.518700,60.036711
2.518800,60.037163
2.518900,60.037268
2.519000,60.037359
2.519100,60.037455
2.519200,60.038058
2.519300,60.039369
2.519400,60.039686
2.519500,60.039203
2.519600,60.040660
2.519700,60.041740
2.519800,60.040978
2.519900,60.042110
2.520000,60.039293
2.520100,60.040538
2.520200,60.039940
2.520300,60.041550
2.520400,60.039255
2.520500,60.041173
2.520600,60.038376
2.520700,60.036931
2.520800,60.035445
2.520900,60.035902
2.521000,60.034992
2.521100,60.032579
2.521200,60.033120
2.521300,60.035560
2.521400,60.034919
2.521500,60.034710
2.521600,60.037742
2.521700,60.036287
2.521800,60.032601
2.521900,60.036151
2.522000,60.035786
2.522100,60.036211
2.522200,60.040196
2.522300,60.040004
2.522400,60.039452
2.522500,60.038591
2.522600,60.036513
2.522700,60.037653
2.522800,60.038073
2.522900,60.041293
2.523000,60.037464
2.523100,60.033322
2.523200,60.033108
2.523300,60.028959
2.523400,60.035060
2.523500,60.036251
2.523600,60.033464
2.523700,60.040726
2.523800,60.038381
2.523900,60.034499
2.524000,60.033747
2.524100,60.036024
2.524200,60.027659
2.524300,60.026523
2.524400,60.019791
2.524500,60.025164
2.524600,60.014014
2.524700,60.022214
2.524800,60.024473
2.524900,60.022719
2.525000,60.009221
2.525100,60.013573
2.525200,60.005371
2.525300,59.999032
2.525400,59.992272
2.525500,60.004734
2.525600,59.993216
2.525700,59.998802
2.525800,59.994806
2.525900,59.992136
2.526000,60.002590
2.526100,59.999681
2.526200,60.001531
2.526300,60.002814
2.526400,59.999854
2.526500,59.995034
2.526600,59.999403
2.526700,59.998413
2.526800,60.000828
2.526900,59.998758
2.527000,59.999657
2.527100,60.000062
2.527200,60.000852
2.527300,60.000550
2.527400,60.000409
2.527500,60.000273
2.527600,60.001122
2.527700,60.000478
2.527800,60.001015
2.527900,60.001579
2.528000,60.001989
2.528100,60.002880
2.528200,60.002198
2.528300,59.999560
2.528400,60.001762
2.528500,60.001894
2.528600,60.002403
2.528700,60.004434
2.528800,60.006361
2.528900,60.006750
2.529000,60.009414
2.529100,60.010034
2.529200,60.011413
2.529300,60.011867
2.529400,60.011931
2.529500,60.010856
2.529600,60.007844
2.529700,60.006894
2.529800,60.004973
2.529900,60.006561
2.530000,60.005564
2.530100,60.007003
2.530200,60.005316
2.530300,60.009247
2.530400,60.012083
2.530500,60.010260
2.530600,60.013816
2.530700,60.013842
2.530800,60.010792
2.530900,60.007795
2.531000,60.010861
2.531100,60.010868
2.531200,60.012735
2.531300,60.010899
2.531400,60.008503
2.531500,60.006719
2.531600,60.011593
2.531700,60.013811
2.531800,60.016720
2.531900,60.016208
2.532000,60.011150
2.532100,60.006158
2.532200,60.006063
2.532300,60.009529
2.532400,60.006073
2.532500,60.001542
2.532600,59.991617
2.532700,59.987917
2.532800,59.995835
2.532900,59.990364
2.533000,59.997119
2.533100,59.986679
2.533200,59.996171
2.533300,60.006849
2.533400,59.994325
2.533500,59.992080
2.533600,59.995909
2.533700,59.984092
2.533800,59.985001
2.533900,59.995949
2.534000,60.003030
2.534100,60.013530
2.534200,60.008006
2.534300,60.010797
2.534400,60.004067
2.534500,60.001471
2.534600,60.009243
2.534700,60.005879
2.534800,60.011017
2.534900,60.010923
2.535000,60.013135
2.535100,60.015872
2.535200,60.017782
2.535300,60.017445
2.535400,60.016903
2.535500,60.016381
2.535600,60.016371
2.535700,60.016677
2.535800,60.016403
2.535900,60.017243
2.536000,60.018373
2.536100,60.019029
2.536200,60.018236
2.536300,60.018951
2.536400,60.016241
2.536500,60.014887
2.536600,60.015243
2.536700,60.015515
2.536800,60.016906
2.536900,60.017977
2.537000,60.019838
2.537100,60.022074
2.537200,60.023319
2.537300,60.021097
2.537400,60.017843
2.537500,60.019518
2.537600,60.016176
2.537700,60.016721
2.537800,60.016162
2.537900,60.019720
2.538000,60.016670
2.538100,60.016845
2.538200,60.020414
2.538300,60.016743
2.538400,60.019407
2.538500,60.022886
2.538600,60.025718
2.538700,60.025155
2.538800,60.024564
2.538900,60.021569
2.539000,60.024948
2.539100,60.026797
2.539200,60.022388
2.539300,60.017780
2.539400,60.021786
2.539500,60.020537
2.539600,60.025159
2.539700,60.025780
2.539800,60.025844
2.539900,60.023963
2.540000,60.021908
2.540100,60.016138
2.540200,60.014456
2.540300,60.008291
2.540400,60.014284
2.540500,60.018297
2.540600,60.011787
2.540700,60.012224
2.540800,60.009707
2.540900,60.006661
2.541000,60.015729
2.541100,60.020154
2.541200,60.009379
2.541300,60.009880
2.541400,60.018815
2.541500,60.017556
2.541600,60.025487
2.541700,60.021223
2.541800,60.027310
2.541900,60.023727
2.542000,60.014366
2.542100,60.025591
2.542200,60.017425
2.542300,60.019282
2.542400,60.029532
2.542500,60.021002
2.542600,60.014660
2.542700,60.012479
2.542800,60.004561
2.542900,59.997636
2.543000,59.997849
2.543100,60.000959
2.543200,60.002000
2.543300,60.006510
2.543400,60.009325
2.543500,60.011228
2.543600,60.011547
2.543700,60.010736
2.543800,60.011579
2.543900,60.011022
2.544000,60.010961
2.544100,60.011055
2.544200,60.011595
2.544300,60.012003
2.544400,60.010896
2.544500,60.011978
2.544600,60.010698
2.544700,60.011298
2.544800,60.010759
2.544900,60.013029
2.545000,60.014440
2.545100,60.012437
2.545200,60.010867
2.545300,60.011842
2.545400,60.011750
2.545500,60.014920
2.545600,60.014813
2.545700,60.014198
2.545800,60.010800
2.545900,60.010637
2.546000,60.011512
2.546100,60.009262
2.546200,60.010726
2.546300,60.012561
2.546400,60.015996
2.546500,60.013996
2.546600,60.013851
2.546700,60.010067
2.546800,60.007417
2.546900,60.009941
2.547000,60.008182
2.547100,60.008841
2.547200,60.007825
2.547300,60.008116
2.547400,60.010790
2.547500,60.010105
2.547600,60.005763
2.547700,60.001148
2.547800,60.000829
2.547900,59.996492
2.548000,59.997905
2.548100,59.994502
2.548200,59.996455
2.548300,60.001826
2.548400,60.007895
2.548500,60.005102
2.548600,60.000166
2.548700,60.001304
2.548800,60.006264
2.548900,60.010514
2.549000,60.015728
2.549100,60.015655
2.549200,60.014545
2.549300,60.015709
2.549400,60.020039
2.549500,60.020799
2.549600,60.029540
2.549700,60.028381
2.549800,60.025522
2.549900,60.031843
2.550000,60.026842
2.550100,60.024604
2.550200,60.025801
2.550300,60.028877
2.550400,60.035578
2.550500,60.047279
2.550600,60.038144
2.550700,60.044447
2.550800,60.034177
2.550900,60.029875
2.551000,60.025367
2.551100,60.029250
2.551200,60.025888
2.551300,60.019082
2.551400,60.022034
2.551500,60.026572
2.551600,60.030564
2.551700,60.031351
2.551800,60.033347
2.551900,60.034795
2.552000,60.034908
2.552100,60.033680
2.552200,60.033077
2.552300,60.033076
2.552400,60.033217
2.552500,60.032692
2.552600,60.033889
2.552700,60.033876
2.552800,60.032400
2.552900,60.030631
2.553000,60.030831
2.553100,60.028975
2.553200,60.028200
2.553300,60.025900
2.553400,60.024554
2.553500,60.026827
2.553600,60.025974
2.553700,60.024160
2.553800,60.025862
2.553900,60.028308
2.554000,60.029703
2.554100,60.033233
2.554200,60.031896
2.554300,60.032097
2.554400,60.031204
2.554500,60.034500
2.554600,60.032990
2.554700,60.035350
2.554800,60.031541
2.554900,60.034656
2.555000,60.035231
2.555100,60.036872
2.555200,60.034637
2.555300,60.032739
2.555400,60.033287
2.555500,60.032874
2.555600,60.030897
2.555700,60.028247
2.555800,60.031532
2.555900,60.028107
2.556000,60.026236
2.556100,60.021732
2.556200,60.019348
2.556300,60.023834
2.556400,60.023443
2.556500,60.017946
2.556600,60.019444
2.556700,60.014780
2.556800,60.018951
2.556900,60.016721
2.557000,60.023481
2.557100,60.022433
2.557200,60.019821
2.557300,60.024097
2.557400,60.016518
2.557500,60.023263
2.557600,60.032526
2.557700,60.034803
2.557800,60.035121
2.557900,60.031146
2.558000,60.025622
2.558100,60.018620
2.558200,60.010997
2.558300,60.005948
2.558400,60.008764
2.558500,60.022088
2.558600,60.011002
2.558700,59.996258
2.558800,60.008493
2.558900,60.011469
2.559000,60.008753
2.559100,60.013923
2.559200,60.020662
2.559300,60.025654
2.559400,60.021419
2.559500,60.013390
2.559600,60.014894
2.559700,60.011548
2.559800,60.016317
2.559900,60.010727
2.560000,60.009502
2.560100,60.012595
2.560200,60.010088
2.560300,60.011984
2.560400,60.011088
2.560500,60.010563
2.560600,60.010568
2.560700,60.011101
2.560800,60.010362
2.560900,60.009261
2.561000,60.008307
2.561100,60.006827
2.561200,60.008733
2.561300,60.010678
2.561400,60.010609
2.561500,60.011316
2.561600,60.014003
2.561700,60.015110
2.561800,60.015836
2.561900,60.013278
2.562000,60.012365
2.562100,60.011916
2.562200,60.013203
2.562300,60.015607
2.562400,60.013621
2.562500,60.012074
2.562600,60.010421
2.562700,60.011974
2.562800,60.011404
2.562900,60.013618
2.563000,60.016876
2.563100,60.016398
2.563200,60.012941
2.563300,60.015792
2.563400,60.015733
2.563500,60.015617
2.563600,60.019163
2.563700,60.018101
2.563800,60.018957
2.563900,60.015468
2.564000,60.011960
2.564100,60.010015
2.564200,60.013221
2.564300,60.010994
2.564400,60.016072
2.564500,60.012951
2.564600,60.014665
2.564700,60.016050
2.564800,60.012930
2.564900,60.008906
2.565000,60.009597
2.565100,60.009384
2.565200,60.007151
2.565300,60.004773
2.565400,60.001111
2.565500,60.008534
2.565600,60.014433
2.565700,60.007890
2.565800,60.006528
2.565900,60.001996
2.566000,60.004547
2.566100,59.994651
2.566200,60.003772
2.566300,60.013215
2.566400,60.019137
2.566500,60.007361
2.566600,60.005980
2.566700,60.011913
2.566800,60.018363
2.566900,60.028056
2.567000,60.024985
2.567100,60.030088
2.567200,60.025408
2.567300,60.023182
2.567400,60.013064
2.567500,60.004989
2.567600,60.005863
2.567700,59.995992
2.567800,59.996944
2.567900,59.996035
2.568000,59.989807
2.568100,59.989210
2.568200,59.989742
2.568300,59.992434
2.568400,59.995273
2.568500,59.995126
2.568600,59.995226
2.568700,59.993868
2.568800,59.994888
2.568900,59.994837
2.569000,59.994722
2.569100,59.994936
2.569200,59.994410
2.569300,59.994496
2.569400,59.994884
2.569500,59.993570
2.569600,59.993661
2.569700,59.993139
2.569800,59.993681
2.569900,59.993037
2.570000,59.994579
2.570100,59.994984
2.570200,59.992637
2.570300,59.992600
2.570400,59.994203
2.570500,59.993795
2.570600,59.996803
2.570700,59.994321
2.570800,59.991577
2.570900,59.988478
2.571000,59.986125
2.571100,59.987821
2.571200,59.990979
2.571300,59.988431
2.571400,59.991585
2.571500,59.993845
2.571600,59.993406
2.571700,59.995614
2.571800,59.996003
2.571900,59.993971
2.572000,59.991157
2.572100,59.989848
2.572200,59.987157
2.572300,59.986700
2.572400,59.987560
2.572500,59.984670
2.572600,59.983814
2.572700,59.979971
2.572800,59.981672
2.572900,59.984952
2.573000,59.989967
2.573100,59.990173
2.573200,59.985252
2.573300,59.990814
2.573400,59.987127
2.573500,59.986510
2.573600,59.982132
2.573700,59.983988
2.573800,59.984067
2.573900,59.987510
2.574000,59.984070
2.574100,59.980632
2.574200,59.977464
2.574300,59.986232
2.574400,59.992350
2.574500,60.001233
2.574600,59.992583
2.574700,60.002338
2.574800,60.005035
2.574900,59.996519
2.575000,60.008423
2.575100,59.996601
2.575200,59.987517
2.575300,59.992558
2.575400,59.985325
2.575500,59.982147
2.575600,59.985192
2.575700,59.980573
2.575800,59.974551
2.575900,59.970081
2.576000,59.981441
2.576100,59.979827
2.576200,59.981800
2.576300,59.978698
2.576400,59.975517
2.576500,59.981239
2.576600,59.984149
2.576700,59.982777
2.576800,59.985583
2.576900,59.985821
2.577000,59.985062
2.577100,59.984819
2.577200,59.984957
2.577300,59.985028
2.577400,59.985178
2.577500,59.985813
2.577600,59.986996
2.577700,59.987196
2.577800,59.987142
2.577900,59.985088
2.578000,59.983698
2.578100,59.984226
2.578200,59.982727
2.578300,59.983391
2.578400,59.984439
2.578500,59.982984
2.578600,59.981663
2.578700,59.983595
2.578800,59.984536
2.578900,59.982539
2.579000,59.982854
2.579100,59.985888
2.579200,59.982548
2.579300,59.984122
2.579400,59.982969
2.579500,59.980803
2.579600,59.978672
2.579700,59.977374
2.579800,59.977991
2.579900,59.979138
2.580000,59.977935
2.580100,59.977742
2.580200,59.977809
2.580300,59.980448
2.580400,59.983678
2.580500,59.981470
2.580600,59.977338
2.580700,59.976787
2.580800,59.977618
2.580900,59.975056
2.581000,59.979548
2.581100,59.978643
2.581200,59.978953
2.581300,59.984615
2.581400,59.986899
2.581500,59.988172
2.581600,59.983446
2.581700,59.984340
2.581800,59.979270
2.581900,59.985419
2.582000,59.983346
2.582100,59.983814
2.582200,59.981013
2.582300,59.972230
2.582400,59.981447
2.582500,59.990421
2.582600,59.992893
2.582700,59.984371
2.582800,59.980808
2.582900,59.987146
2.583000,59.983617
2.583100,59.996705
2.583200,60.000316
2.583300,59.999406
2.583400,60.002803
2.583500,59.988106
2.583600,59.982724
2.583700,59.971691
2.583800,59.968160
2.583900,59.963003
2.584000,59.955025
2.584100,59.953186
2.584200,59.961428
2.584300,59.962195
2.584400,59.960549
2.584500,59.953370
2.584600,59.945920
2.584700,59.947794
2.584800,59.952223
2.584900,59.955904
2.585000,59.956654
2.585100,59.955455
2.585200,59.954687
2.585300,59.955725
2.585400,59.956754
2.585500,59.957482
2.585600,59.957652
2.585700,59.957535
2.585800,59.957972
2.585900,59.958024
2.586000,59.957011
2.586100,59.955907
2.586200,59.957609
2.586300,59.957536
2.586400,59.958604
2.586500,59.960093
2.586600,59.959719
2.586700,59.961174
2.586800,59.958339
2.586900,59.960700
2.587000,59.958626
2.587100,59.958646
2.587200,59.959613
2.587300,59.957319
2.587400,59.957355
2.587500,59.957074
2.587600,59.957917
2.587700,59.956030
2.587800,59.958673
2.587900,59.955654
2.588000,59.954871
2.588100,59.958055
2.588200,59.961598
2.588300,59.958906
2.588400,59.960026
2.588500,59.960134
2.588600,59.961753
2.588700,59.960621
2.588800,59.960072
2.588900,59.962615
2.589000,59.964800
2.589100,59.968333
2.589200,59.971813
2.589300,59.969598
2.589400,59.964747
2.589500,59.967100
2.589600,59.964176
2.589700,59.963808
2.589800,59.959314
2.589900,59.957285
2.590000,59.963371
2.590100,59.958538
2.590200,59.965816
2.590300,59.968674
2.590400,59.975180
2.590500,59.982057
2.590600,59.982466
2.590700,59.975165
2.590800,59.967571
2.590900,59.963457
2.591000,59.964063
2.591100,59.973569
2.591200,59.983658
2.591300,59.981193
2.591400,59.982546
2.591500,59.990765
2.591600,59.990157
2.591700,59.982427
2.591800,59.985329
2.591900,59.993154
2.592000,59.995284
2.592100,59.984503
2.592200,59.989150
2.592300,59.987729
2.592400,60.001213
2.592500,59.994212
2.592600,59.995202
2.592700,59.995600
2.592800,59.999335
2.592900,60.004948
2.593000,60.003568
2.593100,60.006358
2.593200,60.011414
2.593300,60.011170
2.593400,60.009441
2.593500,60.007715
2.593600,60.005836
2.593700,60.005228
2.593800,60.005204
2.593900,60.005187
2.594000,60.004977
2.594100,60.005916
2.594200,60.005268
2.594300,60.006986
2.594400,60.007083
2.594500,60.007546
2.594600,60.005414
2.594700,60.005490
2.594800,60.006958
2.594900,60.004328
2.595000,60.003033
2.595100,60.001529
2.595200,60.004172
2.595300,60.006632
2.595400,60.006038
2.595500,60.003675
2.595600,60.006028
2.595700,60.003009
2.595800,60.006414
2.595900,60.005746
2.596000,60.008819
2.596100,60.007747
2.596200,60.009005
2.596300,60.009516
2.596400,60.008874
2.596500,60.011269
2.596600,60.007740
2.596700,60.008353
2.596800,60.010351
2.596900,60.006923
2.597000,60.008620
2.597100,60.006210
2.597200,60.003751
2.597300,60.003593
2.597400,60.000091
2.597500,59.997629
2.597600,60.001647
2.597700,59.997928
2.597800,60.002522
2.597900,59.997192
2.598000,60.001431
2.598100,60.004078
2.598200,60.000408
2.598300,59.999577
2.598400,59.999527
2.598500,59.993093
2.598600,59.999890
2.598700,60.000522
2.598800,59.996383
2.598900,59.993517
2.599000,59.990011
2.599100,59.998268
2.599200,60.003599
2.599300,60.001154
2.599400,59.997771
2.599500,60.005385
2.599600,59.997647
2.599700,59.995777
2.599800,60.007444
2.599900,60.007762
2.600000,60.015172
2.600100,60.019234
2.600200,60.030093
2.600300,60.036876
2.600400,60.030216
2.600500,60.034942
2.600600,60.041827
2.600700,60.043549
2.600800,60.030988
2.600900,60.021923
2.601000,60.027022
2.601100,60.020269
2.601200,60.028449
2.601300,60.026522
2.601400,60.032947
2.601500,60.031636
2.601600,60.032391
2.601700,60.030511
2.601800,60.027622
2.601900,60.027116
2.602000,60.028109
2.602100,60.028131
2.602200,60.028167
2.602300,60.028117
2.602400,60.027755
2.602500,60.028701
2.602600,60.029325
2.602700,60.027775
2.602800,60.027659
2.602900,60.026390
2.603000,60.025996
2.603100,60.023789
2.603200,60.026012
2.603300,60.026121
2.603400,60.023640
2.603500,60.020726
2.603600,60.022750
2.603700,60.024038
2.603800,60.024237
2.603900,60.023787
2.604000,60.022652
2.604100,60.025085
2.604200,60.023768
2.604300,60.024859
2.604400,60.028249
2.604500,60.029447
2.604600,60.033080
2.604700,60.029882
2.604800,60.031174
2.604900,60.028844
2.605000,60.026417
2.605100,60.026173
2.605200,60.027808
2.605300,60.031995
2.605400,60.030857
2.605500,60.030002
2.605600,60.031902
2.605700,60.031455
2.605800,60.031345
2.605900,60.028632
2.606000,60.025713
2.606100,60.030308
2.606200,60.035357
2.606300,60.036913
2.606400,60.042440
2.606500,60.040454
2.606600,60.044388
2.606700,60.045609
2.606800,60.042617
2.606900,60.039634
2.607000,60.034832
2.607100,60.033029
2.607200,60.029806
2.607300,60.024557
2.607400,60.024581
2.607500,60.026696
2.607600,60.026938
2.607700,60.025371
2.607800,60.015297
2.607900,60.017795
2.608000,60.005542
2.608100,59.995883
2.608200,60.006256
2.608300,60.013502
2.608400,60.012394
2.608500,60.019993
2.608600,60.006107
2.608700,60.011711
2.608800,59.997260
2.608900,59.990547
2.609000,59.985091
2.609100,59.984043
2.609200,59.973270
2.609300,59.979906
2.609400,59.976598
2.609500,59.979203
2.609600,59.985094
2.609700,59.992080
2.609800,59.988067
2.609900,59.992134
2.610000,59.989205
2.610100,59.990601
2.610200,59.989314
2.610300,59.987589
2.610400,59.988237
2.610500,59.988266
2.610600,59.988205
2.610700,59.988199
2.610800,59.988516
2.610900,59.987731
2.611000,59.986949
2.611100,59.987318
2.611200,59.985268
2.611300,59.983686
2.611400,59.982054
2.611500,59.982445
2.611600,59.979944
2.611700,59.978151
2.611800,59.976502
2.611900,59.974791
2.612000,59.974912
2.612100,59.977049
2.612200,59.979005
2.612300,59.977736
2.612400,59.977674
2.612500,59.976470
2.612600,59.977486
2.612700,59.977654
2.612800,59.979026
2.612900,59.980058
2.613000,59.983655
2.613100,59.985663
2.613200,59.988602
2.613300,59.988983
2.613400,59.986129
2.613500,59.986906
2.613600,59.988167
2.613700,59.986046
2.613800,59.987196
2.613900,59.987305
2.614000,59.988097
2.614100,59.988628
2.614200,59.988870
2.614300,59.991450
2.614400,59.993839
2.614500,59.988826
2.614600,59.989766
2.614700,59.984721
2.614800,59.979827
2.614900,59.980175
2.615000,59.985796
2.615100,59.987451
2.615200,59.993898
2.615300,59.991082
2.615400,59.985565
2.615500,59.987347
2.615600,59.994965
2.615700,59.988628
2.615800,59.980287
2.615900,59.986540
2.616000,59.995732
2.616100,59.990651
2.616200,59.982540
2.616300,59.980305
2.616400,59.977079
2.616500,59.989866
2.616600,60.001298
2.616700,59.988558
2.616800,59.989449
2.616900,60.002416
2.617000,60.011103
2.617100,60.008548
2.617200,59.999757
2.617300,59.988376
2.617400,59.988032
2.617500,59.977898
2.617600,59.982518
2.617700,59.989676
2.617800,59.983385
2.617900,59.987340
2.618000,59.979545
2.618100,59.978730
2.618200,59.979760
2.618300,59.983831
2.618400,59.987184
2.618500,59.987953
2.618600,59.988030
2.618700,59.988732
2.618800,59.987822
2.618900,59.987675
2.619000,59.987634
2.619100,59.987990
2.619200,59.988127
2.619300,59.987133
2.619400,59.987904
2.619500,59.988088
2.619600,59.989658
2.619700,59.990427
2.619800,59.988120
2.619900,59.990223
2.620000,59.991617
2.620100,59.991373
2.620200,59.989012
2.620300,59.988995
2.620400,59.990381
2.620500,59.989025
2.620600,59.987416
2.620700,59.988659
2.620800,59.991904
2.620900,59.991272
2.621000,59.991579
2.621100,59.988258
2.621200,59.988222
2.621300,59.984931
2.621400,59.981875
2.621500,59.982561
2.621600,59.984147
2.621700,59.981308
2.621800,59.984085
2.621900,59.980792
2.622000,59.984362
2.622100,59.986200
2.622200,59.987464
2.622300,59.985592
2.622400,59.983150
2.622500,59.979170
2.622600,59.981510
2.622700,59.980340
2.622800,59.983048
2.622900,59.978247
2.623000,59.981502
2.623100,59.983071
2.623200,59.987848
2.623300,59.989905
2.623400,59.988595
2.623500,59.994039
2.623600,59.998051
2.623700,59.994218
2.623800,59.990330
2.623900,59.985349
2.624000,59.977987
2.624100,59.986001
2.624200,59.989687
2.624300,59.983397
2.624400,59.993154
2.624500,59.995934
2.624600,60.006875
2.624700,60.003561
2.624800,60.005700
2.624900,60.005374
2.625000,60.000514
2.625100,60.001864
2.625200,59.991381
2.625300,59.981414
2.625400,59.993459
2.625500,59.995325
2.625600,59.987265
2.625700,59.997905
2.625800,60.006156
2.625900,59.994929
2.626000,60.002615
2.626100,60.011198
2.626200,60.006254
2.626300,60.006197
2.626400,60.011278
2.626500,60.010602
2.626600,60.011727
2.626700,60.007250
2.626800,60.005999
2.626900,60.005407
2.627000,60.006179
2.627100,60.004849
2.627200,60.004583
2.627300,60.004604
2.627400,60.004578
2.627500,60.004779
2.627600,60.004468
2.627700,60.004407
2.627800,60.005322
2.627900,60.006716
2.628000,60.005380
2.628100,60.006129
2.628200,60.006590
2.628300,60.004590
2.628400,60.006796
2.628500,60.007446
2.628600,60.006070
2.628700,60.003627
2.628800,60.000563
2.628900,60.000046
2.629000,59.998812
2.629100,60.000844
2.629200,60.000837
2.629300,60.002674
2.629400,60.001894
2.629500,60.005166
2.629600,60.001618
2.629700,60.001854
2.629800,60.002194
2.629900,60.004534
2.630000,60.004804
2.630100,60.007063
2.630200,60.007569
2.630300,60.005662
2.630400,60.001564
2.630500,59.998335
2.630600,60.000070
2.630700,59.996942
2.630800,59.993788
2.630900,59.997552
2.631000,59.999301
2.631100,59.999478
2.631200,59.998037
2.631300,60.003567
2.631400,60.007643
2.631500,60.011980
2.631600,60.014397
2.631700,60.011160
2.631800,60.017752
2.631900,60.013578
2.632000,60.014091
2.632100,60.011411
2.632200,60.009901
2.632300,60.001090
2.632400,60.005358
2.632500,60.012197
2.632600,60.008783
2.632700,60.006587
2.632800,60.006615
2.632900,60.015971
2.633000,60.010221
2.633100,60.021588
2.633200,60.011384
2.633300,60.018766
2.633400,60.021944
2.633500,60.033057
2.633600,60.017909
2.633700,60.021839
2.633800,60.026348
2.633900,60.028717
2.634000,60.019883
2.634100,60.018357
2.634200,60.013596
2.634300,60.006697
2.634400,60.005793
2.634500,60.009479
2.634600,60.012031
2.634700,60.018048
2.634800,60.023937
2.634900,60.022802
2.635000,60.024281
2.635100,60.020589
2.635200,60.020018
2.635300,60.021635
2.635400,60.022987
2.635500,60.022752
2.635600,60.022634
2.635700,60.022709
2.635800,60.022430
2.635900,60.023228
2.636000,60.023072
2.636100,60.023439
2.636200,60.025214
2.636300,60.027585
2.636400,60.025688
2.636500,60.028325
2.636600,60.029104
2.636700,60.029573
2.636800,60.028828
2.636900,60.027369
2.637000,60.027462
2.637100,60.027052
2.637200,60.027424
2.637300,60.028430
2.637400,60.029372
2.637500,60.026935
2.637600,60.026169
2.637700,60.029259
2.637800,60.026423
2.637900,60.026446
2.638000,60.022951
2.638100,60.020269
2.638200,60.018607
2.638300,60.015871
2.638400,60.015417
2.638500,60.012736
2.638600,60.011634
2.638700,60.012543
2.638800,60.011448
2.638900,60.010957
2.639000,60.006807
2.639100,60.008960
2.639200,60.010225
2.639300,60.010436
2.639400,60.015244
2.639500,60.018408
2.639600,60.016002
2.639700,60.011637
2.639800,60.016829
2.639900,60.012419
2.640000,60.009580
2.640100,60.012465
2.640200,60.013330
2.640300,60.015327
2.640400,60.009981
2.640500,60.005308
2.640600,60.001720
2.640700,60.001121
2.640800,59.993212
2.640900,59.988096
2.641000,59.989630
2.641100,59.993409
2.641200,59.986034
2.641300,59.978288
2.641400,59.973443
2.641500,59.980318
2.641600,59.983956
2.641700,59.986530
2.641800,59.985736
2.641900,59.993366
2.642000,59.981093
2.642100,59.993993
2.642200,60.000068
2.642300,59.986913
2.642400,59.996002
2.642500,60.001221
2.642600,59.989140
2.642700,59.978364
2.642800,59.983524
2.642900,59.986199
2.643000,59.979987
2.643100,59.973265
2.643200,59.973551
2.643300,59.975005
2.643400,59.974882
2.643500,59.977440
2.643600,59.977362
2.643700,59.976356
2.643800,59.975728
2.643900,59.975709
2.644000,59.975634
2.644100,59.975979
2.644200,59.975964
2.644300,59.976085
2.644400,59.975762
2.644500,59.975277
2.644600,59.975046
2.644700,59.977223
2.644800,59.974584
2.644900,59.973756
2.645000,59.974373
2.645100,59.972246
2.645200,59.974613
2.645300,59.971496
2.645400,59.968875
2.645500,59.970964
2.645600,59.972200
2.645700,59.974107
2.645800,59.973704
2.645900,59.975006
2.646000,59.973770
2.646100,59.971447
2.646200,59.972632
2.646300,59.969826
2.646400,59.968772
2.646500,59.972489
2.646600,59.972684
2.646700,59.975498
2.646800,59.977906
2.646900,59.976815
2.647000,59.972856
2.647100,59.976831
2.647200,59.973631
2.647300,59.975782
2.647400,59.978258
2.647500,59.978821
2.647600,59.981532
2.647700,59.983109
2.647800,59.986947
2.647900,59.984683
2.648000,59.985046
2.648100,59.981859
2.648200,59.979453
2.648300,59.974599
2.648400,59.977829
2.648500,59.977096
2.648600,59.976135
2.648700,59.973759
2.648800,59.977599
2.648900,59.980237
2.649000,59.975914
2.649100,59.984242
2.649200,59.975616
2.649300,59.968758
2.649400,59.965287
2.649500,59.958678
2.649600,59.966560
2.649700,59.956575
2.649800,59.959223
2.649900,59.968179
2.650000,59.960756
2.650100,59.967962
2.650200,59.957366
2.650300,59.967682
2.650400,59.977328
2.650500,59.970303
2.650600,59.961579
2.650700,59.949940
2.650800,59.951813
2.650900,59.963721
2.651000,59.961181
2.651100,59.956869
2.651200,59.953605
2.651300,59.958817
2.651400,59.953287
2.651500,59.952110
2.651600,59.954333
2.651700,59.957528
2.651800,59.957915
2.651900,59.958722
2.652000,59.957477
2.652100,59.957055
2.652200,59.957693
2.652300,59.957948
2.652400,59.957966
2.652500,59.957745
2.652600,59.958258
2.652700,59.959100
2.652800,59.958112
2.652900,59.957874
2.653000,59.957523
2.653100,59.956011
2.653200,59.956686
2.653300,59.958011
2.653400,59.956392
2.653500,59.958020
2.653600,59.960387
2.653700,59.963145
2.653800,59.962280
2.653900,59.961434
2.654000,59.961948
2.654100,59.965369
2.654200,59.962852
2.654300,59.959827
2.654400,59.960140
2.654500,59.958029
2.654600,59.959187
2.654700,59.955284
2.654800,59.953751
2.654900,59.953158
2.655000,59.950072
2.655100,59.953125
2.655200,59.955010
2.655300,59.956660
2.655400,59.958164
2.655500,59.960232
2.655600,59.957638
2.655700,59.961674
2.655800,59.964961
2.655900,59.966736
2.656000,59.962310
2.656100,59.961038
2.656200,59.963700
2.656300,59.958322
2.656400,59.962729
2.656500,59.963236
2.656600,59.963776
2.656700,59.966519
2.656800,59.971135
2.656900,59.966002
2.657000,59.966723
2.657100,59.971023
2.657200,59.968908
2.657300,59.969596
2.657400,59.964904
2.657500,59.955639
2.657600,59.962607
2.657700,59.959272
2.657800,59.969872
2.657900,59.972651
2.658000,59.969918
2.658100,59.970217
2.658200,59.961681
2.658300,59.972116
2.658400,59.962984
2.658500,59.953171
2.658600,59.966122
2.658700,59.977205
2.658800,59.987783
2.658900,59.994067
2.659000,59.998647
2.659100,60.003728
2.659200,60.008834
2.659300,59.998101
2.659400,60.006276
2.659500,60.008170
2.659600,60.005122
2.659700,60.009236
2.659800,60.003452
2.659900,60.000915
2.660000,59.996731
2.660100,59.998068
2.660200,59.999509
2.660300,59.997321
2.660400,59.998658
2.660500,59.998832
2.660600,59.998958
2.660700,59.998887
2.660800,59.999421
2.660900,60.000125
2.661000,59.999694
2.661100,60.000539
2.661200,60.001989
2.661300,60.003359
2.661400,60.005531
2.661500,60.005161
2.661600,60.004658
2.661700,60.001554
2.661800,59.999315
2.661900,59.999045
2.662000,59.995964
2.662100,59.994119
2.662200,59.995111
2.662300,59.995487
2.662400,59.997848
2.662500,59.997227
2.662600,60.000742
2.662700,60.001564
2.662800,60.003919
2.662900,60.000520
2.663000,60.002928
2.663100,60.002564
2.663200,60.002623
2.663300,60.004130
2.663400,60.003903
2.663500,60.004804
2.663600,60.004669
2.663700,60.002232
2.663800,60.004881
2.663900,60.001143
2.664000,60.003105
2.664100,60.005830
2.664200,60.010472
2.664300,60.010496
2.664400,60.010141
2.664500,60.008576
2.664600,60.005903
2.664700,60.002380
2.664800,60.000431
2.664900,60.005167
2.665000,60.004187
2.665100,60.009246
2.665200,60.008815
2.665300,60.002710
2.665400,59.996902
2.665500,60.000271
2.665600,59.994541
2.665700,60.002970
2.665800,59.995316
2.665900,59.994437
2.666000,60.000833
2.666100,60.000458
2.666200,59.991345
2.666300,59.997390
2.666400,60.003593
2.666500,60.003105
2.666600,60.002224
2.666700,60.009320
2.666800,60.011315
2.666900,60.025109
2.667000,60.037803
2.667100,60.032480
2.667200,60.027190
2.667300,60.030092
2.667400,60.040034
2.667500,60.041376
2.667600,60.042915
2.667700,60.053486
2.667800,60.062402
2.667900,60.060752
2.668000,60.066395
2.668100,60.071517
2.668200,60.070913
2.668300,60.066250
2.668400,60.063188
2.668500,60.064517
2.668600,60.063983
2.668700,60.064112
2.668800,60.064510
2.668900,60.064555
2.669000,60.064799
2.669100,60.064285
2.669200,60.063676
2.669300,60.064904
2.669400,60.065791
2.669500,60.068282
2.669600,60.068684
2.669700,60.071164
2.669800,60.073351
2.669900,60.075107
2.670000,60.071939
2.670100,60.074737
2.670200,60.073116
2.670300,60.072827
2.670400,60.073050
2.670500,60.071386
2.670600,60.069467
2.670700,60.069127
2.670800,60.068267
2.670900,60.067133
2.671000,60.070440
2.671100,60.071224
2.671200,60.073421
2.671300,60.069996
2.671400,60.067569
2.671500,60.064852
2.671600,60.063406
2.671700,60.064221
2.671800,60.067579
2.671900,60.069086
2.672000,60.069271
2.672100,60.072647
2.672200,60.071092
2.672300,60.068308
2.672400,60.072126
2.672500,60.076672
2.672600,60.077685
2.672700,60.077301
2.672800,60.077751
2.672900,60.073164
2.673000,60.071353
2.673100,60.065809
2.673200,60.065849
2.673300,60.070804
2.673400,60.068771
2.673500,60.062864
2.673600,60.068541
2.673700,60.072853
2.673800,60.072068
2.673900,60.075006
2.674000,60.081202
2.674100,60.082002
2.674200,60.074808
2.674300,60.067182
2.674400,60.070562
2.674500,60.075580
2.674600,60.087435
2.674700,60.082918
2.674800,60.075544
2.674900,60.073500
2.675000,60.071010
2.675100,60.075133
2.675200,60.088055
2.675300,60.073668
2.675400,60.080784
2.675500,60.084523
2.675600,60.078221
2.675700,60.072872
2.675800,60.080605
2.675900,60.084377
2.676000,60.094501
2.676100,60.089602
2.676200,60.092450
2.676300,60.088997
2.676400,60.082929
2.676500,60.079165
2.676600,60.078150
2.676700,60.077300
2.676800,60.076217
2.676900,60.076587
2.677000,60.075460
2.677100,60.075889
2.677200,60.076151
2.677300,60.076083
2.677400,60.076140
2.677500,60.075286
2.677600,60.075015
2.677700,60.076076
2.677800,60.076636
2.677900,60.077517
2.678000,60.077124
2.678100,60.076073
2.678200,60.073493
2.678300,60.075828
2.678400,60.077456
2.678500,60.078515
2.678600,60.075518
2.678700,60.073706
2.678800,60.075510
2.678900,60.077518
2.679000,60.076364
2.679100,60.077015
2.679200,60.078930
2.679300,60.078167
2.679400,60.076698
2.679500,60.075480
2.679600,60.079074
2.679700,60.077367
2.679800,60.075608
2.679900,60.078652
2.680000,60.078623
2.680100,60.079508
2.680200,60.079524
2.680300,60.083558
2.680400,60.083719
2.680500,60.082799
2.680600,60.080718
2.680700,60.080405
2.680800,60.078119
2.680900,60.074644
2.681000,60.072092
2.681100,60.072669
2.681200,60.074341
2.681300,60.070689
2.681400,60.065838
2.681500,60.065167
2.681600,60.067989
2.681700,60.069884
2.681800,60.062968
2.681900,60.063977
2.682000,60.058267
2.682100,60.066725
2.682200,60.072842
2.682300,60.078577
2.682400,60.073424
2.682500,60.077099
2.682600,60.087176
2.682700,60.076621
2.682800,60.065420
2.682900,60.077241
2.683000,60.083225
2.683100,60.076895
2.683200,60.077909
2.683300,60.078036
2.683400,60.069336
2.683500,60.058599
2.683600,60.055255
2.683700,60.052213
2.683800,60.066020
2.683900,60.063307
2.684000,60.055955
2.684100,60.067524
2.684200,60.064549
2.684300,60.073529
2.684400,60.070781
2.684500,60.068191
2.684600,60.072513
2.684700,60.067033
2.684800,60.067665
2.684900,60.062670
2.685000,60.062149
2.685100,60.064034
2.685200,60.064201
2.685300,60.062311
2.685400,60.062365
2.685500,60.062029
2.685600,60.061945
2.685700,60.061846
2.685800,60.062329
2.685900,60.061879
2.686000,60.060566
2.686100,60.059603
2.686200,60.059884
2.686300,60.060065
2.686400,60.057829
2.686500,60.057385
2.686600,60.059361
2.686700,60.060715
2.686800,60.058315
2.686900,60.058935
2.687000,60.059742
2.687100,60.060651
2.687200,60.058624
2.687300,60.057970
2.687400,60.057623
2.687500,60.059939
2.687600,60.060662
2.687700,60.062513
2.687800,60.064129
2.687900,60.065065
2.688000,60.062267
2.688100,60.061462
2.688200,60.061071
2.688300,60.064116
2.688400,60.061232
2.688500,60.057517
2.688600,60.060358
2.688700,60.059535
2.688800,60.059020
2.688900,60.063385
2.689000,60.065439
2.689100,60.062328
2.689200,60.057946
2.689300,60.058000
2.689400,60.055891
2.689500,60.053703
2.689600,60.059108
2.689700,60.059922
2.689800,60.057469
2.689900,60.057617
2.690000,60.062085
2.690100,60.064394
2.690200,60.063826
2.690300,60.060247
2.690400,60.058927
2.690500,60.063152
2.690600,60.065339
2.690700,60.058468
2.690800,60.056260
2.690900,60.061382
2.691000,60.064974
2.691100,60.063834
2.691200,60.054024
2.691300,60.043576
2.691400,60.049620
2.691500,60.055047
2.691600,60.065703
2.691700,60.069466
2.691800,60.067212
2.691900,60.077950
2.692000,60.091170
2.692100,60.094814
2.692200,60.088286
2.692300,60.086171
2.692400,60.079090
2.692500,60.070687
2.692600,60.071928
2.692700,60.062021
2.692800,60.063938
2.692900,60.055269
2.693000,60.052136
2.693100,60.048540
2.693200,60.047413
2.693300,60.049313
2.693400,60.048655
2.693500,60.049757
2.693600,60.050460
2.693700,60.049996
2.693800,60.050490
2.693900,60.050485
2.694000,60.050580
2.694100,60.050239
2.694200,60.050010
2.694300,60.049357
2.694400,60.048890
2.694500,60.048109
2.694600,60.050082
2.694700,60.050973
2.694800,60.050372
2.694900,60.049232
2.695000,60.048535
2.695100,60.048320
2.695200,60.049181
2.695300,60.047103
2.695400,60.044579
2.695500,60.043374
2.695600,60.045636
2.695700,60.045043
2.695800,60.043907
2.695900,60.047278
2.696000,60.044633
2.696100,60.044526
2.696200,60.044113
2.696300,60.041427
2.696400,60.042601
2.696500,60.039249
2.696600,60.037400
2.696700,60.039466
2.696800,60.038609
2.696900,60.036783
2.697000,60.033329
2.697100,60.032092
2.697200,60.032478
2.697300,60.036157
2.697400,60.035913
2.697500,60.032134
2.697600,60.035906
2.697700,60.038862
2.697800,60.035330
2.697900,60.038740
2.698000,60.041952
2.698100,60.040720
2.698200,60.044517
2.698300,60.045951
2.698400,60.043490
2.698500,60.047526
2.698600,60.052229
2.698700,60.055869
2.698800,60.054942
2.698900,60.046981
2.699000,60.047053
2.699100,60.055050
2.699200,60.046263
2.699300,60.046124
2.699400,60.052019
2.699500,60.043148
2.699600,60.043639
2.699700,60.033090
2.699800,60.021865
2.699900,60.030213
2.700000,60.017409
2.700100,60.028892
2.700200,60.033978
2.700300,60.018364
2.700400,60.009269
2.700500,60.004635
2.700600,60.012357
2.700700,60.022956
2.700800,60.016977
2.700900,60.028252
2.701000,60.023114
2.701100,60.031321
2.701200,60.036562
2.701300,60.031246
2.701400,60.030190
2.701500,60.035769
2.701600,60.039620
2.701700,60.036133
2.701800,60.033968
2.701900,60.032680
2.702000,60.031824
2.702100,60.031951
2.702200,60.031966
2.702300,60.032523
2.702400,60.032369
2.702500,60.032401
2.702600,60.033745
2.702700,60.031781
2.702800,60.033982
2.702900,60.036189
2.703000,60.036007
2.703100,60.035017
2.703200,60.036016
2.703300,60.033522
2.703400,60.032472
2.703500,60.030250
2.703600,60.030962
2.703700,60.030320
2.703800,60.027693
2.703900,60.025930
2.704000,60.026868
2.704100,60.028278
2.704200,60.026998
2.704300,60.025506
2.704400,60.023196
2.704500,60.024025
2.704600,60.025437
2.704700,60.026343
2.704800,60.026691
2.704900,60.029187
2.705000,60.030212
2.705100,60.033703
2.705200,60.036477
2.705300,60.033760
2.705400,60.033070
2.705500,60.029851
2.705600,60.034163
2.705700,60.030874
2.705800,60.028311
2.705900,60.030069
2.706000,60.029394
2.706100,60.026342
2.706200,60.022256
2.706300,60.019825
2.706400,60.013995
2.706500,60.010010
2.706600,60.011201
2.706700,60.016786
2.706800,60.016647
2.706900,60.023543
2.707000,60.019322
2.707100,60.023374
2.707200,60.015505
2.707300,60.023305
2.707400,60.015467
2.707500,60.009885
2.707600,60.003815
2.707700,59.992863
2.707800,59.990761
2.707900,59.981951
2.708000,59.984362
2.708100,59.978037
2.708200,59.973284
2.708300,59.984705
2.708400,59.981454
2.708500,59.982806
2.708600,59.974247
2.708700,59.966258
2.708800,59.971467
2.708900,59.980422
2.709000,59.970381
2.709100,59.961866
2.709200,59.964910
2.709300,59.970173
2.709400,59.973641
2.709500,59.969565
2.709600,59.970305
2.709700,59.972905
2.709800,59.975268
2.709900,59.973007
2.710000,59.970762
2.710100,59.972893
2.710200,59.972883
2.710300,59.973810
2.710400,59.974624
2.710500,59.974887
2.710600,59.974843
2.710700,59.974847
2.710800,59.975314
2.710900,59.974817
2.711000,59.975491
2.711100,59.976144
2.711200,59.977823
2.711300,59.977472
2.711400,59.979617
2.711500,59.979703
2.711600,59.980239
2.711700,59.980436
2.711800,59.982701
2.711900,59.983788
2.712000,59.983162
2.712100,59.981057
2.712200,59.980406
2.712300,59.980270
2.712400,59.980256
2.712500,59.977177
2.712600,59.978730
2.712700,59.981245
2.712800,59.981164
2.712900,59.980846
2.713000,59.979837
2.713100,59.981694
2.713200,59.979872
2.713300,59.979647
2.713400,59.978318
2.713500,59.980431
2.713600,59.980779
2.713700,59.983874
2.713800,59.980199
2.713900,59.977389
2.714000,59.974337
2.714100,59.970533
2.714200,59.968365
2.714300,59.971638
2.714400,59.972674
2.714500,59.973803
2.714600,59.972617
2.714700,59.971013
2.714800,59.970917
2.714900,59.970116
2.715000,59.966453
2.715100,59.972878
2.715200,59.968509
2.715300,59.963658
2.715400,59.963213
2.715500,59.965636
2.715600,59.958798
2.715700,59.953797
2.715800,59.948785
2.715900,59.941320
2.716000,59.938610
2.716100,59.936689
2.716200,59.935906
2.716300,59.940130
2.716400,59.931754
2.716500,59.919461
2.716600,59.926091
2.716700,59.919036
2.716800,59.910673
2.716900,59.924321
2.717000,59.938293
2.717100,59.944816
2.717200,59.937147
2.717300,59.927771
2.717400,59.920298
2.717500,59.929831
2.717600,59.941469
2.717700,59.935300
2.717800,59.934732
2.717900,59.940205
2.718000,59.933574
2.718100,59.940274
2.718200,59.936294
2.718300,59.936002
2.718400,59.934706
2.718500,59.932501
2.718600,59.931070
2.718700,59.931728
2.718800,59.931614
2.718900,59.930956
2.719000,59.930861
2.719100,59.930733
2.719200,59.930049
2.719300,59.929963
2.719400,59.930067
2.719500,59.931152
2.719600,59.931664
2.719700,59.932011
2.719800,59.931421
2.719900,59.933513
2.720000,59.932364
2.720100,59.930175
2.720200,59.930256
2.720300,59.930245
2.720400,59.927261
2.720500,59.927339
2.720600,59.927968
2.720700,59.929875
2.720800,59.929949
2.720900,59.932449
2.721000,59.933753
2.721100,59.935979
2.721200,59.938623
2.721300,59.935195
2.721400,59.936615
2.721500,59.936908
2.721600,59.935653
2.721700,59.933307
2.721800,59.931279
2.721900,59.930973
2.722000,59.934390
2.722100,59.937271
2.722200,59.937345
2.722300,59.936949
2.722400,59.937809
2.722500,59.933510
2.722600,59.936478
2.722700,59.934289
2.722800,59.938609
2.722900,59.935928
2.723000,59.933826
2.723100,59.932006
2.723200,59.937492
2.723300,59.934696
2.723400,59.940546
2.723500,59.941639
2.723600,59.937703
2.723700,59.936269
2.723800,59.934342
2.723900,59.932144
2.724000,59.927810
2.724100,59.922738
2.724200,59.920187
2.724300,59.923295
2.724400,59.928820
2.724500,59.935757
2.724600,59.926417
2.724700,59.917466
2.724800,59.929249
2.724900,59.930961
2.725000,59.917634
2.725100,59.905967
2.725200,59.915296
2.725300,59.903766
2.725400,59.916938
2.725500,59.930033
2.725600,59.939234
2.725700,59.933307
2.725800,59.945132
2.725900,59.951437
2.726000,59.940849
2.726100,59.932527
2.726200,59.938198
2.726300,59.939506
2.726400,59.932155
2.726500,59.930280
2.726600,59.935502
2.726700,59.939658
2.726800,59.936428
2.726900,59.934748
2.727000,59.936373
2.727100,59.935238
2.727200,59.934512
2.727300,59.934631
2.727400,59.934659
2.727500,59.934127
2.727600,59.934492
2.727700,59.933649
2.727800,59.934186
2.727900,59.933732
2.728000,59.935120
2.728100,59.934681
2.728200,59.933348
2.728300,59.932645
2.728400,59.931734
2.728500,59.933085
2.728600,59.930654
2.728700,59.933398
2.728800,59.933471
2.728900,59.932883
2.729000,59.935967
2.729100,59.936022
2.729200,59.936268
2.729300,59.934988
2.729400,59.933384
2.729500,59.936842
2.729600,59.937566
2.729700,59.936304
2.729800,59.938912
2.729900,59.938300
2.730000,59.937976
2.730100,59.939564
2.730200,59.937254
2.730300,59.933810
2.730400,59.930871
2.730500,59.926802
2.730600,59.929590
2.730700,59.925788
2.730800,59.927789
2.730900,59.926002
2.731000,59.930632
2.731100,59.929134
2.731200,59.930248
2.731300,59.929505
2.731400,59.931688
2.731500,59.930663
2.731600,59.935262
2.731700,59.931551
2.731800,59.930799
2.731900,59.925074
2.732000,59.930954
2.732100,59.933188
2.732200,59.937246
2.732300,59.938371
2.732400,59.939863
2.732500,59.933320
2.732600,59.924107
2.732700,59.932481
2.732800,59.933898
2.732900,59.941545
2.733000,59.947931
2.733100,59.938564
2.733200,59.937752
2.733300,59.945312
2.733400,59.956242
2.733500,59.964375
2.733600,59.968371
2.733700,59.979813
2.733800,59.985851
2.733900,59.973842
2.734000,59.969133
2.734100,59.969566
2.734200,59.972784
2.734300,59.976902
2.734400,59.973941
2.734500,59.973234
2.734600,59.966271
2.734700,59.966108
2.734800,59.964568
2.734900,59.968859
2.735000,59.966309
2.735100,59.966781
2.735200,59.969479
2.735300,59.970698
2.735400,59.972324
2.735500,59.972421
2.735600,59.972655
2.735700,59.972461
2.735800,59.972380
2.735900,59.973219
2.736000,59.974175
2.736100,59.974130
2.736200,59.972395
2.736300,59.972008
2.736400,59.970558
2.736500,59.971260
2.736600,59.970002
2.736700,59.970334
2.736800,59.971335
2.736900,59.973487
2.737000,59.973528
2.737100,59.972973
2.737200,59.971024
2.737300,59.972008
2.737400,59.973668
2.737500,59.975389
2.737600,59.977375
2.737700,59.978660
2.737800,59.978569
2.737900,59.979135
2.738000,59.978078
2.738100,59.977396
2.738200,59.979715
2.738300,59.976755
2.738400,59.977539
2.738500,59.975872
2.738600,59.973279
2.738700,59.973159
2.738800,59.969168
2.738900,59.966934
2.739000,59.970404
2.739100,59.971373
2.739200,59.967569
2.739300,59.968404
2.739400,59.965978
2.739500,59.970981
2.739600,59.971480
2.739700,59.974589
2.739800,59.974708
2.739900,59.977838
2.740000,59.975537
2.740100,59.977739
2.740200,59.984391
2.740300,59.982459
2.740400,59.979603
2.740500,59.977091
2.740600,59.968280
2.740700,59.967602
2.740800,59.963503
2.740900,59.959673
2.741000,59.958418
2.741100,59.953404
2.741200,59.959277
2.741300,59.966443
2.741400,59.968119
2.741500,59.955131
2.741600,59.947072
2.741700,59.954044
2.741800,59.949857
2.741900,59.956584
2.742000,59.963670
2.742100,59.957896
2.742200,59.965483
2.742300,59.967591
2.742400,59.977445
2.742500,59.967583
2.742600,59.959720
2.742700,59.955082
2.742800,59.961441
2.742900,59.967691
2.743000,59.970223
2.743100,59.974456
2.743200,59.968279
2.743300,59.965984
2.743400,59.963523
2.743500,59.962897
2.743600,59.964369
2.743700,59.965735
2.743800,59.965174
2.743900,59.964837
2.744000,59.965070
2.744100,59.965407
2.744200,59.965369
2.744300,59.964438
2.744400,59.963768
2.744500,59.963413
2.744600,59.965274
2.744700,59.967066
2.744800,59.968630
2.744900,59.967327
2.745000,59.967818
2.745100,59.970596
2.745200,59.968429
2.745300,59.969460
2.745400,59.969655
2.745500,59.968757
2.745600,59.966259
2.745700,59.966217
2.745800,59.963332
2.745900,59.964167
2.746000,59.964998
2.746100,59.967824
2.746200,59.968116
2.746300,59.968435
2.746400,59.970294
2.746500,59.968802
2.746600,59.967564
2.746700,59.967428
2.746800,59.967216
2.746900,59.969254
2.747000,59.971057
2.747100,59.967714
2.747200,59.968349
2.747300,59.972198
2.747400,59.969762
2.747500,59.973790
2.747600,59.977612
2.747700,59.975490
2.747800,59.972009
2.747900,59.969918
2.748000,59.965178
2.748100,59.968152
2.748200,59.972903
2.748300,59.968935
2.748400,59.971085
2.748500,59.975251
2.748600,59.970759
2.748700,59.966181
2.748800,59.967189
2.748900,59.964890
2.749000,59.957874
2.749100,59.953767
2.749200,59.954693
2.749300,59.950737
2.749400,59.956101
2.749500,59.965658
2.749600,59.954677
2.749700,59.942865
2.749800,59.950022
2.749900,59.947066
2.750000,59.957686
2.750100,59.967619
2.750200,59.973149
2.750300,59.960012
2.750400,59.947210
2.750500,59.951794
2.750600,59.960149
2.750700,59.949263
2.750800,59.959492
2.750900,59.947541
2.751000,59.948413
2.751100,59.942282
2.751200,59.946099
2.751300,59.953339
2.751400,59.951871
2.751500,59.953031
2.751600,59.949560
2.751700,59.948811
2.751800,59.946744
2.751900,59.946995
2.752000,59.948209
2.752100,59.949038
2.752200,59.948910
2.752300,59.949019
2.752400,59.949076
2.752500,59.949348
2.752600,59.949389
2.752700,59.947998
2.752800,59.949285
2.752900,59.947371
2.753000,59.949482
2.753100,59.950320
2.753200,59.948053
2.753300,59.950056
2.753400,59.947393
2.753500,59.949133
2.753600,59.949525
2.753700,59.948863
2.753800,59.946322
2.753900,59.946978
2.754000,59.948052
2.754100,59.945169
2.754200,59.941937
2.754300,59.941689
2.754400,59.941893
2.754500,59.941562
2.754600,59.941025
2.754700,59.941705
2.754800,59.940158
2.754900,59.940144
2.755000,59.941461
2.755100,59.943482
2.755200,59.941793
2.755300,59.940739
2.755400,59.939526
2.755500,59.942344
2.755600,59.941311
2.755700,59.944877
2.755800,59.947895
2.755900,59.951724
2.756000,59.947879
2.756100,59.942797
2.756200,59.941637
2.756300,59.937393
2.756400,59.935907
2.756500,59.935906
2.756600,59.939210
2.756700,59.944555
2.756800,59.945730
2.756900,59.949284
2.757000,59.948487
2.757100,59.943758
2.757200,59.938431
2.757300,59.942678
2.757400,59.935261
2.757500,59.934718
2.757600,59.929701
2.757700,59.939606
2.757800,59.939765
2.757900,59.940473
2.758000,59.951061
2.758100,59.960854
2.758200,59.970846
2.758300,59.973836
2.758400,59.987087
2.758500,59.987108
2.758600,59.974413
2.758700,59.965514
2.758800,59.960205
2.758900,59.974087
2.759000,59.971361
2.759100,59.982361
2.759200,59.987915
2.759300,59.992209
2.759400,60.001751
2.759500,59.994750
2.759600,59.996559
2.759700,59.999270
2.759800,59.997037
2.759900,60.001157
2.760000,60.000097
2.760100,59.998883
2.760200,59.996144
2.760300,59.998049
2.760400,59.997974
2.760500,59.997388
2.760600,59.997442
2.760700,59.997743
2.760800,59.997611
2.760900,59.997657
2.761000,59.996634
2.761100,59.995385
2.761200,59.997458
2.761300,59.999840
2.761400,59.997192
2.761500,59.998733
2.761600,59.996242
2.761700,59.998610
2.761800,59.997975
2.761900,59.994822
2.762000,59.995129
2.762100,59.997217
2.762200,59.998120
2.762300,59.999741
2.762400,60.001770
2.762500,59.999500
2.762600,59.998778
2.762700,59.997227
2.762800,59.995342
2.762900,59.995551
2.763000,59.993861
2.763100,59.990871
2.763200,59.994251
2.763300,59.995835
2.763400,59.998651
2.763500,59.999376
2.763600,60.002753
2.763700,60.001897
2.763800,60.000740
2.763900,60.003579
2.764000,60.001575
2.764100,60.004820
2.764200,60.007861
2.764300,60.006751
2.764400,60.007740
2.764500,60.010145
2.764600,60.007808
2.764700,60.009426
2.764800,60.014751
2.764900,60.008874
2.765000,60.004367
2.765100,59.999210
2.765200,60.000817
2.765300,59.994895
2.765400,59.999038
2.765500,59.999542
2.765600,60.004041
2.765700,59.996300
2.765800,59.999542
2.765900,59.996111
2.766000,59.994109
2.766100,59.985584
2.766200,59.982420
2.766300,59.986360
2.766400,59.980709
2.766500,59.975673
2.766600,59.980391
2.766700,59.988090
2.766800,59.990345
2.766900,59.997455
2.767000,60.001142
2.767100,59.990918
2.767200,59.984955
2.767300,59.980145
2.767400,59.979049
2.767500,59.970694
2.767600,59.970031
2.767700,59.972610
2.767800,59.979311
2.767900,59.976224
2.768000,59.977806
2.768100,59.981270
2.768200,59.982454
2.768300,59.977636
2.768400,59.980523
2.768500,59.979203
2.768600,59.980525
2.768700,59.981272
2.768800,59.982193
2.768900,59.981779
2.769000,59.981773
2.769100,59.981464
2.769200,59.981409
2.769300,59.981300
2.769400,59.982903
2.769500,59.982372
2.769600,59.980965
2.769700,59.983327
2.769800,59.985661
2.769900,59.982971
2.770000,59.980150
2.770100,59.977816
2.770200,59.977735
2.770300,59.977573
2.770400,59.978223
2.770500,59.977369
2.770600,59.980365
2.770700,59.982514
2.770800,59.985952
2.770900,59.987481
2.771000,59.990076
2.771100,59.991202
2.771200,59.987894
2.771300,59.985370
2.771400,59.988112
2.771500,59.985611
2.771600,59.982192
2.771700,59.985204
2.771800,59.983343
2.771900,59.980248
2.772000,59.982516
2.772100,59.980125
2.772200,59.980427
2.772300,59.981161
2.772400,59.980549
2.772500,59.983755
2.772600,59.981862
2.772700,59.983474
2.772800,59.985528
2.772900,59.986339
2.773000,59.984359
2.773100,59.987319
2.773200,59.983547
2.773300,59.988048
2.773400,59.984049
2.773500,59.987564
2.773600,59.986033
2.773700,59.978716
2.773800,59.976861
2.773900,59.977227
2.774000,59.980514
2.774100,59.987516
2.774200,59.994104
2.774300,59.984756
2.774400,59.982394
2.774500,59.978747
2.774600,59.977206
2.774700,59.983010
2.774800,59.994828
2.774900,59.992810
2.775000,59.983992
2.775100,59.981657
2.775200,59.972226
2.775300,59.981801
2.775400,59.975708
2.775500,59.977376
2.775600,59.971257
2.775700,59.958349
2.775800,59.965503
2.775900,59.972841
2.776000,59.971876
2.776100,59.975549
2.776200,59.976465
2.776300,59.981431
2.776400,59.980013
2.776500,59.982926
2.776600,59.980937
2.776700,59.981168
2.776800,59.980753
2.776900,59.980320
2.777000,59.979440
2.777100,59.979891
2.777200,59.979286
2.777300,59.979245
2.777400,59.978824
2.777500,59.978909
2.777600,59.980009
2.777700,59.979204
2.777800,59.978597
2.777900,59.980713
2.778000,59.978953
2.778100,59.979278
2.778200,59.978512
2.778300,59.976270
2.778400,59.979068
2.778500,59.977477
2.778600,59.979068
2.778700,59.979021
2.778800,59.978292
2.778900,59.980371
2.779000,59.981459
2.779100,59.978660
2.779200,59.978469
2.779300,59.975992
2.779400,59.975268
2.779500,59.975237
2.779600,59.974186
2.779700,59.977914
2.779800,59.975547
2.779900,59.973206
2.780000,59.976963
2.780100,59.975351
2.780200,59.972491
2.780300,59.972144
2.780400,59.972294
2.780500,59.974530
2.780600,59.978017
2.780700,59.976390
2.780800,59.977575
2.780900,59.982047
2.781000,59.980779
2.781100,59.978569
2.781200,59.973489
2.781300,59.975569
2.781400,59.980351
2.781500,59.984696
2.781600,59.983548
2.781700,59.982990
2.781800,59.977159
2.781900,59.981430
2.782000,59.980850
2.782100,59.988478
2.782200,59.991137
2.782300,59.995470
2.782400,59.986352
2.782500,59.978122
2.782600,59.978749
2.782700,59.971223
2.782800,59.982098
2.782900,59.982214
2.783000,59.987929
2.783100,59.983212
2.783200,59.991378
2.783300,59.990285
2.783400,59.987837
2.783500,59.973625
2.783600,59.974837
2.783700,59.963946
2.783800,59.956117
2.783900,59.969094
2.784000,59.967881
2.784100,59.959059
2.784200,59.955906
2.784300,59.956494
2.784400,59.961606
2.784500,59.971273
2.784600,59.965272
2.784700,59.962526
2.784800,59.961268
2.784900,59.958430
2.785000,59.955072
2.785100,59.957086
2.785200,59.955965
2.785300,59.955762
2.785400,59.956771
2.785500,59.956123
2.785600,59.956118
2.785700,59.956102
2.785800,59.955245
2.785900,59.955414
2.786000,59.953909
2.786100,59.953258
2.786200,59.952957
2.786300,59.952743
2.786400,59.950480
2.786500,59.948525
2.786600,59.946556
2.786700,59.944746
2.786800,59.947240
2.786900,59.948305
2.787000,59.949781
2.787100,59.950243
2.787200,59.951913
2.787300,59.954875
2.787400,59.957654
2.787500,59.959493
2.787600,59.957274
2.787700,59.959429
2.787800,59.959729
2.787900,59.960621
2.788000,59.957218
2.788100,59.953678
2.788200,59.950845
2.788300,59.952396
2.788400,59.956314
2.788500,59.959275
2.788600,59.955888
2.788700,59.954733
2.788800,59.955403
2.788900,59.959697
2.789000,59.963892
2.789100,59.965084
2.789200,59.962381
2.789300,59.960785
2.789400,59.961941
2.789500,59.961066
2.789600,59.960894
2.789700,59.958277
2.789800,59.954713
2.789900,59.948763
2.790000,59.944314
2.790100,59.942285
2.790200,59.942904
2.790300,59.947178
2.790400,59.943901
2.790500,59.946562
2.790600,59.949416
2.790700,59.958515
2.790800,59.959248
2.790900,59.953460
2.791000,59.952689
2.791100,59.954748
2.791200,59.964296
2.791300,59.975180
2.791400,59.975280
2.791500,59.974731
2.791600,59.969736
2.791700,59.972419
2.791800,59.972826
2.791900,59.973661
2.792000,59.959257
2.792100,59.967429
2.792200,59.966194
2.792300,59.958480
2.792400,59.954705
2.792500,59.967634
2.792600,59.975273
2.792700,59.970957
2.792800,59.971559
2.792900,59.979312
2.793000,59.973697
2.793100,59.970155
2.793200,59.968369
2.793300,59.969807
2.793400,59.967150
2.793500,59.964923
2.793600,59.966794
2.793700,59.966169
2.793800,59.965973
2.793900,59.966095
2.794000,59.965913
2.794100,59.965536
2.794200,59.965558
2.794300,59.965801
2.794400,59.965167
2.794500,59.965333
2.794600,59.966540
2.794700,59.964405
2.794800,59.963995
2.794900,59.961989
2.795000,59.961037
2.795100,59.962794
2.795200,59.964327
2.795300,59.963996
2.795400,59.966641
2.795500,59.965015
2.795600,59.964168
2.795700,59.966621
2.795800,59.969503
2.795900,59.969273
2.796000,59.969815
2.796100,59.973231
2.796200,59.973172
2.796300,59.976248
2.796400,59.974173
2.796500,59.974421
2.796600,59.975471
2.796700,59.973607
2.796800,59.974664
2.796900,59.972042
2.797000,59.972790
2.797100,59.969131
2.797200,59.964752
2.797300,59.967153
2.797400,59.970826
2.797500,59.971778
2.797600,59.969853
2.797700,59.974285
2.797800,59.976996
2.797900,59.977758
2.798000,59.974100
2.798100,59.972433
2.798200,59.977833
2.798300,59.978539
2.798400,59.983037
2.798500,59.988680
2.798600,59.989289
2.798700,59.985128
2.798800,59.980049
2.798900,59.984949
2.799000,59.980610
2.799100,59.988393
2.799200,59.980604
2.799300,59.973930
2.799400,59.976612
2.799500,59.973079
2.799600,59.971389
2.799700,59.967657
2.799800,59.964790
2.799900,59.965069
2.800000,59.970273
2.800100,59.972921
2.800200,59.986005
2.800300,59.994624
2.800400,59.990031
2.800500,59.992511
2.800600,59.998663
2.800700,59.989058
2.800800,59.986254
2.800900,59.995981
2.801000,59.998473
2.801100,60.006399
2.801200,60.000929
2.801300,59.993356
2.801400,59.987941
2.801500,59.983245
2.801600,59.984095
2.801700,59.988028
2.801800,59.990906
2.801900,59.987931
2.802000,59.987830
2.802100,59.988788
2.802200,59.989503
2.802300,59.989448
2.802400,59.989441
2.802500,59.989356
2.802600,59.989936
2.802700,59.990348
2.802800,59.989309
2.802900,59.987891
2.803000,59.988023
2.803100,59.989424
2.803200,59.988028
2.803300,59.986872
2.803400,59.986295
2.803500,59.986686
2.803600,59.987069
2.803700,59.987981
2.803800,59.987239
2.803900,59.984363
2.804000,59.985147
2.804100,59.985302
2.804200,59.986039
2.804300,59.985561
2.804400,59.984454
2.804500,59.984576
2.804600,59.987633
2.804700,59.987674
2.804800,59.985468
2.804900,59.983220
2.805000,59.981359
2.805100,59.983950
2.805200,59.983361
2.805300,59.980442
2.805400,59.983836
2.805500,59.984081
2.805600,59.986970
2.805700,59.990292
2.805800,59.990459
2.805900,59.986553
2.806000,59.982812
2.806100,59.983138
2.806200,59.984453
2.806300,59.985081
2.806400,59.981546
2.806500,59.984190
2.806600,59.983638
2.806700,59.977378
2.806800,59.979204
2.806900,59.986164
2.807000,59.987870
2.807100,59.991155
2.807200,59.990034
2.807300,59.987461
2.807400,59.982251
2.807500,59.981124
2.807600,59.970826
2.807700,59.963705
2.807800,59.962015
2.807900,59.973152
2.808000,59.983408
2.808100,59.993123
2.808200,60.004136
2.808300,60.011972
2.808400,60.016741
2.808500,60.022476
2.808600,60.028680
2.808700,60.036527
2.808800,60.032457
2.808900,60.018968
2.809000,60.033363
2.809100,60.038157
2.809200,60.046741
2.809300,60.042765
2.809400,60.043372
2.809500,60.037249
2.809600,60.039558
2.809700,60.037537
2.809800,60.032566
2.809900,60.030759
2.810000,60.031591
2.810100,60.030332
2.810200,60.032572
2.810300,60.034055
2.810400,60.034552
2.810500,60.034995
2.810600,60.035017
2.810700,60.035382
2.810800,60.034639
2.810900,60.035615
2.811000,60.037252
2.811100,60.038206
2.811200,60.040269
2.811300,60.039148
2.811400,60.039324
2.811500,60.042186
2.811600,60.039615
2.811700,60.041188
2.811800,60.041918
2.811900,60.044819
2.812000,60.044013
2.812100,60.043308
2.812200,60.044082
2.812300,60.043070
2.812400,60.040701
2.812500,60.043319
2.812600,60.041379
2.812700,60.043091
2.812800,60.044932
2.812900,60.041786
2.813000,60.043981
2.813100,60.040923
2.813200,60.043772
2.813300,60.045065
2.813400,60.045925
2.813500,60.048859
2.813600,60.045334
2.813700,60.042393
2.813800,60.041522
2.813900,60.045660
2.814000,60.046070
2.814100,60.047112
2.814200,60.044310
2.814300,60.042309
2.814400,60.039922
2.814500,60.038921
2.814600,60.043860
2.814700,60.038517
2.814800,60.044001
2.814900,60.047670
2.815000,60.052745
2.815100,60.053800
2.815200,60.050999
2.815300,60.045774
2.815400,60.045800
2.815500,60.039356
2.815600,60.041553
2.815700,60.040847
2.815800,60.048802
2.815900,60.043786
2.816000,60.044492
2.816100,60.037722
2.816200,60.045269
2.816300,60.046198
2.816400,60.035476
2.816500,60.039746
2.816600,60.032783
2.816700,60.037135
2.816800,60.036793
2.816900,60.025135
2.817000,60.037940
2.817100,60.045861
2.817200,60.035018
2.817300,60.032974
2.817400,60.022447
2.817500,60.022217
2.817600,60.031764
2.817700,60.030596
2.817800,60.037542
2.817900,60.031977
2.818000,60.025738
2.818100,60.032446
2.818200,60.027512
2.818300,60.028847
2.818400,60.031942
2.818500,60.029066
2.818600,60.030977
2.818700,60.029908
2.818800,60.029312
2.818900,60.029329
2.819000,60.029120
2.819100,60.028663
2.819200,60.028286
2.819300,60.028599
2.819400,60.027090
2.819500,60.027494
2.819600,60.026720
2.819700,60.027141
2.819800,60.028017
2.819900,60.026644
2.820000,60.028693
2.820100,60.030081
2.820200,60.028130
2.820300,60.030582
2.820400,60.033626
2.820500,60.033688
2.820600,60.033624
2.820700,60.034886
2.820800,60.035356
2.820900,60.032819
2.821000,60.032229
2.821100,60.035667
2.821200,60.038299
2.821300,60.038960
2.821400,60.036776
2.821500,60.035424
2.821600,60.033577
2.821700,60.035572
2.821800,60.037577
2.821900,60.038791
2.822000,60.035153
2.822100,60.033241
2.822200,60.029850
2.822300,60.031352
2.822400,60.034421
2.822500,60.038549
2.822600,60.042252
2.822700,60.044515
2.822800,60.040937
2.822900,60.038785
2.823000,60.041759
2.823100,60.038261
2.823200,60.037141
2.823300,60.043085
2.823400,60.040914
2.823500,60.039498
2.823600,60.039349
2.823700,60.033494
2.823800,60.035912
2.823900,60.039316
2.824000,60.034071
2.824100,60.036229
2.824200,60.037420
2.824300,60.038037
2.824400,60.030095
2.824500,60.039623
2.824600,60.033414
2.824700,60.026314
2.824800,60.027962
2.824900,60.039366
2.825000,60.038503
2.825100,60.041121
2.825200,60.041177
2.825300,60.028788
2.825400,60.018832
2.825500,60.030130
2.825600,60.030075
2.825700,60.040688
2.825800,60.049592
2.825900,60.049090
2.826000,60.049734
2.826100,60.051201
2.826200,60.042457
2.826300,60.034238
2.826400,60.034616
2.826500,60.032413
2.826600,60.031240
2.826700,60.029935
2.826800,60.031218
2.826900,60.029875
2.827000,60.031219
2.827100,60.030664
2.827200,60.031020
2.827300,60.031026
2.827400,60.031308
2.827500,60.032080
2.827600,60.033292
2.827700,60.032459
2.827800,60.031027
2.827900,60.029922
2.828000,60.027868
2.828100,60.028520
2.828200,60.030750
2.828300,60.031336
2.828400,60.028972
2.828500,60.028340
2.828600,60.027694
2.828700,60.027139
2.828800,60.025809
2.828900,60.024450
2.829000,60.027070
2.829100,60.024225
2.829200,60.025946
2.829300,60.029401
2.829400,60.031768
2.829500,60.029327
2.829600,60.029414
2.829700,60.027372
2.829800,60.025225
2.829900,60.025497
2.830000,60.026813
2.830100,60.024565
2.830200,60.026167
2.830300,60.023063
2.830400,60.026245
2.830500,60.024752
2.830600,60.024241
2.830700,60.027027
2.830800,60.031115
2.830900,60.031120
2.831000,60.029713
2.831100,60.030331
2.831200,60.034624
2.831300,60.031512
2.831400,60.033339
2.831500,60.031954
2.831600,60.028318
2.831700,60.022041
2.831800,60.015388
2.831900,60.011826
2.832000,60.016187
2.832100,60.016900
2.832200,60.012782
2.832300,60.005038
2.832400,60.002725
2.832500,59.998019
2.832600,59.989570
2.832700,59.981437
2.832800,59.987819
2.832900,59.981299
2.833000,59.987536
2.833100,59.975231
2.833200,59.964931
2.833300,59.963384
2.833400,59.958978
2.833500,59.969468
2.833600,59.983749
2.833700,59.970903
2.833800,59.970103
2.833900,59.960737
2.834000,59.950049
2.834100,59.961241
2.834200,59.955147
2.834300,59.960675
2.834400,59.950685
2.834500,59.952474
2.834600,59.958268
2.834700,59.958366
2.834800,59.961308
2.834900,59.954643
2.835000,59.950781
2.835100,59.950957
2.835200,59.952600
2.835300,59.950905
2.835400,59.949923
2.835500,59.949688
2.835600,59.949036
2.835700,59.949105
2.835800,59.949109
2.835900,59.948989
2.836000,59.948119
2.836100,59.947273
2.836200,59.947320
2.836300,59.946754
2.836400,59.945052
2.836500,59.946525
2.836600,59.946907
2.836700,59.947137
2.836800,59.947477
2.836900,59.947369
2.837000,59.948684
2.837100,59.949069
2.837200,59.952003
2.837300,59.950379
2.837400,59.950575
2.837500,59.948654
2.837600,59.948421
2.837700,59.946555
2.837800,59.943709
2.837900,59.946648
2.838000,59.949730
2.838100,59.953513
2.838200,59.951757
2.838300,59.948451
2.838400,59.947994
2.838500,59.945164
2.838600,59.946380
2.838700,59.946942
2.838800,59.945810
2.838900,59.948350
2.839000,59.946537
2.839100,59.947438
2.839200,59.950452
2.839300,59.954835
2.839400,59.950449
2.839500,59.951415
2.839600,59.950627
2.839700,59.954199
2.839800,59.954202
2.839900,59.953458
2.840000,59.959378
2.840100,59.963597
2.840200,59.962630
2.840300,59.960578
2.840400,59.955891
2.840500,59.957747
2.840600,59.960643
2.840700,59.961060
2.840800,59.953555
2.840900,59.945714
2.841000,59.954157
2.841100,59.965003
2.841200,59.955900
2.841300,59.965467
2.841400,59.976482
2.841500,59.972470
2.841600,59.983355
2.841700,59.981847
2.841800,59.981213
2.841900,59.973803
2.842000,59.980394
2.842100,59.985050
2.842200,59.996054
2.842300,60.006826
2.842400,60.017141
2.842500,60.028192
2.842600,60.020339
2.842700,60.023597
2.842800,60.032664
2.842900,60.022503
2.843000,60.020046
2.843100,60.014825
2.843200,60.019857
2.843300,60.020164
2.843400,60.019563
2.843500,60.016045
2.843600,60.018394
2.843700,60.016187
2.843800,60.015974
2.843900,60.016372
2.844000,60.016267
2.844100,60.016278
2.844200,60.015947
2.844300,60.015730
2.844400,60.015894
2.844500,60.015500
2.844600,60.014835
2.844700,60.014105
2.844800,60.012787
2.844900,60.014187
2.845000,60.013620
2.845100,60.015129
2.845200,60.016552
2.845300,60.015761
2.845400,60.014669
2.845500,60.013949
2.845600,60.016931
2.845700,60.015845
2.845800,60.014372
2.845900,60.014038
2.846000,60.011161
2.846100,60.009184
2.846200,60.008667
2.846300,60.009227
2.846400,60.011828
2.846500,60.012803
2.846600,60.011443
2.846700,60.014791
2.846800,60.015746
2.846900,60.017802
2.847000,60.018092
2.847100,60.021641
2.847200,60.022189
2.847300,60.026076
2.847400,60.024748
2.847500,60.026085
2.847600,60.024678
2.847700,60.026954
2.847800,60.024743
2.847900,60.025604
2.848000,60.021939
2.848100,60.017082
2.848200,60.011178
2.848300,60.008137
2.848400,60.010484
2.848500,60.007089
2.848600,60.006366
2.848700,60.000382
2.848800,60.004513
2.848900,60.004201
2.849000,60.011577
2.849100,60.008206
2.849200,60.005117
2.849300,60.008825
2.849400,60.010692
2.849500,60.001847
2.849600,60.007591
2.849700,60.012343
2.849800,60.018741
2.849900,60.006393
2.850000,60.018972
2.850100,60.025588
2.850200,60.037596
2.850300,60.052491
2.850400,60.045341
2.850500,60.043190
2.850600,60.039903
2.850700,60.042683
2.850800,60.030752
2.850900,60.033392
2.851000,60.023157
2.851100,60.032464
2.851200,60.026018
2.851300,60.031733
2.851400,60.039240
2.851500,60.041894
2.851600,60.042574
2.851700,60.039103
2.851800,60.039917
2.851900,60.036818
2.852000,60.036654
2.852100,60.035431
2.852200,60.035668
2.852300,60.035531
2.852400,60.035385
2.852500,60.035785
2.852600,60.036747
2.852700,60.036877
2.852800,60.036902
2.852900,60.035818
2.853000,60.033708
2.853100,60.031497
2.853200,60.032106
2.853300,60.031670
2.853400,60.031045
2.853500,60.031053
2.853600,60.032252
2.853700,60.030627
2.853800,60.033273
2.853900,60.035217
2.854000,60.033085
2.854100,60.034448
2.854200,60.037448
2.854300,60.039977
2.854400,60.036478
2.854500,60.037546
2.854600,60.038962
2.854700,60.040569
2.854800,60.037406
2.854900,60.038921
2.855000,60.041446
2.855100,60.043989
2.855200,60.042650
2.855300,60.040232
2.855400,60.037863
2.855500,60.037779
2.855600,60.033578
2.855700,60.032936
2.855800,60.037143
2.855900,60.041000
2.856000,60.041588
2.856100,60.041528
2.856200,60.041074
2.856300,60.043005
2.856400,60.042876
2.856500,60.037921
2.856600,60.036633
2.856700,60.042184
2.856800,60.045188
2.856900,60.047495
2.857000,60.045573
2.857100,60.041662
2.857200,60.035959
2.857300,60.042950
2.857400,60.038628
2.857500,60.042794
2.857600,60.040231
2.857700,60.029759
2.857800,60.038325
2.857900,60.030426
2.858000,60.031017
2.858100,60.030948
2.858200,60.020927
2.858300,60.026428
2.858400,60.037301
2.858500,60.023006
2.858600,60.012110
2.858700,60.001555
2.858800,59.989797
2.858900,60.003884
2.859000,60.009128
2.859100,60.005246
2.859200,60.014066
2.859300,60.003925
2.859400,60.003026
2.859500,60.004731
2.859600,60.007557
2.859700,60.006822
2.859800,60.008649
2.859900,60.011267
2.860000,60.008048
2.860100,60.007660
2.860200,60.007269
2.860300,60.006545
2.860400,60.007539
2.860500,60.007242
2.860600,60.007540
2.860700,60.007541
2.860800,60.007144
2.860900,60.007857
2.861000,60.006709
2.861100,60.007389
2.861200,60.008563
2.861300,60.008457
2.861400,60.010415
2.861500,60.011962
2.861600,60.010424
2.861700,60.011614
2.861800,60.009657
2.861900,60.012145
2.862000,60.010135
2.862100,60.008836
2.862200,60.008419
2.862300,60.009754
2.862400,60.008746
2.862500,60.009089
2.862600,60.009647
2.862700,60.009180
2.862800,60.005989
2.862900,60.006175
2.863000,60.006562
2.863100,60.005122
2.863200,60.006882
2.863300,60.006107
2.863400,60.009684
2.863500,60.006659
2.863600,60.006006
2.863700,60.007643
2.863800,60.003688
2.863900,60.005614
2.864000,60.004182
2.864100,60.000181
2.864200,60.002646
2.864300,60.006923
2.864400,60.005105
2.864500,60.004029
2.864600,60.001901
2.864700,59.999447
2.864800,59.998951
2.864900,59.995090
2.865000,59.994557
2.865100,60.001400
2.865200,60.001473
2.865300,60.004485
2.865400,59.997752
2.865500,59.990520
2.865600,59.988009
2.865700,59.995597
2.865800,59.992457
2.865900,60.000147
2.866000,60.004538
2.866100,60.001584
2.866200,60.013177
2.866300,60.003525
2.866400,60.002724
2.866500,59.992398
2.866600,59.989622
2.866700,59.990394
2.866800,59.996900
2.866900,59.994904
2.867000,60.009323
2.867100,60.013670
2.867200,60.006714
2.867300,59.995315
2.867400,60.001241
2.867500,59.994160
2.867600,59.998559
2.867700,59.989579
2.867800,59.995418
2.867900,60.001539
2.868000,59.996201
2.868100,59.992493
2.868200,59.997392
2.868300,60.001000
2.868400,59.999204
2.868500,59.996926
2.868600,59.997395
2.868700,59.996441
2.868800,59.996279
2.868900,59.996281
2.869000,59.996314
2.869100,59.996480
2.869200,59.997184
2.869300,59.995981
2.869400,59.997674
2.869500,59.996829
2.869600,59.994765
2.869700,59.993226
2.869800,59.993950
2.869900,59.993197
2.870000,59.995751
2.870100,59.997754
2.870200,59.996214
2.870300,59.994446
2.870400,59.994446
2.870500,59.994390
2.870600,59.995931
2.870700,59.993301
2.870800,59.993047
2.870900,59.993071
2.871000,59.991189
2.871100,59.994066
2.871200,59.991962
2.871300,59.994155
2.871400,59.995001
2.871500,59.994939
2.871600,59.991321
2.871700,59.992241
2.871800,59.995312
2.871900,59.995642
2.872000,59.995144
2.872100,59.998388
2.872200,59.995481
2.872300,59.992569
2.872400,59.995116
2.872500,59.998822
2.872600,59.996844
2.872700,59.999135
2.872800,59.997173
2.872900,59.997562
2.873000,59.997427
2.873100,59.998047
2.873200,59.998329
2.873300,59.993092
2.873400,59.988343
2.873500,59.993313
2.873600,59.992225
2.873700,59.995412
2.873800,60.001866
2.873900,60.001353
2.874000,60.009970
2.874100,60.013660
2.874200,60.016402
2.874300,60.007794
2.874400,60.015689
2.874500,60.006995
2.874600,60.017379
2.874700,60.020057
2.874800,60.008076
2.874900,60.006763
2.875000,60.004675
2.875100,60.004834
2.875200,60.002222
2.875300,60.007000
2.875400,60.005576
2.875500,60.007100
2.875600,60.014132
2.875700,60.006107
2.875800,60.013744
2.875900,60.024247
2.876000,60.019853
2.876100,60.024966
2.876200,60.033941
2.876300,60.028841
2.876400,60.034844
2.876500,60.032722
2.876600,60.034177
2.876700,60.034677
2.876800,60.035424
2.876900,60.036841
2.877000,60.037287
2.877100,60.037366
2.877200,60.037415
2.877300,60.037287
2.877400,60.037867
2.877500,60.038424
2.877600,60.039939
2.877700,60.040495
2.877800,60.040049
2.877900,60.041204
2.878000,60.040501
2.878100,60.041674
2.878200,60.042620
2.878300,60.040053
2.878400,60.042088
2.878500,60.041080
2.878600,60.041439
2.878700,60.044186
2.878800,60.041319
2.878900,60.041795
2.879000,60.042907
2.879100,60.046084
2.879200,60.043480
2.879300,60.041977
2.879400,60.043291
2.879500,60.041514
2.879600,60.039106
2.879700,60.041696
2.879800,60.040892
2.879900,60.037856
2.880000,60.038962
2.880100,60.040356
2.880200,60.040638
2.880300,60.041607
2.880400,60.038460
2.880500,60.041251
2.880600,60.042312
2.880700,60.046359
2.880800,60.049844
2.880900,60.047758
2.881000,60.047077
2.881100,60.047957
2.881200,60.047726
2.881300,60.046087
2.881400,60.046949
2.881500,60.047719
2.881600,60.043913
2.881700,60.042351
2.881800,60.039748
2.881900,60.034661
2.882000,60.031601
2.882100,60.023497
2.882200,60.021274
2.882300,60.024686
2.882400,60.018910
2.882500,60.010261
2.882600,60.004874
2.882700,59.998571
2.882800,59.998084
2.882900,59.994657
2.883000,59.998060
2.883100,59.991719
2.883200,60.005779
2.883300,60.001017
2.883400,60.012413
2.883500,60.017666
2.883600,60.004319
2.883700,60.008909
2.883800,60.018115
2.883900,60.003195
2.884000,60.001660
2.884100,60.002447
2.884200,60.014992
2.884300,60.003197
2.884400,60.012816
2.884500,60.021628
2.884600,60.017323
2.884700,60.022022
2.884800,60.017376
2.884900,60.016574
2.885000,60.019094
2.885100,60.017826
2.885200,60.017666
2.885300,60.017356
2.885400,60.017687
2.885500,60.017696
2.885600,60.018194
2.885700,60.018955
2.885800,60.019815
2.885900,60.021768
2.886000,60.020479
2.886100,60.021367
2.886200,60.022269
2.886300,60.023990
2.886400,60.024179
2.886500,60.023330
2.886600,60.024103
2.886700,60.024044
2.886800,60.026802
2.886900,60.027165
2.887000,60.026540
2.887100,60.025356
2.887200,60.026493
2.887300,60.027506
2.887400,60.027515
2.887500,60.027272
2.887600,60.027614
2.887700,60.030514
2.887800,60.027896
2.887900,60.028965
2.888000,60.027067
2.888100,60.029604
2.888200,60.028532
2.888300,60.028256
2.888400,60.029001
2.888500,60.026033
2.888600,60.028193
2.888700,60.026793
2.888800,60.027298
2.888900,60.027504
2.889000,60.028732
2.889100,60.027800
2.889200,60.027227
2.889300,60.026970
2.889400,60.027322
2.889500,60.028993
2.889600,60.025866
2.889700,60.030953
2.889800,60.032557
2.889900,60.031057
2.890000,60.035627
2.890100,60.035404
2.890200,60.041146
2.890300,60.040264
2.890400,60.039932
2.890500,60.039407
2.890600,60.031998
2.890700,60.032886
2.890800,60.039071
2.890900,60.031959
2.891000,60.037778
2.891100,60.030216
2.891200,60.035652
2.891300,60.034389
2.891400,60.029693
2.891500,60.025665
2.891600,60.014275
2.891700,60.001686
2.891800,60.003078
2.891900,59.998840
2.892000,59.987792
2.892100,59.977638
2.892200,59.965512
2.892300,59.974167
2.892400,59.978550
2.892500,59.986050
2.892600,59.982058
2.892700,59.991634
2.892800,59.992542
2.892900,59.993708
2.893000,59.992354
2.893100,59.991058
2.893200,59.995795
2.893300,59.999511
2.893400,59.998639
2.893500,59.998330
2.893600,59.996930
2.893700,59.998160
2.893800,59.998149
2.893900,59.998212
2.894000,59.998099
2.894100,59.998734
2.894200,59.998269
2.894300,59.998643
2.894400,59.999472
2.894500,59.999454
2.894600,60.001037
2.894700,60.001784
2.894800,60.002444
2.894900,60.004523
2.895000,60.001918
2.895100,60.000798
2.895200,59.999818
2.895300,60.001512
2.895400,59.999512
2.895500,60.000661
2.895600,60.001399
2.895700,60.000046
2.895800,59.998291
2.895900,59.998818
2.896000,60.001803
2.896100,59.998990
2.896200,59.996940
2.896300,59.994302
2.896400,59.993084
2.896500,59.995223
2.896600,59.994414
2.896700,59.993166
2.896800,59.990411
2.896900,59.991791
2.897000,59.991838
2.897100,59.989530
2.897200,59.992022
2.897300,59.989484
2.897400,59.989851
2.897500,59.989760
2.897600,59.993355
2.897700,59.993984
2.897800,59.995206
2.897900,59.992252
2.898000,59.991654
2.898100,59.986667
2.898200,59.989028
2.898300,59.992092
2.898400,59.992308
2.898500,59.986388
2.898600,59.984261
2.898700,59.977664
2.898800,59.981701
2.898900,59.987754
2.899000,59.984567
2.899100,59.991335
2.899200,59.989311
2.899300,59.982379
2.899400,59.977865
2.899500,59.982369
2.899600,59.992993
2.899700,60.002395
2.899800,59.998850
2.899900,59.998128
2.900000,60.002605
2.900100,60.009890
2.900200,60.017568
2.900300,60.021545
2.900400,60.013903
2.900500,60.018331
2.900600,60.007572
2.900700,60.014040
2.900800,60.008570
2.900900,60.010967
2.901000,60.003797
2.901100,60.002221
2.901200,59.993545
2.901300,59.998107
2.901400,60.002701
2.901500,60.002619
2.901600,60.007543
2.901700,60.005701
2.901800,60.003307
2.901900,60.002875
2.902000,60.003282
2.902100,60.002585
2.902200,60.002576
2.902300,60.002104
2.902400,60.001752
2.902500,60.000645
2.902600,60.001363
2.902700,60.001875
2.902800,60.001069
2.902900,60.002387
2.903000,60.002856
2.903100,60.003139
2.903200,60.003307
2.903300,60.005762
2.903400,60.006967
2.903500,60.009006
2.903600,60.010305
2.903700,60.010658
2.903800,60.012940
2.903900,60.012900
2.904000,60.013856
2.904100,60.010520
2.904200,60.010776
2.904300,60.013062
2.904400,60.013397
2.904500,60.016611
2.904600,60.014741
2.904700,60.013691
2.904800,60.013981
2.904900,60.014168
2.905000,60.013652
2.905100,60.012485
2.905200,60.013316
2.905300,60.013384
2.905400,60.016342
2.905500,60.016335
2.905600,60.013445
2.905700,60.009926
2.905800,60.008595
2.905900,60.013065
2.906000,60.008574
2.906100,60.006220
2.906200,60.007684
2.906300,60.004403
2.906400,60.004809
2.906500,60.000048
2.906600,60.003984
2.906700,60.010093
2.906800,60.010648
2.906900,60.014927
2.907000,60.019721
2.907100,60.025500
2.907200,60.020302
2.907300,60.012818
2.907400,60.018836
2.907500,60.023956
2.907600,60.023450
2.907700,60.016492
2.907800,60.009860
2.907900,60.019913
2.908000,60.019089
2.908100,60.006632
2.908200,60.014497
2.908300,60.006235
2.908400,59.996862
2.908500,60.000948
2.908600,59.996522
2.908700,59.983068
2.908800,59.981934
2.908900,59.990593
2.909000,60.004622
2.909100,60.015492
2.909200,60.027285
2.909300,60.025967
2.909400,60.018011
2.909500,60.011136
2.909600,60.008274
2.909700,60.010243
2.909800,60.015340
2.909900,60.012595
2.910000,60.008940
2.910100,60.012341
2.910200,60.012060
2.910300,60.013902
2.910400,60.014146
2.910500,60.014281
2.910600,60.014224
2.910700,60.014419
2.910800,60.014900
2.910900,60.013898
2.911000,60.014992
2.911100,60.015625
2.911200,60.017681
2.911300,60.015980
2.911400,60.016378
2.911500,60.015932
2.911600,60.018575
2.911700,60.016128
2.911800,60.014200
2.911900,60.013174
2.912000,60.010722
2.912100,60.008367
2.912200,60.008985
2.912300,60.009303
2.912400,60.007608
2.912500,60.004829
2.912600,60.008127
2.912700,60.010398
2.912800,60.011167
2.912900,60.011755
2.913000,60.013965
2.913100,60.012344
2.913200,60.011604
2.913300,60.008781
2.913400,60.011344
2.913500,60.009599
2.913600,60.010602
2.913700,60.008081
2.913800,60.008833
2.913900,60.006670
2.914000,60.003267
2.914100,60.006259
2.914200,60.007606
2.914300,60.008908
2.914400,60.011721
2.914500,60.008684
2.914600,60.010289
2.914700,60.009517
2.914800,60.014608
2.914900,60.009728
2.915000,60.009490
2.915100,60.008932
2.915200,60.007324
2.915300,60.002778
2.915400,60.000069
2.915500,60.007921
2.915600,60.015855
2.915700,60.018093
2.915800,60.012634
2.915900,60.013553
2.916000,60.009909
2.916100,60.011706
2.916200,60.006071
2.916300,60.012853
2.916400,60.014597
2.916500,60.009887
2.916600,60.020767
2.916700,60.027224
2.916800,60.040863
2.916900,60.043510
2.917000,60.034335
2.917100,60.026418
2.917200,60.030926
2.917300,60.027880
2.917400,60.031905
2.917500,60.020931
2.917600,60.011274
2.917700,60.014935
2.917800,60.020142
2.917900,60.016289
2.918000,60.020142
2.918100,60.017119
2.918200,60.012076
2.918300,60.013600
2.918400,60.012707
2.918500,60.012083
2.918600,60.013346
2.918700,60.014181
2.918800,60.014190
2.918900,60.014281
2.919000,60.014297
2.919100,60.014084
2.919200,60.013966
2.919300,60.012869
2.919400,60.013466
2.919500,60.013261
2.919600,60.014786
2.919700,60.014008
2.919800,60.013707
2.919900,60.011309
2.920000,60.012777
2.920100,60.014587
2.920200,60.017541
2.920300,60.017780
2.920400,60.014978
2.920500,60.018138
2.920600,60.016226
2.920700,60.019609
2.920800,60.021046
2.920900,60.018216
2.921000,60.016182
2.921100,60.013052
2.921200,60.015890
2.921300,60.015619
2.921400,60.019226
2.921500,60.016956
2.921600,60.016504
2.921700,60.013183
2.921800,60.011181
2.921900,60.007288
2.922000,60.011279
2.922100,60.013332
2.922200,60.011382
2.922300,60.015088
2.922400,60.012272
2.922500,60.016292
2.922600,60.016322
2.922700,60.017827
2.922800,60.015961
2.922900,60.019333
2.923000,60.019051
2.923100,60.023264
2.923200,60.018670
2.923300,60.014933
2.923400,60.014993
2.923500,60.011509
2.923600,60.009631
2.923700,60.008989
2.923800,60.001978
2.923900,60.008799
2.924000,60.005835
2.924100,60.002294
2.924200,60.007193
2.924300,60.014654
2.924400,60.017018
2.924500,60.015231
2.924600,60.008104
2.924700,60.012418
2.924800,60.021925
2.924900,60.020388
2.925000,60.011325
2.925100,60.004055
2.925200,60.003484
2.925300,59.996390
2.925400,59.995072
2.925500,60.007025
2.925600,59.994320
2.925700,60.002734
2.925800,59.992438
2.925900,60.002141
2.926000,59.997188
2.926100,59.990739
2.926200,59.984105
2.926300,59.978581
2.926400,59.978643
2.926500,59.972990
2.926600,59.972575
2.926700,59.972449
2.926800,59.971660
2.926900,59.971757
2.927000,59.973041
2.927100,59.973994
2.927200,59.974170
2.927300,59.974471
2.927400,59.974408
2.927500,59.974647
2.927600,59.974654
2.927700,59.975049
2.927800,59.973746
2.927900,59.972895
2.928000,59.972813
2.928100,59.972096
2.928200,59.974327
2.928300,59.972608
2.928400,59.971704
2.928500,59.969809
2.928600,59.968827
2.928700,59.965881
2.928800,59.963212
2.928900,59.966246
2.929000,59.967879
2.929100,59.966624
2.929200,59.969641
2.929300,59.971292
2.929400,59.970050
2.929500,59.973457
2.929600,59.970037
2.929700,59.972833
2.929800,59.975902
2.929900,59.973328
2.930000,59.972380
2.930100,59.972001
2.930200,59.975654
2.930300,59.972577
2.930400,59.972507
2.930500,59.975290
2.930600,59.973219
2.930700,59.970162
2.930800,59.968839
2.930900,59.966499
2.931000,59.969042
2.931100,59.964604
2.931200,59.969563
2.931300,59.968540
2.931400,59.973081
2.931500,59.972569
2.931600,59.978319
2.931700,59.977224
2.931800,59.972780
2.931900,59.979248
2.932000,59.980138
2.932100,59.974636
2.932200,59.975609
2.932300,59.973955
2.932400,59.973436
2.932500,59.975927
2.932600,59.977490
2.932700,59.968100
2.932800,59.958774
2.932900,59.962065
2.933000,59.961744
2.933100,59.969344
2.933200,59.979124
2.933300,59.986145
2.933400,59.989579
2.933500,59.979834
2.933600,59.966948
2.933700,59.961118
2.933800,59.973816
2.933900,59.978916
2.934000,59.970922
2.934100,59.964823
2.934200,59.976516
2.934300,59.972779
2.934400,59.965103
2.934500,59.963843
2.934600,59.969443
2.934700,59.975926
2.934800,59.977770
2.934900,59.981870
2.935000,59.979223
2.935100,59.977100
2.935200,59.975320
2.935300,59.974636
2.935400,59.973816
2.935500,59.973757
2.935600,59.973754
2.935700,59.973516
2.935800,59.973363
2.935900,59.973396
2.936000,59.972816
2.936100,59.972743
2.936200,59.974395
2.936300,59.972974
2.936400,59.974054
2.936500,59.974841
2.936600,59.974924
2.936700,59.974058
2.936800,59.973058
2.936900,59.974510
2.937000,59.971421
2.937100,59.974266
2.937200,59.972823
2.937300,59.974195
2.937400,59.972519
2.937500,59.971983
2.937600,59.970345
2.937700,59.972151
2.937800,59.968737
2.937900,59.968341
2.938000,59.966901
2.938100,59.970207
2.938200,59.968236
2.938300,59.968301
2.938400,59.970792
2.938500,59.971847
2.938600,59.973540
2.938700,59.971556
2.938800,59.974659
2.938900,59.978149
2.939000,59.978701
2.939100,59.979302
2.939200,59.979803
2.939300,59.984292
2.939400,59.987315
2.939500,59.983264
2.939600,59.981090
2.939700,59.975846
2.939800,59.976477
2.939900,59.978954
2.940000,59.974692
2.940100,59.973797
2.940200,59.980352
2.940300,59.975208
2.940400,59.972007
2.940500,59.964323
2.940600,59.972603
2.940700,59.972596
2.940800,59.980535
2.940900,59.985805
2.941000,59.992479
2.941100,59.990684
2.941200,59.988154
2.941300,59.986866
2.941400,59.976585
2.941500,59.981363
2.941600,59.976153
2.941700,59.965582
2.941800,59.969865
2.941900,59.972918
2.942000,59.970531
2.942100,59.960323
2.942200,59.973621
2.942300,59.963700
2.942400,59.961176
2.942500,59.948883
2.942600,59.957881
2.942700,59.965623
2.942800,59.970726
2.942900,59.972815
2.943000,59.976615
2.943100,59.979406
2.943200,59.974044
2.943300,59.972309
2.943400,59.969249
2.943500,59.968678
2.943600,59.966534
2.943700,59.967145
2.943800,59.967289
2.943900,59.967424
2.944000,59.967419
2.944100,59.966958
2.944200,59.966816
2.944300,59.965959
2.944400,59.966018
2.944500,59.966321
2.944600,59.965468
2.944700,59.964575
2.944800,59.963599
2.944900,59.965223
2.945000,59.965235
2.945100,59.966663
2.945200,59.968579
2.945300,59.968498
2.945400,59.967535
2.945500,59.968086
2.945600,59.964947
2.945700,59.961929
2.945800,59.960090
2.945900,59.958481
2.946000,59.961317
2.946100,59.962418
2.946200,59.965533
2.946300,59.968678
2.946400,59.970834
2.946500,59.973141
2.946600,59.974746
2.946700,59.972803
2.946800,59.972531
2.946900,59.972873
2.947000,59.974193
2.947100,59.970210
2.947200,59.973412
2.947300,59.971648
2.947400,59.967765
2.947500,59.963074
2.947600,59.962028
2.947700,59.963708
2.947800,59.968761
2.947900,59.973554
2.948000,59.973982
2.948100,59.972053
2.948200,59.975107
2.948300,59.980142
2.948400,59.976970
2.948500,59.972677
2.948600,59.973535
2.948700,59.970030
2.948800,59.967959
2.948900,59.970053
2.949000,59.975633
2.949100,59.978777
2.949200,59.970125
2.949300,59.968224
2.949400,59.972199
2.949500,59.979380
2.949600,59.985655
2.949700,59.977741
2.949800,59.968356
2.949900,59.959045
2.950000,59.958143
2.950100,59.949182
2.950200,59.955853
2.950300,59.964885
2.950400,59.979693
2.950500,59.969591
2.950600,59.967688
2.950700,59.967439
2.950800,59.974729
2.950900,59.972751
2.951000,59.966498
2.951100,59.959908
2.951200,59.958926
2.951300,59.959307
2.951400,59.955081
2.951500,59.956945
2.951600,59.960694
2.951700,59.964250
2.951800,59.967357
2.951900,59.971309
2.952000,59.972046
2.952100,59.973577
2.952200,59.973383
2.952300,59.972824
2.952400,59.972830
2.952500,59.972750
2.952600,59.973143
2.952700,59.973297
2.952800,59.973238
2.952900,59.972105
2.953000,59.973348
2.953100,59.971538
2.953200,59.970372
2.953300,59.969878
2.953400,59.969688
2.953500,59.972077
2.953600,59.971863
2.953700,59.970412
2.953800,59.970021
2.953900,59.972785
2.954000,59.971621
2.954100,59.970997
2.954200,59.971822
2.954300,59.973962
2.954400,59.975159
2.954500,59.975457
2.954600,59.972314
2.954700,59.975442
2.954800,59.975519
2.954900,59.975565
2.955000,59.975149
2.955100,59.977559
2.955200,59.974969
2.955300,59.974370
2.955400,59.975224
2.955500,59.973083
2.955600,59.972921
2.955700,59.975084
2.955800,59.976884
2.955900,59.973458
2.956000,59.969874
2.956100,59.973270
2.956200,59.971692
2.956300,59.972056
2.956400,59.968686
2.956500,59.967718
2.956600,59.970411
2.956700,59.972343
2.956800,59.974625
2.956900,59.980652
2.957000,59.987442
2.957100,59.990174
2.957200,59.990564
2.957300,59.989687
2.957400,59.989992
2.957500,59.991478
2.957600,59.998353
2.957700,60.001890
2.957800,60.006855
2.957900,60.005509
2.958000,59.996667
2.958100,59.988092
2.958200,59.979026
2.958300,59.977890
2.958400,59.989205
2.958500,59.994560
2.958600,60.009195
2.958700,60.011245
2.958800,60.009993
2.958900,60.009420
2.959000,60.023248
2.959100,60.030856
2.959200,60.035420
2.959300,60.036794
2.959400,60.027206
2.959500,60.019923
2.959600,60.016096
2.959700,60.023050
2.959800,60.025515
2.959900,60.029174
2.960000,60.033152
2.960100,60.031043
2.960200,60.028912
2.960300,60.029444
2.960400,60.028597
2.960500,60.028125
2.960600,60.028146
2.960700,60.028216
2.960800,60.028602
2.960900,60.028851
2.961000,60.030550
2.961100,60.030285
2.961200,60.028043
2.961300,60.027638
2.961400,60.028910
2.961500,60.030543
2.961600,60.028136
2.961700,60.029827
2.961800,60.027303
2.961900,60.027071
2.962000,60.025872
2.962100,60.025618
2.962200,60.023255
2.962300,60.023689
2.962400,60.021741
2.962500,60.019426
2.962600,60.021951
2.962700,60.022326
2.962800,60.019087
2.962900,60.022075
2.963000,60.020652
2.963100,60.018660
2.963200,60.016503
2.963300,60.016898
2.963400,60.016845
2.963500,60.020341
2.963600,60.019099
2.963700,60.017712
2.963800,60.018585
2.963900,60.018899
2.964000,60.019572
2.964100,60.016839
2.964200,60.020217
2.964300,60.015765
2.964400,60.019639
2.964500,60.021559
2.964600,60.020703
2.964700,60.022951
2.964800,60.026641
2.964900,60.023982
2.965000,60.021742
2.965100,60.022230
2.965200,60.029203
2.965300,60.023482
2.965400,60.022689
2.965500,60.014678
2.965600,60.023527
2.965700,60.032447
2.965800,60.023080
2.965900,60.023435
2.966000,60.032411
2.966100,60.035250
2.966200,60.039503
2.966300,60.034767
2.966400,60.030296
2.966500,60.020575
2.966600,60.026074
2.966700,60.023754
2.966800,60.025612
2.966900,60.023991
2.967000,60.015890
2.967100,60.013894
2.967200,60.027627
2.967300,60.023051
2.967400,60.015295
2.967500,60.015921
2.967600,60.017599
2.967700,60.012046
2.967800,60.010135
2.967900,60.003619
2.968000,60.010522
2.968100,60.005963
2.968200,60.005307
2.968300,60.007202
2.968400,60.006208
2.968500,60.007611
2.968600,60.006866
2.968700,60.007114
2.968800,60.006859
2.968900,60.006775
2.969000,60.006787
2.969100,60.007471
2.969200,60.006842
2.969300,60.006794
2.969400,60.007930
2.969500,60.007661
2.969600,60.005651
2.969700,60.004546
2.969800,60.004539
2.969900,60.005879
2.970000,60.007383
2.970100,60.007390
2.970200,60.008730
2.970300,60.008563
2.970400,60.009435
2.970500,60.009980
2.970600,60.011507
2.970700,60.008986
2.970800,60.011320
2.970900,60.008610
2.971000,60.005966
2.971100,60.002906
2.971200,60.003908
2.971300,60.007102
2.971400,60.007326
2.971500,60.006256
2.971600,60.004297
2.971700,60.002781
2.971800,60.001536
2.971900,60.001359
2.972000,60.003527
2.972100,60.003910
2.972200,60.000809
2.972300,60.004256
2.972400,60.008033
2.972500,60.011050
2.972600,60.007977
2.972700,60.006876
2.972800,60.009357
2.972900,60.009967
2.973000,60.007041
2.973100,60.010357
2.973200,60.014201
2.973300,60.018407
2.973400,60.019626
2.973500,60.016609
2.973600,60.015330
2.973700,60.014511
2.973800,60.014119
2.973900,60.011665
2.974000,60.010423
2.974100,60.003255
2.974200,60.010810
2.974300,60.010785
2.974400,60.005233
2.974500,60.000355
2.974600,60.009740
2.974700,59.998833
2.974800,60.000406
2.974900,59.989743
2.975000,59.997677
2.975100,59.995367
2.975200,60.001559
2.975300,59.990822
2.975400,59.985067
2.975500,59.989313
2.975600,59.990273
2.975700,59.991786
2.975800,59.990720
2.975900,59.999312
2.976000,59.989013
2.976100,59.994908
2.976200,59.993517
2.976300,59.995022
2.976400,60.001350
2.976500,59.997103
2.976600,60.002187
2.976700,60.000447
2.976800,59.997384
2.976900,59.994761
2.977000,59.995296
2.977100,59.995217
2.977200,59.995642
2.977300,59.996084
2.977400,59.996167
2.977500,59.996369
2.977600,59.996763
2.977700,59.995836
2.977800,59.995000
2.977900,59.993469
2.978000,59.992249
2.978100,59.991331
2.978200,59.989422
2.978300,59.991635
2.978400,59.991245
2.978500,59.989359
2.978600,59.990748
2.978700,59.991424
2.978800,59.992724
2.978900,59.995280
2.979000,59.996002
2.979100,59.995831
2.979200,59.995275
2.979300,59.996134
2.979400,59.998695
2.979500,59.997285
2.979600,59.998829
2.979700,60.001839
2.979800,60.000501
2.979900,60.003086
2.980000,60.000756
2.980100,59.998688
2.980200,59.995732
2.980300,59.996702
2.980400,59.997360
2.980500,60.001554
2.980600,60.001513
2.980700,59.999797
2.980800,59.997382
2.980900,59.994885
2.981000,59.999161
2.981100,59.999699
2.981200,59.998376
2.981300,60.001129
2.981400,59.997223
2.981500,59.999535
2.981600,60.001823
2.981700,60.003799
2.981800,60.000747
2.981900,60.004065
2.982000,60.007028
2.982100,60.012894
2.982200,60.008661
2.982300,60.017145
2.982400,60.014908
2.982500,60.015398
2.982600,60.021882
2.982700,60.019858
2.982800,60.012378
2.982900,60.014837
2.983000,60.024486
2.983100,60.021583
2.983200,60.028409
2.983300,60.020701
2.983400,60.021084
2.983500,60.010742
2.983600,60.017519
2.983700,60.016625
2.983800,60.007578
2.983900,59.995986
2.984000,59.996041
2.984100,59.986951
2.984200,59.974539
2.984300,59.975153
2.984400,59.977924
2.984500,59.976140
2.984600,59.971112
2.984700,59.969804
2.984800,59.969956
2.984900,59.970728
2.985000,59.973042
2.985100,59.970491
2.985200,59.973433
2.985300,59.975893
2.985400,59.976657
2.985500,59.977898
2.985600,59.977924
2.985700,59.977864
2.985800,59.978046
2.985900,59.977921
2.986000,59.977827
2.986100,59.977695
2.986200,59.976841
2.986300,59.975596
2.986400,59.974479
2.986500,59.974364
2.986600,59.974262
2.986700,59.976865
2.986800,59.975944
2.986900,59.976104
2.987000,59.977016
2.987100,59.978038
2.987200,59.975210
2.987300,59.975732
2.987400,59.973437
2.987500,59.971790
2.987600,59.971020
2.987700,59.972402
2.987800,59.975693
2.987900,59.976589
2.988000,59.974514
2.988100,59.971783
2.988200,59.972513
2.988300,59.970653
2.988400,59.969657
2.988500,59.973209
2.988600,59.976779
2.988700,59.977683
2.988800,59.977502
2.988900,59.974555
2.989000,59.973941
2.989100,59.970119
2.989200,59.968637
2.989300,59.967505
2.989400,59.964337
2.989500,59.965331
2.989600,59.964213
2.989700,59.965353
2.989800,59.964751
2.989900,59.958790
2.990000,59.958063
2.990100,59.962996
2.990200,59.966237
2.990300,59.969333
2.990400,59.974516
2.990500,59.971520
2.990600,59.964415
2.990700,59.958660
2.990800,59.962345
2.990900,59.959552
2.991000,59.962840
2.991100,59.958058
2.991200,59.959758
2.991300,59.958245
2.991400,59.970021
2.991500,59.982262
2.991600,59.976723
2.991700,59.977846
2.991800,59.987582
2.991900,59.993592
2.992000,59.979825
2.992100,59.980961
2.992200,59.986556
2.992300,59.997026
2.992400,59.992834
2.992500,60.001957
2.992600,59.990206
2.992700,59.989804
2.992800,59.985096
2.992900,59.977821
2.993000,59.974687
2.993100,59.976359
2.993200,59.972442
2.993300,59.968110
2.993400,59.970446
2.993500,59.970900
2.993600,59.971467
2.993700,59.971271
2.993800,59.971837
2.993900,59.972051
2.994000,59.972097
2.994100,59.972585
2.994200,59.973651
2.994300,59.973297
2.994400,59.971690
2.994500,59.970135
2.994600,59.969531
2.994700,59.968780
2.994800,59.968571
2.994900,59.969807
2.995000,59.967052
2.995100,59.968400
2.995200,59.969349
2.995300,59.969312
2.995400,59.967906
2.995500,59.969842
2.995600,59.966846
2.995700,59.969150
2.995800,59.970256
2.995900,59.970338
2.996000,59.971836
2.996100,59.971883
2.996200,59.970240
2.996300,59.967063
2.996400,59.969240
2.996500,59.968513
2.996600,59.966578
2.996700,59.963652
2.996800,59.966736
2.996900,59.966814
2.997000,59.963785
2.997100,59.963017
2.997200,59.961904
2.997300,59.963799
2.997400,59.964947
2.997500,59.966106
2.997600,59.967149
2.997700,59.966815
2.997800,59.967299
2.997900,59.970789
2.998000,59.966915
2.998100,59.970390
2.998200,59.974361
2.998300,59.977433
2.998400,59.977634
2.998500,59.974952
2.998600,59.971898
2.998700,59.971800
2.998800,59.970110
2.998900,59.977176
2.999000,59.972111
2.999100,59.966353
2.999200,59.966290
2.999300,59.971570
2.999400,59.974327
2.999500,59.980825
2.999600,59.981190
2.999700,59.987953
2.999800,59.994039
2.999900,59.999313
3.000000,60.000170
3.000100,60.013245
3.000200,60.018959
3.000300,60.020603
3.000400,60.024226
3.000500,60.012896
3.000600,60.011082
3.000700,60.005249
3.000800,60.006049
3.000900,60.007502
3.001000,60.003631
3.001100,60.010647
3.001200,60.002671
3.001300,60.010554
3.001400,60.006145
3.001500,60.008512
3.001600,60.012099
3.001700,60.009972
3.001800,60.011498
3.001900,60.011638
3.002000,60.009866
3.002100,60.010082
3.002200,60.009268
3.002300,60.009659
3.002400,60.009665
3.002500,60.010065
3.002600,60.010944
3.002700,60.010528
3.002800,60.010090
3.002900,60.008493
3.003000,60.008103
3.003100,60.008978
3.003200,60.010202
3.003300,60.009612
3.003400,60.008445
3.003500,60.009896
3.003600,60.012221
3.003700,60.012888
3.003800,60.013254
3.003900,60.012445
3.004000,60.014278
3.004100,60.017182
3.004200,60.018188
3.004300,60.015641
3.004400,60.017104
3.004500,60.018050
3.004600,60.017047
3.004700,60.013719
3.004800,60.010885
3.004900,60.014341
3.005000,60.017338
3.005100,60.020234
3.005200,60.021756
3.005300,60.018198
3.005400,60.021316
3.005500,60.019461
3.005600,60.018646
3.005700,60.018242
3.005800,60.016467
3.005900,60.016045
3.006000,60.011716
3.006100,60.008159
3.006200,60.013011
3.006300,60.015554
3.006400,60.011791
3.006500,60.010216
3.006600,60.013174
3.006700,60.011129
3.006800,60.013063
3.006900,60.010434
3.007000,60.006449
3.007100,60.006684
3.007200,60.001755
3.007300,60.001255
3.007400,60.009383
3.007500,60.001061
3.007600,60.002077
3.007700,60.000122
3.007800,60.003725
3.007900,59.993968
3.008000,60.001478
3.008100,60.002763
3.008200,60.008430
3.008300,59.997436
3.008400,59.997469
3.008500,60.003013
3.008600,60.001172
3.008700,59.999171
3.008800,60.008759
3.008900,60.005210
3.009000,60.006111
3.009100,60.009117
3.009200,60.003114
3.009300,60.004400
3.009400,60.008644
3.009500,59.999863
3.009600,59.992094
3.009700,59.997817
3.009800,59.994224
3.009900,59.996043
3.010000,60.000505
3.010100,60.000242
3.010200,60.000746
3.010300,59.999855
3.010400,60.001031
3.010500,60.001191
3.010600,60.001187
3.010700,60.001193
3.010800,60.001326
3.010900,60.000340
3.011000,59.999893
3.011100,59.999306
3.011200,60.000978
3.011300,60.001953
3.011400,60.003645
3.011500,60.001336
3.011600,60.003510
3.011700,60.004436
3.011800,60.003805
3.011900,60.004961
3.012000,60.005642
3.012100,60.006495
3.012200,60.005461
3.012300,60.007450
3.012400,60.009234
3.012500,60.007819
3.012600,60.008068
3.012700,60.004641
3.012800,60.007275
3.012900,60.006355
3.013000,60.003498
3.013100,59.999816
3.013200,59.995929
3.013300,59.998952
3.013400,60.002941
3.013500,60.006850
3.013600,60.007403
3.013700,60.005264
3.013800,60.003230
3.013900,60.002536
3.014000,59.999783
3.014100,60.003146
3.014200,60.003707
3.014300,60.002344
3.014400,60.002060
3.014500,60.005463
3.014600,60.002898
3.014700,60.005200
3.014800,60.005520
3.014900,60.000743
3.015000,59.994229
3.015100,59.993459
3.015200,59.995266
3.015300,59.992108
3.015400,59.998876
3.015500,59.998318
3.015600,59.998861
3.015700,60.006267
3.015800,60.004911
3.015900,59.999484
3.016000,59.996970
3.016100,60.004905
3.016200,60.004866
3.016300,60.017089
3.016400,60.011352
3.016500,60.013037
3.016600,60.007093
3.016700,60.020183
3.016800,60.008933
3.016900,60.014247
3.017000,60.001534
3.017100,59.995474
3.017200,60.001544
3.017300,60.002419
3.017400,60.001755
3.017500,59.997383
3.017600,59.991097
3.017700,59.992275
3.017800,59.993343
3.017900,59.997648
3.018000,60.002713
3.018100,59.996084
3.018200,59.995259
3.018300,59.995557
3.018400,59.996553
3.018500,59.997016
3.018600,59.997532
3.018700,59.997295
3.018800,59.997349
3.018900,59.997301
3.019000,59.996959
3.019100,59.996961
3.019200,59.998120
3.019300,59.997191
3.019400,59.997853
3.019500,59.996567
3.019600,59.997026
3.019700,59.995242
3.019800,59.995711
3.019900,59.995053
3.020000,59.996642
3.020100,59.998418
3.020200,60.000617
3.020300,59.998459
3.020400,59.999176
3.020500,59.999787
3.020600,59.999342
3.020700,59.998573
3.020800,59.998801
3.020900,60.001511
3.021000,60.003904
3.021100,60.001545
3.021200,59.999067
3.021300,59.999219
3.021400,59.996298
3.021500,59.999416
3.021600,60.002825
3.021700,60.001374
3.021800,60.002428
3.021900,59.999296
3.022000,60.000642
3.022100,59.996436
3.022200,59.995758
3.022300,59.998841
3.022400,59.996583
3.022500,59.997089
3.022600,59.999262
3.022700,60.003079
3.022800,60.005388
3.022900,60.005392
3.023000,60.001118
3.023100,59.996197
3.023200,59.999220
3.023300,59.993466
3.023400,59.986887
3.023500,59.990267
3.023600,59.984256
3.023700,59.991516
3.023800,59.988064
3.023900,59.990278
3.024000,59.985784
3.024100,59.977515
3.024200,59.973775
3.024300,59.971869
3.024400,59.969350
3.024500,59.976954
3.024600,59.976785
3.024700,59.981832
3.024800,59.980962
3.024900,59.979761
3.025000,59.985179
3.025100,59.971502
3.025200,59.963339
3.025300,59.962778
3.025400,59.948279
3.025500,59.939460
3.025600,59.951794
3.025700,59.950572
3.025800,59.962091
3.025900,59.953018
3.026000,59.944537
3.026100,59.944285
3.026200,59.951873
3.026300,59.956066
3.026400,59.949776
3.026500,59.950023
3.026600,59.949777
3.026700,59.952638
3.026800,59.955434
3.026900,59.958137
3.027000,59.956119
3.027100,59.955462
3.027200,59.955130
3.027300,59.955039
3.027400,59.954974
3.027500,59.955107
3.027600,59.956327
3.027700,59.955378
3.027800,59.953875
3.027900,59.955369
3.028000,59.954713
3.028100,59.957139
3.028200,59.958953
3.028300,59.957721
3.028400,59.955768
3.028500,59.956085
3.028600,59.955042
3.028700,59.955814
3.028800,59.953866
3.028900,59.951478
3.029000,59.952105
3.029100,59.953165
3.029200,59.950323
3.029300,59.952263
3.029400,59.951465
3.029500,59.948908
3.029600,59.948280
3.029700,59.951872
3.029800,59.950736
3.029900,59.950820
3.030000,59.950735
3.030100,59.947254
3.030200,59.948128
3.030300,59.951421
3.030400,59.954531
3.030500,59.957719
3.030600,59.957770
3.030700,59.956879
3.030800,59.954949
3.030900,59.950547
3.031000,59.951402
3.031100,59.955886
3.031200,59.955838
3.031300,59.955476
3.031400,59.959507
3.031500,59.963804
3.031600,59.960505
3.031700,59.966464
3.031800,59.972285
3.031900,59.978607
3.032000,59.980440
3.032100,59.983373
3.032200,59.983563
3.032300,59.978148
3.032400,59.977893
3.032500,59.974994
3.032600,59.974519
3.032700,59.977538
3.032800,59.986373
3.032900,59.982649
3.033000,59.990045
3.033100,59.988484
3.033200,59.977165
3.033300,59.987838
3.033400,59.997234
3.033500,59.989716
3.033600,59.992823
3.033700,60.004672
3.033800,60.008021
3.033900,60.001436
3.034000,59.992029
3.034100,60.003414
3.034200,60.007574
3.034300,60.009628
3.034400,60.015377
3.034500,60.024537
3.034600,60.019150
3.034700,60.022051
3.034800,60.022467
3.034900,60.019627
3.035000,60.022139
3.035100,60.021351
3.035200,60.020711
3.035300,60.020224
3.035400,60.020906
3.035500,60.020850
3.035600,60.020870
3.035700,60.020868
3.035800,60.020391
3.035900,60.019097
3.036000,60.018135
3.036100,60.018876
3.036200,60.019284
3.036300,60.019283
3.036400,60.017332
3.036500,60.016826
3.036600,60.018811
3.036700,60.016717
3.036800,60.018393
3.036900,60.016270
3.037000,60.014093
3.037100,60.014655
3.037200,60.017275
3.037300,60.018340
3.037400,60.014801
3.037500,60.017710
3.037600,60.020534
3.037700,60.018824
3.037800,60.021040
3.037900,60.022580
3.038000,60.021550
3.038100,60.022456
3.038200,60.020659
3.038300,60.018698
3.038400,60.019539
3.038500,60.020986
3.038600,60.024264
3.038700,60.022686
3.038800,60.022265
3.038900,60.025604
3.039000,60.029241
3.039100,60.029519
3.039200,60.028384
3.039300,60.028144
3.039400,60.028037
3.039500,60.024221
3.039600,60.019413
3.039700,60.023788
3.039800,60.026671
3.039900,60.030499
3.040000,60.036021
3.040100,60.033056
3.040200,60.029059
3.040300,60.023588
3.040400,60.031258
3.040500,60.026374
3.040600,60.033808
3.040700,60.026439
3.040800,60.025528
3.040900,60.021963
3.041000,60.016114
3.041100,60.014663
3.041200,60.021519
3.041300,60.021022
3.041400,60.028887
3.041500,60.028079
3.041600,60.035832
3.041700,60.049117
3.041800,60.039493
3.041900,60.035080
3.042000,60.047159
3.042100,60.045604
3.042200,60.034250
3.042300,60.031688
3.042400,60.040048
3.042500,60.039808
3.042600,60.034233
3.042700,60.041283
3.042800,60.044000
3.042900,60.045264
3.043000,60.043243
3.043100,60.039946
3.043200,60.044395
3.043300,60.045625
3.043400,60.044081
3.043500,60.045677
3.043600,60.045434
3.043700,60.044225
3.043800,60.043583
3.043900,60.043726
3.044000,60.043911
3.044100,60.043180
3.044200,60.043735
3.044300,60.042735
3.044400,60.043271
3.044500,60.044642
3.044600,60.045874
3.044700,60.045701
3.044800,60.045909
3.044900,60.044182
3.045000,60.047149
3.045100,60.045298
3.045200,60.043242
3.045300,60.040423
3.045400,60.039529
3.045500,60.040622
3.045600,60.041542
3.045700,60.043495
3.045800,60.041980
3.045900,60.042801
3.046000,60.045721
3.046100,60.046120
3.046200,60.043157
3.046300,60.040230
3.046400,60.040843
3.046500,60.042910
3.046600,60.044499
3.046700,60.044449
3.046800,60.042947
3.046900,60.042912
3.047000,60.040737
3.047100,60.040872
3.047200,60.044892
3.047300,60.041938
3.047400,60.040711
3.047500,60.040497
3.047600,60.038730
3.047700,60.035383
3.047800,60.039486
3.047900,60.045085
3.048000,60.048801
3.048100,60.051959
3.048200,60.048322
3.048300,60.042801
3.048400,60.039649
3.048500,60.039125
3.048600,60.037479
3.048700,60.035049
3.048800,60.040665
3.048900,60.035270
3.049000,60.029803
3.049100,60.030813
3.049200,60.037403
3.049300,60.029791
3.049400,60.028498
3.049500,60.038945
3.049600,60.041559
3.049700,60.036992
3.049800,60.029366
3.049900,60.030431
3.050000,60.044088
3.050100,60.042869
3.050200,60.031747
3.050300,60.029133
3.050400,60.015979
3.050500,60.025820
3.050600,60.033670
3.050700,60.037620
3.050800,60.026381
3.050900,60.019304
3.051000,60.026873
3.051100,60.021097
3.051200,60.012270
3.051300,60.012906
3.051400,60.014715
3.051500,60.012817
3.051600,60.015084
3.051700,60.017742
3.051800,60.016553
3.051900,60.016236
3.052000,60.016255
3.052100,60.015858
3.052200,60.015299
3.052300,60.015380
3.052400,60.015247
3.052500,60.015522
3.052600,60.014730
3.052700,60.015693
3.052800,60.015179
3.052900,60.016211
3.053000,60.015842
3.053100,60.018128
3.053200,60.018950
3.053300,60.017856
3.053400,60.018807
3.053500,60.019816
3.053600,60.020256
3.053700,60.021837
3.053800,60.019064
3.053900,60.021107
3.054000,60.018282
3.054100,60.018649
3.054200,60.019313
3.054300,60.016210
3.054400,60.012646
3.054500,60.015631
3.054600,60.013788
3.054700,60.017166
3.054800,60.017371
3.054900,60.013574
3.055000,60.017290
3.055100,60.014225
3.055200,60.012841
3.055300,60.011416
3.055400,60.013117
3.055500,60.013478
3.055600,60.010494
3.055700,60.012687
3.055800,60.013643
3.055900,60.009940
3.056000,60.009720
3.056100,60.007183
3.056200,60.001847
3.056300,59.996177
3.056400,59.999888
3.056500,60.001582
3.056600,60.005240
3.056700,60.005319
3.056800,60.004123
3.056900,60.001323
3.057000,60.000763
3.057100,60.007576
3.057200,60.005969
3.057300,60.005433
3.057400,60.001126
3.057500,59.992290
3.057600,59.993474
3.057700,59.996280
3.057800,59.988416
3.057900,59.994663
3.058000,59.993644
3.058100,59.991494
3.058200,59.991376
3.058300,59.997702
3.058400,59.992662
3.058500,59.987470
3.058600,59.993988
3.058700,59.991286
3.058800,60.000249
3.058900,59.998123
3.059000,59.984786
3.059100,59.986223
3.059200,59.996402
3.059300,59.997043
3.059400,59.993869
3.059500,59.983820
3.059600,59.985190
3.059700,59.984680
3.059800,59.987693
3.059900,59.984654
3.060000,59.980050
3.060100,59.983455
3.060200,59.981985
3.060300,59.984428
3.060400,59.985397
3.060500,59.985953
3.060600,59.986606
3.060700,59.986270
3.060800,59.986183
3.060900,59.985728
3.061000,59.985640
3.061100,59.985769
3.061200,59.987176
3.061300,59.987219
3.061400,59.986611
3.061500,59.987417
3.061600,59.986397
3.061700,59.985579
3.061800,59.982981
3.061900,59.982559
3.062000,59.983581
3.062100,59.985075
3.062200,59.986088
3.062300,59.984980
3.062400,59.988029
3.062500,59.991553
3.062600,59.992066
3.062700,59.990614
3.062800,59.991602
3.062900,59.990812
3.063000,59.993039
3.063100,59.991898
3.063200,59.995726
3.063300,59.993008
3.063400,59.991181
3.063500,59.990226
3.063600,59.993341
3.063700,59.997571
3.063800,59.995648
3.063900,59.997908
3.064000,60.002466
3.064100,60.002123
3.064200,59.998740
3.064300,59.998921
3.064400,60.003334
3.064500,60.003049
3.064600,59.997795
3.064700,59.996325
3.064800,59.997829
3.064900,59.994167
3.065000,59.989275
3.065100,59.988844
3.065200,59.988251
3.065300,59.981221
3.065400,59.983511
3.065500,59.978788
3.065600,59.977747
3.065700,59.985834
3.065800,59.994811
3.065900,60.003422
3.066000,60.004421
3.066100,60.007684
3.066200,60.009644
3.066300,60.016130
3.066400,60.014633
3.066500,60.016904
3.066600,60.028401
3.066700,60.024304
3.066800,60.015070
3.066900,60.020771
3.067000,60.019039
3.067100,60.029609
3.067200,60.016413
3.067300,60.026975
3.067400,60.036368
3.067500,60.028355
3.067600,60.038721
3.067700,60.030664
3.067800,60.031811
3.067900,60.031756
3.068000,60.026946
3.068100,60.031954
3.068200,60.026207
3.068300,60.025983
3.068400,60.029310
3.068500,60.026002
3.068600,60.027266
3.068700,60.025543
3.068800,60.025239
3.068900,60.025682
3.069000,60.025682
3.069100,60.025394
3.069200,60.025115
3.069300,60.025169
3.069400,60.024063
3.069500,60.022496
3.069600,60.022931
3.069700,60.022522
3.069800,60.022820
3.069900,60.020588
3.070000,60.023051
3.070100,60.024202
3.070200,60.022756
3.070300,60.022123
3.070400,60.023639
3.070500,60.022570
3.070600,60.022068
3.070700,60.024052
3.070800,60.023674
3.070900,60.023413
3.071000,60.025356
3.071100,60.028810
3.071200,60.028749
3.071300,60.031238
3.071400,60.033301
3.071500,60.031240
3.071600,60.032082
3.071700,60.035433
3.071800,60.033983
3.071900,60.035483
3.072000,60.034385
3.072100,60.034892
3.072200,60.031501
3.072300,60.032481
3.072400,60.032200
3.072500,60.027395
3.072600,60.028979
3.072700,60.032923
3.072800,60.032740
3.072900,60.031577
3.073000,60.034870
3.073100,60.030318
3.073200,60.031413
3.073300,60.037755
3.073400,60.032743
3.073500,60.037932
3.073600,60.032090
3.073700,60.039808
3.073800,60.038167
3.073900,60.043093
3.074000,60.050971
3.074100,60.056559
3.074200,60.064619
3.074300,60.060476
3.074400,60.052621
3.074500,60.049918
3.074600,60.046404
3.074700,60.055606
3.074800,60.056689
3.074900,60.046696
3.075000,60.053272
3.075100,60.039866
3.075200,60.051791
3.075300,60.049213
3.075400,60.045258
3.075500,60.050380
3.075600,60.050884
3.075700,60.039294
3.075800,60.038111
3.075900,60.032062
3.076000,60.032055
3.076100,60.030112
3.076200,60.021108
3.076300,60.021788
3.076400,60.019917
3.076500,60.023255
3.076600,60.023277
3.076700,60.020741
3.076800,60.021813
3.076900,60.022220
3.077000,60.023394
3.077100,60.023621
3.077200,60.023379
3.077300,60.023490
3.077400,60.023676
3.077500,60.023093
3.077600,60.022539
3.077700,60.021512
3.077800,60.021133
3.077900,60.021770
3.078000,60.022741
3.078100,60.024111
3.078200,60.022986
3.078300,60.022922
3.078400,60.022941
3.078500,60.020443
3.078600,60.017746
3.078700,60.017736
3.078800,60.018214
3.078900,60.020317
3.079000,60.023595
3.079100,60.022280
3.079200,60.025104
3.079300,60.022311
3.079400,60.020923
3.079500,60.023689
3.079600,60.023346
3.079700,60.021359
3.079800,60.017824
3.079900,60.015942
3.080000,60.015383
3.080100,60.017404
3.080200,60.020192
3.080300,60.023807
3.080400,60.020900
3.080500,60.018734
3.080600,60.014603
3.080700,60.014389
3.080800,60.015326
3.080900,60.011957
3.081000,60.008006
3.081100,60.005867
3.081200,60.000958
3.081300,59.999206
3.081400,59.995144
3.081500,60.000525
3.081600,59.996942
3.081700,59.991153
3.081800,59.993632
3.081900,59.997830
3.082000,60.004810
3.082100,60.005311
3.082200,60.001810
3.082300,60.000687
3.082400,59.994956
3.082500,60.004466
3.082600,60.008403
3.082700,60.001956
3.082800,59.992834
3.082900,59.999976
3.083000,59.996808
3.083100,60.004970
3.083200,60.003336
3.083300,60.009649
3.083400,60.015969
3.083500,60.002317
3.083600,60.005053
3.083700,60.001051
3.083800,59.992744
3.083900,59.999059
3.084000,60.004031
3.084100,60.000071
3.084200,59.990481
3.084300,59.988950
3.084400,59.978088
3.084500,59.981171
3.084600,59.975481
3.084700,59.981522
3.084800,59.982207
3.084900,59.982953
3.085000,59.984965
3.085100,59.985467
3.085200,59.982928
3.085300,59.981576
3.085400,59.981815
3.085500,59.982055
3.085600,59.982029
3.085700,59.982335
3.085800,59.981443
3.085900,59.982526
3.086000,59.982011
3.086100,59.983008
3.086200,59.982947
3.086300,59.982189
3.086400,59.982002
3.086500,59.981724
3.086600,59.983316
3.086700,59.980940
3.086800,59.979833
3.086900,59.980728
3.087000,59.981561
3.087100,59.978539
3.087200,59.980604
3.087300,59.977140
3.087400,59.978928
3.087500,59.980475
3.087600,59.982142
3.087700,59.982354
3.087800,59.980169
3.087900,59.980477
3.088000,59.980467
3.088100,59.980572
3.088200,59.983848
3.088300,59.986366
3.088400,59.986905
3.088500,59.983003
3.088600,59.981524
3.088700,59.979497
3.088800,59.975454
3.088900,59.975328
3.089000,59.974744
3.089100,59.977455
3.089200,59.975538
3.089300,59.972575
3.089400,59.972759
3.089500,59.977729
3.089600,59.979255
3.089700,59.984587
3.089800,59.987311
3.089900,59.993083
3.090000,59.996828
3.090100,59.993822
3.090200,59.998007
3.090300,59.996663
3.090400,59.996517
3.090500,60.000805
3.090600,60.000942
3.090700,60.001689
3.090800,60.001974
3.090900,60.010782
3.091000,60.005512
3.091100,60.008039
3.091200,60.016125
3.091300,60.021004
3.091400,60.017153
3.091500,60.018271
3.091600,60.010547
3.091700,60.017517
3.091800,60.014091
3.091900,60.011760
3.092000,60.019560
3.092100,60.019053
3.092200,60.017763
3.092300,60.019229
3.092400,60.019533
3.092500,60.029625
3.092600,60.041869
3.092700,60.036358
3.092800,60.046626
3.092900,60.051177
3.093000,60.054830
3.093100,60.058618
3.093200,60.060342
3.093300,60.063205
3.093400,60.064655
3.093500,60.064227
3.093600,60.066201
3.093700,60.065605
3.093800,60.065461
3.093900,60.064955
3.094000,60.064857
3.094100,60.065407
3.094200,60.066190
3.094300,60.065599
3.094400,60.066324
3.094500,60.067574
3.094600,60.068841
3.094700,60.069210
3.094800,60.070912
3.094900,60.072551
3.095000,60.070640
3.095100,60.071992
3.095200,60.074977
3.095300,60.075261
3.095400,60.073352
3.095500,60.074815
3.095600,60.071602
3.095700,60.074533
3.095800,60.071384
3.095900,60.068184
3.096000,60.068558
3.096100,60.070235
3.096200,60.072711
3.096300,60.070775
3.096400,60.069228
3.096500,60.066038
3.096600,60.067926
3.096700,60.068634
3.096800,60.070739
3.096900,60.072186
3.097000,60.073744
3.097100,60.074048
3.097200,60.075134
3.097300,60.073668
3.097400,60.077108
3.097500,60.073104
3.097600,60.077681
3.097700,60.080984
3.097800,60.085115
3.097900,60.085806
3.098000,60.081049
3.098100,60.078024
3.098200,60.075370
3.098300,60.076843
3.098400,60.074246
3.098500,60.077283
3.098600,60.075873
3.098700,60.079012
3.098800,60.074070
3.098900,60.082273
3.099000,60.074273
3.099100,60.081660
3.099200,60.081097
3.099300,60.080456
3.099400,60.080637
3.099500,60.078285
3.099600,60.071475
3.099700,60.060043
3.099800,60.050083
3.099900,60.050956
3.100000,60.056557
3.100100,60.052209
3.100200,60.048067
3.100300,60.050538
3.100400,60.059644
3.100500,60.047524
3.100600,60.039174
3.100700,60.037793
3.100800,60.025936
3.100900,60.029026
3.101000,60.021889
3.101100,60.023226
3.101200,60.030761
3.101300,60.023343
3.101400,60.019279
3.101500,60.023682
3.101600,60.027709
3.101700,60.024217
3.101800,60.023303
3.101900,60.022912
3.102000,60.024412
3.102100,60.024774
3.102200,60.024475
3.102300,60.024492
3.102400,60.024865
3.102500,60.024546
3.102600,60.023658
3.102700,60.023815
3.102800,60.025314
3.102900,60.023223
3.103000,60.022536
3.103100,60.020608
3.103200,60.021967
3.103300,60.020549
3.103400,60.018179
3.103500,60.019019
3.103600,60.021430
3.103700,60.022560
3.103800,60.022468
3.103900,60.023231
3.104000,60.022623
3.104100,60.021936
3.104200,60.019153
3.104300,60.018220
3.104400,60.017184
3.104500,60.020170
3.104600,60.021438
3.104700,60.023853
3.104800,60.021136
3.104900,60.022755
3.105000,60.019976
3.105100,60.019310
3.105200,60.016457
3.105300,60.015441
3.105400,60.019298
3.105500,60.019361
3.105600,60.014983
3.105700,60.012174
3.105800,60.008016
3.105900,60.009120
3.106000,60.013364
3.106100,60.013246
3.106200,60.011161
3.106300,60.013260
3.106400,60.015082
3.106500,60.015303
3.106600,60.018582
3.106700,60.022118
3.106800,60.017171
3.106900,60.019859
3.107000,60.017630
3.107100,60.015959
3.107200,60.012360
3.107300,60.015926
3.107400,60.015187
3.107500,60.014728
3.107600,60.014059
3.107700,60.015342
3.107800,60.024375
3.107900,60.019753
3.108000,60.015020
3.108100,60.017039
3.108200,60.027592
3.108300,60.018395
3.108400,60.024444
3.108500,60.038259
3.108600,60.025719
3.108700,60.033055
3.108800,60.040611
3.108900,60.052460
3.109000,60.038726
3.109100,60.028400
3.109200,60.022592
3.109300,60.019387
3.109400,60.019717
3.109500,60.012665
3.109600,60.006005
3.109700,60.005810
3.109800,60.005186
3.109900,60.003559
3.110000,60.007727
3.110100,60.010350
3.110200,60.009390
3.110300,60.009441
3.110400,60.009985
3.110500,60.010104
3.110600,60.010379
3.110700,60.010439
3.110800,60.010604
3.110900,60.010757
3.111000,60.010590
3.111100,60.010174
3.111200,60.011683
3.111300,60.009632
3.111400,60.011286
3.111500,60.010821
3.111600,60.010319
3.111700,60.007734
3.111800,60.007676
3.111900,60.010007
3.112000,60.010187
3.112100,60.011788
3.112200,60.012699
3.112300,60.011897
3.112400,60.011199
3.112500,60.009360
3.112600,60.012652
3.112700,60.015500
3.112800,60.012748
3.112900,60.014520
3.113000,60.011614
3.113100,60.010902
3.113200,60.007670
3.113300,60.009880
3.113400,60.008712
3.113500,60.010499
3.113600,60.011432
3.113700,60.009373
3.113800,60.008046
3.113900,60.010096
3.114000,60.005720
3.114100,60.008649
3.114200,60.009978
3.114300,60.013671
3.114400,60.010550
3.114500,60.009600
3.114600,60.007820
3.114700,60.003712
3.114800,60.004919
3.114900,60.007377
3.115000,60.006260
3.115100,60.005978
3.115200,60.005684
3.115300,60.007222
3.115400,59.999228
3.115500,59.995433
3.115600,59.994634
3.115700,60.003194
3.115800,59.999712
3.115900,59.994866
3.116000,59.993084
3.116100,59.985098
3.116200,59.980839
3.116300,59.991031
3.116400,59.986910
3.116500,59.975356
3.116600,59.977882
3.116700,59.975072
3.116800,59.962698
3.116900,59.968209
3.117000,59.976044
3.117100,59.968484
3.117200,59.972749
3.117300,59.978582
3.117400,59.984423
3.117500,59.974887
3.117600,59.980498
3.117700,59.970742
3.117800,59.965691
3.117900,59.959173
3.118000,59.960828
3.118100,59.955921
3.118200,59.958206
3.118300,59.958117
3.118400,59.958889
3.118500,59.958548
3.118600,59.957880
3.118700,59.958288
3.118800,59.957899
3.118900,59.957887
3.119000,59.957609
3.119100,59.957475
3.119200,59.957105
3.119300,59.955964
3.119400,59.956997
3.119500,59.956325
3.119600,59.955561
3.119700,59.956177
3.119800,59.955402
3.119900,59.954607
3.120000,59.953304
3.120100,59.952630
3.120200,59.951281
3.120300,59.952899
3.120400,59.952807
3.120500,59.953958
3.120600,59.954705
3.120700,59.957779
3.120800,59.960291
3.120900,59.957138
3.121000,59.955971
3.121100,59.957265
3.121200,59.956368
3.121300,59.954261
3.121400,59.954679
3.121500,59.958091
3.121600,59.961371
3.121700,59.964218
3.121800,59.967607
3.121900,59.964939
3.122000,59.965415
3.122100,59.961062
3.122200,59.961458
3.122300,59.960879
3.122400,59.964286
3.122500,59.960363
3.122600,59.956179
3.122700,59.957013
3.122800,59.957533
3.122900,59.958967
3.123000,59.960756
3.123100,59.962893
3.123200,59.958277
3.123300,59.963680
3.123400,59.964521
3.123500,59.959948
3.123600,59.960479
3.123700,59.959485
3.123800,59.958316
3.123900,59.959123
3.124000,59.956020
3.124100,59.949681
3.124200,59.944974
3.124300,59.945505
3.124400,59.936590
3.124500,59.935548
3.124600,59.945699
3.124700,59.943827
3.124800,59.945612
3.124900,59.934657
3.125000,59.931308
3.125100,59.933596
3.125200,59.948535
3.125300,59.933880
3.125400,59.941857
3.125500,59.927046
3.125600,59.937705
3.125700,59.927677
3.125800,59.931394
3.125900,59.918860
3.126000,59.920032
3.126100,59.925416
3.126200,59.922733
3.126300,59.929659
3.126400,59.936163
3.126500,59.938097
3.126600,59.941545
3.126700,59.940185
3.126800,59.937291
3.126900,59.938067
3.127000,59.939460
3.127100,59.939515
3.127200,59.939624
3.127300,59.939519
3.127400,59.939658
3.127500,59.939194
3.127600,59.939287
3.127700,59.939399
3.127800,59.938483
3.127900,59.939721
3.128000,59.939922
3.128100,59.942460
3.128200,59.940922
3.128300,59.941862
3.128400,59.941479
3.128500,59.940327
3.128600,59.943267
3.128700,59.945914
3.128800,59.947110
3.128900,59.949822
3.129000,59.952456
3.129100,59.951274
3.129200,59.948017
3.129300,59.947848
3.129400,59.948337
3.129500,59.947638
3.129600,59.947224
3.129700,59.947608
3.129800,59.949781
3.129900,59.951680
3.130000,59.950985
3.130100,59.949298
3.130200,59.947312
3.130300,59.946385
3.130400,59.944458
3.130500,59.943305
3.130600,59.941593
3.130700,59.944207
3.130800,59.944219
3.130900,59.946390
3.131000,59.944198
3.131100,59.939904
3.131200,59.944909
3.131300,59.942567
3.131400,59.946752
3.131500,59.951173
3.131600,59.956155
3.131700,59.958783
3.131800,59.960669
3.131900,59.966822
3.132000,59.973422
3.132100,59.978737
3.132200,59.972315
3.132300,59.967059
3.132400,59.960494
3.132500,59.955870
3.132600,59.956763
3.132700,59.947379
3.132800,59.957198
3.132900,59.950261
3.133000,59.957445
3.133100,59.946634
3.133200,59.956166
3.133300,59.962426
3.133400,59.961193
3.133500,59.961061
3.133600,59.971525
3.133700,59.958021
3.133800,59.958460
3.133900,59.971227
3.134000,59.969350
3.134100,59.962502
3.134200,59.974164
3.134300,59.981410
3.134400,59.975635
3.134500,59.971129
3.134600,59.968011
3.134700,59.962901
3.134800,59.957957
3.134900,59.961376
3.135000,59.959867
3.135100,59.962993
3.135200,59.962836
3.135300,59.961489
3.135400,59.961848
3.135500,59.961433
3.135600,59.961382
3.135700,59.961157
3.135800,59.960706
3.135900,59.961512
3.136000,59.961686
3.136100,59.960174
3.136200,59.961993
3.136300,59.963146
3.136400,59.962189
3.136500,59.961597
3.136600,59.960385
3.136700,59.959535
3.136800,59.962098
3.136900,59.960617
3.137000,59.958136
3.137100,59.955892
3.137200,59.958138
3.137300,59.955569
3.137400,59.958559
3.137500,59.957576
3.137600,59.958549
3.137700,59.956191
3.137800,59.956186
3.137900,59.956072
3.138000,59.955325
3.138100,59.953722
3.138200,59.954190
3.138300,59.950506
3.138400,59.953556
3.138500,59.952886
3.138600,59.956117
3.138700,59.952910
3.138800,59.948924
3.138900,59.950772
3.139000,59.948883
3.139100,59.950955
3.139200,59.948878
3.139300,59.944988
3.139400,59.948795
3.139500,59.951133
3.139600,59.954549
3.139700,59.955542
3.139800,59.955766
3.139900,59.952984
3.140000,59.957151
3.140100,59.959715
3.140200,59.959446
3.140300,59.960267
3.140400,59.964851
3.140500,59.963149
3.140600,59.965569
3.140700,59.974181
3.140800,59.965381
3.140900,59.970942
3.141000,59.964849
3.141100,59.954959
3.141200,59.963558
3.141300,59.953806
3.141400,59.957793
3.141500,59.959546
3.141600,59.947681
3.141700,59.960580
3.141800,59.958922
3.141900,59.953407
3.142000,59.965234
3.142100,59.960737
3.142200,59.967198
3.142300,59.963022
3.142400,59.964298
3.142500,59.958094
3.142600,59.960653
3.142700,59.950979
3.142800,59.954084
3.142900,59.947924
3.143000,59.946877
3.143100,59.946713
3.143200,59.951583
3.143300,59.947327
3.143400,59.944410
3.143500,59.942423
3.143600,59.944076
3.143700,59.943742
3.143800,59.943821
3.143900,59.943955
3.144000,59.943930
3.144100,59.943968
3.144200,59.943525
3.144300,59.944123
3.144400,59.942624
3.144500,59.944345
3.144600,59.942213
3.144700,59.942941
3.144800,59.942267
3.144900,59.942079
3.145000,59.941925
3.145100,59.940649
3.145200,59.939994
3.145300,59.937911
3.145400,59.938804
3.145500,59.937984
3.145600,59.939615
3.145700,59.942853
3.145800,59.943322
3.145900,59.944122
3.146000,59.940890
3.146100,59.939888
3.146200,59.942298
3.146300,59.943122
3.146400,59.943638
3.146500,59.943507
3.146600,59.943026
3.146700,59.942151
3.146800,59.942125
3.146900,59.938800
3.147000,59.935681
3.147100,59.935684
3.147200,59.934920
3.147300,59.936759
3.147400,59.932837
3.147500,59.935543
3.147600,59.932939
3.147700,59.933035
3.147800,59.933616
3.147900,59.933228
3.148000,59.934898
3.148100,59.930848
3.148200,59.931486
3.148300,59.932647
3.148400,59.935210
3.148500,59.939700
3.148600,59.937033
3.148700,59.940644
3.148800,59.940452
3.148900,59.943117
3.149000,59.951974
3.149100,59.953247
3.149200,59.945394
3.149300,59.949219
3.149400,59.953056
3.149500,59.954934
3.149600,59.948485
3.149700,59.948581
3.149800,59.959693
3.149900,59.963046
3.150000,59.968829
3.150100,59.957259
3.150200,59.958357
3.150300,59.954830
3.150400,59.962600
3.150500,59.976647
3.150600,59.984873
3.150700,59.994006
3.150800,60.001783
3.150900,59.996000
3.151000,59.989949
3.151100,59.991171
3.151200,59.990840
3.151300,59.998943
3.151400,60.006407
3.151500,60.006007
3.151600,60.003550
3.151700,60.006651
3.151800,60.004200
3.151900,60.005513
3.152000,60.005413
3.152100,60.004883
3.152200,60.005112
3.152300,60.005089
3.152400,60.005504
3.152500,60.004648
3.152600,60.004449
3.152700,60.005460
3.152800,60.006333
3.152900,60.006616
3.153000,60.007352
3.153100,60.009108
3.153200,60.010918
3.153300,60.009820
3.153400,60.008179
3.153500,60.005865
3.153600,60.006462
3.153700,60.004350
3.153800,60.006756
3.153900,60.007342
3.154000,60.010155
3.154100,60.007998
3.154200,60.009052
3.154300,60.009430
3.154400,60.010878
3.154500,60.010445
3.154600,60.013899
3.154700,60.011781
3.154800,60.012428
3.154900,60.012807
3.155000,60.011715
3.155100,60.010901
3.155200,60.014507
3.155300,60.016108
3.155400,60.018592
3.155500,60.022042
3.155600,60.023801
3.155700,60.023263
3.155800,60.020132
3.155900,60.015975
3.156000,60.014159
3.156100,60.011957
3.156200,60.007172
3.156300,60.004817
3.156400,60.005287
3.156500,60.003828
3.156600,60.004344
3.156700,60.008355
3.156800,60.004624
3.156900,60.004919
3.157000,60.012317
3.157100,60.019636
3.157200,60.024658
3.157300,60.029133
3.157400,60.028059
3.157500,60.026602
3.157600,60.036114
3.157700,60.041625
3.157800,60.044478
3.157900,60.042832
3.158000,60.032008
3.158100,60.040838
3.158200,60.042482
3.158300,60.030318
3.158400,60.022832
3.158500,60.031252
3.158600,60.042422
3.158700,60.057137
3.158800,60.068173
3.158900,60.063472
3.159000,60.058786
3.159100,60.046209
3.159200,60.049032
3.159300,60.046322
3.159400,60.037731
3.159500,60.033306
3.159600,60.027787
3.159700,60.032885
3.159800,60.026834
3.159900,60.030878
3.160000,60.030521
3.160100,60.031669
3.160200,60.029115
3.160300,60.027303
3.160400,60.027487
3.160500,60.027921
3.160600,60.027913
3.160700,60.028135
3.160800,60.027792
3.160900,60.027153
3.161000,60.027163
3.161100,60.028833
3.161200,60.027036
3.161300,60.027698
3.161400,60.028155
3.161500,60.029772
3.161600,60.028404
3.161700,60.027305
3.161800,60.026286
3.161900,60.026217
3.162000,60.027534
3.162100,60.025594
3.162200,60.025493
3.162300,60.023037
3.162400,60.020410
3.162500,60.018352
3.162600,60.019753
3.162700,60.016900
3.162800,60.017073
3.162900,60.014469
3.163000,60.014286
3.163100,60.012523
3.163200,60.009678
3.163300,60.011920
3.163400,60.012957
3.163500,60.014794
3.163600,60.011481
3.163700,60.011462
3.163800,60.013944
3.163900,60.016624
3.164000,60.019367
3.164100,60.020449
3.164200,60.024121
3.164300,60.024194
3.164400,60.024926
3.164500,60.027058
3.164600,60.026017
3.164700,60.029395
3.164800,60.029901
3.164900,60.027836
3.165000,60.023702
3.165100,60.025244
3.165200,60.029797
3.165300,60.026248
3.165400,60.021361
3.165500,60.021367
3.165600,60.013531
3.165700,60.007750
3.165800,60.005747
3.165900,60.011323
3.166000,60.017098
3.166100,60.010869
3.166200,59.999774
3.166300,60.010036
3.166400,60.016987
3.166500,60.010830
3.166600,60.000489
3.166700,60.004917
3.166800,60.001580
3.166900,60.014121
3.167000,60.007034
3.167100,60.004065
3.167200,59.990926
3.167300,59.981063
3.167400,59.984682
3.167500,59.983942
3.167600,59.989903
3.167700,59.981815
3.167800,59.989577
3.167900,59.996148
3.168000,59.988281
3.168100,59.993450
3.168200,59.988879
3.168300,59.990341
3.168400,59.993487
3.168500,59.994973
3.168600,59.995581
3.168700,59.995784
3.168800,59.994923
3.168900,59.994844
3.169000,59.994463
3.169100,59.994726
3.169200,59.994408
3.169300,59.994262
3.169400,59.992865
3.169500,59.993960
3.169600,59.993309
3.169700,59.991308
3.169800,59.990424
3.169900,59.992870
3.170000,59.991507
3.170100,59.990441
3.170200,59.988351
3.170300,59.989892
3.170400,59.992928
3.170500,59.992456
3.170600,59.989711
3.170700,59.991753
3.170800,59.990276
3.170900,59.989773
3.171000,59.987956
3.171100,59.990940
3.171200,59.992534
3.171300,59.994810
3.171400,59.992096
3.171500,59.995066
3.171600,59.995463
3.171700,59.998206
3.171800,59.996059
3.171900,59.992190
3.172000,59.993367
3.172100,59.992808
3.172200,59.989441
3.172300,59.991229
3.172400,59.993754
3.172500,59.992834
3.172600,59.995410
3.172700,59.996312
3.172800,59.997916
3.172900,59.998008
3.173000,60.001157
3.173100,60.001288
3.173200,60.004112
3.173300,60.001116
3.173400,60.000683
3.173500,60.002330
3.173600,60.004976
3.173700,60.005416
3.173800,59.999621
3.173900,60.001214
3.174000,59.997882
3.174100,59.995446
3.174200,59.995498
3.174300,59.986738
3.174400,59.981993
3.174500,59.975946
3.174600,59.977475
3.174700,59.977037
3.174800,59.979902
3.174900,59.989532
3.175000,59.997530
3.175100,59.984088
3.175200,59.985480
3.175300,59.993506
3.175400,59.979497
3.175500,59.981537
3.175600,59.968641
3.175700,59.977251
3.175800,59.983512
3.175900,59.985139
3.176000,59.992047
3.176100,59.983700
3.176200,59.977842
3.176300,59.975860
3.176400,59.968435
3.176500,59.965048
3.176600,59.968577
3.176700,59.970429
3.176800,59.971545
3.176900,59.971539
3.177000,59.972964
3.177100,59.973133
3.177200,59.973921
3.177300,59.973896
3.177400,59.973918
3.177500,59.974018
3.177600,59.974468
3.177700,59.974168
3.177800,59.973552
3.177900,59.972150
3.178000,59.972566
3.178100,59.970956
3.178200,59.968614
3.178300,59.969925
3.178400,59.972664
3.178500,59.973160
3.178600,59.970506
3.178700,59.968412
3.178800,59.969835
3.178900,59.967363
3.179000,59.969159
3.179100,59.968845
3.179200,59.970385
3.179300,59.967311
3.179400,59.967041
3.179500,59.966635
3.179600,59.968966
3.179700,59.965500
3.179800,59.965321
3.179900,59.965925
3.180000,59.964361
3.180100,59.967652
3.180200,59.968094
3.180300,59.967977
3.180400,59.966238
3.180500,59.968949
3.180600,59.972380
3.180700,59.976664
3.180800,59.980390
3.180900,59.978778
3.181000,59.978599
3.181100,59.983372
3.181200,59.983645
3.181300,59.978355
3.181400,59.976546
3.181500,59.977290
3.181600,59.983350
3.181700,59.986975
3.181800,59.980739
3.181900,59.979745
3.182000,59.976797
3.182100,59.984378
3.182200,59.990565
3.182300,59.986304
3.182400,59.994514
3.182500,59.993386
3.182600,59.999767
3.182700,59.998697
3.182800,60.005282
3.182900,60.014138
3.183000,60.014947
3.183100,60.013565
3.183200,60.021002
3.183300,60.013490
3.183400,60.007697
3.183500,60.003872
3.183600,60.004955
3.183700,59.999783
3.183800,60.006328
3.183900,60.010570
3.184000,60.003069
3.184100,59.993241
3.184200,59.990206
3.184300,59.990762
3.184400,59.984364
3.184500,59.980040
3.184600,59.984247
3.184700,59.982776
3.184800,59.983822
3.184900,59.987107
3.185000,59.988154
3.185100,59.988638
3.185200,59.990419
3.185300,59.990356
3.185400,59.992168
3.185500,59.992267
3.185600,59.991975
3.185700,59.991954
3.185800,59.991890
3.185900,59.992079
3.186000,59.992318
3.186100,59.993970
3.186200,59.992661
3.186300,59.993357
3.186400,59.992286
3.186500,59.990085
3.186600,59.989568
3.186700,59.989635
3.186800,59.987319
3.186900,59.986529
3.187000,59.983862
3.187100,59.986718
3.187200,59.987654
3.187300,59.991024
3.187400,59.990460
3.187500,59.988225
3.187600,59.991310
3.187700,59.989212
3.187800,59.985651
3.187900,59.983651
3.188000,59.982577
3.188100,59.982005
3.188200,59.982672
3.188300,59.983034
3.188400,59.979944
3.188500,59.983616
3.188600,59.979370
3.188700,59.977997
3.188800,59.976745
3.188900,59.974291
3.189000,59.977148
3.189100,59.980606
3.189200,59.978380
3.189300,59.981797
3.189400,59.986831
3.189500,59.989999
3.189600,59.984973
3.189700,59.989047
3.189800,59.990886
3.189900,59.990449
3.190000,59.992877
3.190100,59.993459
3.190200,59.994893
3.190300,59.997424
3.190400,59.994887
3.190500,59.989875
3.190600,59.990049
3.190700,59.998471
3.190800,60.007158
3.190900,60.006461
3.191000,60.010169
3.191100,60.007229
3.191200,60.013623
3.191300,60.025102
3.191400,60.025459
3.191500,60.032663
3.191600,60.040884
3.191700,60.028828
3.191800,60.028741
3.191900,60.035527
3.192000,60.041408
3.192100,60.039189
3.192200,60.047208
3.192300,60.037913
3.192400,60.032282
3.192500,60.045047
3.192600,60.038619
3.192700,60.033570
3.192800,60.026640
3.192900,60.032534
3.193000,60.029688
3.193100,60.036030
3.193200,60.032138
3.193300,60.036838
3.193400,60.039132
3.193500,60.042884
3.193600,60.041846
3.193700,60.043614
3.193800,60.042265
3.193900,60.041666
3.194000,60.041721
3.194100,60.041866
3.194200,60.042329
3.194300,60.041412
3.194400,60.041800
3.194500,60.041459
3.194600,60.039539
3.194700,60.038588
3.194800,60.039022
3.194900,60.038280
3.195000,60.040708
3.195100,60.042284
3.195200,60.041755
3.195300,60.039731
3.195400,60.040802
3.195500,60.040265
3.195600,60.042040
3.195700,60.043942
3.195800,60.042226
3.195900,60.038709
3.196000,60.036906
3.196100,60.039079
3.196200,60.037012
3.196300,60.033722
3.196400,60.030711
3.196500,60.029045
3.196600,60.032257
3.196700,60.034627
3.196800,60.037453
3.196900,60.033855
3.197000,60.037746
3.197100,60.040144
3.197200,60.044337
3.197300,60.047523
3.197400,60.045093
3.197500,60.042647
3.197600,60.046592
3.197700,60.044378
3.197800,60.045877
3.197900,60.050981
3.198000,60.054142
3.198100,60.051781
3.198200,60.050275
3.198300,60.049366
3.198400,60.045400
3.198500,60.044718
3.198600,60.046104
3.198700,60.046131
3.198800,60.054014
3.198900,60.047120
3.199000,60.047122
3.199100,60.049684
3.199200,60.042353
3.199300,60.046803
3.199400,60.055201
3.199500,60.062371
3.199600,60.060618
3.199700,60.060925
3.199800,60.052764
3.199900,60.055709
3.200000,60.048104
3.200100,60.044448
3.200200,60.057928
3.200300,60.060288
3.200400,60.063097
3.200500,60.055421
3.200600,60.051012
3.200700,60.047258
3.200800,60.046602
3.200900,60.050585
3.201000,60.047795
3.201100,60.041701
3.201200,60.037493
3.201300,60.036254
3.201400,60.040207
3.201500,60.039918
3.201600,60.040902
3.201700,60.043480
3.201800,60.041198
3.201900,60.040775
3.202000,60.039285
3.202100,60.039315
3.202200,60.039392
3.202300,60.039303
3.202400,60.038934
3.202500,60.038627
3.202600,60.038848
3.202700,60.040089
3.202800,60.040850
3.202900,60.039695
3.203000,60.037818
3.203100,60.037163
3.203200,60.037774
3.203300,60.039122
3.203400,60.040649
3.203500,60.041133
3.203600,60.042460
3.203700,60.044620
3.203800,60.041420
3.203900,60.044577
3.204000,60.043290
3.204100,60.042034
3.204200,60.040979
3.204300,60.042035
3.204400,60.041293
3.204500,60.038325
3.204600,60.034799
3.204700,60.032773
3.204800,60.032356
3.204900,60.031370
3.205000,60.028474
3.205100,60.031689
3.205200,60.032953
3.205300,60.034562
3.205400,60.031547
3.205500,60.035289
3.205600,60.036416
3.205700,60.033393
3.205800,60.032761
3.205900,60.030228
3.206000,60.033026
3.206100,60.031032
3.206200,60.028307
3.206300,60.031856
3.206400,60.032862
3.206500,60.036244
3.206600,60.040182
3.206700,60.038964
3.206800,60.039818
3.206900,60.032526
3.207000,60.038205
3.207100,60.042781
3.207200,60.043652
3.207300,60.039989
3.207400,60.042648
3.207500,60.044371
3.207600,60.034899
3.207700,60.032823
3.207800,60.034659
3.207900,60.041595
3.208000,60.053290
3.208100,60.052586
3.208200,60.059123
3.208300,60.073087
3.208400,60.059856
3.208500,60.050553
3.208600,60.047970
3.208700,60.050587
3.208800,60.038154
3.208900,60.041792
3.209000,60.054280
3.209100,60.042268
3.209200,60.046627
3.209300,60.047918
3.209400,60.056992
3.209500,60.048722
3.209600,60.043646
3.209700,60.040371
3.209800,60.037492
3.209900,60.037286
3.210000,60.032834
3.210100,60.035009
3.210200,60.035198
3.210300,60.036230
3.210400,60.036872
3.210500,60.037288
3.210600,60.037492
3.210700,60.037495
3.210800,60.037589
3.210900,60.038500
3.211000,60.037198
3.211100,60.037039
3.211200,60.035762
3.211300,60.033779
3.211400,60.035823
3.211500,60.034052
3.211600,60.036299
3.211700,60.037969
3.211800,60.038359
3.211900,60.036043
3.212000,60.033460
3.212100,60.034663
3.212200,60.034563
3.212300,60.033245
3.212400,60.033583
3.212500,60.036334
3.212600,60.036803
3.212700,60.035649
3.212800,60.035177
3.212900,60.036100
3.213000,60.035772
3.213100,60.038274
3.213200,60.037658
3.213300,60.040343
3.213400,60.040838
3.213500,60.038544
3.213600,60.038637
3.213700,60.041434
3.213800,60.041731
3.213900,60.045147
3.214000,60.046440
3.214100,60.043127
3.214200,60.039685
3.214300,60.037296
3.214400,60.038030
3.214500,60.034188
3.214600,60.037436
3.214700,60.042708
3.214800,60.037698
3.214900,60.036261
3.215000,60.032306
3.215100,60.031410
3.215200,60.034040
3.215300,60.027174
3.215400,60.031186
3.215500,60.023127
3.215600,60.019939
3.215700,60.012512
3.215800,60.020527
3.215900,60.015091
3.216000,60.020884
3.216100,60.013021
3.216200,60.005497
3.216300,60.010948
3.216400,60.015607
3.216500,60.008567
3.216600,60.002076
3.216700,59.995743
3.216800,59.997135
3.216900,59.999244
3.217000,59.987319
3.217100,59.985591
3.217200,59.992182
3.217300,59.996845
3.217400,60.009947
3.217500,60.011090
3.217600,60.021464
3.217700,60.010973
3.217800,60.007667
3.217900,60.013345
3.218000,60.005572
3.218100,60.008239
3.218200,60.009098
3.218300,60.007443
3.218400,60.007370
3.218500,60.005534
3.218600,60.006619
3.218700,60.006833
3.218800,60.007090
3.218900,60.007134
3.219000,60.007437
3.219100,60.006639
3.219200,60.006682
3.219300,60.007349
3.219400,60.005484
3.219500,60.007258
3.219600,60.008294
3.219700,60.010400
3.219800,60.012585
3.219900,60.014502
3.220000,60.017065
3.220100,60.014345
3.220200,60.014390
3.220300,60.012347
3.220400,60.011342
3.220500,60.013702
3.220600,60.012552
3.220700,60.012102
3.220800,60.008779
3.220900,60.007014
3.221000,60.008626
3.221100,60.010895
3.221200,60.010731
3.221300,60.008740
3.221400,60.009314
3.221500,60.012763
3.221600,60.014129
3.221700,60.015443
3.221800,60.015370
3.221900,60.016709
3.222000,60.015382
3.222100,60.013087
3.222200,60.016858
3.222300,60.013197
3.222400,60.011719
3.222500,60.012444
3.222600,60.010676
3.222700,60.009205
3.222800,60.005172
3.222900,60.008859
3.223000,60.010233
3.223100,60.005451
3.223200,60.005638
3.223300,60.003890
3.223400,60.000857
3.223500,60.004969
3.223600,60.010169
3.223700,60.015964
3.223800,60.020683
3.223900,60.015612
3.224000,60.009667
3.224100,60.014820
3.224200,60.019504
3.224300,60.023243
3.224400,60.014177
3.224500,60.003593
3.224600,59.998340
3.224700,60.003963
3.224800,60.009386
3.224900,60.012524
3.225000,60.016919
3.225100,60.015407
3.225200,60.016890
3.225300,60.021366
3.225400,60.008424
3.225500,60.004716
3.225600,60.009597
3.225700,60.003879
3.225800,60.014736
3.225900,60.013905
3.226000,60.005881
3.226100,60.003706
3.226200,60.011001
3.226300,60.007330
3.226400,60.005048
3.226500,60.000462
3.226600,59.998876
3.226700,60.002574
3.226800,60.000984
3.226900,60.002585
3.227000,60.003123
3.227100,60.002608
3.227200,60.002624
3.227300,60.002664
3.227400,60.002385
3.227500,60.002329
3.227600,60.001223
3.227700,60.001425
3.227800,60.002802
3.227900,60.002846
3.228000,60.002868
3.228100,60.001862
3.228200,60.001362
3.228300,60.001894
3.228400,60.001106
3.228500,59.999306
3.228600,60.000616
3.228700,60.002718
3.228800,60.004998
3.228900,60.003569
3.229000,60.000332
3.229100,59.997675
3.229200,59.994587
3.229300,59.997428
3.229400,59.995619
3.229500,59.996088
3.229600,59.998326
3.229700,60.001774
3.229800,60.001629
3.229900,60.001948
3.230000,60.001207
3.230100,60.003757
3.230200,60.001804
3.230300,60.002179
3.230400,60.000389
3.230500,59.997970
3.230600,60.000020
3.230700,59.997909
3.230800,60.001983
3.230900,60.004504
3.231000,60.007301
3.231100,60.008529
3.231200,60.008547
3.231300,60.010701
3.231400,60.005767
3.231500,60.000860
3.231600,60.002938
3.231700,59.997556
3.231800,59.994108
3.231900,59.995429
3.232000,59.996127
3.232100,59.989766
3.232200,59.995944
3.232300,59.995847
3.232400,59.992052
3.232500,59.996057
3.232600,59.987862
3.232700,59.987936
3.232800,59.986324
3.232900,59.993699
3.233000,59.990850
3.233100,59.990430
3.233200,60.003347
3.233300,60.006098
3.233400,60.014077
3.233500,60.015575
3.233600,60.019905
3.233700,60.035114
3.233800,60.033608
3.233900,60.036922
3.234000,60.045252
3.234100,60.057871
3.234200,60.050684
3.234300,60.039044
3.234400,60.047829
3.234500,60.047288
3.234600,60.043191
3.234700,60.043109
3.234800,60.043909
3.234900,60.047093
3.235000,60.048507
3.235100,60.045096
3.235200,60.044223
3.235300,60.045081
3.235400,60.044022
3.235500,60.043526
3.235600,60.043537
3.235700,60.043964
3.235800,60.044759
3.235900,60.044611
3.236000,60.043119
3.236100,60.044085
3.236200,60.044984
3.236300,60.046132
3.236400,60.044331
3.236500,60.043185
3.236600,60.042611
3.236700,60.044565
3.236800,60.043729
3.236900,60.043434
3.237000,60.043587
3.237100,60.044143
3.237200,60.042986
3.237300,60.045766
3.237400,60.046244
3.237500,60.044821
3.237600,60.043173
3.237700,60.043414
3.237800,60.044562
3.237900,60.042184
3.238000,60.039786
3.238100,60.039894
3.238200,60.043402
3.238300,60.043371
3.238400,60.044037
3.238500,60.046793
3.238600,60.044571
3.238700,60.046722
3.238800,60.047670
3.238900,60.051135
3.239000,60.050011
3.239100,60.046710
3.239200,60.043011
3.239300,60.040532
3.239400,60.039532
3.239500,60.037339
3.239600,60.034290
3.239700,60.029218
3.239800,60.026540
3.239900,60.023665
3.240000,60.028670
3.240100,60.030682
3.240200,60.026926
3.240300,60.031211
3.240400,60.035623
3.240500,60.030618
3.240600,60.022715
3.240700,60.016837
3.240800,60.011566
3.240900,60.018859
3.241000,60.017879
3.241100,60.016735
3.241200,60.023330
3.241300,60.031025
3.241400,60.026551
3.241500,60.024475
3.241600,60.018998
3.241700,60.017002
3.241800,60.018060
3.241900,60.013676
3.242000,60.002449
3.242100,60.007032
3.242200,60.011859
3.242300,60.013552
3.242400,60.018836
3.242500,60.008680
3.242600,60.013156
3.242700,60.016636
3.242800,60.014581
3.242900,60.012935
3.243000,60.013707
3.243100,60.019553
3.243200,60.018025
3.243300,60.020526
3.243400,60.017974
3.243500,60.016099
3.243600,60.014379
3.243700,60.013563
3.243800,60.013118
3.243900,60.013218
3.244000,60.013235
3.244100,60.012823
3.244200,60.012841
3.244300,60.013846
3.244400,60.014003
3.244500,60.012991
3.244600,60.014100
3.244700,60.013441
3.244800,60.015805
3.244900,60.013266
3.245000,60.010864
3.245100,60.012315
3.245200,60.010596
3.245300,60.009414
3.245400,60.012702
3.245500,60.010277
3.245600,60.009676
3.245700,60.009712
3.245800,60.009606
3.245900,60.006651
3.246000,60.003294
3.246100,60.006700
3.246200,60.006481
3.246300,60.004106
3.246400,60.001471
3.246500,60.001112
3.246600,60.000207
3.246700,59.997408
3.246800,59.999169
3.246900,60.002604
3.247000,60.000478
3.247100,59.997411
3.247200,60.001102
3.247300,59.999836
3.247400,59.996140
3.247500,59.997229
3.247600,59.993402
3.247700,59.994081
3.247800,59.990908
3.247900,59.996305
3.248000,59.995300
3.248100,60.000414
3.248200,59.998526
3.248300,60.003638
3.248400,60.001984
3.248500,60.006155
3.248600,60.008168
3.248700,60.001781
3.248800,60.006678
3.248900,60.008501
3.249000,60.009433
3.249100,60.011878
3.249200,60.020194
3.249300,60.015385
3.249400,60.023005
3.249500,60.017240
3.249600,60.007546
3.249700,60.012445
3.249800,60.000044
3.249900,59.994700
3.250000,59.986362
3.250100,59.984720
3.250200,59.987366
3.250300,59.982681
3.250400,59.991162
3.250500,59.981883
3.250600,59.983114
3.250700,59.971667
3.250800,59.975424
3.250900,59.966499
3.251000,59.970567
3.251100,59.963942
3.251200,59.964728
3.251300,59.972876
3.251400,59.979433
3.251500,59.978232
3.251600,59.978285
3.251700,59.978198
3.251800,59.975871
3.251900,59.978682
3.252000,59.978312
3.252100,59.977164
3.252200,59.977002
3.252300,59.976654
3.252400,59.976788
3.252500,59.977117
3.252600,59.976736
3.252700,59.976594
3.252800,59.976848
3.252900,59.976791
3.253000,59.975839
3.253100,59.976819
3.253200,59.977967
3.253300,59.980077
3.253400,59.978838
3.253500,59.976250
3.253600,59.976462
3.253700,59.977627
3.253800,59.976544
3.253900,59.974992
3.254000,59.973040
3.254100,59.974616
3.254200,59.975363
3.254300,59.973316
3.254400,59.976703
3.254500,59.973636
3.254600,59.976729
3.254700,59.975859
3.254800,59.973503
3.254900,59.974432
3.255000,59.972618
3.255100,59.972812
3.255200,59.973767
3.255300,59.972813
3.255400,59.970841
3.255500,59.971679
3.255600,59.971030
3.255700,59.967626
3.255800,59.966320
3.255900,59.968812
3.256000,59.967075
3.256100,59.970115
3.256200,59.966029
3.256300,59.968344
3.256400,59.964155
3.256500,59.961854
3.256600,59.966217
3.256700,59.959658
3.256800,59.963554
3.256900,59.968734
3.257000,59.971868
3.257100,59.976179
3.257200,59.973875
3.257300,59.971003
3.257400,59.967283
3.257500,59.970259
3.257600,59.964941
3.257700,59.966219
3.257800,59.965546
3.257900,59.962509
3.258000,59.965449
3.258100,59.960691
3.258200,59.952972
3.258300,59.949911
3.258400,59.940583
3.258500,59.949772
3.258600,59.957777
3.258700,59.946628
3.258800,59.939661
3.258900,59.933936
3.259000,59.940253
3.259100,59.946872
3.259200,59.952695
3.259300,59.945870
3.259400,59.943311
3.259500,59.945569
3.259600,59.946909
3.259700,59.941504
3.259800,59.941164
3.259900,59.936274
3.260000,59.940372
3.260100,59.943034
3.260200,59.944795
3.260300,59.945707
3.260400,59.945893
3.260500,59.946060
3.260600,59.945865
3.260700,59.945742
3.260800,59.945716
3.260900,59.945743
3.261000,59.946768
3.261100,59.948623
3.261200,59.949652
3.261300,59.951804
3.261400,59.951227
3.261500,59.952939
3.261600,59.951010
3.261700,59.954127
3.261800,59.952129
3.261900,59.950399
3.262000,59.952215
3.262100,59.949930
3.262200,59.948968
3.262300,59.950491
3.262400,59.950079
3.262500,59.951989
3.262600,59.948930
3.262700,59.947442
3.262800,59.946662
3.262900,59.949248
3.263000,59.948890
3.263100,59.945794
3.263200,59.945844
3.263300,59.945315
3.263400,59.949073
3.263500,59.951886
3.263600,59.951041
3.263700,59.952816
3.263800,59.950442
3.263900,59.947885
3.264000,59.948379
3.264100,59.946230
3.264200,59.949300
3.264300,59.949080
3.264400,59.948691
3.264500,59.945223
3.264600,59.941773
3.264700,59.941013
3.264800,59.936636
3.264900,59.933039
3.265000,59.936635
3.265100,59.936937
3.265200,59.936074
3.265300,59.935936
3.265400,59.941936
3.265500,59.938936
3.265600,59.945760
3.265700,59.951481
3.265800,59.960123
3.265900,59.969861
3.266000,59.974955
3.266100,59.975308
3.266200,59.985717
3.266300,59.996142
3.266400,59.984395
3.266500,59.993941
3.266600,59.998153
3.266700,60.007187
3.266800,60.011500
3.266900,60.022053
3.267000,60.020561
3.267100,60.013177
3.267200,60.013523
3.267300,60.011149
3.267400,60.000754
3.267500,60.006149
3.267600,60.009734
3.267700,60.012315
3.267800,60.013919
3.267900,60.018225
3.268000,60.025740
3.268100,60.029456
3.268200,60.026392
3.268300,60.029988
3.268400,60.026534
3.268500,60.026722
3.268600,60.026624
3.268700,60.027026
3.268800,60.025869
3.268900,60.026556
3.269000,60.026670
3.269100,60.026865
3.269200,60.026626
3.269300,60.027542
3.269400,60.026438
3.269500,60.027779
3.269600,60.027328
3.269700,60.028349
3.269800,60.028241
3.269900,60.030767
3.270000,60.032515
3.270100,60.033416
3.270200,60.033302
3.270300,60.036080
3.270400,60.035804
3.270500,60.033912
3.270600,60.037084
3.270700,60.035471
3.270800,60.034173
3.270900,60.032792
3.271000,60.030157
3.271100,60.033803
3.271200,60.034522
3.271300,60.036732
3.271400,60.037055
3.271500,60.034749
3.271600,60.030966
3.271700,60.029290
3.271800,60.027919
3.271900,60.023832
3.272000,60.027465
3.272100,60.024536
3.272200,60.022313
3.272300,60.024523
3.272400,60.026884
3.272500,60.025878
3.272600,60.021628
3.272700,60.019259
3.272800,60.018499
3.272900,60.020596
3.273000,60.023106
3.273100,60.021258
3.273200,60.015859
3.273300,60.017102
3.273400,60.021022
3.273500,60.018019
3.273600,60.016143
3.273700,60.020990
3.273800,60.019936
3.273900,60.022020
3.274000,60.025865
3.274100,60.018193
3.274200,60.023851
3.274300,60.018882
3.274400,60.023129
3.274500,60.011655
3.274600,60.011364
3.274700,60.022382
3.274800,60.033952
3.274900,60.041029
3.275000,60.034437
3.275100,60.038926
3.275200,60.028349
3.275300,60.017804
3.275400,60.018126
3.275500,60.024503
3.275600,60.038009
3.275700,60.051953
3.275800,60.044633
3.275900,60.057067
3.276000,60.067259
3.276100,60.058186
3.276200,60.049795
3.276300,60.047221
3.276400,60.043496
3.276500,60.043962
3.276600,60.043370
3.276700,60.042850
3.276800,60.045858
3.276900,60.042939
3.277000,60.043268
3.277100,60.043225
3.277200,60.042862
3.277300,60.042969
3.277400,60.043096
3.277500,60.043510
3.277600,60.042632
3.277700,60.042594
3.277800,60.041244
3.277900,60.040119
3.278000,60.042032
3.278100,60.042528
3.278200,60.042407
3.278300,60.040698
3.278400,60.039114
3.278500,60.041342
3.278600,60.041619
3.278700,60.043448
3.278800,60.046146
3.278900,60.044164
3.279000,60.041799
3.279100,60.039084
3.279200,60.042214
3.279300,60.043879
3.279400,60.044694
3.279500,60.045061
3.279600,60.047666
3.279700,60.045884
3.279800,60.049361
3.279900,60.047180
3.280000,60.047610
3.280100,60.050552
3.280200,60.050612
3.280300,60.049838
3.280400,60.047946
3.280500,60.047506
3.280600,60.048298
3.280700,60.046526
3.280800,60.047457
3.280900,60.049279
3.281000,60.045046
3.281100,60.040934
3.281200,60.040683
3.281300,60.044915
3.281400,60.048210
3.281500,60.044318
3.281600,60.041105
3.281700,60.042592
3.281800,60.042223
3.281900,60.038383
3.282000,60.041681
3.282100,60.039727
3.282200,60.042685
3.282300,60.050985
3.282400,60.043385
3.282500,60.042661
3.282600,60.040276
3.282700,60.036723
3.282800,60.046821
3.282900,60.046261
3.283000,60.052561
3.283100,60.052089
3.283200,60.061760
3.283300,60.063656
3.283400,60.054438
3.283500,60.062048
3.283600,60.056681
3.283700,60.069974
3.283800,60.066367
3.283900,60.072659
3.284000,60.080575
3.284100,60.068427
3.284200,60.060470
3.284300,60.058472
3.284400,60.058737
3.284500,60.058782
3.284600,60.062626
3.284700,60.062808
3.284800,60.064432
3.284900,60.061186
3.285000,60.058082
3.285100,60.058936
3.285200,60.061392
3.285300,60.061115
3.285400,60.061088
3.285500,60.060740
3.285600,60.060790
3.285700,60.061176
3.285800,60.061214
3.285900,60.062134
3.286000,60.061722
3.286100,60.059823
3.286200,60.059826
3.286300,60.058459
3.286400,60.057754
3.286500,60.058208
3.286600,60.057415
3.286700,60.054997
3.286800,60.055998
3.286900,60.058446
3.287000,60.060217
3.287100,60.062085
3.287200,60.059080
3.287300,60.057885
3.287400,60.058963
3.287500,60.061847
3.287600,60.060165
3.287700,60.059424
3.287800,60.057475
3.287900,60.055522
3.288000,60.055432
3.288100,60.056410
3.288200,60.057087
3.288300,60.055468
3.288400,60.056660
3.288500,60.057160
3.288600,60.058909
3.288700,60.057136
3.288800,60.057599
3.288900,60.060963
3.289000,60.057533
3.289100,60.052889
3.289200,60.052162
3.289300,60.051116
3.289400,60.052547
3.289500,60.054348
3.289600,60.049742
3.289700,60.048033
3.289800,60.048313
3.289900,60.050556
3.290000,60.054680
3.290100,60.060241
3.290200,60.059247
3.290300,60.057121
3.290400,60.060299
3.290500,60.058339
3.290600,60.059911
3.290700,60.061501
3.290800,60.069390
3.290900,60.061754
3.291000,60.059099
3.291100,60.068946
3.291200,60.066992
3.291300,60.056055
3.291400,60.047378
3.291500,60.039778
3.291600,60.034690
3.291700,60.027885
3.291800,60.032131
3.291900,60.027003
3.292000,60.024719
3.292100,60.025545
3.292200,60.024442
3.292300,60.011203
3.292400,60.023296
3.292500,60.030782
3.292600,60.038498
3.292700,60.046611
3.292800,60.047518
3.292900,60.041036
3.293000,60.037293
3.293100,60.033997
3.293200,60.038169
3.293300,60.040416
3.293400,60.038477
3.293500,60.037798
3.293600,60.039109
3.293700,60.037721
3.293800,60.038049
3.293900,60.038238
3.294000,60.038054
3.294100,60.038583
3.294200,60.038719
3.294300,60.039104
3.294400,60.039421
3.294500,60.040862
3.294600,60.040477
3.294700,60.040937
3.294800,60.038812
3.294900,60.039999
3.295000,60.042345
3.295100,60.040402
3.295200,60.041119
3.295300,60.040377
3.295400,60.041901
3.295500,60.038823
3.295600,60.037365
3.295700,60.038411
3.295800,60.038005
3.295900,60.040024
3.296000,60.036732
3.296100,60.036954
3.296200,60.033815
3.296300,60.033739
3.296400,60.037219
3.296500,60.033463
3.296600,60.036052
3.296700,60.034317
3.296800,60.033216
3.296900,60.029182
3.297000,60.030484
3.297100,60.027042
3.297200,60.027402
3.297300,60.025843
3.297400,60.030408
3.297500,60.033861
3.297600,60.034450
3.297700,60.033525
3.297800,60.038342
3.297900,60.040167
3.298000,60.043630
3.298100,60.048803
3.298200,60.049805
3.298300,60.046633
3.298400,60.043870
3.298500,60.036742
3.298600,60.031909
3.298700,60.028125
3.298800,60.026119
3.298900,60.028814
3.299000,60.036781
3.299100,60.046260
3.299200,60.054303
3.299300,60.049149
3.299400,60.050260
3.299500,60.043850
3.299600,60.043968
3.299700,60.052459
3.299800,60.048870
3.299900,60.036138
3.300000,60.032369
3.300100,60.020584
3.300200,60.025362
3.300300,60.021960
3.300400,60.015714
3.300500,60.017612
3.300600,60.015045
3.300700,60.019160
3.300800,60.021953
3.300900,60.032866
3.301000,60.027125
3.301100,60.027151
3.301200,60.020292
3.301300,60.019341
3.301400,60.019942
3.301500,60.022366
3.301600,60.018286
3.301700,60.014519
3.301800,60.014987
3.301900,60.016557
3.302000,60.015759
3.302100,60.015997
3.302200,60.015613
3.302300,60.015492
3.302400,60.015326
3.302500,60.015999
3.302600,60.014642
3.302700,60.015143
3.302800,60.015666
3.302900,60.015936
3.303000,60.014867
3.303100,60.014276
3.303200,60.012220
3.303300,60.013817
3.303400,60.011938
3.303500,60.009253
3.303600,60.011819
3.303700,60.014221
3.303800,60.015029
3.303900,60.016608
3.304000,60.013346
3.304100,60.014502
3.304200,60.015946
3.304300,60.016130
3.304400,60.017554
3.304500,60.013999
3.304600,60.010831
3.304700,60.013333
3.304800,60.015883
3.304900,60.013397
3.305000,60.011891
3.305100,60.014968
3.305200,60.015627
3.305300,60.013590
3.305400,60.011076
3.305500,60.010560
3.305600,60.006260
3.305700,60.006989
3.305800,60.009634
3.305900,60.007755
3.306000,60.007831
3.306100,60.003588
3.306200,59.999512
3.306300,60.003998
3.306400,60.006266
3.306500,60.000140
3.306600,59.997947
3.306700,59.991708
3.306800,59.992847
3.306900,59.990498
3.307000,59.991159
3.307100,59.992415
3.307200,59.997285
3.307300,59.994265
3.307400,59.994684
3.307500,59.996078
3.307600,60.002165
3.307700,60.004083
3.307800,60.005702
3.307900,59.996309
3.308000,60.007134
3.308100,59.999166
3.308200,60.011245
3.308300,60.008053
3.308400,60.015942
3.308500,60.011261
3.308600,60.007175
3.308700,60.001334
3.308800,60.015180
3.308900,60.023050
3.309000,60.011680
3.309100,60.016993
3.309200,60.009304
3.309300,59.999008
3.309400,59.998354
3.309500,59.995591
3.309600,59.997987
3.309700,59.996764
3.309800,59.997925
3.309900,59.994565
3.310000,59.990331
3.310100,59.988693
3.310200,59.989081
3.310300,59.990644
3.310400,59.990153
3.310500,59.989602
3.310600,59.989509
3.310700,59.989445
3.310800,59.989662
3.310900,59.988906
3.311000,59.988550
3.311100,59.988239
3.311200,59.986392
3.311300,59.985451
3.311400,59.987140
3.311500,59.987642
3.311600,59.989463
3.311700,59.989560
3.311800,59.990615
3.311900,59.992277
3.312000,59.993795
3.312100,59.992797
3.312200,59.991093
3.312300,59.989818
3.312400,59.992607
3.312500,59.993956
3.312600,59.991320
3.312700,59.993756
3.312800,59.996795
3.312900,59.993581
3.313000,59.991474
3.313100,59.989635
3.313200,59.986882
3.313300,59.987669
3.313400,59.988432
3.313500,59.991840
3.313600,59.991793
3.313700,59.989783
3.313800,59.992975
3.313900,59.989462
3.314000,59.985415
3.314100,59.982790
3.314200,59.986136
3.314300,59.984104
3.314400,59.984238
3.314500,59.983293
3.314600,59.984079
3.314700,59.980233
3.314800,59.985934
3.314900,59.981716
3.315000,59.986796
3.315100,59.990445
3.315200,59.994097
3.315300,59.991796
3.315400,59.991659
3.315500,59.983781
3.315600,59.989011
3.315700,59.986431
3.315800,59.984969
3.315900,59.988975
3.316000,59.985830
3.316100,59.980176
3.316200,59.986675
3.316300,59.975931
3.316400,59.985214
3.316500,59.977169
3.316600,59.964414
3.316700,59.968973
3.316800,59.966368
3.316900,59.965214
3.317000,59.966591
3.317100,59.954650
3.317200,59.948508
3.317300,59.953467
3.317400,59.950563
3.317500,59.940858
3.317600,59.949760
3.317700,59.941927
3.317800,59.943245
3.317900,59.950892
3.318000,59.956363
3.318100,59.950956
3.318200,59.955135
3.318300,59.950100
3.318400,59.947793
3.318500,59.949149
3.318600,59.950843
3.318700,59.950156
3.318800,59.951176
3.318900,59.951054
3.319000,59.951042
3.319100,59.950890
3.319200,59.951265
3.319300,59.952337
3.319400,59.951892
3.319500,59.953454
3.319600,59.952168
3.319700,59.950247
3.319800,59.947944
3.319900,59.946736
3.320000,59.949286
3.320100,59.948083
3.320200,59.945444
3.320300,59.948384
3.320400,59.947398
3.320500,59.949419
3.320600,59.949791
3.320700,59.947524
3.320800,59.945020
3.320900,59.947556
3.321000,59.950675
3.321100,59.948943
3.321200,59.951613
3.321300,59.952681
3.321400,59.950387
3.321500,59.947283
3.321600,59.949954
3.321700,59.948046
3.321800,59.948772
3.321900,59.948579
3.322000,59.948488
3.322100,59.948722
3.322200,59.948477
3.322300,59.949317
3.322400,59.950721
3.322500,59.951518
3.322600,59.953773
3.322700,59.949413
3.322800,59.952863
3.322900,59.952937
3.323000,59.955740
3.323100,59.959254
3.323200,59.964800
3.323300,59.965426
3.323400,59.959216
3.323500,59.964094
3.323600,59.970025
3.323700,59.970651
3.323800,59.971075
3.323900,59.966518
3.324000,59.958329
3.324100,59.962606
3.324200,59.971756
3.324300,59.972553
3.324400,59.978864
3.324500,59.982237
3.324600,59.979012
3.324700,59.972362
3.324800,59.974687
3.324900,59.985642
3.325000,59.982180
3.325100,59.991353
3.325200,59.997915
3.325300,59.994183
3.325400,59.981554
3.325500,59.988828
3.325600,59.985233
3.325700,59.989064
3.325800,59.999500
3.325900,59.987196
3.326000,59.980792
3.326100,59.980965
3.326200,59.976063
3.326300,59.982621
3.326400,59.982193
3.326500,59.977127
3.326600,59.975982
3.326700,59.976744
3.326800,59.976683
3.326900,59.978233
3.327000,59.980162
3.327100,59.979240
3.327200,59.979607
3.327300,59.979835
3.327400,59.979927
3.327500,59.980166
3.327600,59.979997
3.327700,59.980524
3.327800,59.981272
3.327900,59.979480
3.328000,59.978554
3.328100,59.980702
3.328200,59.980682
3.328300,59.979793
3.328400,59.976959
3.328500,59.978211
3.328600,59.975267
3.328700,59.972302
3.328800,59.970602
3.328900,59.973062
3.329000,59.974405
3.329100,59.976799
3.329200,59.977628
3.329300,59.974320
3.329400,59.975007
3.329500,59.978239
3.329600,59.976404
3.329700,59.975268
3.329800,59.975883
3.329900,59.976354
3.330000,59.975602
3.330100,59.974392
3.330200,59.972156
3.330300,59.970580
3.330400,59.969150
3.330500,59.973487
3.330600,59.971515
3.330700,59.974871
3.330800,59.979399
3.330900,59.976566
3.331000,59.979232
3.331100,59.981170
3.331200,59.978318
3.331300,59.981276
3.331400,59.982522
3.331500,59.985792
3.331600,59.989385
3.331700,59.984442
3.331800,59.984575
3.331900,59.990737
3.332000,59.989076
3.332100,59.983267
3.332200,59.981243
3.332300,59.977010
3.332400,59.970574
3.332500,59.972835
3.332600,59.968083
3.332700,59.963778
3.332800,59.967738
3.332900,59.970167
3.333000,59.982315
3.333100,59.978058
3.333200,59.965573
3.333300,59.967540
3.333400,59.977278
3.333500,59.971456
3.333600,59.966028
3.333700,59.977687
3.333800,59.966856
3.333900,59.954578
3.334000,59.954982
3.334100,59.953140
3.334200,59.954266
3.334300,59.955189
3.334400,59.966057
3.334500,59.972364
3.334600,59.975149
3.334700,59.966662
3.334800,59.967768
3.334900,59.970384
3.335000,59.973658
3.335100,59.977971
3.335200,59.974371
3.335300,59.973775
3.335400,59.973379
3.335500,59.973410
3.335600,59.973862
3.335700,59.973826
3.335800,59.973456
3.335900,59.972737
3.336000,59.972808
3.336100,59.972874
3.336200,59.973970
3.336300,59.976049
3.336400,59.975921
3.336500,59.974609
3.336600,59.975287
3.336700,59.975829
3.336800,59.977262
3.336900,59.975337
3.337000,59.974798
3.337100,59.973131
3.337200,59.974525
3.337300,59.972862
3.337400,59.973238
3.337500,59.976541
3.337600,59.977859
3.337700,59.978761
3.337800,59.980629
3.337900,59.983541
3.338000,59.985478
3.338100,59.987281
3.338200,59.987564
3.338300,59.985308
3.338400,59.988026
3.338500,59.986300
3.338600,59.989912
3.338700,59.986692
3.338800,59.985271
3.338900,59.980847
3.339000,59.979856
3.339100,59.979282
3.339200,59.982992
3.339300,59.984121
3.339400,59.979215
3.339500,59.976535
3.339600,59.974699
3.339700,59.974127
3.339800,59.976833
3.339900,59.976464
3.340000,59.971153
3.340100,59.964867
3.340200,59.965317
3.340300,59.958282
3.340400,59.954030
3.340500,59.958127
3.340600,59.962047
3.340700,59.962569
3.340800,59.955408
3.340900,59.965099
3.341000,59.972391
3.341100,59.963551
3.341200,59.970618
3.341300,59.965334
3.341400,59.961658
3.341500,59.959128
3.341600,59.972333
3.341700,59.981193
3.341800,59.992751
3.341900,60.000348
3.342000,60.012922
3.342100,60.013038
3.342200,60.012682
3.342300,60.023979
3.342400,60.017082
3.342500,60.028615
3.342600,60.030832
3.342700,60.034567
3.342800,60.034861
3.342900,60.036967
3.343000,60.032605
3.343100,60.028334
3.343200,60.030459
3.343300,60.028862
3.343400,60.033173
3.343500,60.031236
3.343600,60.029910
3.343700,60.028732
3.343800,60.028238
3.343900,60.028365
3.344000,60.028465
3.344100,60.028836
3.344200,60.029771
3.344300,60.028294
3.344400,60.029741
3.344500,60.027685
3.344600,60.028110
3.344700,60.027381
3.344800,60.027585
3.344900,60.029439
3.345000,60.028773
3.345100,60.030605
3.345200,60.030146
3.345300,60.031767
3.345400,60.031410
3.345500,60.033427
3.345600,60.032321
3.345700,60.032217
3.345800,60.035239
3.345900,60.036683
3.346000,60.037136
3.346100,60.034673
3.346200,60.036649
3.346300,60.037290
3.346400,60.038481
3.346500,60.035026
3.346600,60.033198
3.346700,60.032930
3.346800,60.035277
3.346900,60.034500
3.347000,60.037297
3.347100,60.033414
3.347200,60.033935
3.347300,60.032331
3.347400,60.031389
3.347500,60.032116
3.347600,60.027544
3.347700,60.023380
3.347800,60.025407
3.347900,60.028826
3.348000,60.030341
3.348100,60.035953
3.348200,60.036498
3.348300,60.042084
3.348400,60.038043
3.348500,60.037182
3.348600,60.036262
3.348700,60.029163
3.348800,60.031048
3.348900,60.035665
3.349000,60.032678
3.349100,60.037559
3.349200,60.032322
3.349300,60.036750
3.349400,60.031334
3.349500,60.036508
3.349600,60.035530
3.349700,60.042132
3.349800,60.040537
3.349900,60.028890
3.350000,60.040773
3.350100,60.049923
3.350200,60.035640
3.350300,60.027703
3.350400,60.038993
3.350500,60.049403
3.350600,60.056082
3.350700,60.060254
3.350800,60.054786
3.350900,60.048409
3.351000,60.048261
3.351100,60.049823
3.351200,60.047790
3.351300,60.044172
3.351400,60.043949
3.351500,60.048535
3.351600,60.044115
3.351700,60.045489
3.351800,60.047899
3.351900,60.049441
3.352000,60.048371
3.352100,60.048231
3.352200,60.048227
3.352300,60.047846
3.352400,60.047416
3.352500,60.047380
3.352600,60.048794
3.352700,60.049755
3.352800,60.050715
3.352900,60.048675
3.353000,60.048765
3.353100,60.047185
3.353200,60.049235
3.353300,60.050817
3.353400,60.052842
3.353500,60.053885
3.353600,60.053196
3.353700,60.049972
3.353800,60.050678
3.353900,60.050842
3.354000,60.050623
3.354100,60.049484
3.354200,60.046192
3.354300,60.045922
3.354400,60.047844
3.354500,60.047466
3.354600,60.049221
3.354700,60.047657
3.354800,60.045245
3.354900,60.042729
3.355000,60.045710
3.355100,60.048658
3.355200,60.049382
3.355300,60.053556
3.355400,60.050926
3.355500,60.047545
3.355600,60.045109
3.355700,60.045275
3.355800,60.049019
3.355900,60.050845
3.356000,60.049501
3.356100,60.044732
3.356200,60.043182
3.356300,60.046999
3.356400,60.042383
3.356500,60.042794
3.356600,60.038839
3.356700,60.043070
3.356800,60.036399
3.356900,60.040776
3.357000,60.036561
3.357100,60.044194
3.357200,60.048104
3.357300,60.045384
3.357400,60.047263
3.357500,60.048476
3.357600,60.042440
3.357700,60.041741
3.357800,60.052711
3.357900,60.057002
3.358000,60.059398
3.358100,60.063496
3.358200,60.058591
3.358300,60.054625
3.358400,60.068044
3.358500,60.065849
3.358600,60.056223
3.358700,60.050603
3.358800,60.045534
3.358900,60.045635
3.359000,60.049230
3.359100,60.056530
3.359200,60.044417
3.359300,60.042910
3.359400,60.037734
3.359500,60.042254
3.359600,60.043229
3.359700,60.037409
3.359800,60.043308
3.359900,60.048557
3.360000,60.051914
3.360100,60.051056
3.360200,60.050970
3.360300,60.051288
3.360400,60.050376
3.360500,60.049929
3.360600,60.049806
3.360700,60.049886
3.360800,60.049524
3.360900,60.049994
3.361000,60.050166
3.361100,60.050897
3.361200,60.050849
3.361300,60.050884
3.361400,60.049793
3.361500,60.047958
3.361600,60.049165
3.361700,60.051382
3.361800,60.052888
3.361900,60.055970
3.362000,60.053483
3.362100,60.054603
3.362200,60.056649
3.362300,60.055718
3.362400,60.052704
3.362500,60.053340
3.362600,60.053905
3.362700,60.050586
3.362800,60.048471
3.362900,60.050071
3.363000,60.047462
3.363100,60.048227
3.363200,60.046438
3.363300,60.042951
3.363400,60.043954
3.363500,60.044928
3.363600,60.046570
3.363700,60.044111
3.363800,60.043510
3.363900,60.040028
3.364000,60.035517
3.364100,60.040253
3.364200,60.040585
3.364300,60.036564
3.364400,60.040801
3.364500,60.046074
3.364600,60.046910
3.364700,60.046083
3.364800,60.042618
3.364900,60.047295
3.365000,60.047493
3.365100,60.053205
3.365200,60.058239
3.365300,60.052923
3.365400,60.050977
3.365500,60.044023
3.365600,60.037283
3.365700,60.038994
3.365800,60.038413
3.365900,60.039981
3.366000,60.037543
3.366100,60.038933
3.366200,60.044879
3.366300,60.039828
3.366400,60.044903
3.366500,60.033491
3.366600,60.029107
3.366700,60.027332
3.366800,60.028054
3.366900,60.015724
3.367000,60.002416
3.367100,59.990969
3.367200,59.983200
3.367300,59.993396
3.367400,59.996217
3.367500,59.987282
3.367600,59.986875
3.367700,59.984535
3.367800,59.987103
3.367900,59.987186
3.368000,59.981865
3.368100,59.983520
3.368200,59.989070
3.368300,59.988373
3.368400,59.985137
3.368500,59.987255
3.368600,59.987474
3.368700,59.988282
3.368800,59.988497
3.368900,59.988433
3.369000,59.988548
3.369100,59.988599
3.369200,59.988540
3.369300,59.987913
3.369400,59.987885
3.369500,59.988921
3.369600,59.987526
3.369700,59.988305
3.369800,59.989005
3.369900,59.989885
3.370000,59.991308
3.370100,59.989807
3.370200,59.989392
3.370300,59.986642
3.370400,59.986987
3.370500,59.986145
3.370600,59.983757
3.370700,59.982663
3.370800,59.983246
3.370900,59.984105
3.371000,59.985620
3.371100,59.987167
3.371200,59.986995
3.371300,59.988262
3.371400,59.990162
3.371500,59.993020
3.371600,59.991505
3.371700,59.993946
3.371800,59.993698
3.371900,59.996758
3.372000,59.994333
3.372100,59.998431
3.372200,59.996756
3.372300,59.996085
3.372400,59.993867
3.372500,59.998055
3.372600,59.997171
3.372700,59.999410
3.372800,60.000580
3.372900,59.999273
3.373000,59.998570
3.373100,59.995966
3.373200,60.000828
3.373300,60.000519
3.373400,60.004829
3.373500,60.001643
3.373600,60.003659
3.373700,59.999931
3.373800,59.993347
3.373900,59.992057
3.374000,59.985814
3.374100,59.992016
3.374200,59.995522
3.374300,60.005600
3.374400,60.009087
3.374500,60.013814
3.374600,60.004850
3.374700,60.010853
3.374800,60.007475
3.374900,60.005046
3.375000,60.014611
3.375100,60.006786
3.375200,59.992616
3.375300,59.997496
3.375400,59.989020
3.375500,59.980187
3.375600,59.975132
3.375700,59.982752
3.375800,59.984924
3.375900,59.974503
3.376000,59.969891
3.376100,59.963626
3.376200,59.962870
3.376300,59.955567
3.376400,59.952789
3.376500,59.953482
3.376600,59.957230
3.376700,59.961239
3.376800,59.963329
3.376900,59.964969
3.377000,59.966270
3.377100,59.965134
3.377200,59.965273
3.377300,59.965268
3.377400,59.964943
3.377500,59.964430
3.377600,59.963827
3.377700,59.962873
3.377800,59.962947
3.377900,59.964946
3.378000,59.965316
3.378100,59.965247
3.378200,59.964139
3.378300,59.966217
3.378400,59.964799
3.378500,59.967100
3.378600,59.967616
3.378700,59.967728
3.378800,59.970310
3.378900,59.968439
3.379000,59.970043
3.379100,59.968808
3.379200,59.971340
3.379300,59.972233
3.379400,59.968883
3.379500,59.966814
3.379600,59.968052
3.379700,59.966325
3.379800,59.964748
3.379900,59.965923
3.380000,59.965601
3.380100,59.963053
3.380200,59.960628
3.380300,59.962083
3.380400,59.959017
3.380500,59.961998
3.380600,59.962268
3.380700,59.963455
3.380800,59.959377
3.380900,59.963014
3.381000,59.967804
3.381100,59.968072
3.381200,59.963590
3.381300,59.964227
3.381400,59.966986
3.381500,59.965391
3.381600,59.962198
3.381700,59.959076
3.381800,59.960922
3.381900,59.963234
3.382000,59.958796
3.382100,59.958308
3.382200,59.953800
3.382300,59.959132
3.382400,59.956115
3.382500,59.949104
3.382600,59.949956
3.382700,59.948854
3.382800,59.953247
3.382900,59.953941
3.383000,59.962797
3.383100,59.958974
3.383200,59.948696
3.383300,59.943113
3.383400,59.953529
3.383500,59.952710
3.383600,59.963352
3.383700,59.961332
3.383800,59.966431
3.383900,59.957090
3.384000,59.944633
3.384100,59.956179
3.384200,59.969102
3.384300,59.972126
3.384400,59.972959
3.384500,59.966487
3.384600,59.959904
3.384700,59.964452
3.384800,59.962909
3.384900,59.965652
3.385000,59.962180
3.385100,59.959466
3.385200,59.960213
3.385300,59.960625
3.385400,59.960282
3.385500,59.960439
3.385600,59.960536
3.385700,59.960711
3.385800,59.961193
3.385900,59.960966
3.386000,59.961136
3.386100,59.962121
3.386200,59.961650
3.386300,59.960707
3.386400,59.959622
3.386500,59.957759
3.386600,59.956491
3.386700,59.953815
3.386800,59.955875
3.386900,59.958658
3.387000,59.957640
3.387100,59.958063
3.387200,59.955182
3.387300,59.956122
3.387400,59.954002
3.387500,59.953882
3.387600,59.955539
3.387700,59.957915
3.387800,59.961009
3.387900,59.962077
3.388000,59.962384
3.388100,59.962018
3.388200,59.960899
3.388300,59.962708
3.388400,59.964728
3.388500,59.967223
3.388600,59.964142
3.388700,59.961073
3.388800,59.960371
3.388900,59.957040
3.389000,59.960604
3.389100,59.956752
3.389200,59.956598
3.389300,59.953906
3.389400,59.952121
3.389500,59.956296
3.389600,59.958648
3.389700,59.963704
3.389800,59.964241
3.389900,59.962558
3.390000,59.956932
3.390100,59.955216
3.390200,59.955464
3.390300,59.953874
3.390400,59.960732
3.390500,59.956663
3.390600,59.962550
3.390700,59.955675
3.390800,59.960136
3.390900,59.956192
3.391000,59.965205
3.391100,59.958300
3.391200,59.951496
3.391300,59.958659
3.391400,59.948546
3.391500,59.944516
3.391600,59.932309
3.391700,59.941763
3.391800,59.948208
3.391900,59.954871
3.392000,59.969131
3.392100,59.972453
3.392200,59.982594
3.392300,59.984430
3.392400,59.989770
3.392500,59.980636
3.392600,59.973050
3.392700,59.962966
3.392800,59.971839
3.392900,59.964041
3.393000,59.956829
3.393100,59.953418
3.393200,59.953925
3.393300,59.952669
3.393400,59.949538
3.393500,59.951187
3.393600,59.951349
3.393700,59.952154
3.393800,59.951793
3.393900,59.951893
3.394000,59.951643
3.394100,59.951885
3.394200,59.951279
3.394300,59.950660
3.394400,59.950471
3.394500,59.951285
3.394600,59.949458
3.394700,59.951614
3.394800,59.950079
3.394900,59.952643
3.395000,59.950049
3.395100,59.949744
3.395200,59.952027
3.395300,59.953540
3.395400,59.955584
3.395500,59.957785
3.395600,59.954874
3.395700,59.953910
3.395800,59.956848
3.395900,59.955603
3.396000,59.954239
3.396100,59.953260
3.396200,59.953112
3.396300,59.955813
3.396400,59.955594
3.396500,59.959059
3.396600,59.955744
3.396700,59.956226
3.396800,59.959141
3.396900,59.956527
3.397000,59.954693
3.397100,59.957176
3.397200,59.954335
3.397300,59.957551
3.397400,59.957575
3.397500,59.955316
3.397600,59.956937
3.397700,59.952790
3.397800,59.953484
3.397900,59.949272
3.398000,59.950438
3.398100,59.946009
3.398200,59.944380
3.398300,59.939343
3.398400,59.942544
3.398500,59.947203
3.398600,59.950519
3.398700,59.948765
3.398800,59.947791
3.398900,59.940109
3.399000,59.941103
3.399100,59.944357
3.399200,59.948826
3.399300,59.941312
3.399400,59.934941
3.399500,59.930960
3.399600,59.938554
3.399700,59.941476
3.399800,59.932687
3.399900,59.934424
3.400000,59.933276
3.400100,59.923439
3.400200,59.921404
3.400300,59.922585
3.400400,59.923702
3.400500,59.928858
3.400600,59.928979
3.400700,59.928398
3.400800,59.919457
3.400900,59.929283
3.401000,59.926861
3.401100,59.925210
3.401200,59.934388
3.401300,59.933749
3.401400,59.929719
3.401500,59.928013
3.401600,59.927094
3.401700,59.931042
3.401800,59.927788
3.401900,59.928261
3.402000,59.926836
3.402100,59.926952
3.402200,59.927306
3.402300,59.927268
3.402400,59.927608
3.402500,59.927447
3.402600,59.926983
3.402700,59.927517
3.402800,59.926858
3.402900,59.926005
3.403000,59.923996
3.403100,59.923697
3.403200,59.923327
3.403300,59.921978
3.403400,59.919637
3.403500,59.919349
3.403600,59.916744
3.403700,59.919428
3.403800,59.920262
3.403900,59.922857
3.404000,59.922571
3.404100,59.923562
3.404200,59.920034
3.404300,59.920026
3.404400,59.922410
3.404500,59.923115
3.404600,59.922199
3.404700,59.920548
3.404800,59.921975
3.404900,59.920523
3.405000,59.919047
3.405100,59.915156
3.405200,59.918166
3.405300,59.920044
3.405400,59.919720
3.405500,59.917342
3.405600,59.918259
3.405700,59.919713
3.405800,59.921690
3.405900,59.924039
3.406000,59.923828
3.406100,59.925487
3.406200,59.921833
3.406300,59.926980
3.406400,59.927134
3.406500,59.930821
3.406600,59.929001
3.406700,59.931623
3.406800,59.935773
3.406900,59.941168
3.407000,59.936349
3.407100,59.942854
3.407200,59.943190
3.407300,59.944041
3.407400,59.945368
3.407500,59.948900
3.407600,59.944254
3.407700,59.949094
3.407800,59.957571
3.407900,59.953200
3.408000,59.957478
3.408100,59.960627
3.408200,59.963550
3.408300,59.968143
3.408400,59.970004
3.408500,59.956794
3.408600,59.966121
3.408700,59.964198
3.408800,59.975053
3.408900,59.964738
3.409000,59.973307
3.409100,59.965292
3.409200,59.963428
3.409300,59.974849
3.409400,59.965481
3.409500,59.966134
3.409600,59.958759
3.409700,59.965751
3.409800,59.966873
3.409900,59.964881
3.410000,59.966197
3.410100,59.967477
3.410200,59.964323
3.410300,59.962873
3.410400,59.963078
3.410500,59.963806
3.410600,59.963853
3.410700,59.963915
3.410800,59.963827
3.410900,59.964762
3.411000,59.963545
3.411100,59.965013
3.411200,59.964935
3.411300,59.962735
3.411400,59.961901
3.411500,59.960939
3.411600,59.959774
3.411700,59.962222
3.411800,59.960963
3.411900,59.960596
3.412000,59.960675
3.412100,59.961103
3.412200,59.962829
3.412300,59.960487
3.412400,59.958458
3.412500,59.955851
3.412600,59.957696
3.412700,59.954584
3.412800,59.952911
3.412900,59.954163
3.413000,59.957499
3.413100,59.958054
3.413200,59.961560
3.413300,59.961670
3.413400,59.958272
3.413500,59.957921
3.413600,59.959787
3.413700,59.963286
3.413800,59.964658
3.413900,59.963508
3.414000,59.962732
3.414100,59.966337
3.414200,59.966873
3.414300,59.962468
3.414400,59.966619
3.414500,59.964746
3.414600,59.964997
3.414700,59.964331
3.414800,59.969949
3.414900,59.973308
3.415000,59.972766
3.415100,59.970349
3.415200,59.974753
3.415300,59.972649
3.415400,59.965839
3.415500,59.968768
3.415600,59.971111
3.415700,59.973158
3.415800,59.969343
3.415900,59.965192
3.416000,59.962478
3.416100,59.966603
3.416200,59.962924
3.416300,59.969873
3.416400,59.975989
3.416500,59.985812
3.416600,59.978586
3.416700,59.975180
3.416800,59.981202
3.416900,59.981414
3.417000,59.988540
3.417100,59.999316
3.417200,60.013380
3.417300,60.018426
3.417400,60.020130
3.417500,60.028124
3.417600,60.026547
3.417700,60.022617
3.417800,60.013703
3.417900,60.016934
3.418000,60.020919
3.418100,60.014692
3.418200,60.014838
3.418300,60.014933
3.418400,60.012860
3.418500,60.011651
3.418600,60.011294
3.418700,60.012073
3.418800,60.012129
3.418900,60.011962
3.419000,60.011857
3.419100,60.012010
3.419200,60.011848
3.419300,60.012195
3.419400,60.010690
3.419500,60.011192
3.419600,60.013522
3.419700,60.012420
3.419800,60.010144
3.419900,60.008260
3.420000,60.008335
3.420100,60.009694
3.420200,60.009548
3.420300,60.010987
3.420400,60.012933
3.420500,60.010329
3.420600,60.010717
3.420700,60.013574
3.420800,60.011330
3.420900,60.014417
3.421000,60.016057
3.421100,60.014572
3.421200,60.015980
3.421300,60.016146
3.421400,60.013069
3.421500,60.012160
3.421600,60.010184
3.421700,60.008139
3.421800,60.009757
3.421900,60.013500
3.422000,60.013257
3.422100,60.012781
3.422200,60.011584
3.422300,60.014321
3.422400,60.015737
3.422500,60.014445
3.422600,60.018426
3.422700,60.021781
3.422800,60.021875
3.422900,60.019985
3.423000,60.016620
3.423100,60.021987
3.423200,60.023202
3.423300,60.025882
3.423400,60.025943
3.423500,60.020595
3.423600,60.022458
3.423700,60.023421
3.423800,60.024408
3.423900,60.023135
3.424000,60.025252
3.424100,60.029565
3.424200,60.037801
3.424300,60.044640
3.424400,60.033618
3.424500,60.028472
3.424600,60.032666
3.424700,60.031765
3.424800,60.041671
3.424900,60.029838
3.425000,60.034441
3.425100,60.045282
3.425200,60.034889
3.425300,60.034379
3.425400,60.019423
3.425500,60.032103
3.425600,60.024825
3.425700,60.028964
3.425800,60.040493
3.425900,60.047339
3.426000,60.038959
3.426100,60.043660
3.426200,60.040288
3.426300,60.036064
3.426400,60.038689
3.426500,60.038438
3.426600,60.033762
3.426700,60.035878
3.426800,60.034392
3.426900,60.033003
3.427000,60.033105
3.427100,60.033461
3.427200,60.033477
3.427300,60.033095
3.427400,60.032468
3.427500,60.032714
3.427600,60.031843
3.427700,60.033045
3.427800,60.034516
3.427900,60.033719
3.428000,60.033631
3.428100,60.035582
3.428200,60.032918
3.428300,60.035798
3.428400,60.033453
3.428500,60.034280
3.428600,60.031413
3.428700,60.031630
3.428800,60.029682
3.428900,60.029897
3.429000,60.028455
3.429100,60.031226
3.429200,60.030651
3.429300,60.029469
3.429400,60.029009
3.429500,60.025664
3.429600,60.027157
3.429700,60.027801
3.429800,60.030052
3.429900,60.028575
3.430000,60.030344
3.430100,60.031790
3.430200,60.030026
3.430300,60.026894
3.430400,60.027649
3.430500,60.028333
3.430600,60.032015
3.430700,60.033152
3.430800,60.029374
3.430900,60.025910
3.431000,60.021874
3.431100,60.017698
3.431200,60.019278
3.431300,60.019386
3.431400,60.019462
3.431500,60.014984
3.431600,60.018189
3.431700,60.018970
3.431800,60.022828
3.431900,60.025007
3.432000,60.019732
3.432100,60.017992
3.432200,60.013362
3.432300,60.013064
3.432400,60.008103
3.432500,60.015231
3.432600,60.016302
3.432700,60.015866
3.432800,60.017202
3.432900,60.014725
3.433000,60.011171
3.433100,60.015572
3.433200,60.007653
3.433300,60.019167
3.433400,60.025071
3.433500,60.014872
3.433600,60.029882
3.433700,60.020191
3.433800,60.031886
3.433900,60.017260
3.434000,60.010025
3.434100,59.999324
3.434200,59.999473
3.434300,60.006289
3.434400,59.995747
3.434500,59.998278
3.434600,60.007324
3.434700,60.001783
3.434800,60.007816
3.434900,60.009836
3.435000,60.014855
3.435100,60.015652
3.435200,60.018119
3.435300,60.020249
3.435400,60.021002
3.435500,60.020957
3.435600,60.020690
3.435700,60.020583
3.435800,60.020680
3.435900,60.021349
3.436000,60.021324
3.436100,60.022257
3.436200,60.022387
3.436300,60.023034
3.436400,60.020867
3.436500,60.022717
3.436600,60.020654
3.436700,60.021568
3.436800,60.023483
3.436900,60.024405
3.437000,60.024820
3.437100,60.022752
3.437200,60.024905
3.437300,60.023424
3.437400,60.023720
3.437500,60.020481
3.437600,60.022730
3.437700,60.024940
3.437800,60.026738
3.437900,60.023317
3.438000,60.023073
3.438100,60.024422
3.438200,60.024719
3.438300,60.027117
3.438400,60.029365
3.438500,60.027320
3.438600,60.024217
3.438700,60.023607
3.438800,60.026329
3.438900,60.026443
3.439000,60.028538
3.439100,60.030876
3.439200,60.033648
3.439300,60.033375
3.439400,60.030817
3.439500,60.033056
3.439600,60.032495
3.439700,60.032018
3.439800,60.032329
3.439900,60.026724
3.440000,60.032374
3.440100,60.027039
3.440200,60.032484
3.440300,60.031788
3.440400,60.037313
3.440500,60.033493
3.440600,60.026341
3.440700,60.032714
3.440800,60.026095
3.440900,60.029140
3.441000,60.036371
3.441100,60.026555
3.441200,60.031809
3.441300,60.020843
3.441400,60.029200
3.441500,60.033965
3.441600,60.032247
3.441700,60.020481
3.441800,60.023854
3.441900,60.030224
3.442000,60.044329
3.442100,60.034662
3.442200,60.043508
3.442300,60.038983
3.442400,60.026523
3.442500,60.036127
3.442600,60.032582
3.442700,60.025195
3.442800,60.030867
3.442900,60.026831
3.443000,60.035399
3.443100,60.040826
3.443200,60.039131
3.443300,60.033577
3.443400,60.029967
3.443500,60.031060
3.443600,60.028778
3.443700,60.030292
3.443800,60.030988
3.443900,60.031353
3.444000,60.031361
3.444100,60.031400
3.444200,60.031171
3.444300,60.031481
3.444400,60.031127
3.444500,60.031614
3.444600,60.033390
3.444700,60.032031
3.444800,60.031098
3.444900,60.031008
3.445000,60.030971
3.445100,60.032760
3.445200,60.035158
3.445300,60.033375
3.445400,60.035919
3.445500,60.033765
3.445600,60.031784
3.445700,60.032822
3.445800,60.034462
3.445900,60.034411
3.446000,60.035982
3.446100,60.032918
3.446200,60.030340
3.446300,60.032447
3.446400,60.029197
3.446500,60.027808
3.446600,60.031149
3.446700,60.028960
3.446800,60.025664
3.446900,60.028792
3.447000,60.026519
3.447100,60.022794
3.447200,60.023779
3.447300,60.019717
3.447400,60.023040
3.447500,60.026886
3.447600,60.023493
3.447700,60.022783
3.447800,60.025958
3.447900,60.023437
3.448000,60.027661
3.448100,60.027453
3.448200,60.026467
3.448300,60.028950
3.448400,60.029458
3.448500,60.036117
3.448600,60.042346
3.448700,60.041725
3.448800,60.046694
3.448900,60.050962
3.449000,60.054661
3.449100,60.048201
3.449200,60.051146
3.449300,60.057943
3.449400,60.060715
3.449500,60.054058
3.449600,60.054108
3.449700,60.054290
3.449800,60.054641
3.449900,60.053238
3.450000,60.060746
3.450100,60.049455
3.450200,60.045452
3.450300,60.055288
3.450400,60.047861
3.450500,60.045759
3.450600,60.048549
3.450700,60.047859
3.450800,60.049962
3.450900,60.050124
3.451000,60.058692
3.451100,60.051065
3.451200,60.056882
3.451300,60.050776
3.451400,60.053490
3.451500,60.059525
3.451600,60.057133
3.451700,60.060024
3.451800,60.057314
3.451900,60.054846
3.452000,60.053741
3.452100,60.053786
3.452200,60.053627
3.452300,60.053330
3.452400,60.053481
3.452500,60.053795
3.452600,60.053657
3.452700,60.054011
3.452800,60.055252
3.452900,60.053177
3.453000,60.053567
3.453100,60.051320
3.453200,60.050281
3.453300,60.051214
3.453400,60.049687
3.453500,60.047269
3.453600,60.045612
3.453700,60.047631
3.453800,60.045445
3.453900,60.042599
3.454000,60.040268
3.454100,60.043063
3.454200,60.043673
3.454300,60.047104
3.454400,60.046071
3.454500,60.044300
3.454600,60.042763
3.454700,60.042205
3.454800,60.042749
3.454900,60.042889
3.455000,60.043673
3.455100,60.041793
3.455200,60.042103
3.455300,60.045182
3.455400,60.041280
3.455500,60.043736
3.455600,60.039745
3.455700,60.038773
3.455800,60.039242
3.455900,60.039723
3.456000,60.038598
3.456100,60.036643
3.456200,60.036925
3.456300,60.040364
3.456400,60.045871
3.456500,60.041013
3.456600,60.046969
3.456700,60.041837
3.456800,60.048362
3.456900,60.045020
3.457000,60.040056
3.457100,60.047526
3.457200,60.050006
3.457300,60.046651
3.457400,60.040690
3.457500,60.050051
3.457600,60.041278
3.457700,60.036369
3.457800,60.032858
3.457900,60.025082
3.458000,60.032366
3.458100,60.029673
3.458200,60.023586
3.458300,60.011383
3.458400,60.004061
3.458500,60.011580
3.458600,60.025370
3.458700,60.014619
3.458800,60.025750
3.458900,60.017712
3.459000,60.030234
3.459100,60.018849
3.459200,60.020887
3.459300,60.010740
3.459400,60.020996
3.459500,60.013915
3.459600,60.011238
3.459700,60.014252
3.459800,60.009963
3.459900,60.010123
3.460000,60.011339
3.460100,60.015728
3.460200,60.016211
3.460300,60.015503
3.460400,60.016860
3.460500,60.016516
3.460600,60.016428
3.460700,60.016225
3.460800,60.016050
3.460900,60.015411
3.461000,60.016098
3.461100,60.016371
3.461200,60.016878
3.461300,60.018880
3.461400,60.017339
3.461500,60.019669
3.461600,60.018594
3.461700,60.017509
3.461800,60.018504
3.461900,60.018938
3.462000,60.017351
3.462100,60.020132
3.462200,60.022094
3.462300,60.022264
3.462400,60.020713
3.462500,60.019227
3.462600,60.019629
3.462700,60.021250
3.462800,60.020832
3.462900,60.022732
3.463000,60.022601
3.463100,60.022351
3.463200,60.022837
3.463300,60.019394
3.463400,60.022389
3.463500,60.024216
3.463600,60.025545
3.463700,60.024759
3.463800,60.023092
3.463900,60.021854
3.464000,60.020711
3.464100,60.024693
3.464200,60.021110
3.464300,60.019014
3.464400,60.021648
3.464500,60.018594
3.464600,60.016020
3.464700,60.018351
3.464800,60.022678
3.464900,60.025646
3.465000,60.022743
3.465100,60.022430
3.465200,60.023583
3.465300,60.029165
3.465400,60.026812
3.465500,60.033808
3.465600,60.026120
3.465700,60.024007
3.465800,60.015391
3.465900,60.016087
3.466000,60.023983
3.466100,60.022097
3.466200,60.023260
3.466300,60.012695
3.466400,60.006839
3.466500,59.999968
3.466600,60.007368
3.466700,59.995460
3.466800,59.991177
3.466900,59.992255
3.467000,59.984638
3.467100,59.994023
3.467200,60.006640
3.467300,59.994428
3.467400,60.001028
3.467500,60.007490
3.467600,60.000692
3.467700,59.991467
3.467800,59.992021
3.467900,59.997245
3.468000,59.994847
3.468100,59.992227
3.468200,59.987284
3.468300,59.986515
3.468400,59.985229
3.468500,59.985182
3.468600,59.984485
3.468700,59.984525
3.468800,59.984716
3.468900,59.984759
3.469000,59.985045
3.469100,59.984653
3.469200,59.984094
3.469300,59.983834
3.469400,59.983878
3.469500,59.983284
3.469600,59.982176
3.469700,59.979859
3.469800,59.977296
3.469900,59.976311
3.470000,59.976531
3.470100,59.976745
3.470200,59.976944
3.470300,59.976075
3.470400,59.975771
3.470500,59.976080
3.470600,59.976121
3.470700,59.976449
3.470800,59.979188
3.470900,59.981124
3.471000,59.983055
3.471100,59.982198
3.471200,59.982216
3.471300,59.983410
3.471400,59.980206
3.471500,59.979605
3.471600,59.977327
3.471700,59.978504
3.471800,59.977605
3.471900,59.975054
3.472000,59.977472
3.472100,59.978177
3.472200,59.976938
3.472300,59.974500
3.472400,59.975907
3.472500,59.974287
3.472600,59.970383
3.472700,59.970215
3.472800,59.965759
3.472900,59.962994
3.473000,59.961079
3.473100,59.964099
3.473200,59.960397
3.473300,59.965678
3.473400,59.963707
3.473500,59.964461
3.473600,59.963096
3.473700,59.970858
3.473800,59.971164
3.473900,59.969903
3.474000,59.966584
3.474100,59.968681
3.474200,59.974625
3.474300,59.964228
3.474400,59.962676
3.474500,59.959095
3.474600,59.964542
3.474700,59.966256
3.474800,59.961740
3.474900,59.950448
3.475000,59.958984
3.475100,59.973812
3.475200,59.981766
3.475300,59.989359
3.475400,59.981513
3.475500,59.985191
3.475600,59.988654
3.475700,59.975052
3.475800,59.985964
3.475900,59.991599
3.476000,59.991770
3.476100,59.992340
3.476200,59.991953
3.476300,59.990112
3.476400,59.986612
3.476500,59.982244
3.476600,59.979130
3.476700,59.976816
3.476800,59.978239
3.476900,59.977112
3.477000,59.976881
3.477100,59.976664
3.477200,59.976420
3.477300,59.977113
3.477400,59.976998
3.477500,59.978058
3.477600,59.976506
3.477700,59.976035
3.477800,59.978371
3.477900,59.977082
3.478000,59.975529
3.478100,59.973523
3.478200,59.970971
3.478300,59.968865
3.478400,59.967722
3.478500,59.970059
3.478600,59.969947
3.478700,59.970475
3.478800,59.973091
3.478900,59.976021
3.479000,59.976863
3.479100,59.977893
3.479200,59.980370
3.479300,59.980763
3.479400,59.979160
3.479500,59.976165
3.479600,59.972776
3.479700,59.972000
3.479800,59.974708
3.479900,59.971285
3.480000,59.969868
3.480100,59.973118
3.480200,59.973346
3.480300,59.969545
3.480400,59.969148
3.480500,59.972443
3.480600,59.973324
3.480700,59.975534
3.480800,59.972713
3.480900,59.969544
3.481000,59.965072
3.481100,59.967996
3.481200,59.969638
3.481300,59.968673
3.481400,59.967564
3.481500,59.969149
3.481600,59.966593
3.481700,59.972672
3.481800,59.975618
3.481900,59.971225
3.482000,59.967513
3.482100,59.974657
3.482200,59.967342
3.482300,59.972575
3.482400,59.979852
3.482500,59.987122
3.482600,59.990805
3.482700,59.998909
3.482800,59.999513
3.482900,59.991851
3.483000,59.995951
3.483100,59.990083
3.483200,59.990372
3.483300,59.980750
3.483400,59.980228
3.483500,59.985984
3.483600,59.993677
3.483700,59.986878
3.483800,59.985059
3.483900,59.976509
3.484000,59.979004
3.484100,59.981943
3.484200,59.973496
3.484300,59.977924
3.484400,59.982684
3.484500,59.983736
3.484600,59.985963
3.484700,59.989141
3.484800,59.984937
3.484900,59.980498
3.485000,59.981142
3.485100,59.978640
3.485200,59.979998
3.485300,59.980089
3.485400,59.980639
3.485500,59.980367
3.485600,59.980135
3.485700,59.980174
3.485800,59.979205
3.485900,59.979585
3.486000,59.979941
3.486100,59.979918
3.486200,59.979303
3.486300,59.978273
3.486400,59.976996
3.486500,59.979154
3.486600,59.976352
3.486700,59.975260
3.486800,59.976793
3.486900,59.975207
3.487000,59.977997
3.487100,59.979936
3.487200,59.978256
3.487300,59.979460
3.487400,59.977614
3.487500,59.980716
3.487600,59.983471
3.487700,59.981690
3.487800,59.981750
3.487900,59.978592
3.488000,59.980350
3.488100,59.981553
3.488200,59.982265
3.488300,59.983141
3.488400,59.980865
3.488500,59.983209
3.488600,59.981894
3.488700,59.981301
3.488800,59.981318
3.488900,59.980600
3.489000,59.977682
3.489100,59.981017
3.489200,59.980290
3.489300,59.980343
3.489400,59.980430
3.489500,59.975800
3.489600,59.974507
3.489700,59.970594
3.489800,59.972028
3.489900,59.966265
3.490000,59.966850
3.490100,59.966585
3.490200,59.973416
3.490300,59.974957
3.490400,59.981553
3.490500,59.983729
3.490600,59.989709
3.490700,59.990407
3.490800,59.995794
3.490900,59.997573
3.491000,60.006040
3.491100,60.007432
3.491200,60.017160
3.491300,60.028356
3.491400,60.016389
3.491500,60.013831
3.491600,60.020944
3.491700,60.028783
3.491800,60.019141
3.491900,60.008502
3.492000,60.012752
3.492100,60.004532
3.492200,59.998345
3.492300,60.009036
3.492400,60.007865
3.492500,60.012086
3.492600,60.016865
3.492700,60.022563
3.492800,60.022918
3.492900,60.017226
3.493000,60.015808
3.493100,60.014628
3.493200,60.010212
3.493300,60.012488
3.493400,60.015499
3.493500,60.015230
3.493600,60.017457
3.493700,60.017181
3.493800,60.017168
3.493900,60.016861
3.494000,60.016866
3.494100,60.016761
3.494200,60.017513
3.494300,60.017340
3.494400,60.018905
3.494500,60.019057
3.494600,60.017835
3.494700,60.018483
3.494800,60.019904
3.494900,60.020322
3.495000,60.018485
3.495100,60.020137
3.495200,60.018103
3.495300,60.019291
3.495400,60.021522
3.495500,60.019796
3.495600,60.020971
3.495700,60.019324
3.495800,60.022170
3.495900,60.020109
3.496000,60.018220
3.496100,60.020478
3.496200,60.019695
3.496300,60.019913
3.496400,60.016592
3.496500,60.014091
3.496600,60.010437
3.496700,60.011110
3.496800,60.009304
3.496900,60.009064
3.497000,60.011751
3.497100,60.011741
3.497200,60.012138
3.497300,60.010347
3.497400,60.010549
3.497500,60.010472
3.497600,60.007734
3.497700,60.011471
3.497800,60.007364
3.497900,60.004802
3.498000,60.004391
3.498100,60.002778
3.498200,60.007585
3.498300,60.004909
3.498400,60.007906
3.498500,60.003123
3.498600,59.996398
3.498700,59.999477
3.498800,59.993362
3.498900,59.994947
3.499000,59.986661
3.499100,59.977386
3.499200,59.983592
3.499300,59.976940
3.499400,59.973534
3.499500,59.971550
3.499600,59.978520
3.499700,59.981751
3.499800,59.969029
3.499900,59.965119
3.500000,59.971839
3.500100,59.985283
3.500200,59.976481
3.500300,59.988269
3.500400,59.996491
3.500500,59.982829
3.500600,59.988653
3.500700,59.995916
3.500800,59.983181
3.500900,59.983942
3.501000,59.979789
3.501100,59.974373
3.501200,59.979872
3.501300,59.978519
3.501400,59.981186
3.501500,59.982965
3.501600,59.985252
3.501700,59.983208
3.501800,59.984603
3.501900,59.985705
3.502000,59.986126
3.502100,59.985495
3.502200,59.985549
3.502300,59.985800
3.502400,59.986499
3.502500,59.987064
3.502600,59.987440
3.502700,59.985733
3.502800,59.987387
3.502900,59.986826
3.503000,59.984403
3.503100,59.986686
3.503200,59.985370
3.503300,59.987708
3.503400,59.985908
3.503500,59.987183
3.503600,59.988835
3.503700,59.990948
3.503800,59.991407
3.503900,59.990345
3.504000,59.989449
3.504100,59.988062
3.504200,59.989301
3.504300,59.986914
3.504400,59.989664
3.504500,59.987313
3.504600,59.988834
3.504700,59.988928
3.504800,59.985516
3.504900,59.987104
3.505000,59.988536
3.505100,59.990067
3.505200,59.993014
3.505300,59.993583
3.505400,59.992738
3.505500,59.993517
3.505600,59.991254
3.505700,59.991636
3.505800,59.995649
3.505900,59.995760
3.506000,59.999551
3.506100,60.003070
3.506200,60.005499
3.506300,60.002138
3.506400,60.001717
3.506500,60.006950
3.506600,60.007522
3.506700,60.012437
3.506800,60.014545
3.506900,60.018692
3.507000,60.014255
3.507100,60.008572
3.507200,60.005472
3.507300,59.998850
3.507400,60.004935
3.507500,60.010992
3.507600,60.015718
3.507700,60.013909
3.507800,60.012663
3.507900,60.007753
3.508000,60.007375
3.508100,60.016156
3.508200,60.007636
3.508300,60.010855
3.508400,60.016371
3.508500,60.006391
3.508600,60.010741
3.508700,60.006521
3.508800,60.005004
3.508900,60.012889
3.509000,60.002126
3.509100,59.996379
3.509200,60.001209
3.509300,59.997391
3.509400,59.991013
3.509500,59.986953
3.509600,59.988401
3.509700,59.990130
3.509800,59.995106
3.509900,59.998063
3.510000,60.001695
3.510100,60.004369
3.510200,60.005320
3.510300,60.005493
3.510400,60.005633
3.510500,60.006120
3.510600,60.006231
3.510700,60.006479
3.510800,60.007019
3.510900,60.006920
3.511000,60.005424
3.511100,60.006718
3.511200,60.008097
3.511300,60.009227
3.511400,60.008936
3.511500,60.008974
3.511600,60.008177
3.511700,60.009812
3.511800,60.007474
3.511900,60.008310
3.512000,60.006195
3.512100,60.004758
3.512200,60.006975
3.512300,60.009946
3.512400,60.008818
3.512500,60.009119
3.512600,60.011528
3.512700,60.009853
3.512800,60.008702
3.512900,60.006416
3.513000,60.009160
3.513100,60.009179
3.513200,60.007971
3.513300,60.011483
3.513400,60.011917
3.513500,60.015310
3.513600,60.011796
3.513700,60.008586
3.513800,60.008885
3.513900,60.007300
3.514000,60.010642
3.514100,60.014210
3.514200,60.016126
3.514300,60.015757
3.514400,60.012878
3.514500,60.018098
3.514600,60.013079
3.514700,60.017465
3.514800,60.017818
3.514900,60.017474
3.515000,60.015968
3.515100,60.010392
3.515200,60.009969
3.515300,60.016696
3.515400,60.021786
3.515500,60.014671
3.515600,60.018331
3.515700,60.015338
3.515800,60.016017
3.515900,60.006169
3.516000,60.002460
3.516100,60.010655
3.516200,60.016358
3.516300,60.027667
3.516400,60.030499
3.516500,60.020318
3.516600,60.029810
3.516700,60.027856
3.516800,60.020161
3.516900,60.007352
3.517000,59.993394
3.517100,60.003117
3.517200,59.995107
3.517300,60.005138
3.517400,60.005324
3.517500,59.995659
3.517600,59.989369
3.517700,59.987961
3.517800,59.983665
3.517900,59.986124
3.518000,59.981757
3.518100,59.980789
3.518200,59.978293
3.518300,59.978309
3.518400,59.981412
3.518500,59.981481
3.518600,59.981701
3.518700,59.982423
3.518800,59.982714
3.518900,59.982683
3.519000,59.982445
3.519100,59.982682
3.519200,59.981758
3.519300,59.981133
3.519400,59.980876
3.519500,59.979056
3.519600,59.980219
3.519700,59.981823
3.519800,59.982020
3.519900,59.980097
3.520000,59.978453
3.520100,59.979153
3.520200,59.979051
3.520300,59.980827
3.520400,59.979137
3.520500,59.980603
3.520600,59.978311
3.520700,59.980485
3.520800,59.978163
3.520900,59.980776
3.521000,59.979313
3.521100,59.981010
3.521200,59.980675
3.521300,59.982365
3.521400,59.978864
3.521500,59.979602
3.521600,59.979441
3.521700,59.982296
3.521800,59.981779
3.521900,59.981238
3.522000,59.981754
3.522100,59.978771
3.522200,59.975491
3.522300,59.975197
3.522400,59.977875
3.522500,59.975420
3.522600,59.974259
3.522700,59.978002
3.522800,59.973810
3.522900,59.976036
3.523000,59.980620
3.523100,59.978328
3.523200,59.977614
3.523300,59.974347
3.523400,59.979604
3.523500,59.985846
3.523600,59.978800
3.523700,59.982428
3.523800,59.976172
3.523900,59.971314
3.524000,59.975779
3.524100,59.967656
3.524200,59.969018
3.524300,59.971912
3.524400,59.972602
3.524500,59.973027
3.524600,59.962634
3.524700,59.959427
3.524800,59.954663
3.524900,59.963753
3.525000,59.969043
3.525100,59.967375
3.525200,59.975853
3.525300,59.963677
3.525400,59.977802
3.525500,59.988942
3.525600,59.981167
3.525700,59.971487
3.525800,59.969589
3.525900,59.969431
3.526000,59.964072
3.526100,59.969218
3.526200,59.970664
3.526300,59.963546
3.526400,59.969807
3.526500,59.973786
3.526600,59.970895
3.526700,59.968776
3.526800,59.968191
3.526900,59.966701
3.527000,59.966270
3.527100,59.966228
3.527200,59.966389
3.527300,59.966410
3.527400,59.966671
3.527500,59.965208
3.527600,59.964108
3.527700,59.962487
3.527800,59.963282
3.527900,59.962166
3.528000,59.959830
3.528100,59.957337
3.528200,59.956562
3.528300,59.958411
3.528400,59.955938
3.528500,59.958698
3.528600,59.956955
3.528700,59.955482
3.528800,59.957330
3.528900,59.958220
3.529000,59.957116
3.529100,59.957766
3.529200,59.957950
3.529300,59.960457
3.529400,59.958524
3.529500,59.958291
3.529600,59.961332
3.529700,59.957816
3.529800,59.959969
3.529900,59.957838
3.530000,59.954691
3.530100,59.955016
3.530200,59.956402
3.530300,59.953515
3.530400,59.949882
3.530500,59.951321
3.530600,59.952330
3.530700,59.950124
3.530800,59.953191
3.530900,59.957066
3.531000,59.952819
3.531100,59.954635
3.531200,59.959307
3.531300,59.962244
3.531400,59.964642
3.531500,59.968526
3.531600,59.968937
3.531700,59.971844
3.531800,59.969006
3.531900,59.969160
3.532000,59.964909
3.532100,59.962999
3.532200,59.964553
3.532300,59.969385
3.532400,59.961722
3.532500,59.961598
3.532600,59.964928
3.532700,59.955309
3.532800,59.947368
3.532900,59.941717
3.533000,59.932089
3.533100,59.925339
3.533200,59.917949
3.533300,59.927472
3.533400,59.922048
3.533500,59.923942
3.533600,59.925784
3.533700,59.929999
3.533800,59.916291
3.533900,59.903821
3.534000,59.904860
3.534100,59.910236
3.534200,59.912333
3.534300,59.910049
3.534400,59.905921
3.534500,59.896084
3.534600,59.890615
3.534700,59.895121
3.534800,59.894286
3.534900,59.896922
3.535000,59.900847
3.535100,59.902864
3.535200,59.904702
3.535300,59.905202
3.535400,59.903420
3.535500,59.901929
3.535600,59.901378
3.535700,59.901713
3.535800,59.901733
3.535900,59.901645
3.536000,59.901705
3.536100,59.902074
3.536200,59.901484
3.536300,59.901545
3.536400,59.899854
3.536500,59.899182
3.536600,59.898122
3.536700,59.898016
3.536800,59.896667
3.536900,59.898366
3.537000,59.900511
3.537100,59.900457
3.537200,59.900446
3.537300,59.900009
3.537400,59.901444
3.537500,59.903973
3.537600,59.902751
3.537700,59.903296
3.537800,59.902452
3.537900,59.899227
3.538000,59.900228
3.538100,59.900945
3.538200,59.902684
3.538300,59.903514
3.538400,59.906563
3.538500,59.906835
3.538600,59.910144
3.538700,59.906575
3.538800,59.908451
3.538900,59.912016
3.539000,59.910373
3.539100,59.910322
3.539200,59.912656
3.539300,59.910438
3.539400,59.910135
3.539500,59.908513
3.539600,59.910451
3.539700,59.911540
3.539800,59.907788
3.539900,59.909388
3.540000,59.908841
3.540100,59.914535
3.540200,59.919433
3.540300,59.917176
3.540400,59.924082
3.540500,59.921188
3.540600,59.927305
3.540700,59.934589
3.540800,59.941726
3.540900,59.945695
3.541000,59.951767
3.541100,59.948883
3.541200,59.941746
3.541300,59.942762
3.541400,59.933889
3.541500,59.926835
3.541600,59.936102
3.541700,59.932308
3.541800,59.945021
3.541900,59.953412
3.542000,59.941883
3.542100,59.943217
3.542200,59.947702
3.542300,59.957272
3.542400,59.957037
3.542500,59.955684
3.542600,59.960279
3.542700,59.970329
3.542800,59.978566
3.542900,59.981522
3.543000,59.978510
3.543100,59.984765
3.543200,59.984756
3.543300,59.979527
3.543400,59.982676
3.543500,59.980069
3.543600,59.981947
3.543700,59.982341
3.543800,59.981097
3.543900,59.980673
3.544000,59.980656
3.544100,59.980318
3.544200,59.980970
3.544300,59.980060
3.544400,59.978776
3.544500,59.978008
3.544600,59.977259
3.544700,59.976598
3.544800,59.978915
3.544900,59.979787
3.545000,59.980551
3.545100,59.978520
3.545200,59.981271
3.545300,59.982283
3.545400,59.981296
3.545500,59.981901
3.545600,59.981692
3.545700,59.979262
3.545800,59.976251
3.545900,59.978043
3.546000,59.976884
3.546100,59.980008
3.546200,59.982481
3.546300,59.982196
3.546400,59.979746
3.546500,59.980811
3.546600,59.980732
3.546700,59.977794
3.546800,59.976862
3.546900,59.979620
3.547000,59.981334
3.547100,59.982649
3.547200,59.981013
3.547300,59.978290
3.547400,59.978427
3.547500,59.977185
3.547600,59.974967
3.547700,59.975002
3.547800,59.974776
3.547900,59.970780
3.548000,59.971151
3.548100,59.972330
3.548200,59.969502
3.548300,59.971681
3.548400,59.966577
3.548500,59.973519
3.548600,59.979333
3.548700,59.975091
3.548800,59.969990
3.548900,59.975137
3.549000,59.984271
3.549100,59.981606
3.549200,59.988125
3.549300,59.991502
3.549400,59.985191
3.549500,59.996431
3.549600,59.990021
3.549700,59.999596
3.549800,59.986591
3.549900,59.988263
3.550000,59.991232
3.550100,59.976782
3.550200,59.982202
3.550300,59.968260
3.550400,59.974317
3.550500,59.989104
3.550600,60.002596
3.550700,60.007822
3.550800,60.009591
3.550900,60.012155
3.551000,60.016840
3.551100,60.013966
3.551200,60.006654
3.551300,59.999627
3.551400,60.001919
3.551500,60.005168
3.551600,60.001325
3.551700,59.998581
3.551800,60.000231
3.551900,60.000059
3.552000,59.998467
3.552100,59.998530
3.552200,59.998213
3.552300,59.998076
3.552400,59.997863
3.552500,59.996986
3.552600,59.997843
3.552700,59.998477
3.552800,59.996659
3.552900,59.997437
3.553000,59.999454
3.553100,59.999971
3.553200,59.998488
3.553300,59.997985
3.553400,59.997142
3.553500,59.996548
3.553600,59.998291
3.553700,59.997888
3.553800,60.000209
3.553900,59.997822
3.554000,59.995432
3.554100,59.995921
3.554200,59.996165
3.554300,59.997642
3.554400,59.999303
3.554500,59.999497
3.554600,60.001538
3.554700,59.999108
3.554800,59.996668
3.554900,60.000460
3.555000,60.001532
3.555100,60.001153
3.555200,60.001999
3.555300,60.002905
3.555400,60.006755
3.555500,60.004071
3.555600,60.004830
3.555700,60.002792
3.555800,60.006748
3.555900,60.011240
3.556000,60.011365
3.556100,60.010534
3.556200,60.007674
3.556300,60.010440
3.556400,60.005730
3.556500,60.000610
3.556600,60.005762
3.556700,60.005887
3.556800,59.999833
3.556900,60.000277
3.557000,59.995984
3.557100,59.997430
3.557200,59.999843
3.557300,60.000435
3.557400,59.999070
3.557500,59.993163
3.557600,60.001853
3.557700,60.009680
3.557800,60.001367
3.557900,59.997564
3.558000,60.007175
3.558100,60.010160
3.558200,60.007913
3.558300,60.011676
3.558400,60.007144
3.558500,60.010261
3.558600,60.003494
3.558700,60.014083
3.558800,60.012759
3.558900,60.013611
3.559000,60.014466
3.559100,60.016332
3.559200,60.012560
3.559300,60.009314
3.559400,60.007831
3.559500,60.006106
3.559600,60.008939
3.559700,60.014507
3.559800,60.013730
3.559900,60.010301
3.560000,60.008504
3.560100,60.010616
3.560200,60.008087
3.560300,60.007559
3.560400,60.008443
3.560500,60.008625
3.560600,60.008673
3.560700,60.008466
3.560800,60.008069
3.560900,60.007911
3.561000,60.009266
3.561100,60.008232
3.561200,60.006010
3.561300,60.007748
3.561400,60.005899
3.561500,60.007547
3.561600,60.006444
3.561700,60.009495
3.561800,60.010005
3.561900,60.008660
3.562000,60.009184
3.562100,60.006034
3.562200,60.009048
3.562300,60.006457
3.562400,60.007111
3.562500,60.006147
3.562600,60.006027
3.562700,60.003482
3.562800,60.001898
3.562900,60.001568
3.563000,60.000954
3.563100,59.999563
3.563200,60.001852
3.563300,60.000498
3.563400,60.003975
3.563500,60.001385
3.563600,60.002691
3.563700,60.000047
3.563800,60.003097
3.563900,59.998614
3.564000,59.995734
3.564100,59.995975
3.564200,59.996807
3.564300,59.995512
3.564400,59.999468
3.564500,59.999439
3.564600,59.998295
3.564700,59.993003
3.564800,59.993128
3.564900,59.986840
3.565000,59.986735
3.565100,59.980074
3.565200,59.983122
3.565300,59.976032
3.565400,59.984294
3.565500,59.985225
3.565600,59.977675
3.565700,59.978364
3.565800,59.982032
3.565900,59.992619
3.566000,59.994299
3.566100,59.999795
3.566200,60.011269
3.566300,59.999147
3.566400,59.991092
3.566500,59.992542
3.566600,59.996984
3.566700,59.984281
3.566800,59.976147
3.566900,59.968806
3.567000,59.955234
3.567100,59.953646
3.567200,59.961810
3.567300,59.959725
3.567400,59.953940
3.567500,59.957208
3.567600,59.969510
3.567700,59.979822
3.567800,59.980249
3.567900,59.985958
3.568000,59.983036
3.568100,59.975502
3.568200,59.978944
3.568300,59.979340
3.568400,59.978776
3.568500,59.979668
3.568600,59.980501
3.568700,59.979605
3.568800,59.980587
3.568900,59.979923
3.569000,59.979918
3.569100,59.979982
3.569200,59.980472
3.569300,59.981418
3.569400,59.981381
3.569500,59.981393
3.569600,59.981674
3.569700,59.981107
3.569800,59.980945
3.569900,59.982068
3.570000,59.980273
3.570100,59.978052
3.570200,59.976870
3.570300,59.979339
3.570400,59.982123
3.570500,59.985531
3.570600,59.982381
3.570700,59.983294
3.570800,59.986436
3.570900,59.984840
3.571000,59.982485
3.571100,59.982296
3.571200,59.984863
3.571300,59.983693
3.571400,59.986930
3.571500,59.988441
3.571600,59.988539
3.571700,59.990798
3.571800,59.990368
3.571900,59.992191
3.572000,59.989847
3.572100,59.990350
3.572200,59.989509
3.572300,59.987263
3.572400,59.990796
3.572500,59.989741
3.572600,59.987708
3.572700,59.982960
3.572800,59.983303
3.572900,59.981350
3.573000,59.980126
3.573100,59.977727
3.573200,59.977203
3.573300,59.976881
3.573400,59.980226
3.573500,59.986844
3.573600,59.982768
3.573700,59.986932
3.573800,59.981737
3.573900,59.973944
3.574000,59.976558
3.574100,59.981144
3.574200,59.990290
3.574300,59.997074
3.574400,59.990418
3.574500,59.995101
3.574600,60.001277
3.574700,60.000824
3.574800,60.000775
3.574900,60.001709
3.575000,60.000803
3.575100,60.007290
3.575200,59.996613
3.575300,59.982302
3.575400,59.988139
3.575500,59.988185
3.575600,59.991309
3.575700,59.991878
3.575800,59.989244
3.575900,59.986919
3.576000,59.984938
3.576100,59.978102
3.576200,59.980481
3.576300,59.973455
3.576400,59.971122
3.576500,59.973785
3.576600,59.976232
3.576700,59.972174
3.576800,59.973817
3.576900,59.974883
3.577000,59.974712
3.577100,59.973854
3.577200,59.974544
3.577300,59.974536
3.577400,59.974606
3.577500,59.974524
3.577600,59.974848
3.577700,59.973903
3.577800,59.973302
3.577900,59.971500
3.578000,59.969759
3.578100,59.969475
3.578200,59.971633
3.578300,59.973135
3.578400,59.971362
3.578500,59.972498
3.578600,59.970164
3.578700,59.972860
3.578800,59.970029
3.578900,59.967483
3.579000,59.967714
3.579100,59.970308
3.579200,59.970243
3.579300,59.970020
3.579400,59.966955
3.579500,59.967078
3.579600,59.966508
3.579700,59.966883
3.579800,59.966662
3.579900,59.966353
3.580000,59.969776
3.580100,59.969058
3.580200,59.971410
3.580300,59.970740
3.580400,59.971232
3.580500,59.968247
3.580600,59.970892
3.580700,59.974446
3.580800,59.971408
3.580900,59.975112
3.581000,59.979545
3.581100,59.978526
3.581200,59.974518
3.581300,59.976811
3.581400,59.976763
3.581500,59.975212
3.581600,59.978273
3.581700,59.976024
3.581800,59.979048
3.581900,59.983681
3.582000,59.981850
3.582100,59.976502
3.582200,59.973786
3.582300,59.975336
3.582400,59.971886
3.582500,59.967932
3.582600,59.960621
3.582700,59.964114
3.582800,59.955336
3.582900,59.961860
3.583000,59.957503
3.583100,59.961774
3.583200,59.960828
3.583300,59.971998
3.583400,59.981518
3.583500,59.993918
3.583600,59.980344
3.583700,59.980011
3.583800,59.988701
3.583900,59.990603
3.584000,59.978218
3.584100,59.969510
3.584200,59.976556
3.584300,59.983497
3.584400,59.994814
3.584500,59.996754
3.584600,60.000111
3.584700,60.008494
3.584800,60.005495
3.584900,60.001054
3.585000,60.005254
3.585100,60.005341
3.585200,60.005333
3.585300,60.008102
3.585400,60.007845
3.585500,60.006428
3.585600,60.006698
3.585700,60.006636
3.585800,60.006926
3.585900,60.007074
3.586000,60.006922
3.586100,60.005420
3.586200,60.006760
3.586300,60.005856
3.586400,60.006935
3.586500,60.006695
3.586600,60.004372
3.586700,60.006161
3.586800,60.005624
3.586900,60.006321
3.587000,60.009377
3.587100,60.011552
3.587200,60.011016
3.587300,60.010085
3.587400,60.013111
3.587500,60.009569
3.587600,60.009775
3.587700,60.010579
3.587800,60.013166
3.587900,60.013120
3.588000,60.015219
3.588100,60.018089
3.588200,60.015737
3.588300,60.013489
3.588400,60.015991
3.588500,60.015024
3.588600,60.016529
3.588700,60.016381
3.588800,60.012103
3.588900,60.014796
3.589000,60.017603
3.589100,60.021249
3.589200,60.024111
3.589300,60.025018
3.589400,60.021124
3.589500,60.018490
3.589600,60.018725
3.589700,60.023351
3.589800,60.024683
3.589900,60.030335
3.590000,60.024751
3.590100,60.021707
3.590200,60.022236
3.590300,60.024599
3.590400,60.025101
3.590500,60.019414
3.590600,60.012887
3.590700,60.009571
3.590800,60.011973
3.590900,60.018900
3.591000,60.023530
3.591100,60.023437
3.591200,60.015021
3.591300,60.004455
3.591400,60.012205
3.591500,60.015424
3.591600,60.026749
3.591700,60.014769
3.591800,60.023210
3.591900,60.030355
3.592000,60.029386
3.592100,60.034118
3.592200,60.021681
3.592300,60.035381
3.592400,60.031517
3.592500,60.028270
3.592600,60.034369
3.592700,60.032905
3.592800,60.037775
3.592900,60.038864
3.593000,60.047187
3.593100,60.040919
3.593200,60.036914
3.593300,60.033014
3.593400,60.035447
3.593500,60.034150
3.593600,60.035627
3.593700,60.037517
3.593800,60.037104
3.593900,60.036914
3.594000,60.037048
3.594100,60.037098
3.594200,60.037679
3.594300,60.038750
3.594400,60.038226
3.594500,60.038146
3.594600,60.037860
3.594700,60.037459
3.594800,60.035906
3.594900,60.033971
3.595000,60.033340
3.595100,60.033385
3.595200,60.033112
3.595300,60.035344
3.595400,60.038555
3.595500,60.037343
3.595600,60.040159
3.595700,60.038566
3.595800,60.038994
3.595900,60.036298
3.596000,60.036923
3.596100,60.040394
3.596200,60.039677
3.596300,60.040493
3.596400,60.037914
3.596500,60.036451
3.596600,60.038875
3.596700,60.035843
3.596800,60.035023
3.596900,60.038424
3.597000,60.042066
3.597100,60.043500
3.597200,60.040654
3.597300,60.035984
3.597400,60.037817
3.597500,60.035405
3.597600,60.036753
3.597700,60.032124
3.597800,60.033752
3.597900,60.029957
3.598000,60.030314
3.598100,60.026504
3.598200,60.030370
3.598300,60.030073
3.598400,60.023725
3.598500,60.017557
3.598600,60.025014
3.598700,60.026727
3.598800,60.026428
3.598900,60.035076
3.599000,60.032063
3.599100,60.032048
3.599200,60.034059
3.599300,60.026851
3.599400,60.034047
3.599500,60.030206
3.599600,60.040465
3.599700,60.038979
3.599800,60.034681
3.599900,60.042355
3.600000,60.054646
3.600100,60.057579
3.600200,60.060180
3.600300,60.047568
3.600400,60.042157
3.600500,60.048435
3.600600,60.043835
3.600700,60.030461
3.600800,60.030367
3.600900,60.028018
3.601000,60.023756
3.601100,60.029757
3.601200,60.029095
3.601300,60.033236
3.601400,60.032839
3.601500,60.037564
3.601600,60.040458
3.601700,60.043529
3.601800,60.041624
3.601900,60.038722
3.602000,60.037252
3.602100,60.037286
3.602200,60.037481
3.602300,60.037597
3.602400,60.037674
3.602500,60.038141
3.602600,60.037267
3.602700,60.038186
3.602800,60.039671
3.602900,60.039741
3.603000,60.038648
3.603100,60.038990
3.603200,60.037346
3.603300,60.040056
3.603400,60.040047
3.603500,60.038881
3.603600,60.040260
3.603700,60.042498
3.603800,60.040708
3.603900,60.038170
3.604000,60.037270
3.604100,60.036942
3.604200,60.038797
3.604300,60.035217
3.604400,60.035208
3.604500,60.035792
3.604600,60.038685
3.604700,60.037216
3.604800,60.035864
3.604900,60.036018
3.605000,60.033949
3.605100,60.031170
3.605200,60.033889
3.605300,60.033334
3.605400,60.035778
3.605500,60.038698
3.605600,60.040322
3.605700,60.044253
3.605800,60.044345
3.605900,60.044611
3.606000,60.048714
3.606100,60.052834
3.606200,60.051463
3.606300,60.054611
3.606400,60.055107
3.606500,60.050209
3.606600,60.052741
3.606700,60.053312
3.606800,60.049005
3.606900,60.050913
3.607000,60.057653
3.607100,60.050406
3.607200,60.047899
3.607300,60.053307
3.607400,60.052146
3.607500,60.049532
3.607600,60.043132
3.607700,60.038644
3.607800,60.036306
3.607900,60.034327
3.608000,60.039440
3.608100,60.033214
3.608200,60.034222
3.608300,60.023497
3.608400,60.034544
3.608500,60.032241
3.608600,60.040542
3.608700,60.042023
3.608800,60.032180
3.608900,60.021891
3.609000,60.015296
3.609100,60.012960
3.609200,60.023009
3.609300,60.029533
3.609400,60.031420
3.609500,60.025128
3.609600,60.023489
3.609700,60.026243
3.609800,60.032012
3.609900,60.028174
3.610000,60.025664
3.610100,60.027478
3.610200,60.027212
3.610300,60.028691
3.610400,60.027495
3.610500,60.027545
3.610600,60.027617
3.610700,60.027789
3.610800,60.027259
3.610900,60.027618
3.611000,60.027883
3.611100,60.026824
3.611200,60.028301
3.611300,60.029829
3.611400,60.032195
3.611500,60.030365
3.611600,60.027907
3.611700,60.025543
3.611800,60.028024
3.611900,60.030527
3.612000,60.033668
3.612100,60.032656
3.612200,60.033434
3.612300,60.032530
3.612400,60.031516
3.612500,60.032859
3.612600,60.029913
3.612700,60.029145
3.612800,60.027701
3.612900,60.025512
3.613000,60.024170
3.613100,60.021612
3.613200,60.019248
3.613300,60.018834
3.613400,60.016018
3.613500,60.014402
3.613600,60.014217
3.613700,60.018281
3.613800,60.017368
3.613900,60.016452
3.614000,60.016046
3.614100,60.019390
3.614200,60.015994
3.614300,60.014023
3.614400,60.011138
3.614500,60.016144
3.614600,60.014965
3.614700,60.015041
3.614800,60.018709
3.614900,60.022856
3.615000,60.028329
3.615100,60.027246
3.615200,60.021882
3.615300,60.017709
3.615400,60.018742
3.615500,60.021990
3.615600,60.017551
3.615700,60.025947
3.615800,60.031403
3.615900,60.039109
3.616000,60.033737
3.616100,60.041264
3.616200,60.041375
3.616300,60.052477
3.616400,60.046024
3.616500,60.053290
3.616600,60.052274
3.616700,60.042020
3.616800,60.049443
3.616900,60.053401
3.617000,60.052324
3.617100,60.039307
3.617200,60.037497
3.617300,60.031690
3.617400,60.040514
3.617500,60.028196
3.617600,60.029965
3.617700,60.039185
3.617800,60.039605
3.617900,60.039301
3.618000,60.036632
3.618100,60.038218
3.618200,60.038475
3.618300,60.042603
3.618400,60.039839
3.618500,60.040237
3.618600,60.039380
3.618700,60.038295
3.618800,60.038303
3.618900,60.038836
3.619000,60.038807
3.619100,60.038913
3.619200,60.038351
3.619300,60.038133
3.619400,60.038520
3.619500,60.037188
3.619600,60.037209
3.619700,60.036578
3.619800,60.038290
3.619900,60.037855
3.620000,60.035780
3.620100,60.037073
3.620200,60.039024
3.620300,60.037976
3.620400,60.036265
3.620500,60.035985
3.620600,60.036886
3.620700,60.036637
3.620800,60.036954
3.620900,60.033539
3.621000,60.035412
3.621100,60.032428
3.621200,60.036113
3.621300,60.039241
3.621400,60.037118
3.621500,60.035918
3.621600,60.035148
3.621700,60.035426
3.621800,60.031908
3.621900,60.033701
3.622000,60.037200
3.622100,60.034703
3.622200,60.033482
3.622300,60.030375
3.622400,60.029519
3.622500,60.033960
3.622600,60.035268
3.622700,60.032231
3.622800,60.035393
3.622900,60.037742
3.623000,60.040549
3.623100,60.046008
3.623200,60.040564
3.623300,60.045352
3.623400,60.044770
3.623500,60.049268
3.623600,60.051517
3.623700,60.049512
3.623800,60.052204
3.623900,60.046561
3.624000,60.053846
3.624100,60.048595
3.624200,60.049282
3.624300,60.039179
3.624400,60.035527
3.624500,60.036980
3.624600,60.043449
3.624700,60.053856
3.624800,60.052478
3.624900,60.048851
3.625000,60.037512
3.625100,60.025526
3.625200,60.028474
3.625300,60.027507
3.625400,60.034127
3.625500,60.019850
3.625600,60.030863
3.625700,60.039328
3.625800,60.029500
3.625900,60.021084
3.626000,60.031494
3.626100,60.041117
3.626200,60.040137
3.626300,60.033519
3.626400,60.026214
3.626500,60.025081
3.626600,60.025376
3.626700,60.029496
3.626800,60.033382
3.626900,60.036331
3.627000,60.036788
3.627100,60.035797
3.627200,60.035383
3.627300,60.035333
3.627400,60.035266
3.627500,60.034873
3.627600,60.035491
3.627700,60.035956
3.627800,60.036134
3.627900,60.036910
3.628000,60.038243
3.628100,60.038623
3.628200,60.039832
3.628300,60.038666
3.628400,60.040325
3.628500,60.041617
3.628600,60.043563
3.628700,60.043294
3.628800,60.041500
3.628900,60.042679
3.629000,60.042254
3.629100,60.041489
3.629200,60.038117
3.629300,60.040056
3.629400,60.037218
3.629500,60.040030
3.629600,60.037620
3.629700,60.038719
3.629800,60.039689
3.629900,60.040482
3.630000,60.040416
3.630100,60.040106
3.630200,60.044128
3.630300,60.044739
3.630400,60.046913
3.630500,60.046970
3.630600,60.045205
3.630700,60.043719
3.630800,60.039812
3.630900,60.041315
3.631000,60.039483
3.631100,60.042599
3.631200,60.041910
3.631300,60.042533
3.631400,60.040536
3.631500,60.040885
3.631600,60.035268
3.631700,60.032539
3.631800,60.033029
3.631900,60.033899
3.632000,60.032708
3.632100,60.033729
3.632200,60.033454
3.632300,60.040586
3.632400,60.044356
3.632500,60.042442
3.632600,60.034428
3.632700,60.038190
3.632800,60.031568
3.632900,60.036109
3.633000,60.048113
3.633100,60.041181
3.633200,60.039877
3.633300,60.046336
3.633400,60.049802
3.633500,60.046608
3.633600,60.034492
3.633700,60.029618
3.633800,60.026728
3.633900,60.028998
3.634000,60.041390
3.634100,60.033888
3.634200,60.028950
3.634300,60.027773
3.634400,60.025466
3.634500,60.035084
3.634600,60.035087
3.634700,60.035725
3.634800,60.030310
3.634900,60.029055
3.635000,60.027438
3.635100,60.024319
3.635200,60.021585
3.635300,60.021544
3.635400,60.022673
3.635500,60.022615
3.635600,60.022562
3.635700,60.022617
3.635800,60.022989
3.635900,60.021954
3.636000,60.022900
3.636100,60.021040
3.636200,60.019401
3.636300,60.020322
3.636400,60.019081
3.636500,60.020809
3.636600,60.022253
3.636700,60.024664
3.636800,60.022202
3.636900,60.023592
3.637000,60.025032
3.637100,60.022976
3.637200,60.021622
3.637300,60.018772
3.637400,60.016854
3.637500,60.014599
3.637600,60.016607
3.637700,60.013639
3.637800,60.014845
3.637900,60.018036
3.638000,60.018684
3.638100,60.020244
3.638200,60.019440
3.638300,60.017851
3.638400,60.014054
3.638500,60.012904
3.638600,60.009098
3.638700,60.009863
3.638800,60.009913
3.638900,60.008735
3.639000,60.011828
3.639100,60.012508
3.639200,60.015683
3.639300,60.012160
3.639400,60.012932
3.639500,60.012956
3.639600,60.018022
3.639700,60.013653
3.639800,60.011447
3.639900,60.013100
3.640000,60.007122
3.640100,60.004973
3.640200,60.005061
3.640300,60.008418
3.640400,60.009954
3.640500,60.010718
3.640600,60.010300
3.640700,60.005333
3.640800,60.005897
3.640900,60.005463
3.641000,60.005225
3.641100,60.013540
3.641200,60.024219
3.641300,60.026805
3.641400,60.018223
3.641500,60.015719
3.641600,60.014630
3.641700,60.025181
3.641800,60.019101
3.641900,60.032954
3.642000,60.021122
3.642100,60.013970
3.642200,60.028500
3.642300,60.034178
3.642400,60.028878
3.642500,60.017615
3.642600,60.009682
3.642700,60.015642
3.642800,60.011606
3.642900,60.009926
3.643000,60.008357
3.643100,60.003962
3.643200,60.004811
3.643300,60.005972
3.643400,60.005279
3.643500,60.004689
3.643600,60.003494
3.643700,60.004892
3.643800,60.004021
3.643900,60.003908
3.644000,60.003765
3.644100,60.003552
3.644200,60.004422
3.644300,60.004695
3.644400,60.004584
3.644500,60.005258
3.644600,60.003089
3.644700,60.001599
3.644800,59.999986
3.644900,59.999441
3.645000,60.000005
3.645100,59.998954
3.645200,59.996991
3.645300,59.998815
3.645400,59.995870
3.645500,59.995098
3.645600,59.994523
3.645700,59.993948
3.645800,59.996087
3.645900,59.995814
3.646000,59.996248
3.646100,59.994062
3.646200,59.994184
3.646300,59.995091
3.646400,59.996263
3.646500,59.994355
3.646600,59.998068
3.646700,59.997072
3.646800,59.996626
3.646900,59.996489
3.647000,59.995620
3.647100,59.991959
3.647200,59.987372
3.647300,59.991610
3.647400,59.991242
3.647500,59.995574
3.647600,59.998874
3.647700,60.002170
3.647800,60.005774
3.647900,60.003320
3.648000,60.006088
3.648100,60.003775
3.648200,60.001586
3.648300,60.001502
3.648400,59.995415
3.648500,59.991704
3.648600,59.993005
3.648700,59.994252
3.648800,59.999801
3.648900,59.997537
3.649000,60.002050
3.649100,59.992901
3.649200,59.994427
3.649300,59.986302
3.649400,59.994640
3.649500,60.000663
3.649600,60.000845
3.649700,60.011591
3.649800,60.016978
3.649900,60.014759
3.650000,60.018631
3.650100,60.013954
3.650200,60.014821
3.650300,60.025033
3.650400,60.030976
3.650500,60.023171
3.650600,60.014450
3.650700,60.028584
3.650800,60.020846
3.650900,60.024892
3.651000,60.020808
3.651100,60.023995
3.651200,60.033606
3.651300,60.024847
3.651400,60.024509
3.651500,60.031008
3.651600,60.036112
3.651700,60.038812
3.651800,60.036455
3.651900,60.035127
3.652000,60.033943
3.652100,60.032567
3.652200,60.032789
3.652300,60.032900
3.652400,60.032731
3.652500,60.032551
3.652600,60.033451
3.652700,60.034285
3.652800,60.034600
3.652900,60.033336
3.653000,60.034863
3.653100,60.033367
3.653200,60.034290
3.653300,60.033346
3.653400,60.036133
3.653500,60.037911
3.653600,60.035452
3.653700,60.037135
3.653800,60.034542
3.653900,60.034581
3.654000,60.035183
3.654100,60.035517
3.654200,60.034156
3.654300,60.036572
3.654400,60.036062
3.654500,60.034332
3.654600,60.032894
3.654700,60.034658
3.654800,60.036856
3.654900,60.037292
3.655000,60.038647
3.655100,60.041645
3.655200,60.042296
3.655300,60.044114
3.655400,60.044210
3.655500,60.040812
3.655600,60.038307
3.655700,60.037489
3.655800,60.037769
3.655900,60.042107
3.656000,60.041524
3.656100,60.040872
3.656200,60.044474
3.656300,60.046019
3.656400,60.049678
3.656500,60.049233
3.656600,60.052869
3.656700,60.058290
3.656800,60.058102
3.656900,60.058509
3.657000,60.061063
3.657100,60.060276
3.657200,60.054124
3.657300,60.057341
3.657400,60.057652
3.657500,60.062016
3.657600,60.060611
3.657700,60.065755
3.657800,60.076451
3.657900,60.084200
3.658000,60.074979
3.658100,60.071740
3.658200,60.077189
3.658300,60.072028
3.658400,60.073504
3.658500,60.067411
3.658600,60.067164
3.658700,60.065969
3.658800,60.069926
3.658900,60.076155
3.659000,60.086015
3.659100,60.074580
3.659200,60.064323
3.659300,60.074303
3.659400,60.074740
3.659500,60.081035
3.659600,60.088117
3.659700,60.091131
3.659800,60.089908
3.659900,60.088422
3.660000,60.092190
3.660100,60.093034
3.660200,60.089947
3.660300,60.090669
3.660400,60.090207
3.660500,60.089568
3.660600,60.089595
3.660700,60.089653
3.660800,60.088885
3.660900,60.088940
3.661000,60.088920
3.661100,60.089396
3.661200,60.088772
3.661300,60.088579
3.661400,60.088579
3.661500,60.089218
3.661600,60.088187
3.661700,60.088618
3.661800,60.086306
3.661900,60.087290
3.662000,60.085318
3.662100,60.084038
3.662200,60.081889
3.662300,60.085067
3.662400,60.083538
3.662500,60.086506
3.662600,60.089720
3.662700,60.089103
3.662800,60.090574
3.662900,60.090771
3.663000,60.089232
3.663100,60.087811
3.663200,60.084734
3.663300,60.083210
3.663400,60.082097
3.663500,60.084229
3.663600,60.080677
3.663700,60.078559
3.663800,60.080899
3.663900,60.084228
3.664000,60.086663
3.664100,60.082827
3.664200,60.080874
3.664300,60.077915
3.664400,60.072427
3.664500,60.078014
3.664600,60.080223
3.664700,60.075063
3.664800,60.081489
3.664900,60.075046
3.665000,60.071239
3.665100,60.074088
3.665200,60.072214
3.665300,60.076254
3.665400,60.082317
3.665500,60.082968
3.665600,60.088298
3.665700,60.084902
3.665800,60.079670
3.665900,60.079651
3.666000,60.073714
3.666100,60.081289
3.666200,60.071944
3.666300,60.061149
3.666400,60.051302
3.666500,60.044016
3.666600,60.042942
3.666700,60.042682
3.666800,60.040683
3.666900,60.046794
3.667000,60.046843
3.667100,60.037067
3.667200,60.025939
3.667300,60.014316
3.667400,60.026996
3.667500,60.016828
3.667600,60.009098
3.667700,60.005251
3.667800,60.004645
3.667900,60.011419
3.668000,60.011070
3.668100,60.009655
3.668200,60.010344
3.668300,60.008624
3.668400,60.011851
3.668500,60.014032
3.668600,60.015120
3.668700,60.014214
3.668800,60.014642
3.668900,60.014769
3.669000,60.014882
3.669100,60.014850
3.669200,60.014372
3.669300,60.014212
3.669400,60.013147
3.669500,60.014254
3.669600,60.015683
3.669700,60.017861
3.669800,60.020041
3.669900,60.022622
3.670000,60.022851
3.670100,60.020299
3.670200,60.022953
3.670300,60.022419
3.670400,60.022684
3.670500,60.023014
3.670600,60.022117
3.670700,60.024008
3.670800,60.022789
3.670900,60.021137
3.671000,60.021782
3.671100,60.023318
3.671200,60.025028
3.671300,60.022629
3.671400,60.021993
3.671500,60.018631
3.671600,60.019656
3.671700,60.019366
3.671800,60.021827
3.671900,60.018311
3.672000,60.022380
3.672100,60.021838
3.672200,60.022134
3.672300,60.025182
3.672400,60.027930
3.672500,60.028272
3.672600,60.024340
3.672700,60.019635
3.672800,60.018872
3.672900,60.019395
3.673000,60.014596
3.673100,60.016460
3.673200,60.020229
3.673300,60.015715
3.673400,60.021230
3.673500,60.020939
3.673600,60.016816
3.673700,60.012530
3.673800,60.010299
3.673900,60.005434
3.674000,60.014518
3.674100,60.007371
3.674200,60.009332
3.674300,60.014760
3.674400,60.022348
3.674500,60.018434
3.674600,60.019302
3.674700,60.008780
3.674800,59.998249
3.674900,59.995200
3.675000,59.986889
3.675100,59.983652
3.675200,59.995092
3.675300,59.995923
3.675400,60.004480
3.675500,60.005492
3.675600,59.998768
3.675700,60.012433
3.675800,60.008539
3.675900,60.005424
3.676000,60.000061
3.676100,59.995381
3.676200,59.993132
3.676300,59.992464
3.676400,59.986478
3.676500,59.987997
3.676600,59.989626
3.676700,59.987861
3.676800,59.986080
3.676900,59.987482
3.677000,59.987774
3.677100,59.988325
3.677200,59.988096
3.677300,59.988138
3.677400,59.988392
3.677500,59.987482
3.677600,59.987991
3.677700,59.987087
3.677800,59.986840
3.677900,59.988638
3.678000,59.989661
3.678100,59.987531
3.678200,59.985856
3.678300,59.988576
3.678400,59.988607
3.678500,59.989004
3.678600,59.986740
3.678700,59.988428
3.678800,59.986567
3.678900,59.988145
3.679000,59.986026
3.679100,59.986147
3.679200,59.983919
3.679300,59.986391
3.679400,59.988667
3.679500,59.992095
3.679600,59.993337
3.679700,59.991170
3.679800,59.988911
3.679900,59.986667
3.680000,59.982898
3.680100,59.983220
3.680200,59.979799
3.680300,59.980627
3.680400,59.977571
3.680500,59.979389
3.680600,59.979997
3.680700,59.976987
3.680800,59.978321
3.680900,59.979499
3.681000,59.983032
3.681100,59.987247
3.681200,59.984143
3.681300,59.982807
3.681400,59.983705
3.681500,59.981007
3.681600,59.979652
3.681700,59.983566
3.681800,59.982999
3.681900,59.981840
3.682000,59.986794
3.682100,59.986712
3.682200,59.988271
3.682300,59.989773
3.682400,59.998220
3.682500,59.992751
3.682600,59.989812
3.682700,59.994761
3.682800,59.992993
3.682900,59.992972
3.683000,60.004160
3.683100,60.007776
3.683200,60.002661
3.683300,59.990660
3.683400,59.996554
3.683500,59.984416
3.683600,59.994311
3.683700,60.006020
3.683800,60.004104
3.683900,59.996491
3.684000,59.984024
3.684100,59.972408
3.684200,59.971133
3.684300,59.972957
3.684400,59.966664
3.684500,59.966587
3.684600,59.974478
3.684700,59.972940
3.684800,59.977504
3.684900,59.972309
3.685000,59.976455
3.685100,59.979032
3.685200,59.976014
3.685300,59.977042
3.685400,59.977824
3.685500,59.977097
3.685600,59.977346
3.685700,59.977348
3.685800,59.976886
3.685900,59.977365
3.686000,59.978023
3.686100,59.976901
3.686200,59.976523
3.686300,59.976858
3.686400,59.977425
3.686500,59.975660
3.686600,59.976238
3.686700,59.973806
3.686800,59.976092
3.686900,59.973978
3.687000,59.970952
3.687100,59.972883
3.687200,59.974432
3.687300,59.972776
3.687400,59.973245
3.687500,59.973938
3.687600,59.976184
3.687700,59.977411
3.687800,59.978647
3.687900,59.976984
3.688000,59.979923
3.688100,59.980348
3.688200,59.978928
3.688300,59.978273
3.688400,59.974526
3.688500,59.973526
3.688600,59.972427
3.688700,59.975797
3.688800,59.974335
3.688900,59.976726
3.689000,59.975562
3.689100,59.975083
3.689200,59.971993
3.689300,59.970163
3.689400,59.968946
3.689500,59.969279
3.689600,59.972018
3.689700,59.967669
3.689800,59.970294
3.689900,59.976291
3.690000,59.972186
3.690100,59.966662
3.690200,59.959776
3.690300,59.964150
3.690400,59.960458
3.690500,59.953194
3.690600,59.949095
3.690700,59.957399
3.690800,59.966006
3.690900,59.966026
3.691000,59.965575
3.691100,59.976173
3.691200,59.984788
3.691300,59.986998
3.691400,59.991537
3.691500,59.979868
3.691600,59.980206
3.691700,59.980966
3.691800,59.976355
3.691900,59.980930
3.692000,59.980507
3.692100,59.971869
3.692200,59.961553
3.692300,59.965861
3.692400,59.974573
3.692500,59.962187
3.692600,59.968884
3.692700,59.957909
3.692800,59.949408
3.692900,59.943488
3.693000,59.942380
3.693100,59.942015
3.693200,59.947574
3.693300,59.952505
3.693400,59.954606
3.693500,59.954424
3.693600,59.952999
3.693700,59.952254
3.693800,59.953060
3.693900,59.953009
3.694000,59.952947
3.694100,59.952701
3.694200,59.953258
3.694300,59.953516
3.694400,59.952814
3.694500,59.953114
3.694600,59.953718
3.694700,59.955583
3.694800,59.953476
3.694900,59.955536
3.695000,59.958423
3.695100,59.957136
3.695200,59.959783
3.695300,59.959884
3.695400,59.960987
3.695500,59.960372
3.695600,59.961245
3.695700,59.963177
3.695800,59.964556
3.695900,59.962183
3.696000,59.960062
3.696100,59.959077
3.696200,59.959099
3.696300,59.962506
3.696400,59.961654
3.696500,59.961048
3.696600,59.961126
3.696700,59.958309
3.696800,59.958290
3.696900,59.960159
3.697000,59.957592
3.697100,59.957156
3.697200,59.960526
3.697300,59.962350
3.697400,59.961966
3.697500,59.958053
3.697600,59.960245
3.697700,59.958033
3.697800,59.958849
3.697900,59.958914
3.698000,59.958125
3.698100,59.953796
3.698200,59.957628
3.698300,59.957551
3.698400,59.957468
3.698500,59.954527
3.698600,59.954200
3.698700,59.952031
3.698800,59.943966
3.698900,59.936623
3.699000,59.941780
3.699100,59.946313
3.699200,59.948639
3.699300,59.945513
3.699400,59.939506
3.699500,59.950928
3.699600,59.949077
3.699700,59.951046
3.699800,59.941312
3.699900,59.937015
3.700000,59.931232
3.700100,59.927807
3.700200,59.932853
3.700300,59.944750
3.700400,59.934212
3.700500,59.927294
3.700600,59.940255
3.700700,59.949492
3.700800,59.951905
3.700900,59.943898
3.701000,59.947232
3.701100,59.943251
3.701200,59.944865
3.701300,59.943545
3.701400,59.940151
3.701500,59.944490
3.701600,59.943618
3.701700,59.939698
3.701800,59.942176
3.701900,59.940730
3.702000,59.940728
3.702100,59.940711
3.702200,59.940667
3.702300,59.940778
3.702400,59.940769
3.702500,59.940601
3.702600,59.939538
3.702700,59.939225
3.702800,59.938997
3.702900,59.937046
3.703000,59.937006
3.703100,59.934626
3.703200,59.936780
3.703300,59.937870
3.703400,59.938355
3.703500,59.940369
3.703600,59.938273
3.703700,59.938525
3.703800,59.936821
3.703900,59.939599
3.704000,59.937486
3.704100,59.936767
3.704200,59.933877
3.704300,59.930555
3.704400,59.928377
3.704500,59.931604
3.704600,59.930591
3.704700,59.931001
3.704800,59.930617
3.704900,59.932125
3.705000,59.935894
3.705100,59.935064
3.705200,59.934932
3.705300,59.935675
3.705400,59.937476
3.705500,59.939273
3.705600,59.935676
3.705700,59.938972
3.705800,59.943086
3.705900,59.938595
3.706000,59.942536
3.706100,59.940956
3.706200,59.941540
3.706300,59.942081
3.706400,59.942223
3.706500,59.945440
3.706600,59.942461
3.706700,59.940208
3.706800,59.938555
3.706900,59.935834
3.707000,59.932215
3.707100,59.935106
3.707200,59.937549
3.707300,59.939173
3.707400,59.947085
3.707500,59.946658
3.707600,59.938594
3.707700,59.945529
3.707800,59.937448
3.707900,59.946694
3.708000,59.941824
3.708100,59.936684
3.708200,59.937303
3.708300,59.942927
3.708400,59.942343
3.708500,59.941472
3.708600,59.954927
3.708700,59.940732
3.708800,59.941757
3.708900,59.932914
3.709000,59.928088
3.709100,59.940740
3.709200,59.946330
3.709300,59.941881
3.709400,59.951934
3.709500,59.956902
3.709600,59.948364
3.709700,59.948680
3.709800,59.953489
3.709900,59.954172
3.710000,59.953790
3.710100,59.952373
3.710200,59.952198
3.710300,59.950790
3.710400,59.949892
3.710500,59.949658
3.710600,59.949681
3.710700,59.949686
3.710800,59.950006
3.710900,59.950192
3.711000,59.949801
3.711100,59.950925
3.711200,59.949056
3.711300,59.950410
3.711400,59.952680
3.711500,59.951176
3.711600,59.950175
3.711700,59.949980
3.711800,59.950825
3.711900,59.950282
3.712000,59.950850
3.712100,59.949353
3.712200,59.946736
3.712300,59.949944
3.712400,59.949652
3.712500,59.948920
3.712600,59.948415
3.712700,59.948897
3.712800,59.950775
3.712900,59.952774
3.713000,59.955883
3.713100,59.959292
3.713200,59.956942
3.713300,59.958527
3.713400,59.955170
3.713500,59.958552
3.713600,59.957985
3.713700,59.954764
3.713800,59.953957
3.713900,59.956852
3.714000,59.959251
3.714100,59.959007
3.714200,59.962643
3.714300,59.965316
3.714400,59.961607
3.714500,59.959159
3.714600,59.960486
3.714700,59.961011
3.714800,59.960891
3.714900,59.963575
3.715000,59.967305
3.715100,59.961948
3.715200,59.956912
3.715300,59.963028
3.715400,59.961265
3.715500,59.958420
3.715600,59.954553
3.715700,59.952419
3.715800,59.954655
3.715900,59.961370
3.716000,59.956975
3.716100,59.959190
3.716200,59.956533
3.716300,59.960411
3.716400,59.965749
3.716500,59.956584
3.716600,59.947485
3.716700,59.949217
3.716800,59.951572
3.716900,59.957342
3.717000,59.958257
3.717100,59.952725
3.717200,59.966350
3.717300,59.971874
3.717400,59.983958
3.717500,59.993906
3.717600,59.984733
3.717700,59.992067
3.717800,60.001251
3.717900,59.993633
3.718000,59.993756
3.718100,59.997328
3.718200,59.991274
3.718300,59.989068
3.718400,59.985440
3.718500,59.987503
3.718600,59.987673
3.718700,59.987067
3.718800,59.987771
3.718900,59.987689
3.719000,59.987756
3.719100,59.987130
3.719200,59.987028
3.719300,59.986426
3.719400,59.987793
3.719500,59.986036
3.719600,59.985168
3.719700,59.983685
3.719800,59.984526
3.719900,59.984908
3.720000,59.986702
3.720100,59.985822
3.720200,59.985335
3.720300,59.986479
3.720400,59.983739
3.720500,59.986702
3.720600,59.984483
3.720700,59.985432
3.720800,59.984590
3.720900,59.984133
3.721000,59.984413
3.721100,59.983929
3.721200,59.987279
3.721300,59.988533
3.721400,59.989763
3.721500,59.989055
3.721600,59.989434
3.721700,59.985469
3.721800,59.983278
3.721900,59.984323
3.722000,59.987903
3.722100,59.988410
3.722200,59.987013
3.722300,59.991343
3.722400,59.994919
3.722500,59.991330
3.722600,59.992711
3.722700,59.993558
3.722800,59.990013
3.722900,59.988161
3.723000,59.983123
3.723100,59.984616
3.723200,59.980366
3.723300,59.981516
3.723400,59.984427
3.723500,59.983647
3.723600,59.990892
3.723700,59.984890
3.723800,59.987043
3.723900,59.987692
3.724000,59.980999
3.724100,59.983983
3.724200,59.982099
3.724300,59.989413
3.724400,59.985009
3.724500,59.994683
3.724600,59.989472
3.724700,59.991558
3.724800,59.993244
3.724900,59.979814
3.725000,59.967198
3.725100,59.964910
3.725200,59.971528
3.725300,59.961853
3.725400,59.974262
3.725500,59.961988
3.725600,59.956036
3.725700,59.953526
3.725800,59.954473
3.725900,59.954238
3.726000,59.963089
3.726100,59.959605
3.726200,59.958949
3.726300,59.958159
3.726400,59.962148
3.726500,59.964119
3.726600,59.962580
3.726700,59.962318
3.726800,59.962327
3.726900,59.960518
3.727000,59.960258
3.727100,59.961137
3.727200,59.961747
3.727300,59.961753
3.727400,59.961631
3.727500,59.961146
3.727600,59.960858
3.727700,59.961616
3.727800,59.960234
3.727900,59.958373
3.728000,59.958127
3.728100,59.960230
3.728200,59.958623
3.728300,59.958488
3.728400,59.960744
3.728500,59.957563
3.728600,59.960280
3.728700,59.963184
3.728800,59.960723
3.728900,59.960568
3.729000,59.958734
3.729100,59.961645
3.729200,59.963947
3.729300,59.960785
3.729400,59.961944
3.729500,59.960048
3.729600,59.963546
3.729700,59.967406
3.729800,59.964727
3.729900,59.967527
3.730000,59.971144
3.730100,59.970302
3.730200,59.970732
3.730300,59.971964
3.730400,59.971798
3.730500,59.974046
3.730600,59.977864
3.730700,59.973540
3.730800,59.971973
3.730900,59.971342
3.731000,59.974532
3.731100,59.976539
3.731200,59.980282
3.731300,59.981343
3.731400,59.976591
3.731500,59.970687
3.731600,59.971375
3.731700,59.973408
3.731800,59.973426
3.731900,59.974735
3.732000,59.974514
3.732100,59.973373
3.732200,59.965486
3.732300,59.958376
3.732400,59.965412
3.732500,59.965642
3.732600,59.961180
3.732700,59.966565
3.732800,59.976529
3.732900,59.987064
3.733000,59.988277
3.733100,59.982176
3.733200,59.986429
3.733300,59.980592
3.733400,59.988640
3.733500,60.001224
3.733600,60.012165
3.733700,60.017591
3.733800,60.014309
3.733900,60.016926
3.734000,60.017045
3.734100,60.017325
3.734200,60.019045
3.734300,60.011443
3.734400,60.018364
3.734500,60.026264
3.734600,60.023078
3.734700,60.029181
3.734800,60.027749
3.734900,60.028679
3.735000,60.029153
3.735100,60.030394
3.735200,60.031770
3.735300,60.029597
3.735400,60.029156
3.735500,60.029635
3.735600,60.029549
3.735700,60.029699
3.735800,60.030678
3.735900,60.029907
3.736000,60.030546
3.736100,60.030899
3.736200,60.032386
3.736300,60.034026
3.736400,60.036957
3.736500,60.039557
3.736600,60.036531
3.736700,60.033656
3.736800,60.036191
3.736900,60.033174
3.737000,60.031910
3.737100,60.029405
3.737200,60.026195
3.737300,60.023431
3.737400,60.019923
3.737500,60.022361
3.737600,60.025054
3.737700,60.028029
3.737800,60.025212
3.737900,60.023045
3.738000,60.025086
3.738100,60.026133
3.738200,60.023668
3.738300,60.027426
3.738400,60.025270
3.738500,60.026386
3.738600,60.024653
3.738700,60.026787
3.738800,60.023539
3.738900,60.019704
3.739000,60.015514
3.739100,60.013030
3.739200,60.017123
3.739300,60.020847
3.739400,60.019508
3.739500,60.018245
3.739600,60.022370
3.739700,60.019338
3.739800,60.022622
3.739900,60.019339
3.740000,60.020561
3.740100,60.014262
3.740200,60.010527
3.740300,60.015484
3.740400,60.009159
3.740500,60.001167
3.740600,59.996609
3.740700,59.996563
3.740800,59.999331
3.740900,60.005352
3.741000,60.013905
3.741100,60.006197
3.741200,60.015466
3.741300,60.006725
3.741400,60.000531
3.741500,60.008931
3.741600,60.021549
3.741700,60.012403
3.741800,60.021061
3.741900,60.021792
3.742000,60.025209
3.742100,60.036104
3.742200,60.038547
3.742300,60.042822
3.742400,60.046478
3.742500,60.042805
3.742600,60.047741
3.742700,60.051621
3.742800,60.043163
3.742900,60.040181
3.743000,60.040263
3.743100,60.035082
3.743200,60.031975
3.743300,60.033827
3.743400,60.031873
3.743500,60.032095
3.743600,60.030881
3.743700,60.030733
3.743800,60.030909
3.743900,60.030576
3.744000,60.030588
3.744100,60.031250
3.744200,60.031477
3.744300,60.032346
3.744400,60.034016
3.744500,60.035742
3.744600,60.033267
3.744700,60.034954
3.744800,60.032297
3.744900,60.032410
3.745000,60.032953
3.745100,60.031836
3.745200,60.029135
3.745300,60.027376
3.745400,60.029958
3.745500,60.030397
3.745600,60.028924
3.745700,60.031442
3.745800,60.030680
3.745900,60.028250
3.746000,60.026651
3.746100,60.024829
3.746200,60.027775
3.746300,60.028266
3.746400,60.025418
3.746500,60.028049
3.746600,60.025267
3.746700,60.028982
3.746800,60.028317
3.746900,60.027331
3.747000,60.027261
3.747100,60.024916
3.747200,60.028907
3.747300,60.028697
3.747400,60.032609
3.747500,60.034030
3.747600,60.033495
3.747700,60.032758
3.747800,60.035193
3.747900,60.031672
3.748000,60.036634
3.748100,60.041636
3.748200,60.039762
3.748300,60.037690
3.748400,60.041902
3.748500,60.048138
3.748600,60.048299
3.748700,60.045252
3.748800,60.043991
3.748900,60.043204
3.749000,60.046311
3.749100,60.046322
3.749200,60.054812
3.749300,60.056123
3.749400,60.048251
3.749500,60.043630
3.749600,60.044421
3.749700,60.053536
3.749800,60.058469
3.749900,60.052792
3.750000,60.050501
3.750100,60.040193
3.750200,60.035361
3.750300,60.030631
3.750400,60.042694
3.750500,60.047958
3.750600,60.044943
3.750700,60.032921
3.750800,60.035853
3.750900,60.024450
3.751000,60.014498
3.751100,60.016679
3.751200,60.010021
3.751300,60.005112
3.751400,60.006004
3.751500,60.006446
3.751600,60.011364
3.751700,60.011944
3.751800,60.013946
3.751900,60.013590
3.752000,60.013500
3.752100,60.013726
3.752200,60.014235
3.752300,60.014286
3.752400,60.014182
3.752500,60.013754
3.752600,60.013815
3.752700,60.014759
3.752800,60.013855
3.752900,60.014260
3.753000,60.013602
3.753100,60.012549
3.753200,60.013602
3.753300,60.012630
3.753400,60.010073
3.753500,60.009336
3.753600,60.011001
3.753700,60.009492
3.753800,60.007974
3.753900,60.005051
3.754000,60.008279
3.754100,60.009626
3.754200,60.009648
3.754300,60.008782
3.754400,60.008575
3.754500,60.010261
3.754600,60.009255
3.754700,60.012329
3.754800,60.015454
3.754900,60.015366
3.755000,60.012569
3.755100,60.009630
3.755200,60.013012
3.755300,60.011369
3.755400,60.011965
3.755500,60.014286
3.755600,60.011285
3.755700,60.008409
3.755800,60.008742
3.755900,60.005495
3.756000,60.004469
3.756100,60.002572
3.756200,59.998216
3.756300,59.995521
3.756400,60.000622
3.756500,60.005933
3.756600,60.010731
3.756700,60.012030
3.756800,60.007158
3.756900,59.999589
3.757000,60.005720
3.757100,59.999945
3.757200,60.005157
3.757300,60.002628
3.757400,60.002683
3.757500,60.009271
3.757600,60.006225
3.757700,60.005609
3.757800,60.004759
3.757900,60.016878
3.758000,60.018087
3.758100,60.024504
3.758200,60.026289
3.758300,60.036869
3.758400,60.048345
3.758500,60.045750
3.758600,60.055728
3.758700,60.042865
3.758800,60.030746
3.758900,60.044628
3.759000,60.051753
3.759100,60.044544
3.759200,60.042680
3.759300,60.045346
3.759400,60.049329
3.759500,60.056071
3.759600,60.056148
3.759700,60.060760
3.759800,60.061439
3.759900,60.058089
3.760000,60.056355
3.760100,60.058123
3.760200,60.059405
3.760300,60.058450
3.760400,60.056839
3.760500,60.056712
3.760600,60.056287
3.760700,60.056322
3.760800,60.055864
3.760900,60.054999
3.761000,60.055089
3.761100,60.054299
3.761200,60.055501
3.761300,60.056953
3.761400,60.057438
3.761500,60.057971
3.761600,60.056468
3.761700,60.057879
3.761800,60.058945
3.761900,60.056573
3.762000,60.053736
3.762100,60.054933
3.762200,60.056533
3.762300,60.058615
3.762400,60.058968
3.762500,60.060427
3.762600,60.058577
3.762700,60.059686
3.762800,60.062702
3.762900,60.061361
3.763000,60.060492
3.763100,60.061677
3.763200,60.064663
3.763300,60.064056
3.763400,60.066194
3.763500,60.068708
3.763600,60.066922
3.763700,60.065354
3.763800,60.062387
3.763900,60.062110
3.764000,60.061762
3.764100,60.062709
3.764200,60.066348
3.764300,60.064937
3.764400,60.067198
3.764500,60.072525
3.764600,60.070537
3.764700,60.067276
3.764800,60.066672
3.764900,60.069092
3.765000,60.070602
3.765100,60.065636
3.765200,60.066300
3.765300,60.071093
3.765400,60.067659
3.765500,60.060293
3.765600,60.068275
3.765700,60.068992
3.765800,60.062609
3.765900,60.056688
3.766000,60.047253
3.766100,60.041482
3.766200,60.035950
3.766300,60.042458
3.766400,60.049927
3.766500,60.062157
3.766600,60.070716
3.766700,60.078145
3.766800,60.068036
3.766900,60.064150
3.767000,60.051686
3.767100,60.066023
3.767200,60.068055
3.767300,60.059041
3.767400,60.064459
3.767500,60.071350
3.767600,60.065274
3.767700,60.069716
3.767800,60.060224
3.767900,60.068778
3.768000,60.072101
3.768100,60.072707
3.768200,60.070893
3.768300,60.072399
3.768400,60.071611
3.768500,60.068498
3.768600,60.068588
3.768700,60.068286
3.768800,60.067843
3.768900,60.067891
3.769000,60.067547
3.769100,60.067742
3.769200,60.068865
3.769300,60.069084
3.769400,60.068866
3.769500,60.068097
3.769600,60.069059
3.769700,60.067514
3.769800,60.069102
3.769900,60.068973
3.770000,60.068531
3.770100,60.067046
3.770200,60.064502
3.770300,60.062680
3.770400,60.061005
3.770500,60.063037
3.770600,60.063079
3.770700,60.065405
3.770800,60.064802
3.770900,60.064116
3.771000,60.065702
3.771100,60.065456
3.771200,60.065763
3.771300,60.066518
3.771400,60.065980
3.771500,60.065881
3.771600,60.063613
3.771700,60.060325
3.771800,60.056221
3.771900,60.058077
3.772000,60.055142
3.772100,60.051373
3.772200,60.054452
3.772300,60.055332
3.772400,60.055820
3.772500,60.059035
3.772600,60.060983
3.772700,60.064124
3.772800,60.062278
3.772900,60.065391
3.773000,60.062047
3.773100,60.068267
3.773200,60.073658
3.773300,60.072495
3.773400,60.073905
3.773500,60.072168
3.773600,60.075824
3.773700,60.079049
3.773800,60.078904
3.773900,60.075050
3.774000,60.075059
3.774100,60.072553
3.774200,60.062389
3.774300,60.067178
3.774400,60.063958
3.774500,60.068613
3.774600,60.059671
3.774700,60.054286
3.774800,60.066445
3.774900,60.068805
3.775000,60.061879
3.775100,60.047519
3.775200,60.042998
3.775300,60.032572
3.775400,60.036968
3.775500,60.051011
3.775600,60.042420
3.775700,60.034284
3.775800,60.024812
3.775900,60.029501
3.776000,60.031237
3.776100,60.036545
3.776200,60.042351
3.776300,60.038079
3.776400,60.038489
3.776500,60.039505
3.776600,60.034458
3.776700,60.037754
3.776800,60.040168
3.776900,60.038918
3.777000,60.036989
3.777100,60.036547
3.777200,60.036709
3.777300,60.036679
3.777400,60.036813
3.777500,60.037148
3.777600,60.037662
3.777700,60.036603
3.777800,60.036199
3.777900,60.035648
3.778000,60.034785
3.778100,60.033877
3.778200,60.033130
3.778300,60.032243
3.778400,60.029699
3.778500,60.027049
3.778600,60.029283
3.778700,60.031557
3.778800,60.034116
3.778900,60.034604
3.779000,60.037165
3.779100,60.037936
3.779200,60.036258
3.779300,60.034793
3.779400,60.036922
3.779500,60.036470
3.779600,60.038788
3.779700,60.037932
3.779800,60.036416
3.779900,60.037050
3.780000,60.039804
3.780100,60.038925
3.780200,60.034989
3.780300,60.032288
3.780400,60.035661
3.780500,60.039942
3.780600,60.040896
3.780700,60.037159
3.780800,60.039092
3.780900,60.039967
3.781000,60.036665
3.781100,60.034013
3.781200,60.038681
3.781300,60.034017
3.781400,60.031975
3.781500,60.029190
3.781600,60.032473
3.781700,60.032387
3.781800,60.034668
3.781900,60.036169
3.782000,60.028828
3.782100,60.028630
3.782200,60.027088
3.782300,60.035431
3.782400,60.038896
3.782500,60.038964
3.782600,60.036386
3.782700,60.028306
3.782800,60.017915
3.782900,60.016278
3.783000,60.010905
3.783100,60.019217
3.783200,60.021378
3.783300,60.009823
3.783400,60.020882
3.783500,60.028142
3.783600,60.033544
3.783700,60.047647
3.783800,60.035458
3.783900,60.044634
3.784000,60.035915
3.784100,60.031565
3.784200,60.030493
3.784300,60.026128
3.784400,60.028832
3.784500,60.026931
3.784600,60.021097
3.784700,60.015069
3.784800,60.015237
3.784900,60.011463
3.785000,60.013292
3.785100,60.010960
3.785200,60.011945
3.785300,60.012802
3.785400,60.012910
3.785500,60.013056
3.785600,60.012999
3.785700,60.013162
3.785800,60.013151
3.785900,60.012272
3.786000,60.011900
3.786100,60.013152
3.786200,60.012438
3.786300,60.012088
3.786400,60.009783
3.786500,60.008108
3.786600,60.008144
3.786700,60.007610
3.786800,60.010145
3.786900,60.007793
3.787000,60.007831
3.787100,60.005346
3.787200,60.002479
3.787300,60.005510
3.787400,60.007711
3.787500,60.009077
3.787600,60.007951
3.787700,60.008209
3.787800,60.011075
3.787900,60.013647
3.788000,60.014431
3.788100,60.011353
3.788200,60.011653
3.788300,60.008370
3.788400,60.009200
3.788500,60.009589
3.788600,60.012790
3.788700,60.015454
3.788800,60.015755
3.788900,60.013276
3.789000,60.012790
3.789100,60.010959
3.789200,60.011774
3.789300,60.007942
3.789400,60.008238
3.789500,60.007557
3.789600,60.008776
3.789700,60.006254
3.789800,60.008247
3.789900,60.013970
3.790000,60.018713
3.790100,60.022452
3.790200,60.023539
3.790300,60.019175
3.790400,60.014224
3.790500,60.006898
3.790600,60.012642
3.790700,60.021112
3.790800,60.022738
3.790900,60.014669
3.791000,60.015812
3.791100,60.017400
3.791200,60.012094
3.791300,60.008580
3.791400,60.011833
3.791500,60.018097
3.791600,60.027918
3.791700,60.028099
3.791800,60.026228
3.791900,60.015185
3.792000,60.006537
3.792100,59.993002
3.792200,59.985537
3.792300,59.995201
3.792400,59.982030
3.792500,59.976941
3.792600,59.981867
3.792700,59.982198
3.792800,59.986185
3.792900,59.990143
3.793000,59.994678
3.793100,59.989281
3.793200,59.983630
3.793300,59.981705
3.793400,59.984594
3.793500,59.987680
3.793600,59.987412
3.793700,59.986676
3.793800,59.986118
3.793900,59.985986
3.794000,59.986126
3.794100,59.986249
3.794200,59.986053
3.794300,59.985726
3.794400,59.984559
3.794500,59.983510
3.794600,59.983421
3.794700,59.984075
3.794800,59.982026
3.794900,59.984327
3.795000,59.982974
3.795100,59.983830
3.795200,59.983604
3.795300,59.984002
3.795400,59.984761
3.795500,59.982060
3.795600,59.983376
3.795700,59.982693
3.795800,59.984009
3.795900,59.985732
3.796000,59.987858
3.796100,59.986524
3.796200,59.984620
3.796300,59.986625
3.796400,59.987892
3.796500,59.984876
3.796600,59.988439
3.796700,59.987877
3.796800,59.986791
3.796900,59.989833
3.797000,59.990595
3.797100,59.989999
3.797200,59.988943
3.797300,59.988030
3.797400,59.988385
3.797500,59.987729
3.797600,59.990903
3.797700,59.992685
3.797800,59.993314
3.797900,59.996828
3.798000,59.997807
3.798100,59.998928
3.798200,60.001602
3.798300,59.996553
3.798400,59.997593
3.798500,60.001136
3.798600,59.995430
3.798700,60.002460
3.798800,60.007220
3.798900,60.010224
3.799000,60.018567
3.799100,60.015847
3.799200,60.009143
3.799300,60.013103
3.799400,60.011208
3.799500,60.012620
3.799600,60.020176
3.799700,60.009018
3.799800,60.007269
3.799900,60.003517
3.800000,60.000465
3.800100,60.005472
3.800200,60.000079
3.800300,60.000749
3.800400,60.008398
3.800500,60.009123
3.800600,60.013767
3.800700,60.004882
3.800800,60.010742
3.800900,60.007791
3.801000,60.015907
3.801100,60.007815
3.801200,60.005527
3.801300,60.010430
3.801400,60.003489
3.801500,60.007559
3.801600,60.008291
3.801700,60.011603
3.801800,60.013035
3.801900,60.014429
3.802000,60.015904
3.802100,60.016181
3.802200,60.015780
3.802300,60.015784
3.802400,60.015401
3.802500,60.015696
3.802600,60.014413
3.802700,60.015704
3.802800,60.016614
3.802900,60.015620
3.803000,60.013828
3.803100,60.012940
3.803200,60.012927
3.803300,60.010198
3.803400,60.011744
3.803500,60.013563
3.803600,60.011036
3.803700,60.010504
3.803800,60.009532
3.803900,60.012540
3.804000,60.009743
3.804100,60.009781
3.804200,60.006109
3.804300,60.007268
3.804400,60.010916
3.804500,60.007734
3.804600,60.009789
3.804700,60.008991
3.804800,60.008411
3.804900,60.006438
3.805000,60.003730
3.805100,60.007939
3.805200,60.007698
3.805300,60.005774
3.805400,60.007543
3.805500,60.007333
3.805600,60.005497
3.805700,60.004038
3.805800,60.004679
3.805900,60.002779
3.806000,60.004605
3.806100,60.006300
3.806200,60.000725
3.806300,60.005806
3.806400,60.006742
3.806500,60.002909
3.806600,60.000446
3.806700,60.007440
3.806800,60.006283
3.806900,60.002701
3.807000,60.008406
3.807100,60.008047
3.807200,60.007080
3.807300,60.015475
3.807400,60.013842
3.807500,60.021626
3.807600,60.016060
3.807700,60.013670
3.807800,60.006123
3.807900,60.000098
3.808000,59.999071
3.808100,60.003379
3.808200,60.001600
3.808300,59.988960
3.808400,59.982069
3.808500,59.975194
3.808600,59.962826
3.808700,59.964302
3.808800,59.968770
3.808900,59.976056
3.809000,59.965761
3.809100,59.977863
3.809200,59.979995
3.809300,59.983457
3.809400,59.972454
3.809500,59.978072
3.809600,59.985227
3.809700,59.981490
3.809800,59.979991
3.809900,59.980892
3.810000,59.978510
3.810100,59.976403
3.810200,59.976495
3.810300,59.975146
3.810400,59.975521
3.810500,59.975352
3.810600,59.975629
3.810700,59.976252
3.810800,59.975166
3.810900,59.973959
3.811000,59.973720
3.811100,59.972043
3.811200,59.970040
3.811300,59.971109
3.811400,59.970115
3.811500,59.967738
3.811600,59.970194
3.811700,59.972110
3.811800,59.971744
3.811900,59.970246
3.812000,59.969955
3.812100,59.971602
3.812200,59.969100
3.812300,59.970733
3.812400,59.970426
3.812500,59.973631
3.812600,59.976872
3.812700,59.977362
3.812800,59.974720
3.812900,59.976835
3.813000,59.973983
3.813100,59.974589
3.813200,59.973972
3.813300,59.975580
3.813400,59.974381
3.813500,59.975568
3.813600,59.975805
3.813700,59.973185
3.813800,59.973468
3.813900,59.973090
3.814000,59.972233
3.814100,59.970887
3.814200,59.970097
3.814300,59.972423
3.814400,59.976401
3.814500,59.972495
3.814600,59.969384
3.814700,59.967973
3.814800,59.971571
3.814900,59.975700
3.815000,59.979258
3.815100,59.980666
3.815200,59.983133
3.815300,59.985679
3.815400,59.985845
3.815500,59.986896
3.815600,59.989866
3.815700,59.994019
3.815800,59.985930
3.815900,59.982341
3.816000,59.975974
3.816100,59.977719
3.816200,59.981782
3.816300,59.985219
3.816400,59.992244
3.816500,59.992937
3.816600,59.979776
3.816700,59.970367
3.816800,59.955882
3.816900,59.942458
3.817000,59.934535
3.817100,59.926583
3.817200,59.938839
3.817300,59.944331
3.817400,59.954781
3.817500,59.964740
3.817600,59.970170
3.817700,59.978016
3.817800,59.977730
3.817900,59.984180
3.818000,59.984349
3.818100,59.977649
3.818200,59.976274
3.818300,59.971610
3.818400,59.971525
3.818500,59.972618
3.818600,59.974229
3.818700,59.974356
3.818800,59.974675
3.818900,59.974831
3.819000,59.974908
3.819100,59.975044
3.819200,59.975956
3.819300,59.976913
3.819400,59.978459
3.819500,59.979116
3.819600,59.979435
3.819700,59.978683
3.819800,59.977108
3.819900,59.978467
3.820000,59.978423
3.820100,59.977474
3.820200,59.977035
3.820300,59.975389
3.820400,59.977075
3.820500,59.979737
3.820600,59.977858
3.820700,59.975045
3.820800,59.977213
3.820900,59.975668
3.821000,59.973710
3.821100,59.974498
3.821200,59.973979
3.821300,59.971232
3.821400,59.972194
3.821500,59.968794
3.821600,59.971731
3.821700,59.974123
3.821800,59.973133
3.821900,59.972258
3.822000,59.973533
3.822100,59.973853
3.822200,59.974511
3.822300,59.972469
3.822400,59.972251
3.822500,59.976323
3.822600,59.977782
3.822700,59.975984
3.822800,59.974299
3.822900,59.972387
3.823000,59.968353
3.823100,59.966357
3.823200,59.969442
3.823300,59.973614
3.823400,59.976727
3.823500,59.978111
3.823600,59.983155
3.823700,59.983099
3.823800,59.989690
3.823900,59.986205
3.824000,59.992440
3.824100,59.990371
3.824200,59.984948
3.824300,59.976377
3.824400,59.975783
3.824500,59.975942
3.824600,59.979127
3.824700,59.982744
3.824800,59.983361
3.824900,59.985448
3.825000,59.993329
3.825100,59.979873
3.825200,59.986018
3.825300,59.988473
3.825400,60.001591
3.825500,59.992394
3.825600,59.994349
3.825700,60.007559
3.825800,60.003124
3.825900,59.993400
3.826000,59.990338
3.826100,59.998869
3.826200,60.003902
3.826300,60.000798
3.826400,60.004982
3.826500,60.003536
3.826600,60.008950
3.826700,60.004723
3.826800,60.004883
3.826900,60.004881
3.827000,60.006681
3.827100,60.006577
3.827200,60.005950
3.827300,60.005971
3.827400,60.006357
3.827500,60.006669
3.827600,60.007631
3.827700,60.006224
3.827800,60.004332
3.827900,60.005493
3.828000,60.003409
3.828100,60.005767
3.828200,60.005483
3.828300,60.005983
3.828400,60.005546
3.828500,60.003530
3.828600,60.006412
3.828700,60.008272
3.828800,60.009910
3.828900,60.012833
3.829000,60.009572
3.829100,60.007506
3.829200,60.010267
3.829300,60.009573
3.829400,60.009261
3.829500,60.008046
3.829600,60.008183
3.829700,60.007793
3.829800,60.010960
3.829900,60.011781
3.830000,60.012256
3.830100,60.010724
3.830200,60.013282
3.830300,60.009793
3.830400,60.008358
3.830500,60.007270
3.830600,60.007111
3.830700,60.010849
3.830800,60.008704
3.830900,60.006372
3.831000,60.003297
3.831100,60.007013
3.831200,60.006548
3.831300,60.005336
3.831400,60.009127
3.831500,60.007003
3.831600,60.002293
3.831700,60.002789
3.831800,60.008384
3.831900,60.008609
3.832000,60.012651
3.832100,60.017481
3.832200,60.015846
3.832300,60.007622
3.832400,60.009324
3.832500,60.015615
3.832600,60.009941
3.832700,60.003260
3.832800,60.004670
3.832900,60.013761
3.833000,60.015425
3.833100,60.016181
3.833200,60.020196
3.833300,60.021972
3.833400,60.035083
3.833500,60.026347
3.833600,60.020410
3.833700,60.021024
3.833800,60.008064
3.833900,60.009723
3.834000,60.013109
3.834100,60.000239
3.834200,60.009538
3.834300,59.998609
3.834400,59.994918
3.834500,59.991733
3.834600,59.992708
3.834700,59.998955
3.834800,60.004405
3.834900,59.998061
3.835000,60.002888
3.835100,60.004478
3.835200,60.005158
3.835300,60.004091
3.835400,60.003385
3.835500,60.002921
3.835600,60.003632
3.835700,60.003496
3.835800,60.003669
3.835900,60.003287
3.836000,60.003234
3.836100,60.003035
3.836200,60.002789
3.836300,60.003589
3.836400,60.002934
3.836500,60.001333
3.836600,60.002520
3.836700,60.002636
3.836800,60.004531
3.836900,60.004650
3.837000,60.002575
3.837100,60.001387
3.837200,60.004050
3.837300,60.003186
3.837400,60.000480
3.837500,60.000216
3.837600,60.000678
3.837700,59.998632
3.837800,59.999420
3.837900,60.002314
3.838000,60.003973
3.838100,60.002011
3.838200,60.001113
3.838300,60.002270
3.838400,60.000717
3.838500,59.998813
3.838600,59.999197
3.838700,59.997153
3.838800,59.999164
3.838900,59.998687
3.839000,59.997811
3.839100,60.000155
3.839200,60.000200
3.839300,60.002362
3.839400,60.001364
3.839500,59.998065
3.839600,59.996342
3.839700,60.002021
3.839800,60.002762
3.839900,59.999794
3.840000,59.993385
3.840100,59.995089
3.840200,60.001547
3.840300,59.994480
3.840400,60.000900
3.840500,60.000647
3.840600,60.002033
3.840700,59.995933
3.840800,60.004123
3.840900,59.994514
3.841000,59.992422
3.841100,59.987107
3.841200,59.994201
3.841300,59.983850
3.841400,59.991869
3.841500,59.992422
3.841600,59.989640
3.841700,59.988607
3.841800,59.992124
3.841900,59.977055
3.842000,59.987083
3.842100,59.982979
3.842200,59.992650
3.842300,59.996351
3.842400,60.007404
3.842500,60.006361
3.842600,60.014272
3.842700,60.006254
3.842800,60.009469
3.842900,60.018841
3.843000,60.025073
3.843100,60.018596
3.843200,60.018752
3.843300,60.017635
3.843400,60.015457
3.843500,60.018402
3.843600,60.020631
3.843700,60.019763
3.843800,60.018832
3.843900,60.018875
3.844000,60.018750
3.844100,60.018068
3.844200,60.018367
3.844300,60.019730
3.844400,60.018454
3.844500,60.019326
3.844600,60.019474
3.844700,60.021997
3.844800,60.021338
3.844900,60.023307
3.845000,60.025976
3.845100,60.028083
3.845200,60.028490
3.845300,60.026712
3.845400,60.027249
3.845500,60.030083
3.845600,60.031780
3.845700,60.029071
3.845800,60.029393
3.845900,60.026433
3.846000,60.027594
3.846100,60.027307
3.846200,60.024620
3.846300,60.027771
3.846400,60.025912
3.846500,60.022710
3.846600,60.022752
3.846700,60.024612
3.846800,60.020898
3.846900,60.018513
3.847000,60.021005
3.847100,60.023301
3.847200,60.022754
3.847300,60.024052
3.847400,60.025484
3.847500,60.024070
3.847600,60.024969
3.847700,60.020051
3.847800,60.025018
3.847900,60.024775
3.848000,60.020087
3.848100,60.023613
3.848200,60.017736
3.848300,60.021657
3.848400,60.021887
3.848500,60.015308
3.848600,60.010175
3.848700,60.012021
3.848800,60.013794
3.848900,60.009479
3.849000,60.013796
3.849100,60.006664
3.849200,60.005289
3.849300,60.011077
3.849400,60.016661
3.849500,60.019991
3.849600,60.014032
3.849700,60.008602
3.849800,60.013055
3.849900,60.020625
3.850000,60.011165
3.850100,60.020031
3.850200,60.016650
3.850300,60.023253
3.850400,60.025679
3.850500,60.014210
3.850600,60.011670
3.850700,60.007578
3.850800,60.006359
3.850900,60.013224
3.851000,60.023138
3.851100,60.016797
3.851200,60.010435
3.851300,60.002469
3.851400,60.006299
3.851500,60.005678
3.851600,60.002054
3.851700,60.006222
3.851800,60.002837
3.851900,60.000601
3.852000,59.999812
3.852100,59.999847
3.852200,59.999743
3.852300,59.999729
3.852400,59.999829
3.852500,60.000631
3.852600,60.000679
3.852700,59.999291
3.852800,60.000683
3.852900,60.002165
3.853000,59.999857
3.853100,60.000100
3.853200,59.997620
3.853300,59.995184
3.853400,59.995054
3.853500,59.995931
3.853600,59.994208
3.853700,59.995023
3.853800,59.992225
3.853900,59.989349
3.854000,59.991936
3.854100,59.991819
3.854200,59.993270
3.854300,59.996105
3.854400,59.995580
3.854500,59.996115
3.854600,59.998429
3.854700,59.999392
3.854800,59.998498
3.854900,59.999347
3.855000,60.000640
3.855100,59.998446
3.855200,60.000993
3.855300,59.999812
3.855400,59.995842
3.855500,59.993049
3.855600,59.996755
3.855700,59.995310
3.855800,59.992897
3.855900,59.988198
3.856000,59.985469
3.856100,59.987398
3.856200,59.984205
3.856300,59.985479
3.856400,59.987648
3.856500,59.990748
3.856600,59.994196
3.856700,59.993510
3.856800,59.988885
3.856900,59.989217
3.857000,59.988597
3.857100,59.992076
3.857200,59.990840
3.857300,59.986757
3.857400,59.993490
3.857500,59.999686
3.857600,59.996201
3.857700,59.989714
3.857800,59.986782
3.857900,59.995988
3.858000,59.999959
3.858100,59.997709
3.858200,60.008917
3.858300,60.016339
3.858400,60.026557
3.858500,60.029618
3.858600,60.025066
3.858700,60.017930
3.858800,60.031037
3.858900,60.036057
3.859000,60.027536
3.859100,60.015986
3.859200,60.014027
3.859300,60.005604
3.859400,60.013033
3.859500,60.014020
3.859600,60.005861
3.859700,60.011979
3.859800,60.010752
3.859900,60.008469
3.860000,60.009794
3.860100,60.008139
3.860200,60.006641
3.860300,60.007732
3.860400,60.007502
3.860500,60.007403
3.860600,60.007515
3.860700,60.007479
3.860800,60.007016
3.860900,60.006620
3.861000,60.006525
3.861100,60.005190
3.861200,60.004090
3.861300,60.002280
3.861400,59.999989
3.861500,59.999113
3.861600,59.999558
3.861700,60.001959
3.861800,60.002865
3.861900,60.001641
3.862000,59.999688
3.862100,59.998395
3.862200,59.995520
3.862300,59.995470
3.862400,59.998612
3.862500,59.998614
3.862600,59.998485
3.862700,59.998811
3.862800,59.998831
3.862900,59.998913
3.863000,59.997901
3.863100,59.999919
3.863200,59.996401
3.863300,59.996215
3.863400,59.993371
3.863500,59.992534
3.863600,59.995442
3.863700,59.995975
3.863800,59.999690
3.863900,59.999245
3.864000,59.997051
3.864100,59.999921
3.864200,59.998073
3.864300,60.002309
3.864400,60.000377
3.864500,60.004206
3.864600,59.998707
3.864700,60.000687
3.864800,60.002886
3.864900,60.001749
3.865000,59.998749
3.865100,59.998580
3.865200,60.004994
3.865300,60.009753
3.865400,60.008986
3.865500,60.001894
3.865600,60.001123
3.865700,60.006744
3.865800,60.009915
3.865900,59.999886
3.866000,60.009839
3.866100,60.006614
3.866200,60.014865
3.866300,60.022052
3.866400,60.026004
3.866500,60.014683
3.866600,60.004120
3.866700,59.995870
3.866800,59.988575
3.866900,59.987359
3.867000,60.001000
3.867100,60.004308
3.867200,59.993087
3.867300,59.992864
3.867400,59.988363
3.867500,59.999423
3.867600,60.002570
3.867700,60.012339
3.867800,60.011575
3.867900,60.016327
3.868000,60.013207
3.868100,60.010321
3.868200,60.011037
3.868300,60.015623
3.868400,60.015053
3.868500,60.012592
3.868600,60.011130
3.868700,60.011416
3.868800,60.010909
3.868900,60.011084
3.869000,60.010976
3.869100,60.012069
3.869200,60.010538
3.869300,60.009603
3.869400,60.010677
3.869500,60.012375
3.869600,60.013092
3.869700,60.014116
3.869800,60.017007
3.869900,60.019879
3.870000,60.020342
3.870100,60.017318
3.870200,60.016654
3.870300,60.013669
3.870400,60.013564
3.870500,60.012175
3.870600,60.011726
3.870700,60.012373
3.870800,60.009461
3.870900,60.008758
3.871000,60.006952
3.871100,60.010160
3.871200,60.010291
3.871300,60.006963
3.871400,60.006161
3.871500,60.006626
3.871600,60.008332
3.871700,60.008822
3.871800,60.009843
3.871900,60.013604
3.872000,60.009771
3.872100,60.008270
3.872200,60.005654
3.872300,60.008939
3.872400,60.009377
3.872500,60.008587
3.872600,60.006853
3.872700,60.006072
3.872800,60.008768
3.872900,60.004862
3.873000,60.009390
3.873100,60.004255
3.873200,60.008118
3.873300,60.010774
3.873400,60.004845
3.873500,60.001958
3.873600,59.995285
3.873700,59.988631
3.873800,59.993328
3.873900,59.997660
3.874000,59.999321
3.874100,60.003581
3.874200,60.013207
3.874300,60.012328
3.874400,60.021113
3.874500,60.010714
3.874600,60.020560
3.874700,60.020232
3.874800,60.007547
3.874900,59.996986
3.875000,59.988954
3.875100,59.999744
3.875200,59.996849
3.875300,60.004303
3.875400,60.010923
3.875500,60.010201
3.875600,60.022275
3.875700,60.020226
3.875800,60.021145
3.875900,60.015330
3.876000,60.006735
3.876100,60.015206
3.876200,60.005689
3.876300,60.003830
3.876400,60.010271
3.876500,60.010290
3.876600,60.008896
3.876700,60.005144
3.876800,60.006719
3.876900,60.006135
3.877000,60.007835
3.877100,60.007872
3.877200,60.007641
3.877300,60.007673
3.877400,60.007998
3.877500,60.007365
3.877600,60.008134
3.877700,60.007506
3.877800,60.006875
3.877900,60.007480
3.878000,60.005770
3.878100,60.007307
3.878200,60.007454
3.878300,60.006703
3.878400,60.008903
3.878500,60.010144
3.878600,60.008681
3.878700,60.007742
3.878800,60.004818
3.878900,60.002080
3.879000,60.002407
3.879100,59.999436
3.879200,60.000820
3.879300,60.001549
3.879400,60.004362
3.879500,60.007456
3.879600,60.005923
3.879700,60.004376
3.879800,60.006673
3.879900,60.005559
3.880000,60.006102
3.880100,60.006102
3.880200,60.008014
3.880300,60.005366
3.880400,60.002983
3.880500,60.006971
3.880600,60.006793
3.880700,60.004435
3.880800,60.000963
3.880900,60.004579
3.881000,60.006933
3.881100,60.003785
3.881200,60.006879
3.881300,60.012197
3.881400,60.011789
3.881500,60.017204
3.881600,60.017861
3.881700,60.013620
3.881800,60.014698
3.881900,60.015303
3.882000,60.009934
3.882100,60.011972
3.882200,60.013119
3.882300,60.013359
3.882400,60.008260
3.882500,60.006071
3.882600,60.011383
3.882700,60.000978
3.882800,60.001309
3.882900,60.006449
3.883000,59.997589
3.883100,59.985352
3.883200,59.994100
3.883300,59.995094
3.883400,59.986994
3.883500,59.986096
3.883600,59.977730
3.883700,59.989850
3.883800,59.978514
3.883900,59.983425
3.884000,59.996931
3.884100,60.006962
3.884200,59.996443
3.884300,59.994315
3.884400,60.001078
3.884500,60.001409
3.884600,60.001260
3.884700,59.996051
3.884800,59.989826
3.884900,59.993985
3.885000,59.995130
3.885100,59.998043
3.885200,59.996730
3.885300,59.995792
3.885400,59.994457
3.885500,59.995187
3.885600,59.995749
3.885700,59.995947
3.885800,59.996047
3.885900,59.996556
3.886000,59.996847
3.886100,59.997766
3.886200,59.997148
3.886300,59.996582
3.886400,59.998306
3.886500,59.998185
3.886600,59.997731
3.886700,59.996190
3.886800,59.997803
3.886900,59.999122
3.887000,59.999796
3.887100,60.002617
3.887200,60.005223
3.887300,60.003445
3.887400,60.003593
3.887500,60.003426
3.887600,60.005811
3.887700,60.004485
3.887800,60.003389
3.887900,60.000168
3.888000,59.997822
3.888100,59.995704
3.888200,59.996531
3.888300,59.996590
3.888400,59.996594
3.888500,59.994434
3.888600,59.993755
3.888700,59.990921
3.888800,59.987858
3.888900,59.991186
3.889000,59.991197
3.889100,59.993435
3.889200,59.997155
3.889300,59.997891
3.889400,60.001840
3.889500,59.997738
3.889600,59.999771
3.889700,60.000488
3.889800,59.997367
3.889900,60.001072
3.890000,59.997818
3.890100,60.004587
3.890200,59.998663
3.890300,59.992654
3.890400,59.986109
3.890500,59.979860
3.890600,59.973576
3.890700,59.973330
3.890800,59.968777
3.890900,59.967388
3.891000,59.977173
3.891100,59.971798
3.891200,59.961112
3.891300,59.970150
3.891400,59.964175
3.891500,59.955499
3.891600,59.954413
3.891700,59.943585
3.891800,59.935801
3.891900,59.949538
3.892000,59.947565
3.892100,59.953026
3.892200,59.961110
3.892300,59.964704
3.892400,59.958686
3.892500,59.946233
3.892600,59.951834
3.892700,59.951231
3.892800,59.943032
3.892900,59.949499
3.893000,59.943853
3.893100,59.951240
3.893200,59.944680
3.893300,59.948899
3.893400,59.946282
3.893500,59.948590
3.893600,59.946786
3.893700,59.946492
3.893800,59.946439
3.893900,59.947123
3.894000,59.946765
3.894100,59.946789
3.894200,59.946205
3.894300,59.946506
3.894400,59.945540
3.894500,59.944747
3.894600,59.945385
3.894700,59.944862
3.894800,59.943677
3.894900,59.941671
3.895000,59.943846
3.895100,59.944951
3.895200,59.946586
3.895300,59.946098
3.895400,59.945380
3.895500,59.947516
3.895600,59.950526
3.895700,59.951489
3.895800,59.951735
3.895900,59.951255
3.896000,59.950928
3.896100,59.947587
3.896200,59.946974
3.896300,59.946867
3.896400,59.949930
3.896500,59.950467
3.896600,59.950704
3.896700,59.949399
3.896800,59.952247
3.896900,59.955709
3.897000,59.952975
3.897100,59.951087
3.897200,59.952908
3.897300,59.955070
3.897400,59.957750
3.897500,59.956555
3.897600,59.954007
3.897700,59.958741
3.897800,59.960597
3.897900,59.955403
3.898000,59.952960
3.898100,59.957618
3.898200,59.955618
3.898300,59.949931
3.898400,59.950157
3.898500,59.947833
3.898600,59.945410
3.898700,59.942479
3.898800,59.943823
3.898900,59.947305
3.899000,59.952072
3.899100,59.959560
3.899200,59.951248
3.899300,59.949561
3.899400,59.945569
3.899500,59.950670
3.899600,59.954199
3.899700,59.952128
3.899800,59.940646
3.899900,59.940290
3.900000,59.945644
3.900100,59.941523
3.900200,59.954983
3.900300,59.955692
3.900400,59.941375
3.900500,59.949284
3.900600,59.952891
3.900700,59.953883
3.900800,59.942172
3.900900,59.952732
3.901000,59.956896
3.901100,59.952219
3.901200,59.958170
3.901300,59.951250
3.901400,59.955076
3.901500,59.959445
3.901600,59.964477
3.901700,59.967294
3.901800,59.964425
3.901900,59.967416
3.902000,59.966485
3.902100,59.965794
3.902200,59.966255
3.902300,59.966054
3.902400,59.966100
3.902500,59.966804
3.902600,59.966694
3.902700,59.966335
3.902800,59.966781
3.902900,59.968451
3.903000,59.968810
3.903100,59.967449
3.903200,59.967604
3.903300,59.968787
3.903400,59.971800
3.903500,59.968839
3.903600,59.969937
3.903700,59.968938
3.903800,59.965725
3.903900,59.967388
3.904000,59.969106
3.904100,59.966535
3.904200,59.966539
3.904300,59.965241
3.904400,59.962838
3.904500,59.961158
3.904600,59.961480
3.904700,59.961411
3.904800,59.960748
3.904900,59.961203
3.905000,59.962842
3.905100,59.960498
3.905200,59.960737
3.905300,59.958645
3.905400,59.959294
3.905500,59.961498
3.905600,59.959032
3.905700,59.958858
3.905800,59.960111
3.905900,59.963334
3.906000,59.966389
3.906100,59.970396
3.906200,59.972168
3.906300,59.967250
3.906400,59.966101
3.906500,59.971161
3.906600,59.965846
3.906700,59.968773
3.906800,59.971928
3.906900,59.973663
3.907000,59.973425
3.907100,59.981284
3.907200,59.975446
3.907300,59.972558
3.907400,59.974769
3.907500,59.980547
3.907600,59.973952
3.907700,59.971099
3.907800,59.962083
3.907900,59.956615
3.908000,59.956458
3.908100,59.967020
3.908200,59.974134
3.908300,59.967607
3.908400,59.978496
3.908500,59.969954
3.908600,59.964907
3.908700,59.968106
3.908800,59.959675
3.908900,59.961665
3.909000,59.955130
3.909100,59.959099
3.909200,59.967431
3.909300,59.967832
3.909400,59.956965
3.909500,59.959348
3.909600,59.957555
3.909700,59.953101
3.909800,59.957690
3.909900,59.955009
3.910000,59.951787
3.910100,59.952180
3.910200,59.953353
3.910300,59.953061
3.910400,59.954267
3.910500,59.954316
3.910600,59.954501
3.910700,59.954523
3.910800,59.954473
3.910900,59.954468
3.911000,59.954671
3.911100,59.955091
3.911200,59.953422
3.911300,59.952481
3.911400,59.954847
3.911500,59.954322
3.911600,59.952279
3.911700,59.949463
3.911800,59.950589
3.911900,59.948740
3.912000,59.948536
3.912100,59.951683
3.912200,59.949699
3.912300,59.951839
3.912400,59.949327
3.912500,59.952507
3.912600,59.955271
3.912700,59.955479
3.912800,59.954084
3.912900,59.954779
3.913000,59.955893
3.913100,59.959325
3.913200,59.962726
3.913300,59.959233
3.913400,59.959088
3.913500,59.959484
3.913600,59.956572
3.913700,59.959551
3.913800,59.960677
3.913900,59.958604
3.914000,59.958495
3.914100,59.955495
3.914200,59.959847
3.914300,59.964635
3.914400,59.961042
3.914500,59.958134
3.914600,59.959190
3.914700,59.959099
3.914800,59.959564
3.914900,59.956800
3.915000,59.952315
3.915100,59.952866
3.915200,59.952154
3.915300,59.947652
3.915400,59.948882
3.915500,59.951029
3.915600,59.944862
3.915700,59.943942
3.915800,59.941056
3.915900,59.931403
3.916000,59.933337
3.916100,59.935416
3.916200,59.944865
3.916300,59.952601
3.916400,59.957173
3.916500,59.962521
3.916600,59.972577
3.916700,59.983697
3.916800,59.984814
3.916900,59.997406
3.917000,60.009694
3.917100,60.000908
3.917200,60.004125
3.917300,59.999772
3.917400,59.991262
3.917500,59.990929
3.917600,59.990235
3.917700,59.995414
3.917800,59.995614
3.917900,59.989217
3.918000,59.984143
3.918100,59.978581
3.918200,59.977074
3.918300,59.973842
3.918400,59.972116
3.918500,59.973444
3.918600,59.971689
3.918700,59.971388
3.918800,59.971102
3.918900,59.971077
3.919000,59.970822
3.919100,59.970304
3.919200,59.969880
3.919300,59.969505
3.919400,59.969892
3.919500,59.970825
3.919600,59.970950
3.919700,59.971031
3.919800,59.968779
3.919900,59.967763
3.920000,59.965639
3.920100,59.964547
3.920200,59.961944
3.920300,59.959528
3.920400,59.960166
3.920500,59.957024
3.920600,59.957065
3.920700,59.957167
3.920800,59.959719
3.920900,59.961459
3.921000,59.963268
3.921100,59.966522
3.921200,59.963731
3.921300,59.965689
3.921400,59.965509
3.921500,59.968142
3.921600,59.968427
3.921700,59.967983
3.921800,59.968811
3.921900,59.969675
3.922000,59.970857
3.922100,59.973266
3.922200,59.969785
3.922300,59.968059
3.922400,59.972229
3.922500,59.969160
3.922600,59.964430
3.922700,59.962396
3.922800,59.964323
3.922900,59.959883
3.923000,59.956664
3.923100,59.962415
3.923200,59.961938
3.923300,59.966213
3.923400,59.967673
3.923500,59.973451
3.923600,59.970862
3.923700,59.964978
3.923800,59.968299
3.923900,59.962564
3.924000,59.965895
3.924100,59.966405
3.924200,59.959735
3.924300,59.957944
3.924400,59.955281
3.924500,59.952968
3.924600,59.963821
3.924700,59.971963
3.924800,59.984878
3.924900,59.982538
3.925000,59.991965
3.925100,59.998756
3.925200,59.993097
3.925300,60.002243
3.925400,60.000454
3.925500,59.986985
3.925600,59.996802
3.925700,60.001595
3.925800,60.004845
3.925900,59.996084
3.926000,59.986653
3.926100,59.992733
3.926200,59.990118
3.926300,59.992168
3.926400,59.987573
3.926500,59.985547
3.926600,59.990216
3.926700,59.992889
3.926800,59.991959
3.926900,59.994362
3.927000,59.992144
3.927100,59.992863
3.927200,59.993073
3.927300,59.993170
3.927400,59.993153
3.927500,59.992994
3.927600,59.992327
3.927700,59.993224
3.927800,59.993770
3.927900,59.993423
3.928000,59.995215
3.928100,59.995577
3.928200,59.994838
3.928300,59.994105
3.928400,59.995523
3.928500,59.995193
3.928600,59.997670
3.928700,59.995918
3.928800,59.992645
3.928900,59.993630
3.929000,59.995080
3.929100,59.998103
3.929200,60.000625
3.929300,60.003097
3.929400,60.005329
3.929500,60.004166
3.929600,60.001357
3.929700,60.002900
3.929800,60.006026
3.929900,60.005839
3.930000,60.003520
3.930100,60.000871
3.930200,60.003619
3.930300,60.005189
3.930400,60.008349
3.930500,60.005186
3.930600,60.004749
3.930700,60.006303
3.930800,60.007804
3.930900,60.008204
3.931000,60.009077
3.931100,60.005490
3.931200,60.006434
3.931300,60.003876
3.931400,60.001069
3.931500,60.004000
3.931600,60.006687
3.931700,60.005569
3.931800,60.002744
3.931900,59.999133
3.932000,59.995925
3.932100,59.990115
3.932200,59.982498
3.932300,59.979347
3.932400,59.981932
3.932500,59.987409
3.932600,59.996752
3.932700,59.997545
3.932800,59.993619
3.932900,60.003875
3.933000,60.002373
3.933100,59.990576
3.933200,59.997259
3.933300,60.004593
3.933400,60.005350
3.933500,59.996437
3.933600,60.001170
3.933700,60.013136
3.933800,60.021673
3.933900,60.011593
3.934000,59.999450
3.934100,59.989002
3.934200,59.980920
3.934300,59.981521
3.934400,59.987043
3.934500,59.996221
3.934600,59.990870
3.934700,59.989770
3.934800,59.990569
3.934900,59.993666
3.935000,59.994633
3.935100,59.995649
3.935200,59.993684
3.935300,59.994387
3.935400,59.994694
3.935500,59.994094
3.935600,59.993988
3.935700,59.993670
3.935800,59.993026
3.935900,59.992690
3.936000,59.992900
3.936100,59.993456
3.936200,59.994277
3.936300,59.993618
3.936400,59.991327
3.936500,59.989647
3.936600,59.992304
3.936700,59.989349
3.936800,59.989842
3.936900,59.990776
3.937000,59.990322
3.937100,59.992697
3.937200,59.993138
3.937300,59.994519
3.937400,59.992682
3.937500,59.991932
3.937600,59.993856
3.937700,59.993049
3.937800,59.995341
3.937900,59.994725
3.938000,59.995033
3.938100,59.998257
3.938200,60.000682
3.938300,60.001251
3.938400,60.000624
3.938500,60.001425
3.938600,59.997602
3.938700,59.997797
3.938800,59.994876
3.938900,59.998180
3.939000,59.999406
3.939100,60.001278
3.939200,59.998644
3.939300,59.993799
3.939400,59.992339
3.939500,59.991596
3.939600,59.990230
3.939700,59.989084
3.939800,59.992923
3.939900,59.991447
3.940000,59.995038
3.940100,59.995876
3.940200,59.999923
3.940300,59.998802
3.940400,59.993757
3.940500,60.000614
3.940600,60.001557
3.940700,60.005012
3.940800,59.998880
3.940900,59.990643
3.941000,59.993914
3.941100,59.985887
3.941200,59.976207
3.941300,59.980093
3.941400,59.990325
3.941500,59.985072
3.941600,59.981675
3.941700,59.976350
3.941800,59.980369
3.941900,59.978213
3.942000,59.974512
3.942100,59.973040
3.942200,59.976890
3.942300,59.987059
3.942400,59.982002
3.942500,59.987867
3.942600,59.992431
3.942700,59.997263
3.942800,60.000564
3.942900,60.002470
3.943000,60.008560
3.943100,60.011023
3.943200,60.011411
3.943300,60.013036
3.943400,60.010412
3.943500,60.007817
3.943600,60.007038
3.943700,60.006249
3.943800,60.006125
3.943900,60.006261
3.944000,60.006401
3.944100,60.005017
3.944200,60.005163
3.944300,60.003435
3.944400,60.001980
3.944500,60.001015
3.944600,59.999462
3.944700,60.001525
3.944800,60.003616
3.944900,60.004771
3.945000,60.004584
3.945100,60.003462
3.945200,60.000920
3.945300,59.999940
3.945400,60.002950
3.945500,60.004314
3.945600,60.001298
3.945700,60.004094
3.945800,60.004523
3.945900,60.007197
3.946000,60.004856
3.946100,60.003990
3.946200,60.004642
3.946300,60.007260
3.946400,60.005053
3.946500,60.002463
3.946600,60.000947
3.946700,60.002279
3.946800,60.005429
3.946900,60.005743
3.947000,60.006928
3.947100,60.008319
3.947200,60.009825
3.947300,60.010162
3.947400,60.012309
3.947500,60.012075
3.947600,60.010188
3.947700,60.009389
3.947800,60.013228
3.947900,60.015353
3.948000,60.017325
3.948100,60.016978
3.948200,60.012550
3.948300,60.009970
3.948400,60.014047
3.948500,60.009949
3.948600,60.009944
3.948700,60.006947
3.948800,59.999748
3.948900,60.006522
3.949000,60.004346
3.949100,60.000970
3.949200,60.000237
3.949300,59.998081
3.949400,59.991412
3.949500,59.981016
3.949600,59.986770
3.949700,59.981031
3.949800,59.991883
3.949900,59.988522
3.950000,59.979325
3.950100,59.990505
3.950200,59.983571
3.950300,59.972892
3.950400,59.974232
3.950500,59.986340
3.950600,59.976863
3.950700,59.966957
3.950800,59.965404
3.950900,59.974111
3.951000,59.980573
3.951100,59.972694
3.951200,59.969808
3.951300,59.974520
3.951400,59.973085
3.951500,59.968060
3.951600,59.973031
3.951700,59.968346
3.951800,59.970064
3.951900,59.970111
3.952000,59.969903
3.952100,59.970764
3.952200,59.970206
3.952300,59.970269
3.952400,59.970481
3.952500,59.970534
3.952600,59.971040
3.952700,59.970015
3.952800,59.969368
3.952900,59.967725
3.953000,59.968183
3.953100,59.968409
3.953200,59.968399
3.953300,59.965687
3.953400,59.967868
3.953500,59.966613
3.953600,59.967169
3.953700,59.969353
3.953800,59.970540
3.953900,59.967458
3.954000,59.968907
3.954100,59.969906
3.954200,59.966723
3.954300,59.967420
3.954400,59.968758
3.954500,59.969711
3.954600,59.970733
3.954700,59.974236
3.954800,59.972170
3.954900,59.971985
3.955000,59.970897
3.955100,59.972130
3.955200,59.969635
3.955300,59.973145
3.955400,59.973439
3.955500,59.969968
3.955600,59.969034
3.955700,59.964721
3.955800,59.963179
3.955900,59.967986
3.956000,59.969487
3.956100,59.972016
3.956200,59.973256
3.956300,59.969185
3.956400,59.969559
3.956500,59.971064
3.956600,59.967962
3.956700,59.962873
3.956800,59.958043
3.956900,59.962216
3.957000,59.955625
3.957100,59.963605
3.957200,59.963443
3.957300,59.968955
3.957400,59.972925
3.957500,59.966073
3.957600,59.967106
3.957700,59.974055
3.957800,59.979733
3.957900,59.989461
3.958000,59.995772
3.958100,59.999023
3.958200,60.008996
3.958300,60.001902
3.958400,60.005846
3.958500,59.999957
3.958600,59.998495
3.958700,59.987100
3.958800,59.996880
3.958900,60.007271
3.959000,60.010842
3.959100,60.010995
3.959200,60.014478
3.959300,60.008057
3.959400,59.999207
3.959500,60.007525
3.959600,60.008989
3.959700,60.009294
3.959800,60.006494
3.959900,60.003393
3.960000,60.007622
3.960100,60.010304
3.960200,60.008784
3.960300,60.007598
3.960400,60.005961
3.960500,60.005416
3.960600,60.005500
3.960700,60.005649
3.960800,60.005248
3.960900,60.004211
3.961000,60.005290
3.961100,60.006197
3.961200,60.006154
3.961300,60.004433
3.961400,60.002408
3.961500,60.004352
3.961600,60.003528
3.961700,60.003752
3.961800,60.004562
3.961900,60.005202
3.962000,60.003372
3.962100,60.003962
3.962200,60.003925
3.962300,60.003735
3.962400,60.005809
3.962500,60.002802
3.962600,60.005672
3.962700,60.005095
3.962800,60.003482
3.962900,60.002653
3.963000,60.004607
3.963100,60.002800
3.963200,60.000588
3.963300,60.003727
3.963400,60.002314
3.963500,60.005747
3.963600,60.006651
3.963700,60.005700
3.963800,60.007469
3.963900,60.010796
3.964000,60.009349
3.964100,60.009430
3.964200,60.005325
3.964300,60.004541
3.964400,60.002871
3.964500,60.006505
3.964600,60.006220
3.964700,60.002217
3.964800,60.000868
3.964900,59.995981
3.965000,59.995172
3.965100,59.991288
3.965200,59.991280
3.965300,59.990504
3.965400,59.997505
3.965500,60.001455
3.965600,59.996544
3.965700,60.001640
3.965800,60.003316
3.965900,60.004650
3.966000,59.998935
3.966100,59.999217
3.966200,59.995729
3.966300,59.990976
3.966400,59.985201
3.966500,59.988717
3.966600,59.988602
3.966700,59.981994
3.966800,59.985503
3.966900,59.989909
3.967000,59.981719
3.967100,59.979383
3.967200,59.974169
3.967300,59.961111
3.967400,59.957745
3.967500,59.966189
3.967600,59.969799
3.967700,59.961707
3.967800,59.961352
3.967900,59.967573
3.968000,59.964652
3.968100,59.959624
3.968200,59.959071
3.968300,59.960541
3.968400,59.964249
3.968500,59.965654
3.968600,59.965655
3.968700,59.966795
3.968800,59.967984
3.968900,59.967772
3.969000,59.967913
3.969100,59.967829
3.969200,59.967977
3.969300,59.968171
3.969400,59.969247
3.969500,59.968158
3.969600,59.969538
3.969700,59.968841
3.969800,59.968569
3.969900,59.967397
3.970000,59.969920
3.970100,59.969739
3.970200,59.972697
3.970300,59.970962
3.970400,59.971594
3.970500,59.973915
3.970600,59.976175
3.970700,59.973283
3.970800,59.969946
3.970900,59.973206
3.971000,59.971299
3.971100,59.974969
3.971200,59.976188
3.971300,59.972739
3.971400,59.971058
3.971500,59.971601
3.971600,59.970953
3.971700,59.972039
3.971800,59.973109
3.971900,59.969407
3.972000,59.970755
3.972100,59.969959
3.972200,59.969105
3.972300,59.972020
3.972400,59.976463
3.972500,59.978240
3.972600,59.981928
3.972700,59.977656
3.972800,59.974633
3.972900,59.979802
3.973000,59.985025
3.973100,59.980705
3.973200,59.980593
3.973300,59.982103
3.973400,59.981310
3.973500,59.983935
3.973600,59.982595
3.973700,59.979933
3.973800,59.986820
3.973900,59.982916
3.974000,59.981455
3.974100,59.982473
3.974200,59.978496
3.974300,59.986597
3.974400,59.982046
3.974500,59.985840
3.974600,59.996499
3.974700,59.988031
3.974800,59.983501
3.974900,59.988756
3.975000,59.990105
3.975100,60.002025
3.975200,60.010204
3.975300,60.004368
3.975400,60.008301
3.975500,60.016348
3.975600,60.029607
3.975700,60.022790
3.975800,60.011791
3.975900,60.004409
3.976000,60.009012
3.976100,60.013241
3.976200,60.009830
3.976300,60.008606
3.976400,60.009470
3.976500,60.013291
3.976600,60.015447
3.976700,60.014954
3.976800,60.012065
3.976900,60.011606
3.977000,60.011610
3.977100,60.010616
3.977200,60.011552
3.977300,60.011736
3.977400,60.011740
3.977500,60.011502
3.977600,60.011356
3.977700,60.011375
3.977800,60.011261
3.977900,60.010209
3.978000,60.010643
3.978100,60.012502
3.978200,60.012754
3.978300,60.012155
3.978400,60.014419
3.978500,60.013482
3.978600,60.014218
3.978700,60.011901
3.978800,60.011939
3.978900,60.012176
3.979000,60.014957
3.979100,60.015065
3.979200,60.015294
3.979300,60.017302
3.979400,60.017686
3.979500,60.018285
3.979600,60.019933
3.979700,60.018244
3.979800,60.014562
3.979900,60.013364
3.980000,60.012171
3.980100,60.012987
3.980200,60.016200
3.980300,60.019607
3.980400,60.022305
3.980500,60.019291
3.980600,60.019406
3.980700,60.023236
3.980800,60.021602
3.980900,60.017708
3.981000,60.014018
3.981100,60.009930
3.981200,60.008481
3.981300,60.012694
3.981400,60.008189
3.981500,60.010242
3.981600,60.012603
3.981700,60.013672
3.981800,60.017010
3.981900,60.012512
3.982000,60.014535
3.982100,60.021443
3.982200,60.029332
3.982300,60.029210
3.982400,60.029800
3.982500,60.037662
3.982600,60.040171
3.982700,60.032692
3.982800,60.040291
3.982900,60.031818
3.983000,60.024652
3.983100,60.030227
3.983200,60.017495
3.983300,60.003846
3.983400,60.009025
3.983500,60.013715
3.983600,60.023017
3.983700,60.025912
3.983800,60.036536
3.983900,60.025368
3.984000,60.037335
3.984100,60.041524
3.984200,60.031661
3.984300,60.040219
3.984400,60.029915
3.984500,60.031745
3.984600,60.031353
3.984700,60.033979
3.984800,60.035713
3.984900,60.038093
3.985000,60.034166
3.985100,60.034023
3.985200,60.035477
3.985300,60.037017
3.985400,60.037341
3.985500,60.037780
3.985600,60.037937
3.985700,60.037754
3.985800,60.038268
3.985900,60.038163
3.986000,60.038335
3.986100,60.039455
3.986200,60.040815
3.986300,60.042721
3.986400,60.042794
3.986500,60.041557
3.986600,60.041243
3.986700,60.042087
3.986800,60.045025
3.986900,60.045479
3.987000,60.048829
3.987100,60.049723
3.987200,60.048768
3.987300,60.047905
3.987400,60.045345
3.987500,60.043676
3.987600,60.045123
3.987700,60.042828
3.987800,60.041668
3.987900,60.043760
3.988000,60.046162
3.988100,60.047756
3.988200,60.046125
3.988300,60.047831
3.988400,60.049572
3.988500,60.048727
3.988600,60.049986
3.988700,60.049291
3.988800,60.052869
3.988900,60.051669
3.989000,60.052270
3.989100,60.052820
3.989200,60.048798
3.989300,60.050612
3.989400,60.047543
3.989500,60.047513
3.989600,60.048148
3.989700,60.049539
3.989800,60.053574
3.989900,60.052881
3.990000,60.050069
3.990100,60.050991
3.990200,60.052009
3.990300,60.049115
3.990400,60.050319
3.990500,60.046076
3.990600,60.041198
3.990700,60.034258
3.990800,60.027587
3.990900,60.025369
3.991000,60.017431
3.991100,60.023108
3.991200,60.033432
3.991300,60.036470
3.991400,60.047690
3.991500,60.034219
3.991600,60.032700
3.991700,60.025445
3.991800,60.018272
3.991900,60.016582
3.992000,60.007095
3.992100,60.012455
3.992200,60.019194
3.992300,60.024129
3.992400,60.015786
3.992500,60.023469
3.992600,60.029122
3.992700,60.038475
3.992800,60.031029
3.992900,60.029300
3.993000,60.021610
3.993100,60.017706
3.993200,60.023250
3.993300,60.019640
3.993400,60.018223
3.993500,60.015394
3.993600,60.016929
3.993700,60.018336
3.993800,60.017587
3.993900,60.017698
3.994000,60.017685
3.994100,60.017918
3.994200,60.018178
3.994300,60.017238
3.994400,60.017609
3.994500,60.016856
3.994600,60.016011
3.994700,60.013771
3.994800,60.012123
3.994900,60.010787
3.995000,60.011334
3.995100,60.010301
3.995200,60.007720
3.995300,60.007993
3.995400,60.009563
3.995500,60.012314
3.995600,60.013310
3.995700,60.013810
3.995800,60.015830
3.995900,60.015483
3.996000,60.012223
3.996100,60.012533
3.996200,60.015553
3.996300,60.013617
3.996400,60.016085
3.996500,60.017806
3.996600,60.018954
3.996700,60.015755
3.996800,60.014470
3.996900,60.010546
3.997000,60.012847
3.997100,60.012846
3.997200,60.014733
3.997300,60.011648
3.997400,60.011106
3.997500,60.013972
3.997600,60.009404
3.997700,60.013742
3.997800,60.010238
3.997900,60.011962
3.998000,60.006551
3.998100,60.000736
3.998200,60.000900
3.998300,60.003369
3.998400,60.009170
3.998500,60.013244
3.998600,60.014780
3.998700,60.017667
3.998800,60.015348
3.998900,60.016635
3.999000,60.008335
3.999100,60.002045
3.999200,59.999964
3.999300,59.998860
3.999400,59.993305
3.999500,59.996617
3.999600,60.004677
3.999700,59.993419
3.999800,59.984433
3.999900,59.978629
4.000000,59.969033
4.000100,59.971003
4.000200,59.961922
4.000300,59.947935
4.000400,59.946481
4.000500,59.957394
4.000600,59.946367
4.000700,59.948485
4.000800,59.950296
4.000900,59.943431
4.001000,59.940447
4.001100,59.937731
4.001200,59.943481
4.001300,59.946801
4.001400,59.949619
4.001500,59.948569
4.001600,59.951714
4.001700,59.954407
4.001800,59.956261
4.001900,59.954096
4.002000,59.955697
4.002100,59.954037
4.002200,59.953262
4.002300,59.953314
4.002400,59.953543
4.002500,59.954354
4.002600,59.955467
4.002700,59.955702
4.002800,59.954956
4.002900,59.954343
4.003000,59.953715
4.003100,59.953091
4.003200,59.950663
4.003300,59.950386
4.003400,59.950519
4.003500,59.949188
4.003600,59.951292
4.003700,59.950806
4.003800,59.953905
4.003900,59.952817
4.004000,59.949613
4.004100,59.952455
4.004200,59.953569
4.004300,59.950665
4.004400,59.953415
4.004500,59.951855
4.004600,59.948514
4.004700,59.946823
4.004800,59.949044
4.004900,59.946989
4.005000,59.947989
4.005100,59.949497
4.005200,59.952199
4.005300,59.953713
4.005400,59.952705
4.005500,59.949803
4.005600,59.948676
4.005700,59.947750
4.005800,59.951188
4.005900,59.950080
4.006000,59.950245
4.006100,59.949205
4.006200,59.952334
4.006300,59.952625
4.006400,59.952155
4.006500,59.949375
4.006600,59.950955
4.006700,59.952385
4.006800,59.947964
4.006900,59.946794
4.007000,59.952197
4.007100,59.953336
4.007200,59.952123
4.007300,59.957025
4.007400,59.964984
4.007500,59.959704
4.007600,59.960361
4.007700,59.956841
4.007800,59.948192
4.007900,59.939404
4.008000,59.945683
4.008100,59.944131
4.008200,59.955932
4.008300,59.964572
4.008400,59.966996
4.008500,59.957781
4.008600,59.950125
4.008700,59.953642
4.008800,59.939681
4.008900,59.952812
4.009000,59.942270
4.009100,59.928755
4.009200,59.929304
4.009300,59.935704
4.009400,59.942242
4.009500,59.950539
4.009600,59.955820
4.009700,59.951811
4.009800,59.953293
4.009900,59.955600
4.010000,59.956091
4.010100,59.951916
4.010200,59.952282
4.010300,59.950506
4.010400,59.952044
4.010500,59.951557
4.010600,59.951825
4.010700,59.951762
4.010800,59.951773
4.010900,59.951719
4.011000,59.951407
4.011100,59.952966
4.011200,59.954611
4.011300,59.952635
4.011400,59.953224
4.011500,59.952699
4.011600,59.952439
4.011700,59.953257
4.011800,59.953970
4.011900,59.954416
4.012000,59.953440
4.012100,59.956189
4.012200,59.956688
4.012300,59.959031
4.012400,59.956329
4.012500,59.954927
4.012600,59.958067
4.012700,59.954592
4.012800,59.952037
4.012900,59.955072
4.013000,59.956758
4.013100,59.958939
4.013200,59.958830
4.013300,59.959103
4.013400,59.962507
4.013500,59.963543
4.013600,59.962695
4.013700,59.962068
4.013800,59.958463
4.013900,59.957137
4.014000,59.955075
4.014100,59.956264
4.014200,59.960410
4.014300,59.962218
4.014400,59.959268
4.014500,59.963211
4.014600,59.964262
4.014700,59.961587
4.014800,59.960353
4.014900,59.958288
4.015000,59.962472
4.015100,59.963628
4.015200,59.959896
4.015300,59.960451
4.015400,59.960564
4.015500,59.966317
4.015600,59.973015
4.015700,59.976658
4.015800,59.972398
4.015900,59.980653
4.016000,59.973836
4.016100,59.981766
4.016200,59.975339
4.016300,59.979660
4.016400,59.978325
4.016500,59.989722
4.016600,59.980054
4.016700,59.986545
4.016800,59.999449
4.016900,59.991110
4.017000,59.993207
4.017100,59.998106
4.017200,59.997268
4.017300,59.999667
4.017400,60.005877
4.017500,60.018024
4.017600,60.029481
4.017700,60.029974
4.017800,60.019470
4.017900,60.017308
4.018000,60.015054
4.018100,60.011181
4.018200,60.015070
4.018300,60.016819
4.018400,60.021497
4.018500,60.019167
4.018600,60.021616
4.018700,60.021035
4.018800,60.022670
4.018900,60.022292
4.019000,60.022051
4.019100,60.022129
4.019200,60.022182
4.019300,60.022395
4.019400,60.021117
4.019500,60.022377
4.019600,60.021484
4.019700,60.023631
4.019800,60.021403
4.019900,60.021444
4.020000,60.023661
4.020100,60.026594
4.020200,60.026618
4.020300,60.024624
4.020400,60.027690
4.020500,60.026393
4.020600,60.028782
4.020700,60.026720
4.020800,60.023843
4.020900,60.021881
4.021000,60.020410
4.021100,60.019732
4.021200,60.017581
4.021300,60.020261
4.021400,60.022652
4.021500,60.018902
4.021600,60.019377
4.021700,60.018233
4.021800,60.016912
4.021900,60.019667
4.022000,60.021684
4.022100,60.022994
4.022200,60.022725
4.022300,60.024847
4.022400,60.024361
4.022500,60.024541
4.022600,60.023041
4.022700,60.025012
4.022800,60.026375
4.022900,60.025972
4.023000,60.028377
4.023100,60.029621
4.023200,60.029723
4.023300,60.023430
4.023400,60.019834
4.023500,60.014433
4.023600,60.012980
4.023700,60.009810
4.023800,60.003103
4.023900,59.995452
4.024000,59.996729
4.024100,59.995540
4.024200,59.993926
4.024300,59.999470
4.024400,59.993715
4.024500,59.997525
4.024600,59.994234
4.024700,59.987790
4.024800,59.974879
4.024900,59.986931
4.025000,59.996820
4.025100,59.995225
4.025200,59.992793
4.025300,60.004703
4.025400,60.002406
4.025500,59.988350
4.025600,59.983067
4.025700,59.976376
4.025800,59.978206
4.025900,59.986324
4.026000,59.989781
4.026100,59.995349
4.026200,59.992291
4.026300,59.987825
4.026400,59.991778
4.026500,59.988883
4.026600,59.993224
4.026700,59.989101
4.026800,59.986273
4.026900,59.986578
4.027000,59.984075
4.027100,59.985059
4.027200,59.984691
4.027300,59.984353
4.027400,59.984350
4.027500,59.984316
4.027600,59.984372
4.027700,59.984592
4.027800,59.984126
4.027900,59.984470
4.028000,59.983845
4.028100,59.984633
4.028200,59.982771
4.028300,59.980303
4.028400,59.982734
4.028500,59.980549
4.028600,59.978858
4.028700,59.979819
4.028800,59.978754
4.028900,59.980066
4.029000,59.980236
4.029100,59.979707
4.029200,59.979075
4.029300,59.980943
4.029400,59.981684
4.029500,59.979960
4.029600,59.978087
4.029700,59.980658
4.029800,59.976837
4.029900,59.978617
4.030000,59.977228
4.030100,59.976344
4.030200,59.976602
4.030300,59.977777
4.030400,59.981048
4.030500,59.979783
4.030600,59.982540
4.030700,59.981594
4.030800,59.979360
4.030900,59.979635
4.031000,59.975143
4.031100,59.979304
4.031200,59.979966
4.031300,59.982230
4.031400,59.983872
4.031500,59.985767
4.031600,59.980051
4.031700,59.976789
4.031800,59.978927
4.031900,59.979733
4.032000,59.979249
4.032100,59.984815
4.032200,59.986881
4.032300,59.981157
4.032400,59.990329
4.032500,59.984040
4.032600,59.978979
4.032700,59.977042
4.032800,59.977328
4.032900,59.979468
4.033000,59.984191
4.033100,59.980504
4.033200,59.974960
4.033300,59.986147
4.033400,59.992519
4.033500,59.980135
4.033600,59.992310
4.033700,59.988801
4.033800,59.976016
4.033900,59.982071
4.034000,59.995559
4.034100,60.003715
4.034200,60.005504
4.034300,60.011209
4.034400,60.001292
4.034500,60.005032
4.034600,60.002764
4.034700,60.001355
4.034800,59.995595
4.034900,59.993958
4.035000,59.993740
4.035100,59.997177
4.035200,59.997629
4.035300,59.995888
4.035400,59.997282
4.035500,59.997690
4.035600,59.997866
4.035700,59.997804
4.035800,59.998119
4.035900,59.997978
4.036000,59.998549
4.036100,59.998235
4.036200,59.999085
4.036300,60.001470
4.036400,60.001795
4.036500,60.000097
4.036600,60.002523
4.036700,60.003820
4.036800,60.002866
4.036900,60.002929
4.037000,60.000369
4.037100,60.002058
4.037200,60.003539
4.037300,60.004319
4.037400,60.002225
4.037500,60.001866
4.037600,60.005265
4.037700,60.008377
4.037800,60.006509
4.037900,60.005729
4.038000,60.008572
4.038100,60.011359
4.038200,60.009803
4.038300,60.006432
4.038400,60.004549
4.038500,60.002811
4.038600,59.998887
4.038700,59.999453
4.038800,59.996197
4.038900,59.993944
4.039000,59.995611
4.039100,59.994167
4.039200,59.990887
4.039300,59.987642
4.039400,59.992641
4.039500,59.995960
4.039600,59.998823
4.039700,59.997477
4.039800,60.001783
4.039900,60.006504
4.040000,60.010288
4.040100,60.007885
4.040200,60.013522
4.040300,60.006896
4.040400,60.004969
4.040500,60.008479
4.040600,60.010769
4.040700,60.002302
4.040800,59.999754
4.040900,59.996254
4.041000,59.999449
4.041100,60.008104
4.041200,60.009707
4.041300,60.001101
4.041400,59.992695
4.041500,59.980655
4.041600,59.972899
4.041700,59.966675
4.041800,59.954312
4.041900,59.956443
4.042000,59.956404
4.042100,59.947713
4.042200,59.960783
4.042300,59.966136
4.042400,59.969493
4.042500,59.971263
4.042600,59.979764
4.042700,59.973984
4.042800,59.976342
4.042900,59.984726
4.043000,59.992083
4.043100,59.985037
4.043200,59.979277
4.043300,59.981831
4.043400,59.979456
4.043500,59.979181
4.043600,59.981340
4.043700,59.982154
4.043800,59.981253
4.043900,59.980788
4.044000,59.980780
4.044100,59.980520
4.044200,59.981025
4.044300,59.981003
4.044400,59.980751
4.044500,59.980578
4.044600,59.980870
4.044700,59.980622
4.044800,59.980641
4.044900,59.979808
4.045000,59.979105
4.045100,59.981384
4.045200,59.983812
4.045300,59.980748
4.045400,59.978320
4.045500,59.980489
4.045600,59.982291
4.045700,59.980601
4.045800,59.982315
4.045900,59.983914
4.046000,59.981736
4.046100,59.984737
4.046200,59.984051
4.046300,59.982382
4.046400,59.980693
4.046500,59.983937
4.046600,59.984944
4.046700,59.984459
4.046800,59.980989
4.046900,59.981914
4.047000,59.978734
4.047100,59.982428
4.047200,59.984927
4.047300,59.981570
4.047400,59.984758
4.047500,59.986375
4.047600,59.990972
4.047700,59.986983
4.047800,59.990145
4.047900,59.988458
4.048000,59.989453
4.048100,59.991154
4.048200,59.990851
4.048300,59.995967
4.048400,59.994257
4.048500,59.989274
4.048600,59.994693
4.048700,59.993578
4.048800,60.000749
4.048900,59.993833
4.049000,59.991900
4.049100,59.997342
4.049200,59.991123
4.049300,59.986753
4.049400,59.993540
4.049500,59.999832
4.049600,59.990318
4.049700,59.998636
4.049800,59.994497
4.049900,59.985158
4.050000,59.989049
4.050100,59.984045
4.050200,59.983544
4.050300,59.974392
4.050400,59.969743
4.050500,59.963523
4.050600,59.972458
4.050700,59.968985
4.050800,59.964756
4.050900,59.971450
4.051000,59.974946
4.051100,59.974431
4.051200,59.982015
4.051300,59.984929
4.051400,59.989752
4.051500,59.988704
4.051600,59.983419
4.051700,59.984684
4.051800,59.983587
4.051900,59.985928
4.052000,59.987389
4.052100,59.986222
4.052200,59.985787
4.052300,59.985738
4.052400,59.985387
4.052500,59.985635
4.052600,59.985624
4.052700,59.985421
4.052800,59.987158
4.052900,59.986454
4.053000,59.986041
4.053100,59.988326
4.053200,59.987850
4.053300,59.985061
4.053400,59.987964
4.053500,59.988257
4.053600,59.987317
4.053700,59.986964
4.053800,59.987629
4.053900,59.988653
4.054000,59.988067
4.054100,59.987151
4.054200,59.985593
4.054300,59.985569
4.054400,59.982104
4.054500,59.979551
4.054600,59.976348
4.054700,59.979246
4.054800,59.977805
4.054900,59.975102
4.055000,59.976608
4.055100,59.979743
4.055200,59.981052
4.055300,59.980511
4.055400,59.978805
4.055500,59.982659
4.055600,59.983529
4.055700,59.982947
4.055800,59.979032
4.055900,59.981638
4.056000,59.982140
4.056100,59.984945
4.056200,59.984540
4.056300,59.985867
4.056400,59.982729
4.056500,59.980999
4.056600,59.983434
4.056700,59.977562
4.056800,59.971164
4.056900,59.976654
4.057000,59.971371
4.057100,59.972367
4.057200,59.971140
4.057300,59.972038
4.057400,59.973256
4.057500,59.975442
4.057600,59.977409
4.057700,59.980866
4.057800,59.991073
4.057900,59.979736
4.058000,59.991362
4.058100,59.996105
4.058200,60.001057
4.058300,60.014035
4.058400,60.021578
4.058500,60.024947
4.058600,60.014452
4.058700,60.010354
4.058800,59.997656
4.058900,60.005025
4.059000,60.015282
4.059100,60.026157
4.059200,60.032581
4.059300,60.042911
4.059400,60.036828
4.059500,60.030005
4.059600,60.022085
4.059700,60.015451
4.059800,60.016908
4.059900,60.012259
4.060000,60.013685
4.060100,60.012479
4.060200,60.015273
4.060300,60.016338
4.060400,60.017100
4.060500,60.018126
4.060600,60.017781
4.060700,60.017884
4.060800,60.017204
4.060900,60.017885
4.061000,60.016519
4.061100,60.017117
4.061200,60.017500
4.061300,60.019529
4.061400,60.020390
4.061500,60.019513
4.061600,60.020701
4.061700,60.020234
4.061800,60.023085
4.061900,60.022075
4.062000,60.020181
4.062100,60.022687
4.062200,60.021957
4.062300,60.024837
4.062400,60.026290
4.062500,60.027500
4.062600,60.024574
4.062700,60.022104
4.062800,60.021748
4.062900,60.023278
4.063000,60.024551
4.063100,60.023082
4.063200,60.022252
4.063300,60.023561
4.063400,60.020322
4.063500,60.019777
4.063600,60.020284
4.063700,60.021343
4.063800,60.020080
4.063900,60.022680
4.064000,60.022281
4.064100,60.018355
4.064200,60.021379
4.064300,60.018497
4.064400,60.020628
4.064500,60.019727
4.064600,60.017919
4.064700,60.015025
4.064800,60.009155
4.064900,60.013555
4.065000,60.012284
4.065100,60.006575
4.065200,60.003547
4.065300,60.010290
4.065400,60.014810
4.065500,60.017286
4.065600,60.018844
4.065700,60.010675
4.065800,60.009925
4.065900,60.008152
4.066000,59.998035
4.066100,59.992051
4.066200,59.993812
4.066300,59.985077
4.066400,59.973819
4.066500,59.962644
4.066600,59.967121
4.066700,59.977093
4.066800,59.987535
4.066900,59.973667
4.067000,59.982076
4.067100,59.981590
4.067200,59.972966
4.067300,59.971511
4.067400,59.959474
4.067500,59.946731
4.067600,59.947145
4.067700,59.945681
4.067800,59.952724
4.067900,59.961698
4.068000,59.961042
4.068100,59.962187
4.068200,59.967380
4.068300,59.972371
4.068400,59.975932
4.068500,59.973765
4.068600,59.971502
4.068700,59.969763
4.068800,59.969282
4.068900,59.969102
4.069000,59.969230
4.069100,59.969181
4.069200,59.969069
4.069300,59.969525
4.069400,59.970227
4.069500,59.971017
4.069600,59.971179
4.069700,59.973378
4.069800,59.971492
4.069900,59.972125
4.070000,59.972661
4.070100,59.973055
4.070200,59.972189
4.070300,59.974611
4.070400,59.976987
4.070500,59.976222
4.070600,59.975396
4.070700,59.975783
4.070800,59.975896
4.070900,59.978205
4.071000,59.978106
4.071100,59.977249
4.071200,59.977881
4.071300,59.979599
4.071400,59.982906
4.071500,59.980144
4.071600,59.981118
4.071700,59.982180
4.071800,59.981068
4.071900,59.979348
4.072000,59.975367
4.072100,59.975437
4.072200,59.976618
4.072300,59.977678
4.072400,59.981650
4.072500,59.983141
4.072600,59.979528
4.072700,59.975260
4.072800,59.975144
4.072900,59.975647
4.073000,59.981236
4.073100,59.984807
4.073200,59.989047
4.073300,59.983904
4.073400,59.988239
4.073500,59.983639
4.073600,59.986677
4.073700,59.990381
4.073800,59.982828
4.073900,59.983469
4.074000,59.986349
4.074100,59.988030
4.074200,59.985615
4.074300,59.977719
4.074400,59.971235
4.074500,59.964222
4.074600,59.962047
4.074700,59.973887
4.074800,59.981100
4.074900,59.975309
4.075000,59.963462
4.075100,59.976785
4.075200,59.978478
4.075300,59.980431
4.075400,59.991494
4.075500,59.985575
4.075600,59.991253
4.075700,59.985877
4.075800,59.984433
4.075900,59.993747
4.076000,59.999063
4.076100,59.991250
4.076200,59.993718
4.076300,59.987196
4.076400,59.986233
4.076500,59.993072
4.076600,59.992391
4.076700,59.993622
4.076800,59.989661
4.076900,59.992263
4.077000,59.993702
4.077100,59.993555
4.077200,59.994638
4.077300,59.994458
4.077400,59.994445
4.077500,59.994182
4.077600,59.994827
4.077700,59.994214
4.077800,59.993272
4.077900,59.993101
4.078000,59.991889
4.078100,59.993567
4.078200,59.995144
4.078300,59.997642
4.078400,59.998742
4.078500,59.995730
4.078600,59.992663
4.078700,59.991051
4.078800,59.993144
4.078900,59.990604
4.079000,59.990264
4.079100,59.992879
4.079200,59.994289
4.079300,59.994112
4.079400,59.994463
4.079500,59.995782
4.079600,59.992081
4.079700,59.993862
4.079800,59.996467
4.079900,60.000180
4.080000,60.001842
4.080100,60.001343
4.080200,60.004831
4.080300,60.003969
4.080400,60.000196
4.080500,59.999795
4.080600,59.998222
4.080700,60.000874
4.080800,60.003085
4.080900,60.005288
4.081000,60.009899
4.081100,60.010351
4.081200,60.007262
4.081300,60.010000
4.081400,60.004416
4.081500,60.003431
4.081600,60.007817
4.081700,60.008246
4.081800,60.008164
4.081900,60.004766
4.082000,60.011406
4.082100,60.017101
4.082200,60.017921
4.082300,60.023955
4.082400,60.015998
4.082500,60.013851
4.082600,60.017310
4.082700,60.025760
4.082800,60.034562
4.082900,60.040248
4.083000,60.037233
4.083100,60.040737
4.083200,60.035468
4.083300,60.039227
4.083400,60.028172
4.083500,60.016405
4.083600,60.021310
4.083700,60.033461
4.083800,60.034455
4.083900,60.039759
4.084000,60.031938
4.084100,60.042804
4.084200,60.044391
4.084300,60.034835
4.084400,60.039731
4.084500,60.039198
4.084600,60.036263
4.084700,60.041486
4.084800,60.043196
4.084900,60.044842
4.085000,60.043120
4.085100,60.044144
4.085200,60.047831
4.085300,60.050669
4.085400,60.049072
4.085500,60.049743
4.085600,60.049305
4.085700,60.049145
4.085800,60.049054
4.085900,60.048753
4.086000,60.048956
4.086100,60.048910
4.086200,60.048849
4.086300,60.048875
4.086400,60.050658
4.086500,60.048734
4.086600,60.045877
4.086700,60.046438
4.086800,60.044732
4.086900,60.047487
4.087000,60.048067
4.087100,60.047558
4.087200,60.050049
4.087300,60.050267
4.087400,60.053389
4.087500,60.053929
4.087600,60.056084
4.087700,60.057323
4.087800,60.056920
4.087900,60.054679
4.088000,60.057698
4.088100,60.053800
4.088200,60.050880
4.088300,60.054055
4.088400,60.055662
4.088500,60.056483
4.088600,60.058377
4.088700,60.057273
4.088800,60.054231
4.088900,60.051982
4.089000,60.051937
4.089100,60.049005
4.089200,60.053608
4.089300,60.051474
4.089400,60.052222
4.089500,60.057195
4.089600,60.056896
4.089700,60.061072
4.089800,60.055533
4.089900,60.057939
4.090000,60.058623
4.090100,60.053174
4.090200,60.051938
4.090300,60.050148
4.090400,60.052003
4.090500,60.044799
4.090600,60.047166
4.090700,60.045593
4.090800,60.040649
4.090900,60.033496
4.091000,60.039582
4.091100,60.032047
4.091200,60.037757
4.091300,60.028438
4.091400,60.022755
4.091500,60.034435
4.091600,60.023745
4.091700,60.020055
4.091800,60.019289
4.091900,60.016325
4.092000,60.030426
4.092100,60.037778
4.092200,60.027705
4.092300,60.024978
4.092400,60.024667
4.092500,60.022276
4.092600,60.020442
4.092700,60.030725
4.092800,60.034635
4.092900,60.031839
4.093000,60.032828
4.093100,60.027607
4.093200,60.021373
4.093300,60.020191
4.093400,60.020147
4.093500,60.022457
4.093600,60.021487
4.093700,60.022836
4.093800,60.023979
4.093900,60.024215
4.094000,60.023818
4.094100,60.023804
4.094200,60.023781
4.094300,60.024028
4.094400,60.023812
4.094500,60.024584
4.094600,60.023112
4.094700,60.022037
4.094800,60.023876
4.094900,60.023986
4.095000,60.022618
4.095100,60.025023
4.095200,60.022858
4.095300,60.022197
4.095400,60.021055
4.095500,60.024199
4.095600,60.023587
4.095700,60.025713
4.095800,60.027537
4.095900,60.028002
4.096000,60.027932
4.096100,60.024646
4.096200,60.026867
4.096300,60.025332
4.096400,60.026998
4.096500,60.026270
4.096600,60.023476
4.096700,60.024243
4.096800,60.025530
4.096900,60.027368
4.097000,60.023095
4.097100,60.025727
4.097200,60.023660
4.097300,60.023294
4.097400,60.024738
4.097500,60.022506
4.097600,60.021085
4.097700,60.025878
4.097800,60.023934
4.097900,60.023836
4.098000,60.024927
4.098100,60.026096
4.098200,60.020595
4.098300,60.021399
4.098400,60.027298
4.098500,60.031074
4.098600,60.023954
4.098700,60.018090
4.098800,60.012433
4.098900,60.015822
4.099000,60.015900
4.099100,60.024264
4.099200,60.027980
4.099300,60.029422
4.099400,60.033101
4.099500,60.036276
4.099600,60.040774
4.099700,60.044303
4.099800,60.031707
4.099900,60.036085
4.100000,60.042557
4.100100,60.041144
4.100200,60.026788
4.100300,60.036665
4.100400,60.050366
4.100500,60.042207
4.100600,60.039746
4.100700,60.044562
4.100800,60.037998
4.100900,60.045833
4.101000,60.034430
4.101100,60.029238
4.101200,60.020767
4.101300,60.028615
4.101400,60.034074
4.101500,60.040556
4.101600,60.037746
4.101700,60.040319
4.101800,60.043724
4.101900,60.042032
4.102000,60.042162
4.102100,60.040890
4.102200,60.040985
4.102300,60.041154
4.102400,60.041176
4.102500,60.040815
4.102600,60.040227
4.102700,60.041020
4.102800,60.042126
4.102900,60.043308
4.103000,60.045398
4.103100,60.044845
4.103200,60.044943
4.103300,60.042348
4.103400,60.044963
4.103500,60.045243
4.103600,60.043370
4.103700,60.040767
4.103800,60.039495
4.103900,60.040195
4.104000,60.038595
4.104100,60.039784
4.104200,60.042006
4.104300,60.044196
4.104400,60.043998
4.104500,60.044177
4.104600,60.043961
4.104700,60.043235
4.104800,60.043104
4.104900,60.043605
4.105000,60.041618
4.105100,60.039123
4.105200,60.038318
4.105300,60.040352
4.105400,60.042371
4.105500,60.046700
4.105600,60.048019
4.105700,60.044466
4.105800,60.046921
4.105900,60.049242
4.106000,60.050207
4.106100,60.053926
4.106200,60.051626
4.106300,60.049078
4.106400,60.049011
4.106500,60.045051
4.106600,60.039250
4.106700,60.034841
4.106800,60.033549
4.106900,60.040408
4.107000,60.037894
4.107100,60.036018
4.107200,60.031174
4.107300,60.025527
4.107400,60.017096
4.107500,60.013570
4.107600,60.013237
4.107700,60.007070
4.107800,60.004841
4.107900,60.008463
4.108000,60.008543
4.108100,60.001257
4.108200,60.005608
4.108300,60.007968
4.108400,60.009888
4.108500,60.002935
4.108600,60.004801
4.108700,60.018067
4.108800,60.006879
4.108900,59.993542
4.109000,59.993793
4.109100,59.981735
4.109200,59.994136
4.109300,59.986686
4.109400,59.993697
4.109500,59.996035
4.109600,59.996790
4.109700,59.997905
4.109800,59.997411
4.109900,59.997555
4.110000,59.994325
4.110100,59.997854
4.110200,59.995167
4.110300,59.995351
4.110400,59.995300
4.110500,59.995892
4.110600,59.995929
4.110700,59.996062
4.110800,59.995778
4.110900,59.996677
4.111000,59.997546
4.111100,59.998888
4.111200,59.998155
4.111300,59.996345
4.111400,59.993970
4.111500,59.992188
4.111600,59.994827
4.111700,59.992795
4.111800,59.992767
4.111900,59.994203
4.112000,59.990918
4.112100,59.990301
4.112200,59.989378
4.112300,59.989029
4.112400,59.986600
4.112500,59.987027
4.112600,59.989925
4.112700,59.990792
4.112800,59.989081
4.112900,59.991423
4.113000,59.992696
4.113100,59.995651
4.113200,59.995636
4.113300,59.994814
4.113400,59.997165
4.113500,59.996725
4.113600,59.996170
4.113700,60.000211
4.113800,60.003952
4.113900,59.999732
4.114000,60.002777
4.114100,60.000083
4.114200,60.001430
4.114300,60.004160
4.114400,60.007230
4.114500,60.005342
4.114600,60.001565
4.114700,60.002846
4.114800,60.002840
4.114900,59.998923
4.115000,60.000411
4.115100,60.006688
4.115200,60.007209
4.115300,60.007103
4.115400,60.010399
4.115500,60.008598
4.115600,60.000295
4.115700,60.007577
4.115800,60.012800
4.115900,60.012758
4.116000,60.007559
4.116100,60.014595
4.116200,60.009120
4.116300,60.006121
4.116400,60.004127
4.116500,60.009081
4.116600,60.019313
4.116700,60.009237
4.116800,60.002048
4.116900,60.006611
4.117000,59.992539
4.117100,59.994532
4.117200,59.994337
4.117300,60.004881
4.117400,60.006996
4.117500,59.994970
4.117600,59.984373
4.117700,59.982977
4.117800,59.988451
4.117900,59.989686
4.118000,59.987248
4.118100,59.987794
4.118200,59.983837
4.118300,59.987878
4.118400,59.987995
4.118500,59.986398
4.118600,59.986606
4.118700,59.987038
4.118800,59.986445
4.118900,59.986681
4.119000,59.986762
4.119100,59.986228
4.119200,59.985741
4.119300,59.984941
4.119400,59.985574
4.119500,59.984295
4.119600,59.985933
4.119700,59.983583
4.119800,59.982808
4.119900,59.983373
4.120000,59.983209
4.120100,59.981535
4.120200,59.982455
4.120300,59.982715
4.120400,59.982326
4.120500,59.983156
4.120600,59.986469
4.120700,59.984324
4.120800,59.982726
4.120900,59.984252
4.121000,59.983284
4.121100,59.982223
4.121200,59.985843
4.121300,59.986044
4.121400,59.989435
4.121500,59.992592
4.121600,59.991795
4.121700,59.991078
4.121800,59.987722
4.121900,59.990449
4.122000,59.987933
4.122100,59.991844
4.122200,59.993048
4.122300,59.993092
4.122400,59.994907
4.122500,59.995486
4.122600,59.994071
4.122700,59.989188
4.122800,59.993143
4.122900,59.990144
4.123000,59.990625
4.123100,59.990355
4.123200,59.991397
4.123300,59.985962
4.123400,59.983921
4.123500,59.978310
4.123600,59.984174
4.123700,59.979774
4.123800,59.974795
4.123900,59.967483
4.124000,59.964813
4.124100,59.962166
4.124200,59.968926
4.124300,59.971539
4.124400,59.971019
4.124500,59.972420
4.124600,59.971005
4.124700,59.962773
4.124800,59.955241
4.124900,59.949706
4.125000,59.947266
4.125100,59.936459
4.125200,59.930821
4.125300,59.941856
4.125400,59.943168
4.125500,59.955820
4.125600,59.968849
4.125700,59.963660
4.125800,59.976111
4.125900,59.988588
4.126000,59.999303
4.126100,59.996156
4.126200,59.986945
4.126300,59.979918
4.126400,59.985290
4.126500,59.984857
4.126600,59.988143
4.126700,59.982832
4.126800,59.981422
4.126900,59.980267
4.127000,59.978920
4.127100,59.979560
4.127200,59.979931
4.127300,59.979833
4.127400,59.979868
4.127500,59.979894
4.127600,59.978860
4.127700,59.979170
4.127800,59.980609
4.127900,59.981948
4.128000,59.980535
4.128100,59.981326
4.128200,59.979342
4.128300,59.981056
4.128400,59.980139
4.128500,59.983127
4.128600,59.982662
4.128700,59.982891
4.128800,59.982791
4.128900,59.979854
4.129000,59.983183
4.129100,59.982625
4.129200,59.985326
4.129300,59.982757
4.129400,59.983317
4.129500,59.984535
4.129600,59.984921
4.129700,59.981425
4.129800,59.982295
4.129900,59.980575
4.130000,59.983660
4.130100,59.986047
4.130200,59.984526
4.130300,59.987626
4.130400,59.991202
4.130500,59.988347
4.130600,59.987395
4.130700,59.985578
4.130800,59.981953
4.130900,59.977741
4.131000,59.981579
4.131100,59.978271
4.131200,59.977475
4.131300,59.974395
4.131400,59.975191
4.131500,59.972574
4.131600,59.975461
4.131700,59.972431
4.131800,59.973206
4.131900,59.979194
4.132000,59.985711
4.132100,59.979200
4.132200,59.978534
4.132300,59.972273
4.132400,59.968354
4.132500,59.973278
4.132600,59.964199
4.132700,59.963310
4.132800,59.953837
4.132900,59.953502
4.133000,59.959471
4.133100,59.960020
4.133200,59.948176
4.133300,59.936034
4.133400,59.945558
4.133500,59.936091
4.133600,59.944019
4.133700,59.940748
4.133800,59.949899
4.133900,59.962064
4.134000,59.975881
4.134100,59.969737
4.134200,59.968697
4.134300,59.967057
4.134400,59.976121
4.134500,59.966040
4.134600,59.960360
4.134700,59.965151
4.134800,59.971379
4.134900,59.967573
4.135000,59.964875
4.135100,59.961385
4.135200,59.964342
4.135300,59.965371
4.135400,59.964083
4.135500,59.962861
4.135600,59.963300
4.135700,59.963316
4.135800,59.963335
4.135900,59.963442
4.136000,59.962791
4.136100,59.961744
4.136200,59.963280
4.136300,59.962736
4.136400,59.961053
4.136500,59.963137
4.136600,59.961456
4.136700,59.963114
4.136800,59.963780
4.136900,59.966195
4.137000,59.966938
4.137100,59.965889
4.137200,59.968680
4.137300,59.969476
4.137400,59.969427
4.137500,59.970038
4.137600,59.972328
4.137700,59.972359
4.137800,59.975553
4.137900,59.973965
4.138000,59.976338
4.138100,59.975567
4.138200,59.974199
4.138300,59.971116
4.138400,59.973121
4.138500,59.975782
4.138600,59.977666
4.138700,59.979197
4.138800,59.977631
4.138900,59.976240
4.139000,59.974639
4.139100,59.977033
4.139200,59.974038
4.139300,59.977563
4.139400,59.976627
4.139500,59.976958
4.139600,59.980690
4.139700,59.980118
4.139800,59.974856
4.139900,59.979919
4.140000,59.981549
4.140100,59.986134
4.140200,59.989924
4.140300,59.985448
4.140400,59.981372
4.140500,59.978285
4.140600,59.971383
4.140700,59.971560
4.140800,59.971326
4.140900,59.962881
4.141000,59.959895
4.141100,59.959153
4.141200,59.949845
4.141300,59.955986
4.141400,59.947901
4.141500,59.949676
4.141600,59.958265
4.141700,59.965363
4.141800,59.969508
4.141900,59.957998
4.142000,59.950330
4.142100,59.943972
4.142200,59.951911
4.142300,59.954573
4.142400,59.963980
4.142500,59.973196
4.142600,59.978791
4.142700,59.971361
4.142800,59.969826
4.142900,59.970225
4.143000,59.974251
4.143100,59.972171
4.143200,59.973460
4.143300,59.970184
4.143400,59.973193
4.143500,59.971818
4.143600,59.972182
4.143700,59.971082
4.143800,59.970830
4.143900,59.970599
4.144000,59.970493
4.144100,59.970541
4.144200,59.971036
4.144300,59.969760
4.144400,59.968609
4.144500,59.969519
4.144600,59.968388
4.144700,59.967725
4.144800,59.969590
4.144900,59.969581
4.145000,59.966606
4.145100,59.967401
4.145200,59.968430
4.145300,59.970742
4.145400,59.968167
4.145500,59.969868
4.145600,59.972340
4.145700,59.971725
4.145800,59.972119
4.145900,59.972206
4.146000,59.975510
4.146100,59.975022
4.146200,59.974499
4.146300,59.971336
4.146400,59.968459
4.146500,59.965881
4.146600,59.963754
4.146700,59.963480
4.146800,59.964227
4.146900,59.966972
4.147000,59.966910
4.147100,59.970741
4.147200,59.973764
4.147300,59.971679
4.147400,59.969695
4.147500,59.971807
4.147600,59.970612
4.147700,59.970103
4.147800,59.970597
4.147900,59.965546
4.148000,59.966126
4.148100,59.965033
4.148200,59.966396
4.148300,59.966977
4.148400,59.963132
4.148500,59.968164
4.148600,59.968035
4.148700,59.974292
4.148800,59.979371
4.148900,59.978893
4.149000,59.975185
4.149100,59.984325
4.149200,59.983492
4.149300,59.989502
4.149400,59.982944
4.149500,59.972064
4.149600,59.964865
4.149700,59.961119
4.149800,59.954717
4.149900,59.961572
4.150000,59.971726
4.150100,59.963663
4.150200,59.950921
4.150300,59.955187
4.150400,59.952665
4.150500,59.946545
4.150600,59.953172
4.150700,59.948015
4.150800,59.959710
4.150900,59.955329
4.151000,59.957050
4.151100,59.965044
4.151200,59.956541
4.151300,59.960945
4.151400,59.956653
4.151500,59.950940
4.151600,59.945987
4.151700,59.948962
4.151800,59.949384
4.151900,59.950192
4.152000,59.948152
4.152100,59.949523
4.152200,59.948748
4.152300,59.948753
4.152400,59.948726
4.152500,59.948647
4.152600,59.948928
4.152700,59.948926
4.152800,59.948927
4.152900,59.948943
4.153000,59.946836
4.153100,59.945668
4.153200,59.944620
4.153300,59.946567
4.153400,59.946235
4.153500,59.947154
4.153600,59.944737
4.153700,59.943707
4.153800,59.945330
4.153900,59.943714
4.154000,59.946860
4.154100,59.943598
4.154200,59.944622
4.154300,59.941846
4.154400,59.942217
4.154500,59.942222
4.154600,59.944811
4.154700,59.944438
4.154800,59.945110
4.154900,59.948595
4.155000,59.944817
4.155100,59.941876
4.155200,59.943287
4.155300,59.941012
4.155400,59.940267
4.155500,59.943183
4.155600,59.946126
4.155700,59.942563
4.155800,59.941970
4.155900,59.944070
4.156000,59.943535
4.156100,59.945038
4.156200,59.945530
4.156300,59.949405
4.156400,59.954771
4.156500,59.950647
4.156600,59.951055
4.156700,59.948644
4.156800,59.943694
4.156900,59.936820
4.157000,59.940106
4.157100,59.946047
4.157200,59.948367
4.157300,59.947240
4.157400,59.942315
4.157500,59.946599
4.157600,59.944650
4.157700,59.944840
4.157800,59.942658
4.157900,59.948802
4.158000,59.952182
4.158100,59.961999
4.158200,59.974022
4.158300,59.970348
4.158400,59.984153
4.158500,59.989490
4.158600,59.984355
4.158700,59.988477
4.158800,59.979982
4.158900,59.976647
4.159000,59.986733
4.159100,59.998062
4.159200,59.987290
4.159300,59.985295
4.159400,59.977149
4.159500,59.987709
4.159600,59.979218
4.159700,59.973679
4.159800,59.978433
4.159900,59.977947
4.160000,59.975976
4.160100,59.976275
4.160200,59.977834
4.160300,59.975717
4.160400,59.977804
4.160500,59.976314
4.160600,59.976305
4.160700,59.976336
4.160800,59.976125
4.160900,59.976081
4.161000,59.976610
4.161100,59.975765
4.161200,59.976134
4.161300,59.977376
4.161400,59.977108
4.161500,59.976618
4.161600,59.978141
4.161700,59.980290
4.161800,59.977799
4.161900,59.978832
4.162000,59.981425
4.162100,59.982842
4.162200,59.980923
4.162300,59.982507
4.162400,59.982710
4.162500,59.983693
4.162600,59.983274
4.162700,59.985781
4.162800,59.985468
4.162900,59.982889
4.163000,59.980532
4.163100,59.979371
4.163200,59.982266
4.163300,59.983630
4.163400,59.985955
4.163500,59.983565
4.163600,59.980337
4.163700,59.977726
4.163800,59.979258
4.163900,59.978226
4.164000,59.977093
4.164100,59.974015
4.164200,59.969980
4.164300,59.969404
4.164400,59.965688
4.164500,59.970745
4.164600,59.966242
4.164700,59.964844
4.164800,59.964622
4.164900,59.969478
4.165000,59.965986
4.165100,59.967101
4.165200,59.973668
4.165300,59.972609
4.165400,59.977089
4.165500,59.981144
4.165600,59.984062
4.165700,59.975913
4.165800,59.975099
4.165900,59.969383
4.166000,59.968827
4.166100,59.979426
4.166200,59.985587
4.166300,59.988186
4.166400,59.988748
4.166500,59.978691
4.166600,59.987922
4.166700,59.987022
4.166800,59.985431
4.166900,59.972320
4.167000,59.969139
4.167100,59.982976
4.167200,59.992561
4.167300,60.005460
4.167400,59.992787
4.167500,60.003747
4.167600,60.000041
4.167700,59.992527
4.167800,60.001258
4.167900,59.992584
4.168000,59.993688
4.168100,59.992963
4.168200,59.993555
4.168300,59.991890
4.168400,59.994105
4.168500,59.992843
4.168600,59.994793
4.168700,59.995143
4.168800,59.995768
4.168900,59.994842
4.169000,59.995148
4.169100,59.995130
4.169200,59.995246
4.169300,59.995848
4.169400,59.996263
4.169500,59.995696
4.169600,59.995109
4.169700,59.996886
4.169800,59.998135
4.169900,59.998623
4.170000,59.997162
4.170100,59.998432
4.170200,60.001333
4.170300,60.001535
4.170400,59.998706
4.170500,59.997563
4.170600,60.000841
4.170700,59.998821
4.170800,59.997814
4.170900,60.000474
4.171000,60.002316
4.171100,60.002981
4.171200,60.002146
4.171300,60.003436
4.171400,60.004712
4.171500,60.004552
4.171600,60.003065
4.171700,59.999892
4.171800,60.000275
4.171900,60.002567
4.172000,59.999842
4.172100,60.001359
4.172200,59.997338
4.172300,59.998066
4.172400,59.995703
4.172500,59.994452
4.172600,59.992613
4.172700,59.996113
4.172800,59.994986
4.172900,59.997543
4.173000,59.997227
4.173100,59.993712
4.173200,59.998361
4.173300,59.997440
4.173400,59.993663
4.173500,59.999528
4.173600,59.993665
4.173700,60.000590
4.173800,59.996704
4.173900,59.995649
4.174000,59.994537
4.174100,60.001748
4.174200,60.002291
4.174300,60.005975
4.174400,60.009183
4.174500,59.997889
4.174600,60.006530
4.174700,60.005365
4.174800,60.015277
4.174900,60.016323
4.175000,60.022929
4.175100,60.032335
4.175200,60.029018
4.175300,60.028345
4.175400,60.023704
4.175500,60.017868
4.175600,60.005907
4.175700,60.004589
4.175800,60.010567
4.175900,60.002473
4.176000,60.010847
4.176100,60.003656
4.176200,60.013049
4.176300,60.013323
4.176400,60.011598
4.176500,60.013831
4.176600,60.011280
4.176700,60.013477
4.176800,60.016944
4.176900,60.016926
4.177000,60.015954
4.177100,60.014609
4.177200,60.014013
4.177300,60.014135
4.177400,60.013890
4.177500,60.013843
4.177600,60.013789
4.177700,60.014572
4.177800,60.015777
4.177900,60.017902
4.178000,60.015725
4.178100,60.014223
4.178200,60.016885
4.178300,60.017079
4.178400,60.017099
4.178500,60.020181
4.178600,60.019024
4.178700,60.017019
4.178800,60.014238
4.178900,60.014194
4.179000,60.017473
4.179100,60.019306
4.179200,60.022403
4.179300,60.020071
4.179400,60.017043
4.179500,60.019525
4.179600,60.018605
4.179700,60.021563
4.179800,60.019372
4.179900,60.021301
4.180000,60.019986
4.180100,60.021176
4.180200,60.017466
4.180300,60.014688
4.180400,60.010966
4.180500,60.013291
4.180600,60.012894
4.180700,60.012029
4.180800,60.011995
4.180900,60.009379
4.181000,60.011593
4.181100,60.012339
4.181200,60.013592
4.181300,60.017564
4.181400,60.012798
4.181500,60.009558
4.181600,60.013546
4.181700,60.017549
4.181800,60.021102
4.181900,60.018811
4.182000,60.023761
4.182100,60.023878
4.182200,60.017228
4.182300,60.021658
4.182400,60.021524
4.182500,60.013164
4.182600,60.015794
4.182700,60.015851
4.182800,60.009254
4.182900,60.018651
4.183000,60.015337
4.183100,60.003436
4.183200,59.998410
4.183300,60.007557
4.183400,60.001429
4.183500,60.010267
4.183600,60.006260
4.183700,60.002629
4.183800,60.008935
4.183900,60.017277
4.184000,60.022479
4.184100,60.016899
4.184200,60.013848
4.184300,60.008957
4.184400,59.998103
4.184500,60.004938
4.184600,60.005498
4.184700,60.002263
4.184800,59.997927
4.184900,60.000775
4.185000,60.005702
4.185100,60.009615
4.185200,60.006641
4.185300,60.006994
4.185400,60.006684
4.185500,60.005818
4.185600,60.006051
4.185700,60.006085
4.185800,60.005927
4.185900,60.005406
4.186000,60.004713
4.186100,60.003781
4.186200,60.004886
4.186300,60.004690
4.186400,60.005593
4.186500,60.007686
4.186600,60.005179
4.186700,60.003758
4.186800,60.004945
4.186900,60.005601
4.187000,60.004243
4.187100,60.007424
4.187200,60.009760
4.187300,60.011087
4.187400,60.007889
4.187500,60.005209
4.187600,60.004777
4.187700,60.005807
4.187800,60.006458
4.187900,60.004628
4.188000,60.007895
4.188100,60.010698
4.188200,60.008127
4.188300,60.008989
4.188400,60.012403
4.188500,60.011934
4.188600,60.012453
4.188700,60.014490
4.188800,60.011274
4.188900,60.010297
4.189000,60.007866
4.189100,60.007905
4.189200,60.003909
4.189300,60.004086
4.189400,60.001756
4.189500,60.006703
4.189600,60.001861
4.189700,60.006896
4.189800,60.010557
4.189900,60.016578
4.190000,60.021008
4.190100,60.017676
4.190200,60.021699
4.190300,60.021267
4.190400,60.026209
4.190500,60.033094
4.190600,60.026999
4.190700,60.034465
4.190800,60.028062
4.190900,60.029045
4.191000,60.025479
4.191100,60.026066
4.191200,60.036195
4.191300,60.038283
4.191400,60.049799
4.191500,60.056512
4.191600,60.056028
4.191700,60.058219
4.191800,60.052905
4.191900,60.063138
4.192000,60.058853
4.192100,60.053948
4.192200,60.060200
4.192300,60.054735
4.192400,60.051706
4.192500,60.057266
4.192600,60.045911
4.192700,60.046896
4.192800,60.037848
4.192900,60.044759
4.193000,60.050884
4.193100,60.046978
4.193200,60.051906
4.193300,60.054677
4.193400,60.051860
4.193500,60.052367
4.193600,60.050834
4.193700,60.050460
4.193800,60.050686
4.193900,60.049902
4.194000,60.049834
4.194100,60.049814
4.194200,60.049069
4.194300,60.048495
4.194400,60.047669
4.194500,60.046254
4.194600,60.046152
4.194700,60.045990
4.194800,60.047263
4.194900,60.047525
4.195000,60.046611
4.195100,60.046746
4.195200,60.046082
4.195300,60.043643
4.195400,60.045721
4.195500,60.045289
4.195600,60.048244
4.195700,60.047424
4.195800,60.044131
4.195900,60.044512
4.196000,60.045598
4.196100,60.044244
4.196200,60.044934
4.196300,60.045722
4.196400,60.045802
4.196500,60.046013
4.196600,60.047263
4.196700,60.050655
4.196800,60.050710
4.196900,60.050048
4.197000,60.049728
4.197100,60.050513
4.197200,60.047777
4.197300,60.048046
4.197400,60.052007
4.197500,60.048715
4.197600,60.044831
4.197700,60.041938
4.197800,60.047388
4.197900,60.041813
4.198000,60.042972
4.198100,60.043766
4.198200,60.044492
4.198300,60.044261
4.198400,60.038844
4.198500,60.042775
4.198600,60.047706
4.198700,60.048526
4.198800,60.049797
4.198900,60.045927
4.199000,60.041889
4.199100,60.038471
4.199200,60.042940
4.199300,60.035342
4.199400,60.036469
4.199500,60.036583
4.199600,60.038869
4.199700,60.035511
4.199800,60.039174
4.199900,60.045775
4.200000,60.044237
4.200100,60.046213
4.200200,60.041554
4.200300,60.053097
4.200400,60.055004
4.200500,60.049219
4.200600,60.046842
4.200700,60.043935
4.200800,60.051118
4.200900,60.058723
4.201000,60.061682
4.201100,60.065005
4.201200,60.065682
4.201300,60.073833
4.201400,60.067430
4.201500,60.067296
4.201600,60.067843
4.201700,60.066400
4.201800,60.069342
4.201900,60.068486
4.202000,60.068050
4.202100,60.067759
4.202200,60.068023
4.202300,60.068081
4.202400,60.068178
4.202500,60.068170
4.202600,60.067350
4.202700,60.068170
4.202800,60.070322
4.202900,60.072138
4.203000,60.071393
4.203100,60.072759
4.203200,60.073310
4.203300,60.073803
4.203400,60.071113
4.203500,60.070079
4.203600,60.072527
4.203700,60.070454
4.203800,60.071020
4.203900,60.067864
4.204000,60.065418
4.204100,60.066966
4.204200,60.063616
4.204300,60.065937
4.204400,60.069243
4.204500,60.069224
4.204600,60.067202
4.204700,60.064520
4.204800,60.063479
4.204900,60.067184
4.205000,60.069057
4.205100,60.071088
4.205200,60.069522
4.205300,60.069578
4.205400,60.071370
4.205500,60.068176
4.205600,60.069008
4.205700,60.070400
4.205800,60.066904
4.205900,60.066850
4.206000,60.070375
4.206100,60.069985
4.206200,60.075041
4.206300,60.080417
4.206400,60.074656
4.206500,60.068528
4.206600,60.065146
4.206700,60.064476
4.206800,60.064720
4.206900,60.062353
4.207000,60.058116
4.207100,60.062861
4.207200,60.056866
4.207300,60.054008
4.207400,60.057518
4.207500,60.059334
4.207600,60.063580
4.207700,60.071042
4.207800,60.069767
4.207900,60.063039
4.208000,60.057676
4.208100,60.068895
4.208200,60.071461
4.208300,60.058698
4.208400,60.061026
4.208500,60.064290
4.208600,60.050574
4.208700,60.039813
4.208800,60.033023
4.208900,60.032909
4.209000,60.034086
4.209100,60.031582
4.209200,60.036099
4.209300,60.026832
4.209400,60.032531
4.209500,60.041382
4.209600,60.042778
4.209700,60.048858
4.209800,60.044702
4.209900,60.044303
4.210000,60.040981
4.210100,60.037616
4.210200,60.038615
4.210300,60.038103
4.210400,60.038456
4.210500,60.038195
4.210600,60.038431
4.210700,60.038310
4.210800,60.038679
4.210900,60.037938
4.211000,60.037292
4.211100,60.038427
4.211200,60.039053
4.211300,60.040272
4.211400,60.038866
4.211500,60.037917
4.211600,60.036639
4.211700,60.037140
4.211800,60.036977
4.211900,60.036333
4.212000,60.036308
4.212100,60.034970
4.212200,60.034988
4.212300,60.036493
4.212400,60.036433
4.212500,60.034546
4.212600,60.038055
4.212700,60.039485
4.212800,60.037928
4.212900,60.035849
4.213000,60.039293
4.213100,60.036480
4.213200,60.039639
4.213300,60.037183
4.213400,60.039133
4.213500,60.036263
4.213600,60.035103
4.213700,60.038298
4.213800,60.038598
4.213900,60.042672
4.214000,60.038475
4.214100,60.038654
4.214200,60.038230
4.214300,60.043226
4.214400,60.041173
4.214500,60.043542
4.214600,60.041922
4.214700,60.041657
4.214800,60.040851
4.214900,60.040493
4.215000,60.039175
4.215100,60.036873
4.215200,60.043728
4.215300,60.039305
4.215400,60.041931
4.215500,60.041609
4.215600,60.045197
4.215700,60.046473
4.215800,60.051425
4.215900,60.043138
4.216000,60.051208
4.216100,60.039705
4.216200,60.039154
4.216300,60.037475
4.216400,60.041160
4.216500,60.027509
4.216600,60.028890
4.216700,60.038970
4.216800,60.043017
4.216900,60.035036
4.217000,60.020651
4.217100,60.013350
4.217200,60.005876
4.217300,60.010307
4.217400,59.997156
4.217500,60.009524
4.217600,60.018870
4.217700,60.023512
4.217800,60.026684
4.217900,60.019697
4.218000,60.026514
4.218100,60.022378
4.218200,60.027522
4.218300,60.029996
4.218400,60.033531
4.218500,60.034829
4.218600,60.035900
4.218700,60.036175
4.218800,60.035337
4.218900,60.035366
4.219000,60.035384
4.219100,60.035379
4.219200,60.036340
4.219300,60.035216
4.219400,60.035740
4.219500,60.035464
4.219600,60.037231
4.219700,60.038883
4.219800,60.039830
4.219900,60.040126
4.220000,60.042051
4.220100,60.043203
4.220200,60.045773
4.220300,60.048397
4.220400,60.048159
4.220500,60.047184
4.220600,60.046354
4.220700,60.049392
4.220800,60.051762
4.220900,60.050230
4.221000,60.047556
4.221100,60.044295
4.221200,60.042131
4.221300,60.041436
4.221400,60.040927
4.221500,60.038830
4.221600,60.040843
4.221700,60.040037
4.221800,60.040651
4.221900,60.040135
4.222000,60.042335
4.222100,60.038847
4.222200,60.039238
4.222300,60.035601
4.222400,60.037531
4.222500,60.038625
4.222600,60.043537
4.222700,60.043044
4.222800,60.044512
4.222900,60.043500
4.223000,60.042792
4.223100,60.047285
4.223200,60.044464
4.223300,60.050119
4.223400,60.045362
4.223500,60.048202
4.223600,60.044644
4.223700,60.038903
4.223800,60.043809
4.223900,60.046218
4.224000,60.053026
4.224100,60.059460
4.224200,60.060360
4.224300,60.062429
4.224400,60.057069
4.224500,60.056442
4.224600,60.053602
4.224700,60.063226
4.224800,60.068859
4.224900,60.056183
4.225000,60.067972
4.225100,60.061946
4.225200,60.050844
4.225300,60.065016
4.225400,60.063180
4.225500,60.066051
4.225600,60.077245
4.225700,60.069167
4.225800,60.070300
4.225900,60.076286
4.226000,60.070753
4.226100,60.071699
4.226200,60.078950
4.226300,60.084942
4.226400,60.079839
4.226500,60.080385
4.226600,60.080326
4.226700,60.077956
4.226800,60.075747
4.226900,60.076087
4.227000,60.075522
4.227100,60.076183
4.227200,60.075870
4.227300,60.075975
4.227400,60.075310
4.227500,60.075694
4.227600,60.075148
4.227700,60.075134
4.227800,60.076515
4.227900,60.075685
4.228000,60.075383
4.228100,60.077916
4.228200,60.078633
4.228300,60.076155
4.228400,60.078390
4.228500,60.078391
4.228600,60.077706
4.228700,60.075601
4.228800,60.074190
4.228900,60.075148
4.229000,60.074245
4.229100,60.073187
4.229200,60.071637
4.229300,60.073549
4.229400,60.075992
4.229500,60.077095
4.229600,60.078532
4.229700,60.081292
4.229800,60.081163
4.229900,60.084665
4.230000,60.084645
4.230100,60.085599
4.230200,60.084797
4.230300,60.081653
4.230400,60.079060
4.230500,60.079866
4.230600,60.081107
4.230700,60.078590
4.230800,60.077657
4.230900,60.073184
4.231000,60.073616
4.231100,60.074920
4.231200,60.078232
4.231300,60.077807
4.231400,60.078791
4.231500,60.078569
4.231600,60.072410
4.231700,60.077069
4.231800,60.071341
4.231900,60.074024
4.232000,60.069826
4.232100,60.076546
4.232200,60.080452
4.232300,60.072217
4.232400,60.069201
4.232500,60.073058
4.232600,60.074544
4.232700,60.067815
4.232800,60.062195
4.232900,60.061036
4.233000,60.068146
4.233100,60.054810
4.233200,60.041784
4.233300,60.027774
4.233400,60.025323
4.233500,60.011194
4.233600,60.012221
4.233700,60.004470
4.233800,60.010004
4.233900,60.003046
4.234000,60.014139
4.234100,60.012197
4.234200,60.004889
4.234300,60.015439
4.234400,60.015964
4.234500,60.013958
4.234600,60.017348
4.234700,60.015538
4.234800,60.009521
4.234900,60.006518
4.235000,60.008325
4.235100,60.006672
4.235200,60.004848
4.235300,60.004927
4.235400,60.005103
4.235500,60.004986
4.235600,60.004981
4.235700,60.005165
4.235800,60.005353
4.235900,60.004409
4.236000,60.005795
4.236100,60.007037
4.236200,60.005534
4.236300,60.004970
4.236400,60.004763
4.236500,60.004797
4.236600,60.003352
4.236700,60.002292
4.236800,60.003095
4.236900,60.004462
4.237000,60.002849
4.237100,60.001741
4.237200,59.998892
4.237300,59.996261
4.237400,59.996487
4.237500,59.994814
4.237600,59.997581
4.237700,59.998803
4.237800,60.001902
4.237900,60.002394
4.238000,60.000512
4.238100,59.999198
4.238200,59.999450
4.238300,59.996624
4.238400,59.996376
4.238500,59.994909
4.238600,59.992115
4.238700,59.992629
4.238800,59.988854
4.238900,59.986397
4.239000,59.985697
4.239100,59.984226
4.239200,59.984237
4.239300,59.986794
4.239400,59.987442
4.239500,59.984601
4.239600,59.979465
4.239700,59.974397
4.239800,59.977695
4.239900,59.978515
4.240000,59.984597
4.240100,59.979627
4.240200,59.982466
4.240300,59.982770
4.240400,59.980984
4.240500,59.987289
4.240600,59.994529
4.240700,60.003077
4.240800,60.001566
4.240900,59.995019
4.241000,60.001811
4.241100,60.006835
4.241200,59.997441
4.241300,59.987947
4.241400,59.988605
4.241500,59.988174
4.241600,59.986308
4.241700,59.990429
4.241800,59.990545
4.241900,59.989740
4.242000,59.988756
4.242100,59.986742
4.242200,59.983761
4.242300,59.981204
4.242400,59.980061
4.242500,59.973157
4.242600,59.962946
4.242700,59.969329
4.242800,59.968309
4.242900,59.965709
4.243000,59.969869
4.243100,59.974150
4.243200,59.977735
4.243300,59.977270
4.243400,59.978470
4.243500,59.977710
4.243600,59.977292
4.243700,59.976920
4.243800,59.977183
4.243900,59.977173
4.244000,59.977689
4.244100,59.978103
4.244200,59.976615
4.244300,59.977054
4.244400,59.978425
4.244500,59.979104
4.244600,59.980496
4.244700,59.978711
4.244800,59.976062
4.244900,59.976069
4.245000,59.976438
4.245100,59.976966
4.245200,59.979910
4.245300,59.977388
4.245400,59.975375
4.245500,59.977958
4.245600,59.975984
4.245700,59.977433
4.245800,59.977836
4.245900,59.975897
4.246000,59.974384
4.246100,59.976073
4.246200,59.973370
4.246300,59.974958
4.246400,59.977081
4.246500,59.977850
4.246600,59.979728
4.246700,59.978834
4.246800,59.976130
4.246900,59.975377
4.247000,59.979097
4.247100,59.981803
4.247200,59.980974
4.247300,59.981605
4.247400,59.984566
4.247500,59.980478
4.247600,59.982019
4.247700,59.983297
4.247800,59.986352
4.247900,59.983728
4.248000,59.984604
4.248100,59.980874
4.248200,59.978046
4.248300,59.980657
4.248400,59.978277
4.248500,59.981117
4.248600,59.977118
4.248700,59.975579
4.248800,59.972806
4.248900,59.973714
4.249000,59.974348
4.249100,59.982147
4.249200,59.983188
4.249300,59.991691
4.249400,59.986216
4.249500,59.988463
4.249600,59.996739
4.249700,59.986222
4.249800,59.977294
4.249900,59.978216
4.250000,59.964754
4.250100,59.961339
4.250200,59.962409
4.250300,59.977380
4.250400,59.984877
4.250500,59.972683
4.250600,59.958343
4.250700,59.968674
4.250800,59.972472
4.250900,59.981229
4.251000,59.984202
4.251100,59.987787
4.251200,59.985141
4.251300,59.988895
4.251400,59.986881
4.251500,59.984456
4.251600,59.989264
4.251700,59.993050
4.251800,59.991582
4.251900,59.989014
4.252000,59.989638
4.252100,59.989214
4.252200,59.989368
4.252300,59.989289
4.252400,59.988961
4.252500,59.989018
4.252600,59.989347
4.252700,59.990269
4.252800,59.992097
4.252900,59.992049
4.253000,59.991346
4.253100,59.993745
4.253200,59.990786
4.253300,59.993243
4.253400,59.991795
4.253500,59.990726
4.253600,59.989524
4.253700,59.990444
4.253800,59.989719
4.253900,59.987817
4.254000,59.987843
4.254100,59.986306
4.254200,59.988283
4.254300,59.991534
4.254400,59.988626
4.254500,59.990009
4.254600,59.989990
4.254700,59.990994
4.254800,59.991367
4.254900,59.994861
4.255000,59.995913
4.255100,59.999093
4.255200,59.996682
4.255300,59.999458
4.255400,59.996791
4.255500,59.995275
4.255600,59.998379
4.255700,59.999304
4.255800,59.997629
4.255900,59.993641
4.256000,59.990002
4.256100,59.992726
4.256200,59.994223
4.256300,59.994607
4.256400,59.999063
4.256500,59.995503
4.256600,59.997982
4.256700,59.996312
4.256800,60.000968
4.256900,59.994772
4.257000,59.990606
4.257100,59.985033
4.257200,59.987511
4.257300,59.991201
4.257400,59.985204
4.257500,59.985618
4.257600,59.996013
4.257700,60.000160
4.257800,59.991774
4.257900,59.980499
4.258000,59.989053
4.258100,59.999435
4.258200,59.998519
4.258300,59.995080
4.258400,59.980662
4.258500,59.988391
4.258600,59.988787
4.258700,59.992029
4.258800,59.995921
4.258900,59.982870
4.259000,59.986831
4.259100,59.986912
4.259200,59.981564
4.259300,59.985737
4.259400,59.993218
4.259500,59.984442
4.259600,59.992758
4.259700,59.989357
4.259800,59.992378
4.259900,59.990039
4.260000,59.987544
4.260100,59.984641
4.260200,59.982651
4.260300,59.982899
4.260400,59.982853
4.260500,59.983079
4.260600,59.983095
4.260700,59.983516
4.260800,59.983754
4.260900,59.983116
4.261000,59.984129
4.261100,59.984116
4.261200,59.983620
4.261300,59.984024
4.261400,59.985031
4.261500,59.987729
4.261600,59.986930
4.261700,59.984795
4.261800,59.982145
4.261900,59.983432
4.262000,59.983701
4.262100,59.982300
4.262200,59.979922
4.262300,59.980928
4.262400,59.979779
4.262500,59.978700
4.262600,59.978199
4.262700,59.977853
4.262800,59.978862
4.262900,59.975599
4.263000,59.973017
4.263100,59.970248
4.263200,59.971546
4.263300,59.971913
4.263400,59.974694
4.263500,59.970727
4.263600,59.970115
4.263700,59.971989
4.263800,59.969609
4.263900,59.968664
4.264000,59.970562
4.264100,59.970851
4.264200,59.974668
4.264300,59.975138
4.264400,59.971515
4.264500,59.968944
4.264600,59.972289
4.264700,59.976382
4.264800,59.980837
4.264900,59.985609
4.265000,59.987114
4.265100,59.992271
4.265200,59.996294
4.265300,59.993549
4.265400,59.990594
4.265500,59.986510
4.265600,59.979396
4.265700,59.981781
4.265800,59.986494
4.265900,59.980720
4.266000,59.972212
4.266100,59.963298
4.266200,59.969103
4.266300,59.969667
4.266400,59.968805
4.266500,59.961042
4.266600,59.966917
4.266700,59.971822
4.266800,59.983718
4.266900,59.988509
4.267000,59.989494
4.267100,59.975952
4.267200,59.972715
4.267300,59.975479
4.267400,59.985086
4.267500,59.997613
4.267600,59.992540
4.267700,59.993375
4.267800,59.996773
4.267900,59.991203
4.268000,59.987034
4.268100,59.981679
4.268200,59.979437
4.268300,59.976362
4.268400,59.978673
4.268500,59.977933
4.268600,59.979205
4.268700,59.980153
4.268800,59.980522
4.268900,59.980555
4.269000,59.980475
4.269100,59.980244
4.269200,59.981003
4.269300,59.980801
4.269400,59.979711
4.269500,59.981129
4.269600,59.978909
4.269700,59.979027
4.269800,59.981384
4.269900,59.980963
4.270000,59.981707
4.270100,59.979208
4.270200,59.980188
4.270300,59.982378
4.270400,59.983142
4.270500,59.979916
4.270600,59.980289
4.270700,59.983481
4.270800,59.980164
4.270900,59.978837
4.271000,59.979481
4.271100,59.979495
4.271200,59.978119
4.271300,59.980802
4.271400,59.980461
4.271500,59.979277
4.271600,59.982814
4.271700,59.983730
4.271800,59.984435
4.271900,59.980333
4.272000,59.982657
4.272100,59.986571
4.272200,59.983886
4.272300,59.985968
4.272400,59.985816
4.272500,59.987688
4.272600,59.986680
4.272700,59.987441
4.272800,59.984398
4.272900,59.988680
4.273000,59.989025
4.273100,59.990894
4.273200,59.986506
4.273300,59.990650
4.273400,59.991374
4.273500,59.990511
4.273600,59.989920
4.273700,59.991125
4.273800,59.997020
4.273900,59.996803
4.274000,59.988610
4.274100,59.991005
4.274200,59.993502
4.274300,59.991689
4.274400,59.987989
4.274500,59.991210
4.274600,59.997585
4.274700,59.999252
4.274800,60.003479
4.274900,60.008813
4.275000,59.997262
4.275100,59.985350
4.275200,59.971254
4.275300,59.977866
4.275400,59.973031
4.275500,59.963840
4.275600,59.965510
4.275700,59.979196
4.275800,59.987362
4.275900,59.985312
4.276000,59.989876
4.276100,59.989502
4.276200,59.984415
4.276300,59.981419
4.276400,59.986128
4.276500,59.985026
4.276600,59.982960
4.276700,59.984340
4.276800,59.985306
4.276900,59.982980
4.277000,59.983473
4.277100,59.983448
4.277200,59.983313
4.277300,59.982926
4.277400,59.983374
4.277500,59.983318
4.277600,59.982647
4.277700,59.982373
4.277800,59.980586
4.277900,59.982759
4.278000,59.980588
4.278100,59.978600
4.278200,59.978918
4.278300,59.979626
4.278400,59.981859
4.278500,59.979115
4.278600,59.978416
4.278700,59.978585
4.278800,59.978742
4.278900,59.977127
4.279000,59.976230
4.279100,59.978687
4.279200,59.975859
4.279300,59.974783
4.279400,59.977757
4.279500,59.974973
4.279600,59.977930
4.279700,59.979110
4.279800,59.978361
4.279900,59.975200
4.280000,59.974797
4.280100,59.976800
4.280200,59.979362
4.280300,59.977994
4.280400,59.981556
4.280500,59.984862
4.280600,59.985995
4.280700,59.990447
4.280800,59.990629
4.280900,59.988696
4.281000,59.990839
4.281100,59.990995
4.281200,59.990319
4.281300,59.991396
4.281400,59.991228
4.281500,59.996240
4.281600,59.996372
4.281700,59.997602
4.281800,60.003099
4.281900,60.008942
4.282000,60.003186
4.282100,60.010060
4.282200,60.003261
4.282300,59.998832
4.282400,60.002304
4.282500,60.008209
4.282600,60.012216
4.282700,60.014385
4.282800,60.010104
4.282900,60.012946
4.283000,60.013688
4.283100,60.009499
4.283200,60.013493
4.283300,60.004881
4.283400,59.997343
4.283500,59.985391
4.283600,59.972474
4.283700,59.974007
4.283800,59.970467
4.283900,59.968062
4.284000,59.971186
4.284100,59.978608
4.284200,59.983335
4.284300,59.984699
4.284400,59.992273
4.284500,59.993503
4.284600,59.985553
4.284700,59.985524
4.284800,59.989845
4.284900,59.994719
4.285000,59.996679
4.285100,60.000118
4.285200,60.001026
4.285300,60.000041
4.285400,59.998921
4.285500,59.999134
4.285600,59.999129
4.285700,59.999147
4.285800,59.998422
4.285900,59.998104
4.286000,59.998373
4.286100,59.998071
4.286200,59.999906
4.286300,59.998169
4.286400,59.998122
4.286500,59.996059
4.286600,59.997402
4.286700,59.999129
4.286800,59.997977
4.286900,59.996738
4.287000,59.999597
4.287100,59.998055
4.287200,59.999039
4.287300,59.999573
4.287400,59.997424
4.287500,59.995582
4.287600,59.997055
4.287700,59.995955
4.287800,59.997224
4.287900,59.997288
4.288000,59.996159
4.288100,59.993710
4.288200,59.994087
4.288300,59.990512
4.288400,59.990169
4.288500,59.993612
4.288600,59.995649
4.288700,59.997983
4.288800,59.998247
4.288900,59.999772
4.289000,60.003403
4.289100,59.999213
4.289200,60.003037
4.289300,59.998608
4.289400,60.003586
4.289500,60.001639
4.289600,59.998717
4.289700,59.998760
4.289800,59.999601
4.289900,60.003246
4.290000,60.008754
4.290100,60.009957
4.290200,60.007068
4.290300,60.003645
4.290400,60.002801
4.290500,60.007986
4.290600,60.014193
4.290700,60.022954
4.290800,60.015242
4.290900,60.025350
4.291000,60.032424
4.291100,60.028472
4.291200,60.038341
4.291300,60.037012
4.291400,60.026947
4.291500,60.030172
4.291600,60.027974
4.291700,60.036941
4.291800,60.042586
4.291900,60.045200
4.292000,60.060452
4.292100,60.057232
4.292200,60.055495
4.292300,60.055595
4.292400,60.056328
4.292500,60.054795
4.292600,60.051754
4.292700,60.048059
4.292800,60.049182
4.292900,60.044766
4.293000,60.040043
4.293100,60.046033
4.293200,60.048557
4.293300,60.049770
4.293400,60.052027
4.293500,60.050492
4.293600,60.052153
4.293700,60.052129
4.293800,60.051633
4.293900,60.051537
4.294000,60.051987
4.294100,60.051473
4.294200,60.051757
4.294300,60.050893
4.294400,60.049162
4.294500,60.050710
4.294600,60.050900
4.294700,60.048584
4.294800,60.047312
4.294900,60.048850
4.295000,60.049908
4.295100,60.049973
4.295200,60.049708
4.295300,60.050874
4.295400,60.052604
4.295500,60.049996
4.295600,60.046878
4.295700,60.047596
4.295800,60.046340
4.295900,60.043637
4.296000,60.044839
4.296100,60.048048
4.296200,60.050864
4.296300,60.048902
4.296400,60.051278
4.296500,60.051500
4.296600,60.052698
4.296700,60.051807
4.296800,60.049174
4.296900,60.049503
4.297000,60.052537
4.297100,60.048664
4.297200,60.049113
4.297300,60.045093
4.297400,60.041224
4.297500,60.044631
4.297600,60.040586
4.297700,60.036045
4.297800,60.033928
4.297900,60.030381
4.298000,60.027577
4.298100,60.029434
4.298200,60.026794
4.298300,60.023159
4.298400,60.029956
4.298500,60.033849
4.298600,60.031234
4.298700,60.031355
4.298800,60.032387
4.298900,60.031758
4.299000,60.038857
4.299100,60.045624
4.299200,60.051735
4.299300,60.051478
4.299400,60.042589
4.299500,60.048311
4.299600,60.042597
4.299700,60.048817
4.299800,60.038676
4.299900,60.032465
4.300000,60.035091
4.300100,60.039225
4.300200,60.038601
4.300300,60.030173
4.300400,60.027221
4.300500,60.028935
4.300600,60.028635
4.300700,60.015529
4.300800,60.025835
4.300900,60.013794
4.301000,60.008019
4.301100,60.015083
4.301200,60.012623
4.301300,60.007471
4.301400,60.003139
4.301500,60.007821
4.301600,60.005676
4.301700,60.007002
4.301800,60.008268
4.301900,60.009890
4.302000,60.009503
4.302100,60.009138
4.302200,60.009266
4.302300,60.009327
4.302400,60.009575
4.302500,60.010480
4.302600,60.009064
4.302700,60.010504
4.302800,60.009811
4.302900,60.008282
4.303000,60.009355
4.303100,60.007822
4.303200,60.006742
4.303300,60.008855
4.303400,60.006149
4.303500,60.007899
4.303600,60.008333
4.303700,60.009766
4.303800,60.011409
4.303900,60.013414
4.304000,60.014553
4.304100,60.014176
4.304200,60.012350
4.304300,60.009160
4.304400,60.010109
4.304500,60.008201
4.304600,60.004749
4.304700,60.003604
4.304800,60.006075
4.304900,60.004631
4.305000,60.007046
4.305100,60.003353
4.305200,60.001943
4.305300,60.005519
4.305400,60.005731
4.305500,60.007506
4.305600,60.004728
4.305700,60.001588
4.305800,60.006196
4.305900,60.007448
4.306000,60.004698
4.306100,60.008127
4.306200,60.009696
4.306300,60.007379
4.306400,60.011014
4.306500,60.014859
4.306600,60.016748
4.306700,60.013983
4.306800,60.019678
4.306900,60.016698
4.307000,60.019987
4.307100,60.016382
4.307200,60.022422
4.307300,60.015345
4.307400,60.007403
4.307500,60.009103
4.307600,60.003001
4.307700,59.995817
4.307800,59.995623
4.307900,59.994252
4.308000,59.995947
4.308100,60.007594
4.308200,60.005083
4.308300,60.009299
4.308400,60.000654
4.308500,60.004341
4.308600,60.007159
4.308700,60.003626
4.308800,60.000532
4.308900,60.002008
4.309000,59.998817
4.309100,59.996845
4.309200,59.986077
4.309300,59.979792
4.309400,59.983346
4.309500,59.991990
4.309600,59.986450
4.309700,59.981716
4.309800,59.987214
4.309900,59.986969
4.310000,59.984344
4.310100,59.983861
4.310200,59.983704
4.310300,59.981982
4.310400,59.982215
4.310500,59.982170
4.310600,59.982053
4.310700,59.981884
4.310800,59.981067
4.310900,59.981063
4.311000,59.982137
4.311100,59.981544
4.311200,59.981422
4.311300,59.980706
4.311400,59.983017
4.311500,59.984094
4.311600,59.982760
4.311700,59.985415
4.311800,59.983663
4.311900,59.980724
4.312000,59.980195
4.312100,59.980139
4.312200,59.983166
4.312300,59.984392
4.312400,59.985330
4.312500,59.988548
4.312600,59.990219
4.312700,59.993552
4.312800,59.991484
4.312900,59.991320
4.313000,59.988714
4.313100,59.986477
4.313200,59.986259
4.313300,59.986607
4.313400,59.983299
4.313500,59.980270
4.313600,59.983305
4.313700,59.982893
4.313800,59.982135
4.313900,59.981972
4.314000,59.979165
4.314100,59.980617
4.314200,59.984351
4.314300,59.987273
4.314400,59.989133
4.314500,59.984476
4.314600,59.980169
4.314700,59.981745
4.314800,59.984990
4.314900,59.986982
4.315000,59.992278
4.315100,59.996639
4.315200,59.992537
4.315300,59.992678
4.315400,59.994467
4.315500,59.990656
4.315600,59.997583
4.315700,59.992601
4.315800,59.995775
4.315900,59.998039
4.316000,59.990749
4.316100,59.994115
4.316200,59.997434
4.316300,59.986241
4.316400,59.975944
4.316500,59.974409
4.316600,59.984485
4.316700,59.977079
4.316800,59.976624
4.316900,59.986610
4.317000,59.986680
4.317100,59.990994
4.317200,59.982042
4.317300,59.995318
4.317400,60.001249
4.317500,60.007269
4.317600,60.005221
4.317700,60.005471
4.317800,60.014404
4.317900,60.013255
4.318000,60.011083
4.318100,60.006765
4.318200,60.006689
4.318300,60.009074
4.318400,60.006851
4.318500,60.009378
4.318600,60.011708
4.318700,60.012112
4.318800,60.011750
4.318900,60.011543
4.319000,60.011464
4.319100,60.011370
4.319200,60.011747
4.319300,60.010945
4.319400,60.012492
4.319500,60.013115
4.319600,60.013425
4.319700,60.012539
4.319800,60.011902
4.319900,60.012950
4.320000,60.012624
4.320100,60.014627
4.320200,60.016454
4.320300,60.013613
4.320400,60.012195
4.320500,60.009476
4.320600,60.008530
4.320700,60.011821
4.320800,60.014985
4.320900,60.015146
4.321000,60.013860
4.321100,60.011204
4.321200,60.014811
4.321300,60.011705
4.321400,60.014709
4.321500,60.012973
4.321600,60.016428
4.321700,60.019007
4.321800,60.019534
4.321900,60.016359
4.322000,60.012983
4.322100,60.014043
4.322200,60.017016
4.322300,60.013513
4.322400,60.012175
4.322500,60.015885
4.322600,60.016964
4.322700,60.015091
4.322800,60.011789
4.322900,60.016065
4.323000,60.015092
4.323100,60.020697
4.323200,60.018836
4.323300,60.018491
4.323400,60.020602
4.323500,60.013982
4.323600,60.019769
4.323700,60.021509
4.323800,60.021819
4.323900,60.015905
4.324000,60.014032
4.324100,60.018838
4.324200,60.015267
4.324300,60.006574
4.324400,59.999883
4.324500,60.008647
4.324600,60.012927
4.324700,60.018082
4.324800,60.005725
4.324900,60.009448
4.325000,60.010200
4.325100,60.016514
4.325200,60.014379
4.325300,59.999899
4.325400,59.990638
4.325500,59.996195
4.325600,60.002893
4.325700,60.010463
4.325800,60.004616
4.325900,60.001853
4.326000,60.001086
4.326100,60.010437
4.326200,60.005720
4.326300,60.008597
4.326400,60.007316
4.326500,60.009878
4.326600,60.014682
4.326700,60.017318
4.326800,60.019934
4.326900,60.021609
4.327000,60.021450
4.327100,60.021147
4.327200,60.021259
4.327300,60.021132
4.327400,60.021218
4.327500,60.021522
4.327600,60.021823
4.327700,60.023591
4.327800,60.023635
4.327900,60.023811
4.328000,60.026506
4.328100,60.028197
4.328200,60.030557
4.328300,60.030090
4.328400,60.028027
4.328500,60.029823
4.328600,60.031210
4.328700,60.032306
4.328800,60.028823
4.328900,60.027489
4.329000,60.028790
4.329100,60.027283
4.329200,60.025387
4.329300,60.025987
4.329400,60.022761
4.329500,60.022874
4.329600,60.025339
4.329700,60.025582
4.329800,60.021761
4.329900,60.019472
4.330000,60.018625
4.330100,60.021488
4.330200,60.024180
4.330300,60.027411
4.330400,60.025780
4.330500,60.027370
4.330600,60.031937
4.330700,60.028307
4.330800,60.031025
4.330900,60.035846
4.331000,60.031754
4.331100,60.027925
4.331200,60.031410
4.331300,60.027962
4.331400,60.027312
4.331500,60.026467
4.331600,60.025399
4.331700,60.030511
4.331800,60.036504
4.331900,60.037792
4.332000,60.034070
4.332100,60.036795
4.332200,60.031882
4.332300,60.027551
4.332400,60.024999
4.332500,60.016936
4.332600,60.011523
4.332700,60.017391
4.332800,60.010682
4.332900,60.016546
4.333000,60.013860
4.333100,60.011683
4.333200,60.016050
4.333300,60.008781
4.333400,60.006538
4.333500,59.998035
4.333600,60.003542
4.333700,59.994054
4.333800,59.989901
4.333900,59.996493
4.334000,59.994948
4.334100,60.001818
4.334200,60.007168
4.334300,60.003457
4.334400,59.999231
4.334500,59.999387
4.334600,59.991845
4.334700,59.991183
4.334800,59.995553
4.334900,59.992130
4.335000,59.988960
4.335100,59.988676
4.335200,59.987506
4.335300,59.987418
4.335400,59.987770
4.335500,59.987664
4.335600,59.987565
4.335700,59.987081
4.335800,59.986517
4.335900,59.987167
4.336000,59.986934
4.336100,59.985526
4.336200,59.987242
4.336300,59.988455
4.336400,59.989686
4.336500,59.990794
4.336600,59.989892
4.336700,59.990242
4.336800,59.989804
4.336900,59.990182
4.337000,59.989505
4.337100,59.988704
4.337200,59.987274
4.337300,59.986067
4.337400,59.985708
4.337500,59.988406
4.337600,59.989607
4.337700,59.986568
4.337800,59.986112
4.337900,59.982984
4.338000,59.983012
4.338100,59.981603
4.338200,59.980811
4.338300,59.982812
4.338400,59.986410
4.338500,59.982867
4.338600,59.985777
4.338700,59.987290
4.338800,59.985060
4.338900,59.982673
4.339000,59.983819
4.339100,59.981305
4.339200,59.979400
4.339300,59.975439
4.339400,59.974955
4.339500,59.976312
4.339600,59.979296
4.339700,59.981563
4.339800,59.984753
4.339900,59.981602
4.340000,59.975569
4.340100,59.968911
4.340200,59.971020
4.340300,59.974735
4.340400,59.976764
4.340500,59.982052
4.340600,59.983512
4.340700,59.991555
4.340800,59.994927
4.340900,59.994249
4.341000,60.004995
4.341100,60.001105
4.341200,60.012185
4.341300,60.003419
4.341400,59.995497
4.341500,59.996569
4.341600,59.993897
4.341700,59.990535
4.341800,59.992490
4.341900,59.994318
4.342000,59.981715
4.342100,59.977740
4.342200,59.981733
4.342300,59.979206
4.342400,59.979153
4.342500,59.969823
4.342600,59.975667
4.342700,59.974148
4.342800,59.982964
4.342900,59.980796
4.343000,59.983987
4.343100,59.989562
4.343200,59.986023
4.343300,59.989115
4.343400,59.986153
4.343500,59.983667
4.343600,59.982587
4.343700,59.982905
4.343800,59.982819
4.343900,59.982801
4.344000,59.983210
4.344100,59.982941
4.344200,59.981951
4.344300,59.983034
4.344400,59.983516
4.344500,59.985457
4.344600,59.987762
4.344700,59.986271
4.344800,59.986831
4.344900,59.984686
4.345000,59.984068
4.345100,59.982606
4.345200,59.982614
4.345300,59.983147
4.345400,59.980207
4.345500,59.979181
4.345600,59.980134
4.345700,59.978115
4.345800,59.976239
4.345900,59.973959
4.346000,59.975249
4.346100,59.976785
4.346200,59.979506
4.346300,59.981320
4.346400,59.980317
4.346500,59.983025
4.346600,59.984476
4.346700,59.983782
4.346800,59.980537
4.346900,59.984123
4.347000,59.984718
4.347100,59.983636
4.347200,59.983294
4.347300,59.980195
4.347400,59.984017
4.347500,59.982717
4.347600,59.978598
4.347700,59.974084
4.347800,59.975349
4.347900,59.979484
4.348000,59.982542
4.348100,59.979752
4.348200,59.975137
4.348300,59.971678
4.348400,59.974605
4.348500,59.980421
4.348600,59.981341
4.348700,59.988660
4.348800,59.984982
4.348900,59.989801
4.349000,59.994640
4.349100,59.992812
4.349200,59.996457
4.349300,59.986511
4.349400,59.989172
4.349500,59.992428
4.349600,59.997892
4.349700,59.993437
4.349800,60.003172
4.349900,60.012210
4.350000,59.999627
4.350100,60.008299
4.350200,60.013888
4.350300,60.024619
4.350400,60.021483
4.350500,60.021278
4.350600,60.017477
4.350700,60.030739
4.350800,60.020170
4.350900,60.030105
4.351000,60.038602
4.351100,60.028778
4.351200,60.023547
4.351300,60.022803
4.351400,60.022620
4.351500,60.023183
4.351600,60.026353
4.351700,60.026585
4.351800,60.026887
4.351900,60.027504
4.352000,60.026764
4.352100,60.026895
4.352200,60.026910
4.352300,60.026646
4.352400,60.027424
4.352500,60.028497
4.352600,60.029980
4.352700,60.029111
4.352800,60.027321
4.352900,60.028686
4.353000,60.029276
4.353100,60.026686
4.353200,60.028837
4.353300,60.029098
4.353400,60.028994
4.353500,60.026049
4.353600,60.022848
4.353700,60.022953
4.353800,60.023428
4.353900,60.025042
4.354000,60.022789
4.354100,60.025846
4.354200,60.025172
4.354300,60.025364
4.354400,60.027083
4.354500,60.026790
4.354600,60.027170
4.354700,60.027975
4.354800,60.028539
4.354900,60.026659
4.355000,60.026704
4.355100,60.025916
4.355200,60.027064
4.355300,60.028976
4.355400,60.031818
4.355500,60.034072
4.355600,60.031210
4.355700,60.034812
4.355800,60.031749
4.355900,60.027915
4.356000,60.024000
4.356100,60.018717
4.356200,60.017314
4.356300,60.017895
4.356400,60.013848
4.356500,60.010925
4.356600,60.007494
4.356700,60.010080
4.356800,60.009107
4.356900,60.013423
4.357000,60.020227
4.357100,60.012991
4.357200,60.012272
4.357300,60.010681
4.357400,60.002925
4.357500,60.006929
4.357600,60.015276
4.357700,60.005535
4.357800,59.997917
4.357900,59.986450
4.358000,59.998135
4.358100,60.003079
4.358200,60.004565
4.358300,60.010593
4.358400,60.019978
4.358500,60.007102
4.358600,60.004870
4.358700,60.005627
4.358800,60.001884
4.358900,59.990158
4.359000,60.002764
4.359100,60.006902
4.359200,60.011634
4.359300,60.005639
4.359400,59.997404
4.359500,60.006622
4.359600,60.010404
4.359700,60.007487
4.359800,60.001949
4.359900,59.999703
4.360000,60.000979
4.360100,60.000435
4.360200,59.998506
4.360300,59.997296
4.360400,59.996080
4.360500,59.996647
4.360600,59.996097
4.360700,59.996107
4.360800,59.995892
4.360900,59.995376
4.361000,59.994373
4.361100,59.993349
4.361200,59.993771
4.361300,59.994140
4.361400,59.996223
4.361500,59.998018
4.361600,59.999741
4.361700,60.001689
4.361800,60.003824
4.361900,60.006178
4.362000,60.007814
4.362100,60.004990
4.362200,60.002644
4.362300,60.000700
4.362400,60.001060
4.362500,59.999439
4.362600,59.999684
4.362700,59.999629
4.362800,59.997079
4.362900,59.999115
4.363000,59.998511
4.363100,59.999340
4.363200,59.998171
4.363300,59.997286
4.363400,59.994631
4.363500,59.996908
4.363600,59.997231
4.363700,59.998489
4.363800,60.002349
4.363900,59.998700
4.364000,59.998558
4.364100,59.995832
4.364200,59.995394
4.364300,59.991169
4.364400,59.992785
4.364500,59.993517
4.364600,59.998204
4.364700,59.998032
4.364800,59.993839
4.364900,59.991481
4.365000,59.992480
4.365100,59.990937
4.365200,59.992531
4.365300,59.985460
4.365400,59.983633
4.365500,59.984525
4.365600,59.991292
4.365700,59.993302
4.365800,59.989280
4.365900,59.998401
4.366000,59.992351
4.366100,59.994198
4.366200,59.990459
4.366300,60.000067
4.366400,60.010795
4.366500,60.001724
4.366600,60.000318
4.366700,60.000301
4.366800,59.992216
4.366900,59.993916
4.367000,59.991868
4.367100,59.987910
4.367200,59.998928
4.367300,59.995185
4.367400,59.997579
4.367500,60.001869
4.367600,59.993955
4.367700,59.993643
4.367800,60.000093
4.367900,60.003438
4.368000,59.995973
4.368100,59.999437
4.368200,59.998885
4.368300,60.003127
4.368400,60.000440
4.368500,60.002521
4.368600,60.003400
4.368700,60.001578
4.368800,60.000659
4.368900,60.000627
4.369000,60.000625
4.369100,60.000162
4.369200,60.000004
4.369300,59.999570
4.369400,59.999659
4.369500,59.999349
4.369600,60.001343
4.369700,60.001234
4.369800,60.001530
4.369900,60.002800
4.370000,60.000357
4.370100,60.001907
4.370200,60.001168
4.370300,60.000285
4.370400,59.998736
4.370500,59.998520
4.370600,59.995869
4.370700,59.997153
4.370800,60.000217
4.370900,59.997849
4.371000,60.000747
4.371100,60.001446
4.371200,60.003763
4.371300,60.001559
4.371400,59.999090
4.371500,59.997378
4.371600,59.994869
4.371700,59.991997
4.371800,59.994059
4.371900,59.992412
4.372000,59.990656
4.372100,59.993912
4.372200,59.998082
4.372300,60.001545
4.372400,59.998724
4.372500,59.999901
4.372600,60.003112
4.372700,60.005057
4.372800,60.004267
4.372900,60.003813
4.373000,60.006275
4.373100,60.001323
4.373200,60.003848
4.373300,60.004890
4.373400,60.008646
4.373500,60.013530
4.373600,60.014641
4.373700,60.014683
4.373800,60.013968
4.373900,60.015284
4.374000,60.020375
4.374100,60.013782
4.374200,60.017629
4.374300,60.014607
4.374400,60.006597
4.374500,60.007399
4.374600,60.001007
4.374700,59.989638
4.374800,59.988972
4.374900,59.986639
4.375000,59.978387
4.375100,59.964415
4.375200,59.963660
4.375300,59.959544
4.375400,59.948704
4.375500,59.938545
4.375600,59.952092
4.375700,59.941259
4.375800,59.950845
4.375900,59.956535
4.376000,59.955047
4.376100,59.954792
4.376200,59.953128
4.376300,59.958635
4.376400,59.953753
4.376500,59.951613
4.376600,59.952207
4.376700,59.953355
4.376800,59.953512
4.376900,59.952483
4.377000,59.952565
4.377100,59.952503
4.377200,59.952859
4.377300,59.952841
4.377400,59.952805
4.377500,59.952441
4.377600,59.951805
4.377700,59.951621
4.377800,59.949797
4.377900,59.949569
4.378000,59.949869
4.378100,59.948621
4.378200,59.949145
4.378300,59.951092
4.378400,59.953902
4.378500,59.952487
4.378600,59.953841
4.378700,59.951549
4.378800,59.949848
4.378900,59.952188
4.379000,59.950563
4.379100,59.953179
4.379200,59.955499
4.379300,59.958148
4.379400,59.958735
4.379500,59.958442
4.379600,59.960938
4.379700,59.959282
4.379800,59.959891
4.379900,59.956614
4.380000,59.953648
4.380100,59.952756
4.380200,59.948791
4.380300,59.949328
4.380400,59.945138
4.380500,59.944211
4.380600,59.940589
4.380700,59.944219
4.380800,59.947806
4.380900,59.952275
4.381000,59.952038
4.381100,59.948159
4.381200,59.951104
4.381300,59.945380
4.381400,59.944136
4.381500,59.949441
4.381600,59.949435
4.381700,59.947831
4.381800,59.951824
4.381900,59.955366
4.382000,59.960401
4.382100,59.967410
4.382200,59.973943
4.382300,59.978567
4.382400,59.979325
4.382500,59.976716
4.382600,59.976586
4.382700,59.971354
4.382800,59.974632
4.382900,59.969873
4.383000,59.971524
4.383100,59.966512
4.383200,59.962586
4.383300,59.959984
4.383400,59.967424
4.383500,59.968138
4.383600,59.975127
4.383700,59.978184
4.383800,59.986391
4.383900,59.993000
4.384000,60.004302
4.384100,60.001056
4.384200,60.000137
4.384300,59.995174
4.384400,60.002332
4.384500,60.004804
4.384600,60.006550
4.384700,60.003722
4.384800,60.008854
4.384900,60.010232
4.385000,60.010132
4.385100,60.012759
4.385200,60.012115
4.385300,60.010284
4.385400,60.009109
4.385500,60.009236
4.385600,60.009292
4.385700,60.009494
4.385800,60.010145
4.385900,60.010622
4.386000,60.010827
4.386100,60.012649
4.386200,60.010907
4.386300,60.010833
4.386400,60.012295
4.386500,60.012359
4.386600,60.009808
4.386700,60.009840
4.386800,60.006991
4.386900,60.006621
4.387000,60.007284
4.387100,60.005248
4.387200,60.005320
4.387300,60.002783
4.387400,60.002178
4.387500,60.001964
4.387600,60.004376
4.387700,60.000888
4.387800,60.001671
4.387900,59.999728
4.388000,60.000397
4.388100,59.997352
4.388200,59.997098
4.388300,59.996144
4.388400,59.992680
4.388500,59.992776
4.388600,59.994977
4.388700,59.993419
4.388800,59.997429
4.388900,59.994981
4.389000,59.993761
4.389100,59.997738
4.389200,59.996457
4.389300,59.992938
4.389400,59.992140
4.389500,59.992768
4.389600,59.992303
4.389700,59.995416
4.389800,59.998061
4.389900,60.001831
4.390000,60.006146
4.390100,60.000695
4.390200,59.993215
4.390300,59.994740
4.390400,60.001320
4.390500,60.005319
4.390600,60.004300
4.390700,60.000000
4.390800,60.007906
4.390900,59.999237
4.391000,59.997153
4.391100,59.997299
4.391200,60.007882
4.391300,60.002047
4.391400,60.000986
4.391500,60.009776
4.391600,60.009920
4.391700,60.015286
4.391800,60.004397
4.391900,60.002500
4.392000,60.010831
4.392100,59.999678
4.392200,60.009070
4.392300,60.017896
4.392400,60.018466
4.392500,60.017912
4.392600,60.015649
4.392700,60.016316
4.392800,60.009339
4.392900,60.009124
4.393000,60.007171
4.393100,60.000736
4.393200,60.006883
4.393300,60.002044
4.393400,59.998534
4.393500,59.999354
4.393600,59.997573
4.393700,59.997449
4.393800,59.998420
4.393900,59.998634
4.394000,59.998635
4.394100,59.998589
4.394200,59.998759
4.394300,59.998303
4.394400,59.999077
4.394500,59.997468
4.394600,59.995566
4.394700,59.996582
4.394800,59.995848
4.394900,59.994042
4.395000,59.996860
4.395100,59.999179
4.395200,60.001415
4.395300,60.000841
4.395400,59.998044
4.395500,59.998391
4.395600,60.001817
4.395700,59.999670
4.395800,59.998299
4.395900,59.996508
4.396000,59.997352
4.396100,59.998278
4.396200,59.999360
4.396300,60.001691
4.396400,59.998116
4.396500,59.996489
4.396600,59.999190
4.396700,59.998689
4.396800,59.998992
4.396900,60.003007
4.397000,60.004336
4.397100,60.006468
4.397200,60.005683
4.397300,60.009749
4.397400,60.011478
4.397500,60.012264
4.397600,60.011415
4.397700,60.009318
4.397800,60.010436
4.397900,60.014371
4.398000,60.009127
4.398100,60.014879
4.398200,60.011366
4.398300,60.006730
4.398400,60.011590
4.398500,60.010490
4.398600,60.004684
4.398700,60.009202
4.398800,60.008127
4.398900,60.000813
4.399000,60.005921
4.399100,60.010007
4.399200,60.007715
4.399300,60.008882
4.399400,59.998236
4.399500,59.989541
4.399600,59.977991
4.399700,59.969074
4.399800,59.974342
4.399900,59.981505
4.400000,59.990116
4.400100,59.999306
4.400200,59.995033
4.400300,59.982331
4.400400,59.991524
4.400500,59.977293
4.400600,59.967400
4.400700,59.969808
4.400800,59.966253
4.400900,59.976093
4.401000,59.976993
4.401100,59.980486
4.401200,59.973891
4.401300,59.969324
4.401400,59.973760
4.401500,59.967361
4.401600,59.967758
4.401700,59.970024
4.401800,59.969955
4.401900,59.969366
4.402000,59.970263
4.402100,59.969979
4.402200,59.970704
4.402300,59.970712
4.402400,59.970665
4.402500,59.970564
4.402600,59.969629
4.402700,59.970156
4.402800,59.970022
4.402900,59.969109
4.403000,59.970322
4.403100,59.971755
4.403200,59.970125
4.403300,59.968875
4.403400,59.968968
4.403500,59.969847
4.403600,59.967035
4.403700,59.965773
4.403800,59.967101
4.403900,59.965356
4.404000,59.966944
4.404100,59.969527
4.404200,59.970737
4.404300,59.970704
4.404400,59.968399
4.404500,59.965640
4.404600,59.963749
4.404700,59.966025
4.404800,59.967685
4.404900,59.966437
4.405000,59.962389
4.405100,59.964189
4.405200,59.962567
4.405300,59.965136
4.405400,59.965858
4.405500,59.962004
4.405600,59.964987
4.405700,59.961105
4.405800,59.965942
4.405900,59.968212
4.406000,59.966105
4.406100,59.970426
4.406200,59.975337
4.406300,59.980422
4.406400,59.982271
4.406500,59.977518
4.406600,59.977178
4.406700,59.981219
4.406800,59.982867
4.406900,59.982331
4.407000,59.983999
4.407100,59.980946
4.407200,59.983635
4.407300,59.984175
4.407400,59.991504
4.407500,59.989011
4.407600,59.993974
4.407700,60.000627
4.407800,60.003963
4.407900,60.013044
4.408000,60.019969
4.408100,60.007808
4.408200,59.996127
4.408300,59.998830
4.408400,60.011893
4.408500,60.002904
4.408600,59.988927
4.408700,59.990000
4.408800,60.000360
4.408900,60.013502
4.409000,60.022751
4.409100,60.028849
4.409200,60.034671
4.409300,60.028242
4.409400,60.022020
4.409500,60.024455
4.409600,60.029195
4.409700,60.030068
4.409800,60.025272
4.409900,60.020352
4.410000,60.016648
4.410100,60.017446
4.410200,60.018898
4.410300,60.020085
4.410400,60.019630
4.410500,60.019660
4.410600,60.019722
4.410700,60.019762
4.410800,60.019561
4.410900,60.019158
4.411000,60.019080
4.411100,60.019689
4.411200,60.018578
4.411300,60.019542
4.411400,60.017051
4.411500,60.016850
4.411600,60.017002
4.411700,60.019788
4.411800,60.022727
4.411900,60.025533
4.412000,60.025831
4.412100,60.024277
4.412200,60.023469
4.412300,60.021966
4.412400,60.022393
4.412500,60.023240
4.412600,60.023444
4.412700,60.019906
4.412800,60.022079
4.412900,60.020653
4.413000,60.020640
4.413100,60.018193
4.413200,60.021921
4.413300,60.021253
4.413400,60.022854
4.413500,60.019274
4.413600,60.023100
4.413700,60.020705
4.413800,60.024819
4.413900,60.023897
4.414000,60.022673
4.414100,60.018433
4.414200,60.014781
4.414300,60.014235
4.414400,60.015739
4.414500,60.017167
4.414600,60.019904
4.414700,60.016687
4.414800,60.020914
4.414900,60.016623
4.415000,60.022144
4.415100,60.021089
4.415200,60.025445
4.415300,60.022149
4.415400,60.026103
4.415500,60.025931
4.415600,60.017694
4.415700,60.014840
4.415800,60.015874
4.415900,60.025492
4.416000,60.017611
4.416100,60.020218
4.416200,60.025648
4.416300,60.021849
4.416400,60.010368
4.416500,60.009228
4.416600,60.009756
4.416700,59.999577
4.416800,60.009196
4.416900,59.994625
4.417000,59.998192
4.417100,60.001923
4.417200,59.996591
4.417300,59.994167
4.417400,59.993714
4.417500,60.003344
4.417600,60.015570
4.417700,60.011471
4.417800,60.009677
4.417900,60.017171
4.418000,60.011270
4.418100,60.008963
4.418200,60.003482
4.418300,60.003852
4.418400,60.003731
4.418500,60.006348
4.418600,60.005825
4.418700,60.005783
4.418800,60.005301
4.418900,60.005300
4.419000,60.005035
4.419100,60.005179
4.419200,60.004054
4.419300,60.002678
4.419400,60.003374
4.419500,60.002243
4.419600,60.001387
4.419700,60.001452
4.419800,60.002213
4.419900,60.004960
4.420000,60.003430
4.420100,60.005342
4.420200,60.008163
4.420300,60.008224
4.420400,60.008195
4.420500,60.008455
4.420600,60.008282
4.420700,60.011494
4.420800,60.012044
4.420900,60.012866
4.421000,60.015900
4.421100,60.015079
4.421200,60.014650
4.421300,60.011686
4.421400,60.008367
4.421500,60.004802
4.421600,60.008073
4.421700,60.011282
4.421800,60.012844
4.421900,60.010779
4.422000,60.013004
4.422100,60.011969
4.422200,60.014642
4.422300,60.016887
4.422400,60.014169
4.422500,60.013136
4.422600,60.009667
4.422700,60.006317
4.422800,60.009003
4.422900,60.010690
4.423000,60.010326
4.423100,60.005297
4.423200,60.004776
4.423300,60.006615
4.423400,60.002281
4.423500,59.998368
4.423600,60.001761
4.423700,59.995839
4.423800,60.002548
4.423900,59.994482
4.424000,59.997146
4.424100,59.988484
4.424200,59.982767
4.424300,59.984807
4.424400,59.982391
4.424500,59.985141
4.424600,59.992059
4.424700,59.985774
4.424800,59.988293
4.424900,59.992995
4.425000,59.986373
4.425100,59.983216
4.425200,59.991598
4.425300,59.991748
4.425400,59.982233
4.425500,59.985769
4.425600,59.981203
4.425700,59.982586
4.425800,59.984047
4.425900,59.990762
4.426000,59.983262
4.426100,59.992843
4.426200,59.991350
4.426300,59.984826
4.426400,59.985091
4.426500,59.980826
4.426600,59.982753
4.426700,59.986318
4.426800,59.987357
4.426900,59.987830
4.427000,59.987970
4.427100,59.988447
4.427200,59.988535
4.427300,59.988617
4.427400,59.988798
4.427500,59.988161
4.427600,59.989157
4.427700,59.989084
4.427800,59.989365
4.427900,59.989941
4.428000,59.990386
4.428100,59.992741
4.428200,59.994614
4.428300,59.992561
4.428400,59.992632
4.428500,59.994253
4.428600,59.995336
4.428700,59.998362
4.428800,59.997801
4.428900,59.998013
4.429000,60.000477
4.429100,59.999443
4.429200,60.002740
4.429300,59.999976
4.429400,59.998788
4.429500,59.995493
4.429600,59.992675
4.429700,59.992415
4.429800,59.990557
4.429900,59.987909
4.430000,59.991633
4.430100,59.994816
4.430200,59.992198
4.430300,59.990371
4.430400,59.994100
4.430500,59.993696
4.430600,59.997392
4.430700,59.997138
4.430800,59.997745
4.430900,59.998302
4.431000,60.001219
4.431100,60.004654
4.431200,60.001562
4.431300,59.999440
4.431400,60.000191
4.431500,59.998321
4.431600,59.993737
4.431700,59.990056
4.431800,59.996387
4.431900,59.994395
4.432000,60.000644
4.432100,60.000147
4.432200,59.997334
4.432300,59.995032
4.432400,60.000020
4.432500,60.003450
4.432600,60.002801
4.432700,59.998259
4.432800,59.988917
4.432900,59.986306
4.433000,59.985638
4.433100,59.992421
4.433200,59.982953
4.433300,59.993719
4.433400,59.987939
4.433500,59.975894
4.433600,59.966700
4.433700,59.970606
4.433800,59.979848
4.433900,59.985876
4.434000,59.975945
4.434100,59.984979
4.434200,59.984284
4.434300,59.993734
4.434400,59.991639
4.434500,60.001171
4.434600,59.994951
4.434700,59.991294
4.434800,59.993333
4.434900,59.992398
4.435000,59.993729
4.435100,59.995792
4.435200,59.994248
4.435300,59.995606
4.435400,59.995226
4.435500,59.995205
4.435600,59.994984
4.435700,59.995520
4.435800,59.995703
4.435900,59.997217
4.436000,59.995811
4.436100,59.996223
4.436200,59.995311
4.436300,59.997195
4.436400,59.996052
4.436500,59.996615
4.436600,59.997244
4.436700,59.998927
4.436800,59.999903
4.436900,59.997361
4.437000,59.995254
4.437100,59.993926
4.437200,59.996460
4.437300,59.995831
4.437400,59.994941
4.437500,59.992051
4.437600,59.993175
4.437700,59.996017
4.437800,59.993457
4.437900,59.992939
4.438000,59.994370
4.438100,59.996213
4.438200,59.999197
4.438300,59.997794
4.438400,59.999625
4.438500,59.999555
4.438600,59.996330
4.438700,59.998284
4.438800,59.997887
4.438900,59.995432
4.439000,59.997866
4.439100,59.997121
4.439200,60.001485
4.439300,60.000264
4.439400,60.003541
4.439500,60.000765
4.439600,60.002556
4.439700,60.002878
4.439800,60.006027
4.439900,60.002298
4.440000,60.002577
4.440100,60.005785
4.440200,60.010561
4.440300,60.005622
4.440400,60.007020
4.440500,60.002390
4.440600,60.000935
4.440700,59.997845
4.440800,59.988933
4.440900,59.984637
4.441000,59.975264
4.441100,59.977134
4.441200,59.968990
4.441300,59.961017
4.441400,59.968967
4.441500,59.974218
4.441600,59.973004
4.441700,59.972646
4.441800,59.966054
4.441900,59.953157
4.442000,59.963962
4.442100,59.976190
4.442200,59.988244
4.442300,59.979210
4.442400,59.974221
4.442500,59.981550
4.442600,59.991854
4.442700,59.995608
4.442800,59.985892
4.442900,59.987778
4.443000,59.988188
4.443100,59.982012
4.443200,59.979974
4.443300,59.983207
4.443400,59.985263
4.443500,59.983718
4.443600,59.981885
4.443700,59.983132
4.443800,59.982632
4.443900,59.982690
4.444000,59.982846
4.444100,59.983282
4.444200,59.982182
4.444300,59.981565
4.444400,59.982167
4.444500,59.981056
4.444600,59.982286
4.444700,59.981945
4.444800,59.981968
4.444900,59.984084
4.445000,59.986827
4.445100,59.985046
4.445200,59.985933
4.445300,59.985604
4.445400,59.985564
4.445500,59.986048
4.445600,59.989265
4.445700,59.987015
4.445800,59.983804
4.445900,59.984768
4.446000,59.981812
4.446100,59.980544
4.446200,59.981977
4.446300,59.980808
4.446400,59.977870
4.446500,59.976900
4.446600,59.980601
4.446700,59.979270
4.446800,59.982285
4.446900,59.983332
4.447000,59.981164
4.447100,59.977263
4.447200,59.977925
4.447300,59.979358
4.447400,59.976577
4.447500,59.978195
4.447600,59.974463
4.447700,59.972343
4.447800,59.971300
4.447900,59.975018
4.448000,59.975329
4.448100,59.973788
4.448200,59.979720
4.448300,59.981279
4.448400,59.977195
4.448500,59.974384
4.448600,59.976990
4.448700,59.981336
4.448800,59.980789
4.448900,59.983633
4.449000,59.982409
4.449100,59.977118
4.449200,59.974810
4.449300,59.980658
4.449400,59.980425
4.449500,59.988966
4.449600,59.991400
4.449700,60.000764
4.449800,60.001542
4.449900,59.992406
4.450000,60.000945
4.450100,60.009921
4.450200,60.016464
4.450300,60.008946
4.450400,60.017186
4.450500,60.012738
4.450600,60.005028
4.450700,60.017352
4.450800,60.005903
4.450900,60.014382
4.451000,60.018756
4.451100,60.026476
4.451200,60.021148
4.451300,60.019739
4.451400,60.017847
4.451500,60.023823
4.451600,60.024772
4.451700,60.025464
4.451800,60.026957
4.451900,60.029534
4.452000,60.028984
4.452100,60.027693
4.452200,60.027945
4.452300,60.027903
4.452400,60.028275
4.452500,60.028351
4.452600,60.028667
4.452700,60.027246
4.452800,60.028536
4.452900,60.029484
4.453000,60.030951
4.453100,60.029875
4.453200,60.031256
4.453300,60.028330
4.453400,60.028316
4.453500,60.027259
4.453600,60.029618
4.453700,60.028140
4.453800,60.029813
4.453900,60.030674
4.454000,60.029421
4.454100,60.028859
4.454200,60.027798
4.454300,60.026266
4.454400,60.028103
4.454500,60.028544
4.454600,60.029454
4.454700,60.031657
4.454800,60.034056
4.454900,60.037344
4.455000,60.034960
4.455100,60.035953
4.455200,60.034977
4.455300,60.031691
4.455400,60.032901
4.455500,60.031370
4.455600,60.032250
4.455700,60.036887
4.455800,60.033091
4.455900,60.028408
4.456000,60.032863
4.456100,60.034916
4.456200,60.031954
4.456300,60.026355
4.456400,60.026333
4.456500,60.024536
4.456600,60.029901
4.456700,60.027093
4.456800,60.028368
4.456900,60.031183
4.457000,60.033050
4.457100,60.032530
4.457200,60.034673
4.457300,60.042395
4.457400,60.033549
4.457500,60.025861
4.457600,60.035854
4.457700,60.030698
4.457800,60.026932
4.457900,60.026533
4.458000,60.021809
4.458100,60.034912
4.458200,60.025722
4.458300,60.031639
4.458400,60.041785
4.458500,60.040841
4.458600,60.025725
4.458700,60.028114
4.458800,60.022675
4.458900,60.018241
4.459000,60.009708
4.459100,60.002999
4.459200,59.998857
4.459300,59.999020
4.459400,60.001467
4.459500,60.009788
4.459600,60.010700
4.459700,60.011389
4.459800,60.013623
4.459900,60.012379
4.460000,60.013489
4.460100,60.012686
4.460200,60.012944
4.460300,60.011214
4.460400,60.011014
4.460500,60.011145
4.460600,60.011124
4.460700,60.010551
4.460800,60.010521
4.460900,60.011714
4.461000,60.011403
4.461100,60.009815
4.461200,60.008210
4.461300,60.005877
4.461400,60.005478
4.461500,60.006377
4.461600,60.008463
4.461700,60.009292
4.461800,60.011830
4.461900,60.009537
4.462000,60.012666
4.462100,60.015671
4.462200,60.016566
4.462300,60.016216
4.462400,60.014171
4.462500,60.011467
4.462600,60.011617
4.462700,60.015407
4.462800,60.014311
4.462900,60.013270
4.463000,60.010511
4.463100,60.007358
4.463200,60.010019
4.463300,60.012750
4.463400,60.011868
4.463500,60.014045
4.463600,60.010650
4.463700,60.011372
4.463800,60.008007
4.463900,60.011465
4.464000,60.008520
4.464100,60.006616
4.464200,60.008131
4.464300,60.006273
4.464400,60.008312
4.464500,60.010051
4.464600,60.005212
4.464700,60.005638
4.464800,60.005628
4.464900,60.004110
4.465000,59.999514
4.465100,59.993408
4.465200,59.994974
4.465300,59.997391
4.465400,60.004899
4.465500,60.003738
4.465600,60.000994
4.465700,59.994845
4.465800,59.988216
4.465900,59.993714
4.466000,59.990553
4.466100,59.988888
4.466200,59.984500
4.466300,59.992053
4.466400,60.000940
4.466500,60.011241
4.466600,60.008896
4.466700,60.010340
4.466800,60.004049
4.466900,59.995652
4.467000,60.003933
4.467100,59.995854
4.467200,60.008374
4.467300,60.011746
4.467400,60.023667
4.467500,60.013260
4.467600,60.009334
4.467700,60.013190
4.467800,60.021041
4.467900,60.022948
4.468000,60.027627
4.468100,60.021105
4.468200,60.018704
4.468300,60.019779
4.468400,60.019893
4.468500,60.020705
4.468600,60.019606
4.468700,60.019134
4.468800,60.019181
4.468900,60.019177
4.469000,60.019394
4.469100,60.019406
4.469200,60.019528
4.469300,60.020580
4.469400,60.020065
4.469500,60.019893
4.469600,60.021178
4.469700,60.023090
4.469800,60.023044
4.469900,60.022947
4.470000,60.022343
4.470100,60.024250
4.470200,60.026226
4.470300,60.027121
4.470400,60.028705
4.470500,60.031994
4.470600,60.029503
4.470700,60.030816
4.470800,60.027800
4.470900,60.030154
4.471000,60.028457
4.471100,60.025968
4.471200,60.026242
4.471300,60.023108
4.471400,60.024206
4.471500,60.025703
4.471600,60.026426
4.471700,60.022795
4.471800,60.026278
4.471900,60.026010
4.472000,60.027540
4.472100,60.030142
4.472200,60.029101
4.472300,60.032776
4.472400,60.029448
4.472500,60.028630
4.472600,60.027328
4.472700,60.026977
4.472800,60.026264
4.472900,60.022013
4.473000,60.024497
4.473100,60.021857
4.473200,60.018722
4.473300,60.019503
4.473400,60.017153
4.473500,60.020819
4.473600,60.019366
4.473700,60.025018
4.473800,60.021727
4.473900,60.016691
4.474000,60.012152
4.474100,60.009790
4.474200,60.004059
4.474300,60.002268
4.474400,60.006024
4.474500,59.994815
4.474600,59.984172
4.474700,59.975678
4.474800,59.974734
4.474900,59.983828
4.475000,59.981632
4.475100,59.982208
4.475200,59.968516
4.475300,59.971454
4.475400,59.958942
4.475500,59.957342
4.475600,59.969543
4.475700,59.974742
4.475800,59.976845
4.475900,59.973875
4.476000,59.962615
4.476100,59.970389
4.476200,59.972133
4.476300,59.972507
4.476400,59.979276
4.476500,59.975646
4.476600,59.970496
4.476700,59.969569
4.476800,59.969313
4.476900,59.968686
4.477000,59.968438
4.477100,59.968104
4.477200,59.968191
4.477300,59.968212
4.477400,59.968288
4.477500,59.967581
4.477600,59.966819
4.477700,59.967395
4.477800,59.967704
4.477900,59.968565
4.478000,59.967602
4.478100,59.965675
4.478200,59.963098
4.478300,59.962096
4.478400,59.959258
4.478500,59.962248
4.478600,59.962977
4.478700,59.966064
4.478800,59.968552
4.478900,59.967815
4.479000,59.970030
4.479100,59.970696
4.479200,59.970815
4.479300,59.967739
4.479400,59.968434
4.479500,59.971067
4.479600,59.968304
4.479700,59.967122
4.479800,59.963791
4.479900,59.963110
4.480000,59.966913
4.480100,59.965355
4.480200,59.968954
4.480300,59.967467
4.480400,59.970244
4.480500,59.972098
4.480600,59.970556
4.480700,59.971494
4.480800,59.976004
4.480900,59.973186
4.481000,59.974083
4.481100,59.978110
4.481200,59.974158
4.481300,59.971967
4.481400,59.971317
4.481500,59.966298
4.481600,59.968545
4.481700,59.969050
4.481800,59.968168
4.481900,59.961051
4.482000,59.956670
4.482100,59.964110
4.482200,59.964481
4.482300,59.964489
4.482400,59.959450
4.482500,59.961200
4.482600,59.966357
4.482700,59.957234
4.482800,59.961828
4.482900,59.965503
4.483000,59.973450
4.483100,59.971502
4.483200,59.959768
4.483300,59.954172
4.483400,59.952437
4.483500,59.963929
4.483600,59.965519
4.483700,59.973169
4.483800,59.984192
4.483900,59.993698
4.484000,59.991416
4.484100,59.992476
4.484200,59.993291
4.484300,59.988970
4.484400,59.990103
4.484500,59.986533
4.484600,59.987109
4.484700,59.981622
4.484800,59.987426
4.484900,59.983082
4.485000,59.979473
4.485100,59.980890
4.485200,59.983202
4.485300,59.983622
4.485400,59.983582
4.485500,59.983700
4.485600,59.983719
4.485700,59.984221
4.485800,59.985165
4.485900,59.983944
4.486000,59.982255
4.486100,59.982726
4.486200,59.983215
4.486300,59.984506
4.486400,59.984501
4.486500,59.987073
4.486600,59.985381
4.486700,59.987171
4.486800,59.986753
4.486900,59.986928
4.487000,59.986937
4.487100,59.988916
4.487200,59.992015
4.487300,59.989831
4.487400,59.988454
4.487500,59.989301
4.487600,59.986202
4.487700,59.989323
4.487800,59.989544
4.487900,59.989737
4.488000,59.989996
4.488100,59.986632
4.488200,59.985350
4.488300,59.982639
4.488400,59.983228
4.488500,59.981778
4.488600,59.985046
4.488700,59.986445
4.488800,59.989577
4.488900,59.992776
4.489000,59.989790
4.489100,59.986850
4.489200,59.985761
4.489300,59.981990
4.489400,59.981490
4.489500,59.979254
4.489600,59.982861
4.489700,59.987000
4.489800,59.992549
4.489900,59.987547
4.490000,59.989936
4.490100,59.992034
4.490200,59.994602
4.490300,59.993060
4.490400,59.993512
4.490500,59.986602
4.490600,59.984936
4.490700,59.983117
4.490800,59.983580
4.490900,59.992637
4.491000,59.983196
4.491100,59.993493
4.491200,59.985522
4.491300,59.978413
4.491400,59.971198
4.491500,59.966505
4.491600,59.965080
4.491700,59.961477
4.491800,59.961678
4.491900,59.955816
4.492000,59.955434
4.492100,59.961569
4.492200,59.965082
4.492300,59.971804
4.492400,59.975348
4.492500,59.979394
4.492600,59.975040
4.492700,59.981770
4.492800,59.982236
4.492900,59.975822
4.493000,59.979419
4.493100,59.972686
4.493200,59.969233
4.493300,59.970574
4.493400,59.970374
4.493500,59.972838
4.493600,59.973916
4.493700,59.972919
4.493800,59.972689
4.493900,59.972544
4.494000,59.972899
4.494100,59.972271
4.494200,59.973279
4.494300,59.972781
4.494400,59.971639
4.494500,59.971776
4.494600,59.970186
4.494700,59.971934
4.494800,59.970855
4.494900,59.970765
4.495000,59.970197
4.495100,59.967524
4.495200,59.970386
4.495300,59.968475
4.495400,59.967305
4.495500,59.969917
4.495600,59.969829
4.495700,59.967574
4.495800,59.964286
4.495900,59.967432
4.496000,59.968488
4.496100,59.968466
4.496200,59.970732
4.496300,59.967955
4.496400,59.967440
4.496500,59.968518
4.496600,59.968982
4.496700,59.971432
4.496800,59.968997
4.496900,59.967126
4.497000,59.971316
4.497100,59.972802
4.497200,59.969402
4.497300,59.971466
4.497400,59.971656
4.497500,59.974049
4.497600,59.976829
4.497700,59.977416
4.497800,59.972870
4.497900,59.969168
4.498000,59.963744
4.498100,59.966883
4.498200,59.968013
4.498300,59.973194
4.498400,59.977037
4.498500,59.979837
4.498600,59.979932
4.498700,59.973490
4.498800,59.968471
4.498900,59.973750
4.499000,59.972429
4.499100,59.979750
4.499200,59.978637
4.499300,59.981568
4.499400,59.975741
4.499500,59.971138
4.499600,59.964989
4.499700,59.966487
4.499800,59.959961
4.499900,59.971257
4.500000,59.982104
4.500100,59.994260
4.500200,59.988104
4.500300,59.993269
4.500400,60.001429
4.500500,59.997963
4.500600,59.984896
4.500700,59.985129
4.500800,59.994472
4.500900,59.982337
4.501000,59.979102
4.501100,59.972801
4.501200,59.977875
4.501300,59.970948
4.501400,59.965704
4.501500,59.967132
4.501600,59.970642
4.501700,59.967850
4.501800,59.970796
4.501900,59.972982
4.502000,59.973431
4.502100,59.974599
4.502200,59.974398
4.502300,59.974423
4.502400,59.974498
4.502500,59.974990
4.502600,59.975509
4.502700,59.977070
4.502800,59.975795
4.502900,59.975084
4.503000,59.973403
4.503100,59.973276
4.503200,59.974019
4.503300,59.972737
4.503400,59.975210
4.503500,59.972266
4.503600,59.970000
4.503700,59.968072
4.503800,59.970466
4.503900,59.969938
4.504000,59.972664
4.504100,59.975045
4.504200,59.975822
4.504300,59.978825
4.504400,59.976273
4.504500,59.976903
4.504600,59.977136
4.504700,59.974350
4.504800,59.972659
4.504900,59.975098
4.505000,59.971567
4.505100,59.974576
4.505200,59.974725
4.505300,59.975075
4.505400,59.978521
4.505500,59.980091
4.505600,59.983689
4.505700,59.982486
4.505800,59.981022
4.505900,59.985354
4.506000,59.982452
4.506100,59.978995
4.506200,59.977072
4.506300,59.972542
4.506400,59.970769
4.506500,59.964940
4.506600,59.965848
4.506700,59.964122
4.506800,59.964087
4.506900,59.969750
4.507000,59.972887
4.507100,59.965684
4.507200,59.969180
4.507300,59.976712
4.507400,59.985046
4.507500,59.992479
4.507600,59.983133
4.507700,59.989094
4.507800,59.991323
4.507900,59.993182
4.508000,59.994430
4.508100,59.987937
4.508200,59.991378
4.508300,59.982734
4.508400,59.976223
4.508500,59.976386
4.508600,59.973099
4.508700,59.982683
4.508800,59.992172
4.508900,59.980645
4.509000,59.971111
4.509100,59.969069
4.509200,59.961146
4.509300,59.968641
4.509400,59.973042
4.509500,59.978828
4.509600,59.981085
4.509700,59.980609
4.509800,59.974388
4.509900,59.969828
4.510000,59.968325
4.510100,59.970147
4.510200,59.973259
4.510300,59.972373
4.510400,59.971133
4.510500,59.971879
4.510600,59.972148
4.510700,59.972104
4.510800,59.971863
4.510900,59.971578
4.511000,59.970939
4.511100,59.971461
4.511200,59.972925
4.511300,59.972017
4.511400,59.971947
4.511500,59.974417
4.511600,59.975123
4.511700,59.975554
4.511800,59.973994
4.511900,59.972322
4.512000,59.973226
4.512100,59.972471
4.512200,59.973041
4.512300,59.970643
4.512400,59.968173
4.512500,59.969385
4.512600,59.967727
4.512700,59.971142
4.512800,59.972046
4.512900,59.969302
4.513000,59.972022
4.513100,59.972070
4.513200,59.972010
4.513300,59.971925
4.513400,59.968481
4.513500,59.970872
4.513600,59.973671
4.513700,59.970576
4.513800,59.972760
4.513900,59.972087
4.514000,59.972057
4.514100,59.973554
4.514200,59.971578
4.514300,59.972262
4.514400,59.968159
4.514500,59.966406
4.514600,59.968404
4.514700,59.968188
4.514800,59.963709
4.514900,59.966471
4.515000,59.960614
4.515100,59.964285
4.515200,59.970784
4.515300,59.974560
4.515400,59.967694
4.515500,59.963546
4.515600,59.963925
4.515700,59.966821
4.515800,59.967508
4.515900,59.977142
4.516000,59.971208
4.516100,59.961643
4.516200,59.967402
4.516300,59.968801
4.516400,59.977911
4.516500,59.970404
4.516600,59.966889
4.516700,59.970691
4.516800,59.965073
4.516900,59.970416
4.517000,59.965472
4.517100,59.969900
4.517200,59.964878
4.517300,59.968638
4.517400,59.981298
4.517500,59.978486
4.517600,59.975273
4.517700,59.985803
4.517800,59.987593
4.517900,59.987436
4.518000,59.988237
4.518100,59.992694
4.518200,59.992290
4.518300,59.990509
4.518400,59.988073
4.518500,59.991461
4.518600,59.988825
4.518700,59.987510
4.518800,59.987583
4.518900,59.987440
4.519000,59.987413
4.519100,59.987513
4.519200,59.987089
4.519300,59.987183
4.519400,59.987996
4.519500,59.988022
4.519600,59.987125
4.519700,59.985424
4.519800,59.985401
4.519900,59.986180
4.520000,59.987387
4.520100,59.986193
4.520200,59.987087
4.520300,59.989469
4.520400,59.986061
4.520500,59.988659
4.520600,59.988646
4.520700,59.991523
4.520800,59.994942
4.520900,59.993761
4.521000,59.993275
4.521100,59.993145
4.521200,59.993862
4.521300,59.993776
4.521400,59.991159
4.521500,59.989758
4.521600,59.991578
4.521700,59.993617
4.521800,59.996069
4.521900,59.993178
4.522000,59.993344
4.522100,59.994419
4.522200,59.993974
4.522300,59.997566
4.522400,59.999903
4.522500,59.997439
4.522600,59.993391
4.522700,59.992801
4.522800,59.988439
4.522900,59.992367
4.523000,59.988147
4.523100,59.991269
4.523200,59.994506
4.523300,60.000075
4.523400,59.996786
4.523500,60.001653
4.523600,60.005842
4.523700,60.011203
4.523800,60.011525
4.523900,60.018397
4.524000,60.016235
4.524100,60.017246
4.524200,60.015200
4.524300,60.020806
4.524400,60.012133
4.524500,60.013490
4.524600,60.007421
4.524700,60.011647
4.524800,60.023382
4.524900,60.012143
4.525000,60.025660
4.525100,60.024849
4.525200,60.020465
4.525300,60.007360
4.525400,60.018576
4.525500,60.010846
4.525600,60.011723
4.525700,60.012759
4.525800,60.003510
4.525900,60.000498
4.526000,59.989913
4.526100,59.985342
4.526200,59.988189
4.526300,59.994101
4.526400,60.000112
4.526500,60.006118
4.526600,60.009697
4.526700,60.005298
4.526800,60.003733
4.526900,60.005481
4.527000,60.006199
4.527100,60.006960
4.527200,60.007584
4.527300,60.007430
4.527400,60.007737
4.527500,60.008298
4.527600,60.009127
4.527700,60.007558
4.527800,60.007348
4.527900,60.008057
4.528000,60.007637
4.528100,60.006591
4.528200,60.008776
4.528300,60.008817
4.528400,60.008729
4.528500,60.008311
4.528600,60.007442
4.528700,60.004891
4.528800,60.007191
4.528900,60.008509
4.529000,60.007783
4.529100,60.004793
4.529200,60.006280
4.529300,60.002808
4.529400,60.003047
4.529500,60.005492
4.529600,60.004035
4.529700,60.001675
4.529800,60.001920
4.529900,59.999158
4.530000,59.998760
4.530100,59.999272
4.530200,60.003125
4.530300,60.005106
4.530400,60.002516
4.530500,60.006508
4.530600,60.008473
4.530700,60.009082
4.530800,60.007964
4.530900,60.007747
4.531000,60.012676
4.531100,60.010845
4.531200,60.015178
4.531300,60.013239
4.531400,60.011786
4.531500,60.006886
4.531600,60.010898
4.531700,60.008552
4.531800,60.006198
4.531900,60.000503
4.532000,60.004258
4.532100,59.999326
4.532200,60.000912
4.532300,60.007702
4.532400,60.016065
4.532500,60.008577
4.532600,60.005982
4.532700,59.996808
4.532800,60.003530
4.532900,59.994787
4.533000,59.986929
4.533100,59.995357
4.533200,59.999456
4.533300,60.009078
4.533400,60.013973
4.533500,60.016592
4.533600,60.002470
4.533700,59.993399
4.533800,59.985521
4.533900,59.990227
4.534000,59.987839
4.534100,59.985871
4.534200,59.997952
4.534300,60.004757
4.534400,59.995175
4.534500,59.985548
4.534600,59.988316
4.534700,59.984235
4.534800,59.988150
4.534900,59.992485
4.535000,59.992428
4.535100,59.993319
4.535200,59.996400
4.535300,59.998625
4.535400,59.998602
4.535500,59.998887
4.535600,59.999067
4.535700,59.998987
4.535800,59.998591
4.535900,59.999246
4.536000,59.998883
4.536100,59.999951
4.536200,60.001420
4.536300,60.002723
4.536400,60.002278
4.536500,60.000225
4.536600,60.001367
4.536700,60.001813
4.536800,60.001185
4.536900,60.003144
4.537000,60.006343
4.537100,60.004699
4.537200,60.003305
4.537300,60.002998
4.537400,60.002644
4.537500,60.000376
4.537600,60.000909
4.537700,60.001116
4.537800,60.001366
4.537900,60.003169
4.538000,60.002200
4.538100,60.002873
4.538200,60.005815
4.538300,60.003891
4.538400,60.003463
4.538500,60.001613
4.538600,60.004940
4.538700,60.003670
4.538800,60.000135
4.538900,60.004657
4.539000,60.003933
4.539100,59.999367
4.539200,60.001651
4.539300,60.002183
4.539400,59.999301
4.539500,60.000145
4.539600,59.996095
4.539700,59.997019
4.539800,59.993479
4.539900,59.993708
4.540000,59.992183
4.540100,59.996750
4.540200,59.998266
4.540300,60.003097
4.540400,60.000670
4.540500,60.009012
4.540600,60.009941
4.540700,60.006158
4.540800,60.014073
4.540900,60.007726
4.541000,60.002586
4.541100,60.012329
4.541200,60.010048
4.541300,60.007379
4.541400,60.015121
4.541500,60.004662
4.541600,60.011099
4.541700,60.013763
4.541800,60.021040
4.541900,60.009051
4.542000,60.019033
4.542100,60.015681
4.542200,60.026477
4.542300,60.014087
4.542400,60.023020
4.542500,60.030385
4.542600,60.021738
4.542700,60.028769
4.542800,60.038855
4.542900,60.033763
4.543000,60.031172
4.543100,60.026130
4.543200,60.029120
4.543300,60.027912
4.543400,60.024168
4.543500,60.021856
4.543600,60.023812
4.543700,60.021973
4.543800,60.022117
4.543900,60.021871
4.544000,60.021879
4.544100,60.022276
4.544200,60.022596
4.544300,60.022412
4.544400,60.022560
4.544500,60.022212
4.544600,60.021341
4.544700,60.021544
4.544800,60.020261
4.544900,60.017959
4.545000,60.015750
4.545100,60.016993
4.545200,60.016907
4.545300,60.018360
4.545400,60.015917
4.545500,60.017741
4.545600,60.014788
4.545700,60.016605
4.545800,60.016727
4.545900,60.014983
4.546000,60.016050
4.546100,60.016224
4.546200,60.019649
4.546300,60.016625
4.546400,60.017979
4.546500,60.015493
4.546600,60.015448
4.546700,60.018993
4.546800,60.019762
4.546900,60.016727
4.547000,60.016245
4.547100,60.019539
4.547200,60.016924
4.547300,60.013795
4.547400,60.016791
4.547500,60.015689
4.547600,60.016911
4.547700,60.015011
4.547800,60.015746
4.547900,60.019746
4.548000,60.018950
4.548100,60.015383
4.548200,60.013309
4.548300,60.018405
4.548400,60.012043
4.548500,60.016870
4.548600,60.015436
4.548700,60.021973
4.548800,60.022712
4.548900,60.028605
4.549000,60.037177
4.549100,60.042255
4.549200,60.033575
4.549300,60.027700
4.549400,60.032529
4.549500,60.028232
4.549600,60.029358
4.549700,60.027887
4.549800,60.035457
4.549900,60.036512
4.550000,60.024112
4.550100,60.025699
4.550200,60.018685
4.550300,60.029420
4.550400,60.036678
4.550500,60.048446
4.550600,60.051627
4.550700,60.047883
4.550800,60.057025
4.550900,60.046375
4.551000,60.051891
4.551100,60.041780
4.551200,60.042871
4.551300,60.040033
4.551400,60.045066
4.551500,60.044844
4.551600,60.045103
4.551700,60.045576
4.551800,60.048937
4.551900,60.049844
4.552000,60.051510
4.552100,60.051356
4.552200,60.051492
4.552300,60.051504
4.552400,60.051869
4.552500,60.051350
4.552600,60.052587
4.552700,60.051642
4.552800,60.052072
4.552900,60.053132
4.553000,60.053576
4.553100,60.053713
4.553200,60.054651
4.553300,60.052717
4.553400,60.054190
4.553500,60.055495
4.553600,60.058259
4.553700,60.055922
4.553800,60.053112
4.553900,60.055907
4.554000,60.052830
4.554100,60.056253
4.554200,60.059061
4.554300,60.056973
4.554400,60.060557
4.554500,60.063487
4.554600,60.063209
4.554700,60.060852
4.554800,60.057057
4.554900,60.056721
4.555000,60.055371
4.555100,60.056298
4.555200,60.052739
4.555300,60.054266
4.555400,60.054056
4.555500,60.053157
4.555600,60.049189
4.555700,60.052954
4.555800,60.054146
4.555900,60.053980
4.556000,60.052951
4.556100,60.053876
4.556200,60.056632
4.556300,60.059180
4.556400,60.064357
4.556500,60.068709
4.556600,60.067066
4.556700,60.060995
4.556800,60.064629
4.556900,60.061096
4.557000,60.058990
4.557100,60.057834
4.557200,60.058375
4.557300,60.062363
4.557400,60.068076
4.557500,60.059539
4.557600,60.064648
4.557700,60.064573
4.557800,60.067841
4.557900,60.080149
4.558000,60.092281
4.558100,60.095149
4.558200,60.098550
4.558300,60.103031
4.558400,60.095090
4.558500,60.085247
4.558600,60.088770
4.558700,60.087776
4.558800,60.095968
4.558900,60.093714
4.559000,60.107414
4.559100,60.097304
4.559200,60.085083
4.559300,60.090219
4.559400,60.083664
4.559500,60.083775
4.559600,60.089991
4.559700,60.086343
4.559800,60.091545
4.559900,60.088966
4.560000,60.093176
4.560100,60.090902
4.560200,60.090593
4.560300,60.090121
4.560400,60.090524
4.560500,60.090630
4.560600,60.090632
4.560700,60.090859
4.560800,60.090365
4.560900,60.089721
4.561000,60.089396
4.561100,60.088154
4.561200,60.089525
4.561300,60.090078
4.561400,60.088280
4.561500,60.088245
4.561600,60.089246
4.561700,60.086322
4.561800,60.084829
4.561900,60.084032
4.562000,60.084785
4.562100,60.084818
4.562200,60.081601
4.562300,60.082503
4.562400,60.084818
4.562500,60.082281
4.562600,60.082258
4.562700,60.084364
4.562800,60.086588
4.562900,60.087954
4.563000,60.085962
4.563100,60.087437
4.563200,60.088601
4.563300,60.088104
4.563400,60.086134
4.563500,60.087972
4.563600,60.084674
4.563700,60.086141
4.563800,60.086059
4.563900,60.085839
4.564000,60.084329
4.564100,60.082200
4.564200,60.085584
4.564300,60.083538
4.564400,60.078580
4.564500,60.082518
4.564600,60.085926
4.564700,60.080660
4.564800,60.076352
4.564900,60.080051
4.565000,60.074736
4.565100,60.081453
4.565200,60.084993
4.565300,60.087411
4.565400,60.093621
4.565500,60.097132
4.565600,60.093970
4.565700,60.089518
4.565800,60.080931
4.565900,60.076410
4.566000,60.075871
4.566100,60.081173
4.566200,60.088977
4.566300,60.079952
4.566400,60.087958
4.566500,60.076901
4.566600,60.080780
4.566700,60.067476
4.566800,60.075387
4.566900,60.077459
4.567000,60.066784
4.567100,60.058223
4.567200,60.051081
4.567300,60.038944
4.567400,60.044012
4.567500,60.035089
4.567600,60.033156
4.567700,60.023560
4.567800,60.033061
4.567900,60.035301
4.568000,60.039316
4.568100,60.033944
4.568200,60.035959
4.568300,60.035174
4.568400,60.033266
4.568500,60.032991
4.568600,60.034037
4.568700,60.034036
4.568800,60.033354
4.568900,60.033482
4.569000,60.033491
4.569100,60.033972
4.569200,60.033964
4.569300,60.034943
4.569400,60.034343
4.569500,60.034138
4.569600,60.034266
4.569700,60.032224
4.569800,60.031986
4.569900,60.032183
4.570000,60.030427
4.570100,60.029056
4.570200,60.031051
4.570300,60.028237
4.570400,60.027112
4.570500,60.028591
4.570600,60.028441
4.570700,60.025669
4.570800,60.025001
4.570900,60.026326
4.571000,60.024701
4.571100,60.025930
4.571200,60.023389
4.571300,60.026013
4.571400,60.025031
4.571500,60.025936
4.571600,60.028948
4.571700,60.030733
4.571800,60.031405
4.571900,60.030955
4.572000,60.027485
4.572100,60.031275
4.572200,60.031494
4.572300,60.033828
4.572400,60.031364
4.572500,60.031418
4.572600,60.032093
4.572700,60.028496
4.572800,60.029842
4.572900,60.032316
4.573000,60.026590
4.573100,60.020709
4.573200,60.015631
4.573300,60.016065
4.573400,60.021707
4.573500,60.019703
4.573600,60.018104
4.573700,60.012542
4.573800,60.012877
4.573900,60.010327
4.574000,60.009744
4.574100,60.004038
4.574200,60.014244
4.574300,60.020621
4.574400,60.028871
4.574500,60.030984
4.574600,60.037812
4.574700,60.050767
4.574800,60.037816
4.574900,60.025595
4.575000,60.015400
4.575100,60.011785
4.575200,59.999529
4.575300,60.004543
4.575400,60.012123
4.575500,60.006590
4.575600,59.997681
4.575700,59.998690
4.575800,59.998061
4.575900,59.995127
4.576000,59.990115
4.576100,59.985013
4.576200,59.981080
4.576300,59.974581
4.576400,59.976952
4.576500,59.976110
4.576600,59.979347
4.576700,59.983199
4.576800,59.983874
4.576900,59.983302
4.577000,59.981657
4.577100,59.981359
4.577200,59.981258
4.577300,59.981626
4.577400,59.981888
4.577500,59.981522
4.577600,59.980238
4.577700,59.980711
4.577800,59.981853
4.577900,59.982318
4.578000,59.982475
4.578100,59.985131
4.578200,59.984794
4.578300,59.982031
4.578400,59.982020
4.578500,59.979656
4.578600,59.978768
4.578700,59.981308
4.578800,59.978774
4.578900,59.977118
4.579000,59.979295
4.579100,59.977946
4.579200,59.976070
4.579300,59.973700
4.579400,59.972976
4.579500,59.972439
4.579600,59.974889
4.579700,59.973966
4.579800,59.975230
4.579900,59.973293
4.580000,59.969629
4.580100,59.970151
4.580200,59.966393
4.580300,59.966580
4.580400,59.966496
4.580500,59.963915
4.580600,59.966085
4.580700,59.968153
4.580800,59.969335
4.580900,59.970174
4.581000,59.969212
4.581100,59.971479
4.581200,59.974487
4.581300,59.969963
4.581400,59.965969
4.581500,59.964499
4.581600,59.968553
4.581700,59.963967
4.581800,59.967808
4.581900,59.970778
4.582000,59.972057
4.582100,59.970299
4.582200,59.970495
4.582300,59.967824
4.582400,59.968531
4.582500,59.958788
4.582600,59.962021
4.582700,59.970830
4.582800,59.968549
4.582900,59.967858
4.583000,59.964358
4.583100,59.960400
4.583200,59.955083
4.583300,59.942949
4.583400,59.946887
4.583500,59.961045
4.583600,59.975259
4.583700,59.969554
4.583800,59.976447
4.583900,59.963982
4.584000,59.954279
4.584100,59.962263
4.584200,59.956388
4.584300,59.958397
4.584400,59.947922
4.584500,59.942197
4.584600,59.948523
4.584700,59.941716
4.584800,59.943621
4.584900,59.941000
4.585000,59.938040
4.585100,59.940652
4.585200,59.942244
4.585300,59.943588
4.585400,59.942498
4.585500,59.942192
4.585600,59.942302
4.585700,59.942150
4.585800,59.942022
4.585900,59.942966
4.586000,59.942523
4.586100,59.942030
4.586200,59.940227
4.586300,59.939898
4.586400,59.938786
4.586500,59.940541
4.586600,59.942724
4.586700,59.942175
4.586800,59.942127
4.586900,59.939525
4.587000,59.937246
4.587100,59.936197
4.587200,59.936576
4.587300,59.938244
4.587400,59.939399
4.587500,59.936365
4.587600,59.933585
4.587700,59.934094
4.587800,59.937161
4.587900,59.936402
4.588000,59.939479
4.588100,59.936671
4.588200,59.939820
4.588300,59.939589
4.588400,59.940009
4.588500,59.941494
4.588600,59.942102
4.588700,59.945483
4.588800,59.942962
4.588900,59.942598
4.589000,59.940444
4.589100,59.944180
4.589200,59.940904
4.589300,59.938754
4.589400,59.935145
4.589500,59.939885
4.589600,59.943987
4.589700,59.940917
4.589800,59.937978
4.589900,59.938549
4.590000,59.940146
4.590100,59.939044
4.590200,59.940142
4.590300,59.941717
4.590400,59.941088
4.590500,59.940905
4.590600,59.942049
4.590700,59.949481
4.590800,59.950606
4.590900,59.959144
4.591000,59.958452
4.591100,59.968643
4.591200,59.958426
4.591300,59.955026
4.591400,59.961752
4.591500,59.960529
4.591600,59.950443
4.591700,59.952227
4.591800,59.941013
4.591900,59.942538
4.592000,59.944374
4.592100,59.943007
4.592200,59.940457
4.592300,59.929995
4.592400,59.916590
4.592500,59.923976
4.592600,59.926904
4.592700,59.936900
4.592800,59.936552
4.592900,59.943281
4.593000,59.939113
4.593100,59.946314
4.593200,59.943564
4.593300,59.947029
4.593400,59.950323
4.593500,59.949295
4.593600,59.947681
4.593700,59.949045
4.593800,59.949162
4.593900,59.949282
4.594000,59.949306
4.594100,59.949291
4.594200,59.949373
4.594300,59.950513
4.594400,59.951387
4.594500,59.950006
4.594600,59.948746
4.594700,59.950358
4.594800,59.951481
4.594900,59.950949
4.595000,59.951407
4.595100,59.950814
4.595200,59.953853
4.595300,59.951639
4.595400,59.950839
4.595500,59.952851
4.595600,59.954097
4.595700,59.950790
4.595800,59.953351
4.595900,59.953224
4.596000,59.953145
4.596100,59.950779
4.596200,59.949993
4.596300,59.947476
4.596400,59.946554
4.596500,59.948483
4.596600,59.946623
4.596700,59.947543
4.596800,59.951255
4.596900,59.952072
4.597000,59.955100
4.597100,59.951876
4.597200,59.954141
4.597300,59.952440
4.597400,59.951723
4.597500,59.952883
4.597600,59.956555
4.597700,59.961256
4.597800,59.963383
4.597900,59.964364
4.598000,59.960160
4.598100,59.957432
4.598200,59.955782
4.598300,59.955449
4.598400,59.960217
4.598500,59.962928
4.598600,59.956327
4.598700,59.956295
4.598800,59.962701
4.598900,59.959692
4.599000,59.960649
4.599100,59.966207
4.599200,59.962660
4.599300,59.955423
4.599400,59.949352
4.599500,59.940703
4.599600,59.950131
4.599700,59.944777
4.599800,59.947342
4.599900,59.938183
4.600000,59.925415
4.600100,59.913863
4.600200,59.904857
4.600300,59.911565
4.600400,59.922207
4.600500,59.921765
4.600600,59.927834
4.600700,59.917118
4.600800,59.915245
4.600900,59.917511
4.601000,59.925584
4.601100,59.922199
4.601200,59.929663
4.601300,59.933753
4.601400,59.941763
4.601500,59.935690
4.601600,59.939867
4.601700,59.938668
4.601800,59.942794
4.601900,59.940078
4.602000,59.939920
4.602100,59.940189
4.602200,59.941625
4.602300,59.941399
4.602400,59.941487
4.602500,59.941468
4.602600,59.941005
4.602700,59.941824
4.602800,59.940894
4.602900,59.941984
4.603000,59.943239
4.603100,59.944133
4.603200,59.944537
4.603300,59.945800
4.603400,59.947494
4.603500,59.948051
4.603600,59.948010
4.603700,59.947062
4.603800,59.945528
4.603900,59.943395
4.604000,59.942911
4.604100,59.943356
4.604200,59.942043
4.604300,59.940721
4.604400,59.943630
4.604500,59.944906
4.604600,59.942942
4.604700,59.946216
4.604800,59.945558
4.604900,59.943311
4.605000,59.944852
4.605100,59.945962
4.605200,59.944369
4.605300,59.944528
4.605400,59.944494
4.605500,59.945965
4.605600,59.948950
4.605700,59.944971
4.605800,59.942017
4.605900,59.937911
4.606000,59.936828
4.606100,59.933800
4.606200,59.934563
4.606300,59.940126
4.606400,59.942188
4.606500,59.945456
4.606600,59.941364
4.606700,59.937266
4.606800,59.932351
4.606900,59.926996
4.607000,59.928610
4.607100,59.929814
4.607200,59.928232
4.607300,59.920091
4.607400,59.919349
4.607500,59.921027
4.607600,59.915669
4.607700,59.910950
4.607800,59.912136
4.607900,59.918356
4.608000,59.910935
4.608100,59.923078
4.608200,59.923139
4.608300,59.932860
4.608400,59.938085
4.608500,59.947524
4.608600,59.938359
4.608700,59.937832
4.608800,59.941406
4.608900,59.948010
4.609000,59.950604
4.609100,59.964187
4.609200,59.970130
4.609300,59.964852
4.609400,59.971298
4.609500,59.981048
4.609600,59.973402
4.609700,59.968870
4.609800,59.969039
4.609900,59.969151
4.610000,59.966133
4.610100,59.968196
4.610200,59.968751
4.610300,59.969743
4.610400,59.968898
4.610500,59.968746
4.610600,59.968752
4.610700,59.968798
4.610800,59.968558
4.610900,59.969302
4.611000,59.970283
4.611100,59.971161
4.611200,59.971703
4.611300,59.973515
4.611400,59.972082
4.611500,59.971080
4.611600,59.968837
4.611700,59.968764
4.611800,59.971074
4.611900,59.969521
4.612000,59.971616
4.612100,59.972353
4.612200,59.971262
4.612300,59.970603
4.612400,59.971846
4.612500,59.973084
4.612600,59.973018
4.612700,59.970802
4.612800,59.969274
4.612900,59.967980
4.613000,59.970635
4.613100,59.968959
4.613200,59.966453
4.613300,59.969638
4.613400,59.972295
4.613500,59.972687
4.613600,59.973504
4.613700,59.973481
4.613800,59.970966
4.613900,59.974132
4.614000,59.973549
4.614100,59.975734
4.614200,59.974053
4.614300,59.969464
4.614400,59.972459
4.614500,59.977514
4.614600,59.982572
4.614700,59.982708
4.614800,59.982600
4.614900,59.978383
4.615000,59.980971
4.615100,59.978917
4.615200,59.979958
4.615300,59.977868
4.615400,59.984645
4.615500,59.981038
4.615600,59.976965
4.615700,59.972302
4.615800,59.970859
4.615900,59.972848
4.616000,59.972502
4.616100,59.976843
4.616200,59.980100
4.616300,59.991559
4.616400,59.999771
4.616500,59.994101
4.616600,60.005997
4.616700,60.002164
4.616800,60.014336
4.616900,60.008181
4.617000,60.010380
4.617100,59.996472
4.617200,59.988592
4.617300,59.995724
4.617400,59.990809
4.617500,59.992003
4.617600,59.997243
4.617700,60.006380
4.617800,60.011420
4.617900,60.010271
4.618000,60.007775
4.618100,60.012514
4.618200,60.013664
4.618300,60.010154
4.618400,60.008939
4.618500,60.008640
4.618600,60.009530
4.618700,60.010090
4.618800,60.010111
4.618900,60.010062
4.619000,60.010430
4.619100,60.009981
4.619200,60.011117
4.619300,60.012217
4.619400,60.010853
4.619500,60.009150
4.619600,60.008911
4.619700,60.007433
4.619800,60.007013
4.619900,60.009612
4.620000,60.009447
4.620100,60.010733
4.620200,60.007687
4.620300,60.010811
4.620400,60.013229
4.620500,60.011325
4.620600,60.012781
4.620700,60.010105
4.620800,60.009882
4.620900,60.012932
4.621000,60.013523
4.621100,60.012215
4.621200,60.010700
4.621300,60.009509
4.621400,60.007013
4.621500,60.009464
4.621600,60.006020
4.621700,60.003142
4.621800,60.004738
4.621900,60.002284
4.622000,60.004464
4.622100,60.008683
4.622200,60.005254
4.622300,60.003853
4.622400,60.006246
4.622500,60.008393
4.622600,60.008068
4.622700,60.008909
4.622800,60.004317
4.622900,60.003283
4.623000,60.003423
4.623100,60.002645
4.623200,60.004711
4.623300,60.001539
4.623400,59.995842
4.623500,60.001514
4.623600,60.006207
4.623700,60.012182
4.623800,60.015283
4.623900,60.016446
4.624000,60.012046
4.624100,60.012089
4.624200,60.019611
4.624300,60.011888
4.624400,60.005786
4.624500,60.002155
4.624600,60.009374
4.624700,60.009155
4.624800,59.997967
4.624900,60.006327
4.625000,60.012166
4.625100,59.999407
4.625200,59.998879
4.625300,59.985393
4.625400,59.987708
4.625500,59.975537
4.625600,59.975253
4.625700,59.973091
4.625800,59.976298
4.625900,59.981930
4.626000,59.993042
4.626100,59.989992
4.626200,59.989440
4.626300,59.992763
4.626400,59.986040
4.626500,59.985905
4.626600,59.990211
4.626700,59.994167
4.626800,59.994668
4.626900,59.993005
4.627000,59.991557
4.627100,59.990530
4.627200,59.990341
4.627300,59.990215
4.627400,59.990596
4.627500,59.989487
4.627600,59.990424
4.627700,59.990227
4.627800,59.989024
4.627900,59.987744
4.628000,59.988309
4.628100,59.987430
4.628200,59.986501
4.628300,59.986468
4.628400,59.987485
4.628500,59.990033
4.628600,59.987072
4.628700,59.984938
4.628800,59.984022
4.628900,59.984744
4.629000,59.985683
4.629100,59.983896
4.629200,59.983982
4.629300,59.983571
4.629400,59.984623
4.629500,59.982735
4.629600,59.983461
4.629700,59.986750
4.629800,59.988580
4.629900,59.990874
4.630000,59.988846
4.630100,59.991999
4.630200,59.994330
4.630300,59.992614
4.630400,59.996169
4.630500,59.998113
4.630600,60.000570
4.630700,60.004522
4.630800,60.006351
4.630900,60.007694
4.631000,60.004550
4.631100,60.005728
4.631200,60.009962
4.631300,60.005546
4.631400,60.006497
4.631500,60.006461
4.631600,60.004889
4.631700,60.009461
4.631800,60.012746
4.631900,60.017053
4.632000,60.014516
4.632100,60.018614
4.632200,60.014176
4.632300,60.022042
4.632400,60.018498
4.632500,60.016754
4.632600,60.009455
4.632700,60.013199
4.632800,60.014155
4.632900,60.010773
4.633000,60.007429
4.633100,60.001330
4.633200,59.997198
4.633300,59.996016
4.633400,59.990527
4.633500,59.980278
4.633600,59.981431
4.633700,59.990765
4.633800,59.978554
4.633900,59.986222
4.634000,59.972605
4.634100,59.984952
4.634200,59.979150
4.634300,59.981624
4.634400,59.982735
4.634500,59.989352
4.634600,59.982804
4.634700,59.985347
4.634800,59.982698
4.634900,59.985339
4.635000,59.988255
4.635100,59.985432
4.635200,59.986645
4.635300,59.988680
4.635400,59.989482
4.635500,59.989058
4.635600,59.989111
4.635700,59.988897
4.635800,59.989111
4.635900,59.988820
4.636000,59.987488
4.636100,59.987762
4.636200,59.988689
4.636300,59.987143
4.636400,59.986535
4.636500,59.984743
4.636600,59.987107
4.636700,59.989003
4.636800,59.986234
4.636900,59.985683
4.637000,59.987985
4.637100,59.986709
4.637200,59.988062
4.637300,59.987492
4.637400,59.990188
4.637500,59.987664
4.637600,59.989483
4.637700,59.993143
4.637800,59.994123
4.637900,59.995431
4.638000,59.992715
4.638100,59.995741
4.638200,59.998305
4.638300,59.996059
4.638400,59.994557
4.638500,59.993404
4.638600,59.990512
4.638700,59.988682
4.638800,59.987541
4.638900,59.991224
4.639000,59.993550
4.639100,59.994883
4.639200,59.995361
4.639300,59.995283
4.639400,59.991877
4.639500,59.990864
4.639600,59.987079
4.639700,59.990670
4.639800,59.994898
4.639900,59.989488
4.640000,59.991296
4.640100,59.991199
4.640200,59.990055
4.640300,59.993113
4.640400,59.990132
4.640500,59.982255
4.640600,59.987321
4.640700,59.982669
4.640800,59.989065
4.640900,59.983593
4.641000,59.989789
4.641100,59.999837
4.641200,60.009413
4.641300,60.017052
4.641400,60.016309
4.641500,60.019919
4.641600,60.029222
4.641700,60.036687
4.641800,60.044428
4.641900,60.038704
4.642000,60.030023
4.642100,60.025390
4.642200,60.037490
4.642300,60.046340
4.642400,60.045332
4.642500,60.033450
4.642600,60.031366
4.642700,60.032136
4.642800,60.031774
4.642900,60.031985
4.643000,60.038002
4.643100,60.040931
4.643200,60.043731
4.643300,60.038608
4.643400,60.037976
4.643500,60.038143
4.643600,60.039420
4.643700,60.040892
4.643800,60.042134
4.643900,60.042061
4.644000,60.041985
4.644100,60.041902
4.644200,60.041084
4.644300,60.041466
4.644400,60.040931
4.644500,60.040654
4.644600,60.040917
4.644700,60.041222
4.644800,60.043275
4.644900,60.045371
4.645000,60.045618
4.645100,60.046094
4.645200,60.046271
4.645300,60.043986
4.645400,60.047282
4.645500,60.045722
4.645600,60.048252
4.645700,60.046411
4.645800,60.044038
4.645900,60.046745
4.646000,60.047565
4.646100,60.049596
4.646200,60.053040
4.646300,60.052184
4.646400,60.049368
4.646500,60.052005
4.646600,60.054284
4.646700,60.055992
4.646800,60.052923
4.646900,60.050280
4.647000,60.051833
4.647100,60.048149
4.647200,60.045869
4.647300,60.050173
4.647400,60.051870
4.647500,60.054536
4.647600,60.051015
4.647700,60.051688
4.647800,60.049471
4.647900,60.047422
4.648000,60.052931
4.648100,60.056686
4.648200,60.061258
4.648300,60.060603
4.648400,60.058525
4.648500,60.060654
4.648600,60.060463
4.648700,60.065721
4.648800,60.071662
4.648900,60.070146
4.649000,60.069552
4.649100,60.061330
4.649200,60.065790
4.649300,60.067823
4.649400,60.063202
4.649500,60.067088
4.649600,60.056231
4.649700,60.062419
4.649800,60.058743
4.649900,60.063032
4.650000,60.068468
4.650100,60.057917
4.650200,60.069127
4.650300,60.059406
4.650400,60.071674
4.650500,60.058155
4.650600,60.062117
4.650700,60.064728
4.650800,60.063872
4.650900,60.060358
4.651000,60.061926
4.651100,60.063470
4.651200,60.064240
4.651300,60.063597
4.651400,60.060086
4.651500,60.064919
4.651600,60.063705
4.651700,60.062907
4.651800,60.063332
4.651900,60.064915
4.652000,60.063525
4.652100,60.064433
4.652200,60.064639
4.652300,60.064663
4.652400,60.064711
4.652500,60.065130
4.652600,60.063695
4.652700,60.065186
4.652800,60.065232
4.652900,60.064818
4.653000,60.067335
4.653100,60.064880
4.653200,60.065561
4.653300,60.067197
4.653400,60.066354
4.653500,60.065853
4.653600,60.066933
4.653700,60.063763
4.653800,60.062656
4.653900,60.063686
4.654000,60.061206
4.654100,60.061859
4.654200,60.064840
4.654300,60.062991
4.654400,60.065761
4.654500,60.066951
4.654600,60.063573
4.654700,60.066284
4.654800,60.062733
4.654900,60.060601
4.655000,60.057484
4.655100,60.059538
4.655200,60.055737
4.655300,60.059314
4.655400,60.061717
4.655500,60.064965
4.655600,60.068028
4.655700,60.068503
4.655800,60.071978
4.655900,60.069165
4.656000,60.071256
4.656100,60.070288
4.656200,60.073392
4.656300,60.068772
4.656400,60.068027
4.656500,60.064372
4.656600,60.058773
4.656700,60.052265
4.656800,60.053802
4.656900,60.057237
4.657000,60.060499
4.657100,60.062000
4.657200,60.066483
4.657300,60.068312
4.657400,60.060210
4.657500,60.058569
4.657600,60.051928
4.657700,60.051076
4.657800,60.046498
4.657900,60.058150
4.658000,60.046225
4.658100,60.042683
4.658200,60.042271
4.658300,60.034024
4.658400,60.044581
4.658500,60.032825
4.658600,60.038657
4.658700,60.051801
4.658800,60.045990
4.658900,60.039650
4.659000,60.040125
4.659100,60.033731
4.659200,60.029370
4.659300,60.021815
4.659400,60.020304
4.659500,60.026035
4.659600,60.029274
4.659700,60.028487
4.659800,60.031538
4.659900,60.026250
4.660000,60.023016
4.660100,60.024436
4.660200,60.024466
4.660300,60.025887
4.660400,60.025994
4.660500,60.026146
4.660600,60.026127
4.660700,60.025746
4.660800,60.025781
4.660900,60.025698
4.661000,60.026342
4.661100,60.025064
4.661200,60.023361
4.661300,60.024820
4.661400,60.026739
4.661500,60.024450
4.661600,60.023350
4.661700,60.025119
4.661800,60.027847
4.661900,60.024874
4.662000,60.024972
4.662100,60.025827
4.662200,60.024321
4.662300,60.024771
4.662400,60.027739
4.662500,60.026383
4.662600,60.025749
4.662700,60.028489
4.662800,60.027342
4.662900,60.030927
4.663000,60.032437
4.663100,60.028800
4.663200,60.031308
4.663300,60.027569
4.663400,60.028702
4.663500,60.032528
4.663600,60.028691
4.663700,60.025536
4.663800,60.026957
4.663900,60.030179
4.664000,60.034090
4.664100,60.032474
4.664200,60.033165
4.664300,60.031304
4.664400,60.034604
4.664500,60.038675
4.664600,60.033267
4.664700,60.035558
4.664800,60.036731
4.664900,60.036290
4.665000,60.034938
4.665100,60.033590
4.665200,60.027102
4.665300,60.029641
4.665400,60.023242
4.665500,60.028066
4.665600,60.035484
4.665700,60.038774
4.665800,60.045679
4.665900,60.047577
4.666000,60.049442
4.666100,60.051079
4.666200,60.045929
4.666300,60.045453
4.666400,60.055378
4.666500,60.042308
4.666600,60.046693
4.666700,60.055684
4.666800,60.054861
4.666900,60.047939
4.667000,60.053639
4.667100,60.055340
4.667200,60.056932
4.667300,60.058726
4.667400,60.047316
4.667500,60.047764
4.667600,60.039335
4.667700,60.032323
4.667800,60.037169
4.667900,60.034365
4.668000,60.035561
4.668100,60.035803
4.668200,60.040653
4.668300,60.039983
4.668400,60.037057
4.668500,60.039301
4.668600,60.039577
4.668700,60.040456
4.668800,60.040049
4.668900,60.040139
4.669000,60.040118
4.669100,60.039757
4.669200,60.039238
4.669300,60.039963
4.669400,60.040009
4.669500,60.040767
4.669600,60.038492
4.669700,60.036279
4.669800,60.038589
4.669900,60.035767
4.670000,60.035232
4.670100,60.034793
4.670200,60.035955
4.670300,60.037839
4.670400,60.041018
4.670500,60.041426
4.670600,60.041712
4.670700,60.041997
4.670800,60.040203
4.670900,60.037398
4.671000,60.039602
4.671100,60.042697
4.671200,60.040831
4.671300,60.038751
4.671400,60.041778
4.671500,60.044753
4.671600,60.047122
4.671700,60.045701
4.671800,60.046086
4.671900,60.043855
4.672000,60.047857
4.672100,60.043763
4.672200,60.039527
4.672300,60.037520
4.672400,60.039542
4.672500,60.040605
4.672600,60.045074
4.672700,60.045090
4.672800,60.040185
4.672900,60.043881
4.673000,60.045094
4.673100,60.041548
4.673200,60.043837
4.673300,60.037739
4.673400,60.032907
4.673500,60.031469
4.673600,60.028320
4.673700,60.027880
4.673800,60.032870
4.673900,60.024957
4.674000,60.028125
4.674100,60.028364
4.674200,60.021795
4.674300,60.029330
4.674400,60.035373
4.674500,60.023746
4.674600,60.025880
4.674700,60.032169
4.674800,60.045345
4.674900,60.034897
4.675000,60.038457
4.675100,60.025463
4.675200,60.030207
4.675300,60.025773
4.675400,60.021014
4.675500,60.012612
4.675600,60.026611
4.675700,60.028544
4.675800,60.040985
4.675900,60.039155
4.676000,60.037833
4.676100,60.028990
4.676200,60.038007
4.676300,60.032224
4.676400,60.027087
4.676500,60.031684
4.676600,60.032784
4.676700,60.030268
4.676800,60.032759
4.676900,60.032572
4.677000,60.030511
4.677100,60.031175
4.677200,60.030526
4.677300,60.030579
4.677400,60.030598
4.677500,60.029972
4.677600,60.030288
4.677700,60.030301
4.677800,60.031415
4.677900,60.033208
4.678000,60.032975
4.678100,60.033574
4.678200,60.030933
4.678300,60.028893
4.678400,60.028497
4.678500,60.027742
4.678600,60.025523
4.678700,60.022915
4.678800,60.024929
4.678900,60.026080
4.679000,60.028491
4.679100,60.029311
4.679200,60.032018
4.679300,60.030474
4.679400,60.029316
4.679500,60.030380
4.679600,60.031141
4.679700,60.031860
4.679800,60.035318
4.679900,60.036130
4.680000,60.033789
4.680100,60.033575
4.680200,60.036154
4.680300,60.033708
4.680400,60.033400
4.680500,60.034179
4.680600,60.032102
4.680700,60.034515
4.680800,60.035264
4.680900,60.032773
4.681000,60.037121
4.681100,60.040526
4.681200,60.038384
4.681300,60.043735
4.681400,60.048077
4.681500,60.044052
4.681600,60.046159
4.681700,60.044360
4.681800,60.049419
4.681900,60.051061
4.682000,60.048460
4.682100,60.052546
4.682200,60.050579
4.682300,60.052016
4.682400,60.045195
4.682500,60.047557
4.682600,60.044594
4.682700,60.036995
4.682800,60.041628
4.682900,60.049185
4.683000,60.052943
4.683100,60.054367
4.683200,60.056005
4.683300,60.054343
4.683400,60.054649
4.683500,60.060905
4.683600,60.070106
4.683700,60.057088
4.683800,60.066450
4.683900,60.078391
4.684000,60.072372
4.684100,60.062665
4.684200,60.062777
4.684300,60.065090
4.684400,60.072795
4.684500,60.065633
4.684600,60.067592
4.684700,60.067939
4.684800,60.063583
4.684900,60.061242
4.685000,60.062473
4.685100,60.063315
4.685200,60.064472
4.685300,60.066108
4.685400,60.066587
4.685500,60.067253
4.685600,60.067107
4.685700,60.067326
4.685800,60.067582
4.685900,60.068781
4.686000,60.067907
4.686100,60.067847
4.686200,60.068925
4.686300,60.069513
4.686400,60.069709
4.686500,60.067326
4.686600,60.064759
4.686700,60.067360
4.686800,60.070083
4.686900,60.067201
4.687000,60.066073
4.687100,60.064376
4.687200,60.062088
4.687300,60.064499
4.687400,60.067118
4.687500,60.068840
4.687600,60.067856
4.687700,60.067946
4.687800,60.067124
4.687900,60.067203
4.688000,60.066244
4.688100,60.063654
4.688200,60.065304
4.688300,60.068473
4.688400,60.065672
4.688500,60.062903
4.688600,60.058988
4.688700,60.059249
4.688800,60.060725
4.688900,60.058530
4.689000,60.055917
4.689100,60.056271
4.689200,60.057182
4.689300,60.060470
4.689400,60.056442
4.689500,60.057664
4.689600,60.059168
4.689700,60.053318
4.689800,60.053628
4.689900,60.054999
4.690000,60.051842
4.690100,60.045761
4.690200,60.042956
4.690300,60.040704
4.690400,60.047966
4.690500,60.045500
4.690600,60.037305
4.690700,60.032082
4.690800,60.033068
4.690900,60.026494
4.691000,60.030772
4.691100,60.037863
4.691200,60.044386
4.691300,60.050724
4.691400,60.055312
4.691500,60.058763
4.691600,60.062599
4.691700,60.053111
4.691800,60.042708
4.691900,60.050937
4.692000,60.037750
4.692100,60.034968
4.692200,60.030522
4.692300,60.020306
4.692400,60.021138
4.692500,60.023297
4.692600,60.020219
4.692700,60.029698
4.692800,60.033449
4.692900,60.035388
4.693000,60.032625
4.693100,60.032139
4.693200,60.034413
4.693300,60.038883
4.693400,60.038697
4.693500,60.036603
4.693600,60.035888
4.693700,60.036115
4.693800,60.036093
4.693900,60.036125
4.694000,60.035993
4.694100,60.035447
4.694200,60.036317
4.694300,60.037528
4.694400,60.037465
4.694500,60.038317
4.694600,60.040651
4.694700,60.041186
4.694800,60.043928
4.694900,60.045674
4.695000,60.043546
4.695100,60.041359
4.695200,60.044476
4.695300,60.045595
4.695400,60.042175
4.695500,60.044608
4.695600,60.041731
4.695700,60.039944
4.695800,60.037146
4.695900,60.038212
4.696000,60.038120
4.696100,60.041542
4.696200,60.039702
4.696300,60.040701
4.696400,60.038042
4.696500,60.039504
4.696600,60.042302
4.696700,60.038416
4.696800,60.037508
4.696900,60.040051
4.697000,60.038630
4.697100,60.040799
4.697200,60.043974
4.697300,60.041175
4.697400,60.042405
4.697500,60.043553
4.697600,60.038822
4.697700,60.038924
4.697800,60.043639
4.697900,60.039099
4.698000,60.034454
4.698100,60.032551
4.698200,60.032313
4.698300,60.031505
4.698400,60.037978
4.698500,60.037912
4.698600,60.033649
4.698700,60.029778
4.698800,60.035631
4.698900,60.032045
4.699000,60.025510
4.699100,60.033385
4.699200,60.026380
4.699300,60.025330
4.699400,60.024848
4.699500,60.020540
4.699600,60.009754
4.699700,59.998304
4.699800,59.999054
4.699900,60.002594
4.700000,60.013258
4.700100,60.002375
4.700200,60.012261
4.700300,60.011479
4.700400,60.007784
4.700500,60.001026
4.700600,59.997073
4.700700,59.994770
4.700800,59.997784
4.700900,59.989865
4.701000,59.992739
4.701100,59.987732
4.701200,59.979299
4.701300,59.980663
4.701400,59.981190
4.701500,59.977699
4.701600,59.974822
4.701700,59.971727
4.701800,59.973325
4.701900,59.974318
4.702000,59.974804
4.702100,59.974644
4.702200,59.974267
4.702300,59.974086
4.702400,59.974238
4.702500,59.974156
4.702600,59.974265
4.702700,59.975364
4.702800,59.973965
4.702900,59.972576
4.703000,59.974428
4.703100,59.973635
4.703200,59.971814
4.703300,59.973020
4.703400,59.974003
4.703500,59.973275
4.703600,59.970575
4.703700,59.967901
4.703800,59.967944
4.703900,59.966040
4.704000,59.968070
4.704100,59.967719
4.704200,59.967471
4.704300,59.965989
4.704400,59.965739
4.704500,59.962735
4.704600,59.964688
4.704700,59.964225
4.704800,59.965741
4.704900,59.962883
4.705000,59.966198
4.705100,59.965356
4.705200,59.967855
4.705300,59.967656
4.705400,59.964008
4.705500,59.961589
4.705600,59.960863
4.705700,59.957553
4.705800,59.961332
4.705900,59.958043
4.706000,59.956387
4.706100,59.961259
4.706200,59.959486
4.706300,59.960048
4.706400,59.963372
4.706500,59.965906
4.706600,59.969490
4.706700,59.972392
4.706800,59.967560
4.706900,59.968139
4.707000,59.969701
4.707100,59.968793
4.707200,59.970836
4.707300,59.970278
4.707400,59.977154
4.707500,59.985465
4.707600,59.991435
4.707700,59.998998
4.707800,59.990287
4.707900,59.979985
4.708000,59.984224
4.708100,59.978694
4.708200,59.978353
4.708300,59.967703
4.708400,59.967616
4.708500,59.973657
4.708600,59.973535
4.708700,59.964424
4.708800,59.968495
4.708900,59.977707
4.709000,59.975693
4.709100,59.973731
4.709200,59.983805
4.709300,59.984314
4.709400,59.979352
4.709500,59.972695
4.709600,59.970457
4.709700,59.965860
4.709800,59.970854
4.709900,59.971437
4.710000,59.968850
4.710100,59.969123
4.710200,59.967619
4.710300,59.967204
4.710400,59.968275
4.710500,59.967629
4.710600,59.967655
4.710700,59.967746
4.710800,59.967772
4.710900,59.966786
4.711000,59.966979
4.711100,59.965335
4.711200,59.966580
4.711300,59.967294
4.711400,59.966787
4.711500,59.967929
4.711600,59.969014
4.711700,59.966193
4.711800,59.966180
4.711900,59.963659
4.712000,59.965237
4.712100,59.963267
4.712200,59.964451
4.712300,59.967778
4.712400,59.967270
4.712500,59.966698
4.712600,59.967791
4.712700,59.968985
4.712800,59.968857
4.712900,59.969037
4.713000,59.969184
4.713100,59.970972
4.713200,59.972891
4.713300,59.969661
4.713400,59.967340
4.713500,59.964217
4.713600,59.964425
4.713700,59.968129
4.713800,59.967763
4.713900,59.967609
4.714000,59.967322
4.714100,59.970596
4.714200,59.974544
4.714300,59.978087
4.714400,59.973659
4.714500,59.975015
4.714600,59.974278
4.714700,59.976234
4.714800,59.970367
4.714900,59.968596
4.715000,59.968613
4.715100,59.968781
4.715200,59.964231
4.715300,59.967996
4.715400,59.965342
4.715500,59.971406
4.715600,59.972374
4.715700,59.978850
4.715800,59.988225
4.715900,59.984117
4.716000,59.992948
4.716100,59.988986
4.716200,59.978675
4.716300,59.990238
4.716400,59.983060
4.716500,59.983167
4.716600,59.970706
4.716700,59.969707
4.716800,59.963356
4.716900,59.969540
4.717000,59.958792
4.717100,59.956690
4.717200,59.944574
4.717300,59.953198
4.717400,59.956372
4.717500,59.965318
4.717600,59.962153
4.717700,59.961503
4.717800,59.970792
4.717900,59.969599
4.718000,59.965326
4.718100,59.968978
4.718200,59.964712
4.718300,59.965834
4.718400,59.965171
4.718500,59.967374
4.718600,59.968200
4.718700,59.969930
4.718800,59.969656
4.718900,59.969818
4.719000,59.969712
4.719100,59.969525
4.719200,59.970024
4.719300,59.970892
4.719400,59.971327
4.719500,59.973353
4.719600,59.971056
4.719700,59.971408
4.719800,59.972143
4.719900,59.971987
4.720000,59.973278
4.720100,59.975282
4.720200,59.972352
4.720300,59.972192
4.720400,59.970212
4.720500,59.967910
4.720600,59.965217
4.720700,59.965197
4.720800,59.962864
4.720900,59.960404
4.721000,59.957158
4.721100,59.958004
4.721200,59.957622
4.721300,59.955160
4.721400,59.956637
4.721500,59.958222
4.721600,59.955395
4.721700,59.958876
4.721800,59.961410
4.721900,59.957783
4.722000,59.957136
4.722100,59.960578
4.722200,59.961565
4.722300,59.957148
4.722400,59.952319
4.722500,59.952302
4.722600,59.952475
4.722700,59.949724
4.722800,59.954611
4.722900,59.956993
4.723000,59.961089
4.723100,59.955644
4.723200,59.952275
4.723300,59.946892
4.723400,59.940396
4.723500,59.938326
4.723600,59.943713
4.723700,59.945365
4.723800,59.949473
4.723900,59.941333
4.724000,59.943570
4.724100,59.950081
4.724200,59.958442
4.724300,59.956432
4.724400,59.954138
4.724500,59.960179
4.724600,59.948640
4.724700,59.944357
4.724800,59.940090
4.724900,59.953324
4.725000,59.943240
4.725100,59.946932
4.725200,59.958424
4.725300,59.962974
4.725400,59.949912
4.725500,59.964557
4.725600,59.977468
4.725700,59.975941
4.725800,59.969946
4.725900,59.974175
4.726000,59.973695
4.726100,59.966977
4.726200,59.972045
4.726300,59.976775
4.726400,59.968635
4.726500,59.968282
4.726600,59.966353
4.726700,59.967015
4.726800,59.965239
4.726900,59.963964
4.727000,59.962756
4.727100,59.962501
4.727200,59.962728
4.727300,59.962487
4.727400,59.962261
4.727500,59.962687
4.727600,59.962252
4.727700,59.961546
4.727800,59.961157
4.727900,59.959519
4.728000,59.961289
4.728100,59.961072
4.728200,59.960756
4.728300,59.960877
4.728400,59.959951
4.728500,59.960843
4.728600,59.959963
4.728700,59.961773
4.728800,59.961531
4.728900,59.961874
4.729000,59.961473
4.729100,59.960146
4.729200,59.959002
4.729300,59.961489
4.729400,59.963558
4.729500,59.965869
4.729600,59.962819
4.729700,59.963974
4.729800,59.966592
4.729900,59.963471
4.730000,59.959946
4.730100,59.962626
4.730200,59.963807
4.730300,59.966756
4.730400,59.968558
4.730500,59.969845
4.730600,59.970447
4.730700,59.970298
4.730800,59.966745
4.730900,59.971391
4.731000,59.971730
4.731100,59.967831
4.731200,59.968424
4.731300,59.966274
4.731400,59.968410
4.731500,59.966962
4.731600,59.963585
4.731700,59.961685
4.731800,59.955806
4.731900,59.949601
4.732000,59.956323
4.732100,59.956738
4.732200,59.951805
4.732300,59.944894
4.732400,59.943537
4.732500,59.935124
4.732600,59.931873
4.732700,59.929538
4.732800,59.940461
4.732900,59.943303
4.733000,59.935075
4.733100,59.933861
4.733200,59.935460
4.733300,59.929414
4.733400,59.924683
4.733500,59.919243
4.733600,59.918168
4.733700,59.928294
4.733800,59.920106
4.733900,59.916059
4.734000,59.919598
4.734100,59.922246
4.734200,59.918402
4.734300,59.925430
4.734400,59.930460
4.734500,59.927999
4.734600,59.926224
4.734700,59.922508
4.734800,59.920703
4.734900,59.917515
4.735000,59.919632
4.735100,59.918056
4.735200,59.916286
4.735300,59.916922
4.735400,59.916783
4.735500,59.916713
4.735600,59.916617
4.735700,59.916597
4.735800,59.916765
4.735900,59.917308
4.736000,59.918130
4.736100,59.916009
4.736200,59.918038
4.736300,59.916774
4.736400,59.916051
4.736500,59.918562
4.736600,59.916104
4.736700,59.916414
4.736800,59.916590
4.736900,59.917308
4.737000,59.916858
4.737100,59.913636
4.737200,59.913186
4.737300,59.912255
4.737400,59.910565
4.737500,59.909754
4.737600,59.910297
4.737700,59.908625
4.737800,59.906613
4.737900,59.909373
4.738000,59.911447
4.738100,59.910978
4.738200,59.914743
4.738300,59.917989
4.738400,59.918306
4.738500,59.918881
4.738600,59.921449
4.738700,59.918107
4.738800,59.919503
4.738900,59.921053
4.739000,59.921419
4.739100,59.922170
4.739200,59.923234
4.739300,59.923253
4.739400,59.921940
4.739500,59.919398
4.739600,59.917496
4.739700,59.914239
4.739800,59.914659
4.739900,59.917300
4.740000,59.911597
4.740100,59.912175
4.740200,59.910304
4.740300,59.908550
4.740400,59.910387
4.740500,59.909940
4.740600,59.906285
4.740700,59.912951
4.740800,59.918947
4.740900,59.921208
4.741000,59.923960
4.741100,59.925171
4.741200,59.917269
4.741300,59.926882
4.741400,59.924745
4.741500,59.935374
4.741600,59.948262
4.741700,59.947823
4.741800,59.946088
4.741900,59.959018
4.742000,59.945248
4.742100,59.939524
4.742200,59.949289
4.742300,59.937843
4.742400,59.949170
4.742500,59.936562
4.742600,59.940455
4.742700,59.941823
4.742800,59.935276
4.742900,59.936096
4.743000,59.944462
4.743100,59.949564
4.743200,59.952626
4.743300,59.951088
4.743400,59.950622
4.743500,59.952228
4.743600,59.953839
4.743700,59.954855
4.743800,59.955419
4.743900,59.954900
4.744000,59.954814
4.744100,59.955255
4.744200,59.955077
4.744300,59.954463
4.744400,59.952902
4.744500,59.952519
4.744600,59.952685
4.744700,59.953281
4.744800,59.954819
4.744900,59.957407
4.745000,59.957169
4.745100,59.957941
4.745200,59.957516
4.745300,59.958615
4.745400,59.957395
4.745500,59.959659
4.745600,59.957453
4.745700,59.955734
4.745800,59.958100
4.745900,59.955641
4.746000,59.954240
4.746100,59.954281
4.746200,59.954856
4.746300,59.953744
4.746400,59.956819
4.746500,59.953941
4.746600,59.952068
4.746700,59.953989
4.746800,59.957773
4.746900,59.960817
4.747000,59.964674
4.747100,59.965391
4.747200,59.965487
4.747300,59.964980
4.747400,59.966003
4.747500,59.969464
4.747600,59.972950
4.747700,59.968980
4.747800,59.971387
4.747900,59.968619
4.748000,59.967830
4.748100,59.973169
4.748200,59.976795
4.748300,59.979321
4.748400,59.981499
4.748500,59.980906
4.748600,59.976795
4.748700,59.976671
4.748800,59.980120
4.748900,59.979791
4.749000,59.977774
4.749100,59.973347
4.749200,59.973625
4.749300,59.974783
4.749400,59.964153
4.749500,59.970015
4.749600,59.958299
4.749700,59.961234
4.749800,59.953403
4.749900,59.948420
4.750000,59.937763
4.750100,59.944200
4.750200,59.929669
4.750300,59.916797
4.750400,59.918702
4.750500,59.926560
4.750600,59.936424
4.750700,59.931196
4.750800,59.945035
4.750900,59.955899
4.751000,59.944238
4.751100,59.952678
4.751200,59.962779
4.751300,59.959495
4.751400,59.966891
4.751500,59.965192
4.751600,59.959525
4.751700,59.958699
4.751800,59.955567
4.751900,59.953473
4.752000,59.952985
4.752100,59.953401
4.752200,59.953203
4.752300,59.953115
4.752400,59.952944
4.752500,59.953338
4.752600,59.954356
4.752700,59.955243
4.752800,59.954590
4.752900,59.955290
4.753000,59.955649
4.753100,59.956308
4.753200,59.957966
4.753300,59.957382
4.753400,59.955088
4.753500,59.954548
4.753600,59.952182
4.753700,59.952425
4.753800,59.952157
4.753900,59.949610
4.754000,59.948094
4.754100,59.944991
4.754200,59.947164
4.754300,59.944436
4.754400,59.945321
4.754500,59.944153
4.754600,59.944057
4.754700,59.945874
4.754800,59.949230
4.754900,59.948312
4.755000,59.947310
4.755100,59.945954
4.755200,59.947460
4.755300,59.946746
4.755400,59.948685
4.755500,59.949380
4.755600,59.946832
4.755700,59.950284
4.755800,59.947831
4.755900,59.949875
4.756000,59.946090
4.756100,59.950098
4.756200,59.947186
4.756300,59.949202
4.756400,59.949807
4.756500,59.946863
4.756600,59.946651
4.756700,59.948589
4.756800,59.949031
4.756900,59.952251
4.757000,59.946563
4.757100,59.945160
4.757200,59.939559
4.757300,59.944931
4.757400,59.945101
4.757500,59.948637
4.757600,59.942798
4.757700,59.939484
4.757800,59.936926
4.757900,59.948292
4.758000,59.938645
4.758100,59.948004
4.758200,59.946695
4.758300,59.953513
4.758400,59.944285
4.758500,59.956639
4.758600,59.950308
4.758700,59.943833
4.758800,59.946561
4.758900,59.947943
4.759000,59.950767
4.759100,59.950683
4.759200,59.941642
4.759300,59.947202
4.759400,59.946233
4.759500,59.949188
4.759600,59.948807
4.759700,59.956174
4.759800,59.962987
4.759900,59.966137
4.760000,59.969227
4.760100,59.971552
4.760200,59.973814
4.760300,59.972213
4.760400,59.972705
4.760500,59.972212
4.760600,59.972305
4.760700,59.972329
4.760800,59.972732
4.760900,59.973766
4.761000,59.973240
4.761100,59.973487
4.761200,59.975138
4.761300,59.977108
4.761400,59.977701
4.761500,59.979592
4.761600,59.977032
4.761700,59.975087
4.761800,59.972221
4.761900,59.974788
4.762000,59.977738
4.762100,59.977126
4.762200,59.980201
4.762300,59.977918
4.762400,59.978291
4.762500,59.975659
4.762600,59.978411
4.762700,59.976448
4.762800,59.978736
4.762900,59.976530
4.763000,59.976963
4.763100,59.979138
4.763200,59.981660
4.763300,59.982397
4.763400,59.982344
4.763500,59.979059
4.763600,59.982796
4.763700,59.982242
4.763800,59.979660
4.763900,59.981735
4.764000,59.981675
4.764100,59.982448
4.764200,59.985698
4.764300,59.984323
4.764400,59.985330
4.764500,59.989529
4.764600,59.984881
4.764700,59.985191
4.764800,59.984711
4.764900,59.986773
4.765000,59.988459
4.765100,59.986777
4.765200,59.981936
4.765300,59.982563
4.765400,59.977641
4.765500,59.979487
4.765600,59.978411
4.765700,59.985391
4.765800,59.984757
4.765900,59.991072
4.766000,59.983746
4.766100,59.988446
4.766200,59.981521
4.766300,59.988099
4.766400,59.979711
4.766500,59.977814
4.766600,59.979398
4.766700,59.984896
4.766800,59.997661
4.766900,59.992147
4.767000,59.983318
4.767100,59.992382
4.767200,59.995601
4.767300,59.988286
4.767400,59.977977
4.767500,59.978632
4.767600,59.977863
4.767700,59.988187
4.767800,59.981434
4.767900,59.990160
4.768000,59.986484
4.768100,59.986409
4.768200,59.988358
4.768300,59.986630
4.768400,59.988064
4.768500,59.987872
4.768600,59.990598
4.768700,59.988957
4.768800,59.987871
4.768900,59.987864
4.769000,59.987978
4.769100,59.987966
4.769200,59.988416
4.769300,59.988245
4.769400,59.988939
4.769500,59.988534
4.769600,59.987517
4.769700,59.985761
4.769800,59.985509
4.769900,59.985057
4.770000,59.983818
4.770100,59.982787
4.770200,59.984480
4.770300,59.986499
4.770400,59.988055
4.770500,59.990486
4.770600,59.988887
4.770700,59.989391
4.770800,59.986237
4.770900,59.986811
4.771000,59.984298
4.771100,59.983082
4.771200,59.986592
4.771300,59.989834
4.771400,59.986674
4.771500,59.988996
4.771600,59.988872
4.771700,59.986557
4.771800,59.989216
4.771900,59.993145
4.772000,59.994459
4.772100,59.992355
4.772200,59.990223
4.772300,59.990178
4.772400,59.991473
4.772500,59.995362
4.772600,59.994341
4.772700,59.994121
4.772800,59.998705
4.772900,60.000142
4.773000,60.005183
4.773100,60.007987
4.773200,60.006409
4.773300,60.009732
4.773400,60.011122
4.773500,60.008628
4.773600,60.009183
4.773700,60.006845
4.773800,60.006287
4.773900,60.009366
4.774000,60.002375
4.774100,59.994853
4.774200,59.986930
4.774300,59.977786
4.774400,59.976859
4.774500,59.981335
4.774600,59.972803
4.774700,59.971211
4.774800,59.981044
4.774900,59.983978
4.775000,59.997760
4.775100,60.007376
4.775200,59.995755
4.775300,59.991079
4.775400,59.988372
4.775500,60.000204
4.775600,60.008753
4.775700,60.018193
4.775800,60.030750
4.775900,60.041423
4.776000,60.044543
4.776100,60.036905
4.776200,60.039992
4.776300,60.046731
4.776400,60.043155
4.776500,60.037335
4.776600,60.035065
4.776700,60.037696
4.776800,60.039118
4.776900,60.036770
4.777000,60.035839
4.777100,60.035817
4.777200,60.035686
4.777300,60.035716
4.777400,60.036275
4.777500,60.036785
4.777600,60.035256
4.777700,60.035087
4.777800,60.034926
4.777900,60.034526
4.778000,60.034011
4.778100,60.033689
4.778200,60.032258
4.778300,60.030605
4.778400,60.030328
4.778500,60.030165
4.778600,60.032370
4.778700,60.029322
4.778800,60.027313
4.778900,60.027760
4.779000,60.028490
4.779100,60.031557
4.779200,60.032336
4.779300,60.030854
4.779400,60.030770
4.779500,60.030208
4.779600,60.031269
4.779700,60.031639
4.779800,60.028946
4.779900,60.032333
4.780000,60.032787
4.780100,60.030104
4.780200,60.033455
4.780300,60.029503
4.780400,60.028818
4.780500,60.025567
4.780600,60.021623
4.780700,60.022705
4.780800,60.023880
4.780900,60.020532
4.781000,60.024667
4.781100,60.029619
4.781200,60.034324
4.781300,60.034938
4.781400,60.035447
4.781500,60.040721
4.781600,60.037644
4.781700,60.035480
4.781800,60.032838
4.781900,60.034743
4.782000,60.037872
4.782100,60.038650
4.782200,60.040093
4.782300,60.046930
4.782400,60.048316
4.782500,60.049646
4.782600,60.039559
4.782700,60.038326
4.782800,60.048770
4.782900,60.049774
4.783000,60.054481
4.783100,60.052636
4.783200,60.049757
4.783300,60.048546
4.783400,60.051829
4.783500,60.061596
4.783600,60.052751
4.783700,60.067554
4.783800,60.073845
4.783900,60.065264
4.784000,60.064943
4.784100,60.066851
4.784200,60.065592
4.784300,60.061177
4.784400,60.071203
4.784500,60.069453
4.784600,60.061609
4.784700,60.065979
4.784800,60.060748
4.784900,60.060710
4.785000,60.059599
4.785100,60.060113
4.785200,60.058814
4.785300,60.058265
4.785400,60.058146
4.785500,60.058275
4.785600,60.058979
4.785700,60.057855
4.785800,60.056613
4.785900,60.056924
4.786000,60.055070
4.786100,60.056662
4.786200,60.055226
4.786300,60.055955
4.786400,60.053721
4.786500,60.051421
4.786600,60.052591
4.786700,60.049911
4.786800,60.051448
4.786900,60.053111
4.787000,60.054124
4.787100,60.051243
4.787200,60.051111
4.787300,60.052919
4.787400,60.050064
4.787500,60.049036
4.787600,60.048351
4.787700,60.049832
4.787800,60.051871
4.787900,60.051936
4.788000,60.052622
4.788100,60.051372
4.788200,60.052991
4.788300,60.051668
4.788400,60.055070
4.788500,60.051608
4.788600,60.053959
4.788700,60.056419
4.788800,60.059180
4.788900,60.058757
4.789000,60.054926
4.789100,60.056224
4.789200,60.056641
4.789300,60.056749
4.789400,60.053797
4.789500,60.056287
4.789600,60.055877
4.789700,60.052285
4.789800,60.056361
4.789900,60.057824
4.790000,60.062766
4.790100,60.062208
4.790200,60.056896
4.790300,60.051710
4.790400,60.044479
4.790500,60.036451
4.790600,60.031405
4.790700,60.030814
4.790800,60.025320
4.790900,60.021848
4.791000,60.020684
4.791100,60.010027
4.791200,60.013578
4.791300,60.025560
4.791400,60.026437
4.791500,60.014975
4.791600,60.017296
4.791700,60.006471
4.791800,59.997868
4.791900,59.994425
4.792000,60.004638
4.792100,60.006572
4.792200,60.018319
4.792300,60.031955
4.792400,60.035605
4.792500,60.029054
4.792600,60.037216
4.792700,60.029932
4.792800,60.038880
4.792900,60.035014
4.793000,60.036259
4.793100,60.042996
4.793200,60.041801
4.793300,60.044895
4.793400,60.040955
4.793500,60.040310
4.793600,60.038582
4.793700,60.036910
4.793800,60.037894
4.793900,60.037793
4.794000,60.037807
4.794100,60.037717
4.794200,60.038156
4.794300,60.038578
4.794400,60.037276
4.794500,60.035589
4.794600,60.034788
4.794700,60.034583
4.794800,60.034741
4.794900,60.036979
4.795000,60.037418
4.795100,60.037090
4.795200,60.037815
4.795300,60.037054
4.795400,60.039973
4.795500,60.043073
4.795600,60.045573
4.795700,60.048435
4.795800,60.047162
4.795900,60.048351
4.796000,60.047682
4.796100,60.045160
4.796200,60.048037
4.796300,60.047952
4.796400,60.046250
4.796500,60.046998
4.796600,60.044698
4.796700,60.046969
4.796800,60.048569
4.796900,60.046892
4.797000,60.045367
4.797100,60.044244
4.797200,60.044006
4.797300,60.045453
4.797400,60.045335
4.797500,60.045392
4.797600,60.042447
4.797700,60.042608
4.797800,60.040732
4.797900,60.045002
4.798000,60.039728
4.798100,60.040896
4.798200,60.041416
4.798300,60.038200
4.798400,60.043541
4.798500,60.048831
4.798600,60.046359
4.798700,60.050443
4.798800,60.049090
4.798900,60.048331
4.799000,60.044816
4.799100,60.053160
4.799200,60.057184
4.799300,60.058544
4.799400,60.054132
4.799500,60.065292
4.799600,60.054253
4.799700,60.063240
4.799800,60.062099
4.799900,60.059840
4.800000,60.070871
4.800100,60.065613
4.800200,60.074542
4.800300,60.088397
4.800400,60.086863
4.800500,60.091452
4.800600,60.095769
4.800700,60.082357
4.800800,60.094379
4.800900,60.083592
4.801000,60.073111
4.801100,60.071231
4.801200,60.063379
4.801300,60.069572
4.801400,60.071359
4.801500,60.069873
4.801600,60.070258
4.801700,60.071496
4.801800,60.070411
4.801900,60.068836
4.802000,60.068017
4.802100,60.067841
4.802200,60.067811
4.802300,60.067693
4.802400,60.068439
4.802500,60.067976
4.802600,60.069321
4.802700,60.067653
4.802800,60.066344
4.802900,60.066876
4.803000,60.066322
4.803100,60.064082
4.803200,60.065404
4.803300,60.063816
4.803400,60.063725
4.803500,60.064543
4.803600,60.063681
4.803700,60.064833
4.803800,60.066238
4.803900,60.065098
4.804000,60.062021
4.804100,60.062291
4.804200,60.060244
4.804300,60.061208
4.804400,60.059644
4.804500,60.061040
4.804600,60.063273
4.804700,60.065921
4.804800,60.063074
4.804900,60.061982
4.805000,60.065497
4.805100,60.067405
4.805200,60.067735
4.805300,60.066166
4.805400,60.062402
4.805500,60.064819
4.805600,60.063596
4.805700,60.061659
4.805800,60.064557
4.805900,60.060883
4.806000,60.059039
4.806100,60.054294
4.806200,60.059472
4.806300,60.062606
4.806400,60.057197
4.806500,60.059839
4.806600,60.064757
4.806700,60.063046
4.806800,60.057788
4.806900,60.053842
4.807000,60.059025
4.807100,60.055274
4.807200,60.062415
4.807300,60.057204
4.807400,60.056039
4.807500,60.056724
4.807600,60.057255
4.807700,60.058777
4.807800,60.049585
4.807900,60.038358
4.808000,60.045935
4.808100,60.038992
4.808200,60.041157
4.808300,60.045033
4.808400,60.057127
4.808500,60.071101
4.808600,60.060131
4.808700,60.047176
4.808800,60.051627
4.808900,60.059150
4.809000,60.045922
4.809100,60.047521
4.809200,60.040284
4.809300,60.041587
4.809400,60.049778
4.809500,60.059038
4.809600,60.057199
4.809700,60.050559
4.809800,60.050992
4.809900,60.050232
4.810000,60.047911
4.810100,60.049644
4.810200,60.050548
4.810300,60.051572
4.810400,60.051210
4.810500,60.050913
4.810600,60.050953
4.810700,60.051529
4.810800,60.052242
4.810900,60.052436
4.811000,60.051827
4.811100,60.050219
4.811200,60.051433
4.811300,60.049545
4.811400,60.047289
4.811500,60.045422
4.811600,60.044826
4.811700,60.046113
4.811800,60.048082
4.811900,60.045075
4.812000,60.046778
4.812100,60.047128
4.812200,60.044520
4.812300,60.046027
4.812400,60.048425
4.812500,60.047435
4.812600,60.047394
4.812700,60.050241
4.812800,60.052425
4.812900,60.054481
4.813000,60.052387
4.813100,60.056023
4.813200,60.056888
4.813300,60.054159
4.813400,60.052678
4.813500,60.056294
4.813600,60.059082
4.813700,60.058681
4.813800,60.060498
4.813900,60.064619
4.814000,60.065099
4.814100,60.061878
4.814200,60.065948
4.814300,60.062696
4.814400,60.065974
4.814500,60.068533
4.814600,60.071820
4.814700,60.071959
4.814800,60.073143
4.814900,60.067569
4.815000,60.065619
4.815100,60.062830
4.815200,60.057638
4.815300,60.053169
4.815400,60.046679
4.815500,60.043525
4.815600,60.036710
4.815700,60.043112
4.815800,60.034915
4.815900,60.035392
4.816000,60.045213
4.816100,60.037661
4.816200,60.038433
4.816300,60.042225
4.816400,60.046382
4.816500,60.046799
4.816600,60.036637
4.816700,60.026631
4.816800,60.039525
4.816900,60.041075
4.817000,60.034985
4.817100,60.027842
4.817200,60.032289
4.817300,60.028389
4.817400,60.020812
4.817500,60.025868
4.817600,60.030281
4.817700,60.030813
4.817800,60.025685
4.817900,60.025213
4.818000,60.023291
4.818100,60.019130
4.818200,60.017043
4.818300,60.017597
4.818400,60.015940
4.818500,60.017090
4.818600,60.015383
4.818700,60.015973
4.818800,60.016325
4.818900,60.016382
4.819000,60.016693
4.819100,60.015931
4.819200,60.015426
4.819300,60.014745
4.819400,60.015008
4.819500,60.015263
4.819600,60.013698
4.819700,60.012742
4.819800,60.014032
4.819900,60.015943
4.820000,60.014167
4.820100,60.012405
4.820200,60.012022
4.820300,60.011663
4.820400,60.012449
4.820500,60.012874
4.820600,60.013447
4.820700,60.010436
4.820800,60.012238
4.820900,60.012490
4.821000,60.009234
4.821100,60.005719
4.821200,60.006337
4.821300,60.004419
4.821400,60.001170
4.821500,60.003857
4.821600,60.007743
4.821700,60.010518
4.821800,60.007168
4.821900,60.006919
4.822000,60.003736
4.822100,59.999864
4.822200,60.004042
4.822300,60.003484
4.822400,60.002352
4.822500,59.998017
4.822600,60.000948
4.822700,59.995715
4.822800,59.990428
4.822900,59.988150
4.823000,59.993718
4.823100,59.996032
4.823200,59.992383
4.823300,59.995344
4.823400,59.998604
4.823500,59.999609
4.823600,59.996836
4.823700,60.002349
4.823800,60.008863
4.823900,60.013358
4.824000,60.005987
4.824100,60.004417
4.824200,60.004850
4.824300,60.012778
4.824400,60.001696
4.824500,60.000469
4.824600,60.009071
4.824700,60.007085
4.824800,60.008633
4.824900,60.007689
4.825000,60.004077
4.825100,60.000722
4.825200,59.996830
4.825300,59.995298
4.825400,59.990829
4.825500,59.999144
4.825600,60.002437
4.825700,60.000296
4.825800,59.999841
4.825900,60.001220
4.826000,60.009776
4.826100,59.999076
4.826200,60.005343
4.826300,60.006896
4.826400,60.006136
4.826500,60.007015
4.826600,60.003535
4.826700,60.000754
4.826800,59.998932
4.826900,59.998070
4.827000,59.998895
4.827100,59.999331
4.827200,59.999138
4.827300,59.999221
4.827400,59.999212
4.827500,60.000120
4.827600,60.000044
4.827700,59.999632
4.827800,59.997488
4.827900,59.998292
4.828000,59.999862
4.828100,59.998710
4.828200,59.995905
4.828300,59.997761
4.828400,59.999228
4.828500,60.002135
4.828600,59.999363
4.828700,59.999728
4.828800,59.999278
4.828900,59.997396
4.829000,59.997039
4.829100,59.999318
4.829200,59.997914
4.829300,60.000583
4.829400,59.997202
4.829500,59.993912
4.829600,59.993954
4.829700,59.996919
4.829800,59.999999
4.829900,60.003062
4.830000,60.004810
4.830100,60.002156
4.830200,60.004987
4.830300,60.003149
4.830400,60.000857
4.830500,59.998052
4.830600,59.994386
4.830700,59.993163
4.830800,59.995547
4.830900,59.998862
4.831000,59.994106
4.831100,59.996873
4.831200,59.993431
4.831300,59.988111
4.831400,59.986846
4.831500,59.991379
4.831600,59.997131
4.831700,60.001098
4.831800,59.998234
4.831900,59.994340
4.832000,59.989884
4.832100,59.982687
4.832200,59.978165
4.832300,59.979305
4.832400,59.981397
4.832500,59.989998
4.832600,59.998821
4.832700,60.007528
4.832800,60.004991
4.832900,60.003817
4.833000,60.000884
4.833100,60.001737
4.833200,59.988820
4.833300,59.979705
4.833400,59.981052
4.833500,59.982968
4.833600,59.995562
4.833700,59.981368
4.833800,59.994894
4.833900,59.986226
4.834000,59.982197
4.834100,59.985616
4.834200,59.982448
4.834300,59.987592
4.834400,59.976707
4.834500,59.976401
4.834600,59.981595
4.834700,59.987180
4.834800,59.987524
4.834900,59.981715
4.835000,59.986316
4.835100,59.984222
4.835200,59.982981
4.835300,59.983750
4.835400,59.984428
4.835500,59.984897
4.835600,59.984297
4.835700,59.984300
4.835800,59.984693
4.835900,59.984477
4.836000,59.984985
4.836100,59.984539
4.836200,59.983090
4.836300,59.982444
4.836400,59.981864
4.836500,59.982293
4.836600,59.983275
4.836700,59.984196
4.836800,59.985010
4.836900,59.982202
4.837000,59.979383
4.837100,59.978712
4.837200,59.978894
4.837300,59.980110
4.837400,59.978158
4.837500,59.977970
4.837600,59.976225
4.837700,59.979068
4.837800,59.980512
4.837900,59.982998
4.838000,59.980142
4.838100,59.983321
4.838200,59.986580
4.838300,59.983513
4.838400,59.982923
4.838500,59.980983
4.838600,59.984466
4.838700,59.981096
4.838800,59.981726
4.838900,59.983489
4.839000,59.985476
4.839100,59.982732
4.839200,59.986775
4.839300,59.989098
4.839400,59.984663
4.839500,59.989529
4.839600,59.990072
4.839700,59.985554
4.839800,59.990998
4.839900,59.985586
4.840000,59.985091
4.840100,59.987149
4.840200,59.980965
4.840300,59.987172
4.840400,59.990233
4.840500,59.994572
4.840600,59.994060
4.840700,59.986742
4.840800,59.992286
4.840900,59.983385
4.841000,59.984213
4.841100,59.989350
4.841200,59.986829
4.841300,59.980795
4.841400,59.976927
4.841500,59.974391
4.841600,59.970499
4.841700,59.961878
4.841800,59.963222
4.841900,59.963936
4.842000,59.951096
4.842100,59.944111
4.842200,59.946603
4.842300,59.941897
4.842400,59.933483
4.842500,59.930288
4.842600,59.933628
4.842700,59.943188
4.842800,59.935559
4.842900,59.934512
4.843000,59.940620
4.843100,59.944359
4.843200,59.949242
4.843300,59.952218
4.843400,59.948800
4.843500,59.946306
4.843600,59.946116
4.843700,59.945682
4.843800,59.945393
4.843900,59.945383
4.844000,59.944980
4.844100,59.945330
4.844200,59.945088
4.844300,59.946094
4.844400,59.947175
4.844500,59.949340
4.844600,59.950093
4.844700,59.949372
4.844800,59.949311
4.844900,59.946826
4.845000,59.947186
4.845100,59.949884
4.845200,59.946712
4.845300,59.946031
4.845400,59.945487
4.845500,59.943028
4.845600,59.939922
4.845700,59.942665
4.845800,59.944137
4.845900,59.942841
4.846000,59.944491
4.846100,59.943327
4.846200,59.943598
4.846300,59.942523
4.846400,59.940642
4.846500,59.937368
4.846600,59.939707
4.846700,59.938906
4.846800,59.938982
4.846900,59.936518
4.847000,59.938938
4.847100,59.942393
4.847200,59.946425
4.847300,59.946229
4.847400,59.943187
4.847500,59.947015
4.847600,59.948276
4.847700,59.948671
4.847800,59.943881
4.847900,59.939946
4.848000,59.941470
4.848100,59.941622
4.848200,59.941066
4.848300,59.939538
4.848400,59.945023
4.848500,59.946305
4.848600,59.946613
4.848700,59.947907
4.848800,59.943737
4.848900,59.949762
4.849000,59.955651
4.849100,59.952963
4.849200,59.958437
4.849300,59.955982
4.849400,59.950353
4.849500,59.952983
4.849600,59.963907
4.849700,59.972629
4.849800,59.984840
4.849900,59.983119
4.850000,59.995902
4.850100,59.984747
4.850200,59.996582
4.850300,59.999035
4.850400,59.986493
4.850500,59.992151
4.850600,59.994977
4.850700,59.988800
4.850800,59.977508
4.850900,59.970896
4.851000,59.975071
4.851100,59.978445
4.851200,59.984161
4.851300,59.985221
4.851400,59.990611
4.851500,59.986216
4.851600,59.990896
4.851700,59.991592
4.851800,59.991967
4.851900,59.993187
4.852000,59.993569
4.852100,59.994706
4.852200,59.994122
4.852300,59.994095
4.852400,59.994464
4.852500,59.994610
4.852600,59.994533
4.852700,59.995334
4.852800,59.994229
4.852900,59.993617
4.853000,59.991237
4.853100,59.991663
4.853200,59.992259
4.853300,59.992674
4.853400,59.992894
4.853500,59.990773
4.853600,59.991232
4.853700,59.993994
4.853800,59.996137
4.853900,59.998881
4.854000,60.000423
4.854100,59.998291
4.854200,59.995387
4.854300,59.995723
4.854400,59.996878
4.854500,59.997788
4.854600,60.001090
4.854700,59.999653
4.854800,59.999841
4.854900,59.999018
4.855000,59.996387
4.855100,59.993045
4.855200,59.996722
4.855300,59.995899
4.855400,59.993313
4.855500,59.992489
4.855600,59.994708
4.855700,59.991711
4.855800,59.995788
4.855900,59.995781
4.856000,59.992119
4.856100,59.993294
4.856200,59.993422
4.856300,59.997020
4.856400,59.992549
4.856500,59.993780
4.856600,59.988583
4.856700,59.994138
4.856800,59.990513
4.856900,59.996644
4.857000,60.001575
4.857100,60.004090
4.857200,60.004276
4.857300,60.010377
4.857400,60.019391
4.857500,60.013000
4.857600,60.011798
4.857700,60.001335
4.857800,59.992996
4.857900,59.987719
4.858000,59.976284
4.858100,59.963001
4.858200,59.963321
4.858300,59.959428
4.858400,59.966570
4.858500,59.954349
4.858600,59.962751
4.858700,59.966493
4.858800,59.960359
4.858900,59.969249
4.859000,59.962637
4.859100,59.963244
4.859200,59.975075
4.859300,59.987314
4.859400,59.982463
4.859500,59.974636
4.859600,59.981116
4.859700,59.979341
4.859800,59.980926
4.859900,59.981497
4.860000,59.978565
4.860100,59.978961
4.860200,59.977099
4.860300,59.978515
4.860400,59.977882
4.860500,59.977375
4.860600,59.977361
4.860700,59.977613
4.860800,59.978152
4.860900,59.978934
4.861000,59.978505
4.861100,59.979743
4.861200,59.977862
4.861300,59.976766
4.861400,59.977021
4.861500,59.978047
4.861600,59.980790
4.861700,59.979204
4.861800,59.981539
4.861900,59.979474
4.862000,59.978004
4.862100,59.979069
4.862200,59.979491
4.862300,59.977109
4.862400,59.978942
4.862500,59.978473
4.862600,59.978406
4.862700,59.980650
4.862800,59.979287
4.862900,59.976567
4.863000,59.973539
4.863100,59.971803
4.863200,59.973608
4.863300,59.976677
4.863400,59.976364
4.863500,59.978163
4.863600,59.980806
4.863700,59.983470
4.863800,59.983460
4.863900,59.984667
4.864000,59.984832
4.864100,59.982712
4.864200,59.984050
4.864300,59.988210
4.864400,59.984034
4.864500,59.985096
4.864600,59.988560
4.864700,59.989098
4.864800,59.988850
4.864900,59.991436
4.865000,59.987146
4.865100,59.988073
4.865200,59.984994
4.865300,59.979884
4.865400,59.974745
4.865500,59.969954
4.865600,59.966300
4.865700,59.969176
4.865800,59.962011
4.865900,59.969072
4.866000,59.965631
4.866100,59.964429
4.866200,59.960815
4.866300,59.961857
4.866400,59.950102
4.866500,59.940160
4.866600,59.936475
4.866700,59.935378
4.866800,59.937122
4.866900,59.929605
4.867000,59.934012
4.867100,59.936265
4.867200,59.936727
4.867300,59.945628
4.867400,59.939024
4.867500,59.926640
4.867600,59.927922
4.867700,59.931748
4.867800,59.935740
4.867900,59.942408
4.868000,59.949231
4.868100,59.950146
4.868200,59.948281
4.868300,59.945878
4.868400,59.948478
4.868500,59.948197
4.868600,59.945715
4.868700,59.946895
4.868800,59.947006
4.868900,59.946436
4.869000,59.946447
4.869100,59.946663
4.869200,59.946389
4.869300,59.946536
4.869400,59.947486
4.869500,59.946906
4.869600,59.946535
4.869700,59.945679
4.869800,59.944427
4.869900,59.944613
4.870000,59.944892
4.870100,59.942590
4.870200,59.942732
4.870300,59.942153
4.870400,59.939460
4.870500,59.942466
4.870600,59.941220
4.870700,59.941066
4.870800,59.940601
4.870900,59.937617
4.871000,59.940166
4.871100,59.937147
4.871200,59.938349
4.871300,59.941444
4.871400,59.941953
4.871500,59.942791
4.871600,59.942383
4.871700,59.945220
4.871800,59.948156
4.871900,59.950569
4.872000,59.953186
4.872100,59.949099
4.872200,59.947403
4.872300,59.947547
4.872400,59.943431
4.872500,59.945749
4.872600,59.942320
4.872700,59.943302
4.872800,59.940626
4.872900,59.943313
4.873000,59.938955
4.873100,59.944675
4.873200,59.942357
4.873300,59.943906
4.873400,59.945134
4.873500,59.943306
4.873600,59.944238
4.873700,59.942945
4.873800,59.944766
4.873900,59.942677
4.874000,59.940825
4.874100,59.936248
4.874200,59.941736
4.874300,59.942284
4.874400,59.949680
4.874500,59.942050
4.874600,59.942245
4.874700,59.938607
4.874800,59.927264
4.874900,59.931653
4.875000,59.944124
4.875100,59.940780
4.875200,59.927272
4.875300,59.927244
4.875400,59.923946
4.875500,59.929403
4.875600,59.925765
4.875700,59.923811
4.875800,59.920277
4.875900,59.926017
4.876000,59.932126
4.876100,59.927391
4.876200,59.920662
4.876300,59.925798
4.876400,59.924219
4.876500,59.930612
4.876600,59.931463
4.876700,59.932583
4.876800,59.935186
4.876900,59.932410
4.877000,59.932256
4.877100,59.932091
4.877200,59.931550
4.877300,59.931547
4.877400,59.931567
4.877500,59.931553
4.877600,59.932861
4.877700,59.931296
4.877800,59.932104
4.877900,59.931729
4.878000,59.929453
4.878100,59.931792
4.878200,59.932378
4.878300,59.933633
4.878400,59.932216
4.878500,59.930680
4.878600,59.930525
4.878700,59.931277
4.878800,59.929325
4.878900,59.928230
4.879000,59.931492
4.879100,59.930620
4.879200,59.931792
4.879300,59.931592
4.879400,59.928147
4.879500,59.931196
4.879600,59.928978
4.879700,59.926075
4.879800,59.923242
4.879900,59.921198
4.880000,59.919478
4.880100,59.922392
4.880200,59.922696
4.880300,59.926035
4.880400,59.928450
4.880500,59.930296
4.880600,59.929008
4.880700,59.927884
4.880800,59.931470
4.880900,59.931869
4.881000,59.933082
4.881100,59.935887
4.881200,59.932863
4.881300,59.937650
4.881400,59.934819
4.881500,59.929578
4.881600,59.923901
4.881700,59.927749
4.881800,59.932642
4.881900,59.930671
4.882000,59.934062
4.882100,59.940906
4.882200,59.945151
4.882300,59.946316
4.882400,59.948955
4.882500,59.952046
4.882600,59.952187
4.882700,59.947186
4.882800,59.944859
4.882900,59.940338
4.883000,59.948020
4.883100,59.954321
4.883200,59.941684
4.883300,59.953460
4.883400,59.951260
4.883500,59.955572
4.883600,59.963449
4.883700,59.964969
4.883800,59.952646
4.883900,59.957414
4.884000,59.961442
4.884100,59.969725
4.884200,59.960574
4.884300,59.961677
4.884400,59.956253
4.884500,59.964243
4.884600,59.958489
4.884700,59.962520
4.884800,59.968753
4.884900,59.973479
4.885000,59.969366
4.885100,59.973195
4.885200,59.971717
4.885300,59.969404
4.885400,59.969699
4.885500,59.968952
4.885600,59.968794
4.885700,59.968884
4.885800,59.968070
4.885900,59.967811
4.886000,59.967525
4.886100,59.967009
4.886200,59.966547
4.886300,59.964581
4.886400,59.963733
4.886500,59.962492
4.886600,59.964709
4.886700,59.966579
4.886800,59.966246
4.886900,59.969209
4.887000,59.970078
4.887100,59.970689
4.887200,59.969355
4.887300,59.971745
4.887400,59.970304
4.887500,59.970270
4.887600,59.972716
4.887700,59.970946
4.887800,59.967867
4.887900,59.966121
4.888000,59.969285
4.888100,59.967700
4.888200,59.968539
4.888300,59.966214
4.888400,59.967043
4.888500,59.967548
4.888600,59.964947
4.888700,59.967495
4.888800,59.967697
4.888900,59.967837
4.889000,59.969294
4.889100,59.970021
4.889200,59.968731
4.889300,59.972060
4.889400,59.975802
4.889500,59.973383
4.889600,59.973618
4.889700,59.973952
4.889800,59.972818
4.889900,59.976072
4.890000,59.977292
4.890100,59.974914
4.890200,59.981871
4.890300,59.979798
4.890400,59.984855
4.890500,59.991636
4.890600,59.986235
4.890700,59.991328
4.890800,59.984636
4.890900,59.988331
4.891000,59.997594
4.891100,60.003198
4.891200,60.006420
4.891300,60.015949
4.891400,60.021425
4.891500,60.031038
4.891600,60.017568
4.891700,60.027035
4.891800,60.036153
4.891900,60.024510
4.892000,60.013496
4.892100,60.002933
4.892200,60.006251
4.892300,60.016967
4.892400,60.026444
4.892500,60.028355
4.892600,60.023565
4.892700,60.022614
4.892800,60.031938
4.892900,60.035481
4.893000,60.028011
4.893100,60.027838
4.893200,60.024584
4.893300,60.029262
4.893400,60.027496
4.893500,60.024204
4.893600,60.025943
4.893700,60.026153
4.893800,60.026385
4.893900,60.026860
4.894000,60.026881
4.894100,60.026646
4.894200,60.026173
4.894300,60.026499
4.894400,60.027379
4.894500,60.026773
4.894600,60.027907
4.894700,60.026522
4.894800,60.024666
4.894900,60.023523
4.895000,60.026130
4.895100,60.026987
4.895200,60.024015
4.895300,60.025425
4.895400,60.024212
4.895500,60.027124
4.895600,60.028696
4.895700,60.029758
4.895800,60.032765
4.895900,60.032605
4.896000,60.035116
4.896100,60.037245
4.896200,60.035735
4.896300,60.035013
4.896400,60.034974
4.896500,60.033801
4.896600,60.034033
4.896700,60.034513
4.896800,60.033142
4.896900,60.032272
4.897000,60.033418
4.897100,60.030022
4.897200,60.029330
4.897300,60.025814
4.897400,60.030284
4.897500,60.026078
4.897600,60.024242
4.897700,60.022522
4.897800,60.027823
4.897900,60.022592
4.898000,60.018294
4.898100,60.014153
4.898200,60.014729
4.898300,60.017080
4.898400,60.010501
4.898500,60.010522
4.898600,60.002989
4.898700,59.998236
4.898800,60.003479
4.898900,60.005509
4.899000,60.001843
4.899100,60.007304
4.899200,60.014183
4.899300,60.018495
4.899400,60.020807
4.899500,60.026929
4.899600,60.022509
4.899700,60.013923
4.899800,60.025084
4.899900,60.023200
4.900000,60.032493
4.900100,60.024519
4.900200,60.015098
4.900300,60.018379
4.900400,60.017802
4.900500,60.030189
4.900600,60.034930
4.900700,60.038669
4.900800,60.037006
4.900900,60.047040
4.901000,60.050822
4.901100,60.048219
4.901200,60.054993
4.901300,60.050123
4.901400,60.045466
4.901500,60.047243
4.901600,60.048459
4.901700,60.044954
4.901800,60.043587
4.901900,60.042125
4.902000,60.042022
4.902100,60.042574
4.902200,60.042329
4.902300,60.041996
4.902400,60.042122
4.902500,60.041084
4.902600,60.039639
4.902700,60.040910
4.902800,60.041680
4.902900,60.043342
4.903000,60.043844
4.903100,60.045322
4.903200,60.047484
4.903300,60.047711
4.903400,60.048128
4.903500,60.050931
4.903600,60.053066
4.903700,60.052469
4.903800,60.052400
4.903900,60.052959
4.904000,60.050782
4.904100,60.048648
4.904200,60.048703
4.904300,60.046939
4.904400,60.047792
4.904500,60.050139
4.904600,60.053097
4.904700,60.054429
4.904800,60.055698
4.904900,60.053485
4.905000,60.053614
4.905100,60.050223
4.905200,60.051334
4.905300,60.054154
4.905400,60.055321
4.905500,60.055413
4.905600,60.055904
4.905700,60.054802
4.905800,60.052594
4.905900,60.056441
4.906000,60.056577
4.906100,60.053065
4.906200,60.053171
4.906300,60.048810
4.906400,60.045688
4.906500,60.044378
4.906600,60.048003
4.906700,60.051104
4.906800,60.048618
4.906900,60.041806
4.907000,60.045843
4.907100,60.050829
4.907200,60.050767
4.907300,60.046361
4.907400,60.038748
4.907500,60.038272
4.907600,60.040539
4.907700,60.043836
4.907800,60.041881
4.907900,60.042046
4.908000,60.039325
4.908100,60.044162
4.908200,60.045151
4.908300,60.057921
4.908400,60.047042
4.908500,60.032806
4.908600,60.018898
4.908700,60.015261
4.908800,60.025469
4.908900,60.018845
4.909000,60.024260
4.909100,60.024596
4.909200,60.019402
4.909300,60.007624
4.909400,60.005257
4.909500,60.001161
4.909600,60.002910
4.909700,60.009608
4.909800,60.010209
4.909900,60.009361
4.910000,60.013371
4.910100,60.013764
4.910200,60.011624
4.910300,60.011782
4.910400,60.012404
4.910500,60.012778
4.910600,60.012873
4.910700,60.012811
4.910800,60.012958
4.910900,60.014091
4.911000,60.014177
4.911100,60.012586
4.911200,60.012444
4.911300,60.012950
4.911400,60.013499
4.911500,60.011147
4.911600,60.011492
4.911700,60.013123
4.911800,60.011717
4.911900,60.014681
4.912000,60.014137
4.912100,60.011312
4.912200,60.008691
4.912300,60.011833
4.912400,60.013982
4.912500,60.015749
4.912600,60.016612
4.912700,60.017256
4.912800,60.014684
4.912900,60.014611
4.913000,60.016980
4.913100,60.020094
4.913200,60.016547
4.913300,60.016097
4.913400,60.014702
4.913500,60.018276
4.913600,60.015571
4.913700,60.019281
4.913800,60.021865
4.913900,60.020884
4.914000,60.020009
4.914100,60.019141
4.914200,60.021270
4.914300,60.024753
4.914400,60.021191
4.914500,60.025471
4.914600,60.026266
4.914700,60.021384
4.914800,60.026105
4.914900,60.027872
4.915000,60.023564
4.915100,60.017589
4.915200,60.016994
4.915300,60.011489
4.915400,60.012369
4.915500,60.013379
4.915600,60.005285
4.915700,59.999009
4.915800,59.998719
4.915900,59.995555
4.916000,59.995897
4.916100,59.994903
4.916200,60.006630
4.916300,59.999504
4.916400,59.987806
4.916500,59.984144
4.916600,59.972792
4.916700,59.980567
4.916800,59.971077
4.916900,59.976772
4.917000,59.967358
4.917100,59.973444
4.917200,59.986807
4.917300,59.986888
4.917400,59.974246
4.917500,59.973619
4.917600,59.971057
4.917700,59.969443
4.917800,59.969434
4.917900,59.977670
4.918000,59.985484
4.918100,59.978275
4.918200,59.978816
4.918300,59.974770
4.918400,59.971148
4.918500,59.974024
4.918600,59.975157
4.918700,59.973632
4.918800,59.974303
4.918900,59.973825
4.919000,59.973817
4.919100,59.973383
4.919200,59.973226
4.919300,59.972663
4.919400,59.973567
4.919500,59.975171
4.919600,59.974989
4.919700,59.973197
4.919800,59.972820
4.919900,59.973187
4.920000,59.975441
4.920100,59.974072
4.920200,59.971764
4.920300,59.968944
4.920400,59.969879
4.920500,59.967697
4.920600,59.966420
4.920700,59.966069
4.920800,59.965899
4.920900,59.967175
4.921000,59.967964
4.921100,59.969977
4.921200,59.969322
4.921300,59.972063
4.921400,59.975539
4.921500,59.975396
4.921600,59.974150
4.921700,59.975454
4.921800,59.978362
4.921900,59.979541
4.922000,59.976439
4.922100,59.980591
4.922200,59.980595
4.922300,59.984663
4.922400,59.981950
4.922500,59.977747
4.922600,59.977544
4.922700,59.977180
4.922800,59.974968
4.922900,59.979079
4.923000,59.981978
4.923100,59.982576
4.923200,59.984258
4.923300,59.978887
4.923400,59.979784
4.923500,59.980726
4.923600,59.986818
4.923700,59.991623
4.923800,59.989441
4.923900,59.995529
4.924000,59.996540
4.924100,59.997581
4.924200,59.994863
4.924300,60.000600
4.924400,59.997866
4.924500,60.006359
4.924600,59.996676
4.924700,60.007319
4.924800,60.002068
4.924900,60.006182
4.925000,60.009975
4.925100,60.020233
4.925200,60.010978
4.925300,60.012720
4.925400,60.025047
4.925500,60.012404
4.925600,60.002404
4.925700,59.998746
4.925800,60.000483
4.925900,60.001174
4.926000,59.997889
4.926100,60.003333
4.926200,60.007873
4.926300,60.012819
4.926400,60.018062
4.926500,60.019004
4.926600,60.013458
4.926700,60.011371
4.926800,60.011235
4.926900,60.014108
4.927000,60.013423
4.927100,60.013525
4.927200,60.012854
4.927300,60.012763
4.927400,60.012797
4.927500,60.012978
4.927600,60.013176
4.927700,60.012609
4.927800,60.012154
4.927900,60.013191
4.928000,60.014499
4.928100,60.015665
4.928200,60.013832
4.928300,60.015136
4.928400,60.015021
4.928500,60.017829
4.928600,60.016181
4.928700,60.013180
4.928800,60.010426
4.928900,60.012617
4.929000,60.015313
4.929100,60.014301
4.929200,60.013736
4.929300,60.011256
4.929400,60.009053
4.929500,60.007813
4.929600,60.008187
4.929700,60.005486
4.929800,60.006377
4.929900,60.009080
4.930000,60.008789
4.930100,60.010962
4.930200,60.009684
4.930300,60.010575
4.930400,60.010608
4.930500,60.011861
4.930600,60.010603
4.930700,60.010191
4.930800,60.010592
4.930900,60.009164
4.931000,60.007890
4.931100,60.004814
4.931200,60.002958
4.931300,60.006988
4.931400,60.003075
4.931500,60.001767
4.931600,60.006441
4.931700,60.005922
4.931800,60.011257
4.931900,60.005252
4.932000,60.004585
4.932100,60.012415
4.932200,60.004219
4.932300,60.008038
4.932400,60.000612
4.932500,59.991195
4.932600,59.990963
4.932700,59.980602
4.932800,59.983465
4.932900,59.981960
4.933000,59.980297
4.933100,59.982057
4.933200,59.989407
4.933300,60.002843
4.933400,60.008956
4.933500,60.000542
4.933600,60.013558
4.933700,60.003767
4.933800,60.004072
4.933900,60.007149
4.934000,60.016251
4.934100,60.003691
4.934200,59.996437
4.934300,59.986706
4.934400,59.996680
4.934500,59.999118
4.934600,60.007999
4.934700,60.003784
4.934800,60.000212
4.934900,59.997563
4.935000,59.998332
4.935100,59.998788
4.935200,60.000350
4.935300,60.001438
4.935400,60.001793
4.935500,60.001887
4.935600,60.001984
4.935700,60.001950
4.935800,60.001933
4.935900,60.001946
4.936000,60.003459
4.936100,60.002338
4.936200,60.001433
4.936300,60.001736
4.936400,60.004250
4.936500,60.003574
4.936600,60.000667
4.936700,60.001789
4.936800,60.002355
4.936900,60.001571
4.937000,60.003451
4.937100,60.003782
4.937200,60.005045
4.937300,60.007973
4.937400,60.009552
4.937500,60.006294
4.937600,60.004853
4.937700,60.004279
4.937800,60.004547
4.937900,60.002799
4.938000,60.001559
4.938100,60.002946
4.938200,60.003913
4.938300,60.001615
4.938400,60.005232
4.938500,60.004153
4.938600,60.008279
4.938700,60.007227
4.938800,60.006934
4.938900,60.010710
4.939000,60.011064
4.939100,60.012990
4.939200,60.017024
4.939300,60.015931
4.939400,60.015026
4.939500,60.012550
4.939600,60.017142
4.939700,60.021228
4.939800,60.024967
4.939900,60.027607
4.940000,60.022535
4.940100,60.021659
4.940200,60.021799
4.940300,60.015186
4.940400,60.020747
4.940500,60.018568
4.940600,60.017706
4.940700,60.012009
4.940800,60.013741
4.940900,60.019643
4.941000,60.026262
4.941100,60.024109
4.941200,60.022608
4.941300,60.020964
4.941400,60.033297
4.941500,60.025679
4.941600,60.034514
4.941700,60.045531
4.941800,60.052634
4.941900,60.057913
4.942000,60.068068
4.942100,60.071325
4.942200,60.081434
4.942300,60.084205
4.942400,60.076828
4.942500,60.081636
4.942600,60.083763
4.942700,60.092989
4.942800,60.088843
4.942900,60.089418
4.943000,60.094772
4.943100,60.092586
4.943200,60.097520
4.943300,60.097548
4.943400,60.098347
4.943500,60.098448
4.943600,60.096778
4.943700,60.096287
4.943800,60.096538
4.943900,60.096575
4.944000,60.096999
4.944100,60.098085
4.944200,60.098529
4.944300,60.100284
4.944400,60.099798
4.944500,60.098023
4.944600,60.097858
4.944700,60.099028
4.944800,60.098992
4.944900,60.097609
4.945000,60.098016
4.945100,60.099998
4.945200,60.102417
4.945300,60.099152
4.945400,60.097120
4.945500,60.100011
4.945600,60.100910
4.945700,60.098490
4.945800,60.097606
4.945900,60.097716
4.946000,60.094695
4.946100,60.094748
4.946200,60.092739
4.946300,60.090637
4.946400,60.088492
4.946500,60.091442
4.946600,60.094371
4.946700,60.095608
4.946800,60.098002
4.946900,60.099831
4.947000,60.099351
4.947100,60.098592
4.947200,60.095374
4.947300,60.091276
4.947400,60.087497
4.947500,60.092311
4.947600,60.087886
4.947700,60.085633
4.947800,60.083925
4.947900,60.088771
4.948000,60.088758
4.948100,60.087890
4.948200,60.093737
4.948300,60.094282
4.948400,60.097447
4.948500,60.093806
4.948600,60.098651
4.948700,60.099684
4.948800,60.099390
4.948900,60.103095
4.949000,60.103113
4.949100,60.106191
4.949200,60.102511
4.949300,60.103484
4.949400,60.099503
4.949500,60.090231
4.949600,60.099207
4.949700,60.090948
4.949800,60.088262
4.949900,60.093494
4.950000,60.104222
4.950100,60.118563
4.950200,60.114953
4.950300,60.103912
4.950400,60.096421
4.950500,60.082453
4.950600,60.073528
4.950700,60.064522
4.950800,60.063142
4.950900,60.072574
4.951000,60.064997
4.951100,60.064174
4.951200,60.068042
4.951300,60.061395
4.951400,60.067128
4.951500,60.066261
4.951600,60.065595
4.951700,60.064807
4.951800,60.062853
4.951900,60.063427
4.952000,60.064150
4.952100,60.064731
4.952200,60.064657
4.952300,60.064665
4.952400,60.064822
4.952500,60.065671
4.952600,60.067208
4.952700,60.066625
4.952800,60.065165
4.952900,60.066527
4.953000,60.065800
4.953100,60.065157
4.953200,60.063459
4.953300,60.062284
4.953400,60.062177
4.953500,60.062055
4.953600,60.060293
4.953700,60.057314
4.953800,60.054881
4.953900,60.056544
4.954000,60.055550
4.954100,60.052850
4.954200,60.055415
4.954300,60.056969
4.954400,60.055463
4.954500,60.055883
4.954600,60.057253
4.954700,60.056463
4.954800,60.054088
4.954900,60.051608
4.955000,60.052231
4.955100,60.051758
4.955200,60.050122
4.955300,60.053768
4.955400,60.051114
4.955500,60.049880
4.955600,60.045805
4.955700,60.050357
4.955800,60.052696
4.955900,60.053296
4.956000,60.048911
4.956100,60.047157
4.956200,60.047552
4.956300,60.042489
4.956400,60.043810
4.956500,60.049387
4.956600,60.050135
4.956700,60.055012
4.956800,60.048542
4.956900,60.053131
4.957000,60.059878
4.957100,60.067662
4.957200,60.071433
4.957300,60.075634
4.957400,60.082968
4.957500,60.088557
4.957600,60.097619
4.957700,60.098559
4.957800,60.092417
4.957900,60.099881
4.958000,60.090608
4.958100,60.097435
4.958200,60.099774
4.958300,60.109609
4.958400,60.116066
4.958500,60.120569
4.958600,60.128862
4.958700,60.130413
4.958800,60.127611
4.958900,60.116249
4.959000,60.111503
4.959100,60.110109
4.959200,60.104510
4.959300,60.107991
4.959400,60.098676
4.959500,60.102516
4.959600,60.102814
4.959700,60.101719
4.959800,60.104430
4.959900,60.103275
4.960000,60.105251
4.960100,60.105870
4.960200,60.106220
4.960300,60.106492
4.960400,60.106568
4.960500,60.106399
4.960600,60.107005
4.960700,60.107644
4.960800,60.107735
4.960900,60.109493
4.961000,60.107965
4.961100,60.105776
4.961200,60.107371
4.961300,60.109402
4.961400,60.110581
4.961500,60.110805
4.961600,60.112847
4.961700,60.113108
4.961800,60.110287
4.961900,60.107841
4.962000,60.106922
4.962100,60.105612
4.962200,60.103137
4.962300,60.105723
4.962400,60.102616
4.962500,60.099942
4.962600,60.098321
4.962700,60.099773
4.962800,60.099148
4.962900,60.095826
4.963000,60.098666
4.963100,60.099751
4.963200,60.101561
4.963300,60.102800
4.963400,60.103669
4.963500,60.100337
4.963600,60.096717
4.963700,60.094410
4.963800,60.093619
4.963900,60.095304
4.964000,60.093331
4.964100,60.096099
4.964200,60.098980
4.964300,60.099034
4.964400,60.100725
4.964500,60.105586
4.964600,60.106281
4.964700,60.100736
4.964800,60.103163
4.964900,60.101287
4.965000,60.101409
4.965100,60.107667
4.965200,60.111826
4.965300,60.109638
4.965400,60.102991
4.965500,60.105338
4.965600,60.110663
4.965700,60.103693
4.965800,60.100871
4.965900,60.105089
4.966000,60.112228
4.966100,60.102935
4.966200,60.114529
4.966300,60.121196
4.966400,60.114712
4.966500,60.101601
4.966600,60.109390
4.966700,60.109056
4.966800,60.101907
4.966900,60.094986
4.967000,60.087130
4.967100,60.084893
4.967200,60.078744
4.967300,60.065984
4.967400,60.075580
4.967500,60.076841
4.967600,60.074296
4.967700,60.076449
4.967800,60.070063
4.967900,60.074752
4.968000,60.079275
4.968100,60.082311
4.968200,60.084749
4.968300,60.082802
4.968400,60.084708
4.968500,60.084997
4.968600,60.084805
4.968700,60.084290
4.968800,60.084314
4.968900,60.084734
4.969000,60.084237
4.969100,60.083359
4.969200,60.082828
4.969300,60.083470
4.969400,60.085232
4.969500,60.083904
4.969600,60.081328
4.969700,60.079106
4.969800,60.081435
4.969900,60.081107
4.970000,60.082009
4.970100,60.084444
4.970200,60.084423
4.970300,60.087693
4.970400,60.088316
4.970500,60.086605
4.970600,60.084813
4.970700,60.085172
4.970800,60.083263
4.970900,60.083696
4.971000,60.086582
4.971100,60.085793
4.971200,60.083738
4.971300,60.086554
4.971400,60.088055
4.971500,60.090920
4.971600,60.087497
4.971700,60.091129
4.971800,60.093490
4.971900,60.091555
4.972000,60.094018
4.972100,60.093522
4.972200,60.091674
4.972300,60.091183
4.972400,60.092386
4.972500,60.090559
4.972600,60.086349
4.972700,60.081407
4.972800,60.078480
4.972900,60.081823
4.973000,60.076920
4.973100,60.077450
4.973200,60.074384
4.973300,60.067909
4.973400,60.066680
4.973500,60.061275
4.973600,60.066825
4.973700,60.067333
4.973800,60.064368
4.973900,60.055884
4.974000,60.055453
4.974100,60.055099
4.974200,60.048638
4.974300,60.050974
4.974400,60.050106
4.974500,60.059401
4.974600,60.048276
4.974700,60.036359
4.974800,60.049868
4.974900,60.045747
4.975000,60.049875
4.975100,60.055962
4.975200,60.042706
4.975300,60.041309
4.975400,60.037215
4.975500,60.038081
4.975600,60.032576
4.975700,60.044345
4.975800,60.035771
4.975900,60.032022
4.976000,60.035961
4.976100,60.033361
4.976200,60.041070
4.976300,60.036401
4.976400,60.032945
4.976500,60.028699
4.976600,60.024804
4.976700,60.026057
4.976800,60.023571
4.976900,60.022438
4.977000,60.021508
4.977100,60.021268
4.977200,60.021093
4.977300,60.021030
4.977400,60.020378
4.977500,60.019909
4.977600,60.019501
4.977700,60.018719
4.977800,60.018328
4.977900,60.017053
4.978000,60.017066
4.978100,60.016700
4.978200,60.014710
4.978300,60.014414
4.978400,60.014792
4.978500,60.016463
4.978600,60.017011
4.978700,60.019441
4.978800,60.018376
4.978900,60.021370
4.979000,60.020210
4.979100,60.018099
4.979200,60.020410
4.979300,60.018293
4.979400,60.019352
4.979500,60.022047
4.979600,60.020659
4.979700,60.021701
4.979800,60.018282
4.979900,60.015330
4.980000,60.016026
4.980100,60.014242
4.980200,60.015035
4.980300,60.013072
4.980400,60.010004
4.980500,60.010754
4.980600,60.010690
4.980700,60.012436
4.980800,60.011131
4.980900,60.008655
4.981000,60.009378
4.981100,60.013866
4.981200,60.008914
4.981300,60.003699
4.981400,60.003227
4.981500,60.007354
4.981600,60.011945
4.981700,60.012463
4.981800,60.010857
4.981900,60.012093
4.982000,60.012416
4.982100,60.016532
4.982200,60.012797
4.982300,60.011831
4.982400,60.014720
4.982500,60.014341
4.982600,60.007780
4.982700,59.998343
4.982800,59.990657
4.982900,59.983903
4.983000,59.982645
4.983100,59.983498
4.983200,59.980510
4.983300,59.986405
4.983400,59.974017
4.983500,59.964198
4.983600,59.953368
4.983700,59.949111
4.983800,59.947307
4.983900,59.935593
4.984000,59.928188
4.984100,59.931886
4.984200,59.933830
4.984300,59.925699
4.984400,59.930501
4.984500,59.924325
4.984600,59.923291
4.984700,59.926745
4.984800,59.923750
4.984900,59.925716
4.985000,59.922018
4.985100,59.923579
4.985200,59.922027
4.985300,59.923389
4.985400,59.923320
4.985500,59.923279
4.985600,59.923306
4.985700,59.923359
4.985800,59.922649
4.985900,59.923724
4.986000,59.923912
4.986100,59.925443
4.986200,59.923143
4.986300,59.923983
4.986400,59.924241
4.986500,59.922533
4.986600,59.925179
4.986700,59.925379
4.986800,59.925184
4.986900,59.924733
4.987000,59.925178
4.987100,59.927893
4.987200,59.930933
4.987300,59.927911
4.987400,59.925358
4.987500,59.924204
4.987600,59.921350
4.987700,59.923557
4.987800,59.921718
4.987900,59.921442
4.988000,59.923850
4.988100,59.922820
4.988200,59.921821
4.988300,59.920982
4.988400,59.918454
4.988500,59.918431
4.988600,59.914599
4.988700,59.916961
4.988800,59.914850
4.988900,59.917764
4.989000,59.921918
4.989100,59.918878
4.989200,59.923206
4.989300,59.918555
4.989400,59.914337
4.989500,59.910211
4.989600,59.909458
4.989700,59.906307
4.989800,59.910457
4.989900,59.908234
4.990000,59.908343
4.990100,59.903849
4.990200,59.902536
4.990300,59.901222
4.990400,59.899400
4.990500,59.907159
4.990600,59.915094
4.990700,59.917807
4.990800,59.924715
4.990900,59.930094
4.991000,59.927749
4.991100,59.937709
4.991200,59.939637
4.991300,59.948215
4.991400,59.943445
4.991500,59.944829
4.991600,59.953398
4.991700,59.950535
4.991800,59.955558
4.991900,59.955253
4.992000,59.948486
4.992100,59.937105
4.992200,59.939095
4.992300,59.944372
4.992400,59.936157
4.992500,59.929308
4.992600,59.934378
4.992700,59.923622
4.992800,59.919600
4.992900,59.922523
4.993000,59.927919
4.993100,59.931317
4.993200,59.934634
4.993300,59.939475
4.993400,59.938082
4.993500,59.935240
4.993600,59.933965
4.993700,59.933541
4.993800,59.933997
4.993900,59.933780
4.994000,59.933732
4.994100,59.933504
4.994200,59.934017
4.994300,59.934609
4.994400,59.934391
4.994500,59.935266
4.994600,59.937296
4.994700,59.938079
4.994800,59.935963
4.994900,59.936805
4.995000,59.934212
4.995100,59.932444
4.995200,59.929745
4.995300,59.931466
4.995400,59.932969
4.995500,59.932820
4.995600,59.932742
4.995700,59.933564
4.995800,59.935186
4.995900,59.932983
4.996000,59.935750
4.996100,59.936566
4.996200,59.937720
4.996300,59.937334
4.996400,59.933934
4.996500,59.930940
4.996600,59.927648
4.996700,59.925935
4.996800,59.928334
4.996900,59.930993
4.997000,59.927432
4.997100,59.929302
4.997200,59.927960
4.997300,59.927282
4.997400,59.927521
4.997500,59.928224
4.997600,59.928320
4.997700,59.930687
4.997800,59.927826
4.997900,59.927846
4.998000,59.928542
4.998100,59.923906
4.998200,59.928061
4.998300,59.932746
4.998400,59.932348
4.998500,59.928429
4.998600,59.934851
4.998700,59.930917
4.998800,59.930590
4.998900,59.935178
4.999000,59.932307
4.999100,59.936220
4.999200,59.942708
4.999300,59.950132
4.999400,59.950200
4.999500,59.948206
4.999600,59.958713
4.999700,59.966380
4.999800,59.977436
4.999900,59.978429
