t,f_hat
2.500000,55.024481
2.500100,55.018422
2.500200,55.011443
2.500300,55.017365
2.500400,55.025095
2.500500,55.025603
2.500600,55.021075
2.500700,55.019305
2.500800,55.019320
2.500900,55.019365
2.501000,55.017877
2.501100,55.017426
2.501200,55.018068
2.501300,55.018081
2.501400,55.019184
2.501500,55.017780
2.501600,55.018392
2.501700,55.017918
2.501800,55.017856
2.501900,55.018083
2.502000,55.018241
2.502100,55.018107
2.502200,55.017826
2.502300,55.017933
2.502400,55.017926
2.502500,55.017989
2.502600,55.018081
2.502700,55.017670
2.502800,55.017335
2.502900,55.017476
2.503000,55.017454
2.503100,55.017603
2.503200,55.017656
2.503300,55.017977
2.503400,55.017477
2.503500,55.017235
2.503600,55.017070
2.503700,55.017025
2.503800,55.016972
2.503900,55.017409
2.504000,55.017411
2.504100,55.017180
2.504200,55.016968
2.504300,55.017223
2.504400,55.017194
2.504500,55.016993
2.504600,55.017080
2.504700,55.016941
2.504800,55.017282
2.504900,55.016908
2.505000,55.016548
2.505100,55.016417
2.505200,55.016367
2.505300,55.016262
2.505400,55.016526
2.505500,55.016766
2.505600,55.016633
2.505700,55.016897
2.505800,55.015816
2.505900,55.016097
2.506000,55.016105
2.506100,55.015732
2.506200,55.015838
2.506300,55.014785
2.506400,55.015909
2.506500,55.016250
2.506600,55.016637
2.506700,55.015246
2.506800,55.015989
2.506900,55.016528
2.507000,55.017453
2.507100,55.016250
2.507200,55.014719
2.507300,55.015800
2.507400,55.015524
2.507500,55.015306
2.507600,55.013879
2.507700,55.012827
2.507800,55.008806
2.507900,55.012238
2.508000,55.011167
2.508100,55.016733
2.508200,55.019145
2.508300,55.023120
2.508400,55.029603
2.508500,55.021462
2.508600,55.026094
2.508700,55.009087
2.508800,55.007609
2.508900,55.020406
2.509000,54.999237
2.509100,55.002410
2.509200,54.989801
2.509300,54.985033
2.509400,54.987946
2.509500,54.997764
2.509600,54.995542
2.509700,54.995443
2.509800,54.993953
2.509900,54.993894
2.510000,54.993905
2.510100,54.993394
2.510200,54.994244
2.510300,54.993247
2.510400,54.991629
2.510500,54.991379
2.510600,54.991510
2.510700,54.991729
2.510800,54.991668
2.510900,54.991834
2.511000,54.992103
2.511100,54.991714
2.511200,54.991636
2.511300,54.991745
2.511400,54.991570
2.511500,54.991681
2.511600,54.991904
2.511700,54.991604
2.511800,54.991458
2.511900,54.991155
2.512000,54.991333
2.512100,54.990923
2.512200,54.990977
2.512300,54.990908
2.512400,54.991387
2.512500,54.991310
2.512600,54.991066
2.512700,54.990857
2.512800,54.990871
2.512900,54.991075
2.513000,54.991257
2.513100,54.991094
2.513200,54.990727
2.513300,54.990284
2.513400,54.990346
2.513500,54.990323
2.513600,54.990482
2.513700,54.990260
2.513800,54.990295
2.513900,54.990819
2.514000,54.990260
2.514100,54.990781
2.514200,54.990746
2.514300,54.990763
2.514400,54.990242
2.514500,54.990120
2.514600,54.989640
2.514700,54.990271
2.514800,54.990394
2.514900,54.989863
2.515000,54.990441
2.515100,54.990150
2.515200,54.990263
2.515300,54.990173
2.515400,54.989360
2.515500,54.988654
2.515600,54.990066
2.515700,54.989514
2.515800,54.989539
2.515900,54.989100
2.516000,54.989006
2.516100,54.989398
2.516200,54.990250
2.516300,54.989993
2.516400,54.991134
2.516500,54.990171
2.516600,54.988370
2.516700,54.989271
2.516800,54.991307
2.516900,54.990987
2.517000,54.995643
2.517100,54.990118
2.517200,54.995829
2.517300,54.996306
2.517400,54.993944
2.517500,54.993361
2.517600,54.994076
2.517700,54.997654
2.517800,54.991584
2.517900,54.993215
2.518000,54.978755
2.518100,54.993310
2.518200,54.970537
2.518300,54.983233
2.518400,54.983737
2.518500,54.985033
2.518600,54.974318
2.518700,54.979340
2.518800,54.979975
2.518900,54.979787
2.519000,54.979885
2.519100,54.979726
2.519200,54.979678
2.519300,54.979190
2.519400,54.978904
2.519500,54.978083
2.519600,54.978172
2.519700,54.978257
2.519800,54.978632
2.519900,54.978085
2.520000,54.977927
2.520100,54.978292
2.520200,54.978838
2.520300,54.978329
2.520400,54.977690
2.520500,54.977953
2.520600,54.977522
2.520700,54.977627
2.520800,54.977803
2.520900,54.977382
2.521000,54.977614
2.521100,54.977719
2.521200,54.977421
2.521300,54.977497
2.521400,54.977369
2.521500,54.977438
2.521600,54.977784
2.521700,54.977268
2.521800,54.977520
2.521900,54.977452
2.522000,54.977427
2.522100,54.977265
2.522200,54.977377
2.522300,54.977174
2.522400,54.976956
2.522500,54.977258
2.522600,54.976987
2.522700,54.976485
2.522800,54.976604
2.522900,54.976752
2.523000,54.976603
2.523100,54.976705
2.523200,54.976638
2.523300,54.976713
2.523400,54.976609
2.523500,54.976896
2.523600,54.976578
2.523700,54.976751
2.523800,54.976541
2.523900,54.977009
2.524000,54.977284
2.524100,54.976186
2.524200,54.975740
2.524300,54.976118
2.524400,54.975933
2.524500,54.976116
2.524600,54.975226
2.524700,54.975253
2.524800,54.976231
2.524900,54.976032
2.525000,54.977415
2.525100,54.976824
2.525200,54.976023
2.525300,54.975377
2.525400,54.976833
2.525500,54.975183
2.525600,54.977035
2.525700,54.975139
2.525800,54.976367
2.525900,54.980580
2.526000,54.977702
2.526100,54.973956
2.526200,54.971954
2.526300,54.974244
2.526400,54.977974
2.526500,54.968845
2.526600,54.968095
2.526700,54.977460
2.526800,54.964487
2.526900,54.981276
2.527000,54.983033
2.527100,54.976680
2.527200,54.997914
2.527300,54.982327
2.527400,54.973989
2.527500,54.966311
2.527600,54.970628
2.527700,54.980417
2.527800,54.983175
2.527900,54.987725
2.528000,54.984890
2.528100,54.984751
2.528200,54.985214
2.528300,54.983763
2.528400,54.982308
2.528500,54.982476
2.528600,54.983010
2.528700,54.983950
2.528800,54.984932
2.528900,54.984022
2.529000,54.984027
2.529100,54.983822
2.529200,54.984719
2.529300,54.984974
2.529400,54.984417
2.529500,54.984166
2.529600,54.983784
2.529700,54.983628
2.529800,54.983967
2.529900,54.984320
2.530000,54.984072
2.530100,54.983566
2.530200,54.983769
2.530300,54.983914
2.530400,54.983818
2.530500,54.983693
2.530600,54.983712
2.530700,54.983696
2.530800,54.983562
2.530900,54.983630
2.531000,54.983592
2.531100,54.983414
2.531200,54.983566
2.531300,54.983775
2.531400,54.983951
2.531500,54.983298
2.531600,54.983150
2.531700,54.983061
2.531800,54.983208
2.531900,54.983441
2.532000,54.983267
2.532100,54.983215
2.532200,54.983159
2.532300,54.983160
2.532400,54.982878
2.532500,54.982896
2.532600,54.983109
2.532700,54.982499
2.532800,54.982275
2.532900,54.983254
2.533000,54.982773
2.533100,54.983843
2.533200,54.983061
2.533300,54.982850
2.533400,54.982418
2.533500,54.983217
2.533600,54.982570
2.533700,54.982530
2.533800,54.983888
2.533900,54.982971
2.534000,54.982332
2.534100,54.983479
2.534200,54.983327
2.534300,54.982815
2.534400,54.983168
2.534500,54.980512
2.534600,54.982845
2.534700,54.982564
2.534800,54.980903
2.534900,54.981797
2.535000,54.978863
2.535100,54.979355
2.535200,54.979039
2.535300,54.981130
2.535400,54.981967
2.535500,54.983603
2.535600,54.987293
2.535700,54.980247
2.535800,54.974196
2.535900,54.982287
2.536000,54.983626
2.536100,55.002281
2.536200,55.015997
2.536300,55.018722
2.536400,55.033210
2.536500,55.036536
2.536600,55.028284
2.536700,55.020187
2.536800,55.021319
2.536900,55.019813
2.537000,55.022237
2.537100,55.021755
2.537200,55.021738
2.537300,55.022110
2.537400,55.021577
2.537500,55.022624
2.537600,55.021608
2.537700,55.022884
2.537800,55.021243
2.537900,55.021590
2.538000,55.021397
2.538100,55.021006
2.538200,55.021479
2.538300,55.020487
2.538400,55.021044
2.538500,55.021485
2.538600,55.021526
2.538700,55.021350
2.538800,55.021267
2.538900,55.021350
2.539000,55.021490
2.539100,55.021456
2.539200,55.021291
2.539300,55.020866
2.539400,55.020863
2.539500,55.020928
2.539600,55.020836
2.539700,55.020602
2.539800,55.020789
2.539900,55.020640
2.540000,55.020831
2.540100,55.020922
2.540200,55.020879
2.540300,55.020539
2.540400,55.020784
2.540500,55.020748
2.540600,55.020750
2.540700,55.020162
2.540800,55.020187
2.540900,55.020365
2.541000,55.020257
2.541100,55.020138
2.541200,55.020102
2.541300,55.020176
2.541400,55.020203
2.541500,55.020249
2.541600,55.020641
2.541700,55.020629
2.541800,55.020298
2.541900,55.020255
2.542000,55.019786
2.542100,55.020054
2.542200,55.019597
2.542300,55.019528
2.542400,55.019887
2.542500,55.019792
2.542600,55.019490
2.542700,55.020367
2.542800,55.020815
2.542900,55.020401
2.543000,55.020131
2.543100,55.020052
2.543200,55.019326
2.543300,55.019602
2.543400,55.017999
2.543500,55.017167
2.543600,55.019158
2.543700,55.020770
2.543800,55.018963
2.543900,55.021164
2.544000,55.018758
2.544100,55.018520
2.544200,55.018143
2.544300,55.012968
2.544400,55.019868
2.544500,55.025982
2.544600,55.020145
2.544700,55.022502
2.544800,55.016697
2.544900,55.017079
2.545000,55.011874
2.545100,55.020059
2.545200,55.030204
2.545300,55.017925
2.545400,55.013678
2.545500,55.011819
2.545600,55.001754
2.545700,54.996004
2.545800,54.992634
2.545900,54.989976
2.546000,54.992381
2.546100,54.993059
2.546200,54.992584
2.546300,54.992162
2.546400,54.992006
2.546500,54.992829
2.546600,54.991113
2.546700,54.992460
2.546800,54.990762
2.546900,54.990870
2.547000,54.990666
2.547100,54.991002
2.547200,54.991361
2.547300,54.990992
2.547400,54.990934
2.547500,54.990708
2.547600,54.990734
2.547700,54.990709
2.547800,54.990466
2.547900,54.990375
2.548000,54.990381
2.548100,54.990609
2.548200,54.990458
2.548300,54.990490
2.548400,54.990240
2.548500,54.990285
2.548600,54.990114
2.548700,54.990151
2.548800,54.990165
2.548900,54.990364
2.549000,54.990053
2.549100,54.989790
2.549200,54.990153
2.549300,54.989888
2.549400,54.989980
2.549500,54.989809
2.549600,54.989651
2.549700,54.989879
2.549800,54.989918
2.549900,54.989715
2.550000,54.989730
2.550100,54.989588
2.550200,54.989395
2.550300,54.989119
2.550400,54.988742
2.550500,54.989407
2.550600,54.989260
2.550700,54.989381
2.550800,54.989246
2.550900,54.988965
2.551000,54.989820
2.551100,54.989169
2.551200,54.989387
2.551300,54.988636
2.551400,54.989192
2.551500,54.989516
2.551600,54.989285
2.551700,54.988825
2.551800,54.988130
2.551900,54.989730
2.552000,54.988559
2.552100,54.989483
2.552200,54.989719
2.552300,54.988106
2.552400,54.986872
2.552500,54.988331
2.552600,54.988946
2.552700,54.989025
2.552800,54.988868
2.552900,54.987234
2.553000,54.990413
2.553100,54.990679
2.553200,54.987829
2.553300,54.989452
2.553400,54.994892
2.553500,54.991629
2.553600,54.987589
2.553700,54.982423
2.553800,54.990525
2.553900,54.997500
2.554000,55.002721
2.554100,55.000073
2.554200,54.987340
2.554300,55.002333
2.554400,55.011537
2.554500,54.999499
2.554600,54.996959
2.554700,54.991011
2.554800,54.988951
2.554900,54.994621
2.555000,54.998654
2.555100,55.000208
2.555200,55.002717
2.555300,55.002119
2.555400,55.002121
2.555500,55.001022
2.555600,55.002378
2.555700,55.003023
2.555800,55.001663
2.555900,55.000346
2.556000,55.001378
2.556100,55.002787
2.556200,55.002455
2.556300,55.002929
2.556400,55.002200
2.556500,55.002347
2.556600,55.002165
2.556700,55.002016
2.556800,55.001364
2.556900,55.001754
2.557000,55.001368
2.557100,55.001534
2.557200,55.001447
2.557300,55.001593
2.557400,55.001314
2.557500,55.001450
2.557600,55.001618
2.557700,55.001553
2.557800,55.001243
2.557900,55.001604
2.558000,55.001492
2.558100,55.001361
2.558200,55.001103
2.558300,55.001166
2.558400,55.000909
2.558500,55.001095
2.558600,55.000917
2.558700,55.001203
2.558800,55.001249
2.558900,55.001542
2.559000,55.001210
2.559100,55.000929
2.559200,55.000873
2.559300,55.000888
2.559400,55.000954
2.559500,55.001055
2.559600,55.000655
2.559700,55.000176
2.559800,55.000778
2.559900,55.000915
2.560000,55.000995
2.560100,55.000275
2.560200,55.000538
2.560300,55.000499
2.560400,55.000205
2.560500,54.999481
2.560600,54.999998
2.560700,54.999066
2.560800,54.999865
2.560900,55.000597
2.561000,55.001056
2.561100,55.000335
2.561200,55.001405
2.561300,55.000905
2.561400,55.000733
2.561500,55.001329
2.561600,55.000669
2.561700,54.999374
2.561800,54.999427
2.561900,54.998271
2.562000,54.999083
2.562100,54.999981
2.562200,54.999298
2.562300,55.002227
2.562400,55.003953
2.562500,55.006242
2.562600,55.003124
2.562700,55.000936
2.562800,55.001649
2.562900,55.004385
2.563000,55.007020
2.563100,55.012574
2.563200,54.999410
2.563300,54.986821
2.563400,54.994222
2.563500,54.972490
2.563600,54.972844
2.563700,54.991831
2.563800,54.987965
2.563900,54.984971
2.564000,54.983678
2.564100,54.986470
2.564200,54.984889
2.564300,54.984453
2.564400,54.984379
2.564500,54.984312
2.564600,54.984029
2.564700,54.985218
2.564800,54.985673
2.564900,54.983983
2.565000,54.983476
2.565100,54.983052
2.565200,54.983425
2.565300,54.982281
2.565400,54.982187
2.565500,54.981883
2.565600,54.982121
2.565700,54.982290
2.565800,54.982568
2.565900,54.982566
2.566000,54.982188
2.566100,54.981971
2.566200,54.982103
2.566300,54.981940
2.566400,54.982344
2.566500,54.982189
2.566600,54.981900
2.566700,54.982002
2.566800,54.982277
2.566900,54.982107
2.567000,54.981783
2.567100,54.981859
2.567200,54.981858
2.567300,54.981703
2.567400,54.981619
2.567500,54.981773
2.567600,54.981694
2.567700,54.981355
2.567800,54.981582
2.567900,54.981687
2.568000,54.981423
2.568100,54.981503
2.568200,54.981506
2.568300,54.981537
2.568400,54.981368
2.568500,54.981301
2.568600,54.981081
2.568700,54.981537
2.568800,54.981037
2.568900,54.981608
2.569000,54.981502
2.569100,54.981371
2.569200,54.981670
2.569300,54.981214
2.569400,54.981123
2.569500,54.980326
2.569600,54.980840
2.569700,54.981210
2.569800,54.980092
2.569900,54.979590
2.570000,54.980628
2.570100,54.980963
2.570200,54.980973
2.570300,54.979241
2.570400,54.980717
2.570500,54.981914
2.570600,54.980833
2.570700,54.982474
2.570800,54.981130
2.570900,54.980326
2.571000,54.979854
2.571100,54.982778
2.571200,54.983999
2.571300,54.984943
2.571400,54.982202
2.571500,54.982615
2.571600,54.983034
2.571700,54.979296
2.571800,54.978764
2.571900,54.970290
2.572000,54.966977
2.572100,54.973097
2.572200,54.984666
2.572300,55.001136
2.572400,55.008164
2.572500,54.998779
2.572600,55.016971
2.572700,55.023452
2.572800,55.018508
2.572900,55.019767
2.573000,55.016780
2.573100,55.010988
2.573200,55.016880
2.573300,55.015132
2.573400,55.015417
2.573500,55.015531
2.573600,55.015513
2.573700,55.014811
2.573800,55.015252
2.573900,55.014716
2.574000,55.015332
2.574100,55.013796
2.574200,55.013811
2.574300,55.013035
2.574400,55.013640
2.574500,55.014250
2.574600,55.014187
2.574700,55.014046
2.574800,55.014685
2.574900,55.014538
2.575000,55.014571
2.575100,55.014455
2.575200,55.014376
2.575300,55.014340
2.575400,55.013909
2.575500,55.014158
2.575600,55.014032
2.575700,55.014229
2.575800,55.014085
2.575900,55.013668
2.576000,55.013739
2.576100,55.013507
2.576200,55.013352
2.576300,55.013798
2.576400,55.013633
2.576500,55.013910
2.576600,55.014089
2.576700,55.013777
2.576800,55.013676
2.576900,55.013410
2.577000,55.013620
2.577100,55.013584
2.577200,55.013006
2.577300,55.013672
2.577400,55.013392
2.577500,55.013145
2.577600,55.013520
2.577700,55.013049
2.577800,55.013106
2.577900,55.013222
2.578000,55.013100
2.578100,55.013461
2.578200,55.013212
2.578300,55.012968
2.578400,55.012654
2.578500,55.012676
2.578600,55.012574
2.578700,55.012650
2.578800,55.012177
2.578900,55.012996
2.579000,55.012753
2.579100,55.013721
2.579200,55.012798
2.579300,55.012929
2.579400,55.011940
2.579500,55.013495
2.579600,55.012254
2.579700,55.012212
2.579800,55.011208
2.579900,55.012069
2.580000,55.012559
2.580100,55.012268
2.580200,55.014211
2.580300,55.014001
2.580400,55.014886
2.580500,55.014772
2.580600,55.014423
2.580700,55.014019
2.580800,55.009663
2.580900,55.008346
2.581000,55.015602
2.581100,55.008570
2.581200,55.003788
2.581300,55.001779
2.581400,54.999597
2.581500,54.984164
2.581600,54.970168
2.581700,54.965511
2.581800,54.949067
2.581900,54.958346
2.582000,54.963411
2.582100,54.967682
2.582200,54.963069
2.582300,54.963044
2.582400,54.958479
2.582500,54.960434
2.582600,54.960020
2.582700,54.960201
2.582800,54.959789
2.582900,54.959880
2.583000,54.958302
2.583100,54.958989
2.583200,54.959520
2.583300,54.958659
2.583400,54.957852
2.583500,54.958023
2.583600,54.958422
2.583700,54.957754
2.583800,54.957849
2.583900,54.957679
2.584000,54.957874
2.584100,54.958495
2.584200,54.958336
2.584300,54.958380
2.584400,54.958132
2.584500,54.957966
2.584600,54.957906
2.584700,54.958074
2.584800,54.957889
2.584900,54.957576
2.585000,54.957745
2.585100,54.957428
2.585200,54.957798
2.585300,54.957572
2.585400,54.957719
2.585500,54.957528
2.585600,54.957378
2.585700,54.957472
2.585800,54.957337
2.585900,54.956999
2.586000,54.956954
2.586100,54.956977
2.586200,54.956938
2.586300,54.956739
2.586400,54.957047
2.586500,54.956792
2.586600,54.956808
2.586700,54.956964
2.586800,54.957118
2.586900,54.956756
2.587000,54.957312
2.587100,54.956650
2.587200,54.957531
2.587300,54.956967
2.587400,54.956483
2.587500,54.956630
2.587600,54.957359
2.587700,54.957224
2.587800,54.956648
2.587900,54.956399
2.588000,54.956652
2.588100,54.956861
2.588200,54.957442
2.588300,54.956244
2.588400,54.956253
2.588500,54.956528
2.588600,54.955326
2.588700,54.955785
2.588800,54.956856
2.588900,54.955245
2.589000,54.957461
2.589100,54.958953
2.589200,54.958179
2.589300,54.956536
2.589400,54.954097
2.589500,54.956190
2.589600,54.956377
2.589700,54.961483
2.589800,54.966277
2.589900,54.970280
2.590000,54.963405
2.590100,54.966888
2.590200,54.965373
2.590300,54.962669
2.590400,54.963642
2.590500,54.948025
2.590600,54.956793
2.590700,54.959421
2.590800,54.965965
2.590900,54.961911
2.591000,54.968158
2.591100,54.966999
2.591200,54.980358
2.591300,54.981833
2.591400,54.984865
2.591500,54.985009
2.591600,54.984974
2.591700,54.985432
2.591800,54.985306
2.591900,54.986259
2.592000,54.984528
2.592100,54.985719
2.592200,54.986545
2.592300,54.985484
2.592400,54.985680
2.592500,54.985178
2.592600,54.986226
2.592700,54.986398
2.592800,54.985587
2.592900,54.986092
2.593000,54.985951
2.593100,54.985619
2.593200,54.985514
2.593300,54.985553
2.593400,54.985983
2.593500,54.985292
2.593600,54.985220
2.593700,54.985446
2.593800,54.985625
2.593900,54.985432
2.594000,54.985453
2.594100,54.985202
2.594200,54.985540
2.594300,54.985814
2.594400,54.985735
2.594500,54.985489
2.594600,54.985321
2.594700,54.985292
2.594800,54.984967
2.594900,54.985146
2.595000,54.985287
2.595100,54.984959
2.595200,54.984764
2.595300,54.984642
2.595400,54.984928
2.595500,54.984995
2.595600,54.984434
2.595700,54.984870
2.595800,54.984909
2.595900,54.984779
2.596000,54.984926
2.596100,54.984835
2.596200,54.984974
2.596300,54.984805
2.596400,54.984869
2.596500,54.983952
2.596600,54.984479
2.596700,54.984043
2.596800,54.983897
2.596900,54.983009
2.597000,54.983929
2.597100,54.984231
2.597200,54.984091
2.597300,54.984366
2.597400,54.984574
2.597500,54.985109
2.597600,54.985431
2.597700,54.985840
2.597800,54.984058
2.597900,54.984704
2.598000,54.984929
2.598100,54.984665
2.598200,54.983229
2.598300,54.984672
2.598400,54.986749
2.598500,54.987688
2.598600,54.986129
2.598700,54.988441
2.598800,54.986951
2.598900,54.981690
2.599000,54.983385
2.599100,54.985002
2.599200,54.987316
2.599300,54.976857
2.599400,54.978205
2.599500,54.988654
2.599600,54.995536
2.599700,54.983824
2.599800,54.980250
2.599900,54.991038
2.600000,54.995467
2.600100,55.003357
2.600200,55.013163
2.600300,55.018506
2.600400,55.025684
2.600500,55.024179
2.600600,55.023487
2.600700,55.023622
2.600800,55.023396
2.600900,55.023126
2.601000,55.023355
2.601100,55.022650
2.601200,55.023540
2.601300,55.024400
2.601400,55.023627
2.601500,55.024051
2.601600,55.025245
2.601700,55.024474
2.601800,55.024746
2.601900,55.024603
2.602000,55.024889
2.602100,55.025013
2.602200,55.024699
2.602300,55.024239
2.602400,55.024107
2.602500,55.024077
2.602600,55.024331
2.602700,55.024068
2.602800,55.024165
2.602900,55.024148
2.603000,55.024414
2.603100,55.024093
2.603200,55.024235
2.603300,55.023984
2.603400,55.024014
2.603500,55.023869
2.603600,55.024038
2.603700,55.024203
2.603800,55.023885
2.603900,55.023753
2.604000,55.024077
2.604100,55.023797
2.604200,55.023853
2.604300,55.023910
2.604400,55.023989
2.604500,55.023848
2.604600,55.023201
2.604700,55.023561
2.604800,55.023539
2.604900,55.023484
2.605000,55.023412
2.605100,55.023743
2.605200,55.023478
2.605300,55.022769
2.605400,55.023673
2.605500,55.023828
2.605600,55.023551
2.605700,55.022905
2.605800,55.022618
2.605900,55.023313
2.606000,55.023129
2.606100,55.022661
2.606200,55.022905
2.606300,55.023120
2.606400,55.022354
2.606500,55.023765
2.606600,55.023451
2.606700,55.023933
2.606800,55.023863
2.606900,55.022954
2.607000,55.023378
2.607100,55.024105
2.607200,55.021523
2.607300,55.024727
2.607400,55.023445
2.607500,55.025524
2.607600,55.026032
2.607700,55.027864
2.607800,55.024258
2.607900,55.024240
2.608000,55.024659
2.608100,55.030654
2.608200,55.023553
2.608300,55.029063
2.608400,55.031018
2.608500,55.028227
2.608600,55.026697
2.608700,55.011029
2.608800,55.007181
2.608900,54.996766
2.609000,55.002528
2.609100,55.018126
2.609200,55.000155
2.609300,55.016078
2.609400,55.018106
2.609500,55.015366
2.609600,55.014024
2.609700,55.014237
2.609800,55.014571
2.609900,55.014447
2.610000,55.014237
2.610100,55.014995
2.610200,55.014065
2.610300,55.015134
2.610400,55.015763
2.610500,55.014548
2.610600,55.014387
2.610700,55.014446
2.610800,55.014820
2.610900,55.015002
2.611000,55.014510
2.611100,55.014308
2.611200,55.013846
2.611300,55.013924
2.611400,55.014153
2.611500,55.014286
2.611600,55.014282
2.611700,55.014032
2.611800,55.014208
2.611900,55.013584
2.612000,55.013634
2.612100,55.014161
2.612200,55.013799
2.612300,55.013664
2.612400,55.013829
2.612500,55.013543
2.612600,55.013571
2.612700,55.013628
2.612800,55.013199
2.612900,55.013447
2.613000,55.013427
2.613100,55.013694
2.613200,55.013535
2.613300,55.013688
2.613400,55.013748
2.613500,55.013533
2.613600,55.012998
2.613700,55.012995
2.613800,55.013297
2.613900,55.013570
2.614000,55.013053
2.614100,55.012827
2.614200,55.013273
2.614300,55.013558
2.614400,55.013655
2.614500,55.012924
2.614600,55.013080
2.614700,55.012740
2.614800,55.012314
2.614900,55.012913
2.615000,55.012632
2.615100,55.012710
2.615200,55.012396
2.615300,55.012493
2.615400,55.011437
2.615500,55.013067
2.615600,55.013324
2.615700,55.012875
2.615800,55.012959
2.615900,55.012885
2.616000,55.013697
2.616100,55.013335
2.616200,55.012388
2.616300,55.013050
2.616400,55.014788
2.616500,55.012910
2.616600,55.012049
2.616700,55.012643
2.616800,55.012850
2.616900,55.013324
2.617000,55.013738
2.617100,55.019158
2.617200,55.012472
2.617300,55.016158
2.617400,55.016643
2.617500,55.007581
2.617600,55.002576
2.617700,55.008010
2.617800,54.995957
2.617900,54.999863
2.618000,55.006205
2.618100,55.004661
2.618200,55.015235
2.618300,55.031003
2.618400,55.016684
2.618500,55.008094
2.618600,54.998853
2.618700,55.005263
2.618800,55.005520
2.618900,55.004917
2.619000,55.004829
2.619100,55.004508
2.619200,55.003967
2.619300,55.004180
2.619400,55.005125
2.619500,55.004043
2.619600,55.003732
2.619700,55.003990
2.619800,55.003568
2.619900,55.004046
2.620000,55.003955
2.620100,55.003922
2.620200,55.004541
2.620300,55.004231
2.620400,55.003732
2.620500,55.003790
2.620600,55.003836
2.620700,55.003915
2.620800,55.003566
2.620900,55.003522
2.621000,55.003589
2.621100,55.003730
2.621200,55.003183
2.621300,55.003333
2.621400,55.003367
2.621500,55.003181
2.621600,55.003325
2.621700,55.003232
2.621800,55.003442
2.621900,55.003253
2.622000,55.003022
2.622100,55.003020
2.622200,55.003276
2.622300,55.002920
2.622400,55.003432
2.622500,55.003528
2.622600,55.003007
2.622700,55.002867
2.622800,55.002995
2.622900,55.002951
2.623000,55.003017
2.623100,55.002915
2.623200,55.003085
2.623300,55.002967
2.623400,55.003102
2.623500,55.002984
2.623600,55.002624
2.623700,55.002900
2.623800,55.003241
2.623900,55.002418
2.624000,55.002778
2.624100,55.002610
2.624200,55.002640
2.624300,55.002013
2.624400,55.002907
2.624500,55.002202
2.624600,55.002521
2.624700,55.002967
2.624800,55.002799
2.624900,55.002071
2.625000,55.003479
2.625100,55.003827
2.625200,55.002814
2.625300,55.002254
2.625400,55.002038
2.625500,55.001124
2.625600,55.002544
2.625700,55.001001
2.625800,55.003183
2.625900,55.001179
2.626000,55.004576
2.626100,54.999108
2.626200,54.995837
2.626300,55.002248
2.626400,54.996148
2.626500,54.997742
2.626600,54.993587
2.626700,54.985497
2.626800,54.998128
2.626900,55.000894
2.627000,55.020959
2.627100,55.014961
2.627200,55.018609
2.627300,55.030541
2.627400,55.023379
2.627500,55.008098
2.627600,55.000907
2.627700,55.001288
2.627800,54.997072
2.627900,54.997671
2.628000,54.998162
2.628100,54.998137
2.628200,54.999013
2.628300,54.998733
2.628400,54.998132
2.628500,54.997555
2.628600,54.996392
2.628700,54.996750
2.628800,54.996950
2.628900,54.996458
2.629000,54.996325
2.629100,54.996217
2.629200,54.995836
2.629300,54.995933
2.629400,54.995898
2.629500,54.995753
2.629600,54.995393
2.629700,54.995480
2.629800,54.995280
2.629900,54.995420
2.630000,54.995490
2.630100,54.995285
2.630200,54.995610
2.630300,54.995274
2.630400,54.995369
2.630500,54.995705
2.630600,54.995068
2.630700,54.994797
2.630800,54.995286
2.630900,54.995306
2.631000,54.995181
2.631100,54.995151
2.631200,54.995211
2.631300,54.995284
2.631400,54.994836
2.631500,54.994854
2.631600,54.994344
2.631700,54.994849
2.631800,54.994951
2.631900,54.994864
2.632000,54.995205
2.632100,54.995147
2.632200,54.994670
2.632300,54.994937
2.632400,54.994574
2.632500,54.994945
2.632600,54.994737
2.632700,54.994623
2.632800,54.995197
2.632900,54.994563
2.633000,54.993666
2.633100,54.994131
2.633200,54.993664
2.633300,54.994238
2.633400,54.994472
2.633500,54.994868
2.633600,54.994410
2.633700,54.993946
2.633800,54.994449
2.633900,54.994381
2.634000,54.994289
2.634100,54.995155
2.634200,54.995373
2.634300,54.994145
2.634400,54.993453
2.634500,54.993363
2.634600,54.992578
2.634700,54.995116
2.634800,54.995390
2.634900,54.995347
2.635000,54.995948
2.635100,54.995065
2.635200,54.993317
2.635300,54.991008
2.635400,54.986859
2.635500,54.984180
2.635600,54.983181
2.635700,54.986058
2.635800,54.988365
2.635900,54.989001
2.636000,54.998035
2.636100,55.013071
2.636200,54.997299
2.636300,55.008800
2.636400,55.024263
2.636500,55.023782
2.636600,55.009677
2.636700,55.012916
2.636800,55.012877
2.636900,55.012517
2.637000,55.010683
2.637100,55.010298
2.637200,55.010312
2.637300,55.009122
2.637400,55.009894
2.637500,55.009804
2.637600,55.009675
2.637700,55.008195
2.637800,55.007088
2.637900,55.007308
2.638000,55.007348
2.638100,55.008132
2.638200,55.008536
2.638300,55.008166
2.638400,55.008091
2.638500,55.008057
2.638600,55.008122
2.638700,55.008195
2.638800,55.008360
2.638900,55.008170
2.639000,55.007891
2.639100,55.008378
2.639200,55.008241
2.639300,55.008231
2.639400,55.008109
2.639500,55.008289
2.639600,55.007867
2.639700,55.007772
2.639800,55.007822
2.639900,55.007845
2.640000,55.007920
2.640100,55.007969
2.640200,55.007897
2.640300,55.008047
2.640400,55.007897
2.640500,55.008023
2.640600,55.008046
2.640700,55.007485
2.640800,55.007274
2.640900,55.007728
2.641000,55.007661
2.641100,55.007323
2.641200,55.007162
2.641300,55.007486
2.641400,55.007196
2.641500,55.007738
2.641600,55.007699
2.641700,55.007378
2.641800,55.007656
2.641900,55.007914
2.642000,55.007490
2.642100,55.007500
2.642200,55.007008
2.642300,55.007213
2.642400,55.007464
2.642500,55.007010
2.642600,55.006126
2.642700,55.006935
2.642800,55.007585
2.642900,55.008040
2.643000,55.006955
2.643100,55.007298
2.643200,55.007221
2.643300,55.007360
2.643400,55.006249
2.643500,55.008817
2.643600,55.006693
2.643700,55.007333
2.643800,55.006069
2.643900,55.002754
2.644000,55.006530
2.644100,55.004813
2.644200,55.005209
2.644300,55.004238
2.644400,55.008208
2.644500,55.013055
2.644600,55.009046
2.644700,55.002276
2.644800,55.002708
2.644900,54.997929
2.645000,54.988438
2.645100,54.994524
2.645200,54.998418
2.645300,54.978082
2.645400,54.978119
2.645500,54.957318
2.645600,54.944802
2.645700,54.937717
2.645800,54.936602
2.645900,54.944036
2.646000,54.948979
2.646100,54.948335
2.646200,54.948591
2.646300,54.948620
2.646400,54.948702
2.646500,54.949780
2.646600,54.949012
2.646700,54.948852
2.646800,54.949415
2.646900,54.950389
2.647000,54.950147
2.647100,54.948828
2.647200,54.948365
2.647300,54.948710
2.647400,54.948881
2.647500,54.948738
2.647600,54.948678
2.647700,54.948903
2.647800,54.948325
2.647900,54.948142
2.648000,54.948647
2.648100,54.948355
2.648200,54.948113
2.648300,54.948121
2.648400,54.948197
2.648500,54.948123
2.648600,54.948298
2.648700,54.947997
2.648800,54.947849
2.648900,54.948159
2.649000,54.948303
2.649100,54.947741
2.649200,54.947702
2.649300,54.947780
2.649400,54.947498
2.649500,54.947658
2.649600,54.947737
2.649700,54.947817
2.649800,54.947441
2.649900,54.947359
2.650000,54.947533
2.650100,54.947520
2.650200,54.947319
2.650300,54.947137
2.650400,54.947446
2.650500,54.947317
2.650600,54.947179
2.650700,54.947357
2.650800,54.947226
2.650900,54.946440
2.651000,54.947111
2.651100,54.947169
2.651200,54.947217
2.651300,54.947228
2.651400,54.947319
2.651500,54.946688
2.651600,54.947236
2.651700,54.947584
2.651800,54.946855
2.651900,54.946611
2.652000,54.946677
2.652100,54.946351
2.652200,54.946019
2.652300,54.946973
2.652400,54.947626
2.652500,54.947711
2.652600,54.947055
2.652700,54.947461
2.652800,54.946144
2.652900,54.949108
2.653000,54.949876
2.653100,54.949936
2.653200,54.948148
2.653300,54.947796
2.653400,54.949383
2.653500,54.942954
2.653600,54.947314
2.653700,54.948962
2.653800,54.951122
2.653900,54.962029
2.654000,54.966469
2.654100,54.974289
2.654200,54.971750
2.654300,54.970757
2.654400,54.974770
2.654500,54.979392
2.654600,54.972414
2.654700,54.973582
2.654800,54.976128
2.654900,54.982566
2.655000,54.985550
2.655100,54.989644
2.655200,54.987977
2.655300,54.988637
2.655400,54.988349
2.655500,54.989212
2.655600,54.990776
2.655700,54.991371
2.655800,54.991101
2.655900,54.989652
2.656000,54.989511
2.656100,54.990062
2.656200,54.989539
2.656300,54.989634
2.656400,54.989521
2.656500,54.989034
2.656600,54.989225
2.656700,54.989234
2.656800,54.989035
2.656900,54.989028
2.657000,54.989051
2.657100,54.988953
2.657200,54.989190
2.657300,54.989461
2.657400,54.988925
2.657500,54.988919
2.657600,54.988570
2.657700,54.988683
2.657800,54.989024
2.657900,54.989079
2.658000,54.988965
2.658100,54.989062
2.658200,54.989022
2.658300,54.989130
2.658400,54.988537
2.658500,54.988654
2.658600,54.988578
2.658700,54.988761
2.658800,54.988840
2.658900,54.988723
2.659000,54.988516
2.659100,54.988727
2.659200,54.988305
2.659300,54.988480
2.659400,54.989107
2.659500,54.988759
2.659600,54.988627
2.659700,54.988980
2.659800,54.989232
2.659900,54.988344
2.660000,54.988264
2.660100,54.988873
2.660200,54.988644
2.660300,54.988189
2.660400,54.988210
2.660500,54.987968
2.660600,54.988235
2.660700,54.987764
2.660800,54.987937
2.660900,54.987859
2.661000,54.988510
2.661100,54.988372
2.661200,54.988108
2.661300,54.986827
2.661400,54.987734
2.661500,54.988828
2.661600,54.987659
2.661700,54.988849
2.661800,54.987327
2.661900,54.985985
2.662000,54.987402
2.662100,54.986866
2.662200,54.988059
2.662300,54.992305
2.662400,54.992638
2.662500,54.989719
2.662600,54.987982
2.662700,54.994718
2.662800,54.997145
2.662900,54.997120
2.663000,54.992294
2.663100,54.984318
2.663200,54.987880
2.663300,55.000410
2.663400,55.003069
2.663500,55.000795
2.663600,54.996757
2.663700,55.015392
2.663800,55.026088
2.663900,55.012907
2.664000,55.018132
2.664100,55.014649
2.664200,55.015698
2.664300,55.017285
2.664400,55.016779
2.664500,55.017274
2.664600,55.017386
2.664700,55.016032
2.664800,55.015466
2.664900,55.016467
2.665000,55.016103
2.665100,55.015110
2.665200,55.014490
2.665300,55.014915
2.665400,55.014308
2.665500,55.013994
2.665600,55.014724
2.665700,55.015245
2.665800,55.015178
2.665900,55.014537
2.666000,55.015102
2.666100,55.015353
2.666200,55.014882
2.666300,55.014714
2.666400,55.014509
2.666500,55.014454
2.666600,55.014559
2.666700,55.014575
2.666800,55.014787
2.666900,55.014530
2.667000,55.014563
2.667100,55.014332
2.667200,55.014386
2.667300,55.014324
2.667400,55.014442
2.667500,55.014651
2.667600,55.014246
2.667700,55.014344
2.667800,55.014511
2.667900,55.014359
2.668000,55.014348
2.668100,55.014452
2.668200,55.014374
2.668300,55.014096
2.668400,55.014381
2.668500,55.014370
2.668600,55.014589
2.668700,55.014252
2.668800,55.014407
2.668900,55.013891
2.669000,55.014162
2.669100,55.014254
2.669200,55.013893
2.669300,55.013890
2.669400,55.013655
2.669500,55.014147
2.669600,55.014737
2.669700,55.014113
2.669800,55.013722
2.669900,55.013401
2.670000,55.013728
2.670100,55.013355
2.670200,55.012589
2.670300,55.013781
2.670400,55.015341
2.670500,55.014374
2.670600,55.014907
2.670700,55.012609
2.670800,55.012308
2.670900,55.015254
2.671000,55.014634
2.671100,55.016262
2.671200,55.015906
2.671300,55.015690
2.671400,55.016064
2.671500,55.016425
2.671600,55.014975
2.671700,55.009535
2.671800,55.004697
2.671900,55.003912
2.672000,55.001081
2.672100,54.996710
2.672200,55.007432
2.672300,54.992874
2.672400,55.008128
2.672500,55.017021
2.672600,55.015677
2.672700,55.016175
2.672800,55.007274
2.672900,55.025587
2.673000,55.016531
2.673100,55.007806
2.673200,55.014455
2.673300,55.010175
2.673400,55.011636
2.673500,55.011448
2.673600,55.011578
2.673700,55.010557
2.673800,55.011933
2.673900,55.012085
2.674000,55.012722
2.674100,55.013137
2.674200,55.012300
2.674300,55.012096
2.674400,55.011845
2.674500,55.011185
2.674600,55.011470
2.674700,55.011480
2.674800,55.011918
2.674900,55.011144
2.675000,55.011491
2.675100,55.011510
2.675200,55.011437
2.675300,55.011433
2.675400,55.011397
2.675500,55.011658
2.675600,55.011704
2.675700,55.011572
2.675800,55.011481
2.675900,55.011396
2.676000,55.011319
2.676100,55.011113
2.676200,55.011444
2.676300,55.011162
2.676400,55.011506
2.676500,55.011049
2.676600,55.011318
2.676700,55.011110
2.676800,55.011120
2.676900,55.011242
2.677000,55.010899
2.677100,55.011135
2.677200,55.010906
2.677300,55.011433
2.677400,55.010766
2.677500,55.011041
2.677600,55.010898
2.677700,55.010626
2.677800,55.010916
2.677900,55.010751
2.678000,55.010983
2.678100,55.010664
2.678200,55.010750
2.678300,55.010337
2.678400,55.010662
2.678500,55.010647
2.678600,55.010190
2.678700,55.010774
2.678800,55.010183
2.678900,55.010624
2.679000,55.009771
2.679100,55.009502
2.679200,55.011042
2.679300,55.011626
2.679400,55.011208
2.679500,55.010966
2.679600,55.008946
2.679700,55.008872
2.679800,55.009582
2.679900,55.009599
2.680000,55.010357
2.680100,55.009352
2.680200,55.010861
2.680300,55.008442
2.680400,55.009962
2.680500,55.010254
2.680600,55.008110
2.680700,55.008482
2.680800,55.007379
2.680900,55.003090
2.681000,55.008648
2.681100,55.002402
2.681200,54.998603
2.681300,54.991012
2.681400,54.990330
2.681500,54.979790
2.681600,54.970104
2.681700,54.990723
2.681800,54.998604
2.681900,54.982765
2.682000,54.976009
2.682100,54.973895
2.682200,54.969015
2.682300,54.971733
2.682400,54.966535
2.682500,54.967783
2.682600,54.967840
2.682700,54.967529
2.682800,54.968512
2.682900,54.968794
2.683000,54.969129
2.683100,54.969395
2.683200,54.968153
2.683300,54.966939
2.683400,54.967650
2.683500,54.968060
2.683600,54.967516
2.683700,54.968129
2.683800,54.967177
2.683900,54.967651
2.684000,54.967890
2.684100,54.967156
2.684200,54.967490
2.684300,54.967156
2.684400,54.967021
2.684500,54.967184
2.684600,54.967308
2.684700,54.967312
2.684800,54.967337
2.684900,54.967157
2.685000,54.966902
2.685100,54.966973
2.685200,54.966962
2.685300,54.967100
2.685400,54.966970
2.685500,54.966801
2.685600,54.966856
2.685700,54.966660
2.685800,54.966733
2.685900,54.966651
2.686000,54.966716
2.686100,54.966795
2.686200,54.966663
2.686300,54.967013
2.686400,54.966911
2.686500,54.966282
2.686600,54.966705
2.686700,54.966756
2.686800,54.966983
2.686900,54.966461
2.687000,54.966280
2.687100,54.966026
2.687200,54.966603
2.687300,54.967082
2.687400,54.966854
2.687500,54.966767
2.687600,54.966517
2.687700,54.966742
2.687800,54.965546
2.687900,54.966210
2.688000,54.966142
2.688100,54.967022
2.688200,54.966484
2.688300,54.966993
2.688400,54.966125
2.688500,54.965356
2.688600,54.965746
2.688700,54.965010
2.688800,54.964233
2.688900,54.965445
2.689000,54.965387
2.689100,54.966933
2.689200,54.965268
2.689300,54.966157
2.689400,54.968356
2.689500,54.969367
2.689600,54.966014
2.689700,54.967159
2.689800,54.968331
2.689900,54.973230
2.690000,54.975390
2.690100,54.968172
2.690200,54.972975
2.690300,54.970232
2.690400,54.967409
2.690500,54.965442
2.690600,54.976547
2.690700,54.956471
2.690800,54.965256
2.690900,54.959515
2.691000,54.977275
2.691100,54.962210
2.691200,54.976442
2.691300,54.985714
2.691400,54.982466
2.691500,54.984291
2.691600,54.984325
2.691700,54.983810
2.691800,54.983554
2.691900,54.983399
2.692000,54.982712
2.692100,54.981574
2.692200,54.982666
2.692300,54.983556
2.692400,54.984250
2.692500,54.983924
2.692600,54.983948
2.692700,54.982845
2.692800,54.983611
2.692900,54.983554
2.693000,54.983159
2.693100,54.983043
2.693200,54.982929
2.693300,54.983029
2.693400,54.983551
2.693500,54.983359
2.693600,54.983274
2.693700,54.983592
2.693800,54.983146
2.693900,54.983034
2.694000,54.982802
2.694100,54.982988
2.694200,54.982858
2.694300,54.983198
2.694400,54.983098
2.694500,54.983338
2.694600,54.983216
2.694700,54.983012
2.694800,54.982805
2.694900,54.983122
2.695000,54.982815
2.695100,54.982887
2.695200,54.982469
2.695300,54.982464
2.695400,54.982977
2.695500,54.982908
2.695600,54.982751
2.695700,54.982868
2.695800,54.983143
2.695900,54.983109
2.696000,54.982763
2.696100,54.982893
2.696200,54.982435
2.696300,54.982413
2.696400,54.982060
2.696500,54.982573
2.696600,54.982836
2.696700,54.982194
2.696800,54.983313
2.696900,54.982382
2.697000,54.983156
2.697100,54.983069
2.697200,54.982781
2.697300,54.982330
2.697400,54.983659
2.697500,54.982270
2.697600,54.983373
2.697700,54.982988
2.697800,54.982742
2.697900,54.981859
2.698000,54.984316
2.698100,54.982878
2.698200,54.981704
2.698300,54.981244
2.698400,54.984152
2.698500,54.980671
2.698600,54.983747
2.698700,54.988282
2.698800,54.983941
2.698900,54.980975
2.699000,54.974621
2.699100,54.974996
2.699200,54.974250
2.699300,54.968456
2.699400,54.969339
2.699500,54.979592
2.699600,54.966922
2.699700,54.979273
2.699800,54.982998
2.699900,54.992867
2.700000,55.005206
2.700100,55.021735
2.700200,55.009269
2.700300,55.014110
2.700400,55.012661
2.700500,55.008971
2.700600,55.007509
2.700700,55.006191
2.700800,55.005771
2.700900,55.005669
2.701000,55.005637
2.701100,55.005763
2.701200,55.005385
2.701300,55.004548
2.701400,55.004731
2.701500,55.005632
2.701600,55.005564
2.701700,55.004906
2.701800,55.005042
2.701900,55.004999
2.702000,55.004057
2.702100,55.004203
2.702200,55.004248
2.702300,55.004497
2.702400,55.004591
2.702500,55.004232
2.702600,55.004191
2.702700,55.004332
2.702800,55.004449
2.702900,55.004866
2.703000,55.004464
2.703100,55.004583
2.703200,55.004355
2.703300,55.004351
2.703400,55.004351
2.703500,55.004463
2.703600,55.004367
2.703700,55.004458
2.703800,55.004336
2.703900,55.004033
2.704000,55.004142
2.704100,55.003828
2.704200,55.003905
2.704300,55.004110
2.704400,55.004081
2.704500,55.004366
2.704600,55.004087
2.704700,55.004191
2.704800,55.003715
2.704900,55.004118
2.705000,55.003846
2.705100,55.003955
2.705200,55.003933
2.705300,55.003935
2.705400,55.004585
2.705500,55.004321
2.705600,55.004451
2.705700,55.003700
2.705800,55.003394
2.705900,55.003039
2.706000,55.003692
2.706100,55.003184
2.706200,55.004283
2.706300,55.004399
2.706400,55.003978
2.706500,55.003650
2.706600,55.003163
2.706700,55.003538
2.706800,55.002874
2.706900,55.002318
2.707000,55.004197
2.707100,55.004749
2.707200,55.004952
2.707300,55.005352
2.707400,55.002756
2.707500,54.999107
2.707600,55.000088
2.707700,55.003848
2.707800,54.999113
2.707900,54.998543
2.708000,55.004039
2.708100,55.011069
2.708200,55.017788
2.708300,55.010723
2.708400,55.009828
2.708500,55.007834
2.708600,55.016002
2.708700,55.011586
2.708800,55.012391
2.708900,55.019097
2.709000,55.019481
2.709100,55.035130
2.709200,55.019575
2.709300,55.036592
2.709400,55.044311
2.709500,55.037151
2.709600,55.036573
2.709700,55.037991
2.709800,55.036731
2.709900,55.036840
2.710000,55.037329
2.710100,55.037932
2.710200,55.036790
2.710300,55.037187
2.710400,55.037651
2.710500,55.037328
2.710600,55.036519
2.710700,55.037217
2.710800,55.036437
2.710900,55.036274
2.711000,55.036739
2.711100,55.036627
2.711200,55.036087
2.711300,55.036521
2.711400,55.036175
2.711500,55.036121
2.711600,55.036431
2.711700,55.036151
2.711800,55.035637
2.711900,55.036103
2.712000,55.035832
2.712100,55.035955
2.712200,55.036240
2.712300,55.036161
2.712400,55.036150
2.712500,55.035944
2.712600,55.035774
2.712700,55.035918
2.712800,55.036097
2.712900,55.035694
2.713000,55.035623
2.713100,55.035719
2.713200,55.035487
2.713300,55.035629
2.713400,55.035611
2.713500,55.036049
2.713600,55.036049
2.713700,55.036285
2.713800,55.035631
2.713900,55.036346
2.714000,55.036359
2.714100,55.036018
2.714200,55.035640
2.714300,55.035764
2.714400,55.036131
2.714500,55.036045
2.714600,55.035772
2.714700,55.035088
2.714800,55.035489
2.714900,55.035699
2.715000,55.035861
2.715100,55.035869
2.715200,55.035900
2.715300,55.036271
2.715400,55.035684
2.715500,55.035490
2.715600,55.036233
2.715700,55.035950
2.715800,55.037266
2.715900,55.035975
2.716000,55.034740
2.716100,55.034035
2.716200,55.034875
2.716300,55.034451
2.716400,55.035440
2.716500,55.034894
2.716600,55.034676
2.716700,55.032230
2.716800,55.035210
2.716900,55.033399
2.717000,55.031303
2.717100,55.027362
2.717200,55.025587
2.717300,55.025729
2.717400,55.031557
2.717500,55.038430
2.717600,55.047464
2.717700,55.040118
2.717800,55.026679
2.717900,55.030798
2.718000,55.023580
2.718100,55.044700
2.718200,55.026117
2.718300,55.008285
2.718400,55.006867
2.718500,54.997127
2.718600,55.000509
2.718700,55.006302
2.718800,55.006907
2.718900,55.007727
2.719000,55.007413
2.719100,55.006934
2.719200,55.008137
2.719300,55.007609
2.719400,55.008519
2.719500,55.007204
2.719600,55.007540
2.719700,55.008176
2.719800,55.008377
2.719900,55.007678
2.720000,55.007940
2.720100,55.007478
2.720200,55.007402
2.720300,55.007923
2.720400,55.007812
2.720500,55.008048
2.720600,55.007781
2.720700,55.007751
2.720800,55.007691
2.720900,55.007643
2.721000,55.007358
2.721100,55.007212
2.721200,55.007257
2.721300,55.007327
2.721400,55.007462
2.721500,55.007271
2.721600,55.007102
2.721700,55.007048
2.721800,55.007069
2.721900,55.007406
2.722000,55.007263
2.722100,55.007084
2.722200,55.007062
2.722300,55.007435
2.722400,55.006760
2.722500,55.006877
2.722600,55.006842
2.722700,55.007287
2.722800,55.007058
2.722900,55.007074
2.723000,55.006618
2.723100,55.006708
2.723200,55.006452
2.723300,55.006818
2.723400,55.007156
2.723500,55.006870
2.723600,55.007362
2.723700,55.007204
2.723800,55.006660
2.723900,55.006613
2.724000,55.006894
2.724100,55.007466
2.724200,55.006271
2.724300,55.006262
2.724400,55.006386
2.724500,55.006166
2.724600,55.007480
2.724700,55.007149
2.724800,55.007246
2.724900,55.006004
2.725000,55.005034
2.725100,55.005713
2.725200,55.006157
2.725300,55.005139
2.725400,55.005071
2.725500,55.006816
2.725600,55.007243
2.725700,55.007344
2.725800,55.005338
2.725900,55.006712
2.726000,55.005583
2.726100,55.007908
2.726200,55.008352
2.726300,55.011210
2.726400,55.004014
2.726500,55.002140
2.726600,54.996934
2.726700,54.997993
2.726800,54.996642
2.726900,54.998171
2.727000,55.006012
2.727100,55.010357
2.727200,55.022322
2.727300,55.003641
2.727400,55.020373
2.727500,55.002692
2.727600,54.996811
2.727700,55.003723
2.727800,55.000727
2.727900,55.002596
2.728000,55.003475
2.728100,55.003438
2.728200,55.004194
2.728300,55.003329
2.728400,55.002247
2.728500,55.002764
2.728600,55.002122
2.728700,55.003472
2.728800,55.003342
2.728900,55.004006
2.729000,55.005137
2.729100,55.005534
2.729200,55.005427
2.729300,55.004699
2.729400,55.004745
2.729500,55.005050
2.729600,55.004767
2.729700,55.004530
2.729800,55.004582
2.729900,55.004376
2.730000,55.004044
2.730100,55.004156
2.730200,55.004249
2.730300,55.004091
2.730400,55.004359
2.730500,55.004181
2.730600,55.003863
2.730700,55.004013
2.730800,55.004037
2.730900,55.004240
2.731000,55.004025
2.731100,55.003797
2.731200,55.004087
2.731300,55.004242
2.731400,55.004126
2.731500,55.004031
2.731600,55.004124
2.731700,55.003993
2.731800,55.003964
2.731900,55.003858
2.732000,55.003974
2.732100,55.003480
2.732200,55.004192
2.732300,55.003959
2.732400,55.003158
2.732500,55.003229
2.732600,55.003361
2.732700,55.003510
2.732800,55.003254
2.732900,55.003596
2.733000,55.003924
2.733100,55.003699
2.733200,55.003737
2.733300,55.003817
2.733400,55.003136
2.733500,55.002998
2.733600,55.003715
2.733700,55.003159
2.733800,55.003491
2.733900,55.003954
2.734000,55.003614
2.734100,55.004593
2.734200,55.004955
2.734300,55.003137
2.734400,55.001898
2.734500,55.001403
2.734600,55.000453
2.734700,55.001655
2.734800,55.002968
2.734900,55.003076
2.735000,55.004313
2.735100,55.000658
2.735200,55.003935
2.735300,55.007021
2.735400,55.007855
2.735500,55.003871
2.735600,54.994252
2.735700,54.996273
2.735800,54.984585
2.735900,54.986262
2.736000,54.979141
2.736100,54.967277
2.736200,54.980909
2.736300,54.987314
2.736400,54.979090
2.736500,54.994087
2.736600,54.991652
2.736700,54.996105
2.736800,54.988812
2.736900,54.989389
2.737000,54.989084
2.737100,54.988114
2.737200,54.988276
2.737300,54.988098
2.737400,54.989298
2.737500,54.987989
2.737600,54.988537
2.737700,54.987474
2.737800,54.987442
2.737900,54.987129
2.738000,54.986769
2.738100,54.986915
2.738200,54.987184
2.738300,54.987336
2.738400,54.987352
2.738500,54.987386
2.738600,54.987317
2.738700,54.987349
2.738800,54.987075
2.738900,54.987174
2.739000,54.987128
2.739100,54.986824
2.739200,54.986614
2.739300,54.986824
2.739400,54.986626
2.739500,54.986453
2.739600,54.986642
2.739700,54.986636
2.739800,54.986259
2.739900,54.986645
2.740000,54.987032
2.740100,54.986850
2.740200,54.986926
2.740300,54.986855
2.740400,54.986858
2.740500,54.986438
2.740600,54.986490
2.740700,54.986139
2.740800,54.986207
2.740900,54.986322
2.741000,54.986463
2.741100,54.986387
2.741200,54.986071
2.741300,54.986603
2.741400,54.986102
2.741500,54.986655
2.741600,54.986033
2.741700,54.985805
2.741800,54.986240
2.741900,54.986055
2.742000,54.986168
2.742100,54.985970
2.742200,54.985627
2.742300,54.986537
2.742400,54.986027
2.742500,54.985636
2.742600,54.986733
2.742700,54.986341
2.742800,54.985620
2.742900,54.985900
2.743000,54.985647
2.743100,54.985091
2.743200,54.985218
2.743300,54.986017
2.743400,54.985303
2.743500,54.984714
2.743600,54.985736
2.743700,54.986880
2.743800,54.984776
2.743900,54.988172
2.744000,54.991849
2.744100,54.992013
2.744200,54.991804
2.744300,54.990540
2.744400,54.984536
2.744500,54.986247
2.744600,54.986012
2.744700,54.980558
2.744800,54.979814
2.744900,54.982505
2.745000,54.983712
2.745100,54.977517
2.745200,54.960167
2.745300,54.973220
2.745400,54.987240
2.745500,54.998758
2.745600,55.014302
2.745700,55.023412
2.745800,55.014424
2.745900,55.011529
2.746000,55.009896
2.746100,55.009654
2.746200,55.009239
2.746300,55.008861
2.746400,55.008063
2.746500,55.009091
2.746600,55.007340
2.746700,55.008195
2.746800,55.009401
2.746900,55.009833
2.747000,55.009301
2.747100,55.009993
2.747200,55.010605
2.747300,55.009961
2.747400,55.009739
2.747500,55.009309
2.747600,55.009707
2.747700,55.009909
2.747800,55.009859
2.747900,55.009642
2.748000,55.009742
2.748100,55.009505
2.748200,55.009443
2.748300,55.009504
2.748400,55.009711
2.748500,55.009464
2.748600,55.009577
2.748700,55.009577
2.748800,55.009143
2.748900,55.009124
2.749000,55.009401
2.749100,55.009681
2.749200,55.009362
2.749300,55.009525
2.749400,55.009399
2.749500,55.009209
2.749600,55.009418
2.749700,55.009156
2.749800,55.009217
2.749900,55.009183
2.750000,55.009453
2.750100,55.009608
2.750200,55.009005
2.750300,55.008864
2.750400,55.009027
2.750500,55.009126
2.750600,55.008764
2.750700,55.008811
2.750800,55.008612
2.750900,55.008937
2.751000,55.008608
2.751100,55.008389
2.751200,55.008709
2.751300,55.008701
2.751400,55.008972
2.751500,55.009176
2.751600,55.008899
2.751700,55.008821
2.751800,55.009503
2.751900,55.009247
2.752000,55.008824
2.752100,55.008507
2.752200,55.008821
2.752300,55.008966
2.752400,55.007887
2.752500,55.009482
2.752600,55.009080
2.752700,55.010134
2.752800,55.007242
2.752900,55.006426
2.753000,55.007901
2.753100,55.009540
2.753200,55.007708
2.753300,55.011159
2.753400,55.010423
2.753500,55.007202
2.753600,55.009713
2.753700,55.003007
2.753800,55.004165
2.753900,55.006657
2.754000,55.008183
2.754100,55.009723
2.754200,55.001450
2.754300,54.983304
2.754400,54.984044
2.754500,54.978582
2.754600,54.984702
2.754700,54.995088
2.754800,54.984352
2.754900,54.988796
2.755000,54.980067
2.755100,54.979984
2.755200,54.978391
2.755300,54.978648
2.755400,54.978408
2.755500,54.978903
2.755600,54.978388
2.755700,54.979344
2.755800,54.979239
2.755900,54.978657
2.756000,54.978016
2.756100,54.978213
2.756200,54.977677
2.756300,54.977614
2.756400,54.977890
2.756500,54.977602
2.756600,54.977657
2.756700,54.977341
2.756800,54.977676
2.756900,54.977591
2.757000,54.977548
2.757100,54.977626
2.757200,54.977810
2.757300,54.977493
2.757400,54.977500
2.757500,54.977625
2.757600,54.977429
2.757700,54.977545
2.757800,54.977252
2.757900,54.977084
2.758000,54.977064
2.758100,54.976826
2.758200,54.977040
2.758300,54.976943
2.758400,54.976876
2.758500,54.977073
2.758600,54.976846
2.758700,54.976923
2.758800,54.977131
2.758900,54.976836
2.759000,54.977012
2.759100,54.976826
2.759200,54.976437
2.759300,54.976847
2.759400,54.976854
2.759500,54.976669
2.759600,54.976187
2.759700,54.976291
2.759800,54.976617
2.759900,54.976580
2.760000,54.976833
2.760100,54.976866
2.760200,54.976356
2.760300,54.976721
2.760400,54.976279
2.760500,54.976846
2.760600,54.976137
2.760700,54.975198
2.760800,54.975848
2.760900,54.976240
2.761000,54.975880
2.761100,54.976711
2.761200,54.977317
2.761300,54.976333
2.761400,54.975819
2.761500,54.977668
2.761600,54.978278
2.761700,54.977734
2.761800,54.975782
2.761900,54.976202
2.762000,54.976682
2.762100,54.976628
2.762200,54.973473
2.762300,54.976720
2.762400,54.977285
2.762500,54.976523
2.762600,54.981237
2.762700,54.982324
2.762800,54.982336
2.762900,54.980885
2.763000,54.979183
2.763100,54.983239
2.763200,54.980585
2.763300,54.971616
2.763400,54.979176
2.763500,54.964744
2.763600,54.980632
2.763700,54.989685
2.763800,54.982099
2.763900,54.995056
2.764000,54.987670
2.764100,54.995151
2.764200,54.994644
2.764300,54.993968
2.764400,54.993882
2.764500,54.993118
2.764600,54.993703
2.764700,54.993602
2.764800,54.993449
2.764900,54.992719
2.765000,54.993196
2.765100,54.993210
2.765200,54.994079
2.765300,54.994534
2.765400,54.994645
2.765500,54.993775
2.765600,54.994285
2.765700,54.993782
2.765800,54.993909
2.765900,54.993762
2.766000,54.993795
2.766100,54.993759
2.766200,54.993738
2.766300,54.993655
2.766400,54.993496
2.766500,54.993679
2.766600,54.993371
2.766700,54.993665
2.766800,54.993563
2.766900,54.993474
2.767000,54.993557
2.767100,54.993635
2.767200,54.993278
2.767300,54.993444
2.767400,54.993761
2.767500,54.993247
2.767600,54.993065
2.767700,54.993156
2.767800,54.993207
2.767900,54.993252
2.768000,54.993123
2.768100,54.993084
2.768200,54.993034
2.768300,54.992943
2.768400,54.993193
2.768500,54.992833
2.768600,54.993107
2.768700,54.993091
2.768800,54.993271
2.768900,54.992898
2.769000,54.993029
2.769100,54.993366
2.769200,54.993234
2.769300,54.992723
2.769400,54.993744
2.769500,54.993284
2.769600,54.992712
2.769700,54.992638
2.769800,54.993042
2.769900,54.992752
2.770000,54.991729
2.770100,54.993309
2.770200,54.993171
2.770300,54.993064
2.770400,54.992349
2.770500,54.992324
2.770600,54.991207
2.770700,54.989906
2.770800,54.992171
2.770900,54.993150
2.771000,54.992671
2.771100,54.992353
2.771200,54.993181
2.771300,54.996391
2.771400,54.994732
2.771500,54.997596
2.771600,55.000115
2.771700,55.003493
2.771800,55.002080
2.771900,54.994146
2.772000,54.988414
2.772100,54.978014
2.772200,54.986298
2.772300,54.989786
2.772400,55.001651
2.772500,55.011217
2.772600,55.013956
2.772700,54.994340
2.772800,55.016346
2.772900,55.023184
2.773000,55.028842
2.773100,55.029988
2.773200,55.033674
2.773300,55.029244
2.773400,55.027242
2.773500,55.027242
2.773600,55.027104
2.773700,55.028047
2.773800,55.028458
2.773900,55.028546
2.774000,55.028304
2.774100,55.028561
2.774200,55.027181
2.774300,55.027931
2.774400,55.027981
2.774500,55.026991
2.774600,55.027326
2.774700,55.027030
2.774800,55.027330
2.774900,55.026951
2.775000,55.027130
2.775100,55.027076
2.775200,55.027033
2.775300,55.026743
2.775400,55.026954
2.775500,55.027179
2.775600,55.026993
2.775700,55.026849
2.775800,55.026735
2.775900,55.027095
2.776000,55.027265
2.776100,55.026688
2.776200,55.026574
2.776300,55.027040
2.776400,55.026932
2.776500,55.026551
2.776600,55.026747
2.776700,55.026668
2.776800,55.026751
2.776900,55.026694
2.777000,55.026529
2.777100,55.026938
2.777200,55.026525
2.777300,55.025921
2.777400,55.026259
2.777500,55.026397
2.777600,55.026524
2.777700,55.026722
2.777800,55.026727
2.777900,55.026525
2.778000,55.026237
2.778100,55.027001
2.778200,55.026368
2.778300,55.025855
2.778400,55.026015
2.778500,55.026565
2.778600,55.026319
2.778700,55.025569
2.778800,55.026011
2.778900,55.026323
2.779000,55.026137
2.779100,55.025807
2.779200,55.025708
2.779300,55.025074
2.779400,55.025338
2.779500,55.024930
2.779600,55.026996
2.779700,55.028162
2.779800,55.027178
2.779900,55.024751
2.780000,55.024428
2.780100,55.025594
2.780200,55.028880
2.780300,55.026968
2.780400,55.026385
2.780500,55.025044
2.780600,55.020082
2.780700,55.019032
2.780800,55.023848
2.780900,55.030122
2.781000,55.025277
2.781100,55.026190
2.781200,55.015133
2.781300,55.016589
2.781400,55.030033
2.781500,55.011925
2.781600,55.010796
2.781700,55.014274
2.781800,54.996299
2.781900,55.019158
2.782000,55.021286
2.782100,55.015398
2.782200,55.002147
2.782300,55.002886
2.782400,55.003908
2.782500,55.004278
2.782600,55.003696
2.782700,55.003689
2.782800,55.003333
2.782900,55.003472
2.783000,55.004307
2.783100,55.004896
2.783200,55.004060
2.783300,55.002746
2.783400,55.002780
2.783500,55.002465
2.783600,55.003531
2.783700,55.004183
2.783800,55.004616
2.783900,55.004074
2.784000,55.003335
2.784100,55.003685
2.784200,55.003893
2.784300,55.003725
2.784400,55.003598
2.784500,55.002931
2.784600,55.003431
2.784700,55.003353
2.784800,55.003034
2.784900,55.002872
2.785000,55.002858
2.785100,55.003207
2.785200,55.002776
2.785300,55.003141
2.785400,55.002860
2.785500,55.003065
2.785600,55.003163
2.785700,55.003323
2.785800,55.002936
2.785900,55.002957
2.786000,55.002835
2.786100,55.002609
2.786200,55.002443
2.786300,55.002436
2.786400,55.002408
2.786500,55.002616
2.786600,55.002390
2.786700,55.002781
2.786800,55.002848
2.786900,55.002316
2.787000,55.002698
2.787100,55.002361
2.787200,55.002674
2.787300,55.002893
2.787400,55.002288
2.787500,55.002691
2.787600,55.002283
2.787700,55.002628
2.787800,55.002386
2.787900,55.001425
2.788000,55.002922
2.788100,55.003033
2.788200,55.003341
2.788300,55.003622
2.788400,55.001908
2.788500,55.002264
2.788600,55.003436
2.788700,55.002584
2.788800,55.002608
2.788900,55.000604
2.789000,55.001339
2.789100,55.002890
2.789200,55.003734
2.789300,55.003455
2.789400,55.005007
2.789500,55.002454
2.789600,54.998173
2.789700,54.999141
2.789800,54.998779
2.789900,55.000430
2.790000,55.001163
2.790100,54.997580
2.790200,55.003787
2.790300,55.014017
2.790400,55.015010
2.790500,55.005784
2.790600,55.003916
2.790700,54.984625
2.790800,54.979107
2.790900,54.960232
2.791000,54.952049
2.791100,54.956861
2.791200,54.965776
2.791300,54.975952
2.791400,54.970931
2.791500,54.971463
2.791600,54.971048
2.791700,54.970847
2.791800,54.970465
2.791900,54.971170
2.792000,54.970809
2.792100,54.972143
2.792200,54.971921
2.792300,54.970216
2.792400,54.969962
2.792500,54.970422
2.792600,54.970737
2.792700,54.970632
2.792800,54.970388
2.792900,54.970805
2.793000,54.970751
2.793100,54.969927
2.793200,54.970003
2.793300,54.970519
2.793400,54.970428
2.793500,54.970907
2.793600,54.970959
2.793700,54.970600
2.793800,54.970524
2.793900,54.970348
2.794000,54.970756
2.794100,54.970372
2.794200,54.970404
2.794300,54.970774
2.794400,54.970487
2.794500,54.970586
2.794600,54.970353
2.794700,54.970344
2.794800,54.970073
2.794900,54.969672
2.795000,54.970117
2.795100,54.970409
2.795200,54.970158
2.795300,54.969823
2.795400,54.969611
2.795500,54.969971
2.795600,54.969946
2.795700,54.969697
2.795800,54.969727
2.795900,54.969878
2.796000,54.969710
2.796100,54.969614
2.796200,54.969775
2.796300,54.970191
2.796400,54.969842
2.796500,54.969736
2.796600,54.969628
2.796700,54.969690
2.796800,54.969036
2.796900,54.969217
2.797000,54.969107
2.797100,54.970056
2.797200,54.970928
2.797300,54.970944
2.797400,54.970407
2.797500,54.969323
2.797600,54.970170
2.797700,54.970221
2.797800,54.969394
2.797900,54.968722
2.798000,54.969082
2.798100,54.970135
2.798200,54.969757
2.798300,54.970998
2.798400,54.971891
2.798500,54.971204
2.798600,54.969130
2.798700,54.967305
2.798800,54.969963
2.798900,54.967304
2.799000,54.964742
2.799100,54.962912
2.799200,54.967638
2.799300,54.967993
2.799400,54.971762
2.799500,54.970308
2.799600,54.977249
2.799700,54.973488
2.799800,54.978790
2.799900,54.991612
2.800000,54.980435
2.800100,54.984243
2.800200,54.982837
2.800300,54.973522
2.800400,54.976643
2.800500,54.978872
2.800600,54.978697
2.800700,54.980245
2.800800,54.980016
2.800900,54.980464
2.801000,54.980419
2.801100,54.979600
2.801200,54.980574
2.801300,54.980269
2.801400,54.980925
2.801500,54.979528
2.801600,54.979533
2.801700,54.978638
2.801800,54.979054
2.801900,54.978803
2.802000,54.978050
2.802100,54.978297
2.802200,54.978985
2.802300,54.979400
2.802400,54.979417
2.802500,54.979487
2.802600,54.979288
2.802700,54.979371
2.802800,54.978865
2.802900,54.978869
2.803000,54.978879
2.803100,54.978966
2.803200,54.978928
2.803300,54.979031
2.803400,54.978729
2.803500,54.978833
2.803600,54.978660
2.803700,54.978893
2.803800,54.978577
2.803900,54.978804
2.804000,54.978439
2.804100,54.978707
2.804200,54.978752
2.804300,54.978666
2.804400,54.978179
2.804500,54.978339
2.804600,54.978293
2.804700,54.978127
2.804800,54.978408
2.804900,54.978437
2.805000,54.978686
2.805100,54.978307
2.805200,54.978107
2.805300,54.978373
2.805400,54.978828
2.805500,54.978260
2.805600,54.978420
2.805700,54.978624
2.805800,54.978527
2.805900,54.977977
2.806000,54.977633
2.806100,54.978020
2.806200,54.978068
2.806300,54.978909
2.806400,54.979050
2.806500,54.978810
2.806600,54.979487
2.806700,54.978030
2.806800,54.977278
2.806900,54.978520
2.807000,54.978919
2.807100,54.979259
2.807200,54.978860
2.807300,54.977464
2.807400,54.977510
2.807500,54.979075
2.807600,54.978706
2.807700,54.974827
2.807800,54.974036
2.807900,54.974836
2.808000,54.977451
2.808100,54.972910
2.808200,54.973925
2.808300,54.977450
2.808400,54.978596
2.808500,54.991180
2.808600,55.003605
2.808700,55.012183
2.808800,55.020709
2.808900,55.011559
2.809000,55.014898
2.809100,55.010564
2.809200,55.007711
2.809300,55.024222
2.809400,55.022727
2.809500,55.011430
2.809600,55.017602
2.809700,55.018029
2.809800,55.018937
2.809900,55.018783
2.810000,55.018616
2.810100,55.018340
2.810200,55.019936
2.810300,55.017982
2.810400,55.018457
2.810500,55.017718
2.810600,55.018453
2.810700,55.018571
2.810800,55.018619
2.810900,55.018801
2.811000,55.018632
2.811100,55.018663
2.811200,55.018513
2.811300,55.018379
2.811400,55.018791
2.811500,55.018711
2.811600,55.018512
2.811700,55.018488
2.811800,55.018339
2.811900,55.018203
2.812000,55.017992
2.812100,55.017994
2.812200,55.018124
2.812300,55.018271
2.812400,55.018015
2.812500,55.018250
2.812600,55.018683
2.812700,55.018824
2.812800,55.018499
2.812900,55.018441
2.813000,55.018386
2.813100,55.018324
2.813200,55.018165
2.813300,55.018339
2.813400,55.017887
2.813500,55.018481
2.813600,55.018129
2.813700,55.017993
2.813800,55.018411
2.813900,55.018181
2.814000,55.018014
2.814100,55.017686
2.814200,55.018010
2.814300,55.018040
2.814400,55.018107
2.814500,55.017881
2.814600,55.017769
2.814700,55.017723
2.814800,55.018114
2.814900,55.018160
2.815000,55.017464
2.815100,55.017534
2.815200,55.018099
2.815300,55.017200
2.815400,55.016973
2.815500,55.018064
2.815600,55.018165
2.815700,55.018493
2.815800,55.017766
2.815900,55.017054
2.816000,55.017367
2.816100,55.016385
2.816200,55.016446
2.816300,55.016458
2.816400,55.014638
2.816500,55.016672
2.816600,55.016035
2.816700,55.016101
2.816800,55.014376
2.816900,55.016948
2.817000,55.021679
2.817100,55.016368
2.817200,55.015660
2.817300,55.017898
2.817400,55.014416
2.817500,55.011025
2.817600,55.016674
2.817700,55.016180
2.817800,55.018427
2.817900,55.000558
2.818000,55.014701
2.818100,55.022503
2.818200,55.019164
2.818300,54.999579
2.818400,54.980791
2.818500,54.977562
2.818600,54.979985
2.818700,54.981118
2.818800,54.983447
2.818900,54.985233
2.819000,54.985188
2.819100,54.985675
2.819200,54.984135
2.819300,54.984588
2.819400,54.985437
2.819500,54.986013
2.819600,54.985475
2.819700,54.986605
2.819800,54.985328
2.819900,54.986064
2.820000,54.986235
2.820100,54.985961
2.820200,54.985669
2.820300,54.985566
2.820400,54.985857
2.820500,54.985337
2.820600,54.985625
2.820700,54.985674
2.820800,54.985115
2.820900,54.984945
2.821000,54.984775
2.821100,54.985277
2.821200,54.985527
2.821300,54.985213
2.821400,54.985449
2.821500,54.985012
2.821600,54.985191
2.821700,54.985121
2.821800,54.985064
2.821900,54.985110
2.822000,54.985282
2.822100,54.985142
2.822200,54.985131
2.822300,54.985051
2.822400,54.985216
2.822500,54.985129
2.822600,54.985131
2.822700,54.984746
2.822800,54.985025
2.822900,54.985103
2.823000,54.984933
2.823100,54.985097
2.823200,54.984550
2.823300,54.984902
2.823400,54.985126
2.823500,54.984578
2.823600,54.984579
2.823700,54.984330
2.823800,54.985034
2.823900,54.985613
2.824000,54.985382
2.824100,54.984975
2.824200,54.984234
2.824300,54.985146
2.824400,54.984456
2.824500,54.984313
2.824600,54.984932
2.824700,54.985713
2.824800,54.984515
2.824900,54.984974
2.825000,54.985019
2.825100,54.984317
2.825200,54.986227
2.825300,54.985268
2.825400,54.982644
2.825500,54.985213
2.825600,54.984276
2.825700,54.983398
2.825800,54.987457
2.825900,54.984848
2.826000,54.985461
2.826100,54.982284
2.826200,54.980490
2.826300,54.977481
2.826400,54.977583
2.826500,54.986576
2.826600,54.985909
2.826700,54.990726
2.826800,54.993498
2.826900,55.006737
2.827000,54.988072
2.827100,54.995801
2.827200,55.007551
2.827300,54.984273
2.827400,54.974869
2.827500,54.980619
2.827600,54.982741
2.827700,54.981327
2.827800,54.984805
2.827900,54.988278
2.828000,54.986902
2.828100,54.986883
2.828200,54.986389
2.828300,54.987305
2.828400,54.986457
2.828500,54.986545
2.828600,54.986455
2.828700,54.985898
2.828800,54.986846
2.828900,54.986979
2.829000,54.986300
2.829100,54.986298
2.829200,54.986118
2.829300,54.986745
2.829400,54.987275
2.829500,54.987527
2.829600,54.986778
2.829700,54.986951
2.829800,54.986833
2.829900,54.986719
2.830000,54.986299
2.830100,54.986340
2.830200,54.986175
2.830300,54.986502
2.830400,54.986808
2.830500,54.986912
2.830600,54.986847
2.830700,54.986746
2.830800,54.986764
2.830900,54.986326
2.831000,54.986579
2.831100,54.986536
2.831200,54.986341
2.831300,54.986536
2.831400,54.986407
2.831500,54.986404
2.831600,54.986395
2.831700,54.986272
2.831800,54.986283
2.831900,54.986214
2.832000,54.986166
2.832100,54.986064
2.832200,54.986182
2.832300,54.985932
2.832400,54.986179
2.832500,54.986729
2.832600,54.986010
2.832700,54.986237
2.832800,54.986437
2.832900,54.986397
2.833000,54.986739
2.833100,54.985941
2.833200,54.985572
2.833300,54.986344
2.833400,54.985655
2.833500,54.985402
2.833600,54.986023
2.833700,54.985808
2.833800,54.984446
2.833900,54.986028
2.834000,54.985754
2.834100,54.986067
2.834200,54.986445
2.834300,54.988351
2.834400,54.987915
2.834500,54.987276
2.834600,54.986414
2.834700,54.987104
2.834800,54.986991
2.834900,54.985594
2.835000,54.984537
2.835100,54.982034
2.835200,54.978144
2.835300,54.984723
2.835400,54.986085
2.835500,54.984769
2.835600,54.985828
2.835700,54.980093
2.835800,54.971428
2.835900,54.982420
2.836000,54.983659
2.836100,54.995128
2.836200,54.999562
2.836300,55.003421
2.836400,55.023204
2.836500,55.015040
2.836600,55.021968
2.836700,55.023760
2.836800,55.014263
2.836900,55.016634
2.837000,55.015221
2.837100,55.014750
2.837200,55.015017
2.837300,55.013789
2.837400,55.013465
2.837500,55.011956
2.837600,55.013164
2.837700,55.014003
2.837800,55.012844
2.837900,55.013246
2.838000,55.013543
2.838100,55.013242
2.838200,55.013837
2.838300,55.013315
2.838400,55.013395
2.838500,55.013523
2.838600,55.013366
2.838700,55.013514
2.838800,55.013699
2.838900,55.013410
2.839000,55.013226
2.839100,55.013222
2.839200,55.012864
2.839300,55.012916
2.839400,55.013205
2.839500,55.013540
2.839600,55.013196
2.839700,55.013430
2.839800,55.013541
2.839900,55.013076
2.840000,55.013054
2.840100,55.013248
2.840200,55.013022
2.840300,55.013059
2.840400,55.013330
2.840500,55.013556
2.840600,55.013175
2.840700,55.012701
2.840800,55.013014
2.840900,55.013065
2.841000,55.012906
2.841100,55.013257
2.841200,55.012756
2.841300,55.013198
2.841400,55.013171
2.841500,55.013190
2.841600,55.013084
2.841700,55.013014
2.841800,55.012973
2.841900,55.013026
2.842000,55.013186
2.842100,55.012955
2.842200,55.013144
2.842300,55.012851
2.842400,55.013257
2.842500,55.013304
2.842600,55.013892
2.842700,55.012782
2.842800,55.011767
2.842900,55.012555
2.843000,55.013574
2.843100,55.013568
2.843200,55.012658
2.843300,55.014379
2.843400,55.012252
2.843500,55.011422
2.843600,55.011519
2.843700,55.009497
2.843800,55.009019
2.843900,55.010357
2.844000,55.012147
2.844100,55.012212
2.844200,55.014457
2.844300,55.016896
2.844400,55.014438
2.844500,55.011838
2.844600,55.017260
2.844700,55.010751
2.844800,55.009731
2.844900,55.003935
2.845000,55.002368
2.845100,54.991593
2.845200,54.980058
2.845300,54.981309
2.845400,54.963361
2.845500,54.967006
2.845600,54.968115
2.845700,54.980998
2.845800,54.980018
2.845900,54.977950
2.846000,54.981107
2.846100,54.979900
2.846200,54.979821
2.846300,54.980022
2.846400,54.979985
2.846500,54.979697
2.846600,54.981287
2.846700,54.979994
2.846800,54.979566
2.846900,54.979746
2.847000,54.978573
2.847100,54.979194
2.847200,54.979167
2.847300,54.978950
2.847400,54.979765
2.847500,54.978823
2.847600,54.979128
2.847700,54.979235
2.847800,54.979113
2.847900,54.979660
2.848000,54.979426
2.848100,54.978833
2.848200,54.978905
2.848300,54.978767
2.848400,54.978938
2.848500,54.978688
2.848600,54.979055
2.848700,54.979180
2.848800,54.978939
2.848900,54.979139
2.849000,54.978905
2.849100,54.978913
2.849200,54.978792
2.849300,54.978810
2.849400,54.978887
2.849500,54.978710
2.849600,54.978792
2.849700,54.978678
2.849800,54.978819
2.849900,54.979017
2.850000,54.978855
2.850100,54.978946
2.850200,54.979055
2.850300,54.978933
2.850400,54.978849
2.850500,54.978667
2.850600,54.978898
2.850700,54.979051
2.850800,54.978388
2.850900,54.978805
2.851000,54.978086
2.851100,54.979105
2.851200,54.978477
2.851300,54.978551
2.851400,54.979299
2.851500,54.978887
2.851600,54.978226
2.851700,54.978885
2.851800,54.978917
2.851900,54.978145
2.852000,54.979180
2.852100,54.979272
2.852200,54.979417
2.852300,54.979774
2.852400,54.980194
2.852500,54.978849
2.852600,54.978693
2.852700,54.978481
2.852800,54.978172
2.852900,54.978327
2.853000,54.978766
2.853100,54.978629
2.853200,54.980858
2.853300,54.980484
2.853400,54.976706
2.853500,54.979254
2.853600,54.978564
2.853700,54.973870
2.853800,54.969045
2.853900,54.976212
2.854000,54.978214
2.854100,54.993679
2.854200,55.008959
2.854300,54.990916
2.854400,54.995200
2.854500,54.992432
2.854600,54.987254
2.854700,55.007015
2.854800,54.995947
2.854900,55.004020
2.855000,55.010586
2.855100,55.010929
2.855200,55.011370
2.855300,55.011512
2.855400,55.011586
2.855500,55.012242
2.855600,55.012793
2.855700,55.014331
2.855800,55.014111
2.855900,55.012980
2.856000,55.013766
2.856100,55.013098
2.856200,55.013267
2.856300,55.014251
2.856400,55.013771
2.856500,55.013167
2.856600,55.013496
2.856700,55.013513
2.856800,55.013402
2.856900,55.013193
2.857000,55.013036
2.857100,55.013213
2.857200,55.013074
2.857300,55.012861
2.857400,55.012986
2.857500,55.012969
2.857600,55.013058
2.857700,55.013091
2.857800,55.013436
2.857900,55.013230
2.858000,55.013376
2.858100,55.012832
2.858200,55.012811
2.858300,55.012870
2.858400,55.012969
2.858500,55.013195
2.858600,55.013037
2.858700,55.013145
2.858800,55.012902
2.858900,55.012742
2.859000,55.012915
2.859100,55.012986
2.859200,55.012739
2.859300,55.012818
2.859400,55.012700
2.859500,55.012801
2.859600,55.012718
2.859700,55.012631
2.859800,55.012830
2.859900,55.012988
2.860000,55.012737
2.860100,55.013299
2.860200,55.013264
2.860300,55.012661
2.860400,55.012555
2.860500,55.012897
2.860600,55.012220
2.860700,55.012686
2.860800,55.012404
2.860900,55.013150
2.861000,55.013317
2.861100,55.013371
2.861200,55.012227
2.861300,55.013586
2.861400,55.012954
2.861500,55.013132
2.861600,55.012817
2.861700,55.014786
2.861800,55.013828
2.861900,55.010931
2.862000,55.011340
2.862100,55.013545
2.862200,55.012601
2.862300,55.012295
2.862400,55.008298
2.862500,55.014033
2.862600,55.015602
2.862700,55.012971
2.862800,55.004944
2.862900,55.006756
2.863000,55.015340
2.863100,55.014342
2.863200,55.026001
2.863300,55.023719
2.863400,55.006320
2.863500,54.985636
2.863600,54.979573
2.863700,54.979202
2.863800,54.968840
2.863900,54.981919
2.864000,54.990121
2.864100,54.986933
2.864200,54.988267
2.864300,54.985322
2.864400,54.986016
2.864500,54.985966
2.864600,54.986366
2.864700,54.985975
2.864800,54.985802
2.864900,54.985017
2.865000,54.985464
2.865100,54.985754
2.865200,54.986583
2.865300,54.986534
2.865400,54.986192
2.865500,54.985968
2.865600,54.985828
2.865700,54.985854
2.865800,54.986266
2.865900,54.986037
2.866000,54.986071
2.866100,54.985830
2.866200,54.985628
2.866300,54.985858
2.866400,54.985857
2.866500,54.986168
2.866600,54.986191
2.866700,54.986091
2.866800,54.985648
2.866900,54.985648
2.867000,54.985734
2.867100,54.985885
2.867200,54.985791
2.867300,54.985839
2.867400,54.985505
2.867500,54.985862
2.867600,54.985638
2.867700,54.985609
2.867800,54.985487
2.867900,54.985307
2.868000,54.985728
2.868100,54.985356
2.868200,54.985473
2.868300,54.985366
2.868400,54.985537
2.868500,54.985552
2.868600,54.985386
2.868700,54.985751
2.868800,54.985710
2.868900,54.985264
2.869000,54.985249
2.869100,54.984792
2.869200,54.985273
2.869300,54.985420
2.869400,54.984945
2.869500,54.985905
2.869600,54.985797
2.869700,54.985474
2.869800,54.986078
2.869900,54.985550
2.870000,54.985668
2.870100,54.985584
2.870200,54.986143
2.870300,54.985284
2.870400,54.985937
2.870500,54.985793
2.870600,54.984657
2.870700,54.987110
2.870800,54.984813
2.870900,54.984773
2.871000,54.982243
2.871100,54.985479
2.871200,54.986021
2.871300,54.989318
2.871400,54.987908
2.871500,54.984968
2.871600,54.985230
2.871700,54.985653
2.871800,54.982698
2.871900,54.983671
2.872000,54.979371
2.872100,54.985880
2.872200,54.997534
2.872300,54.989745
2.872400,55.000540
2.872500,55.009162
2.872600,55.001766
2.872700,54.998072
2.872800,54.993654
2.872900,54.985101
2.873000,54.991887
2.873100,55.003915
2.873200,55.005411
2.873300,55.000642
2.873400,54.999296
2.873500,54.999161
2.873600,54.998698
2.873700,54.997711
2.873800,54.997699
2.873900,54.998654
2.874000,54.999178
2.874100,54.998986
2.874200,54.998180
2.874300,54.998291
2.874400,54.997216
2.874500,54.997350
2.874600,54.998183
2.874700,54.998008
2.874800,54.997686
2.874900,54.997638
2.875000,54.997576
2.875100,54.997609
2.875200,54.997793
2.875300,54.997819
2.875400,54.997513
2.875500,54.997500
2.875600,54.997768
2.875700,54.997506
2.875800,54.997980
2.875900,54.997594
2.876000,54.997444
2.876100,54.997529
2.876200,54.997286
2.876300,54.997347
2.876400,54.997328
2.876500,54.997182
2.876600,54.997652
2.876700,54.997645
2.876800,54.997310
2.876900,54.997128
2.877000,54.997127
2.877100,54.997132
2.877200,54.997503
2.877300,54.997030
2.877400,54.996644
2.877500,54.997299
2.877600,54.997312
2.877700,54.997297
2.877800,54.997184
2.877900,54.997295
2.878000,54.997208
2.878100,54.997078
2.878200,54.997263
2.878300,54.997503
2.878400,54.997834
2.878500,54.997029
2.878600,54.997886
2.878700,54.997887
2.878800,54.996842
2.878900,54.997130
2.879000,54.997004
2.879100,54.997843
2.879200,54.997075
2.879300,54.997808
2.879400,54.997458
2.879500,54.997566
2.879600,54.996974
2.879700,54.997019
2.879800,54.995305
2.879900,54.995454
2.880000,54.995047
2.880100,54.997534
2.880200,54.997564
2.880300,54.998312
2.880400,54.995365
2.880500,54.997782
2.880600,54.999757
2.880700,55.001581
2.880800,54.995879
2.880900,54.998252
2.881000,55.000682
2.881100,54.991686
2.881200,54.997328
2.881300,54.995881
2.881400,55.000963
2.881500,55.002187
2.881600,54.998869
2.881700,55.003023
2.881800,55.008878
2.881900,54.996224
2.882000,54.998702
2.882100,55.006541
2.882200,54.995953
2.882300,55.000679
2.882400,55.001088
2.882500,55.000864
2.882600,55.001255
2.882700,55.001781
2.882800,55.000325
2.882900,55.001872
2.883000,55.002395
2.883100,55.003546
2.883200,55.001850
2.883300,55.002132
2.883400,55.002233
2.883500,55.002098
2.883600,55.002588
2.883700,55.001745
2.883800,55.001237
2.883900,55.001390
2.884000,55.001769
2.884100,55.001747
2.884200,55.001744
2.884300,55.001631
2.884400,55.001704
2.884500,55.001313
2.884600,55.001401
2.884700,55.001685
2.884800,55.001790
2.884900,55.001545
2.885000,55.001655
2.885100,55.001918
2.885200,55.001325
2.885300,55.001506
2.885400,55.001197
2.885500,55.001108
2.885600,55.001590
2.885700,55.001549
2.885800,55.001117
2.885900,55.001319
2.886000,55.001304
2.886100,55.000902
2.886200,55.000894
2.886300,55.001226
2.886400,55.001214
2.886500,55.000937
2.886600,55.001228
2.886700,55.001628
2.886800,55.001195
2.886900,55.000758
2.887000,55.000726
2.887100,55.001006
2.887200,55.001514
2.887300,55.001713
2.887400,55.001377
2.887500,55.001941
2.887600,55.000947
2.887700,55.000921
2.887800,55.000703
2.887900,55.001522
2.888000,55.001432
2.888100,55.001845
2.888200,55.001454
2.888300,55.001025
2.888400,55.000275
2.888500,55.001854
2.888600,55.001613
2.888700,55.002565
2.888800,55.000484
2.888900,55.000016
2.889000,55.000967
2.889100,55.001391
2.889200,54.999984
2.889300,54.999638
2.889400,55.000600
2.889500,55.002269
2.889600,54.999715
2.889700,55.001357
2.889800,54.999708
2.889900,54.998532
2.890000,54.996299
2.890100,54.996511
2.890200,54.997088
2.890300,54.997946
2.890400,55.003302
2.890500,54.998961
2.890600,54.992039
2.890700,54.989862
2.890800,54.993229
2.890900,54.989332
2.891000,55.007478
2.891100,55.018451
2.891200,55.003688
2.891300,54.990247
2.891400,54.990643
2.891500,54.989430
2.891600,54.988708
2.891700,54.989387
2.891800,54.989399
2.891900,54.989902
2.892000,54.988631
2.892100,54.988180
2.892200,54.988949
2.892300,54.988369
2.892400,54.987712
2.892500,54.987538
2.892600,54.987633
2.892700,54.988604
2.892800,54.988105
2.892900,54.987538
2.893000,54.987563
2.893100,54.987833
2.893200,54.987957
2.893300,54.987522
2.893400,54.987592
2.893500,54.987985
2.893600,54.987561
2.893700,54.987714
2.893800,54.987627
2.893900,54.987535
2.894000,54.987568
2.894100,54.987570
2.894200,54.987377
2.894300,54.987580
2.894400,54.987919
2.894500,54.988059
2.894600,54.987820
2.894700,54.987596
2.894800,54.987706
2.894900,54.987535
2.895000,54.987351
2.895100,54.987600
2.895200,54.987689
2.895300,54.987464
2.895400,54.987016
2.895500,54.987342
2.895600,54.987359
2.895700,54.987653
2.895800,54.987446
2.895900,54.987199
2.896000,54.986672
2.896100,54.987299
2.896200,54.986988
2.896300,54.986928
2.896400,54.987691
2.896500,54.987435
2.896600,54.987112
2.896700,54.987017
2.896800,54.986813
2.896900,54.987411
2.897000,54.986975
2.897100,54.987721
2.897200,54.987281
2.897300,54.987410
2.897400,54.987219
2.897500,54.986395
2.897600,54.988219
2.897700,54.987985
2.897800,54.986632
2.897900,54.985918
2.898000,54.985676
2.898100,54.986821
2.898200,54.987407
2.898300,54.987237
2.898400,54.986978
2.898500,54.988164
2.898600,54.988060
2.898700,54.988723
2.898800,54.987692
2.898900,54.992125
2.899000,54.987957
2.899100,54.984826
2.899200,54.985304
2.899300,54.987622
2.899400,54.984828
2.899500,54.975183
2.899600,54.981128
2.899700,54.997402
2.899800,54.998643
2.899900,55.021789
2.900000,55.025201
2.900100,55.009039
2.900200,55.024725
2.900300,55.019847
2.900400,55.010301
2.900500,55.009359
2.900600,55.007061
2.900700,55.008090
2.900800,55.008023
2.900900,55.007165
2.901000,55.007668
2.901100,55.007222
2.901200,55.007088
2.901300,55.006994
2.901400,55.006810
2.901500,55.006998
2.901600,55.007241
2.901700,55.007171
2.901800,55.006207
2.901900,55.006268
2.902000,55.006571
2.902100,55.006736
2.902200,55.007102
2.902300,55.006835
2.902400,55.006662
2.902500,55.006849
2.902600,55.006975
2.902700,55.007156
2.902800,55.006815
2.902900,55.006812
2.903000,55.006736
2.903100,55.006735
2.903200,55.006466
2.903300,55.006596
2.903400,55.006298
2.903500,55.006530
2.903600,55.006910
2.903700,55.006573
2.903800,55.006603
2.903900,55.006479
2.904000,55.006654
2.904100,55.006318
2.904200,55.006327
2.904300,55.005994
2.904400,55.006457
2.904500,55.006316
2.904600,55.006687
2.904700,55.006598
2.904800,55.006312
2.904900,55.006666
2.905000,55.006079
2.905100,55.006653
2.905200,55.006116
2.905300,55.006242
2.905400,55.006444
2.905500,55.006850
2.905600,55.006385
2.905700,55.007126
2.905800,55.006460
2.905900,55.006391
2.906000,55.006199
2.906100,55.006890
2.906200,55.007040
2.906300,55.006973
2.906400,55.007313
2.906500,55.006935
2.906600,55.006906
2.906700,55.007619
2.906800,55.007520
2.906900,55.006386
2.907000,55.006387
2.907100,55.005475
2.907200,55.005976
2.907300,55.005310
2.907400,55.004149
2.907500,55.005567
2.907600,55.003419
2.907700,55.000897
2.907800,55.005899
2.907900,55.004416
2.908000,55.002218
2.908100,55.003173
2.908200,55.006151
2.908300,55.009312
2.908400,55.010737
2.908500,55.017957
2.908600,55.013417
2.908700,55.010752
2.908800,55.019401
2.908900,55.031122
2.909000,55.021635
2.909100,55.035310
2.909200,55.034670
2.909300,55.030800
2.909400,55.034384
2.909500,55.038463
2.909600,55.034657
2.909700,55.032142
2.909800,55.031379
2.909900,55.031282
2.910000,55.031453
2.910100,55.031951
2.910200,55.030598
2.910300,55.030189
2.910400,55.029364
2.910500,55.028042
2.910600,55.028916
2.910700,55.030080
2.910800,55.029878
2.910900,55.029217
2.911000,55.029989
2.911100,55.029426
2.911200,55.029357
2.911300,55.029577
2.911400,55.029016
2.911500,55.029386
2.911600,55.029301
2.911700,55.029067
2.911800,55.029254
2.911900,55.029372
2.912000,55.029117
2.912100,55.029198
2.912200,55.029000
2.912300,55.029224
2.912400,55.029022
2.912500,55.028968
2.912600,55.028836
2.912700,55.028878
2.912800,55.028769
2.912900,55.029026
2.913000,55.029231
2.913100,55.028862
2.913200,55.029113
2.913300,55.028717
2.913400,55.028752
2.913500,55.028920
2.913600,55.029193
2.913700,55.028795
2.913800,55.028814
2.913900,55.028473
2.914000,55.028954
2.914100,55.028882
2.914200,55.028915
2.914300,55.029404
2.914400,55.029033
2.914500,55.029101
2.914600,55.028744
2.914700,55.028565
2.914800,55.028904
2.914900,55.028041
2.915000,55.029099
2.915100,55.028950
2.915200,55.029518
2.915300,55.030397
2.915400,55.029807
2.915500,55.028824
2.915600,55.028102
2.915700,55.028309
2.915800,55.029123
2.915900,55.029592
2.916000,55.027599
2.916100,55.028857
2.916200,55.030062
2.916300,55.028341
2.916400,55.028881
2.916500,55.029052
2.916600,55.028221
2.916700,55.028489
2.916800,55.025786
2.916900,55.028808
2.917000,55.025737
2.917100,55.022087
2.917200,55.028520
2.917300,55.029501
2.917400,55.036796
2.917500,55.039926
2.917600,55.038207
2.917700,55.032566
2.917800,55.026092
2.917900,55.036457
2.918000,55.037526
2.918100,55.030401
2.918200,55.013754
2.918300,55.020401
2.918400,55.006607
2.918500,55.007169
2.918600,55.017469
2.918700,55.014425
2.918800,55.010643
2.918900,55.011445
2.919000,55.011469
2.919100,55.011862
2.919200,55.010410
2.919300,55.008879
2.919400,55.010318
2.919500,55.010032
2.919600,55.010940
2.919700,55.010920
2.919800,55.010157
2.919900,55.010158
2.920000,55.010101
2.920100,55.009873
2.920200,55.009655
2.920300,55.010028
2.920400,55.009992
2.920500,55.010023
2.920600,55.009820
2.920700,55.009575
2.920800,55.009562
2.920900,55.009841
2.921000,55.009953
2.921100,55.009865
2.921200,55.009956
2.921300,55.009571
2.921400,55.009991
2.921500,55.009905
2.921600,55.010067
2.921700,55.009891
2.921800,55.010127
2.921900,55.010110
2.922000,55.009819
2.922100,55.009541
2.922200,55.009733
2.922300,55.009567
2.922400,55.009630
2.922500,55.009936
2.922600,55.009597
2.922700,55.009641
2.922800,55.010025
2.922900,55.009863
2.923000,55.009278
2.923100,55.009614
2.923200,55.009290
2.923300,55.009553
2.923400,55.009349
2.923500,55.009324
2.923600,55.009652
2.923700,55.009268
2.923800,55.009160
2.923900,55.008678
2.924000,55.008973
2.924100,55.009717
2.924200,55.008994
2.924300,55.009288
2.924400,55.008993
2.924500,55.009379
2.924600,55.009412
2.924700,55.009160
2.924800,55.008942
2.924900,55.009792
2.925000,55.008965
2.925100,55.008773
2.925200,55.010061
2.925300,55.008202
2.925400,55.008817
2.925500,55.008501
2.925600,55.010805
2.925700,55.011967
2.925800,55.009981
2.925900,55.007770
2.926000,55.006484
2.926100,55.012199
2.926200,55.008099
2.926300,55.013665
2.926400,55.014463
2.926500,55.014862
2.926600,55.007780
2.926700,55.003744
2.926800,54.993269
2.926900,55.000312
2.927000,54.999816
2.927100,54.983303
2.927200,54.979741
2.927300,54.967530
2.927400,54.963631
2.927500,54.976390
2.927600,54.975737
2.927700,54.965351
2.927800,54.962600
2.927900,54.964132
2.928000,54.964450
2.928100,54.964372
2.928200,54.964280
2.928300,54.964069
2.928400,54.963628
2.928500,54.963817
2.928600,54.963132
2.928700,54.963773
2.928800,54.963410
2.928900,54.964529
2.929000,54.964440
2.929100,54.964491
2.929200,54.964693
2.929300,54.964203
2.929400,54.964149
2.929500,54.964190
2.929600,54.964581
2.929700,54.964374
2.929800,54.964206
2.929900,54.964017
2.930000,54.964032
2.930100,54.963958
2.930200,54.963891
2.930300,54.963791
2.930400,54.963975
2.930500,54.963870
2.930600,54.963814
2.930700,54.963534
2.930800,54.963679
2.930900,54.963871
2.931000,54.963877
2.931100,54.964060
2.931200,54.963966
2.931300,54.963442
2.931400,54.963676
2.931500,54.963418
2.931600,54.963565
2.931700,54.963501
2.931800,54.963766
2.931900,54.963592
2.932000,54.963875
2.932100,54.963608
2.932200,54.963726
2.932300,54.963790
2.932400,54.963710
2.932500,54.963340
2.932600,54.963769
2.932700,54.963039
2.932800,54.962936
2.932900,54.963648
2.933000,54.962695
2.933100,54.962639
2.933200,54.963781
2.933300,54.963790
2.933400,54.964166
2.933500,54.963669
2.933600,54.963294
2.933700,54.963009
2.933800,54.963433
2.933900,54.963731
2.934000,54.963006
2.934100,54.961856
2.934200,54.960600
2.934300,54.961747
2.934400,54.963095
2.934500,54.964327
2.934600,54.964334
2.934700,54.965039
2.934800,54.964284
2.934900,54.963624
2.935000,54.960156
2.935100,54.963249
2.935200,54.968702
2.935300,54.969689
2.935400,54.969490
2.935500,54.962976
2.935600,54.965503
2.935700,54.955177
2.935800,54.956527
2.935900,54.955365
2.936000,54.969274
2.936100,54.979009
2.936200,54.997399
2.936300,54.995657
2.936400,54.973848
2.936500,54.984122
2.936600,54.987857
2.936700,54.994242
2.936800,54.996967
2.936900,54.995162
2.937000,54.994018
2.937100,54.993910
2.937200,54.993706
2.937300,54.992613
2.937400,54.992790
2.937500,54.993150
2.937600,54.993737
2.937700,54.994799
2.937800,54.994984
2.937900,54.994738
2.938000,54.995470
2.938100,54.995622
2.938200,54.995202
2.938300,54.994802
2.938400,54.995551
2.938500,54.995169
2.938600,54.995180
2.938700,54.995006
2.938800,54.994654
2.938900,54.995059
2.939000,54.994792
2.939100,54.994827
2.939200,54.994667
2.939300,54.994651
2.939400,54.994839
2.939500,54.994909
2.939600,54.994991
2.939700,54.994862
2.939800,54.994704
2.939900,54.994875
2.940000,54.994989
2.940100,54.994655
2.940200,54.994929
2.940300,54.995093
2.940400,54.994767
2.940500,54.995100
2.940600,54.994428
2.940700,54.994816
2.940800,54.994830
2.940900,54.994832
2.941000,54.994878
2.941100,54.994566
2.941200,54.994527
2.941300,54.994516
2.941400,54.994519
2.941500,54.994403
2.941600,54.994974
2.941700,54.995218
2.941800,54.994647
2.941900,54.994697
2.942000,54.994812
2.942100,54.994701
2.942200,54.994916
2.942300,54.995249
2.942400,54.994894
2.942500,54.993855
2.942600,54.993995
2.942700,54.993238
2.942800,54.994626
2.942900,54.994394
2.943000,54.995584
2.943100,54.995006
2.943200,54.994737
2.943300,54.993299
2.943400,54.993229
2.943500,54.993881
2.943600,54.994209
2.943700,54.994347
2.943800,54.993850
2.943900,54.992792
2.944000,54.992903
2.944100,54.994063
2.944200,54.993318
2.944300,54.997834
2.944400,55.000869
2.944500,55.004181
2.944600,54.996670
2.944700,54.996145
2.944800,54.999474
2.944900,55.010175
2.945000,55.020549
2.945100,55.006504
2.945200,55.023146
2.945300,55.028524
2.945400,55.015096
2.945500,55.007922
2.945600,55.022294
2.945700,55.004003
2.945800,54.990971
2.945900,54.995605
2.946000,55.000514
2.946100,55.001107
2.946200,55.001813
2.946300,55.001581
2.946400,55.001823
2.946500,55.003294
2.946600,55.002645
2.946700,55.001318
2.946800,55.001318
2.946900,55.002002
2.947000,55.002556
2.947100,55.002125
2.947200,55.001900
2.947300,55.002182
2.947400,55.001300
2.947500,55.001610
2.947600,55.001856
2.947700,55.001958
2.947800,55.002273
2.947900,55.001926
2.948000,55.001736
2.948100,55.001445
2.948200,55.001593
2.948300,55.001523
2.948400,55.001504
2.948500,55.001645
2.948600,55.001826
2.948700,55.001979
2.948800,55.001746
2.948900,55.001884
2.949000,55.001872
2.949100,55.001793
2.949200,55.001589
2.949300,55.001340
2.949400,55.001285
2.949500,55.001642
2.949600,55.001581
2.949700,55.001668
2.949800,55.001457
2.949900,55.001561
2.950000,55.001583
2.950100,55.001487
2.950200,55.001819
2.950300,55.001835
2.950400,55.001528
2.950500,55.001923
2.950600,55.001399
2.950700,55.001379
2.950800,55.001651
2.950900,55.001435
2.951000,55.001703
2.951100,55.001647
2.951200,55.000799
2.951300,55.001118
2.951400,55.001646
2.951500,55.000887
2.951600,55.001996
2.951700,55.001103
2.951800,55.001811
2.951900,55.002446
2.952000,55.001892
2.952100,55.001921
2.952200,55.000820
2.952300,55.001038
2.952400,55.002004
2.952500,55.002859
2.952600,55.002017
2.952700,55.003669
2.952800,55.001408
2.952900,54.999973
2.953000,54.998420
2.953100,54.997740
2.953200,55.000398
2.953300,55.004238
2.953400,54.999920
2.953500,55.005989
2.953600,55.000095
2.953700,55.001583
2.953800,55.008667
2.953900,55.015282
2.954000,55.008862
2.954100,55.006943
2.954200,55.013192
2.954300,54.997239
2.954400,55.015751
2.954500,55.020374
2.954600,55.021971
2.954700,55.018176
2.954800,55.022835
2.954900,55.030235
2.955000,55.024752
2.955100,55.023581
2.955200,55.022236
2.955300,55.022373
2.955400,55.021859
2.955500,55.023072
2.955600,55.021340
2.955700,55.021449
2.955800,55.022806
2.955900,55.022822
2.956000,55.023127
2.956100,55.021871
2.956200,55.021708
2.956300,55.021887
2.956400,55.022378
2.956500,55.021571
2.956600,55.022123
2.956700,55.021911
2.956800,55.022328
2.956900,55.022152
2.957000,55.022014
2.957100,55.021817
2.957200,55.021786
2.957300,55.021892
2.957400,55.021624
2.957500,55.021499
2.957600,55.021833
2.957700,55.021620
2.957800,55.021931
2.957900,55.021755
2.958000,55.021813
2.958100,55.021617
2.958200,55.021349
2.958300,55.021630
2.958400,55.021683
2.958500,55.021420
2.958600,55.021884
2.958700,55.021734
2.958800,55.021798
2.958900,55.022037
2.959000,55.022191
2.959100,55.021945
2.959200,55.021590
2.959300,55.021667
2.959400,55.021717
2.959500,55.021751
2.959600,55.021912
2.959700,55.021706
2.959800,55.021462
2.959900,55.021271
2.960000,55.021573
2.960100,55.022073
2.960200,55.021414
2.960300,55.021226
2.960400,55.021452
2.960500,55.021284
2.960600,55.021424
2.960700,55.021106
2.960800,55.021126
2.960900,55.020739
2.961000,55.021391
2.961100,55.022110
2.961200,55.021581
2.961300,55.021265
2.961400,55.022424
2.961500,55.022156
2.961600,55.020798
2.961700,55.021057
2.961800,55.020793
2.961900,55.022527
2.962000,55.023164
2.962100,55.020381
2.962200,55.019753
2.962300,55.017148
2.962400,55.016243
2.962500,55.019287
2.962600,55.019260
2.962700,55.021375
2.962800,55.014714
2.962900,55.006946
2.963000,55.008335
2.963100,55.007063
2.963200,55.008446
2.963300,54.991123
2.963400,54.988789
2.963500,54.997819
2.963600,54.980789
2.963700,54.978389
2.963800,54.986822
2.963900,54.989919
2.964000,54.979650
2.964100,54.987450
2.964200,54.984124
2.964300,54.983770
2.964400,54.983828
2.964500,54.983821
2.964600,54.983701
2.964700,54.985213
2.964800,54.985956
2.964900,54.985611
2.965000,54.985815
2.965100,54.985904
2.965200,54.985587
2.965300,54.985344
2.965400,54.984924
2.965500,54.984343
2.965600,54.984670
2.965700,54.985135
2.965800,54.985196
2.965900,54.985214
2.966000,54.985234
2.966100,54.985082
2.966200,54.984786
2.966300,54.984877
2.966400,54.985066
2.966500,54.985425
2.966600,54.985206
2.966700,54.985304
2.966800,54.984857
2.966900,54.985156
2.967000,54.985019
2.967100,54.985239
2.967200,54.984863
2.967300,54.985066
2.967400,54.985154
2.967500,54.985229
2.967600,54.984971
2.967700,54.984527
2.967800,54.984982
2.967900,54.984930
2.968000,54.984948
2.968100,54.984610
2.968200,54.984531
2.968300,54.984407
2.968400,54.984963
2.968500,54.984723
2.968600,54.984903
2.968700,54.984489
2.968800,54.984514
2.968900,54.984515
2.969000,54.984821
2.969100,54.984336
2.969200,54.984334
2.969300,54.985244
2.969400,54.984627
2.969500,54.984089
2.969600,54.985208
2.969700,54.984784
2.969800,54.985551
2.969900,54.985002
2.970000,54.984198
2.970100,54.984068
2.970200,54.985002
2.970300,54.985747
2.970400,54.985527
2.970500,54.985889
2.970600,54.985302
2.970700,54.984979
2.970800,54.986574
2.970900,54.986121
2.971000,54.985335
2.971100,54.988038
2.971200,54.985747
2.971300,54.986077
2.971400,54.984058
2.971500,54.983925
2.971600,54.982623
2.971700,54.981450
2.971800,54.982619
2.971900,54.990801
2.972000,54.982739
2.972100,54.992217
2.972200,54.990584
2.972300,54.989796
2.972400,54.978314
2.972500,54.977607
2.972600,54.974455
2.972700,54.987577
2.972800,54.964907
2.972900,54.973087
2.973000,54.980148
2.973100,54.975708
2.973200,54.972452
2.973300,54.975470
2.973400,54.975195
2.973500,54.975898
2.973600,54.975968
2.973700,54.976319
2.973800,54.976807
2.973900,54.976850
2.974000,54.975217
2.974100,54.974710
2.974200,54.975583
2.974300,54.975717
2.974400,54.975091
2.974500,54.975429
2.974600,54.974916
2.974700,54.975305
2.974800,54.975512
2.974900,54.975155
2.975000,54.975295
2.975100,54.974781
2.975200,54.975218
2.975300,54.975440
2.975400,54.975267
2.975500,54.974950
2.975600,54.974968
2.975700,54.975238
2.975800,54.975284
2.975900,54.975033
2.976000,54.975148
2.976100,54.974922
2.976200,54.975005
2.976300,54.975009
2.976400,54.975053
2.976500,54.974785
2.976600,54.974991
2.976700,54.974996
2.976800,54.974996
2.976900,54.974808
2.977000,54.974802
2.977100,54.974876
2.977200,54.974231
2.977300,54.974549
2.977400,54.974648
2.977500,54.974698
2.977600,54.974819
2.977700,54.974758
2.977800,54.975241
2.977900,54.975152
2.978000,54.974687
2.978100,54.974768
2.978200,54.974800
2.978300,54.974639
2.978400,54.974879
2.978500,54.975104
2.978600,54.974994
2.978700,54.974900
2.978800,54.974588
2.978900,54.975201
2.979000,54.974898
2.979100,54.974965
2.979200,54.974261
2.979300,54.974876
2.979400,54.974239
2.979500,54.975106
2.979600,54.973891
2.979700,54.973651
2.979800,54.974824
2.979900,54.974744
2.980000,54.973439
2.980100,54.974032
2.980200,54.976041
2.980300,54.974251
2.980400,54.973538
2.980500,54.971915
2.980600,54.971575
2.980700,54.971616
2.980800,54.977831
2.980900,54.985593
2.981000,54.976523
2.981100,54.969841
2.981200,54.971792
2.981300,54.977983
2.981400,54.975068
2.981500,54.991593
2.981600,55.002829
2.981700,55.012457
2.981800,55.017701
2.981900,55.019916
2.982000,55.022356
2.982100,55.037903
2.982200,55.028311
2.982300,55.023908
2.982400,55.021696
2.982500,55.022515
2.982600,55.022498
2.982700,55.022738
2.982800,55.021701
2.982900,55.021178
2.983000,55.021869
2.983100,55.021524
2.983200,55.022080
2.983300,55.022306
2.983400,55.022170
2.983500,55.022116
2.983600,55.021956
2.983700,55.022146
2.983800,55.022241
2.983900,55.021639
2.984000,55.022026
2.984100,55.021914
2.984200,55.021827
2.984300,55.021626
2.984400,55.021800
2.984500,55.021883
2.984600,55.021901
2.984700,55.021779
2.984800,55.021957
2.984900,55.021608
2.985000,55.021596
2.985100,55.021753
2.985200,55.021820
2.985300,55.021916
2.985400,55.021857
2.985500,55.021663
2.985600,55.021668
2.985700,55.021622
2.985800,55.021938
2.985900,55.021987
2.986000,55.021854
2.986100,55.022162
2.986200,55.021770
2.986300,55.021937
2.986400,55.021764
2.986500,55.021626
2.986600,55.021830
2.986700,55.021758
2.986800,55.021999
2.986900,55.021622
2.987000,55.021663
2.987100,55.021477
2.987200,55.021619
2.987300,55.022035
2.987400,55.022239
2.987500,55.021808
2.987600,55.022060
2.987700,55.021197
2.987800,55.021178
2.987900,55.021578
2.988000,55.020859
2.988100,55.021190
2.988200,55.022175
2.988300,55.022049
2.988400,55.022355
2.988500,55.022536
2.988600,55.022431
2.988700,55.022577
2.988800,55.022207
2.988900,55.022316
2.989000,55.020735
2.989100,55.022666
2.989200,55.020257
2.989300,55.019179
2.989400,55.021292
2.989500,55.023474
2.989600,55.023192
2.989700,55.021416
2.989800,55.018306
2.989900,55.013262
2.990000,55.013654
2.990100,55.019855
2.990200,55.028958
2.990300,55.022598
2.990400,55.013827
2.990500,54.998307
2.990600,54.981668
2.990700,54.961692
2.990800,54.975584
2.990900,54.999511
2.991000,54.992802
2.991100,54.981085
2.991200,54.983085
2.991300,54.976863
2.991400,54.973819
2.991500,54.977366
2.991600,54.976490
2.991700,54.976465
2.991800,54.975924
2.991900,54.975480
2.992000,54.975943
2.992100,54.976839
2.992200,54.978151
2.992300,54.978141
2.992400,54.977899
2.992500,54.977509
2.992600,54.977140
2.992700,54.977175
2.992800,54.977232
2.992900,54.977521
2.993000,54.976868
2.993100,54.976901
2.993200,54.977206
2.993300,54.977177
2.993400,54.977390
2.993500,54.977256
2.993600,54.977228
2.993700,54.977091
2.993800,54.977092
2.993900,54.977224
2.994000,54.977413
2.994100,54.976882
2.994200,54.976963
2.994300,54.976746
2.994400,54.976678
2.994500,54.977134
2.994600,54.976774
2.994700,54.976683
2.994800,54.976994
2.994900,54.976583
2.995000,54.976903
2.995100,54.976635
2.995200,54.976537
2.995300,54.976981
2.995400,54.976631
2.995500,54.976882
2.995600,54.976929
2.995700,54.976470
2.995800,54.976503
2.995900,54.977031
2.996000,54.976666
2.996100,54.976651
2.996200,54.977008
2.996300,54.976664
2.996400,54.976708
2.996500,54.976018
2.996600,54.977053
2.996700,54.976250
2.996800,54.976467
2.996900,54.977013
2.997000,54.976984
2.997100,54.976694
2.997200,54.977336
2.997300,54.977517
2.997400,54.976718
2.997500,54.976490
2.997600,54.976831
2.997700,54.976695
2.997800,54.976880
2.997900,54.976381
2.998000,54.977189
2.998100,54.976769
2.998200,54.976145
2.998300,54.977747
2.998400,54.976798
2.998500,54.979738
2.998600,54.977523
2.998700,54.979780
2.998800,54.979122
2.998900,54.984094
2.999000,54.985555
2.999100,54.982514
2.999200,54.978214
2.999300,54.982598
2.999400,54.988798
2.999500,54.986691
2.999600,54.998871
2.999700,54.979429
2.999800,54.977855
2.999900,54.978653
3.000000,54.993853
3.000100,54.994972
3.000200,54.995355
3.000300,54.996652
3.000400,55.005845
3.000500,55.008486
3.000600,55.007631
3.000700,55.007790
3.000800,55.007855
3.000900,55.008181
3.001000,55.007970
3.001100,55.008923
3.001200,55.009575
3.001300,55.009880
3.001400,55.008189
3.001500,55.008580
3.001600,55.008837
3.001700,55.009351
3.001800,55.008485
3.001900,55.008815
3.002000,55.009104
3.002100,55.009158
3.002200,55.009647
3.002300,55.009106
3.002400,55.008808
3.002500,55.009320
3.002600,55.009171
3.002700,55.008858
3.002800,55.008818
3.002900,55.008737
3.003000,55.008862
3.003100,55.008768
3.003200,55.008585
3.003300,55.008898
3.003400,55.008941
3.003500,55.008955
3.003600,55.008686
3.003700,55.008820
3.003800,55.008469
3.003900,55.008576
3.004000,55.008690
3.004100,55.008822
3.004200,55.008970
3.004300,55.008860
3.004400,55.008387
3.004500,55.008479
3.004600,55.008602
3.004700,55.008796
3.004800,55.008749
3.004900,55.008639
3.005000,55.008415
3.005100,55.008510
3.005200,55.008663
3.005300,55.008622
3.005400,55.008340
3.005500,55.008480
3.005600,55.008747
3.005700,55.009034
3.005800,55.009089
3.005900,55.008703
3.006000,55.008769
3.006100,55.008913
3.006200,55.007837
3.006300,55.007606
3.006400,55.009199
3.006500,55.008302
3.006600,55.008363
3.006700,55.010217
3.006800,55.009183
3.006900,55.008938
3.007000,55.009743
3.007100,55.008589
3.007200,55.009542
3.007300,55.008272
3.007400,55.008717
3.007500,55.007954
3.007600,55.006898
3.007700,55.004759
3.007800,55.003880
3.007900,55.008511
3.008000,55.007177
3.008100,55.010506
3.008200,55.007547
3.008300,55.009747
3.008400,55.006443
3.008500,55.003698
3.008600,55.003198
3.008700,55.000638
3.008800,55.002914
3.008900,55.014051
3.009000,54.999564
3.009100,55.000573
3.009200,55.005819
3.009300,55.006815
3.009400,55.001342
3.009500,55.006784
3.009600,55.001665
3.009700,55.001761
3.009800,55.001378
3.009900,55.001371
3.010000,55.001010
3.010100,54.999441
3.010200,55.000029
3.010300,55.000661
3.010400,55.001456
3.010500,55.002887
3.010600,55.001725
3.010700,55.000939
3.010800,55.000459
3.010900,55.001240
3.011000,55.000375
3.011100,55.000800
3.011200,55.001115
3.011300,55.000547
3.011400,55.000650
3.011500,55.000406
3.011600,55.000515
3.011700,55.000415
3.011800,55.000257
3.011900,55.000380
3.012000,55.000147
3.012100,55.000391
3.012200,55.000369
3.012300,55.000271
3.012400,55.000138
3.012500,55.000396
3.012600,55.000544
3.012700,55.000435
3.012800,55.000136
3.012900,55.000156
3.013000,55.000372
3.013100,55.000425
3.013200,55.000342
3.013300,55.000398
3.013400,55.000127
3.013500,55.000234
3.013600,55.000265
3.013700,55.000315
3.013800,54.999920
3.013900,54.999968
3.014000,55.000211
3.014100,55.000361
3.014200,54.999964
3.014300,55.000262
3.014400,54.999764
3.014500,55.000282
3.014600,55.000295
3.014700,55.000450
3.014800,55.000387
3.014900,55.000911
3.015000,55.000947
3.015100,55.000653
3.015200,55.000569
3.015300,55.000704
3.015400,55.000881
3.015500,55.000622
3.015600,54.999556
3.015700,55.000757
3.015800,55.000977
3.015900,55.000491
3.016000,55.000572
3.016100,55.001212
3.016200,55.001830
3.016300,55.000134
3.016400,55.001602
3.016500,55.004025
3.016600,55.002376
3.016700,54.999410
3.016800,54.998278
3.016900,54.999751
3.017000,54.999581
3.017100,55.002017
3.017200,55.004215
3.017300,55.003237
3.017400,54.999821
3.017500,54.999010
3.017600,54.997227
3.017700,54.986906
3.017800,54.984577
3.017900,54.999058
3.018000,55.012930
3.018100,55.016256
3.018200,55.018673
3.018300,54.998682
3.018400,54.996364
3.018500,54.992498
3.018600,54.991615
3.018700,54.992295
3.018800,54.990845
3.018900,54.991864
3.019000,54.991817
3.019100,54.991937
3.019200,54.990938
3.019300,54.991297
3.019400,54.990228
3.019500,54.989399
3.019600,54.990499
3.019700,54.990987
3.019800,54.990458
3.019900,54.990331
3.020000,54.990669
3.020100,54.990646
3.020200,54.990467
3.020300,54.990928
3.020400,54.991056
3.020500,54.990562
3.020600,54.990425
3.020700,54.990603
3.020800,54.989995
3.020900,54.990339
3.021000,54.990267
3.021100,54.990320
3.021200,54.990279
3.021300,54.990349
3.021400,54.990363
3.021500,54.990870
3.021600,54.990410
3.021700,54.990404
3.021800,54.990463
3.021900,54.990630
3.022000,54.990634
3.022100,54.990486
3.022200,54.990247
3.022300,54.990416
3.022400,54.990053
3.022500,54.990111
3.022600,54.990131
3.022700,54.990620
3.022800,54.990483
3.022900,54.990643
3.023000,54.990285
3.023100,54.990102
3.023200,54.990177
3.023300,54.989999
3.023400,54.989781
3.023500,54.990034
3.023600,54.990314
3.023700,54.990605
3.023800,54.990004
3.023900,54.989962
3.024000,54.989993
3.024100,54.989790
3.024200,54.989715
3.024300,54.990853
3.024400,54.991126
3.024500,54.990314
3.024600,54.988832
3.024700,54.988402
3.024800,54.989261
3.024900,54.991025
3.025000,54.990285
3.025100,54.990478
3.025200,54.989851
3.025300,54.991993
3.025400,54.990551
3.025500,54.989238
3.025600,54.987650
3.025700,54.989738
3.025800,54.990337
3.025900,54.993306
3.026000,54.990632
3.026100,54.992647
3.026200,54.992145
3.026300,54.993056
3.026400,54.985108
3.026500,54.990499
3.026600,54.994746
3.026700,54.993419
3.026800,54.999169
3.026900,54.984114
3.027000,54.973390
3.027100,54.963560
3.027200,54.971529
3.027300,54.994230
3.027400,54.995511
3.027500,54.990216
3.027600,54.988324
3.027700,54.998549
3.027800,54.995553
3.027900,54.995082
3.028000,54.993799
3.028100,54.993759
3.028200,54.992981
3.028300,54.993666
3.028400,54.992515
3.028500,54.994119
3.028600,54.992816
3.028700,54.992888
3.028800,54.993405
3.028900,54.993166
3.029000,54.993421
3.029100,54.993860
3.029200,54.993474
3.029300,54.993124
3.029400,54.993742
3.029500,54.993687
3.029600,54.993469
3.029700,54.993277
3.029800,54.993163
3.029900,54.993388
3.030000,54.993347
3.030100,54.993513
3.030200,54.993168
3.030300,54.993199
3.030400,54.993255
3.030500,54.992940
3.030600,54.992865
3.030700,54.992855
3.030800,54.992933
3.030900,54.993497
3.031000,54.993497
3.031100,54.993213
3.031200,54.993121
3.031300,54.992939
3.031400,54.992694
3.031500,54.993248
3.031600,54.992913
3.031700,54.993093
3.031800,54.993215
3.031900,54.993545
3.032000,54.993118
3.032100,54.993154
3.032200,54.993587
3.032300,54.993212
3.032400,54.993087
3.032500,54.992784
3.032600,54.993353
3.032700,54.993030
3.032800,54.993001
3.032900,54.993079
3.033000,54.993625
3.033100,54.993469
3.033200,54.992832
3.033300,54.992908
3.033400,54.993392
3.033500,54.993688
3.033600,54.992655
3.033700,54.992435
3.033800,54.992671
3.033900,54.992629
3.034000,54.992910
3.034100,54.992302
3.034200,54.993750
3.034300,54.994057
3.034400,54.994479
3.034500,54.995035
3.034600,54.993209
3.034700,54.992763
3.034800,54.994795
3.034900,54.993632
3.035000,54.992887
3.035100,54.993213
3.035200,54.991439
3.035300,54.994311
3.035400,54.988100
3.035500,54.992685
3.035600,54.987994
3.035700,54.996406
3.035800,54.996494
3.035900,55.009190
3.036000,55.014319
3.036100,55.005460
3.036200,55.022806
3.036300,55.002526
3.036400,55.021025
3.036500,55.026139
3.036600,55.025757
3.036700,55.027581
3.036800,55.026016
3.036900,55.024568
3.037000,55.025168
3.037100,55.025003
3.037200,55.025242
3.037300,55.023895
3.037400,55.022410
3.037500,55.023714
3.037600,55.025400
3.037700,55.025801
3.037800,55.025090
3.037900,55.025338
3.038000,55.025277
3.038100,55.024755
3.038200,55.024728
3.038300,55.024624
3.038400,55.024527
3.038500,55.024997
3.038600,55.025242
3.038700,55.024861
3.038800,55.024794
3.038900,55.024748
3.039000,55.024584
3.039100,55.024806
3.039200,55.024554
3.039300,55.024707
3.039400,55.024477
3.039500,55.024837
3.039600,55.024396
3.039700,55.024422
3.039800,55.024517
3.039900,55.024076
3.040000,55.024176
3.040100,55.024427
3.040200,55.024421
3.040300,55.024780
3.040400,55.024300
3.040500,55.024570
3.040600,55.024340
3.040700,55.024334
3.040800,55.024422
3.040900,55.024632
3.041000,55.024804
3.041100,55.024676
3.041200,55.024570
3.041300,55.024245
3.041400,55.024926
3.041500,55.024245
3.041600,55.024376
3.041700,55.024606
3.041800,55.024651
3.041900,55.024444
3.042000,55.024630
3.042100,55.023717
3.042200,55.024500
3.042300,55.024162
3.042400,55.024846
3.042500,55.023787
3.042600,55.023920
3.042700,55.024021
3.042800,55.023845
3.042900,55.025259
3.043000,55.024616
3.043100,55.024369
3.043200,55.023616
3.043300,55.025665
3.043400,55.026586
3.043500,55.026327
3.043600,55.025901
3.043700,55.023016
3.043800,55.022267
3.043900,55.020833
3.044000,55.024485
3.044100,55.022091
3.044200,55.024260
3.044300,55.021874
3.044400,55.026047
3.044500,55.018881
3.044600,55.010362
3.044700,55.020250
3.044800,55.030508
3.044900,55.031949
3.045000,55.020588
3.045100,55.026084
3.045200,55.006770
3.045300,54.997129
3.045400,55.003840
3.045500,55.007643
3.045600,54.992549
3.045700,54.994385
3.045800,54.987192
3.045900,54.992991
3.046000,54.991582
3.046100,54.989291
3.046200,54.990198
3.046300,54.990251
3.046400,54.990121
3.046500,54.990727
3.046600,54.991058
3.046700,54.991309
3.046800,54.991760
3.046900,54.992238
3.047000,54.991291
3.047100,54.991067
3.047200,54.990862
3.047300,54.990732
3.047400,54.990799
3.047500,54.990769
3.047600,54.991365
3.047700,54.991411
3.047800,54.991305
3.047900,54.991199
3.048000,54.990855
3.048100,54.990504
3.048200,54.990783
3.048300,54.990817
3.048400,54.990732
3.048500,54.990948
3.048600,54.990323
3.048700,54.990563
3.048800,54.990799
3.048900,54.990980
3.049000,54.990901
3.049100,54.990742
3.049200,54.990675
3.049300,54.990982
3.049400,54.990938
3.049500,54.990960
3.049600,54.990715
3.049700,54.990493
3.049800,54.990492
3.049900,54.990670
3.050000,54.990519
3.050100,54.991126
3.050200,54.990691
3.050300,54.990980
3.050400,54.990795
3.050500,54.990582
3.050600,54.990670
3.050700,54.990471
3.050800,54.990734
3.050900,54.990047
3.051000,54.990940
3.051100,54.991089
3.051200,54.990861
3.051300,54.990543
3.051400,54.990220
3.051500,54.990817
3.051600,54.989980
3.051700,54.989792
3.051800,54.990844
3.051900,54.991239
3.052000,54.991265
3.052100,54.989965
3.052200,54.988065
3.052300,54.988773
3.052400,54.988740
3.052500,54.989641
3.052600,54.991127
3.052700,54.992039
3.052800,54.989336
3.052900,54.988344
3.053000,54.988391
3.053100,54.987657
3.053200,54.989778
3.053300,54.990864
3.053400,54.993638
3.053500,54.994839
3.053600,54.990935
3.053700,54.988567
3.053800,54.990388
3.053900,54.987803
3.054000,54.979879
3.054100,54.965572
3.054200,54.958197
3.054300,54.963365
3.054400,54.985849
3.054500,54.978991
3.054600,54.971468
3.054700,54.956583
3.054800,54.952595
3.054900,54.961616
3.055000,54.968596
3.055100,54.967942
3.055200,54.967163
3.055300,54.968382
3.055400,54.968368
3.055500,54.969060
3.055600,54.968786
3.055700,54.969265
3.055800,54.970990
3.055900,54.969932
3.056000,54.970134
3.056100,54.971093
3.056200,54.969802
3.056300,54.970425
3.056400,54.970276
3.056500,54.970178
3.056600,54.970574
3.056700,54.970758
3.056800,54.970688
3.056900,54.970469
3.057000,54.970104
3.057100,54.969922
3.057200,54.970409
3.057300,54.970457
3.057400,54.970896
3.057500,54.970255
3.057600,54.970509
3.057700,54.970394
3.057800,54.970223
3.057900,54.969953
3.058000,54.970224
3.058100,54.970254
3.058200,54.970354
3.058300,54.970443
3.058400,54.969992
3.058500,54.970015
3.058600,54.970032
3.058700,54.970290
3.058800,54.969864
3.058900,54.970013
3.059000,54.969948
3.059100,54.970004
3.059200,54.969857
3.059300,54.969897
3.059400,54.970121
3.059500,54.969745
3.059600,54.969639
3.059700,54.969750
3.059800,54.969913
3.059900,54.970597
3.060000,54.970506
3.060100,54.970738
3.060200,54.970344
3.060300,54.970458
3.060400,54.970181
3.060500,54.970092
3.060600,54.969536
3.060700,54.969714
3.060800,54.969861
3.060900,54.970251
3.061000,54.969866
3.061100,54.969780
3.061200,54.968716
3.061300,54.969007
3.061400,54.969535
3.061500,54.969491
3.061600,54.969500
3.061700,54.971946
3.061800,54.970522
3.061900,54.971081
3.062000,54.969412
3.062100,54.969409
3.062200,54.968916
3.062300,54.972975
3.062400,54.974246
3.062500,54.978428
3.062600,54.976914
3.062700,54.972150
3.062800,54.969581
3.062900,54.969957
3.063000,54.970388
3.063100,54.973877
3.063200,54.984982
3.063300,54.983753
3.063400,54.973906
3.063500,54.957884
3.063600,54.976224
3.063700,54.993718
3.063800,54.999625
3.063900,55.015161
3.064000,55.004915
3.064100,55.005117
3.064200,55.004233
3.064300,55.006151
3.064400,55.006720
3.064500,55.006809
3.064600,55.007566
3.064700,55.006115
3.064800,55.006093
3.064900,55.006036
3.065000,55.006161
3.065100,55.007215
3.065200,55.007473
3.065300,55.006734
3.065400,55.006851
3.065500,55.006758
3.065600,55.006740
3.065700,55.006857
3.065800,55.007574
3.065900,55.006909
3.066000,55.006473
3.066100,55.006647
3.066200,55.006757
3.066300,55.006781
3.066400,55.006755
3.066500,55.006577
3.066600,55.006640
3.066700,55.006915
3.066800,55.006719
3.066900,55.006377
3.067000,55.006896
3.067100,55.006582
3.067200,55.006814
3.067300,55.006496
3.067400,55.006435
3.067500,55.006557
3.067600,55.006536
3.067700,55.006916
3.067800,55.006747
3.067900,55.006843
3.068000,55.006478
3.068100,55.006597
3.068200,55.006629
3.068300,55.006181
3.068400,55.006682
3.068500,55.006477
3.068600,55.006640
3.068700,55.006687
3.068800,55.006651
3.068900,55.006416
3.069000,55.007097
3.069100,55.007044
3.069200,55.006962
3.069300,55.006923
3.069400,55.006662
3.069500,55.006569
3.069600,55.006574
3.069700,55.006630
3.069800,55.005945
3.069900,55.006299
3.070000,55.006217
3.070100,55.006805
3.070200,55.005816
3.070300,55.006369
3.070400,55.006992
3.070500,55.007343
3.070600,55.008191
3.070700,55.009160
3.070800,55.007264
3.070900,55.004359
3.071000,55.006449
3.071100,55.004955
3.071200,55.001310
3.071300,55.000962
3.071400,55.004401
3.071500,55.003703
3.071600,55.003528
3.071700,55.009144
3.071800,55.011050
3.071900,55.005628
3.072000,55.004893
3.072100,55.009304
3.072200,55.003098
3.072300,55.002126
3.072400,55.018133
3.072500,55.038252
3.072600,55.043754
3.072700,55.035119
3.072800,55.042186
3.072900,55.038940
3.073000,55.051529
3.073100,55.043425
3.073200,55.044239
3.073300,55.038961
3.073400,55.039479
3.073500,55.039688
3.073600,55.039531
3.073700,55.040668
3.073800,55.040366
3.073900,55.038655
3.074000,55.038683
3.074100,55.039300
3.074200,55.039256
3.074300,55.039661
3.074400,55.039452
3.074500,55.039776
3.074600,55.039465
3.074700,55.038641
3.074800,55.038416
3.074900,55.038835
3.075000,55.038949
3.075100,55.039159
3.075200,55.039529
3.075300,55.038860
3.075400,55.039011
3.075500,55.039040
3.075600,55.039317
3.075700,55.039121
3.075800,55.038716
3.075900,55.038987
3.076000,55.039047
3.076100,55.039129
3.076200,55.039267
3.076300,55.038937
3.076400,55.039077
3.076500,55.038984
3.076600,55.039479
3.076700,55.039393
3.076800,55.039234
3.076900,55.039053
3.077000,55.039645
3.077100,55.039131
3.077200,55.039538
3.077300,55.039217
3.077400,55.039155
3.077500,55.039124
3.077600,55.038784
3.077700,55.039077
3.077800,55.039451
3.077900,55.038993
3.078000,55.038856
3.078100,55.039032
3.078200,55.039248
3.078300,55.039060
3.078400,55.040125
3.078500,55.040058
3.078600,55.039263
3.078700,55.038551
3.078800,55.039448
3.078900,55.039329
3.079000,55.040116
3.079100,55.039015
3.079200,55.038947
3.079300,55.038553
3.079400,55.037399
3.079500,55.037324
3.079600,55.038289
3.079700,55.037091
3.079800,55.037890
3.079900,55.038182
3.080000,55.038693
3.080100,55.038051
3.080200,55.038424
3.080300,55.038522
3.080400,55.040568
3.080500,55.041451
3.080600,55.040000
3.080700,55.034502
3.080800,55.038765
3.080900,55.041632
3.081000,55.039892
3.081100,55.035692
3.081200,55.030920
3.081300,55.029578
3.081400,55.019165
3.081500,55.034927
3.081600,55.030676
3.081700,55.034093
3.081800,55.027274
3.081900,55.049554
3.082000,55.047448
3.082100,55.031125
3.082200,55.028573
3.082300,55.027361
3.082400,55.024902
3.082500,55.025102
3.082600,55.024819
3.082700,55.025243
3.082800,55.024306
3.082900,55.022805
3.083000,55.023711
3.083100,55.022549
3.083200,55.022072
3.083300,55.022133
3.083400,55.020828
3.083500,55.021406
3.083600,55.022000
3.083700,55.022402
3.083800,55.022604
3.083900,55.022190
3.084000,55.021767
3.084100,55.022094
3.084200,55.022247
3.084300,55.022362
3.084400,55.022586
3.084500,55.022115
3.084600,55.022473
3.084700,55.022395
3.084800,55.022287
3.084900,55.022469
3.085000,55.022164
3.085100,55.022302
3.085200,55.022149
3.085300,55.022125
3.085400,55.022056
3.085500,55.021877
3.085600,55.022190
3.085700,55.022426
3.085800,55.022137
3.085900,55.022175
3.086000,55.022034
3.086100,55.021608
3.086200,55.021897
3.086300,55.022243
3.086400,55.021879
3.086500,55.021645
3.086600,55.022090
3.086700,55.022298
3.086800,55.022283
3.086900,55.022579
3.087000,55.022681
3.087100,55.022055
3.087200,55.021619
3.087300,55.022394
3.087400,55.022193
3.087500,55.021985
3.087600,55.022373
3.087700,55.021576
3.087800,55.022644
3.087900,55.022095
3.088000,55.021999
3.088100,55.021555
3.088200,55.021330
3.088300,55.020935
3.088400,55.020489
3.088500,55.021964
3.088600,55.023703
3.088700,55.024114
3.088800,55.022668
3.088900,55.020233
3.089000,55.021855
3.089100,55.022212
3.089200,55.022410
3.089300,55.022542
3.089400,55.022169
3.089500,55.021234
3.089600,55.017277
3.089700,55.019240
3.089800,55.020666
3.089900,55.013885
3.090000,55.014301
3.090100,55.017758
3.090200,55.019877
3.090300,55.012907
3.090400,55.014773
3.090500,55.006648
3.090600,54.994530
3.090700,55.010335
3.090800,55.006296
3.090900,54.989640
3.091000,54.990405
3.091100,54.983278
3.091200,54.975481
3.091300,54.974209
3.091400,54.981355
3.091500,54.983002
3.091600,54.984005
3.091700,54.983755
3.091800,54.983782
3.091900,54.984033
3.092000,54.984439
3.092100,54.985816
3.092200,54.987060
3.092300,54.987654
3.092400,54.986713
3.092500,54.987220
3.092600,54.986805
3.092700,54.986830
3.092800,54.986576
3.092900,54.986383
3.093000,54.985757
3.093100,54.985706
3.093200,54.985937
3.093300,54.985582
3.093400,54.986178
3.093500,54.985970
3.093600,54.986130
3.093700,54.985967
3.093800,54.985947
3.093900,54.985895
3.094000,54.985995
3.094100,54.985806
3.094200,54.985664
3.094300,54.985645
3.094400,54.985612
3.094500,54.985869
3.094600,54.985778
3.094700,54.985621
3.094800,54.985861
3.094900,54.985721
3.095000,54.986000
3.095100,54.985836
3.095200,54.985778
3.095300,54.985435
3.095400,54.985480
3.095500,54.985582
3.095600,54.985570
3.095700,54.985874
3.095800,54.985868
3.095900,54.985526
3.096000,54.985578
3.096100,54.985365
3.096200,54.985585
3.096300,54.985503
3.096400,54.985414
3.096500,54.985113
3.096600,54.984826
3.096700,54.985771
3.096800,54.985633
3.096900,54.985367
3.097000,54.986415
3.097100,54.986094
3.097200,54.986259
3.097300,54.985204
3.097400,54.985907
3.097500,54.986151
3.097600,54.985069
3.097700,54.984406
3.097800,54.984815
3.097900,54.985367
3.098000,54.984079
3.098100,54.985405
3.098200,54.985968
3.098300,54.984346
3.098400,54.985435
3.098500,54.987573
3.098600,54.990549
3.098700,54.987388
3.098800,54.985416
3.098900,54.989521
3.099000,54.989276
3.099100,54.988436
3.099200,54.984610
3.099300,54.981837
3.099400,54.994548
3.099500,54.999180
3.099600,54.986045
3.099700,54.994598
3.099800,54.976951
3.099900,54.987866
3.100000,55.009883
3.100100,55.015556
3.100200,55.000162
3.100300,54.998783
3.100400,55.010978
3.100500,55.011653
3.100600,55.010838
3.100700,55.010918
3.100800,55.010961
3.100900,55.011021
3.101000,55.012008
3.101100,55.012786
3.101200,55.011237
3.101300,55.012794
3.101400,55.013683
3.101500,55.013242
3.101600,55.012308
3.101700,55.012134
3.101800,55.011745
3.101900,55.011558
3.102000,55.011575
3.102100,55.012215
3.102200,55.011762
3.102300,55.012286
3.102400,55.011802
3.102500,55.011815
3.102600,55.012091
3.102700,55.011895
3.102800,55.012299
3.102900,55.012023
3.103000,55.011784
3.103100,55.011842
3.103200,55.011764
3.103300,55.011872
3.103400,55.011696
3.103500,55.012079
3.103600,55.011956
3.103700,55.011837
3.103800,55.011572
3.103900,55.011768
3.104000,55.012112
3.104100,55.012135
3.104200,55.011848
3.104300,55.012087
3.104400,55.011993
3.104500,55.011619
3.104600,55.011936
3.104700,55.011544
3.104800,55.011627
3.104900,55.011523
3.105000,55.011923
3.105100,55.011719
3.105200,55.011220
3.105300,55.011795
3.105400,55.011647
3.105500,55.011164
3.105600,55.010978
3.105700,55.012051
3.105800,55.012004
3.105900,55.011820
3.106000,55.011844
3.106100,55.011415
3.106200,55.010925
3.106300,55.011475
3.106400,55.011862
3.106500,55.011612
3.106600,55.012322
3.106700,55.011875
3.106800,55.011321
3.106900,55.012329
3.107000,55.011610
3.107100,55.011164
3.107200,55.011890
3.107300,55.010285
3.107400,55.009534
3.107500,55.013260
3.107600,55.013137
3.107700,55.012424
3.107800,55.015272
3.107900,55.014675
3.108000,55.013090
3.108100,55.013903
3.108200,55.007916
3.108300,55.007035
3.108400,55.001191
3.108500,55.001291
3.108600,55.001233
3.108700,54.983490
3.108800,54.991946
3.108900,55.010438
3.109000,55.008577
3.109100,55.020195
3.109200,55.010170
3.109300,54.993577
3.109400,55.007826
3.109500,55.001430
3.109600,55.007049
3.109700,55.004895
3.109800,55.004235
3.109900,55.004056
3.110000,55.003973
3.110100,55.003942
3.110200,55.004445
3.110300,55.005037
3.110400,55.003860
3.110500,55.002887
3.110600,55.002773
3.110700,55.003803
3.110800,55.003386
3.110900,55.002992
3.111000,55.002896
3.111100,55.002875
3.111200,55.002719
3.111300,55.002980
3.111400,55.003660
3.111500,55.003632
3.111600,55.003698
3.111700,55.003145
3.111800,55.003385
3.111900,55.003196
3.112000,55.003008
3.112100,55.002942
3.112200,55.002925
3.112300,55.002841
3.112400,55.002849
3.112500,55.002852
3.112600,55.002884
3.112700,55.002754
3.112800,55.003155
3.112900,55.003039
3.113000,55.002982
3.113100,55.002934
3.113200,55.002785
3.113300,55.002810
3.113400,55.003059
3.113500,55.002892
3.113600,55.002846
3.113700,55.002694
3.113800,55.002815
3.113900,55.003521
3.114000,55.003333
3.114100,55.002565
3.114200,55.002659
3.114300,55.002448
3.114400,55.002864
3.114500,55.002526
3.114600,55.002810
3.114700,55.002560
3.114800,55.002925
3.114900,55.003814
3.115000,55.003779
3.115100,55.002994
3.115200,55.003472
3.115300,55.003046
3.115400,55.002211
3.115500,55.003437
3.115600,55.002600
3.115700,55.003643
3.115800,55.003041
3.115900,55.002962
3.116000,55.002081
3.116100,55.000728
3.116200,55.001425
3.116300,55.001866
3.116400,55.000417
3.116500,55.000566
3.116600,55.003948
3.116700,55.004232
3.116800,55.004276
3.116900,55.001040
3.117000,55.000861
3.117100,54.997606
3.117200,55.001771
3.117300,55.007401
3.117400,55.007776
3.117500,55.012205
3.117600,55.001154
3.117700,54.998873
3.117800,54.983953
3.117900,54.974673
3.118000,54.992860
3.118100,54.985182
3.118200,54.995020
3.118300,54.988632
3.118400,54.988405
3.118500,54.979410
3.118600,54.984809
3.118700,54.982475
3.118800,54.980046
3.118900,54.980926
3.119000,54.980920
3.119100,54.981415
3.119200,54.979919
3.119300,54.981217
3.119400,54.981821
3.119500,54.980067
3.119600,54.980794
3.119700,54.979636
3.119800,54.979440
3.119900,54.980329
3.120000,54.980909
3.120100,54.980020
3.120200,54.979806
3.120300,54.979811
3.120400,54.979893
3.120500,54.980058
3.120600,54.980126
3.120700,54.980103
3.120800,54.979812
3.120900,54.979962
3.121000,54.979646
3.121100,54.979885
3.121200,54.979841
3.121300,54.979893
3.121400,54.980088
3.121500,54.980266
3.121600,54.979894
3.121700,54.979683
3.121800,54.980022
3.121900,54.979592
3.122000,54.979623
3.122100,54.979839
3.122200,54.979516
3.122300,54.979939
3.122400,54.979833
3.122500,54.979639
3.122600,54.979131
3.122700,54.979461
3.122800,54.979318
3.122900,54.979585
3.123000,54.979409
3.123100,54.979674
3.123200,54.979933
3.123300,54.979459
3.123400,54.979282
3.123500,54.978750
3.123600,54.979048
3.123700,54.979787
3.123800,54.979468
3.123900,54.979650
3.124000,54.979893
3.124100,54.980280
3.124200,54.979453
3.124300,54.979919
3.124400,54.979411
3.124500,54.979229
3.124600,54.979287
3.124700,54.978871
3.124800,54.979176
3.124900,54.979371
3.125000,54.978064
3.125100,54.977518
3.125200,54.979924
3.125300,54.979050
3.125400,54.978281
3.125500,54.981138
3.125600,54.981149
3.125700,54.979300
3.125800,54.978719
3.125900,54.981772
3.126000,54.984427
3.126100,54.979225
3.126200,54.979088
3.126300,54.985014
3.126400,54.981994
3.126500,54.978632
3.126600,54.982028
3.126700,54.971824
3.126800,54.986195
3.126900,54.991723
3.127000,54.983867
3.127100,54.978359
3.127200,54.986837
3.127300,54.964653
3.127400,54.986214
3.127500,54.977223
3.127600,54.970072
3.127700,54.967268
3.127800,54.965435
3.127900,54.966347
3.128000,54.967755
3.128100,54.968107
3.128200,54.968059
3.128300,54.968016
3.128400,54.967036
3.128500,54.968622
3.128600,54.968248
3.128700,54.967842
3.128800,54.968842
3.128900,54.968513
3.129000,54.967865
3.129100,54.968584
3.129200,54.968348
3.129300,54.968481
3.129400,54.968340
3.129500,54.967789
3.129600,54.967895
3.129700,54.967906
3.129800,54.967811
3.129900,54.967558
3.130000,54.967767
3.130100,54.968149
3.130200,54.967737
3.130300,54.967558
3.130400,54.968115
3.130500,54.967951
3.130600,54.967938
3.130700,54.967757
3.130800,54.967485
3.130900,54.967395
3.131000,54.967542
3.131100,54.967649
3.131200,54.967767
3.131300,54.967819
3.131400,54.967704
3.131500,54.967617
3.131600,54.967692
3.131700,54.967453
3.131800,54.967096
3.131900,54.967438
3.132000,54.967749
3.132100,54.967688
3.132200,54.967399
3.132300,54.967475
3.132400,54.967409
3.132500,54.967522
3.132600,54.967825
3.132700,54.967855
3.132800,54.967364
3.132900,54.967282
3.133000,54.967579
3.133100,54.966899
3.133200,54.967406
3.133300,54.967594
3.133400,54.967300
3.133500,54.967393
3.133600,54.968437
3.133700,54.968547
3.133800,54.967517
3.133900,54.967362
3.134000,54.966117
3.134100,54.967756
3.134200,54.965804
3.134300,54.967967
3.134400,54.969133
3.134500,54.969524
3.134600,54.971824
3.134700,54.969248
3.134800,54.968904
3.134900,54.969763
3.135000,54.966963
3.135100,54.971283
3.135200,54.971852
3.135300,54.974558
3.135400,54.974962
3.135500,54.966931
3.135600,54.962362
3.135700,54.969306
3.135800,54.982307
3.135900,54.978279
3.136000,54.966239
3.136100,54.975196
3.136200,54.992430
3.136300,54.979369
3.136400,54.973431
3.136500,54.980268
3.136600,54.989966
3.136700,54.987522
3.136800,54.989685
3.136900,54.989765
3.137000,54.988753
3.137100,54.989662
3.137200,54.989645
3.137300,54.989652
3.137400,54.988169
3.137500,54.989040
3.137600,54.990444
3.137700,54.988686
3.137800,54.990158
3.137900,54.990174
3.138000,54.989359
3.138100,54.989015
3.138200,54.989461
3.138300,54.989470
3.138400,54.989406
3.138500,54.988945
3.138600,54.989011
3.138700,54.988977
3.138800,54.989148
3.138900,54.989602
3.139000,54.989611
3.139100,54.989558
3.139200,54.989314
3.139300,54.989356
3.139400,54.989403
3.139500,54.989280
3.139600,54.989356
3.139700,54.989088
3.139800,54.988989
3.139900,54.989202
3.140000,54.989340
3.140100,54.989345
3.140200,54.989037
3.140300,54.989240
3.140400,54.989390
3.140500,54.989034
3.140600,54.988965
3.140700,54.988910
3.140800,54.988905
3.140900,54.989001
3.141000,54.989237
3.141100,54.989213
3.141200,54.989097
3.141300,54.989272
3.141400,54.989386
3.141500,54.989496
3.141600,54.989296
3.141700,54.989967
3.141800,54.989633
3.141900,54.988767
3.142000,54.988749
3.142100,54.989450
3.142200,54.989533
3.142300,54.988596
3.142400,54.989283
3.142500,54.988552
3.142600,54.989555
3.142700,54.989497
3.142800,54.988829
3.142900,54.989745
3.143000,54.990090
3.143100,54.989872
3.143200,54.989690
3.143300,54.988071
3.143400,54.990309
3.143500,54.990181
3.143600,54.988269
3.143700,54.988549
3.143800,54.988443
3.143900,54.987220
3.144000,54.986118
3.144100,54.986980
3.144200,54.987325
3.144300,54.984094
3.144400,54.989706
3.144500,54.991379
3.144600,54.988792
3.144700,54.989240
3.144800,54.999288
3.144900,55.008144
3.145000,55.004710
3.145100,54.988205
3.145200,55.002769
3.145300,55.010412
3.145400,55.031648
3.145500,55.012713
3.145600,55.016530
3.145700,55.017715
3.145800,55.011774
3.145900,55.019930
3.146000,55.022342
3.146100,55.023713
3.146200,55.022469
3.146300,55.022519
3.146400,55.022444
3.146500,55.021913
3.146600,55.022438
3.146700,55.022578
3.146800,55.021716
3.146900,55.021085
3.147000,55.021666
3.147100,55.021663
3.147200,55.022767
3.147300,55.022536
3.147400,55.023250
3.147500,55.022553
3.147600,55.022367
3.147700,55.022422
3.147800,55.022545
3.147900,55.022206
3.148000,55.022084
3.148100,55.022236
3.148200,55.022422
3.148300,55.022643
3.148400,55.022605
3.148500,55.022376
3.148600,55.022256
3.148700,55.022372
3.148800,55.022100
3.148900,55.022425
3.149000,55.022403
3.149100,55.022164
3.149200,55.022615
3.149300,55.022391
3.149400,55.022286
3.149500,55.022196
3.149600,55.022265
3.149700,55.022287
3.149800,55.022528
3.149900,55.022433
3.150000,55.022214
3.150100,55.022247
3.150200,55.022327
3.150300,55.022229
3.150400,55.022313
3.150500,55.022351
3.150600,55.022312
3.150700,55.022615
3.150800,55.022393
3.150900,55.022497
3.151000,55.022614
3.151100,55.021741
3.151200,55.021855
3.151300,55.022714
3.151400,55.022332
3.151500,55.022638
3.151600,55.022221
3.151700,55.022646
3.151800,55.023747
3.151900,55.023646
3.152000,55.022407
3.152100,55.022546
3.152200,55.022870
3.152300,55.021270
3.152400,55.023669
3.152500,55.023101
3.152600,55.021916
3.152700,55.022115
3.152800,55.020029
3.152900,55.018970
3.153000,55.019872
3.153100,55.022291
3.153200,55.024121
3.153300,55.023071
3.153400,55.020682
3.153500,55.023652
3.153600,55.016014
3.153700,55.022486
3.153800,55.028024
3.153900,55.029217
3.154000,55.030313
3.154100,55.018840
3.154200,55.000825
3.154300,55.000703
3.154400,55.012451
3.154500,55.012702
3.154600,55.001494
3.154700,55.003964
3.154800,54.997898
3.154900,54.992411
3.155000,54.991847
3.155100,54.993004
3.155200,54.995413
3.155300,54.995432
3.155400,54.995474
3.155500,54.996633
3.155600,54.996620
3.155700,54.995949
3.155800,54.996012
3.155900,54.996147
3.156000,54.996165
3.156100,54.995343
3.156200,54.995833
3.156300,54.996084
3.156400,54.995889
3.156500,54.995729
3.156600,54.995358
3.156700,54.995785
3.156800,54.996213
3.156900,54.995628
3.157000,54.995488
3.157100,54.995959
3.157200,54.995558
3.157300,54.995599
3.157400,54.995730
3.157500,54.995768
3.157600,54.995605
3.157700,54.995562
3.157800,54.995518
3.157900,54.995564
3.158000,54.995162
3.158100,54.995080
3.158200,54.995453
3.158300,54.995336
3.158400,54.995274
3.158500,54.995325
3.158600,54.995517
3.158700,54.995612
3.158800,54.995386
3.158900,54.995601
3.159000,54.995785
3.159100,54.995513
3.159200,54.995109
3.159300,54.995138
3.159400,54.995228
3.159500,54.994921
3.159600,54.995425
3.159700,54.995596
3.159800,54.995003
3.159900,54.995170
3.160000,54.995412
3.160100,54.995795
3.160200,54.995456
3.160300,54.994840
3.160400,54.995668
3.160500,54.996123
3.160600,54.996922
3.160700,54.996016
3.160800,54.995463
3.160900,54.995849
3.161000,54.995559
3.161100,54.995471
3.161200,54.995644
3.161300,54.995013
3.161400,54.994827
3.161500,54.994092
3.161600,54.994435
3.161700,54.996497
3.161800,54.995796
3.161900,54.996143
3.162000,54.996663
3.162100,54.997610
3.162200,54.996984
3.162300,54.998902
3.162400,54.995605
3.162500,54.996660
3.162600,54.993858
3.162700,54.998851
3.162800,54.991851
3.162900,54.996569
3.163000,54.991451
3.163100,54.982272
3.163200,54.977146
3.163300,54.983948
3.163400,54.963217
3.163500,54.966461
3.163600,54.956157
3.163700,54.974012
3.163800,54.988668
3.163900,55.003570
3.164000,55.009518
3.164100,55.001240
3.164200,55.000189
3.164300,54.998028
3.164400,54.997720
3.164500,54.997753
3.164600,54.997732
3.164700,54.999165
3.164800,54.999090
3.164900,54.997804
3.165000,54.997958
3.165100,54.997638
3.165200,54.997844
3.165300,54.997788
3.165400,54.997806
3.165500,54.997459
3.165600,54.997349
3.165700,54.997308
3.165800,54.997220
3.165900,54.997413
3.166000,54.997672
3.166100,54.997478
3.166200,54.997397
3.166300,54.997207
3.166400,54.997484
3.166500,54.997580
3.166600,54.997580
3.166700,54.997758
3.166800,54.997531
3.166900,54.997782
3.167000,54.997947
3.167100,54.997429
3.167200,54.997654
3.167300,54.997489
3.167400,54.997362
3.167500,54.997405
3.167600,54.997272
3.167700,54.997523
3.167800,54.997732
3.167900,54.997643
3.168000,54.997863
3.168100,54.997211
3.168200,54.997251
3.168300,54.996986
3.168400,54.996955
3.168500,54.997241
3.168600,54.997072
3.168700,54.997161
3.168800,54.996949
3.168900,54.997337
3.169000,54.996545
3.169100,54.996876
3.169200,54.997335
3.169300,54.997163
3.169400,54.997847
3.169500,54.996826
3.169600,54.996981
3.169700,54.997739
3.169800,54.997379
3.169900,54.997895
3.170000,54.997742
3.170100,54.996793
3.170200,54.997785
3.170300,54.997861
3.170400,54.998366
3.170500,54.997582
3.170600,54.998249
3.170700,54.998128
3.170800,54.998307
3.170900,54.998117
3.171000,54.997325
3.171100,54.998188
3.171200,54.995770
3.171300,54.995148
3.171400,54.995879
3.171500,54.999007
3.171600,55.000963
3.171700,54.997648
3.171800,55.002914
3.171900,54.998446
3.172000,54.997753
3.172100,55.002151
3.172200,54.994976
3.172300,55.008181
3.172400,54.991303
3.172500,54.982448
3.172600,54.977768
3.172700,54.980823
3.172800,54.996890
3.172900,55.017802
3.173000,55.010082
3.173100,55.022785
3.173200,55.019335
3.173300,55.017893
3.173400,55.015834
3.173500,55.015781
3.173600,55.016230
3.173700,55.017005
3.173800,55.015246
3.173900,55.016670
3.174000,55.015881
3.174100,55.016038
3.174200,55.016074
3.174300,55.014858
3.174400,55.014175
3.174500,55.014616
3.174600,55.014273
3.174700,55.014333
3.174800,55.015106
3.174900,55.015147
3.175000,55.015369
3.175100,55.014843
3.175200,55.014904
3.175300,55.014928
3.175400,55.014750
3.175500,55.014934
3.175600,55.014623
3.175700,55.014941
3.175800,55.014456
3.175900,55.014805
3.176000,55.014932
3.176100,55.014827
3.176200,55.014909
3.176300,55.014756
3.176400,55.014674
3.176500,55.014719
3.176600,55.014726
3.176700,55.014720
3.176800,55.015176
3.176900,55.014723
3.177000,55.014603
3.177100,55.015007
3.177200,55.014886
3.177300,55.014873
3.177400,55.014694
3.177500,55.014362
3.177600,55.014568
3.177700,55.014885
3.177800,55.014373
3.177900,55.014647
3.178000,55.014676
3.178100,55.014419
3.178200,55.014518
3.178300,55.014980
3.178400,55.015137
3.178500,55.015156
3.178600,55.014598
3.178700,55.015135
3.178800,55.014210
3.178900,55.015269
3.179000,55.014902
3.179100,55.014210
3.179200,55.014564
3.179300,55.015099
3.179400,55.014557
3.179500,55.015175
3.179600,55.014641
3.179700,55.015240
3.179800,55.015939
3.179900,55.015156
3.180000,55.018005
3.180100,55.015237
3.180200,55.011798
3.180300,55.015158
3.180400,55.015817
3.180500,55.018102
3.180600,55.019652
3.180700,55.018281
3.180800,55.012276
3.180900,55.013421
3.181000,55.009466
3.181100,55.006692
3.181200,55.004754
3.181300,54.993265
3.181400,54.998802
3.181500,54.993122
3.181600,54.984721
3.181700,54.988348
3.181800,54.992332
3.181900,54.993044
3.182000,54.990227
3.182100,54.993588
3.182200,54.991353
3.182300,54.982431
3.182400,54.984819
3.182500,54.985624
3.182600,54.984737
3.182700,54.984848
3.182800,54.983991
3.182900,54.984900
3.183000,54.984542
3.183100,54.984228
3.183200,54.984360
3.183300,54.983175
3.183400,54.982883
3.183500,54.983561
3.183600,54.983636
3.183700,54.983907
3.183800,54.984331
3.183900,54.983726
3.184000,54.983461
3.184100,54.983444
3.184200,54.983631
3.184300,54.983430
3.184400,54.983538
3.184500,54.983091
3.184600,54.983417
3.184700,54.983446
3.184800,54.983456
3.184900,54.983424
3.185000,54.983484
3.185100,54.983111
3.185200,54.983313
3.185300,54.983515
3.185400,54.983319
3.185500,54.983298
3.185600,54.982762
3.185700,54.982878
3.185800,54.983479
3.185900,54.983334
3.186000,54.983123
3.186100,54.983259
3.186200,54.983129
3.186300,54.983049
3.186400,54.983200
3.186500,54.983052
3.186600,54.983762
3.186700,54.983530
3.186800,54.983126
3.186900,54.983642
3.187000,54.983288
3.187100,54.983431
3.187200,54.982844
3.187300,54.983109
3.187400,54.983143
3.187500,54.983183
3.187600,54.982899
3.187700,54.983448
3.187800,54.982943
3.187900,54.982736
3.188000,54.982863
3.188100,54.982215
3.188200,54.983587
3.188300,54.984054
3.188400,54.984119
3.188500,54.984523
3.188600,54.983886
3.188700,54.982161
3.188800,54.982273
3.188900,54.983485
3.189000,54.984839
3.189100,54.982595
3.189200,54.982112
3.189300,54.983423
3.189400,54.982671
3.189500,54.984966
3.189600,54.981855
3.189700,54.984633
3.189800,54.983953
3.189900,54.984812
3.190000,54.978729
3.190100,54.980630
3.190200,54.979309
3.190300,54.980049
3.190400,54.970465
3.190500,54.968154
3.190600,54.983361
3.190700,54.990291
3.190800,54.987678
3.190900,54.976252
3.191000,54.974200
3.191100,54.988540
3.191200,54.988234
3.191300,54.989578
3.191400,54.990217
3.191500,54.987332
3.191600,54.986917
3.191700,54.986505
3.191800,54.986471
3.191900,54.985545
3.192000,54.986445
3.192100,54.986970
3.192200,54.987469
3.192300,54.986592
3.192400,54.986950
3.192500,54.986647
3.192600,54.985781
3.192700,54.985862
3.192800,54.986743
3.192900,54.985699
3.193000,54.986019
3.193100,54.986198
3.193200,54.986397
3.193300,54.986665
3.193400,54.986282
3.193500,54.986190
3.193600,54.986285
3.193700,54.986383
3.193800,54.986313
3.193900,54.986094
3.194000,54.986004
3.194100,54.986142
3.194200,54.986431
3.194300,54.986294
3.194400,54.986309
3.194500,54.986155
3.194600,54.986243
3.194700,54.986004
3.194800,54.986176
3.194900,54.985984
3.195000,54.985669
3.195100,54.986059
3.195200,54.986269
3.195300,54.986080
3.195400,54.985968
3.195500,54.985996
3.195600,54.986164
3.195700,54.985709
3.195800,54.985973
3.195900,54.985953
3.196000,54.985560
3.196100,54.985559
3.196200,54.986156
3.196300,54.986229
3.196400,54.985513
3.196500,54.985211
3.196600,54.986280
3.196700,54.986042
3.196800,54.986218
3.196900,54.986359
3.197000,54.986743
3.197100,54.986554
3.197200,54.986595
3.197300,54.986750
3.197400,54.986256
3.197500,54.986402
3.197600,54.985782
3.197700,54.984186
3.197800,54.986332
3.197900,54.985328
3.198000,54.985518
3.198100,54.986592
3.198200,54.984899
3.198300,54.983589
3.198400,54.982379
3.198500,54.985040
3.198600,54.987695
3.198700,54.985100
3.198800,54.983403
3.198900,54.986352
3.199000,54.990109
3.199100,54.988980
3.199200,54.992879
3.199300,54.983153
3.199400,54.975963
3.199500,54.976923
3.199600,54.980176
3.199700,54.989030
3.199800,54.991676
3.199900,55.012761
3.200000,55.019369
3.200100,55.017019
3.200200,55.012748
3.200300,55.014494
3.200400,55.011798
3.200500,55.016042
3.200600,55.014103
3.200700,55.012994
3.200800,55.012998
3.200900,55.013407
3.201000,55.014075
3.201100,55.013281
3.201200,55.012971
3.201300,55.012848
3.201400,55.013647
3.201500,55.013017
3.201600,55.012644
3.201700,55.013217
3.201800,55.013313
3.201900,55.013857
3.202000,55.013022
3.202100,55.013500
3.202200,55.012881
3.202300,55.012791
3.202400,55.013064
3.202500,55.012698
3.202600,55.012632
3.202700,55.012934
3.202800,55.013302
3.202900,55.012939
3.203000,55.012831
3.203100,55.012918
3.203200,55.012625
3.203300,55.012668
3.203400,55.012550
3.203500,55.012371
3.203600,55.012687
3.203700,55.012704
3.203800,55.013140
3.203900,55.012888
3.204000,55.012688
3.204100,55.012992
3.204200,55.012749
3.204300,55.012661
3.204400,55.012859
3.204500,55.013041
3.204600,55.012807
3.204700,55.012686
3.204800,55.013142
3.204900,55.012549
3.205000,55.012566
3.205100,55.012733
3.205200,55.012902
3.205300,55.012524
3.205400,55.013105
3.205500,55.013108
3.205600,55.013020
3.205700,55.013563
3.205800,55.013729
3.205900,55.012933
3.206000,55.012601
3.206100,55.012749
3.206200,55.013864
3.206300,55.014117
3.206400,55.013064
3.206500,55.012652
3.206600,55.012133
3.206700,55.012965
3.206800,55.012592
3.206900,55.012995
3.207000,55.013261
3.207100,55.013196
3.207200,55.013106
3.207300,55.012263
3.207400,55.011926
3.207500,55.011400
3.207600,55.014974
3.207700,55.014149
3.207800,55.012264
3.207900,55.008030
3.208000,55.008885
3.208100,55.011377
3.208200,55.013946
3.208300,55.016478
3.208400,55.005999
3.208500,55.004358
3.208600,55.004809
3.208700,55.001731
3.208800,54.994131
3.208900,54.988748
3.209000,54.970196
3.209100,54.947999
3.209200,54.959100
3.209300,54.952857
3.209400,54.949436
3.209500,54.954098
3.209600,54.952300
3.209700,54.953784
3.209800,54.955522
3.209900,54.955724
3.210000,54.956084
3.210100,54.956116
3.210200,54.956458
3.210300,54.957754
3.210400,54.957596
3.210500,54.956167
3.210600,54.954803
3.210700,54.955110
3.210800,54.954637
3.210900,54.955059
3.211000,54.955611
3.211100,54.955551
3.211200,54.955304
3.211300,54.955631
3.211400,54.955409
3.211500,54.955465
3.211600,54.955420
3.211700,54.955114
3.211800,54.955198
3.211900,54.955383
3.212000,54.955146
3.212100,54.955088
3.212200,54.955251
3.212300,54.955176
3.212400,54.955239
3.212500,54.955366
3.212600,54.955344
3.212700,54.955483
3.212800,54.955860
3.212900,54.955285
3.213000,54.955450
3.213100,54.955278
3.213200,54.955246
3.213300,54.955501
3.213400,54.955144
3.213500,54.954621
3.213600,54.954910
3.213700,54.955172
3.213800,54.955263
3.213900,54.955342
3.214000,54.955190
3.214100,54.955050
3.214200,54.955589
3.214300,54.955583
3.214400,54.955086
3.214500,54.954557
3.214600,54.955142
3.214700,54.955496
3.214800,54.955717
3.214900,54.955504
3.215000,54.955610
3.215100,54.954711
3.215200,54.955009
3.215300,54.955027
3.215400,54.953838
3.215500,54.954507
3.215600,54.955739
3.215700,54.955978
3.215800,54.954520
3.215900,54.954800
3.216000,54.956210
3.216100,54.954547
3.216200,54.955521
3.216300,54.955574
3.216400,54.955379
3.216500,54.957462
3.216600,54.959937
3.216700,54.958042
3.216800,54.956208
3.216900,54.959238
3.217000,54.961581
3.217100,54.960938
3.217200,54.958729
3.217300,54.958832
3.217400,54.952354
3.217500,54.951210
3.217600,54.962786
3.217700,54.975211
3.217800,54.959210
3.217900,54.976873
3.218000,54.959633
3.218100,54.962297
3.218200,54.980846
3.218300,54.994391
3.218400,54.983635
3.218500,54.995060
3.218600,55.006842
3.218700,55.013871
3.218800,55.014050
3.218900,55.013273
3.219000,55.012916
3.219100,55.012631
3.219200,55.012856
3.219300,55.013732
3.219400,55.013669
3.219500,55.015035
3.219600,55.014844
3.219700,55.015389
3.219800,55.015264
3.219900,55.015867
3.220000,55.016443
3.220100,55.016236
3.220200,55.015377
3.220300,55.015875
3.220400,55.016112
3.220500,55.015922
3.220600,55.015814
3.220700,55.015787
3.220800,55.015488
3.220900,55.015312
3.221000,55.015527
3.221100,55.015685
3.221200,55.015649
3.221300,55.015519
3.221400,55.015776
3.221500,55.015960
3.221600,55.015624
3.221700,55.015759
3.221800,55.015800
3.221900,55.015813
3.222000,55.015881
3.222100,55.015922
3.222200,55.015549
3.222300,55.015863
3.222400,55.015906
3.222500,55.015675
3.222600,55.015850
3.222700,55.015752
3.222800,55.016033
3.222900,55.015617
3.223000,55.015506
3.223100,55.015693
3.223200,55.015594
3.223300,55.015822
3.223400,55.015912
3.223500,55.015952
3.223600,55.016033
3.223700,55.015815
3.223800,55.015946
3.223900,55.015232
3.224000,55.015843
3.224100,55.016244
3.224200,55.015608
3.224300,55.015839
3.224400,55.015251
3.224500,55.015752
3.224600,55.015667
3.224700,55.014805
3.224800,55.016514
3.224900,55.014739
3.225000,55.015417
3.225100,55.016864
3.225200,55.016842
3.225300,55.016773
3.225400,55.015631
3.225500,55.017063
3.225600,55.014805
3.225700,55.013336
3.225800,55.016318
3.225900,55.013819
3.226000,55.016606
3.226100,55.018803
3.226200,55.014781
3.226300,55.017939
3.226400,55.025952
3.226500,55.023802
3.226600,55.024414
3.226700,55.023861
3.226800,55.012573
3.226900,54.998076
3.227000,54.995869
3.227100,54.994126
3.227200,55.003377
3.227300,55.015616
3.227400,55.014306
3.227500,55.017302
3.227600,55.012658
3.227700,55.017578
3.227800,55.015094
3.227900,55.012884
3.228000,55.012993
3.228100,55.012985
3.228200,55.011846
3.228300,55.013207
3.228400,55.013660
3.228500,55.012397
3.228600,55.012157
3.228700,55.012496
3.228800,55.012308
3.228900,55.011849
3.229000,55.012366
3.229100,55.011838
3.229200,55.012559
3.229300,55.013103
3.229400,55.012636
3.229500,55.012092
3.229600,55.012257
3.229700,55.012283
3.229800,55.012581
3.229900,55.012526
3.230000,55.012326
3.230100,55.012589
3.230200,55.012401
3.230300,55.012235
3.230400,55.012195
3.230500,55.011909
3.230600,55.012222
3.230700,55.012073
3.230800,55.012205
3.230900,55.012331
3.231000,55.012194
3.231100,55.012529
3.231200,55.012188
3.231300,55.012270
3.231400,55.012400
3.231500,55.012575
3.231600,55.012421
3.231700,55.012671
3.231800,55.012339
3.231900,55.012358
3.232000,55.012485
3.232100,55.012592
3.232200,55.012760
3.232300,55.012547
3.232400,55.011678
3.232500,55.012177
3.232600,55.012239
3.232700,55.012696
3.232800,55.012834
3.232900,55.012440
3.233000,55.012636
3.233100,55.012254
3.233200,55.012692
3.233300,55.012381
3.233400,55.012437
3.233500,55.012436
3.233600,55.012585
3.233700,55.012838
3.233800,55.012300
3.233900,55.012445
3.234000,55.012690
3.234100,55.012364
3.234200,55.012623
3.234300,55.012784
3.234400,55.010225
3.234500,55.012577
3.234600,55.012922
3.234700,55.010896
3.234800,55.010767
3.234900,55.010833
3.235000,55.011327
3.235100,55.016075
3.235200,55.017348
3.235300,55.017846
3.235400,55.011838
3.235500,55.010732
3.235600,55.011535
3.235700,55.006820
3.235800,55.017247
3.235900,55.015571
3.236000,55.004252
3.236100,54.989144
3.236200,54.987873
3.236300,55.010899
3.236400,55.010965
3.236500,55.001017
3.236600,54.984589
3.236700,54.990724
3.236800,54.991658
3.236900,54.991911
3.237000,54.991771
3.237100,54.992392
3.237200,54.992369
3.237300,54.991943
3.237400,54.992479
3.237500,54.992330
3.237600,54.992396
3.237700,54.992435
3.237800,54.993835
3.237900,54.992370
3.238000,54.992704
3.238100,54.992514
3.238200,54.992894
3.238300,54.992306
3.238400,54.992746
3.238500,54.992529
3.238600,54.992219
3.238700,54.992153
3.238800,54.992140
3.238900,54.992588
3.239000,54.992884
3.239100,54.992260
3.239200,54.992251
3.239300,54.992274
3.239400,54.992310
3.239500,54.992405
3.239600,54.992480
3.239700,54.992462
3.239800,54.992588
3.239900,54.992537
3.240000,54.992382
3.240100,54.992451
3.240200,54.992195
3.240300,54.992314
3.240400,54.992347
3.240500,54.992255
3.240600,54.992575
3.240700,54.992481
3.240800,54.992482
3.240900,54.992234
3.241000,54.992137
3.241100,54.992361
3.241200,54.992262
3.241300,54.992535
3.241400,54.992513
3.241500,54.992803
3.241600,54.992244
3.241700,54.992411
3.241800,54.992356
3.241900,54.992084
3.242000,54.991699
3.242100,54.992426
3.242200,54.992596
3.242300,54.992764
3.242400,54.992125
3.242500,54.992514
3.242600,54.993017
3.242700,54.993153
3.242800,54.992754
3.242900,54.992134
3.243000,54.992383
3.243100,54.993127
3.243200,54.993005
3.243300,54.992699
3.243400,54.991826
3.243500,54.992790
3.243600,54.992168
3.243700,54.991503
3.243800,54.993514
3.243900,54.990038
3.244000,54.991652
3.244100,54.992137
3.244200,54.991690
3.244300,54.990370
3.244400,54.993051
3.244500,54.998617
3.244600,55.001255
3.244700,55.004914
3.244800,54.997610
3.244900,54.999025
3.245000,54.998518
3.245100,54.995572
3.245200,55.002395
3.245300,55.010447
3.245400,55.034905
3.245500,55.025805
3.245600,55.020068
3.245700,55.021066
3.245800,55.010922
3.245900,55.014958
3.246000,55.020773
3.246100,55.023482
3.246200,55.022542
3.246300,55.022621
3.246400,55.022852
3.246500,55.023583
3.246600,55.023593
3.246700,55.022204
3.246800,55.022021
3.246900,55.021607
3.247000,55.022499
3.247100,55.022300
3.247200,55.022151
3.247300,55.022174
3.247400,55.022509
3.247500,55.022623
3.247600,55.022962
3.247700,55.022697
3.247800,55.022473
3.247900,55.022408
3.248000,55.022543
3.248100,55.022499
3.248200,55.022651
3.248300,55.022678
3.248400,55.022420
3.248500,55.022375
3.248600,55.022406
3.248700,55.022417
3.248800,55.022583
3.248900,55.022250
3.249000,55.022478
3.249100,55.022304
3.249200,55.022123
3.249300,55.021917
3.249400,55.022322
3.249500,55.022708
3.249600,55.022592
3.249700,55.022572
3.249800,55.022172
3.249900,55.022308
3.250000,55.022400
3.250100,55.022373
3.250200,55.022743
3.250300,55.022410
3.250400,55.022425
3.250500,55.022608
3.250600,55.022685
3.250700,55.022376
3.250800,55.022589
3.250900,55.022249
3.251000,55.022731
3.251100,55.022357
3.251200,55.022696
3.251300,55.022747
3.251400,55.022993
3.251500,55.023349
3.251600,55.023153
3.251700,55.023536
3.251800,55.022814
3.251900,55.021351
3.252000,55.020663
3.252100,55.021509
3.252200,55.021260
3.252300,55.022205
3.252400,55.021963
3.252500,55.021252
3.252600,55.021789
3.252700,55.021606
3.252800,55.023603
3.252900,55.023352
3.253000,55.023172
3.253100,55.024681
3.253200,55.023120
3.253300,55.023388
3.253400,55.021752
3.253500,55.020668
3.253600,55.017253
3.253700,55.018730
3.253800,55.017493
3.253900,55.022113
3.254000,55.008424
3.254100,55.006944
3.254200,54.991504
3.254300,54.985556
3.254400,54.996418
3.254500,55.007255
3.254600,54.984658
3.254700,54.991283
3.254800,54.984585
3.254900,54.977375
3.255000,54.983541
3.255100,54.985058
3.255200,54.984696
3.255300,54.984512
3.255400,54.984501
3.255500,54.983713
3.255600,54.983797
3.255700,54.984403
3.255800,54.984678
3.255900,54.984756
3.256000,54.985571
3.256100,54.984403
3.256200,54.984669
3.256300,54.984140
3.256400,54.984383
3.256500,54.984246
3.256600,54.984233
3.256700,54.984493
3.256800,54.984712
3.256900,54.984287
3.257000,54.984104
3.257100,54.984210
3.257200,54.984276
3.257300,54.984218
3.257400,54.984330
3.257500,54.983924
3.257600,54.983906
3.257700,54.984300
3.257800,54.984250
3.257900,54.984170
3.258000,54.984351
3.258100,54.984198
3.258200,54.984259
3.258300,54.983970
3.258400,54.984176
3.258500,54.984210
3.258600,54.983999
3.258700,54.984217
3.258800,54.984073
3.258900,54.984117
3.259000,54.983950
3.259100,54.984064
3.259200,54.983936
3.259300,54.984078
3.259400,54.984121
3.259500,54.984345
3.259600,54.983977
3.259700,54.983658
3.259800,54.983983
3.259900,54.983957
3.260000,54.984690
3.260100,54.984254
3.260200,54.984005
3.260300,54.984207
3.260400,54.983843
3.260500,54.984037
3.260600,54.983939
3.260700,54.984444
3.260800,54.984139
3.260900,54.983368
3.261000,54.983556
3.261100,54.982623
3.261200,54.983609
3.261300,54.982349
3.261400,54.982875
3.261500,54.983425
3.261600,54.985607
3.261700,54.985447
3.261800,54.983392
3.261900,54.984512
3.262000,54.983401
3.262100,54.986798
3.262200,54.987268
3.262300,54.987840
3.262400,54.986023
3.262500,54.988200
3.262600,54.993886
3.262700,54.993997
3.262800,54.990597
3.262900,54.993466
3.263000,54.986334
3.263100,54.989267
3.263200,54.991597
3.263300,55.008945
3.263400,54.999281
3.263500,54.998532
3.263600,54.975890
3.263700,54.983914
3.263800,54.971828
3.263900,54.987653
3.264000,54.989391
3.264100,54.991551
3.264200,54.993535
3.264300,54.993391
3.264400,54.993502
3.264500,54.993305
3.264600,54.993390
3.264700,54.992880
3.264800,54.993441
3.264900,54.992526
3.265000,54.993264
3.265100,54.993166
3.265200,54.993268
3.265300,54.993883
3.265400,54.993834
3.265500,54.994455
3.265600,54.993870
3.265700,54.993633
3.265800,54.993708
3.265900,54.993468
3.266000,54.993458
3.266100,54.993597
3.266200,54.993859
3.266300,54.993641
3.266400,54.993423
3.266500,54.993264
3.266600,54.993357
3.266700,54.993532
3.266800,54.993599
3.266900,54.993379
3.267000,54.993582
3.267100,54.993180
3.267200,54.993309
3.267300,54.993193
3.267400,54.993296
3.267500,54.993365
3.267600,54.993423
3.267700,54.993236
3.267800,54.993645
3.267900,54.993491
3.268000,54.993412
3.268100,54.993258
3.268200,54.993447
3.268300,54.993346
3.268400,54.993760
3.268500,54.993936
3.268600,54.993677
3.268700,54.993490
3.268800,54.993459
3.268900,54.993338
3.269000,54.993571
3.269100,54.993376
3.269200,54.993741
3.269300,54.993820
3.269400,54.993869
3.269500,54.993589
3.269600,54.993771
3.269700,54.993088
3.269800,54.993637
3.269900,54.994407
3.270000,54.994358
3.270100,54.992810
3.270200,54.993632
3.270300,54.994004
3.270400,54.993558
3.270500,54.994919
3.270600,54.993490
3.270700,54.992658
3.270800,54.991714
3.270900,54.993156
3.271000,54.992976
3.271100,54.993414
3.271200,54.993319
3.271300,54.993670
3.271400,54.994020
3.271500,54.995961
3.271600,54.993639
3.271700,54.991019
3.271800,54.985704
3.271900,54.991449
3.272000,54.988188
3.272100,54.990633
3.272200,55.004930
3.272300,54.997291
3.272400,55.002499
3.272500,55.013616
3.272600,54.999616
3.272700,55.001011
3.272800,55.023156
3.272900,55.010625
3.273000,55.021091
3.273100,55.010041
3.273200,55.014864
3.273300,55.013683
3.273400,55.012763
3.273500,55.012633
3.273600,55.012758
3.273700,55.013403
3.273800,55.012032
3.273900,55.013325
3.274000,55.014027
3.274100,55.012985
3.274200,55.013308
3.274300,55.013943
3.274400,55.013407
3.274500,55.012894
3.274600,55.013076
3.274700,55.012669
3.274800,55.012714
3.274900,55.013028
3.275000,55.012874
3.275100,55.013359
3.275200,55.013199
3.275300,55.013260
3.275400,55.012756
3.275500,55.012842
3.275600,55.013189
3.275700,55.012889
3.275800,55.012858
3.275900,55.012776
3.276000,55.013075
3.276100,55.012910
3.276200,55.012794
3.276300,55.012926
3.276400,55.012746
3.276500,55.012936
3.276600,55.012736
3.276700,55.012944
3.276800,55.012931
3.276900,55.013120
3.277000,55.013263
3.277100,55.012863
3.277200,55.012538
3.277300,55.012678
3.277400,55.012981
3.277500,55.012614
3.277600,55.012820
3.277700,55.012934
3.277800,55.013631
3.277900,55.013517
3.278000,55.013238
3.278100,55.013364
3.278200,55.013133
3.278300,55.012363
3.278400,55.012639
3.278500,55.012913
3.278600,55.012886
3.278700,55.012967
3.278800,55.013438
3.278900,55.012977
3.279000,55.012532
3.279100,55.013309
3.279200,55.013005
3.279300,55.013908
3.279400,55.013492
3.279500,55.011768
3.279600,55.013842
3.279700,55.013900
3.279800,55.012100
3.279900,55.013259
3.280000,55.012677
3.280100,55.013435
3.280200,55.013678
3.280300,55.013855
3.280400,55.015745
3.280500,55.012503
3.280600,55.016618
3.280700,55.013511
3.280800,55.009834
3.280900,55.005114
3.281000,55.006850
3.281100,54.998681
3.281200,55.001227
3.281300,54.998887
3.281400,54.998496
3.281500,55.008883
3.281600,55.017728
3.281700,55.020861
3.281800,55.011121
3.281900,55.008982
3.282000,55.008069
3.282100,54.994867
3.282200,55.004695
3.282300,55.000585
3.282400,54.998783
3.282500,54.999573
3.282600,54.999531
3.282700,54.999460
3.282800,54.999588
3.282900,55.000487
3.283000,54.998724
3.283100,54.999323
3.283200,54.998483
3.283300,54.999719
3.283400,54.998212
3.283500,54.999159
3.283600,54.999519
3.283700,54.999261
3.283800,54.999161
3.283900,54.999581
3.284000,54.999109
3.284100,54.998676
3.284200,54.998780
3.284300,54.998675
3.284400,54.999099
3.284500,54.999612
3.284600,54.999346
3.284700,54.999092
3.284800,54.999166
3.284900,54.999220
3.285000,54.999279
3.285100,54.999201
3.285200,54.998922
3.285300,54.998827
3.285400,54.998968
3.285500,54.998945
3.285600,54.998780
3.285700,54.998996
3.285800,54.998972
3.285900,54.999023
3.286000,54.999010
3.286100,54.998820
3.286200,54.999023
3.286300,54.999109
3.286400,54.998716
3.286500,54.998864
3.286600,54.999115
3.286700,54.999472
3.286800,54.998993
3.286900,54.998640
3.287000,54.998496
3.287100,54.998797
3.287200,54.998935
3.287300,54.999114
3.287400,54.998831
3.287500,54.999250
3.287600,54.999130
3.287700,54.998220
3.287800,54.998590
3.287900,54.999225
3.288000,54.999151
3.288100,54.999151
3.288200,54.998655
3.288300,54.999231
3.288400,54.998185
3.288500,54.999505
3.288600,54.999861
3.288700,55.000057
3.288800,55.001469
3.288900,55.001846
3.289000,55.000585
3.289100,54.999209
3.289200,54.997699
3.289300,54.997641
3.289400,54.995646
3.289500,54.994148
3.289600,54.993338
3.289700,54.998710
3.289800,54.995166
3.289900,54.994289
3.290000,55.000516
3.290100,55.000170
3.290200,54.995975
3.290300,54.998718
3.290400,54.998926
3.290500,55.011263
3.290600,55.005089
3.290700,55.014962
3.290800,55.036934
3.290900,55.029659
3.291000,55.019547
3.291100,55.024223
3.291200,55.025238
3.291300,55.027869
3.291400,55.020877
3.291500,55.019319
3.291600,55.019415
3.291700,55.019368
3.291800,55.018716
3.291900,55.017553
3.292000,55.016229
3.292100,55.017394
3.292200,55.018192
3.292300,55.019255
3.292400,55.018156
3.292500,55.018647
3.292600,55.019009
3.292700,55.018034
3.292800,55.017399
3.292900,55.018070
3.293000,55.018071
3.293100,55.017935
3.293200,55.017861
3.293300,55.018076
3.293400,55.018178
3.293500,55.017938
3.293600,55.017882
3.293700,55.018207
3.293800,55.018383
3.293900,55.017988
3.294000,55.018000
3.294100,55.018017
3.294200,55.018161
3.294300,55.018201
3.294400,55.018257
3.294500,55.018090
3.294600,55.018146
3.294700,55.018117
3.294800,55.018057
3.294900,55.018148
3.295000,55.017951
3.295100,55.017994
3.295200,55.018012
3.295300,55.018480
3.295400,55.018184
3.295500,55.017995
3.295600,55.018329
3.295700,55.018177
3.295800,55.018239
3.295900,55.017877
3.296000,55.018038
3.296100,55.018324
3.296200,55.018065
3.296300,55.018183
3.296400,55.018398
3.296500,55.017912
3.296600,55.017956
3.296700,55.018173
3.296800,55.018414
3.296900,55.017924
3.297000,55.017604
3.297100,55.017414
3.297200,55.018688
3.297300,55.018379
3.297400,55.017808
3.297500,55.018089
3.297600,55.017356
3.297700,55.018287
3.297800,55.017596
3.297900,55.018513
3.298000,55.016347
3.298100,55.015566
3.298200,55.013850
3.298300,55.015909
3.298400,55.015844
3.298500,55.015376
3.298600,55.018274
3.298700,55.018276
3.298800,55.019843
3.298900,55.017546
3.299000,55.015348
3.299100,55.010590
3.299200,55.018181
3.299300,55.024540
3.299400,55.028353
3.299500,55.030626
3.299600,55.017007
3.299700,55.008017
3.299800,55.029044
3.299900,55.006311
3.300000,55.006389
3.300100,55.010250
3.300200,54.993003
3.300300,54.996084
3.300400,54.994162
3.300500,54.998934
3.300600,54.999866
3.300700,54.999685
3.300800,54.999171
3.300900,54.999179
3.301000,54.999581
3.301100,54.999834
3.301200,54.998643
3.301300,54.998524
3.301400,54.997667
3.301500,54.996467
3.301600,54.996588
3.301700,54.996464
3.301800,54.996584
3.301900,54.997537
3.302000,54.997193
3.302100,54.997360
3.302200,54.997037
3.302300,54.997139
3.302400,54.996996
3.302500,54.997342
3.302600,54.997067
3.302700,54.997191
3.302800,54.997285
3.302900,54.997214
3.303000,54.997505
3.303100,54.997535
3.303200,54.996917
3.303300,54.997187
3.303400,54.997174
3.303500,54.997134
3.303600,54.997165
3.303700,54.997283
3.303800,54.996944
3.303900,54.997068
3.304000,54.997015
3.304100,54.997250
3.304200,54.997193
3.304300,54.997280
3.304400,54.997273
3.304500,54.997220
3.304600,54.997063
3.304700,54.997496
3.304800,54.997536
3.304900,54.997079
3.305000,54.997209
3.305100,54.997272
3.305200,54.996705
3.305300,54.997059
3.305400,54.997384
3.305500,54.997246
3.305600,54.997243
3.305700,54.996557
3.305800,54.996756
3.305900,54.996851
3.306000,54.996438
3.306100,54.997769
3.306200,54.997439
3.306300,54.996611
3.306400,54.997959
3.306500,54.997962
3.306600,54.996658
3.306700,54.996123
3.306800,54.996892
3.306900,54.995880
3.307000,54.997316
3.307100,54.996537
3.307200,54.997603
3.307300,54.997754
3.307400,54.999956
3.307500,54.997796
3.307600,55.001079
3.307700,54.998957
3.307800,54.998890
3.307900,55.000737
3.308000,54.995726
3.308100,54.999479
3.308200,54.999294
3.308300,54.995805
3.308400,54.987849
3.308500,54.999674
3.308600,54.996142
3.308700,54.988992
3.308800,54.996920
3.308900,55.004102
3.309000,54.984445
3.309100,54.983346
3.309200,54.981390
3.309300,54.979775
3.309400,54.983397
3.309500,54.990540
3.309600,54.991332
3.309700,54.990857
3.309800,54.990417
3.309900,54.990487
3.310000,54.990566
3.310100,54.990989
3.310200,54.991040
3.310300,54.991403
3.310400,54.992315
3.310500,54.993717
3.310600,54.992766
3.310700,54.993208
3.310800,54.992062
3.310900,54.992211
3.311000,54.992555
3.311100,54.992701
3.311200,54.992265
3.311300,54.992550
3.311400,54.992463
3.311500,54.992643
3.311600,54.992315
3.311700,54.992426
3.311800,54.992387
3.311900,54.992091
3.312000,54.991971
3.312100,54.991834
3.312200,54.992150
3.312300,54.991970
3.312400,54.991758
3.312500,54.991807
3.312600,54.992340
3.312700,54.992124
3.312800,54.992207
3.312900,54.992228
3.313000,54.992210
3.313100,54.992086
3.313200,54.992172
3.313300,54.992420
3.313400,54.992287
3.313500,54.992379
3.313600,54.992045
3.313700,54.992335
3.313800,54.991984
3.313900,54.992029
3.314000,54.992104
3.314100,54.991902
3.314200,54.992195
3.314300,54.992289
3.314400,54.991706
3.314500,54.991976
3.314600,54.992183
3.314700,54.992061
3.314800,54.991596
3.314900,54.991434
3.315000,54.991592
3.315100,54.991998
3.315200,54.991487
3.315300,54.991412
3.315400,54.991846
3.315500,54.991857
3.315600,54.993440
3.315700,54.992201
3.315800,54.992969
3.315900,54.991051
3.316000,54.992037
3.316100,54.991959
3.316200,54.993215
3.316300,54.992795
3.316400,54.992713
3.316500,54.990065
3.316600,54.992186
3.316700,54.995311
3.316800,54.997391
3.316900,54.995025
3.317000,54.995320
3.317100,54.995197
3.317200,54.989417
3.317300,54.987409
3.317400,54.994546
3.317500,54.991839
3.317600,54.990264
3.317700,54.992546
3.317800,54.981255
3.317900,54.996479
3.318000,55.009104
3.318100,54.999375
3.318200,54.975068
3.318300,54.994291
3.318400,54.997817
3.318500,54.982310
3.318600,54.986012
3.318700,54.985327
3.318800,54.981664
3.318900,54.982203
3.319000,54.982267
3.319100,54.982400
3.319200,54.981156
3.319300,54.981472
3.319400,54.982223
3.319500,54.981823
3.319600,54.981551
3.319700,54.981006
3.319800,54.981605
3.319900,54.981994
3.320000,54.981990
3.320100,54.982443
3.320200,54.982675
3.320300,54.982093
3.320400,54.981678
3.320500,54.981795
3.320600,54.981762
3.320700,54.982205
3.320800,54.981742
3.320900,54.981918
3.321000,54.981961
3.321100,54.981802
3.321200,54.981956
3.321300,54.982058
3.321400,54.981707
3.321500,54.981436
3.321600,54.981376
3.321700,54.981220
3.321800,54.981406
3.321900,54.981771
3.322000,54.981854
3.322100,54.981571
3.322200,54.981555
3.322300,54.981580
3.322400,54.981599
3.322500,54.981394
3.322600,54.980930
3.322700,54.981439
3.322800,54.981326
3.322900,54.981214
3.323000,54.981545
3.323100,54.981824
3.323200,54.981242
3.323300,54.981870
3.323400,54.981586
3.323500,54.981664
3.323600,54.981489
3.323700,54.980997
3.323800,54.981437
3.323900,54.982202
3.324000,54.981776
3.324100,54.981608
3.324200,54.981995
3.324300,54.981911
3.324400,54.981820
3.324500,54.981508
3.324600,54.981001
3.324700,54.980889
3.324800,54.980183
3.324900,54.981310
3.325000,54.981941
3.325100,54.980913
3.325200,54.981088
3.325300,54.982483
3.325400,54.980445
3.325500,54.980228
3.325600,54.978496
3.325700,54.981936
3.325800,54.984280
3.325900,54.984514
3.326000,54.980130
3.326100,54.983203
3.326200,54.985398
3.326300,54.981015
3.326400,54.981708
3.326500,54.981082
3.326600,54.987784
3.326700,54.984918
3.326800,54.998100
3.326900,54.988475
3.327000,54.992242
3.327100,54.997599
3.327200,54.997738
3.327300,55.003493
3.327400,55.012386
3.327500,55.019551
3.327600,55.029585
3.327700,55.021057
3.327800,55.017739
3.327900,55.019107
3.328000,55.019221
3.328100,55.019203
3.328200,55.019845
3.328300,55.020339
3.328400,55.019671
3.328500,55.019631
3.328600,55.020068
3.328700,55.020150
3.328800,55.018928
3.328900,55.018205
3.329000,55.018480
3.329100,55.019002
3.329200,55.019372
3.329300,55.019029
3.329400,55.019674
3.329500,55.019836
3.329600,55.019385
3.329700,55.019569
3.329800,55.019727
3.329900,55.019526
3.330000,55.019592
3.330100,55.019410
3.330200,55.019537
3.330300,55.019399
3.330400,55.019698
3.330500,55.019482
3.330600,55.019298
3.330700,55.019077
3.330800,55.019586
3.330900,55.019158
3.331000,55.019378
3.331100,55.019515
3.331200,55.019420
3.331300,55.019601
3.331400,55.019462
3.331500,55.019394
3.331600,55.019428
3.331700,55.019134
3.331800,55.019329
3.331900,55.019227
3.332000,55.019045
3.332100,55.019418
3.332200,55.019271
3.332300,55.019160
3.332400,55.019339
3.332500,55.019236
3.332600,55.019367
3.332700,55.018648
3.332800,55.019194
3.332900,55.019805
3.333000,55.018868
3.333100,55.019345
3.333200,55.019791
3.333300,55.019434
3.333400,55.020016
3.333500,55.019633
3.333600,55.019685
3.333700,55.019965
3.333800,55.019583
3.333900,55.019674
3.334000,55.019680
3.334100,55.018208
3.334200,55.018914
3.334300,55.019577
3.334400,55.018257
3.334500,55.019689
3.334600,55.019667
3.334700,55.021382
3.334800,55.018800
3.334900,55.020562
3.335000,55.020514
3.335100,55.019893
3.335200,55.017465
3.335300,55.016267
3.335400,55.009751
3.335500,55.005204
3.335600,54.999706
3.335700,55.005793
3.335800,55.017243
3.335900,55.012236
3.336000,55.029667
3.336100,55.021352
3.336200,55.020437
3.336300,55.032041
3.336400,55.026484
3.336500,55.039907
3.336600,55.042188
3.336700,55.037556
3.336800,55.035410
3.336900,55.031449
3.337000,55.033214
3.337100,55.031683
3.337200,55.031615
3.337300,55.031232
3.337400,55.030765
3.337500,55.031233
3.337600,55.030095
3.337700,55.029618
3.337800,55.029450
3.337900,55.030260
3.338000,55.029385
3.338100,55.029389
3.338200,55.030100
3.338300,55.031006
3.338400,55.030831
3.338500,55.030595
3.338600,55.030279
3.338700,55.030271
3.338800,55.029753
3.338900,55.029882
3.339000,55.030453
3.339100,55.030423
3.339200,55.030519
3.339300,55.030735
3.339400,55.030684
3.339500,55.030385
3.339600,55.030547
3.339700,55.030338
3.339800,55.030510
3.339900,55.030358
3.340000,55.030462
3.340100,55.030272
3.340200,55.030376
3.340300,55.030569
3.340400,55.030686
3.340500,55.030123
3.340600,55.030513
3.340700,55.030253
3.340800,55.030585
3.340900,55.030295
3.341000,55.030292
3.341100,55.030943
3.341200,55.030579
3.341300,55.030015
3.341400,55.030428
3.341500,55.029665
3.341600,55.030045
3.341700,55.030061
3.341800,55.030960
3.341900,55.030629
3.342000,55.030090
3.342100,55.030688
3.342200,55.030959
3.342300,55.029889
3.342400,55.030071
3.342500,55.030585
3.342600,55.030878
3.342700,55.031207
3.342800,55.030333
3.342900,55.028913
3.343000,55.029933
3.343100,55.030392
3.343200,55.030193
3.343300,55.029958
3.343400,55.029806
3.343500,55.030008
3.343600,55.030214
3.343700,55.028769
3.343800,55.029111
3.343900,55.029329
3.344000,55.028798
3.344100,55.030349
3.344200,55.028085
3.344300,55.025293
3.344400,55.029857
3.344500,55.024272
3.344600,55.024117
3.344700,55.026721
3.344800,55.034329
3.344900,55.027946
3.345000,55.032075
3.345100,55.028039
3.345200,55.011908
3.345300,55.007605
3.345400,55.002035
3.345500,55.023243
3.345600,55.004133
3.345700,54.999332
3.345800,54.991793
3.345900,54.984602
3.346000,54.990731
3.346100,54.990084
3.346200,54.990915
3.346300,54.991124
3.346400,54.991652
3.346500,54.991163
3.346600,54.989616
3.346700,54.990617
3.346800,54.990826
3.346900,54.991040
3.347000,54.990452
3.347100,54.990376
3.347200,54.990447
3.347300,54.990679
3.347400,54.990926
3.347500,54.989979
3.347600,54.990670
3.347700,54.990198
3.347800,54.990711
3.347900,54.990984
3.348000,54.990709
3.348100,54.990887
3.348200,54.990745
3.348300,54.990646
3.348400,54.990805
3.348500,54.990945
3.348600,54.990591
3.348700,54.990633
3.348800,54.990730
3.348900,54.990658
3.349000,54.990202
3.349100,54.990351
3.349200,54.990311
3.349300,54.990646
3.349400,54.990521
3.349500,54.990519
3.349600,54.990401
3.349700,54.990498
3.349800,54.990271
3.349900,54.990245
3.350000,54.990151
3.350100,54.990285
3.350200,54.990312
3.350300,54.990284
3.350400,54.989609
3.350500,54.990287
3.350600,54.990225
3.350700,54.989964
3.350800,54.990284
3.350900,54.990527
3.351000,54.990380
3.351100,54.990210
3.351200,54.990359
3.351300,54.990289
3.351400,54.990690
3.351500,54.989792
3.351600,54.990108
3.351700,54.989974
3.351800,54.990561
3.351900,54.990028
3.352000,54.990655
3.352100,54.990729
3.352200,54.990072
3.352300,54.990571
3.352400,54.989062
3.352500,54.989380
3.352600,54.990890
3.352700,54.991800
3.352800,54.993345
3.352900,54.991648
3.353000,54.989912
3.353100,54.987439
3.353200,54.987845
3.353300,54.986682
3.353400,54.987719
3.353500,54.993800
3.353600,54.993647
3.353700,54.985483
3.353800,54.990358
3.353900,54.986273
3.354000,54.976295
3.354100,54.988813
3.354200,54.991471
3.354300,54.995509
3.354400,54.988652
3.354500,55.012597
3.354600,55.024694
3.354700,55.012003
3.354800,55.026596
3.354900,55.026489
3.355000,55.017431
3.355100,55.011486
3.355200,55.013148
3.355300,55.011879
3.355400,55.011742
3.355500,55.011160
3.355600,55.011083
3.355700,55.010879
3.355800,55.011531
3.355900,55.011246
3.356000,55.011607
3.356100,55.011719
3.356200,55.011741
3.356300,55.010644
3.356400,55.011279
3.356500,55.010777
3.356600,55.011557
3.356700,55.011681
3.356800,55.011627
3.356900,55.011977
3.357000,55.011359
3.357100,55.011344
3.357200,55.011645
3.357300,55.011347
3.357400,55.011638
3.357500,55.011531
3.357600,55.011471
3.357700,55.011186
3.357800,55.011178
3.357900,55.011417
3.358000,55.011550
3.358100,55.011454
3.358200,55.011254
3.358300,55.011105
3.358400,55.011153
3.358500,55.011332
3.358600,55.011020
3.358700,55.011155
3.358800,55.011181
3.358900,55.011264
3.359000,55.011301
3.359100,55.011276
3.359200,55.011118
3.359300,55.010863
3.359400,55.011064
3.359500,55.011177
3.359600,55.011069
3.359700,55.010830
3.359800,55.011228
3.359900,55.011011
3.360000,55.010612
3.360100,55.010973
3.360200,55.011384
3.360300,55.011434
3.360400,55.011274
3.360500,55.011357
3.360600,55.011776
3.360700,55.011895
3.360800,55.011653
3.360900,55.012111
3.361000,55.011171
3.361100,55.010652
3.361200,55.010925
3.361300,55.010178
3.361400,55.011454
3.361500,55.011496
3.361600,55.011219
3.361700,55.008612
3.361800,55.009414
3.361900,55.010930
3.362000,55.011478
3.362100,55.010265
3.362200,55.009295
3.362300,55.013219
3.362400,55.009518
3.362500,55.005522
3.362600,55.012601
3.362700,55.012190
3.362800,55.016935
3.362900,55.010720
3.363000,55.007840
3.363100,55.005045
3.363200,55.011344
3.363300,55.022106
3.363400,55.002249
3.363500,54.981957
3.363600,54.967661
3.363700,54.957411
3.363800,54.948029
3.363900,54.963903
3.364000,54.969525
3.364100,54.960776
3.364200,54.956400
3.364300,54.957028
3.364400,54.957704
3.364500,54.957711
3.364600,54.957940
3.364700,54.957457
3.364800,54.958283
3.364900,54.957819
3.365000,54.957204
3.365100,54.957174
3.365200,54.956687
3.365300,54.956786
3.365400,54.956750
3.365500,54.956678
3.365600,54.956840
3.365700,54.957097
3.365800,54.956852
3.365900,54.956925
3.366000,54.956506
3.366100,54.956573
3.366200,54.956549
3.366300,54.956761
3.366400,54.956523
3.366500,54.956582
3.366600,54.956561
3.366700,54.956679
3.366800,54.956585
3.366900,54.956432
3.367000,54.956476
3.367100,54.956770
3.367200,54.956533
3.367300,54.956537
3.367400,54.956345
3.367500,54.956335
3.367600,54.956620
3.367700,54.956560
3.367800,54.956398
3.367900,54.956586
3.368000,54.956827
3.368100,54.956515
3.368200,54.955834
3.368300,54.956458
3.368400,54.956201
3.368500,54.956267
3.368600,54.956203
3.368700,54.956315
3.368800,54.956312
3.368900,54.956230
3.369000,54.956494
3.369100,54.956802
3.369200,54.956372
3.369300,54.956023
3.369400,54.956883
3.369500,54.956594
3.369600,54.956634
3.369700,54.956000
3.369800,54.956244
3.369900,54.956285
3.370000,54.955965
3.370100,54.955345
3.370200,54.957068
3.370300,54.957409
3.370400,54.956578
3.370500,54.956959
3.370600,54.958102
3.370700,54.956072
3.370800,54.958250
3.370900,54.956774
3.371000,54.956814
3.371100,54.956283
3.371200,54.956692
3.371300,54.960660
3.371400,54.961472
3.371500,54.956641
3.371600,54.956531
3.371700,54.953377
3.371800,54.954116
3.371900,54.953769
3.372000,54.954693
3.372100,54.950818
3.372200,54.963359
3.372300,54.953088
3.372400,54.966781
3.372500,54.972930
3.372600,54.966535
3.372700,54.965771
3.372800,54.983512
3.372900,54.986700
3.373000,54.990644
3.373100,54.996604
3.373200,54.988426
3.373300,54.988313
3.373400,54.986520
3.373500,54.986858
3.373600,54.986814
3.373700,54.986526
3.373800,54.986846
3.373900,54.986872
3.374000,54.986382
3.374100,54.986525
3.374200,54.986088
3.374300,54.986140
3.374400,54.987047
3.374500,54.986429
3.374600,54.986563
3.374700,54.986016
3.374800,54.986175
3.374900,54.986030
3.375000,54.986729
3.375100,54.986214
3.375200,54.986179
3.375300,54.986505
3.375400,54.985970
3.375500,54.986219
3.375600,54.986054
3.375700,54.986303
3.375800,54.986348
3.375900,54.986673
3.376000,54.986247
3.376100,54.986473
3.376200,54.986277
3.376300,54.986114
3.376400,54.985996
3.376500,54.985754
3.376600,54.986304
3.376700,54.985877
3.376800,54.986111
3.376900,54.986144
3.377000,54.986196
3.377100,54.986083
3.377200,54.986042
3.377300,54.985846
3.377400,54.985961
3.377500,54.985976
3.377600,54.986731
3.377700,54.986020
3.377800,54.985911
3.377900,54.985806
3.378000,54.985886
3.378100,54.986184
3.378200,54.986479
3.378300,54.986287
3.378400,54.986066
3.378500,54.986435
3.378600,54.985741
3.378700,54.985253
3.378800,54.985362
3.378900,54.985912
3.379000,54.985432
3.379100,54.986325
3.379200,54.985990
3.379300,54.986492
3.379400,54.985250
3.379500,54.986888
3.379600,54.986855
3.379700,54.986380
3.379800,54.985772
3.379900,54.986204
3.380000,54.986032
3.380100,54.985582
3.380200,54.984450
3.380300,54.986701
3.380400,54.984512
3.380500,54.981755
3.380600,54.986111
3.380700,54.985407
3.380800,54.991192
3.380900,54.993040
3.381000,54.984955
3.381100,54.988513
3.381200,54.999022
3.381300,55.006420
3.381400,55.000955
3.381500,55.005522
3.381600,55.008394
3.381700,55.001898
3.381800,55.023950
3.381900,55.001122
3.382000,54.987760
3.382100,54.991154
3.382200,54.984988
3.382300,54.983143
3.382400,54.988311
3.382500,54.988791
3.382600,54.989145
3.382700,54.989196
3.382800,54.989080
3.382900,54.989049
3.383000,54.990064
3.383100,54.989715
3.383200,54.989745
3.383300,54.988331
3.383400,54.988735
3.383500,54.988003
3.383600,54.988272
3.383700,54.988919
3.383800,54.988804
3.383900,54.988674
3.384000,54.988504
3.384100,54.988195
3.384200,54.987887
3.384300,54.988097
3.384400,54.988379
3.384500,54.988304
3.384600,54.988918
3.384700,54.988921
3.384800,54.988378
3.384900,54.988487
3.385000,54.988156
3.385100,54.988244
3.385200,54.988435
3.385300,54.988073
3.385400,54.988146
3.385500,54.988358
3.385600,54.988528
3.385700,54.988689
3.385800,54.988478
3.385900,54.988658
3.386000,54.988045
3.386100,54.987822
3.386200,54.988327
3.386300,54.988243
3.386400,54.988778
3.386500,54.988552
3.386600,54.988426
3.386700,54.987983
3.386800,54.988260
3.386900,54.988355
3.387000,54.987940
3.387100,54.988493
3.387200,54.988464
3.387300,54.988743
3.387400,54.988265
3.387500,54.988791
3.387600,54.988319
3.387700,54.987772
3.387800,54.988444
3.387900,54.988575
3.388000,54.988035
3.388100,54.989107
3.388200,54.989215
3.388300,54.989917
3.388400,54.990371
3.388500,54.988915
3.388600,54.988679
3.388700,54.986533
3.388800,54.986481
3.388900,54.987876
3.389000,54.989467
3.389100,54.989709
3.389200,54.991425
3.389300,54.990239
3.389400,54.992269
3.389500,54.988635
3.389600,54.986852
3.389700,54.984256
3.389800,54.985854
3.389900,54.985637
3.390000,54.987742
3.390100,54.990909
3.390200,54.989674
3.390300,54.992573
3.390400,54.986441
3.390500,54.978975
3.390600,54.988007
3.390700,54.981631
3.390800,54.979393
3.390900,54.989280
3.391000,54.996401
3.391100,54.982529
3.391200,54.993311
3.391300,54.999827
3.391400,55.001491
3.391500,55.001491
3.391600,55.001466
3.391700,55.001742
3.391800,55.001749
3.391900,55.002159
3.392000,55.003003
3.392100,55.001792
3.392200,55.002533
3.392300,55.002510
3.392400,55.002478
3.392500,55.002531
3.392600,55.001816
3.392700,55.002815
3.392800,55.003167
3.392900,55.003189
3.393000,55.002814
3.393100,55.003095
3.393200,55.003265
3.393300,55.003047
3.393400,55.003304
3.393500,55.003176
3.393600,55.003206
3.393700,55.003340
3.393800,55.003127
3.393900,55.003424
3.394000,55.003689
3.394100,55.003450
3.394200,55.003319
3.394300,55.003499
3.394400,55.003495
3.394500,55.003305
3.394600,55.003368
3.394700,55.003207
3.394800,55.003235
3.394900,55.003146
3.395000,55.003249
3.395100,55.003226
3.395200,55.003440
3.395300,55.002753
3.395400,55.003201
3.395500,55.003111
3.395600,55.003071
3.395700,55.002921
3.395800,55.002869
3.395900,55.003189
3.396000,55.003047
3.396100,55.002966
3.396200,55.003660
3.396300,55.003718
3.396400,55.003157
3.396500,55.002861
3.396600,55.003233
3.396700,55.003275
3.396800,55.003063
3.396900,55.003045
3.397000,55.002718
3.397100,55.003070
3.397200,55.003683
3.397300,55.004260
3.397400,55.004233
3.397500,55.003743
3.397600,55.003606
3.397700,55.003313
3.397800,55.003320
3.397900,55.002936
3.398000,55.002435
3.398100,55.001769
3.398200,55.000937
3.398300,55.000667
3.398400,55.002955
3.398500,55.005404
3.398600,55.002084
3.398700,55.005059
3.398800,54.999870
3.398900,54.997540
3.399000,55.002176
3.399100,55.008572
3.399200,55.008366
3.399300,55.008072
3.399400,55.013314
3.399500,55.007254
3.399600,54.992465
3.399700,54.998297
3.399800,54.987100
3.399900,54.979133
3.400000,54.968238
3.400100,54.987590
3.400200,54.997172
3.400300,54.997793
3.400400,54.990340
3.400500,54.993060
3.400600,54.990047
3.400700,54.988606
3.400800,54.988784
3.400900,54.988706
3.401000,54.990002
3.401100,54.988302
3.401200,54.988373
3.401300,54.987851
3.401400,54.988762
3.401500,54.989444
3.401600,54.988367
3.401700,54.988206
3.401800,54.987702
3.401900,54.987809
3.402000,54.987756
3.402100,54.987526
3.402200,54.987707
3.402300,54.988348
3.402400,54.988072
3.402500,54.988064
3.402600,54.987618
3.402700,54.987931
3.402800,54.987631
3.402900,54.987489
3.403000,54.987844
3.403100,54.988021
3.403200,54.987712
3.403300,54.987373
3.403400,54.987468
3.403500,54.987414
3.403600,54.987630
3.403700,54.987928
3.403800,54.987452
3.403900,54.987532
3.404000,54.987671
3.404100,54.987378
3.404200,54.987587
3.404300,54.987533
3.404400,54.987298
3.404500,54.987711
3.404600,54.987782
3.404700,54.987897
3.404800,54.987458
3.404900,54.987817
3.405000,54.987508
3.405100,54.987413
3.405200,54.987293
3.405300,54.987211
3.405400,54.987720
3.405500,54.987369
3.405600,54.987539
3.405700,54.987834
3.405800,54.987412
3.405900,54.987226
3.406000,54.987477
3.406100,54.987163
3.406200,54.987747
3.406300,54.987670
3.406400,54.988066
3.406500,54.988795
3.406600,54.987854
3.406700,54.987857
3.406800,54.987818
3.406900,54.987211
3.407000,54.986681
3.407100,54.986452
3.407200,54.988352
3.407300,54.990206
3.407400,54.988145
3.407500,54.988010
3.407600,54.988166
3.407700,54.988257
3.407800,54.986643
3.407900,54.986610
3.408000,54.986411
3.408100,54.982679
3.408200,54.989940
3.408300,54.988909
3.408400,54.984490
3.408500,54.988366
3.408600,54.978832
3.408700,54.964506
3.408800,54.981934
3.408900,54.977198
3.409000,54.977038
3.409100,54.986197
3.409200,54.981907
3.409300,55.000565
3.409400,55.009535
3.409500,55.002098
3.409600,54.998168
3.409700,55.000550
3.409800,55.001912
3.409900,55.001723
3.410000,55.001419
3.410100,55.002158
3.410200,55.003500
3.410300,55.003750
3.410400,55.004020
3.410500,55.005487
3.410600,55.005330
3.410700,55.006085
3.410800,55.005764
3.410900,55.005605
3.411000,55.004927
3.411100,55.005107
3.411200,55.005679
3.411300,55.004999
3.411400,55.004802
3.411500,55.004898
3.411600,55.004995
3.411700,55.005338
3.411800,55.005029
3.411900,55.005017
3.412000,55.005075
3.412100,55.005013
3.412200,55.004934
3.412300,55.004759
3.412400,55.004743
3.412500,55.005070
3.412600,55.004691
3.412700,55.004896
3.412800,55.004624
3.412900,55.004770
3.413000,55.004733
3.413100,55.005118
3.413200,55.005107
3.413300,55.004871
3.413400,55.005058
3.413500,55.004681
3.413600,55.005113
3.413700,55.004996
3.413800,55.005064
3.413900,55.004962
3.414000,55.005071
3.414100,55.005040
3.414200,55.004928
3.414300,55.005308
3.414400,55.004886
3.414500,55.004461
3.414600,55.004572
3.414700,55.004683
3.414800,55.004793
3.414900,55.004181
3.415000,55.005375
3.415100,55.004756
3.415200,55.005708
3.415300,55.005633
3.415400,55.005473
3.415500,55.005326
3.415600,55.005144
3.415700,55.005456
3.415800,55.005028
3.415900,55.005053
3.416000,55.004743
3.416100,55.004932
3.416200,55.004214
3.416300,55.003594
3.416400,55.004753
3.416500,55.005958
3.416600,55.002815
3.416700,55.004984
3.416800,55.007406
3.416900,55.007408
3.417000,55.002092
3.417100,55.003436
3.417200,55.000392
3.417300,54.999354
3.417400,55.002606
3.417500,54.995337
3.417600,55.002784
3.417700,55.004815
3.417800,55.012217
3.417900,55.014174
3.418000,55.033830
3.418100,55.044610
3.418200,55.042510
3.418300,55.025768
3.418400,55.031807
3.418500,55.019959
3.418600,55.025993
3.418700,55.021556
3.418800,55.020998
3.418900,55.020687
3.419000,55.020761
3.419100,55.019948
3.419200,55.020094
3.419300,55.019471
3.419400,55.019244
3.419500,55.018789
3.419600,55.018264
3.419700,55.017700
3.419800,55.018711
3.419900,55.018143
3.420000,55.018261
3.420100,55.018117
3.420200,55.017918
3.420300,55.018611
3.420400,55.018507
3.420500,55.017943
3.420600,55.018288
3.420700,55.018413
3.420800,55.018203
3.420900,55.018211
3.421000,55.018680
3.421100,55.018351
3.421200,55.018331
3.421300,55.018402
3.421400,55.018262
3.421500,55.018087
3.421600,55.017982
3.421700,55.018004
3.421800,55.018286
3.421900,55.018338
3.422000,55.018251
3.422100,55.018181
3.422200,55.018235
3.422300,55.018438
3.422400,55.018527
3.422500,55.018949
3.422600,55.018342
3.422700,55.017901
3.422800,55.018476
3.422900,55.018368
3.423000,55.018743
3.423100,55.018566
3.423200,55.018659
3.423300,55.018674
3.423400,55.018348
3.423500,55.018464
3.423600,55.017823
3.423700,55.018146
3.423800,55.018796
3.423900,55.018446
3.424000,55.017982
3.424100,55.017722
3.424200,55.018209
3.424300,55.018283
3.424400,55.018269
3.424500,55.018119
3.424600,55.017766
3.424700,55.018187
3.424800,55.017381
3.424900,55.019038
3.425000,55.019048
3.425100,55.018995
3.425200,55.017745
3.425300,55.018106
3.425400,55.017885
3.425500,55.017269
3.425600,55.018311
3.425700,55.018461
3.425800,55.019413
3.425900,55.020313
3.426000,55.019176
3.426100,55.017751
3.426200,55.019862
3.426300,55.022040
3.426400,55.023210
3.426500,55.014319
3.426600,55.011161
3.426700,55.018276
3.426800,55.028790
3.426900,55.014049
3.427000,55.027940
3.427100,55.041566
3.427200,55.035064
3.427300,55.035845
3.427400,55.040720
3.427500,55.037345
3.427600,55.029308
3.427700,55.027271
3.427800,55.025307
3.427900,55.025450
3.428000,55.025854
3.428100,55.025786
3.428200,55.025794
3.428300,55.027362
3.428400,55.026006
3.428500,55.024954
3.428600,55.026183
3.428700,55.024724
3.428800,55.024520
3.428900,55.024908
3.429000,55.024364
3.429100,55.024755
3.429200,55.024155
3.429300,55.024237
3.429400,55.024682
3.429500,55.024556
3.429600,55.024612
3.429700,55.024594
3.429800,55.024554
3.429900,55.024687
3.430000,55.024492
3.430100,55.024768
3.430200,55.024748
3.430300,55.024460
3.430400,55.024787
3.430500,55.024508
3.430600,55.024645
3.430700,55.024688
3.430800,55.024148
3.430900,55.024103
3.431000,55.024274
3.431100,55.024636
3.431200,55.024838
3.431300,55.024860
3.431400,55.024830
3.431500,55.025022
3.431600,55.024495
3.431700,55.024549
3.431800,55.024262
3.431900,55.024344
3.432000,55.024321
3.432100,55.024499
3.432200,55.024886
3.432300,55.024621
3.432400,55.024406
3.432500,55.024371
3.432600,55.024777
3.432700,55.024947
3.432800,55.024849
3.432900,55.024285
3.433000,55.024327
3.433100,55.025392
3.433200,55.024960
3.433300,55.025240
3.433400,55.025004
3.433500,55.024811
3.433600,55.024443
3.433700,55.024930
3.433800,55.025315
3.433900,55.025753
3.434000,55.024878
3.434100,55.023372
3.434200,55.023777
3.434300,55.024438
3.434400,55.023013
3.434500,55.022244
3.434600,55.022121
3.434700,55.022327
3.434800,55.021727
3.434900,55.020780
3.435000,55.022902
3.435100,55.025705
3.435200,55.020599
3.435300,55.024530
3.435400,55.023371
3.435500,55.024354
3.435600,55.015664
3.435700,55.016997
3.435800,55.026285
3.435900,55.025352
3.436000,55.024627
3.436100,55.014297
3.436200,55.004954
3.436300,55.003042
3.436400,54.992315
3.436500,54.986576
3.436600,54.992621
3.436700,54.979711
3.436800,54.985634
3.436900,54.984519
3.437000,54.984041
3.437100,54.983707
3.437200,54.983417
3.437300,54.984578
3.437400,54.984283
3.437500,54.983443
3.437600,54.982370
3.437700,54.981703
3.437800,54.982299
3.437900,54.982335
3.438000,54.982394
3.438100,54.983266
3.438200,54.983092
3.438300,54.982517
3.438400,54.982421
3.438500,54.982140
3.438600,54.982509
3.438700,54.982515
3.438800,54.982165
3.438900,54.982266
3.439000,54.982251
3.439100,54.982248
3.439200,54.982081
3.439300,54.982185
3.439400,54.982114
3.439500,54.982138
3.439600,54.982317
3.439700,54.982362
3.439800,54.982517
3.439900,54.982608
3.440000,54.982199
3.440100,54.982108
3.440200,54.982440
3.440300,54.982115
3.440400,54.982329
3.440500,54.982212
3.440600,54.982395
3.440700,54.982078
3.440800,54.982297
3.440900,54.981906
3.441000,54.982387
3.441100,54.982290
3.441200,54.982018
3.441300,54.982147
3.441400,54.982251
3.441500,54.982069
3.441600,54.982068
3.441700,54.982389
3.441800,54.981621
3.441900,54.981917
3.442000,54.982121
3.442100,54.982377
3.442200,54.981863
3.442300,54.982107
3.442400,54.981880
3.442500,54.981820
3.442600,54.982355
3.442700,54.981982
3.442800,54.982576
3.442900,54.982168
3.443000,54.980869
3.443100,54.981983
3.443200,54.982332
3.443300,54.982761
3.443400,54.980684
3.443500,54.981782
3.443600,54.980921
3.443700,54.982362
3.443800,54.983594
3.443900,54.983578
3.444000,54.983558
3.444100,54.986374
3.444200,54.981838
3.444300,54.982915
3.444400,54.989246
3.444500,54.982581
3.444600,54.985885
3.444700,54.984568
3.444800,54.987322
3.444900,54.976111
3.445000,54.970369
3.445100,54.964255
3.445200,54.977180
3.445300,54.983200
3.445400,54.999799
3.445500,54.990431
3.445600,54.974039
3.445700,54.973805
3.445800,54.987562
3.445900,54.994517
3.446000,54.991257
3.446100,54.991395
3.446200,54.990787
3.446300,54.990316
3.446400,54.990213
3.446500,54.991647
3.446600,54.993489
3.446700,54.993387
3.446800,54.991710
3.446900,54.992495
3.447000,54.992431
3.447100,54.991721
3.447200,54.991967
3.447300,54.992242
3.447400,54.992215
3.447500,54.991712
3.447600,54.992178
3.447700,54.992304
3.447800,54.992714
3.447900,54.992072
3.448000,54.992097
3.448100,54.991813
3.448200,54.992057
3.448300,54.992151
3.448400,54.992088
3.448500,54.992213
3.448600,54.992111
3.448700,54.991822
3.448800,54.991695
3.448900,54.991435
3.449000,54.991391
3.449100,54.991928
3.449200,54.992153
3.449300,54.991893
3.449400,54.991582
3.449500,54.991743
3.449600,54.991865
3.449700,54.991961
3.449800,54.991918
3.449900,54.992060
3.450000,54.991725
3.450100,54.991972
3.450200,54.991779
3.450300,54.991694
3.450400,54.991733
3.450500,54.991845
3.450600,54.991981
3.450700,54.992169
3.450800,54.991935
3.450900,54.992004
3.451000,54.991643
3.451100,54.992052
3.451200,54.991696
3.451300,54.991816
3.451400,54.991453
3.451500,54.991904
3.451600,54.991720
3.451700,54.991179
3.451800,54.991548
3.451900,54.991470
3.452000,54.992492
3.452100,54.992616
3.452200,54.992510
3.452300,54.994082
3.452400,54.993306
3.452500,54.992525
3.452600,54.992769
3.452700,54.992581
3.452800,54.991538
3.452900,54.992097
3.453000,54.991175
3.453100,54.992322
3.453200,54.993879
3.453300,54.990716
3.453400,54.991791
3.453500,54.995254
3.453600,54.994325
3.453700,54.996468
3.453800,54.996221
3.453900,55.002507
3.454000,54.999812
3.454100,54.994827
3.454200,54.996179
3.454300,54.997996
3.454400,54.987024
3.454500,54.973022
3.454600,54.970076
3.454700,54.975733
3.454800,54.989140
3.454900,54.996255
3.455000,54.989453
3.455100,54.987024
3.455200,54.989186
3.455300,54.989070
3.455400,54.988747
3.455500,54.988142
3.455600,54.989389
3.455700,54.989052
3.455800,54.989641
3.455900,54.990167
3.456000,54.989300
3.456100,54.989579
3.456200,54.988956
3.456300,54.988963
3.456400,54.988528
3.456500,54.989242
3.456600,54.989957
3.456700,54.989722
3.456800,54.989921
3.456900,54.989289
3.457000,54.989301
3.457100,54.989464
3.457200,54.989237
3.457300,54.989147
3.457400,54.989205
3.457500,54.989081
3.457600,54.988991
3.457700,54.989480
3.457800,54.989403
3.457900,54.989315
3.458000,54.989464
3.458100,54.989654
3.458200,54.989138
3.458300,54.989306
3.458400,54.989400
3.458500,54.989116
3.458600,54.988994
3.458700,54.989218
3.458800,54.989673
3.458900,54.989449
3.459000,54.989167
3.459100,54.989227
3.459200,54.989262
3.459300,54.989072
3.459400,54.989395
3.459500,54.988707
3.459600,54.989338
3.459700,54.989068
3.459800,54.989577
3.459900,54.989854
3.460000,54.989427
3.460100,54.989180
3.460200,54.989259
3.460300,54.989730
3.460400,54.989214
3.460500,54.989688
3.460600,54.989062
3.460700,54.988585
3.460800,54.989044
3.460900,54.989587
3.461000,54.988968
3.461100,54.988630
3.461200,54.989578
3.461300,54.989786
3.461400,54.988932
3.461500,54.989735
3.461600,54.989073
3.461700,54.989190
3.461800,54.989833
3.461900,54.990033
3.462000,54.989402
3.462100,54.989851
3.462200,54.989929
3.462300,54.988825
3.462400,54.993816
3.462500,54.989257
3.462600,54.989135
3.462700,54.985294
3.462800,54.988250
3.462900,54.990683
3.463000,54.989147
3.463100,54.996808
3.463200,55.008476
3.463300,54.991420
3.463400,55.010175
3.463500,55.001516
3.463600,55.023208
3.463700,55.002828
3.463800,54.998713
3.463900,54.986657
3.464000,54.999305
3.464100,54.992746
3.464200,54.998459
3.464300,54.997556
3.464400,54.997421
3.464500,54.997317
3.464600,54.997758
3.464700,54.996483
3.464800,54.997327
3.464900,54.997518
3.465000,54.997252
3.465100,54.998287
3.465200,54.998565
3.465300,54.997524
3.465400,54.998008
3.465500,54.998186
3.465600,54.998093
3.465700,54.997276
3.465800,54.997819
3.465900,54.997704
3.466000,54.997850
3.466100,54.997414
3.466200,54.997759
3.466300,54.998392
3.466400,54.997945
3.466500,54.997536
3.466600,54.997560
3.466700,54.997628
3.466800,54.997535
3.466900,54.997498
3.467000,54.997625
3.467100,54.997693
3.467200,54.997366
3.467300,54.997503
3.467400,54.997767
3.467500,54.997595
3.467600,54.997085
3.467700,54.997265
3.467800,54.997628
3.467900,54.997584
3.468000,54.997311
3.468100,54.997650
3.468200,54.997564
3.468300,54.997752
3.468400,54.997595
3.468500,54.997295
3.468600,54.997566
3.468700,54.997525
3.468800,54.997135
3.468900,54.997990
3.469000,54.997829
3.469100,54.996926
3.469200,54.997559
3.469300,54.997658
3.469400,54.997559
3.469500,54.998027
3.469600,54.997703
3.469700,54.997261
3.469800,54.998234
3.469900,54.998742
3.470000,54.998564
3.470100,54.997856
3.470200,54.997257
3.470300,54.996283
3.470400,54.997580
3.470500,54.997643
3.470600,54.998266
3.470700,54.997365
3.470800,54.996027
3.470900,54.998667
3.471000,54.998839
3.471100,54.999152
3.471200,54.998708
3.471300,54.998729
3.471400,54.999208
3.471500,55.003928
3.471600,55.004352
3.471700,55.000981
3.471800,55.001150
3.471900,54.998887
3.472000,55.007228
3.472100,55.009451
3.472200,55.008627
3.472300,55.002901
3.472400,54.998561
3.472500,55.004971
3.472600,54.999019
3.472700,55.013756
3.472800,55.004596
3.472900,55.017127
3.473000,55.016183
3.473100,55.018764
3.473200,55.019681
3.473300,55.019499
3.473400,55.018386
3.473500,55.019322
3.473600,55.019268
3.473700,55.020152
3.473800,55.020660
3.473900,55.020991
3.474000,55.019344
3.474100,55.020039
3.474200,55.020004
3.474300,55.019569
3.474400,55.019570
3.474500,55.019500
3.474600,55.019771
3.474700,55.019131
3.474800,55.019702
3.474900,55.019792
3.475000,55.019497
3.475100,55.019554
3.475200,55.019321
3.475300,55.019596
3.475400,55.019644
3.475500,55.019518
3.475600,55.019866
3.475700,55.019524
3.475800,55.019624
3.475900,55.019055
3.476000,55.019012
3.476100,55.019177
3.476200,55.019630
3.476300,55.019718
3.476400,55.019817
3.476500,55.019593
3.476600,55.019721
3.476700,55.019784
3.476800,55.019634
3.476900,55.019377
3.477000,55.019593
3.477100,55.019470
3.477200,55.019479
3.477300,55.019696
3.477400,55.019296
3.477500,55.019202
3.477600,55.019713
3.477700,55.019951
3.477800,55.019401
3.477900,55.019310
3.478000,55.019296
3.478100,55.019491
3.478200,55.019678
3.478300,55.019478
3.478400,55.019680
3.478500,55.019678
3.478600,55.020051
3.478700,55.019960
3.478800,55.020402
3.478900,55.019080
3.479000,55.018350
3.479100,55.020031
3.479200,55.019330
3.479300,55.019464
3.479400,55.019004
3.479500,55.020252
3.479600,55.019691
3.479700,55.020289
3.479800,55.021395
3.479900,55.021245
3.480000,55.019492
3.480100,55.020966
3.480200,55.019617
3.480300,55.018929
3.480400,55.017832
3.480500,55.022840
3.480600,55.020479
3.480700,55.018562
3.480800,55.023629
3.480900,55.021488
3.481000,55.012399
3.481100,55.007446
3.481200,55.005127
3.481300,55.012457
3.481400,55.010894
3.481500,55.002411
3.481600,54.999198
3.481700,55.011176
3.481800,54.995533
3.481900,54.988465
3.482000,54.990647
3.482100,54.979597
3.482200,54.977408
3.482300,54.977611
3.482400,54.978129
3.482500,54.978326
3.482600,54.979057
3.482700,54.979248
3.482800,54.979686
3.482900,54.979909
3.483000,54.980114
3.483100,54.979674
3.483200,54.978204
3.483300,54.978915
3.483400,54.978788
3.483500,54.978254
3.483600,54.978408
3.483700,54.978343
3.483800,54.978046
3.483900,54.977805
3.484000,54.978449
3.484100,54.977801
3.484200,54.977993
3.484300,54.978471
3.484400,54.978300
3.484500,54.978646
3.484600,54.978572
3.484700,54.978201
3.484800,54.978312
3.484900,54.978307
3.485000,54.978368
3.485100,54.978223
3.485200,54.978209
3.485300,54.978084
3.485400,54.978484
3.485500,54.978470
3.485600,54.978404
3.485700,54.978327
3.485800,54.977871
3.485900,54.978436
3.486000,54.978461
3.486100,54.977829
3.486200,54.978066
3.486300,54.978102
3.486400,54.978202
3.486500,54.978133
3.486600,54.978550
3.486700,54.978506
3.486800,54.978243
3.486900,54.977773
3.487000,54.978287
3.487100,54.978349
3.487200,54.978468
3.487300,54.978763
3.487400,54.978635
3.487500,54.978639
3.487600,54.977847
3.487700,54.978253
3.487800,54.978632
3.487900,54.978583
3.488000,54.978506
3.488100,54.978216
3.488200,54.977016
3.488300,54.978458
3.488400,54.977934
3.488500,54.977863
3.488600,54.978292
3.488700,54.977326
3.488800,54.979466
3.488900,54.979312
3.489000,54.980756
3.489100,54.979716
3.489200,54.977528
3.489300,54.978951
3.489400,54.975794
3.489500,54.976656
3.489600,54.975760
3.489700,54.976625
3.489800,54.976172
3.489900,54.979332
3.490000,54.986268
3.490100,54.992713
3.490200,54.994485
3.490300,54.992229
3.490400,54.995863
3.490500,54.994755
3.490600,55.008026
3.490700,55.010924
3.490800,55.003476
3.490900,55.008765
3.491000,55.030300
3.491100,55.026614
3.491200,55.033054
3.491300,55.041239
3.491400,55.038598
3.491500,55.038795
3.491600,55.036825
3.491700,55.037487
3.491800,55.037414
3.491900,55.037543
3.492000,55.039192
3.492100,55.037524
3.492200,55.037562
3.492300,55.038184
3.492400,55.037196
3.492500,55.037115
3.492600,55.037376
3.492700,55.037976
3.492800,55.037670
3.492900,55.038509
3.493000,55.038827
3.493100,55.038228
3.493200,55.038287
3.493300,55.038154
3.493400,55.037819
3.493500,55.038276
3.493600,55.037943
3.493700,55.038471
3.493800,55.038470
3.493900,55.038226
3.494000,55.038250
3.494100,55.037887
3.494200,55.038025
3.494300,55.037970
3.494400,55.037839
3.494500,55.037787
3.494600,55.037986
3.494700,55.038088
3.494800,55.038152
3.494900,55.038115
3.495000,55.038463
3.495100,55.038325
3.495200,55.038200
3.495300,55.038483
3.495400,55.038285
3.495500,55.038158
3.495600,55.038403
3.495700,55.037734
3.495800,55.037642
3.495900,55.038059
3.496000,55.037647
3.496100,55.037698
3.496200,55.037870
3.496300,55.038130
3.496400,55.038393
3.496500,55.038364
3.496600,55.037886
3.496700,55.037845
3.496800,55.038224
3.496900,55.038765
3.497000,55.038748
3.497100,55.038768
3.497200,55.038418
3.497300,55.038009
3.497400,55.038530
3.497500,55.038556
3.497600,55.037028
3.497700,55.037542
3.497800,55.038101
3.497900,55.037499
3.498000,55.034967
3.498100,55.037324
3.498200,55.037452
3.498300,55.037559
3.498400,55.037181
3.498500,55.038038
3.498600,55.037370
3.498700,55.040979
3.498800,55.037285
3.498900,55.035205
3.499000,55.030267
3.499100,55.029026
3.499200,55.028523
3.499300,55.023080
3.499400,55.034573
3.499500,55.028180
3.499600,55.025307
3.499700,55.033567
3.499800,55.023978
3.499900,55.003293
3.500000,54.986055
3.500100,54.988301
3.500200,54.973347
3.500300,54.962829
3.500400,54.959686
3.500500,54.961670
3.500600,54.964981
3.500700,54.966163
3.500800,54.965710
3.500900,54.965193
3.501000,54.965422
3.501100,54.964208
3.501200,54.963797
3.501300,54.963736
3.501400,54.964153
3.501500,54.963672
3.501600,54.964855
3.501700,54.964816
3.501800,54.964697
3.501900,54.964551
3.502000,54.964399
3.502100,54.964959
3.502200,54.964970
3.502300,54.964775
3.502400,54.964702
3.502500,54.964763
3.502600,54.964558
3.502700,54.964306
3.502800,54.964308
3.502900,54.964634
3.503000,54.964573
3.503100,54.964745
3.503200,54.964736
3.503300,54.964624
3.503400,54.964708
3.503500,54.964726
3.503600,54.964370
3.503700,54.964255
3.503800,54.964457
3.503900,54.964277
3.504000,54.964160
3.504100,54.964434
3.504200,54.964502
3.504300,54.964534
3.504400,54.964425
3.504500,54.964483
3.504600,54.964021
3.504700,54.964543
3.504800,54.964314
3.504900,54.964314
3.505000,54.964486
3.505100,54.964402
3.505200,54.964758
3.505300,54.964987
3.505400,54.964535
3.505500,54.964704
3.505600,54.964496
3.505700,54.964359
3.505800,54.964194
3.505900,54.965080
3.506000,54.964628
3.506100,54.965265
3.506200,54.964841
3.506300,54.964252
3.506400,54.964475
3.506500,54.964356
3.506600,54.965348
3.506700,54.965185
3.506800,54.963286
3.506900,54.964004
3.507000,54.965507
3.507100,54.965683
3.507200,54.966048
3.507300,54.964435
3.507400,54.965562
3.507500,54.966314
3.507600,54.965523
3.507700,54.968706
3.507800,54.968737
3.507900,54.965202
3.508000,54.964558
3.508100,54.959579
3.508200,54.959273
3.508300,54.952954
3.508400,54.960709
3.508500,54.974129
3.508600,54.971791
3.508700,54.972287
3.508800,54.963123
3.508900,54.954411
3.509000,54.971491
3.509100,54.987244
3.509200,54.982247
3.509300,54.996693
3.509400,54.979595
3.509500,54.988830
3.509600,54.984570
3.509700,54.984399
3.509800,54.986880
3.509900,54.986347
3.510000,54.986385
3.510100,54.986154
3.510200,54.985473
3.510300,54.985895
3.510400,54.986571
3.510500,54.986980
3.510600,54.987455
3.510700,54.986695
3.510800,54.987318
3.510900,54.987039
3.511000,54.986940
3.511100,54.986974
3.511200,54.986792
3.511300,54.986766
3.511400,54.986949
3.511500,54.986979
3.511600,54.986699
3.511700,54.986870
3.511800,54.986610
3.511900,54.987004
3.512000,54.986974
3.512100,54.987325
3.512200,54.986768
3.512300,54.986727
3.512400,54.986660
3.512500,54.986541
3.512600,54.986464
3.512700,54.986600
3.512800,54.986380
3.512900,54.986787
3.513000,54.986839
3.513100,54.986976
3.513200,54.986664
3.513300,54.986595
3.513400,54.986796
3.513500,54.986288
3.513600,54.986094
3.513700,54.986521
3.513800,54.986470
3.513900,54.986561
3.514000,54.986520
3.514100,54.986863
3.514200,54.986713
3.514300,54.986911
3.514400,54.986584
3.514500,54.987063
3.514600,54.987694
3.514700,54.987489
3.514800,54.986664
3.514900,54.986741
3.515000,54.986857
3.515100,54.986585
3.515200,54.987392
3.515300,54.987630
3.515400,54.986257
3.515500,54.986040
3.515600,54.986454
3.515700,54.987768
3.515800,54.987766
3.515900,54.987654
3.516000,54.988022
3.516100,54.988869
3.516200,54.986784
3.516300,54.989206
3.516400,54.988553
3.516500,54.986489
3.516600,54.988736
3.516700,54.985050
3.516800,54.984694
3.516900,54.982526
3.517000,54.981868
3.517100,54.980687
3.517200,54.985975
3.517300,54.987950
3.517400,54.983901
3.517500,54.990026
3.517600,54.999935
3.517700,55.006089
3.517800,55.015027
3.517900,55.012944
3.518000,54.991087
3.518100,55.013999
3.518200,55.016050
3.518300,55.011560
3.518400,55.020885
3.518500,55.012933
3.518600,55.016601
3.518700,55.019836
3.518800,55.019107
3.518900,55.018759
3.519000,55.018708
3.519100,55.018455
3.519200,55.017645
3.519300,55.018263
3.519400,55.017415
3.519500,55.016180
3.519600,55.017061
3.519700,55.017705
3.519800,55.017117
3.519900,55.017148
3.520000,55.016767
3.520100,55.016810
3.520200,55.016265
3.520300,55.016684
3.520400,55.016701
3.520500,55.017026
3.520600,55.016663
3.520700,55.016825
3.520800,55.016698
3.520900,55.016901
3.521000,55.016675
3.521100,55.017050
3.521200,55.016953
3.521300,55.016886
3.521400,55.017070
3.521500,55.016863
3.521600,55.016825
3.521700,55.016667
3.521800,55.016707
3.521900,55.016699
3.522000,55.016740
3.522100,55.016924
3.522200,55.016987
3.522300,55.016869
3.522400,55.016330
3.522500,55.016246
3.522600,55.016896
3.522700,55.017248
3.522800,55.016972
3.522900,55.017081
3.523000,55.017283
3.523100,55.017122
3.523200,55.017020
3.523300,55.017178
3.523400,55.016792
3.523500,55.016736
3.523600,55.016601
3.523700,55.017256
3.523800,55.016818
3.523900,55.017416
3.524000,55.017220
3.524100,55.016960
3.524200,55.016994
3.524300,55.017114
3.524400,55.017524
3.524500,55.016342
3.524600,55.017044
3.524700,55.016976
3.524800,55.015983
3.524900,55.017320
3.525000,55.016729
3.525100,55.017744
3.525200,55.018895
3.525300,55.019209
3.525400,55.020310
3.525500,55.018149
3.525600,55.016394
3.525700,55.018791
3.525800,55.014992
3.525900,55.017806
3.526000,55.017869
3.526100,55.012566
3.526200,55.012834
3.526300,55.015861
3.526400,55.016751
3.526500,55.024907
3.526600,55.020934
3.526700,55.010358
3.526800,55.010134
3.526900,55.024956
3.527000,55.010404
3.527100,55.030040
3.527200,55.027691
3.527300,55.041925
3.527400,55.034106
3.527500,55.038201
3.527600,55.042621
3.527700,55.035619
3.527800,55.033861
3.527900,55.033868
3.528000,55.033782
3.528100,55.033677
3.528200,55.033171
3.528300,55.034603
3.528400,55.033961
3.528500,55.033559
3.528600,55.033729
3.528700,55.033469
3.528800,55.032686
3.528900,55.033408
3.529000,55.032814
3.529100,55.033602
3.529200,55.033651
3.529300,55.033747
3.529400,55.033523
3.529500,55.033503
3.529600,55.033624
3.529700,55.033406
3.529800,55.033392
3.529900,55.033391
3.530000,55.033854
3.530100,55.033763
3.530200,55.033822
3.530300,55.033898
3.530400,55.033823
3.530500,55.033284
3.530600,55.033460
3.530700,55.033818
3.530800,55.033878
3.530900,55.033800
3.531000,55.033807
3.531100,55.033712
3.531200,55.033692
3.531300,55.033736
3.531400,55.033790
3.531500,55.033632
3.531600,55.033887
3.531700,55.033896
3.531800,55.033691
3.531900,55.033546
3.532000,55.033698
3.532100,55.033290
3.532200,55.033507
3.532300,55.033610
3.532400,55.033961
3.532500,55.034247
3.532600,55.033770
3.532700,55.033730
3.532800,55.033370
3.532900,55.033269
3.533000,55.033880
3.533100,55.033924
3.533200,55.033903
3.533300,55.033799
3.533400,55.033445
3.533500,55.033954
3.533600,55.033828
3.533700,55.034117
3.533800,55.033807
3.533900,55.033467
3.534000,55.033837
3.534100,55.034078
3.534200,55.034379
3.534300,55.034220
3.534400,55.032390
3.534500,55.030378
3.534600,55.031634
3.534700,55.034816
3.534800,55.035808
3.534900,55.036583
3.535000,55.033693
3.535100,55.028840
3.535200,55.032641
3.535300,55.033115
3.535400,55.027297
3.535500,55.031731
3.535600,55.024870
3.535700,55.019606
3.535800,55.024530
3.535900,55.012868
3.536000,54.996516
3.536100,55.000702
3.536200,55.002770
3.536300,54.999382
3.536400,54.992257
3.536500,54.980413
3.536600,54.968824
3.536700,54.977672
3.536800,54.980398
3.536900,54.982119
3.537000,54.981602
3.537100,54.981443
3.537200,54.981575
3.537300,54.982107
3.537400,54.982039
3.537500,54.981530
3.537600,54.982429
3.537700,54.982488
3.537800,54.982510
3.537900,54.982255
3.538000,54.982601
3.538100,54.982461
3.538200,54.982377
3.538300,54.982325
3.538400,54.982248
3.538500,54.982691
3.538600,54.982792
3.538700,54.982618
3.538800,54.982436
3.538900,54.982892
3.539000,54.983072
3.539100,54.982696
3.539200,54.982357
3.539300,54.982368
3.539400,54.982451
3.539500,54.982637
3.539600,54.982477
3.539700,54.982695
3.539800,54.982577
3.539900,54.982327
3.540000,54.982358
3.540100,54.982341
3.540200,54.982322
3.540300,54.982500
3.540400,54.982562
3.540500,54.982457
3.540600,54.982455
3.540700,54.982174
3.540800,54.982173
3.540900,54.982421
3.541000,54.981943
3.541100,54.982307
3.541200,54.982280
3.541300,54.981811
3.541400,54.982438
3.541500,54.982342
3.541600,54.982384
3.541700,54.982461
3.541800,54.982071
3.541900,54.981500
3.542000,54.982557
3.542100,54.982457
3.542200,54.983236
3.542300,54.982168
3.542400,54.981996
3.542500,54.982648
3.542600,54.982460
3.542700,54.983505
3.542800,54.982987
3.542900,54.984136
3.543000,54.983072
3.543100,54.983135
3.543200,54.982508
3.543300,54.982150
3.543400,54.983912
3.543500,54.982693
3.543600,54.980827
3.543700,54.980140
3.543800,54.982951
3.543900,54.983936
3.544000,54.984886
3.544100,54.983195
3.544200,54.981928
3.544300,54.986053
3.544400,54.991882
3.544500,54.993937
3.544600,54.986340
3.544700,54.978158
3.544800,54.979386
3.544900,54.986219
3.545000,54.975686
3.545100,54.982114
3.545200,54.983940
3.545300,55.001538
3.545400,54.992538
3.545500,54.998172
3.545600,54.999543
3.545700,55.006170
3.545800,55.010006
3.545900,55.013496
3.546000,55.009320
3.546100,55.007999
3.546200,55.007960
3.546300,55.007897
3.546400,55.007385
3.546500,55.006825
3.546600,55.007268
3.546700,55.006744
3.546800,55.006616
3.546900,55.008110
3.547000,55.008888
3.547100,55.008747
3.547200,55.007605
3.547300,55.008019
3.547400,55.007737
3.547500,55.008150
3.547600,55.008127
3.547700,55.008299
3.547800,55.007967
3.547900,55.008239
3.548000,55.008543
3.548100,55.008316
3.548200,55.008175
3.548300,55.008138
3.548400,55.007972
3.548500,55.007980
3.548600,55.008378
3.548700,55.008348
3.548800,55.008281
3.548900,55.008095
3.549000,55.008185
3.549100,55.008182
3.549200,55.008156
3.549300,55.007862
3.549400,55.007959
3.549500,55.007593
3.549600,55.007864
3.549700,55.007742
3.549800,55.008217
3.549900,55.007882
3.550000,55.008030
3.550100,55.007891
3.550200,55.007916
3.550300,55.008075
3.550400,55.008049
3.550500,55.007712
3.550600,55.007571
3.550700,55.007738
3.550800,55.008102
3.550900,55.007263
3.551000,55.008153
3.551100,55.008097
3.551200,55.008659
3.551300,55.007666
3.551400,55.008130
3.551500,55.007270
3.551600,55.008694
3.551700,55.007568
3.551800,55.008150
3.551900,55.008811
3.552000,55.008433
3.552100,55.009179
3.552200,55.008663
3.552300,55.007029
3.552400,55.008360
3.552500,55.008428
3.552600,55.008566
3.552700,55.007442
3.552800,55.006598
3.552900,55.005070
3.553000,55.008875
3.553100,55.008404
3.553200,55.007883
3.553300,55.008807
3.553400,55.011881
3.553500,55.013061
3.553600,55.012107
3.553700,55.015559
3.553800,55.015160
3.553900,55.016317
3.554000,55.008345
3.554100,55.007828
3.554200,55.010689
3.554300,54.999396
3.554400,54.990793
3.554500,55.000013
3.554600,55.005715
3.554700,55.027005
3.554800,55.017655
3.554900,55.018534
3.555000,55.019995
3.555100,55.015187
3.555200,55.014076
3.555300,55.013509
3.555400,55.013502
3.555500,55.013572
3.555600,55.012357
3.555700,55.012806
3.555800,55.012264
3.555900,55.012379
3.556000,55.013677
3.556100,55.013509
3.556200,55.012548
3.556300,55.012045
3.556400,55.012559
3.556500,55.012734
3.556600,55.012895
3.556700,55.012822
3.556800,55.012588
3.556900,55.012586
3.557000,55.012747
3.557100,55.012766
3.557200,55.013059
3.557300,55.012702
3.557400,55.012921
3.557500,55.012356
3.557600,55.012275
3.557700,55.012797
3.557800,55.012330
3.557900,55.012276
3.558000,55.012473
3.558100,55.012322
3.558200,55.012120
3.558300,55.012515
3.558400,55.012298
3.558500,55.011831
3.558600,55.012157
3.558700,55.012415
3.558800,55.012318
3.558900,55.012566
3.559000,55.012296
3.559100,55.012547
3.559200,55.012781
3.559300,55.012736
3.559400,55.012768
3.559500,55.012629
3.559600,55.012279
3.559700,55.012369
3.559800,55.012249
3.559900,55.012466
3.560000,55.012496
3.560100,55.012237
3.560200,55.012896
3.560300,55.012261
3.560400,55.012115
3.560500,55.011669
3.560600,55.012072
3.560700,55.013002
3.560800,55.013171
3.560900,55.012504
3.561000,55.013597
3.561100,55.013528
3.561200,55.013611
3.561300,55.012033
3.561400,55.011623
3.561500,55.012022
3.561600,55.013797
3.561700,55.012482
3.561800,55.011868
3.561900,55.011854
3.562000,55.013453
3.562100,55.012203
3.562200,55.012111
3.562300,55.009604
3.562400,55.011553
3.562500,55.017360
3.562600,55.012531
3.562700,55.019650
3.562800,55.011268
3.562900,55.014373
3.563000,55.003242
3.563100,55.001362
3.563200,55.013032
3.563300,55.017271
3.563400,55.008920
3.563500,54.995050
3.563600,55.003449
3.563700,55.006182
3.563800,55.007633
3.563900,54.993719
3.564000,54.992809
3.564100,54.990974
3.564200,54.993800
3.564300,54.994097
3.564400,54.995097
3.564500,54.995096
3.564600,54.995483
3.564700,54.994843
3.564800,54.994023
3.564900,54.995635
3.565000,54.995787
3.565100,54.995941
3.565200,54.994546
3.565300,54.994844
3.565400,54.994567
3.565500,54.994865
3.565600,54.995463
3.565700,54.995040
3.565800,54.995339
3.565900,54.995415
3.566000,54.994679
3.566100,54.994611
3.566200,54.994850
3.566300,54.994790
3.566400,54.994633
3.566500,54.994636
3.566600,54.994574
3.566700,54.994818
3.566800,54.994856
3.566900,54.994848
3.567000,54.994804
3.567100,54.995070
3.567200,54.995184
3.567300,54.994714
3.567400,54.994588
3.567500,54.994666
3.567600,54.994921
3.567700,54.994947
3.567800,54.995004
3.567900,54.994876
3.568000,54.994785
3.568100,54.994813
3.568200,54.994664
3.568300,54.994802
3.568400,54.994778
3.568500,54.994334
3.568600,54.994153
3.568700,54.994294
3.568800,54.994881
3.568900,54.994495
3.569000,54.995015
3.569100,54.994909
3.569200,54.994933
3.569300,54.994414
3.569400,54.994891
3.569500,54.994543
3.569600,54.994712
3.569700,54.994873
3.569800,54.995348
3.569900,54.994876
3.570000,54.995000
3.570100,54.994729
3.570200,54.994053
3.570300,54.994873
3.570400,54.994189
3.570500,54.994006
3.570600,54.994379
3.570700,54.994828
3.570800,54.992540
3.570900,54.995577
3.571000,54.995898
3.571100,54.995025
3.571200,54.994110
3.571300,54.992540
3.571400,54.995628
3.571500,54.994626
3.571600,54.997200
3.571700,55.001176
3.571800,55.008693
3.571900,55.004595
3.572000,55.008615
3.572100,55.001856
3.572200,55.000541
3.572300,54.986269
3.572400,54.971939
3.572500,54.973788
3.572600,54.991627
3.572700,54.983406
3.572800,54.998957
3.572900,55.008230
3.573000,54.997082
3.573100,55.006628
3.573200,55.002540
3.573300,54.998922
3.573400,55.000766
3.573500,55.001004
3.573600,55.001200
3.573700,55.000189
3.573800,55.000534
3.573900,55.001445
3.574000,55.001817
3.574100,55.002719
3.574200,55.001410
3.574300,55.001878
3.574400,55.001142
3.574500,55.001448
3.574600,55.000542
3.574700,55.000725
3.574800,55.001117
3.574900,55.000828
3.575000,55.001116
3.575100,55.001066
3.575200,55.001676
3.575300,55.001257
3.575400,55.001305
3.575500,55.001379
3.575600,55.001715
3.575700,55.001522
3.575800,55.001415
3.575900,55.001689
3.576000,55.001334
3.576100,55.001758
3.576200,55.001513
3.576300,55.001313
3.576400,55.001248
3.576500,55.001083
3.576600,55.000915
3.576700,55.001009
3.576800,55.001023
3.576900,55.001054
3.577000,55.001213
3.577100,55.000945
3.577200,55.001217
3.577300,55.001348
3.577400,55.001851
3.577500,55.001773
3.577600,55.001457
3.577700,55.001368
3.577800,55.001432
3.577900,55.001345
3.578000,55.001276
3.578100,55.000799
3.578200,55.001246
3.578300,55.001816
3.578400,55.002034
3.578500,55.001695
3.578600,55.001341
3.578700,55.001627
3.578800,55.000902
3.578900,55.001695
3.579000,55.001518
3.579100,55.000388
3.579200,55.000829
3.579300,55.000834
3.579400,55.001491
3.579500,55.001290
3.579600,54.999992
3.579700,54.999720
3.579800,55.001552
3.579900,55.001630
3.580000,55.002040
3.580100,55.002908
3.580200,55.003892
3.580300,55.005015
3.580400,55.002860
3.580500,55.006352
3.580600,55.001413
3.580700,54.998034
3.580800,55.000617
3.580900,54.999202
3.581000,54.991076
3.581100,54.994100
3.581200,54.997139
3.581300,54.999062
3.581400,54.983975
3.581500,54.989476
3.581600,54.986034
3.581700,54.964231
3.581800,54.972333
3.581900,54.979718
3.582000,54.970928
3.582100,54.961367
3.582200,54.973561
3.582300,54.976878
3.582400,54.976975
3.582500,54.974290
3.582600,54.974098
3.582700,54.973916
3.582800,54.974787
3.582900,54.974291
3.583000,54.973544
3.583100,54.973062
3.583200,54.974588
3.583300,54.974887
3.583400,54.973847
3.583500,54.973812
3.583600,54.973851
3.583700,54.974059
3.583800,54.973504
3.583900,54.973892
3.584000,54.973342
3.584100,54.973418
3.584200,54.973422
3.584300,54.973569
3.584400,54.973344
3.584500,54.972934
3.584600,54.973353
3.584700,54.973134
3.584800,54.972812
3.584900,54.973080
3.585000,54.973103
3.585100,54.973169
3.585200,54.973054
3.585300,54.973367
3.585400,54.973388
3.585500,54.973257
3.585600,54.973188
3.585700,54.972868
3.585800,54.973028
3.585900,54.973478
3.586000,54.972968
3.586100,54.973254
3.586200,54.973144
3.586300,54.973372
3.586400,54.973036
3.586500,54.973661
3.586600,54.972958
3.586700,54.973052
3.586800,54.972743
3.586900,54.973107
3.587000,54.972796
3.587100,54.972957
3.587200,54.972638
3.587300,54.972821
3.587400,54.972976
3.587500,54.972849
3.587600,54.973162
3.587700,54.973538
3.587800,54.973522
3.587900,54.973069
3.588000,54.972143
3.588100,54.972642
3.588200,54.972914
3.588300,54.974189
3.588400,54.973690
3.588500,54.972541
3.588600,54.972769
3.588700,54.972241
3.588800,54.973163
3.588900,54.971918
3.589000,54.973031
3.589100,54.973704
3.589200,54.974939
3.589300,54.975396
3.589400,54.976997
3.589500,54.977029
3.589600,54.975429
3.589700,54.976338
3.589800,54.975656
3.589900,54.975758
3.590000,54.977200
3.590100,54.980571
3.590200,54.983740
3.590300,54.985143
3.590400,54.981698
3.590500,54.965976
3.590600,54.974510
3.590700,54.979318
3.590800,54.994224
3.590900,54.997845
3.591000,55.015469
3.591100,54.998663
3.591200,55.013332
3.591300,55.012229
3.591400,55.008721
3.591500,55.010139
3.591600,55.009347
3.591700,55.009392
3.591800,55.009588
3.591900,55.008717
3.592000,55.009326
3.592100,55.008991
3.592200,55.008225
3.592300,55.008411
3.592400,55.008407
3.592500,55.008980
3.592600,55.007901
3.592700,55.008043
3.592800,55.008296
3.592900,55.008830
3.593000,55.008999
3.593100,55.008941
3.593200,55.008236
3.593300,55.008409
3.593400,55.008456
3.593500,55.008740
3.593600,55.008250
3.593700,55.008281
3.593800,55.008360
3.593900,55.008497
3.594000,55.008098
3.594100,55.008310
3.594200,55.008410
3.594300,55.008553
3.594400,55.008562
3.594500,55.008715
3.594600,55.008367
3.594700,55.007934
3.594800,55.008116
3.594900,55.008305
3.595000,55.008620
3.595100,55.008563
3.595200,55.008046
3.595300,55.008032
3.595400,55.007946
3.595500,55.008312
3.595600,55.008611
3.595700,55.008702
3.595800,55.008728
3.595900,55.008433
3.596000,55.007897
3.596100,55.007916
3.596200,55.008408
3.596300,55.008760
3.596400,55.008694
3.596500,55.008482
3.596600,55.008041
3.596700,55.008152
3.596800,55.008047
3.596900,55.007882
3.597000,55.008799
3.597100,55.008489
3.597200,55.009242
3.597300,55.008548
3.597400,55.007456
3.597500,55.009110
3.597600,55.009112
3.597700,55.008271
3.597800,55.009080
3.597900,55.008622
3.598000,55.007860
3.598100,55.009703
3.598200,55.010816
3.598300,55.010899
3.598400,55.010393
3.598500,55.011077
3.598600,55.009941
3.598700,55.007296
3.598800,55.008027
3.598900,55.007876
3.599000,55.008877
3.599100,55.000832
3.599200,55.003747
3.599300,55.001503
3.599400,55.010068
3.599500,55.000755
3.599600,54.998816
3.599700,54.992784
3.599800,55.004763
3.599900,54.997192
3.600000,55.004664
3.600100,55.002189
3.600200,54.989393
3.600300,54.999050
3.600400,54.988627
3.600500,54.990181
3.600600,54.990183
3.600700,54.992211
3.600800,54.991880
3.600900,54.992457
3.601000,54.992450
3.601100,54.991958
3.601200,54.991335
3.601300,54.990170
3.601400,54.990735
3.601500,54.991874
3.601600,54.990775
3.601700,54.990414
3.601800,54.990574
3.601900,54.990194
3.602000,54.990643
3.602100,54.991335
3.602200,54.991035
3.602300,54.991171
3.602400,54.990673
3.602500,54.990580
3.602600,54.990658
3.602700,54.990453
3.602800,54.990945
3.602900,54.990788
3.603000,54.991091
3.603100,54.990596
3.603200,54.990655
3.603300,54.990589
3.603400,54.990511
3.603500,54.990538
3.603600,54.990885
3.603700,54.990644
3.603800,54.990773
3.603900,54.990736
3.604000,54.990613
3.604100,54.990413
3.604200,54.990711
3.604300,54.991231
3.604400,54.990676
3.604500,54.991019
3.604600,54.990854
3.604700,54.990463
3.604800,54.990401
3.604900,54.990130
3.605000,54.990112
3.605100,54.990317
3.605200,54.990529
3.605300,54.990548
3.605400,54.990473
3.605500,54.990614
3.605600,54.990708
3.605700,54.990144
3.605800,54.990986
3.605900,54.990218
3.606000,54.990229
3.606100,54.990992
3.606200,54.990888
3.606300,54.991370
3.606400,54.991089
3.606500,54.990688
3.606600,54.991112
3.606700,54.992246
3.606800,54.991480
3.606900,54.990709
3.607000,54.990437
3.607100,54.990113
3.607200,54.989764
3.607300,54.988448
3.607400,54.988954
3.607500,54.990086
3.607600,54.993807
3.607700,54.991666
3.607800,54.991142
3.607900,54.991543
3.608000,54.993061
3.608100,54.986904
3.608200,54.994308
3.608300,55.001225
3.608400,54.997883
3.608500,54.996724
3.608600,54.994505
3.608700,54.995557
3.608800,54.990115
3.608900,54.971010
3.609000,54.971820
3.609100,54.988908
3.609200,54.979085
3.609300,54.968536
3.609400,54.967358
3.609500,54.970570
3.609600,54.971425
3.609700,54.973495
3.609800,54.973921
3.609900,54.974100
3.610000,54.974010
3.610100,54.974584
3.610200,54.973547
3.610300,54.974750
3.610400,54.973190
3.610500,54.972917
3.610600,54.973696
3.610700,54.973979
3.610800,54.974753
3.610900,54.973803
3.611000,54.974056
3.611100,54.974289
3.611200,54.973830
3.611300,54.973880
3.611400,54.973630
3.611500,54.973964
3.611600,54.974190
3.611700,54.973771
3.611800,54.974013
3.611900,54.974034
3.612000,54.974185
3.612100,54.973747
3.612200,54.974098
3.612300,54.973900
3.612400,54.973662
3.612500,54.973752
3.612600,54.973763
3.612700,54.973860
3.612800,54.973979
3.612900,54.973699
3.613000,54.973704
3.613100,54.973821
3.613200,54.973990
3.613300,54.973754
3.613400,54.974307
3.613500,54.973800
3.613600,54.974064
3.613700,54.973891
3.613800,54.973941
3.613900,54.973504
3.614000,54.974090
3.614100,54.973960
3.614200,54.973651
3.614300,54.973458
3.614400,54.973216
3.614500,54.974176
3.614600,54.974128
3.614700,54.974078
3.614800,54.973607
3.614900,54.973746
3.615000,54.973333
3.615100,54.974156
3.615200,54.974463
3.615300,54.973924
3.615400,54.974490
3.615500,54.974027
3.615600,54.973420
3.615700,54.973048
3.615800,54.974554
3.615900,54.973409
3.616000,54.974807
3.616100,54.975001
3.616200,54.974443
3.616300,54.971868
3.616400,54.971372
3.616500,54.974548
3.616600,54.973539
3.616700,54.975656
3.616800,54.974045
3.616900,54.978783
3.617000,54.981939
3.617100,54.981444
3.617200,54.977089
3.617300,54.975059
3.617400,54.973878
3.617500,54.972844
3.617600,54.971511
3.617700,54.984646
3.617800,54.994515
3.617900,55.001053
3.618000,55.008237
3.618100,54.992880
3.618200,55.010381
3.618300,55.031291
3.618400,55.015597
3.618500,55.013876
3.618600,55.019318
3.618700,55.017231
3.618800,55.014495
3.618900,55.015090
3.619000,55.015358
3.619100,55.015795
3.619200,55.014526
3.619300,55.014247
3.619400,55.013608
3.619500,55.013623
3.619600,55.014306
3.619700,55.014027
3.619800,55.013692
3.619900,55.014009
3.620000,55.014252
3.620100,55.013756
3.620200,55.013208
3.620300,55.013950
3.620400,55.013935
3.620500,55.014228
3.620600,55.014283
3.620700,55.014181
3.620800,55.013855
3.620900,55.013942
3.621000,55.014166
3.621100,55.014116
3.621200,55.013710
3.621300,55.014056
3.621400,55.013921
3.621500,55.014000
3.621600,55.013878
3.621700,55.014014
3.621800,55.014049
3.621900,55.013790
3.622000,55.013934
3.622100,55.013860
3.622200,55.013777
3.622300,55.013891
3.622400,55.013998
3.622500,55.014066
3.622600,55.014337
3.622700,55.014072
3.622800,55.014082
3.622900,55.013972
3.623000,55.013874
3.623100,55.014006
3.623200,55.014077
3.623300,55.014204
3.623400,55.014443
3.623500,55.013933
3.623600,55.014189
3.623700,55.014144
3.623800,55.013552
3.623900,55.013631
3.624000,55.013416
3.624100,55.014133
3.624200,55.014241
3.624300,55.014101
3.624400,55.014004
3.624500,55.015383
3.624600,55.013940
3.624700,55.013671
3.624800,55.012389
3.624900,55.014070
3.625000,55.014849
3.625100,55.014388
3.625200,55.014333
3.625300,55.015259
3.625400,55.014462
3.625500,55.014258
3.625600,55.015447
3.625700,55.011992
3.625800,55.015117
3.625900,55.014986
3.626000,55.013711
3.626100,55.019245
3.626200,55.017757
3.626300,55.014804
3.626400,55.019116
3.626500,55.016273
3.626600,55.016184
3.626700,55.013234
3.626800,55.021506
3.626900,55.017710
3.627000,55.005711
3.627100,55.021520
3.627200,55.025782
3.627300,55.027579
3.627400,55.032776
3.627500,55.043302
3.627600,55.050343
3.627700,55.049182
3.627800,55.046481
3.627900,55.046356
3.628000,55.046838
3.628100,55.046891
3.628200,55.046280
3.628300,55.047718
3.628400,55.048548
3.628500,55.047791
3.628600,55.049414
3.628700,55.049561
3.628800,55.049125
3.628900,55.049926
3.629000,55.049429
3.629100,55.049946
3.629200,55.049767
3.629300,55.049406
3.629400,55.049657
3.629500,55.049413
3.629600,55.049309
3.629700,55.049267
3.629800,55.049478
3.629900,55.049233
3.630000,55.048929
3.630100,55.049177
3.630200,55.049327
3.630300,55.049370
3.630400,55.049395
3.630500,55.049908
3.630600,55.049473
3.630700,55.049351
3.630800,55.049419
3.630900,55.049159
3.631000,55.048977
3.631100,55.049468
3.631200,55.049174
3.631300,55.049746
3.631400,55.049423
3.631500,55.049419
3.631600,55.049775
3.631700,55.049524
3.631800,55.049659
3.631900,55.049462
3.632000,55.049433
3.632100,55.049532
3.632200,55.049300
3.632300,55.049078
3.632400,55.049467
3.632500,55.049376
3.632600,55.049129
3.632700,55.048809
3.632800,55.049351
3.632900,55.049392
3.633000,55.049843
3.633100,55.049772
3.633200,55.050010
3.633300,55.049513
3.633400,55.048539
3.633500,55.050041
3.633600,55.048640
3.633700,55.048451
3.633800,55.048350
3.633900,55.049259
3.634000,55.049638
3.634100,55.047729
3.634200,55.049090
3.634300,55.049849
3.634400,55.049482
3.634500,55.048888
3.634600,55.049964
3.634700,55.050333
3.634800,55.048779
3.634900,55.047810
3.635000,55.048901
3.635100,55.044052
3.635200,55.049961
3.635300,55.048169
3.635400,55.053008
3.635500,55.049425
3.635600,55.045726
3.635700,55.034825
3.635800,55.045377
3.635900,55.054397
3.636000,55.051537
3.636100,55.038576
3.636200,55.028958
3.636300,55.030464
3.636400,55.031654
3.636500,55.039291
3.636600,55.028400
3.636700,55.019034
3.636800,55.009125
3.636900,55.013832
3.637000,55.013954
3.637100,55.014514
3.637200,55.014199
3.637300,55.014085
3.637400,55.014756
3.637500,55.014197
3.637600,55.015573
3.637700,55.014233
3.637800,55.013588
3.637900,55.013298
3.638000,55.014491
3.638100,55.014064
3.638200,55.014002
3.638300,55.013848
3.638400,55.013499
3.638500,55.013680
3.638600,55.013697
3.638700,55.013617
3.638800,55.013779
3.638900,55.013833
3.639000,55.013472
3.639100,55.013538
3.639200,55.013515
3.639300,55.013190
3.639400,55.013267
3.639500,55.012856
3.639600,55.013264
3.639700,55.013718
3.639800,55.013829
3.639900,55.013586
3.640000,55.013375
3.640100,55.013528
3.640200,55.013372
3.640300,55.013636
3.640400,55.013763
3.640500,55.013466
3.640600,55.013609
3.640700,55.013576
3.640800,55.013236
3.640900,55.013608
3.641000,55.013697
3.641100,55.013480
3.641200,55.013607
3.641300,55.013679
3.641400,55.013583
3.641500,55.013539
3.641600,55.013273
3.641700,55.013181
3.641800,55.012761
3.641900,55.013375
3.642000,55.013045
3.642100,55.013398
3.642200,55.013625
3.642300,55.012771
3.642400,55.013522
3.642500,55.014043
3.642600,55.013900
3.642700,55.014443
3.642800,55.014394
3.642900,55.013749
3.643000,55.013846
3.643100,55.014125
3.643200,55.014013
3.643300,55.012918
3.643400,55.012214
3.643500,55.013976
3.643600,55.014218
3.643700,55.013259
3.643800,55.013533
3.643900,55.013540
3.644000,55.014295
3.644100,55.014585
3.644200,55.015952
3.644300,55.010686
3.644400,55.011363
3.644500,55.013827
3.644600,55.007134
3.644700,55.001882
3.644800,55.008263
3.644900,55.001751
3.645000,55.017420
3.645100,55.004554
3.645200,54.995342
3.645300,54.977664
3.645400,54.981035
3.645500,54.969506
3.645600,54.966951
3.645700,54.968279
3.645800,54.970928
3.645900,54.969455
3.646000,54.973861
3.646100,54.973152
3.646200,54.973966
3.646300,54.974064
3.646400,54.974097
3.646500,54.974701
3.646600,54.974990
3.646700,54.975390
3.646800,54.975965
3.646900,54.974692
3.647000,54.975368
3.647100,54.974184
3.647200,54.973905
3.647300,54.974738
3.647400,54.975176
3.647500,54.975615
3.647600,54.975682
3.647700,54.975118
3.647800,54.974888
3.647900,54.975304
3.648000,54.974694
3.648100,54.975009
3.648200,54.974895
3.648300,54.974917
3.648400,54.974902
3.648500,54.974772
3.648600,54.974922
3.648700,54.974864
3.648800,54.974686
3.648900,54.974940
3.649000,54.974921
3.649100,54.974662
3.649200,54.974879
3.649300,54.975087
3.649400,54.974807
3.649500,54.974808
3.649600,54.974572
3.649700,54.974789
3.649800,54.974829
3.649900,54.974581
3.650000,54.974442
3.650100,54.974403
3.650200,54.974475
3.650300,54.974305
3.650400,54.975008
3.650500,54.974739
3.650600,54.974668
3.650700,54.975113
3.650800,54.974939
3.650900,54.974860
3.651000,54.974798
3.651100,54.974963
3.651200,54.974674
3.651300,54.974597
3.651400,54.974017
3.651500,54.974125
3.651600,54.974394
3.651700,54.975208
3.651800,54.975206
3.651900,54.975128
3.652000,54.974444
3.652100,54.975034
3.652200,54.973671
3.652300,54.974872
3.652400,54.974415
3.652500,54.975395
3.652600,54.975133
3.652700,54.975337
3.652800,54.974027
3.652900,54.975762
3.653000,54.977627
3.653100,54.979284
3.653200,54.979097
3.653300,54.978453
3.653400,54.977831
3.653500,54.976356
3.653600,54.977213
3.653700,54.984518
3.653800,54.974994
3.653900,54.966405
3.654000,54.967700
3.654100,54.982414
3.654200,54.985180
3.654300,54.984421
3.654400,54.969134
3.654500,54.975647
3.654600,54.960159
3.654700,54.978207
3.654800,54.974347
3.654900,54.979033
3.655000,54.977883
3.655100,54.981088
3.655200,54.980279
3.655300,54.980885
3.655400,54.981176
3.655500,54.980263
3.655600,54.981699
3.655700,54.981432
3.655800,54.980940
3.655900,54.981916
3.656000,54.982063
3.656100,54.981815
3.656200,54.981900
3.656300,54.982131
3.656400,54.981935
3.656500,54.981890
3.656600,54.982057
3.656700,54.981858
3.656800,54.981790
3.656900,54.981842
3.657000,54.981994
3.657100,54.981618
3.657200,54.981751
3.657300,54.981364
3.657400,54.981371
3.657500,54.981894
3.657600,54.981682
3.657700,54.981816
3.657800,54.981645
3.657900,54.981571
3.658000,54.981552
3.658100,54.981741
3.658200,54.981722
3.658300,54.981900
3.658400,54.981992
3.658500,54.981908
3.658600,54.981453
3.658700,54.981829
3.658800,54.981600
3.658900,54.981554
3.659000,54.981569
3.659100,54.981420
3.659200,54.981811
3.659300,54.981701
3.659400,54.981989
3.659500,54.981379
3.659600,54.981049
3.659700,54.981071
3.659800,54.981591
3.659900,54.981703
3.660000,54.981084
3.660100,54.981422
3.660200,54.981475
3.660300,54.981534
3.660400,54.981614
3.660500,54.982065
3.660600,54.980919
3.660700,54.981041
3.660800,54.980826
3.660900,54.982320
3.661000,54.981881
3.661100,54.981327
3.661200,54.982519
3.661300,54.982581
3.661400,54.982385
3.661500,54.982803
3.661600,54.981347
3.661700,54.981204
3.661800,54.982985
3.661900,54.984445
3.662000,54.981478
3.662100,54.984030
3.662200,54.982887
3.662300,54.987235
3.662400,54.984119
3.662500,54.985316
3.662600,54.984945
3.662700,54.984197
3.662800,54.984847
3.662900,54.985835
3.663000,54.996993
3.663100,54.985819
3.663200,54.973560
3.663300,54.982238
3.663400,54.976614
3.663500,54.973376
3.663600,54.972503
3.663700,54.976861
3.663800,54.985377
3.663900,54.983271
3.664000,54.977346
3.664100,54.986595
3.664200,54.992208
3.664300,54.990833
3.664400,54.990721
3.664500,54.990965
3.664600,54.990360
3.664700,54.991992
3.664800,54.991247
3.664900,54.989547
3.665000,54.989288
3.665100,54.989902
3.665200,54.989571
3.665300,54.990659
3.665400,54.990397
3.665500,54.990531
3.665600,54.991143
3.665700,54.990566
3.665800,54.990622
3.665900,54.990726
3.666000,54.990546
3.666100,54.990574
3.666200,54.990903
3.666300,54.990573
3.666400,54.990943
3.666500,54.990457
3.666600,54.990427
3.666700,54.990623
3.666800,54.990635
3.666900,54.990803
3.667000,54.990580
3.667100,54.990388
3.667200,54.990213
3.667300,54.990323
3.667400,54.990543
3.667500,54.990630
3.667600,54.990512
3.667700,54.990434
3.667800,54.990386
3.667900,54.990406
3.668000,54.990743
3.668100,54.990731
3.668200,54.990438
3.668300,54.990066
3.668400,54.990288
3.668500,54.990703
3.668600,54.990540
3.668700,54.990328
3.668800,54.990710
3.668900,54.990135
3.669000,54.990509
3.669100,54.990742
3.669200,54.990526
3.669300,54.990293
3.669400,54.990435
3.669500,54.991065
3.669600,54.990745
3.669700,54.990980
3.669800,54.990385
3.669900,54.990791
3.670000,54.990121
3.670100,54.990180
3.670200,54.991403
3.670300,54.990871
3.670400,54.990272
3.670500,54.990477
3.670600,54.989928
3.670700,54.988893
3.670800,54.988758
3.670900,54.989486
3.671000,54.990363
3.671100,54.988586
3.671200,54.991112
3.671300,54.991333
3.671400,54.991491
3.671500,54.993164
3.671600,54.993522
3.671700,54.993346
3.671800,54.997391
3.671900,54.991566
3.672000,54.991661
3.672100,54.982734
3.672200,54.977868
3.672300,54.984048
3.672400,54.996523
3.672500,54.981577
3.672600,54.990633
3.672700,54.971525
3.672800,54.980922
3.672900,54.993463
3.673000,54.988874
3.673100,54.999899
3.673200,54.996157
3.673300,54.992615
3.673400,54.993641
3.673500,54.993720
3.673600,54.994462
3.673700,54.994308
3.673800,54.994715
3.673900,54.994077
3.674000,54.993630
3.674100,54.993255
3.674200,54.994277
3.674300,54.993084
3.674400,54.993677
3.674500,54.993243
3.674600,54.992915
3.674700,54.993291
3.674800,54.993533
3.674900,54.993708
3.675000,54.993109
3.675100,54.993166
3.675200,54.993439
3.675300,54.993455
3.675400,54.993189
3.675500,54.993395
3.675600,54.993302
3.675700,54.993266
3.675800,54.993408
3.675900,54.993658
3.676000,54.993784
3.676100,54.993561
3.676200,54.993710
3.676300,54.993211
3.676400,54.993487
3.676500,54.993537
3.676600,54.993315
3.676700,54.993478
3.676800,54.993332
3.676900,54.993447
3.677000,54.993368
3.677100,54.993215
3.677200,54.993335
3.677300,54.993133
3.677400,54.992934
3.677500,54.993591
3.677600,54.993599
3.677700,54.993201
3.677800,54.993328
3.677900,54.993393
3.678000,54.993795
3.678100,54.993163
3.678200,54.993022
3.678300,54.993598
3.678400,54.993485
3.678500,54.993849
3.678600,54.993708
3.678700,54.993228
3.678800,54.993492
3.678900,54.992823
3.679000,54.992610
3.679100,54.993008
3.679200,54.992908
3.679300,54.994022
3.679400,54.993460
3.679500,54.993456
3.679600,54.991470
3.679700,54.992922
3.679800,54.993317
3.679900,54.995484
3.680000,54.993495
3.680100,54.992645
3.680200,54.992623
3.680300,54.995747
3.680400,54.994548
3.680500,54.995575
3.680600,54.993076
3.680700,54.993878
3.680800,54.996022
3.680900,54.990613
3.681000,54.993047
3.681100,54.997502
3.681200,54.994813
3.681300,55.000109
3.681400,55.008453
3.681500,54.991694
3.681600,55.011830
3.681700,55.020902
3.681800,55.023620
3.681900,55.025599
3.682000,55.042019
3.682100,55.031420
3.682200,55.023919
3.682300,55.024681
3.682400,55.025214
3.682500,55.026559
3.682600,55.026151
3.682700,55.026410
3.682800,55.026002
3.682900,55.026460
3.683000,55.024765
3.683100,55.023671
3.683200,55.024358
3.683300,55.024938
3.683400,55.023934
3.683500,55.024267
3.683600,55.023828
3.683700,55.023578
3.683800,55.023745
3.683900,55.023964
3.684000,55.023580
3.684100,55.023678
3.684200,55.023815
3.684300,55.024249
3.684400,55.024638
3.684500,55.024452
3.684600,55.023897
3.684700,55.023902
3.684800,55.024381
3.684900,55.024032
3.685000,55.024183
3.685100,55.024291
3.685200,55.024379
3.685300,55.023993
3.685400,55.024270
3.685500,55.024555
3.685600,55.024798
3.685700,55.024249
3.685800,55.023988
3.685900,55.024126
3.686000,55.024063
3.686100,55.024205
3.686200,55.024527
3.686300,55.023889
3.686400,55.024128
3.686500,55.024601
3.686600,55.024362
3.686700,55.024190
3.686800,55.024629
3.686900,55.024379
3.687000,55.024608
3.687100,55.024625
3.687200,55.024426
3.687300,55.024692
3.687400,55.024389
3.687500,55.024475
3.687600,55.024256
3.687700,55.023968
3.687800,55.024217
3.687900,55.024100
3.688000,55.024210
3.688100,55.024686
3.688200,55.025637
3.688300,55.024879
3.688400,55.024150
3.688500,55.024178
3.688600,55.023840
3.688700,55.023525
3.688800,55.023328
3.688900,55.023983
3.689000,55.023514
3.689100,55.024787
3.689200,55.025133
3.689300,55.024224
3.689400,55.025341
3.689500,55.024605
3.689600,55.022690
3.689700,55.023877
3.689800,55.021138
3.689900,55.025152
3.690000,55.025791
3.690100,55.027334
3.690200,55.024765
3.690300,55.026918
3.690400,55.039490
3.690500,55.034971
3.690600,55.034952
3.690700,55.024575
3.690800,55.004518
3.690900,54.981305
3.691000,54.982474
3.691100,54.981520
3.691200,54.993884
3.691300,55.003761
3.691400,54.995888
3.691500,54.996704
3.691600,54.996725
3.691700,54.996901
3.691800,54.997054
3.691900,54.997612
3.692000,54.996819
3.692100,54.997381
3.692200,54.997355
3.692300,54.997398
3.692400,54.997962
3.692500,54.997982
3.692600,54.996926
3.692700,54.997101
3.692800,54.997420
3.692900,54.996767
3.693000,54.997286
3.693100,54.997106
3.693200,54.996910
3.693300,54.997031
3.693400,54.997654
3.693500,54.996912
3.693600,54.996994
3.693700,54.996930
3.693800,54.996924
3.693900,54.996970
3.694000,54.996879
3.694100,54.996932
3.694200,54.997184
3.694300,54.996834
3.694400,54.996903
3.694500,54.997295
3.694600,54.996734
3.694700,54.996686
3.694800,54.996703
3.694900,54.996706
3.695000,54.996514
3.695100,54.996708
3.695200,54.997108
3.695300,54.996787
3.695400,54.996936
3.695500,54.997037
3.695600,54.996975
3.695700,54.996995
3.695800,54.996958
3.695900,54.996751
3.696000,54.997102
3.696100,54.996682
3.696200,54.996865
3.696300,54.996367
3.696400,54.996401
3.696500,54.997127
3.696600,54.996781
3.696700,54.997158
3.696800,54.996645
3.696900,54.996628
3.697000,54.996707
3.697100,54.997123
3.697200,54.996921
3.697300,54.997138
3.697400,54.997178
3.697500,54.997776
3.697600,54.997328
3.697700,54.996473
3.697800,54.995916
3.697900,54.997074
3.698000,54.999362
3.698100,54.999089
3.698200,54.998511
3.698300,54.996238
3.698400,54.996431
3.698500,54.996470
3.698600,54.997486
3.698700,54.995162
3.698800,55.000433
3.698900,54.996401
3.699000,54.996551
3.699100,55.000948
3.699200,55.001491
3.699300,55.005946
3.699400,55.003623
3.699500,54.997881
3.699600,54.986312
3.699700,54.972537
3.699800,54.990833
3.699900,55.004725
3.700000,55.005055
3.700100,54.986257
3.700200,54.985112
3.700300,54.987720
3.700400,54.990411
3.700500,54.990682
3.700600,54.991689
3.700700,54.990730
3.700800,54.990908
3.700900,54.991226
3.701000,54.990144
3.701100,54.991755
3.701200,54.991617
3.701300,54.992624
3.701400,54.991242
3.701500,54.991092
3.701600,54.990787
3.701700,54.991103
3.701800,54.991022
3.701900,54.990802
3.702000,54.990813
3.702100,54.990951
3.702200,54.991021
3.702300,54.991210
3.702400,54.990950
3.702500,54.990699
3.702600,54.990531
3.702700,54.990996
3.702800,54.990885
3.702900,54.991248
3.703000,54.991405
3.703100,54.990858
3.703200,54.990659
3.703300,54.990663
3.703400,54.991191
3.703500,54.990686
3.703600,54.990758
3.703700,54.990764
3.703800,54.991004
3.703900,54.991021
3.704000,54.991006
3.704100,54.990424
3.704200,54.990632
3.704300,54.990645
3.704400,54.991012
3.704500,54.990757
3.704600,54.990949
3.704700,54.990852
3.704800,54.990756
3.704900,54.990655
3.705000,54.990676
3.705100,54.990267
3.705200,54.990531
3.705300,54.990882
3.705400,54.991220
3.705500,54.991481
3.705600,54.990544
3.705700,54.990848
3.705800,54.991039
3.705900,54.990551
3.706000,54.990200
3.706100,54.990446
3.706200,54.990506
3.706300,54.991267
3.706400,54.990801
3.706500,54.991271
3.706600,54.992908
3.706700,54.992072
3.706800,54.990713
3.706900,54.990629
3.707000,54.990665
3.707100,54.990721
3.707200,54.989039
3.707300,54.988257
3.707400,54.987058
3.707500,54.990727
3.707600,54.991067
3.707700,54.989848
3.707800,54.991607
3.707900,54.990194
3.708000,54.991461
3.708100,54.992088
3.708200,54.996475
3.708300,54.997601
3.708400,54.990403
3.708500,54.986610
3.708600,54.984995
3.708700,54.982074
3.708800,54.988818
3.708900,54.977457
3.709000,54.963043
3.709100,54.985771
3.709200,54.985858
3.709300,55.006657
3.709400,55.004552
3.709500,55.000142
3.709600,55.002313
3.709700,54.999029
3.709800,54.997452
3.709900,54.997458
3.710000,54.997527
3.710100,54.998351
3.710200,54.997473
3.710300,54.995826
3.710400,54.996065
3.710500,54.997355
3.710600,54.997253
3.710700,54.996082
3.710800,54.996709
3.710900,54.995667
3.711000,54.995414
3.711100,54.995776
3.711200,54.995274
3.711300,54.995954
3.711400,54.996044
3.711500,54.996532
3.711600,54.996053
3.711700,54.996221
3.711800,54.996278
3.711900,54.996261
3.712000,54.995892
3.712100,54.995748
3.712200,54.996200
3.712300,54.996207
3.712400,54.995861
3.712500,54.995895
3.712600,54.996134
3.712700,54.995939
3.712800,54.995853
3.712900,54.995829
3.713000,54.995810
3.713100,54.995702
3.713200,54.995522
3.713300,54.995710
3.713400,54.996108
3.713500,54.996147
3.713600,54.995606
3.713700,54.996062
3.713800,54.995780
3.713900,54.995926
3.714000,54.995636
3.714100,54.995910
3.714200,54.996036
3.714300,54.995237
3.714400,54.995836
3.714500,54.996025
3.714600,54.995895
3.714700,54.996079
3.714800,54.996164
3.714900,54.996098
3.715000,54.995715
3.715100,54.996812
3.715200,54.996574
3.715300,54.996756
3.715400,54.996860
3.715500,54.996482
3.715600,54.995898
3.715700,54.995729
3.715800,54.997341
3.715900,54.996871
3.716000,54.996524
3.716100,54.995908
3.716200,54.995386
3.716300,54.996964
3.716400,54.997582
3.716500,54.995860
3.716600,54.996261
3.716700,54.995929
3.716800,54.999669
3.716900,54.997283
3.717000,54.993573
3.717100,54.990099
3.717200,54.992578
3.717300,54.990200
3.717400,54.981431
3.717500,54.984472
3.717600,54.982532
3.717700,54.987108
3.717800,54.988885
3.717900,55.005559
3.718000,55.004457
3.718100,55.020824
3.718200,55.016830
3.718300,55.017828
3.718400,55.026942
3.718500,55.023632
3.718600,55.024316
3.718700,55.019988
3.718800,55.021927
3.718900,55.021130
3.719000,55.021118
3.719100,55.021804
3.719200,55.021003
3.719300,55.021668
3.719400,55.020229
3.719500,55.020623
3.719600,55.021343
3.719700,55.021587
3.719800,55.021071
3.719900,55.021378
3.720000,55.020462
3.720100,55.020804
3.720200,55.021657
3.720300,55.021117
3.720400,55.021122
3.720500,55.021206
3.720600,55.021276
3.720700,55.021215
3.720800,55.021244
3.720900,55.021045
3.721000,55.021287
3.721100,55.021122
3.721200,55.021020
3.721300,55.020984
3.721400,55.021120
3.721500,55.020901
3.721600,55.020661
3.721700,55.020798
3.721800,55.021170
3.721900,55.021124
3.722000,55.020922
3.722100,55.020913
3.722200,55.021135
3.722300,55.021400
3.722400,55.021337
3.722500,55.021392
3.722600,55.020948
3.722700,55.020847
3.722800,55.020866
3.722900,55.020757
3.723000,55.021182
3.723100,55.021082
3.723200,55.021292
3.723300,55.021146
3.723400,55.020749
3.723500,55.021129
3.723600,55.020874
3.723700,55.020978
3.723800,55.020452
3.723900,55.021098
3.724000,55.020982
3.724100,55.020735
3.724200,55.020614
3.724300,55.021928
3.724400,55.021938
3.724500,55.022019
3.724600,55.022201
3.724700,55.020602
3.724800,55.021917
3.724900,55.020496
3.725000,55.019859
3.725100,55.021204
3.725200,55.021569
3.725300,55.019104
3.725400,55.020777
3.725500,55.022016
3.725600,55.022418
3.725700,55.020637
3.725800,55.020223
3.725900,55.018808
3.726000,55.017339
3.726100,55.019240
3.726200,55.019462
3.726300,55.014668
3.726400,55.016966
3.726500,55.014984
3.726600,55.020794
3.726700,55.025835
3.726800,55.033375
3.726900,55.044688
3.727000,55.025415
3.727100,55.037799
3.727200,55.038835
3.727300,55.015504
3.727400,55.020781
3.727500,55.004725
3.727600,55.017540
3.727700,55.014650
3.727800,55.012208
3.727900,55.014112
3.728000,55.013366
3.728100,55.013369
3.728200,55.012951
3.728300,55.011975
3.728400,55.011959
3.728500,55.012381
3.728600,55.012855
3.728700,55.014370
3.728800,55.013004
3.728900,55.014036
3.729000,55.013919
3.729100,55.013575
3.729200,55.013131
3.729300,55.012688
3.729400,55.012876
3.729500,55.012861
3.729600,55.012910
3.729700,55.013034
3.729800,55.013232
3.729900,55.013498
3.730000,55.013449
3.730100,55.013274
3.730200,55.013370
3.730300,55.013195
3.730400,55.013061
3.730500,55.013108
3.730600,55.013027
3.730700,55.013125
3.730800,55.013250
3.730900,55.013020
3.731000,55.012836
3.731100,55.013377
3.731200,55.013197
3.731300,55.013277
3.731400,55.013040
3.731500,55.012973
3.731600,55.013069
3.731700,55.013176
3.731800,55.013020
3.731900,55.012923
3.732000,55.013134
3.732100,55.013422
3.732200,55.013216
3.732300,55.012647
3.732400,55.012601
3.732500,55.013003
3.732600,55.013260
3.732700,55.013435
3.732800,55.013123
3.732900,55.013556
3.733000,55.013545
3.733100,55.013672
3.733200,55.013243
3.733300,55.013287
3.733400,55.012335
3.733500,55.013010
3.733600,55.012980
3.733700,55.012073
3.733800,55.013723
3.733900,55.013497
3.734000,55.012629
3.734100,55.011435
3.734200,55.012568
3.734300,55.012316
3.734400,55.013293
3.734500,55.014486
3.734600,55.012771
3.734700,55.014358
3.734800,55.013574
3.734900,55.015238
3.735000,55.018497
3.735100,55.013869
3.735200,55.013812
3.735300,55.010180
3.735400,55.016373
3.735500,55.008795
3.735600,55.006908
3.735700,54.995269
3.735800,55.003320
3.735900,55.017592
3.736000,55.013450
3.736100,55.013625
3.736200,55.018503
3.736300,55.023208
3.736400,55.001234
3.736500,55.001007
3.736600,55.000557
3.736700,54.998746
3.736800,55.005480
3.736900,55.003103
3.737000,55.002959
3.737100,55.002286
3.737200,55.001935
3.737300,55.001623
3.737400,55.001953
3.737500,55.001798
3.737600,55.001430
3.737700,55.002023
3.737800,55.002147
3.737900,55.002386
3.738000,55.001790
3.738100,55.002128
3.738200,55.001964
3.738300,55.002242
3.738400,55.002204
3.738500,55.001885
3.738600,55.001761
3.738700,55.002135
3.738800,55.001977
3.738900,55.001995
3.739000,55.002022
3.739100,55.001977
3.739200,55.002163
3.739300,55.001908
3.739400,55.002050
3.739500,55.002341
3.739600,55.002222
3.739700,55.001855
3.739800,55.001826
3.739900,55.002013
3.740000,55.002291
3.740100,55.002457
3.740200,55.002274
3.740300,55.002296
3.740400,55.002443
3.740500,55.001988
3.740600,55.002027
3.740700,55.002275
3.740800,55.001981
3.740900,55.002143
3.741000,55.001974
3.741100,55.001863
3.741200,55.002049
3.741300,55.001812
3.741400,55.001967
3.741500,55.002329
3.741600,55.002187
3.741700,55.002159
3.741800,55.002134
3.741900,55.001637
3.742000,55.002034
3.742100,55.001858
3.742200,55.002094
3.742300,55.001832
3.742400,55.002044
3.742500,55.002578
3.742600,55.002140
3.742700,55.002546
3.742800,55.001702
3.742900,55.001278
3.743000,55.002235
3.743100,55.002682
3.743200,55.002367
3.743300,55.002538
3.743400,55.004525
3.743500,55.002586
3.743600,55.002864
3.743700,55.004370
3.743800,55.002655
3.743900,54.999142
3.744000,55.000878
3.744100,55.000905
3.744200,55.002964
3.744300,55.001902
3.744400,55.004518
3.744500,55.008662
3.744600,55.008191
3.744700,55.003269
3.744800,54.996022
3.744900,54.994386
3.745000,55.003634
3.745100,55.011334
3.745200,55.003387
3.745300,54.999104
3.745400,54.982127
3.745500,54.970805
3.745600,54.978488
3.745700,54.979890
3.745800,54.982174
3.745900,54.979586
3.746000,54.977943
3.746100,54.977987
3.746200,54.978027
3.746300,54.977229
3.746400,54.977551
3.746500,54.977556
3.746600,54.976950
3.746700,54.977120
3.746800,54.976593
3.746900,54.976528
3.747000,54.976647
3.747100,54.976103
3.747200,54.976174
3.747300,54.976986
3.747400,54.976720
3.747500,54.976928
3.747600,54.976689
3.747700,54.977100
3.747800,54.976792
3.747900,54.976650
3.748000,54.976543
3.748100,54.976778
3.748200,54.976935
3.748300,54.976468
3.748400,54.976516
3.748500,54.976601
3.748600,54.976687
3.748700,54.976829
3.748800,54.976676
3.748900,54.976594
3.749000,54.976734
3.749100,54.976601
3.749200,54.976418
3.749300,54.976361
3.749400,54.976308
3.749500,54.976692
3.749600,54.976338
3.749700,54.976549
3.749800,54.976353
3.749900,54.976346
3.750000,54.975932
3.750100,54.976234
3.750200,54.976215
3.750300,54.976622
3.750400,54.976053
3.750500,54.976423
3.750600,54.976835
3.750700,54.976426
3.750800,54.976711
3.750900,54.976598
3.751000,54.976788
3.751100,54.976750
3.751200,54.976813
3.751300,54.976099
3.751400,54.976806
3.751500,54.976668
3.751600,54.976516
3.751700,54.976412
3.751800,54.976910
3.751900,54.976625
3.752000,54.977039
3.752100,54.975925
3.752200,54.975931
3.752300,54.977243
3.752400,54.976123
3.752500,54.976820
3.752600,54.976589
3.752700,54.976983
3.752800,54.976235
3.752900,54.977455
3.753000,54.980865
3.753100,54.979506
3.753200,54.975222
3.753300,54.977371
3.753400,54.973011
3.753500,54.976562
3.753600,54.974316
3.753700,54.974120
3.753800,54.980270
3.753900,54.982174
3.754000,54.978537
3.754100,54.991351
3.754200,55.002620
3.754300,54.995476
3.754400,54.986516
3.754500,54.994595
3.754600,54.982902
3.754700,54.990083
3.754800,54.996850
3.754900,54.993959
3.755000,54.996646
3.755100,54.991901
3.755200,54.993555
3.755300,54.993486
3.755400,54.993323
3.755500,54.992973
3.755600,54.992731
3.755700,54.993193
3.755800,54.993003
3.755900,54.992557
3.756000,54.993136
3.756100,54.992740
3.756200,54.993056
3.756300,54.993660
3.756400,54.993048
3.756500,54.993292
3.756600,54.992868
3.756700,54.993191
3.756800,54.992988
3.756900,54.993317
3.757000,54.992674
3.757100,54.992924
3.757200,54.993016
3.757300,54.993103
3.757400,54.993182
3.757500,54.992950
3.757600,54.992813
3.757700,54.993215
3.757800,54.992867
3.757900,54.992653
3.758000,54.992750
3.758100,54.992435
3.758200,54.992597
3.758300,54.992584
3.758400,54.992781
3.758500,54.992863
3.758600,54.992919
3.758700,54.992776
3.758800,54.992634
3.758900,54.992592
3.759000,54.992711
3.759100,54.992328
3.759200,54.992468
3.759300,54.992900
3.759400,54.992597
3.759500,54.992632
3.759600,54.992703
3.759700,54.992350
3.759800,54.992635
3.759900,54.992541
3.760000,54.993449
3.760100,54.992951
3.760200,54.992713
3.760300,54.992246
3.760400,54.992582
3.760500,54.993154
3.760600,54.992901
3.760700,54.993188
3.760800,54.992490
3.760900,54.993595
3.761000,54.992978
3.761100,54.992662
3.761200,54.991947
3.761300,54.993132
3.761400,54.992608
3.761500,54.993109
3.761600,54.993305
3.761700,54.994418
3.761800,54.994342
3.761900,54.993475
3.762000,54.992813
3.762100,54.994536
3.762200,54.995073
3.762300,54.992952
3.762400,54.996126
3.762500,54.996050
3.762600,54.996743
3.762700,54.996272
3.762800,54.990543
3.762900,54.981320
3.763000,54.987407
3.763100,54.989066
3.763200,54.996504
3.763300,55.011399
3.763400,55.028697
3.763500,55.026593
3.763600,55.008929
3.763700,55.007424
3.763800,55.024328
3.763900,55.026141
3.764000,55.022782
3.764100,55.016509
3.764200,55.011801
3.764300,55.012997
3.764400,55.013293
3.764500,55.013315
3.764600,55.012604
3.764700,55.011620
3.764800,55.012431
3.764900,55.013234
3.765000,55.011606
3.765100,55.011331
3.765200,55.012366
3.765300,55.012622
3.765400,55.012474
3.765500,55.011633
3.765600,55.011476
3.765700,55.011762
3.765800,55.012106
3.765900,55.011606
3.766000,55.011729
3.766100,55.011611
3.766200,55.011825
3.766300,55.011516
3.766400,55.011582
3.766500,55.011854
3.766600,55.011867
3.766700,55.011680
3.766800,55.011594
3.766900,55.011513
3.767000,55.011772
3.767100,55.011930
3.767200,55.011508
3.767300,55.011778
3.767400,55.012092
3.767500,55.012197
3.767600,55.011716
3.767700,55.011753
3.767800,55.011845
3.767900,55.011563
3.768000,55.011764
3.768100,55.011587
3.768200,55.011464
3.768300,55.011519
3.768400,55.011226
3.768500,55.011686
3.768600,55.011809
3.768700,55.011624
3.768800,55.012123
3.768900,55.012388
3.769000,55.012434
3.769100,55.012112
3.769200,55.011643
3.769300,55.011241
3.769400,55.011918
3.769500,55.010906
3.769600,55.011921
3.769700,55.011876
3.769800,55.012435
3.769900,55.012020
3.770000,55.011949
3.770100,55.012047
3.770200,55.011452
3.770300,55.011215
3.770400,55.011083
3.770500,55.011881
3.770600,55.011876
3.770700,55.013480
3.770800,55.012591
3.770900,55.014281
3.771000,55.014231
3.771100,55.011599
3.771200,55.009491
3.771300,55.009152
3.771400,55.013409
3.771500,55.011183
3.771600,55.013980
3.771700,55.020592
3.771800,55.020181
3.771900,55.018117
3.772000,55.015184
3.772100,55.004447
3.772200,54.992917
3.772300,54.987147
3.772400,54.985053
3.772500,55.001046
3.772600,54.981601
3.772700,54.960900
3.772800,54.957992
3.772900,54.973719
3.773000,54.974732
3.773100,54.961289
3.773200,54.962730
3.773300,54.967964
3.773400,54.967190
3.773500,54.967747
3.773600,54.967721
3.773700,54.968315
3.773800,54.967145
3.773900,54.967023
3.774000,54.968367
3.774100,54.968793
3.774200,54.968618
3.774300,54.968069
3.774400,54.968429
3.774500,54.968693
3.774600,54.968437
3.774700,54.967704
3.774800,54.968408
3.774900,54.968879
3.775000,54.968768
3.775100,54.968632
3.775200,54.968808
3.775300,54.968446
3.775400,54.968042
3.775500,54.968441
3.775600,54.968195
3.775700,54.968291
3.775800,54.968202
3.775900,54.968291
3.776000,54.968665
3.776100,54.968261
3.776200,54.968221
3.776300,54.968158
3.776400,54.968277
3.776500,54.968257
3.776600,54.968557
3.776700,54.968356
3.776800,54.968197
3.776900,54.968323
3.777000,54.968104
3.777100,54.968343
3.777200,54.968174
3.777300,54.967963
3.777400,54.968181
3.777500,54.968005
3.777600,54.968046
3.777700,54.967778
3.777800,54.968302
3.777900,54.968273
3.778000,54.968084
3.778100,54.968571
3.778200,54.968516
3.778300,54.968088
3.778400,54.968831
3.778500,54.968718
3.778600,54.967568
3.778700,54.967293
3.778800,54.967557
3.778900,54.968464
3.779000,54.968343
3.779100,54.968322
3.779200,54.969426
3.779300,54.967898
3.779400,54.968184
3.779500,54.967433
3.779600,54.967699
3.779700,54.968275
3.779800,54.967428
3.779900,54.970065
3.780000,54.968421
3.780100,54.968503
3.780200,54.968531
3.780300,54.966913
3.780400,54.967281
3.780500,54.968095
3.780600,54.969973
3.780700,54.974587
3.780800,54.972326
3.780900,54.978291
3.781000,54.980599
3.781100,54.972124
3.781200,54.981872
3.781300,54.987863
3.781400,54.978561
3.781500,54.978758
3.781600,54.983415
3.781700,54.979147
3.781800,54.967172
3.781900,54.967737
3.782000,54.962406
3.782100,54.971431
3.782200,54.977557
3.782300,54.974738
3.782400,54.978776
3.782500,54.977408
3.782600,54.978203
3.782700,54.978109
3.782800,54.977996
3.782900,54.979057
3.783000,54.979788
3.783100,54.979850
3.783200,54.980126
3.783300,54.980058
3.783400,54.980356
3.783500,54.979894
3.783600,54.979274
3.783700,54.979931
3.783800,54.979534
3.783900,54.979593
3.784000,54.979631
3.784100,54.979063
3.784200,54.979217
3.784300,54.979164
3.784400,54.979244
3.784500,54.979177
3.784600,54.979479
3.784700,54.979358
3.784800,54.979645
3.784900,54.979340
3.785000,54.979073
3.785100,54.979251
3.785200,54.979410
3.785300,54.979438
3.785400,54.979352
3.785500,54.979431
3.785600,54.979245
3.785700,54.979104
3.785800,54.979047
3.785900,54.979245
3.786000,54.979417
3.786100,54.979304
3.786200,54.979660
3.786300,54.979755
3.786400,54.979273
3.786500,54.979573
3.786600,54.979536
3.786700,54.979025
3.786800,54.979429
3.786900,54.979282
3.787000,54.979232
3.787100,54.979397
3.787200,54.979171
3.787300,54.978924
3.787400,54.979625
3.787500,54.979510
3.787600,54.979175
3.787700,54.979589
3.787800,54.979406
3.787900,54.979226
3.788000,54.978837
3.788100,54.978256
3.788200,54.979891
3.788300,54.979659
3.788400,54.979202
3.788500,54.979158
3.788600,54.979518
3.788700,54.980040
3.788800,54.980677
3.788900,54.978352
3.789000,54.978566
3.789100,54.980311
3.789200,54.980698
3.789300,54.980034
3.789400,54.981387
3.789500,54.977228
3.789600,54.977195
3.789700,54.976857
3.789800,54.977629
3.789900,54.978544
3.790000,54.981824
3.790100,54.980850
3.790200,54.973204
3.790300,54.966932
3.790400,54.980371
3.790500,54.984473
3.790600,54.986611
3.790700,54.972577
3.790800,54.988243
3.790900,54.987225
3.791000,54.999696
3.791100,54.996803
3.791200,54.992580
3.791300,54.990457
3.791400,54.997049
3.791500,54.992503
3.791600,54.993110
3.791700,54.992919
3.791800,54.992397
3.791900,54.992579
3.792000,54.992511
3.792100,54.992839
3.792200,54.994422
3.792300,54.993960
3.792400,54.993148
3.792500,54.994220
3.792600,54.993191
3.792700,54.992076
3.792800,54.992678
3.792900,54.993087
3.793000,54.993059
3.793100,54.992855
3.793200,54.993074
3.793300,54.993053
3.793400,54.992838
3.793500,54.992793
3.793600,54.992764
3.793700,54.992893
3.793800,54.992660
3.793900,54.992786
3.794000,54.992397
3.794100,54.992621
3.794200,54.992963
3.794300,54.992659
3.794400,54.992606
3.794500,54.992394
3.794600,54.992687
3.794700,54.992424
3.794800,54.992663
3.794900,54.992653
3.795000,54.992772
3.795100,54.992790
3.795200,54.992720
3.795300,54.993029
3.795400,54.993008
3.795500,54.993142
3.795600,54.992777
3.795700,54.992905
3.795800,54.992978
3.795900,54.993208
3.796000,54.993185
3.796100,54.993085
3.796200,54.993573
3.796300,54.993444
3.796400,54.992746
3.796500,54.992296
3.796600,54.992680
3.796700,54.992969
3.796800,54.992996
3.796900,54.992923
3.797000,54.992312
3.797100,54.992970
3.797200,54.993249
3.797300,54.993662
3.797400,54.992524
3.797500,54.991930
3.797600,54.993073
3.797700,54.992962
3.797800,54.992106
3.797900,54.991994
3.798000,54.991994
3.798100,54.992538
3.798200,54.991271
3.798300,54.993702
3.798400,54.993742
3.798500,54.994310
3.798600,54.996331
3.798700,54.996554
3.798800,54.995083
3.798900,54.994836
3.799000,54.998695
3.799100,54.999679
3.799200,54.998938
3.799300,54.989794
3.799400,54.991700
3.799500,54.981892
3.799600,54.996430
3.799700,55.009948
3.799800,55.026660
3.799900,55.018146
3.800000,55.016837
3.800100,55.036269
3.800200,55.029226
3.800300,55.031760
3.800400,55.029685
3.800500,55.027884
3.800600,55.025645
3.800700,55.027211
3.800800,55.027236
3.800900,55.026734
3.801000,55.027714
3.801100,55.027914
3.801200,55.027633
3.801300,55.027358
3.801400,55.027553
3.801500,55.028009
3.801600,55.026659
3.801700,55.026988
3.801800,55.027084
3.801900,55.027765
3.802000,55.027622
3.802100,55.027156
3.802200,55.027042
3.802300,55.027719
3.802400,55.027540
3.802500,55.027721
3.802600,55.027562
3.802700,55.027487
3.802800,55.027497
3.802900,55.027454
3.803000,55.027226
3.803100,55.027176
3.803200,55.027111
3.803300,55.027219
3.803400,55.027539
3.803500,55.027519
3.803600,55.027414
3.803700,55.027153
3.803800,55.027225
3.803900,55.027492
3.804000,55.027637
3.804100,55.027550
3.804200,55.027402
3.804300,55.027558
3.804400,55.027563
3.804500,55.027223
3.804600,55.027235
3.804700,55.027471
3.804800,55.027310
3.804900,55.027354
3.805000,55.026906
3.805100,55.027474
3.805200,55.027870
3.805300,55.027571
3.805400,55.027303
3.805500,55.027641
3.805600,55.028202
3.805700,55.028057
3.805800,55.027392
3.805900,55.027052
3.806000,55.027779
3.806100,55.027630
3.806200,55.027439
3.806300,55.027236
3.806400,55.028230
3.806500,55.027555
3.806600,55.026588
3.806700,55.026847
3.806800,55.025668
3.806900,55.025637
3.807000,55.028084
3.807100,55.028156
3.807200,55.027956
3.807300,55.027088
3.807400,55.026657
3.807500,55.027954
3.807600,55.028084
3.807700,55.029425
3.807800,55.025941
3.807900,55.025744
3.808000,55.032101
3.808100,55.032408
3.808200,55.024166
3.808300,55.025468
3.808400,55.024240
3.808500,55.031197
3.808600,55.030042
3.808700,55.031848
3.808800,55.035943
3.808900,55.025477
3.809000,55.002756
3.809100,55.009794
3.809200,55.016233
3.809300,55.001524
3.809400,54.992202
3.809500,54.994824
3.809600,54.991384
3.809700,54.992903
3.809800,54.993175
3.809900,54.993084
3.810000,54.992786
3.810100,54.993919
3.810200,54.992810
3.810300,54.993590
3.810400,54.994596
3.810500,54.993498
3.810600,54.992914
3.810700,54.992347
3.810800,54.992516
3.810900,54.992549
3.811000,54.992632
3.811100,54.993023
3.811200,54.992940
3.811300,54.992700
3.811400,54.992848
3.811500,54.992822
3.811600,54.993003
3.811700,54.992610
3.811800,54.992589
3.811900,54.992868
3.812000,54.992922
3.812100,54.992654
3.812200,54.992915
3.812300,54.992771
3.812400,54.992719
3.812500,54.992609
3.812600,54.992675
3.812700,54.992865
3.812800,54.992541
3.812900,54.992679
3.813000,54.992602
3.813100,54.992650
3.813200,54.992737
3.813300,54.992874
3.813400,54.992716
3.813500,54.992318
3.813600,54.992279
3.813700,54.992466
3.813800,54.992606
3.813900,54.992705
3.814000,54.992369
3.814100,54.992699
3.814200,54.992772
3.814300,54.992986
3.814400,54.992752
3.814500,54.992958
3.814600,54.992373
3.814700,54.992733
3.814800,54.992290
3.814900,54.992964
3.815000,54.993325
3.815100,54.993661
3.815200,54.993256
3.815300,54.992407
3.815400,54.992936
3.815500,54.992250
3.815600,54.993050
3.815700,54.993291
3.815800,54.992363
3.815900,54.992454
3.816000,54.993933
3.816100,54.993802
3.816200,54.992761
3.816300,54.992917
3.816400,54.992068
3.816500,54.994724
3.816600,54.995266
3.816700,54.991673
3.816800,54.992242
3.816900,54.992755
3.817000,54.990443
3.817100,54.989466
3.817200,54.995511
3.817300,54.996269
3.817400,55.001090
3.817500,54.992917
3.817600,54.999140
3.817700,55.000911
3.817800,54.997749
3.817900,55.011821
3.818000,54.990005
3.818100,54.990280
3.818200,54.983064
3.818300,55.000252
3.818400,54.988138
3.818500,54.986364
3.818600,54.993278
3.818700,54.997749
3.818800,54.999115
3.818900,54.998012
3.819000,54.997983
3.819100,54.997865
3.819200,54.998869
3.819300,54.998726
3.819400,54.999662
3.819500,54.998010
3.819600,54.997498
3.819700,54.997060
3.819800,54.998081
3.819900,54.997861
3.820000,54.998775
3.820100,54.998523
3.820200,54.998015
3.820300,54.998193
3.820400,54.997886
3.820500,54.998123
3.820600,54.997850
3.820700,54.998169
3.820800,54.998014
3.820900,54.997922
3.821000,54.998197
3.821100,54.998129
3.821200,54.998146
3.821300,54.998037
3.821400,54.997935
3.821500,54.998289
3.821600,54.997888
3.821700,54.997719
3.821800,54.997862
3.821900,54.997635
3.822000,54.997764
3.822100,54.997761
3.822200,54.998063
3.822300,54.998113
3.822400,54.998124
3.822500,54.998240
3.822600,54.998144
3.822700,54.998026
3.822800,54.997855
3.822900,54.997944
3.823000,54.998203
3.823100,54.998187
3.823200,54.998176
3.823300,54.998190
3.823400,54.998090
3.823500,54.998017
3.823600,54.997562
3.823700,54.997361
3.823800,54.998291
3.823900,54.998299
3.824000,54.997307
3.824100,54.998249
3.824200,54.998210
3.824300,54.997955
3.824400,54.997456
3.824500,54.998552
3.824600,54.998692
3.824700,54.998322
3.824800,54.999082
3.824900,54.999191
3.825000,54.997692
3.825100,54.997233
3.825200,54.996462
3.825300,54.998800
3.825400,54.998608
3.825500,54.997423
3.825600,54.997775
3.825700,54.996002
3.825800,54.999468
3.825900,54.997257
3.826000,54.992576
3.826100,54.994854
3.826200,54.997114
3.826300,54.991985
3.826400,54.998320
3.826500,54.993595
3.826600,55.004362
3.826700,55.002318
3.826800,54.994583
3.826900,55.001519
3.827000,54.984814
3.827100,54.973744
3.827200,54.972180
3.827300,54.981526
3.827400,55.003386
3.827500,55.012553
3.827600,55.009354
3.827700,55.012428
3.827800,55.007439
3.827900,55.004196
3.828000,55.004610
3.828100,55.004669
3.828200,55.004354
3.828300,55.002849
3.828400,55.002793
3.828500,55.002070
3.828600,55.003669
3.828700,55.003933
3.828800,55.004696
3.828900,55.004184
3.829000,55.005041
3.829100,55.004645
3.829200,55.004720
3.829300,55.004337
3.829400,55.004373
3.829500,55.004545
3.829600,55.004373
3.829700,55.004667
3.829800,55.004242
3.829900,55.004197
3.830000,55.004375
3.830100,55.004867
3.830200,55.005207
3.830300,55.004858
3.830400,55.004825
3.830500,55.004789
3.830600,55.004741
3.830700,55.004796
3.830800,55.004786
3.830900,55.004777
3.831000,55.004529
3.831100,55.004472
3.831200,55.003946
3.831300,55.004377
3.831400,55.004637
3.831500,55.004366
3.831600,55.004716
3.831700,55.004462
3.831800,55.004462
3.831900,55.004679
3.832000,55.004458
3.832100,55.004772
3.832200,55.004822
3.832300,55.005001
3.832400,55.004694
3.832500,55.004354
3.832600,55.004496
3.832700,55.004638
3.832800,55.004795
3.832900,55.004355
3.833000,55.004817
3.833100,55.004244
3.833200,55.004206
3.833300,55.004507
3.833400,55.005114
3.833500,55.005561
3.833600,55.004374
3.833700,55.004794
3.833800,55.004789
3.833900,55.005257
3.834000,55.005098
3.834100,55.004059
3.834200,55.004134
3.834300,55.005166
3.834400,55.006604
3.834500,55.005646
3.834600,55.006858
3.834700,55.005338
3.834800,55.003975
3.834900,55.000339
3.835000,55.004932
3.835100,55.008693
3.835200,55.013022
3.835300,55.007250
3.835400,55.006654
3.835500,55.007458
3.835600,55.009254
3.835700,54.999855
3.835800,55.009003
3.835900,54.996233
3.836000,55.012662
3.836100,55.017781
3.836200,55.021861
3.836300,55.014829
3.836400,55.017551
3.836500,54.996286
3.836600,55.014662
3.836700,55.004187
3.836800,55.014307
3.836900,55.009341
3.837000,55.009580
3.837100,55.010173
3.837200,55.010253
3.837300,55.010171
3.837400,55.010271
3.837500,55.011875
3.837600,55.010172
3.837700,55.009356
3.837800,55.010483
3.837900,55.011749
3.838000,55.010528
3.838100,55.010492
3.838200,55.009864
3.838300,55.010666
3.838400,55.010170
3.838500,55.010163
3.838600,55.009543
3.838700,55.009491
3.838800,55.010062
3.838900,55.010033
3.839000,55.009854
3.839100,55.009957
3.839200,55.010245
3.839300,55.010264
3.839400,55.010305
3.839500,55.009854
3.839600,55.009755
3.839700,55.009949
3.839800,55.010125
3.839900,55.010448
3.840000,55.009930
3.840100,55.010097
3.840200,55.010202
3.840300,55.010047
3.840400,55.009882
3.840500,55.010154
3.840600,55.010200
3.840700,55.010283
3.840800,55.010104
3.840900,55.009879
3.841000,55.009945
3.841100,55.010011
3.841200,55.009925
3.841300,55.010190
3.841400,55.009970
3.841500,55.009730
3.841600,55.010028
3.841700,55.010340
3.841800,55.010785
3.841900,55.010569
3.842000,55.009877
3.842100,55.009776
3.842200,55.009757
3.842300,55.009585
3.842400,55.009600
3.842500,55.010403
3.842600,55.009688
3.842700,55.009573
3.842800,55.009538
3.842900,55.009186
3.843000,55.010107
3.843100,55.010801
3.843200,55.010328
3.843300,55.008796
3.843400,55.011248
3.843500,55.010155
3.843600,55.012050
3.843700,55.011314
3.843800,55.009373
3.843900,55.009430
3.844000,55.008315
3.844100,55.005506
3.844200,55.007141
3.844300,55.007367
3.844400,55.006010
3.844500,55.013435
3.844600,55.014698
3.844700,55.009447
3.844800,55.010998
3.844900,55.013137
3.845000,55.020378
3.845100,55.027109
3.845200,55.031866
3.845300,55.014532
3.845400,55.019149
3.845500,55.022342
3.845600,55.024755
3.845700,55.023534
3.845800,55.010292
3.845900,55.016637
3.846000,55.020590
3.846100,55.020775
3.846200,55.020558
3.846300,55.020620
3.846400,55.020653
3.846500,55.020268
3.846600,55.020318
3.846700,55.021764
3.846800,55.021879
3.846900,55.022230
3.847000,55.022841
3.847100,55.022115
3.847200,55.022618
3.847300,55.022337
3.847400,55.022823
3.847500,55.022390
3.847600,55.022607
3.847700,55.022834
3.847800,55.022875
3.847900,55.022561
3.848000,55.022101
3.848100,55.022601
3.848200,55.022594
3.848300,55.022341
3.848400,55.022555
3.848500,55.022526
3.848600,55.022336
3.848700,55.022463
3.848800,55.022633
3.848900,55.022387
3.849000,55.022621
3.849100,55.022103
3.849200,55.022302
3.849300,55.022361
3.849400,55.022428
3.849500,55.022063
3.849600,55.022334
3.849700,55.022544
3.849800,55.022208
3.849900,55.022368
3.850000,55.022605
3.850100,55.022295
3.850200,55.022439
3.850300,55.022445
3.850400,55.022682
3.850500,55.022406
3.850600,55.022225
3.850700,55.022180
3.850800,55.022335
3.850900,55.022319
3.851000,55.023104
3.851100,55.022708
3.851200,55.021979
3.851300,55.022297
3.851400,55.022596
3.851500,55.022577
3.851600,55.022393
3.851700,55.023138
3.851800,55.023462
3.851900,55.022402
3.852000,55.020619
3.852100,55.022069
3.852200,55.022354
3.852300,55.021165
3.852400,55.022594
3.852500,55.023744
3.852600,55.022785
3.852700,55.024788
3.852800,55.024301
3.852900,55.020922
3.853000,55.020992
3.853100,55.025338
3.853200,55.023777
3.853300,55.021369
3.853400,55.020427
3.853500,55.025040
3.853600,55.024484
3.853700,55.026819
3.853800,55.023594
3.853900,55.024526
3.854000,55.023112
3.854100,55.016646
3.854200,55.026319
3.854300,55.028309
3.854400,55.036639
3.854500,55.034011
3.854600,55.024728
3.854700,55.037094
3.854800,55.034145
3.854900,55.021177
3.855000,55.025874
3.855100,55.023844
3.855200,55.023715
3.855300,55.023396
3.855400,55.023173
3.855500,55.022639
3.855600,55.023260
3.855700,55.023299
3.855800,55.024300
3.855900,55.023784
3.856000,55.023292
3.856100,55.022097
3.856200,55.021830
3.856300,55.022407
3.856400,55.022619
3.856500,55.022715
3.856600,55.022890
3.856700,55.022331
3.856800,55.022652
3.856900,55.023128
3.857000,55.023131
3.857100,55.022899
3.857200,55.022737
3.857300,55.022391
3.857400,55.022705
3.857500,55.022712
3.857600,55.022595
3.857700,55.022885
3.857800,55.022715
3.857900,55.022756
3.858000,55.022747
3.858100,55.022567
3.858200,55.022470
3.858300,55.022776
3.858400,55.022525
3.858500,55.022452
3.858600,55.022474
3.858700,55.022481
3.858800,55.022143
3.858900,55.022227
3.859000,55.022221
3.859100,55.022410
3.859200,55.022925
3.859300,55.023076
3.859400,55.022383
3.859500,55.022504
3.859600,55.022835
3.859700,55.022193
3.859800,55.022765
3.859900,55.022287
3.860000,55.021840
3.860100,55.022059
3.860200,55.022316
3.860300,55.022373
3.860400,55.022305
3.860500,55.022449
3.860600,55.022131
3.860700,55.021638
3.860800,55.022688
3.860900,55.023197
3.861000,55.024213
3.861100,55.022887
3.861200,55.022755
3.861300,55.021915
3.861400,55.022162
3.861500,55.023251
3.861600,55.023393
3.861700,55.022097
3.861800,55.023001
3.861900,55.024248
3.862000,55.027202
3.862100,55.023945
3.862200,55.023489
3.862300,55.020045
3.862400,55.020515
3.862500,55.022693
3.862600,55.016749
3.862700,55.023365
3.862800,55.022331
3.862900,55.012432
3.863000,55.014654
3.863100,55.006211
3.863200,55.008343
3.863300,55.003593
3.863400,55.005571
3.863500,55.014166
3.863600,55.006405
3.863700,54.998851
3.863800,54.978126
3.863900,54.969884
3.864000,54.971163
3.864100,54.975589
3.864200,54.975598
3.864300,54.975551
3.864400,54.975030
3.864500,54.975031
3.864600,54.974583
3.864700,54.974070
3.864800,54.974108
3.864900,54.975248
3.865000,54.974917
3.865100,54.973923
3.865200,54.974297
3.865300,54.973935
3.865400,54.974588
3.865500,54.974447
3.865600,54.973975
3.865700,54.974149
3.865800,54.974108
3.865900,54.974031
3.866000,54.973893
3.866100,54.973720
3.866200,54.974219
3.866300,54.973946
3.866400,54.974006
3.866500,54.973746
3.866600,54.973581
3.866700,54.973391
3.866800,54.973298
3.866900,54.973486
3.867000,54.973713
3.867100,54.973670
3.867200,54.973731
3.867300,54.973825
3.867400,54.974169
3.867500,54.973795
3.867600,54.973930
3.867700,54.973808
3.867800,54.973895
3.867900,54.973889
3.868000,54.973770
3.868100,54.973854
3.868200,54.973757
3.868300,54.973867
3.868400,54.973863
3.868500,54.973659
3.868600,54.973942
3.868700,54.973616
3.868800,54.974042
3.868900,54.973410
3.869000,54.974071
3.869100,54.973828
3.869200,54.973690
3.869300,54.973615
3.869400,54.973276
3.869500,54.973562
3.869600,54.973668
3.869700,54.973456
3.869800,54.973673
3.869900,54.973630
3.870000,54.973144
3.870100,54.973297
3.870200,54.973674
3.870300,54.973891
3.870400,54.973204
3.870500,54.973567
3.870600,54.974628
3.870700,54.973643
3.870800,54.974662
3.870900,54.977417
3.871000,54.974628
3.871100,54.972623
3.871200,54.973944
3.871300,54.973181
3.871400,54.976039
3.871500,54.975878
3.871600,54.981733
3.871700,54.978234
3.871800,54.981812
3.871900,54.974121
3.872000,54.974473
3.872100,54.964865
3.872200,54.972165
3.872300,54.963890
3.872400,54.976762
3.872500,54.962908
3.872600,54.985568
3.872700,54.965407
3.872800,54.964341
3.872900,54.980027
3.873000,54.997136
3.873100,54.995454
3.873200,54.996012
3.873300,54.991402
3.873400,54.991362
3.873500,54.991724
3.873600,54.992134
3.873700,54.992965
3.873800,54.992867
3.873900,54.991947
3.874000,54.992565
3.874100,54.992969
3.874200,54.992457
3.874300,54.993630
3.874400,54.993255
3.874500,54.992255
3.874600,54.991677
3.874700,54.992270
3.874800,54.992567
3.874900,54.992114
3.875000,54.992062
3.875100,54.992375
3.875200,54.992348
3.875300,54.992127
3.875400,54.992632
3.875500,54.992549
3.875600,54.992180
3.875700,54.991733
3.875800,54.992162
3.875900,54.992197
3.876000,54.992050
3.876100,54.992471
3.876200,54.992209
3.876300,54.992206
3.876400,54.992220
3.876500,54.992246
3.876600,54.991811
3.876700,54.991866
3.876800,54.991990
3.876900,54.992258
3.877000,54.992263
3.877100,54.991788
3.877200,54.992168
3.877300,54.992343
3.877400,54.991982
3.877500,54.992058
3.877600,54.992335
3.877700,54.992070
3.877800,54.992312
3.877900,54.992693
3.878000,54.992074
3.878100,54.992044
3.878200,54.992442
3.878300,54.992367
3.878400,54.992632
3.878500,54.992495
3.878600,54.991950
3.878700,54.991678
3.878800,54.991284
3.878900,54.992327
3.879000,54.992471
3.879100,54.992494
3.879200,54.992281
3.879300,54.991168
3.879400,54.991717
3.879500,54.991634
3.879600,54.991078
3.879700,54.991733
3.879800,54.993488
3.879900,54.992298
3.880000,54.993121
3.880100,54.991479
3.880200,54.992126
3.880300,54.994236
3.880400,54.995468
3.880500,54.996650
3.880600,54.997216
3.880700,54.996572
3.880800,54.998696
3.880900,54.997853
3.881000,54.996606
3.881100,55.001829
3.881200,55.000451
3.881300,55.005773
3.881400,54.995163
3.881500,54.996789
3.881600,54.998746
3.881700,54.990810
3.881800,54.983608
3.881900,54.962820
3.882000,54.953394
3.882100,54.943517
3.882200,54.954685
3.882300,54.958206
3.882400,54.963801
3.882500,54.964736
3.882600,54.965177
3.882700,54.965181
3.882800,54.964361
3.882900,54.964623
3.883000,54.964278
3.883100,54.965978
3.883200,54.966076
3.883300,54.964495
3.883400,54.964671
3.883500,54.964971
3.883600,54.966054
3.883700,54.966121
3.883800,54.966009
3.883900,54.965382
3.884000,54.965266
3.884100,54.965222
3.884200,54.965534
3.884300,54.964937
3.884400,54.965179
3.884500,54.965049
3.884600,54.965049
3.884700,54.965318
3.884800,54.965078
3.884900,54.965275
3.885000,54.964888
3.885100,54.964749
3.885200,54.965040
3.885300,54.965483
3.885400,54.965277
3.885500,54.965009
3.885600,54.965294
3.885700,54.965277
3.885800,54.965289
3.885900,54.965190
3.886000,54.965268
3.886100,54.964875
3.886200,54.965000
3.886300,54.965240
3.886400,54.965439
3.886500,54.965230
3.886600,54.965015
3.886700,54.965021
3.886800,54.965497
3.886900,54.965033
3.887000,54.965587
3.887100,54.965122
3.887200,54.965209
3.887300,54.965023
3.887400,54.965098
3.887500,54.965424
3.887600,54.964357
3.887700,54.964358
3.887800,54.965019
3.887900,54.964646
3.888000,54.964851
3.888100,54.965559
3.888200,54.966536
3.888300,54.966287
3.888400,54.965396
3.888500,54.964438
3.888600,54.966289
3.888700,54.964365
3.888800,54.963351
3.888900,54.965919
3.889000,54.965153
3.889100,54.967094
3.889200,54.965726
3.889300,54.966751
3.889400,54.965673
3.889500,54.964424
3.889600,54.964028
3.889700,54.964756
3.889800,54.968327
3.889900,54.974013
3.890000,54.972225
3.890100,54.968003
3.890200,54.976828
3.890300,54.987308
3.890400,54.988183
3.890500,54.986726
3.890600,54.994862
3.890700,54.974991
3.890800,54.974944
3.890900,54.980590
3.891000,54.978922
3.891100,54.972658
3.891200,54.985023
3.891300,54.990079
3.891400,54.992329
3.891500,54.995626
3.891600,54.995965
3.891700,54.996640
3.891800,54.996626
3.891900,54.997361
3.892000,54.998555
3.892100,54.997224
3.892200,54.996778
3.892300,54.996082
3.892400,54.996830
3.892500,54.996318
3.892600,54.997527
3.892700,54.997305
3.892800,54.997145
3.892900,54.997146
3.893000,54.997343
3.893100,54.997461
3.893200,54.997629
3.893300,54.996977
3.893400,54.997035
3.893500,54.996958
3.893600,54.997160
3.893700,54.996910
3.893800,54.997041
3.893900,54.997636
3.894000,54.997501
3.894100,54.997367
3.894200,54.997119
3.894300,54.997066
3.894400,54.997512
3.894500,54.997283
3.894600,54.997451
3.894700,54.996983
3.894800,54.996850
3.894900,54.997126
3.895000,54.997338
3.895100,54.997409
3.895200,54.997837
3.895300,54.997205
3.895400,54.997386
3.895500,54.997271
3.895600,54.997253
3.895700,54.996761
3.895800,54.997543
3.895900,54.997479
3.896000,54.997695
3.896100,54.997722
3.896200,54.997380
3.896300,54.997914
3.896400,54.997750
3.896500,54.997350
3.896600,54.997495
3.896700,54.997254
3.896800,54.997970
3.896900,54.997335
3.897000,54.997073
3.897100,54.997641
3.897200,54.998278
3.897300,54.998339
3.897400,54.997255
3.897500,54.997747
3.897600,54.997427
3.897700,54.998272
3.897800,54.996658
3.897900,54.997782
3.898000,54.996924
3.898100,54.997266
3.898200,54.996828
3.898300,54.997772
3.898400,54.997175
3.898500,54.999257
3.898600,55.001047
3.898700,54.997228
3.898800,54.996873
3.898900,54.998598
3.899000,55.005342
3.899100,55.006726
3.899200,55.008886
3.899300,55.002421
3.899400,55.008530
3.899500,55.022417
3.899600,55.018810
3.899700,55.033454
3.899800,55.033391
3.899900,55.021428
3.900000,55.025143
3.900100,55.018017
3.900200,55.007479
3.900300,55.007696
3.900400,55.018652
3.900500,55.021134
3.900600,55.027190
3.900700,55.027459
3.900800,55.028199
3.900900,55.028278
3.901000,55.027814
3.901100,55.028533
3.901200,55.028225
3.901300,55.029084
3.901400,55.029307
3.901500,55.029831
3.901600,55.030152
3.901700,55.030523
3.901800,55.030479
3.901900,55.029475
3.902000,55.029438
3.902100,55.029832
3.902200,55.029730
3.902300,55.029666
3.902400,55.029672
3.902500,55.029503
3.902600,55.029689
3.902700,55.029948
3.902800,55.029816
3.902900,55.029640
3.903000,55.029748
3.903100,55.029733
3.903200,55.029826
3.903300,55.029724
3.903400,55.029863
3.903500,55.029844
3.903600,55.029812
3.903700,55.029723
3.903800,55.029706
3.903900,55.029619
3.904000,55.029723
3.904100,55.030149
3.904200,55.030284
3.904300,55.029698
3.904400,55.029620
3.904500,55.029548
3.904600,55.029674
3.904700,55.029628
3.904800,55.030008
3.904900,55.029960
3.905000,55.029807
3.905100,55.029882
3.905200,55.029906
3.905300,55.029418
3.905400,55.029747
3.905500,55.029657
3.905600,55.029928
3.905700,55.029772
3.905800,55.029766
3.905900,55.030132
3.906000,55.030356
3.906100,55.030433
3.906200,55.029566
3.906300,55.029643
3.906400,55.031249
3.906500,55.030777
3.906600,55.029993
3.906700,55.029555
3.906800,55.028946
3.906900,55.030704
3.907000,55.028956
3.907100,55.031294
3.907200,55.030314
3.907300,55.029821
3.907400,55.029974
3.907500,55.030669
3.907600,55.028019
3.907700,55.027859
3.907800,55.030822
3.907900,55.028186
3.908000,55.027726
3.908100,55.028303
3.908200,55.029584
3.908300,55.028005
3.908400,55.030629
3.908500,55.028078
3.908600,55.022477
3.908700,55.012065
3.908800,55.005547
3.908900,55.023151
3.909000,55.028758
3.909100,55.025219
3.909200,55.026117
3.909300,55.031310
3.909400,55.020166
3.909500,55.015128
3.909600,55.018210
3.909700,55.020203
3.909800,55.019121
3.909900,55.019311
3.910000,55.019949
3.910100,55.019586
3.910200,55.019535
3.910300,55.020121
3.910400,55.019438
3.910500,55.020221
3.910600,55.020727
3.910700,55.021037
3.910800,55.020648
3.910900,55.020112
3.911000,55.020494
3.911100,55.020770
3.911200,55.020606
3.911300,55.020319
3.911400,55.020089
3.911500,55.020331
3.911600,55.019948
3.911700,55.020207
3.911800,55.020158
3.911900,55.020172
3.912000,55.020157
3.912100,55.020289
3.912200,55.020274
3.912300,55.020438
3.912400,55.020298
3.912500,55.020341
3.912600,55.020322
3.912700,55.020504
3.912800,55.020495
3.912900,55.020244
3.913000,55.020380
3.913100,55.020311
3.913200,55.020420
3.913300,55.020242
3.913400,55.020079
3.913500,55.020498
3.913600,55.020223
3.913700,55.020362
3.913800,55.020344
3.913900,55.020018
3.914000,55.020318
3.914100,55.020182
3.914200,55.020613
3.914300,55.020940
3.914400,55.020250
3.914500,55.020563
3.914600,55.020448
3.914700,55.020785
3.914800,55.020507
3.914900,55.021086
3.915000,55.019975
3.915100,55.019694
3.915200,55.020250
3.915300,55.020297
3.915400,55.020047
3.915500,55.020135
3.915600,55.020713
3.915700,55.020964
3.915800,55.020470
3.915900,55.020773
3.916000,55.021900
3.916100,55.020275
3.916200,55.020132
3.916300,55.022109
3.916400,55.020391
3.916500,55.020470
3.916600,55.022602
3.916700,55.018978
3.916800,55.019009
3.916900,55.023518
3.917000,55.021324
3.917100,55.020315
3.917200,55.013155
3.917300,55.016645
3.917400,55.021479
3.917500,55.016875
3.917600,55.028612
3.917700,55.024378
3.917800,55.015661
3.917900,55.031282
3.918000,55.016764
3.918100,54.993508
3.918200,55.015397
3.918300,55.014003
3.918400,55.002502
3.918500,55.008905
3.918600,55.008046
3.918700,55.013236
3.918800,55.012604
3.918900,55.011771
3.919000,55.011774
3.919100,55.012536
3.919200,55.012462
3.919300,55.010617
3.919400,55.011228
3.919500,55.011256
3.919600,55.011525
3.919700,55.010094
3.919800,55.010262
3.919900,55.010969
3.920000,55.010995
3.920100,55.010995
3.920200,55.010426
3.920300,55.010823
3.920400,55.010909
3.920500,55.011320
3.920600,55.011064
3.920700,55.011033
3.920800,55.011158
3.920900,55.011187
3.921000,55.011190
3.921100,55.011438
3.921200,55.011024
3.921300,55.011052
3.921400,55.011026
3.921500,55.011111
3.921600,55.010963
3.921700,55.010845
3.921800,55.010899
3.921900,55.010719
3.922000,55.010654
3.922100,55.011017
3.922200,55.011168
3.922300,55.010985
3.922400,55.011054
3.922500,55.011125
3.922600,55.010839
3.922700,55.010886
3.922800,55.010969
3.922900,55.010854
3.923000,55.010941
3.923100,55.011034
3.923200,55.010972
3.923300,55.010722
3.923400,55.010964
3.923500,55.011173
3.923600,55.010890
3.923700,55.011060
3.923800,55.011279
3.923900,55.011345
3.924000,55.010930
3.924100,55.011398
3.924200,55.010704
3.924300,55.010801
3.924400,55.011239
3.924500,55.010978
3.924600,55.010825
3.924700,55.010052
3.924800,55.010745
3.924900,55.011376
3.925000,55.012233
3.925100,55.012402
3.925200,55.012418
3.925300,55.010835
3.925400,55.009088
3.925500,55.010577
3.925600,55.009318
3.925700,55.012600
3.925800,55.009892
3.925900,55.006597
3.926000,55.005692
3.926100,55.008373
3.926200,55.004225
3.926300,55.011404
3.926400,55.020310
3.926500,55.026734
3.926600,55.015568
3.926700,55.003078
3.926800,54.993198
3.926900,54.999582
3.927000,54.996229
3.927100,54.975238
3.927200,54.965217
3.927300,54.988637
3.927400,55.008508
3.927500,54.997260
3.927600,55.005426
3.927700,55.004472
3.927800,55.000350
3.927900,54.998638
3.928000,54.997503
3.928100,54.997163
3.928200,54.997479
3.928300,54.997722
3.928400,54.997283
3.928500,54.998550
3.928600,54.997296
3.928700,54.998084
3.928800,54.997725
3.928900,54.997537
3.929000,54.997451
3.929100,54.997724
3.929200,54.997733
3.929300,54.997518
3.929400,54.997299
3.929500,54.997629
3.929600,54.997436
3.929700,54.998029
3.929800,54.997666
3.929900,54.997254
3.930000,54.997630
3.930100,54.997624
3.930200,54.997346
3.930300,54.997350
3.930400,54.997359
3.930500,54.997348
3.930600,54.997234
3.930700,54.997652
3.930800,54.997624
3.930900,54.997517
3.931000,54.997384
3.931100,54.997177
3.931200,54.997235
3.931300,54.997426
3.931400,54.997537
3.931500,54.997224
3.931600,54.997231
3.931700,54.997214
3.931800,54.997669
3.931900,54.997307
3.932000,54.996959
3.932100,54.997060
3.932200,54.997000
3.932300,54.997135
3.932400,54.997552
3.932500,54.997307
3.932600,54.996973
3.932700,54.997305
3.932800,54.997287
3.932900,54.997457
3.933000,54.997300
3.933100,54.997292
3.933200,54.997168
3.933300,54.997728
3.933400,54.998026
3.933500,54.998289
3.933600,54.997441
3.933700,54.997007
3.933800,54.996835
3.933900,54.997067
3.934000,54.995759
3.934100,54.996398
3.934200,54.995064
3.934300,54.997526
3.934400,54.995704
3.934500,54.995428
3.934600,54.998404
3.934700,54.998393
3.934800,54.995515
3.934900,54.995299
3.935000,54.998819
3.935100,55.001248
3.935200,55.001671
3.935300,54.998000
3.935400,55.005285
3.935500,55.009184
3.935600,55.006190
3.935700,55.013915
3.935800,55.013072
3.935900,55.019965
3.936000,55.017529
3.936100,55.019259
3.936200,54.999030
3.936300,55.004244
3.936400,55.016809
3.936500,55.006361
3.936600,55.004197
3.936700,55.016569
3.936800,55.015819
3.936900,55.010424
3.937000,55.011240
3.937100,55.012319
3.937200,55.012382
3.937300,55.012300
3.937400,55.010752
3.937500,55.011750
3.937600,55.010697
3.937700,55.010841
3.937800,55.010746
3.937900,55.011181
3.938000,55.012431
3.938100,55.012711
3.938200,55.011807
3.938300,55.011132
3.938400,55.011303
3.938500,55.011036
3.938600,55.011242
3.938700,55.011535
3.938800,55.011395
3.938900,55.011218
3.939000,55.010973
3.939100,55.010875
3.939200,55.010981
3.939300,55.010797
3.939400,55.010878
3.939500,55.010955
3.939600,55.011371
3.939700,55.011016
3.939800,55.011171
3.939900,55.010985
3.940000,55.010874
3.940100,55.011127
3.940200,55.010965
3.940300,55.011025
3.940400,55.011042
3.940500,55.011272
3.940600,55.010991
3.940700,55.011034
3.940800,55.011107
3.940900,55.011037
3.941000,55.010942
3.941100,55.011044
3.941200,55.011269
3.941300,55.010960
3.941400,55.011498
3.941500,55.011039
3.941600,55.011011
3.941700,55.010726
3.941800,55.011229
3.941900,55.011185
3.942000,55.011401
3.942100,55.011156
3.942200,55.011804
3.942300,55.011155
3.942400,55.010362
3.942500,55.010652
3.942600,55.012073
3.942700,55.011735
3.942800,55.011898
3.942900,55.010988
3.943000,55.010893
3.943100,55.012175
3.943200,55.011583
3.943300,55.010634
3.943400,55.013105
3.943500,55.011942
3.943600,55.011566
3.943700,55.009977
3.943800,55.009835
3.943900,55.012017
3.944000,55.008317
3.944100,55.005918
3.944200,55.010861
3.944300,55.009233
3.944400,55.010864
3.944500,55.008990
3.944600,55.005382
3.944700,55.004140
3.944800,55.014245
3.944900,55.013389
3.945000,55.014372
3.945100,55.014840
3.945200,55.001953
3.945300,54.992015
3.945400,54.980055
3.945500,54.996683
3.945600,54.978734
3.945700,54.974744
3.945800,54.978138
3.945900,54.976866
3.946000,54.976867
3.946100,54.976681
3.946200,54.977223
3.946300,54.977201
3.946400,54.977038
3.946500,54.976898
3.946600,54.976770
3.946700,54.977270
3.946800,54.977291
3.946900,54.976686
3.947000,54.975826
3.947100,54.976001
3.947200,54.976311
3.947300,54.975762
3.947400,54.975901
3.947500,54.976245
3.947600,54.975729
3.947700,54.976066
3.947800,54.975437
3.947900,54.975584
3.948000,54.975614
3.948100,54.975920
3.948200,54.975945
3.948300,54.975885
3.948400,54.975651
3.948500,54.975755
3.948600,54.976108
3.948700,54.975953
3.948800,54.976251
3.948900,54.975787
3.949000,54.975825
3.949100,54.975783
3.949200,54.975826
3.949300,54.975788
3.949400,54.975500
3.949500,54.975349
3.949600,54.975681
3.949700,54.975760
3.949800,54.976025
3.949900,54.976061
3.950000,54.975835
3.950100,54.975493
3.950200,54.975755
3.950300,54.975967
3.950400,54.975927
3.950500,54.976197
3.950600,54.975576
3.950700,54.975836
3.950800,54.975688
3.950900,54.975535
3.951000,54.975255
3.951100,54.975269
3.951200,54.975307
3.951300,54.975285
3.951400,54.976506
3.951500,54.975967
3.951600,54.975831
3.951700,54.976629
3.951800,54.975631
3.951900,54.975747
3.952000,54.976060
3.952100,54.977413
3.952200,54.977360
3.952300,54.975422
3.952400,54.974608
3.952500,54.976043
3.952600,54.976165
3.952700,54.977158
3.952800,54.977102
3.952900,54.976052
3.953000,54.976075
3.953100,54.976696
3.953200,54.975804
3.953300,54.972367
3.953400,54.970797
3.953500,54.967699
3.953600,54.971479
3.953700,54.973880
3.953800,54.966233
3.953900,54.976229
3.954000,54.975360
3.954100,54.980482
3.954200,54.994936
3.954300,54.998991
3.954400,55.005114
3.954500,55.013161
3.954600,55.007876
3.954700,55.017186
3.954800,55.016610
3.954900,55.010957
3.955000,55.007605
3.955100,55.003860
3.955200,55.004105
3.955300,55.004727
3.955400,55.004456
3.955500,55.004499
3.955600,55.004742
3.955700,55.005927
3.955800,55.005765
3.955900,55.004199
3.956000,55.004702
3.956100,55.004861
3.956200,55.005597
3.956300,55.005227
3.956400,55.005115
3.956500,55.005619
3.956600,55.005494
3.956700,55.005029
3.956800,55.005115
3.956900,55.005591
3.957000,55.005398
3.957100,55.005589
3.957200,55.005514
3.957300,55.005560
3.957400,55.005464
3.957500,55.005410
3.957600,55.005165
3.957700,55.005424
3.957800,55.005381
3.957900,55.005340
3.958000,55.004958
3.958100,55.005108
3.958200,55.005541
3.958300,55.005257
3.958400,55.005217
3.958500,55.005168
3.958600,55.005219
3.958700,55.005279
3.958800,55.005407
3.958900,55.005447
3.959000,55.005309
3.959100,55.005146
3.959200,55.005316
3.959300,55.005392
3.959400,55.005582
3.959500,55.005512
3.959600,55.005467
3.959700,55.005230
3.959800,55.005339
3.959900,55.005190
3.960000,55.005871
3.960100,55.006186
3.960200,55.006091
3.960300,55.005249
3.960400,55.004857
3.960500,55.005270
3.960600,55.005367
3.960700,55.004857
3.960800,55.004764
3.960900,55.006041
3.961000,55.005930
3.961100,55.004873
3.961200,55.005405
3.961300,55.006211
3.961400,55.005260
3.961500,55.006109
3.961600,55.006277
3.961700,55.006579
3.961800,55.004735
3.961900,55.004933
3.962000,55.003978
3.962100,55.003041
3.962200,55.007043
3.962300,55.007537
3.962400,55.002904
3.962500,54.996760
3.962600,54.997210
3.962700,55.002413
3.962800,55.007560
3.962900,55.003900
3.963000,55.002296
3.963100,55.003877
3.963200,55.005813
3.963300,54.993855
3.963400,54.994156
3.963500,54.978902
3.963600,54.989029
3.963700,55.001960
3.963800,55.018268
3.963900,55.009182
3.964000,55.007622
3.964100,55.004359
3.964200,55.000568
3.964300,55.001557
3.964400,55.001330
3.964500,55.001486
3.964600,55.001637
3.964700,55.000956
3.964800,55.000879
3.964900,55.001833
3.965000,55.001080
3.965100,55.000924
3.965200,55.000417
3.965300,55.000460
3.965400,55.000843
3.965500,55.001059
3.965600,55.000792
3.965700,55.000722
3.965800,55.000675
3.965900,55.000698
3.966000,55.000688
3.966100,55.000968
3.966200,55.000767
3.966300,55.000614
3.966400,55.000660
3.966500,55.000505
3.966600,55.000816
3.966700,55.000830
3.966800,55.000873
3.966900,55.000668
3.967000,55.000444
3.967100,55.000658
3.967200,55.000864
3.967300,55.000619
3.967400,55.000776
3.967500,55.000872
3.967600,55.000738
3.967700,55.000834
3.967800,55.000267
3.967900,55.000464
3.968000,55.000672
3.968100,55.000696
3.968200,55.000667
3.968300,55.000372
3.968400,55.000789
3.968500,55.000862
3.968600,55.000337
3.968700,55.000668
3.968800,55.000924
3.968900,55.000680
3.969000,55.000596
3.969100,55.001003
3.969200,55.000659
3.969300,55.000267
3.969400,55.000463
3.969500,55.000286
3.969600,54.999612
3.969700,55.000132
3.969800,55.000387
3.969900,54.999790
3.970000,55.000386
3.970100,55.000159
3.970200,54.999798
3.970300,55.001090
3.970400,55.000961
3.970500,55.000975
3.970600,55.001209
3.970700,55.000884
3.970800,55.000761
3.970900,55.000354
3.971000,55.000296
3.971100,54.999852
3.971200,55.001357
3.971300,54.999809
3.971400,55.000631
3.971500,55.001134
3.971600,54.998884
3.971700,54.997727
3.971800,55.001235
3.971900,55.009411
3.972000,55.006469
3.972100,55.004268
3.972200,55.011409
3.972300,55.015968
3.972400,55.016758
3.972500,54.996228
3.972600,54.987597
3.972700,55.002347
3.972800,54.999615
3.972900,55.018689
3.973000,55.005457
3.973100,55.015518
3.973200,55.020681
3.973300,55.019985
3.973400,55.019415
3.973500,55.019274
3.973600,55.019844
3.973700,55.019978
3.973800,55.019594
3.973900,55.018915
3.974000,55.020339
3.974100,55.020300
3.974200,55.020426
3.974300,55.020315
3.974400,55.020694
3.974500,55.020461
3.974600,55.019695
3.974700,55.020245
3.974800,55.019760
3.974900,55.019720
3.975000,55.019736
3.975100,55.019595
3.975200,55.020122
3.975300,55.019972
3.975400,55.019795
3.975500,55.019979
3.975600,55.019456
3.975700,55.019379
3.975800,55.019658
3.975900,55.019501
3.976000,55.019718
3.976100,55.020005
3.976200,55.019577
3.976300,55.019908
3.976400,55.019934
3.976500,55.019817
3.976600,55.019690
3.976700,55.019805
3.976800,55.019666
3.976900,55.019927
3.977000,55.019678
3.977100,55.019574
3.977200,55.019913
3.977300,55.019760
3.977400,55.019783
3.977500,55.019581
3.977600,55.019739
3.977700,55.019652
3.977800,55.019882
3.977900,55.019896
3.978000,55.020065
3.978100,55.020160
3.978200,55.019868
3.978300,55.019638
3.978400,55.019824
3.978500,55.019880
3.978600,55.020154
3.978700,55.019649
3.978800,55.019347
3.978900,55.018926
3.979000,55.019258
3.979100,55.019715
3.979200,55.019211
3.979300,55.019714
3.979400,55.019218
3.979500,55.019105
3.979600,55.017816
3.979700,55.019025
3.979800,55.017912
3.979900,55.019088
3.980000,55.018754
3.980100,55.019652
3.980200,55.019969
3.980300,55.018440
3.980400,55.016489
3.980500,55.019428
3.980600,55.020407
3.980700,55.015845
3.980800,55.022371
3.980900,55.020515
3.981000,55.017118
3.981100,55.009561
3.981200,55.013942
3.981300,55.026441
3.981400,55.016439
3.981500,55.000086
3.981600,55.018782
3.981700,55.041306
3.981800,55.033849
3.981900,55.014858
3.982000,55.007543
3.982100,54.992535
3.982200,55.004716
3.982300,55.001727
3.982400,55.000651
3.982500,54.999460
3.982600,54.999469
3.982700,54.999634
3.982800,54.999962
3.982900,54.999025
3.983000,54.998320
3.983100,54.997749
3.983200,54.997657
3.983300,54.997158
3.983400,54.996033
3.983500,54.996210
3.983600,54.996452
3.983700,54.997036
3.983800,54.997749
3.983900,54.997160
3.984000,54.997314
3.984100,54.997048
3.984200,54.997297
3.984300,54.997283
3.984400,54.997269
3.984500,54.997307
3.984600,54.996925
3.984700,54.996989
3.984800,54.996996
3.984900,54.997302
3.985000,54.997377
3.985100,54.996849
3.985200,54.997299
3.985300,54.997346
3.985400,54.997271
3.985500,54.996890
3.985600,54.996861
3.985700,54.997066
3.985800,54.997230
3.985900,54.997281
3.986000,54.997306
3.986100,54.997262
3.986200,54.997119
3.986300,54.997028
3.986400,54.996958
3.986500,54.997164
3.986600,54.997250
3.986700,54.996622
3.986800,54.996741
3.986900,54.996747
3.987000,54.996637
3.987100,54.997060
3.987200,54.997308
3.987300,54.997431
3.987400,54.996448
3.987500,54.996654
3.987600,54.996956
3.987700,54.997176
3.987800,54.996911
3.987900,54.995964
3.988000,54.996840
3.988100,54.996618
3.988200,54.996411
3.988300,54.997316
3.988400,54.998464
3.988500,54.998234
3.988600,54.998358
3.988700,54.997080
3.988800,54.997613
3.988900,54.998272
3.989000,54.996413
3.989100,54.994999
3.989200,54.995078
3.989300,54.995698
3.989400,54.999244
3.989500,54.998482
3.989600,54.999044
3.989700,54.994089
3.989800,54.988707
3.989900,54.991700
3.990000,54.994528
3.990100,54.998015
3.990200,55.000474
3.990300,54.997125
3.990400,54.993800
3.990500,54.989796
3.990600,54.979771
3.990700,54.994518
3.990800,55.004625
3.990900,54.990735
3.991000,54.975329
3.991100,54.969012
3.991200,54.977644
3.991300,54.981539
3.991400,54.988866
3.991500,54.984797
3.991600,54.984610
3.991700,54.984429
3.991800,54.983616
3.991900,54.984525
3.992000,54.983852
3.992100,54.983797
3.992200,54.984758
3.992300,54.985299
3.992400,54.984070
3.992500,54.985078
3.992600,54.985307
3.992700,54.984475
3.992800,54.984782
3.992900,54.984242
3.993000,54.984392
3.993100,54.984531
3.993200,54.984915
3.993300,54.984399
3.993400,54.984874
3.993500,54.984650
3.993600,54.984511
3.993700,54.984235
3.993800,54.984205
3.993900,54.984371
3.994000,54.984765
3.994100,54.984324
3.994200,54.984814
3.994300,54.984825
3.994400,54.984754
3.994500,54.984632
3.994600,54.984236
3.994700,54.984512
3.994800,54.984531
3.994900,54.984573
3.995000,54.984228
3.995100,54.984258
3.995200,54.984244
3.995300,54.984328
3.995400,54.984495
3.995500,54.984575
3.995600,54.984202
3.995700,54.984725
3.995800,54.984755
3.995900,54.984662
3.996000,54.984582
3.996100,54.984836
3.996200,54.983981
3.996300,54.984207
3.996400,54.984594
3.996500,54.984487
3.996600,54.983950
3.996700,54.984120
3.996800,54.983835
3.996900,54.983873
3.997000,54.983932
3.997100,54.984382
3.997200,54.983974
3.997300,54.984367
3.997400,54.984780
3.997500,54.983748
3.997600,54.984090
3.997700,54.984279
3.997800,54.984483
3.997900,54.983582
3.998000,54.983287
3.998100,54.984756
3.998200,54.984116
3.998300,54.985336
3.998400,54.984608
3.998500,54.985213
3.998600,54.988024
3.998700,54.991562
3.998800,54.990720
3.998900,54.985411
3.999000,54.987041
3.999100,54.982852
3.999200,54.981414
3.999300,54.979626
3.999400,54.977500
3.999500,54.990471
3.999600,55.006902
3.999700,54.991935
3.999800,54.995330
3.999900,54.982364
4.000000,55.001048
4.000100,55.006822
4.000200,55.002460
4.000300,55.002408
4.000400,54.990837
4.000500,54.992990
4.000600,54.994707
4.000700,54.993950
4.000800,54.994357
4.000900,54.994782
4.001000,54.993406
4.001100,54.994534
4.001200,54.993706
4.001300,54.993569
4.001400,54.993559
4.001500,54.993690
4.001600,54.993948
4.001700,54.993158
4.001800,54.992728
4.001900,54.993190
4.002000,54.993328
4.002100,54.993851
4.002200,54.994208
4.002300,54.993839
4.002400,54.993581
4.002500,54.993587
4.002600,54.993264
4.002700,54.993379
4.002800,54.993237
4.002900,54.993279
4.003000,54.993154
4.003100,54.993264
4.003200,54.993482
4.003300,54.993335
4.003400,54.993189
4.003500,54.993183
4.003600,54.993244
4.003700,54.993753
4.003800,54.993413
4.003900,54.993431
4.004000,54.993198
4.004100,54.993194
4.004200,54.993514
4.004300,54.993505
4.004400,54.993023
4.004500,54.993585
4.004600,54.993121
4.004700,54.992676
4.004800,54.993342
4.004900,54.993494
4.005000,54.993212
4.005100,54.993593
4.005200,54.993318
4.005300,54.993176
4.005400,54.993223
4.005500,54.993709
4.005600,54.993323
4.005700,54.993069
4.005800,54.993515
4.005900,54.993266
4.006000,54.993127
4.006100,54.992431
4.006200,54.992375
4.006300,54.993162
4.006400,54.993951
4.006500,54.992450
4.006600,54.993076
4.006700,54.993704
4.006800,54.993553
4.006900,54.993265
4.007000,54.992374
4.007100,54.993786
4.007200,54.992732
4.007300,54.992641
4.007400,54.993328
4.007500,54.994427
4.007600,54.996350
4.007700,54.994938
4.007800,54.993181
4.007900,54.994976
4.008000,54.994776
4.008100,54.991813
4.008200,54.991420
4.008300,54.985243
4.008400,54.989155
4.008500,54.999470
4.008600,55.001782
4.008700,55.014050
4.008800,55.021902
4.008900,55.020871
4.009000,55.017439
4.009100,55.008269
4.009200,54.993294
4.009300,55.006478
4.009400,54.991069
4.009500,54.998901
4.009600,55.003569
4.009700,55.002303
4.009800,55.002237
4.009900,55.002282
4.010000,55.001595
4.010100,55.001041
4.010200,55.001994
4.010300,55.002091
4.010400,55.002599
4.010500,55.003565
4.010600,55.002934
4.010700,55.003678
4.010800,55.003526
4.010900,55.002687
4.011000,55.003137
4.011100,55.003718
4.011200,55.003310
4.011300,55.003195
4.011400,55.002953
4.011500,55.003221
4.011600,55.003321
4.011700,55.003028
4.011800,55.003251
4.011900,55.003066
4.012000,55.003044
4.012100,55.002848
4.012200,55.003144
4.012300,55.002999
4.012400,55.003096
4.012500,55.003165
4.012600,55.002934
4.012700,55.003150
4.012800,55.003207
4.012900,55.003010
4.013000,55.002831
4.013100,55.002857
4.013200,55.003104
4.013300,55.002693
4.013400,55.003043
4.013500,55.002824
4.013600,55.003032
4.013700,55.003750
4.013800,55.003359
4.013900,55.002861
4.014000,55.002793
4.014100,55.002683
4.014200,55.002932
4.014300,55.003140
4.014400,55.003161
4.014500,55.002902
4.014600,55.003142
4.014700,55.002576
4.014800,55.002823
4.014900,55.002351
4.015000,55.002765
4.015100,55.003677
4.015200,55.002851
4.015300,55.003930
4.015400,55.002772
4.015500,55.003259
4.015600,55.002485
4.015700,55.003594
4.015800,55.002180
4.015900,55.003900
4.016000,55.002705
4.016100,55.002716
4.016200,55.001217
4.016300,55.003474
4.016400,55.004798
4.016500,55.005512
4.016600,55.003054
4.016700,55.003137
4.016800,55.002615
4.016900,55.001851
4.017000,55.003612
4.017100,55.004923
4.017200,55.008347
4.017300,55.008897
4.017400,55.010494
4.017500,55.006141
4.017600,55.016644
4.017700,55.020334
4.017800,55.005666
4.017900,55.016450
4.018000,55.002431
4.018100,55.010893
4.018200,55.012905
4.018300,55.018605
4.018400,55.034331
4.018500,55.019777
4.018600,55.026201
4.018700,55.022996
4.018800,55.024603
4.018900,55.024994
4.019000,55.024553
4.019100,55.024155
4.019200,55.024419
4.019300,55.024744
4.019400,55.025678
4.019500,55.023908
4.019600,55.025014
4.019700,55.024530
4.019800,55.024649
4.019900,55.024054
4.020000,55.024458
4.020100,55.024885
4.020200,55.024719
4.020300,55.025425
4.020400,55.024909
4.020500,55.024547
4.020600,55.024586
4.020700,55.024338
4.020800,55.024473
4.020900,55.024503
4.021000,55.024426
4.021100,55.024660
4.021200,55.024431
4.021300,55.024313
4.021400,55.024846
4.021500,55.024958
4.021600,55.024509
4.021700,55.024437
4.021800,55.024373
4.021900,55.024283
4.022000,55.024670
4.022100,55.024641
4.022200,55.024550
4.022300,55.024199
4.022400,55.024444
4.022500,55.024711
4.022600,55.024507
4.022700,55.024827
4.022800,55.024300
4.022900,55.024555
4.023000,55.024098
4.023100,55.024328
4.023200,55.024108
4.023300,55.024701
4.023400,55.024868
4.023500,55.024593
4.023600,55.024466
4.023700,55.024610
4.023800,55.023733
4.023900,55.024399
4.024000,55.024156
4.024100,55.024042
4.024200,55.024906
4.024300,55.024668
4.024400,55.024557
4.024500,55.024701
4.024600,55.024728
4.024700,55.023887
4.024800,55.024363
4.024900,55.023089
4.025000,55.025289
4.025100,55.024194
4.025200,55.025752
4.025300,55.025443
4.025400,55.025391
4.025500,55.026431
4.025600,55.025360
4.025700,55.025676
4.025800,55.027881
4.025900,55.024843
4.026000,55.026532
4.026100,55.021265
4.026200,55.023566
4.026300,55.023247
4.026400,55.019549
4.026500,55.011597
4.026600,55.005387
4.026700,55.003154
4.026800,55.001033
4.026900,55.014624
4.027000,55.019535
4.027100,55.039807
4.027200,55.047653
4.027300,55.037009
4.027400,55.046673
4.027500,55.030463
4.027600,55.020674
4.027700,55.011114
4.027800,55.011783
4.027900,55.011434
4.028000,55.011325
4.028100,55.011389
4.028200,55.010856
4.028300,55.011215
4.028400,55.011036
4.028500,55.011891
4.028600,55.012691
4.028700,55.012444
4.028800,55.012167
4.028900,55.011965
4.029000,55.011245
4.029100,55.011334
4.029200,55.011389
4.029300,55.011629
4.029400,55.012005
4.029500,55.011298
4.029600,55.011156
4.029700,55.011661
4.029800,55.011740
4.029900,55.012011
4.030000,55.011745
4.030100,55.011267
4.030200,55.011523
4.030300,55.011382
4.030400,55.011430
4.030500,55.011210
4.030600,55.011035
4.030700,55.011592
4.030800,55.011174
4.030900,55.011345
4.031000,55.011060
4.031100,55.011176
4.031200,55.011043
4.031300,55.011093
4.031400,55.011434
4.031500,55.011649
4.031600,55.011476
4.031700,55.011000
4.031800,55.010730
4.031900,55.011229
4.032000,55.011252
4.032100,55.011395
4.032200,55.011400
4.032300,55.011152
4.032400,55.010974
4.032500,55.011465
4.032600,55.011293
4.032700,55.011802
4.032800,55.011424
4.032900,55.011352
4.033000,55.011060
4.033100,55.011439
4.033200,55.010968
4.033300,55.011509
4.033400,55.010745
4.033500,55.010555
4.033600,55.011584
4.033700,55.011005
4.033800,55.010814
4.033900,55.011317
4.034000,55.011533
4.034100,55.011157
4.034200,55.010036
4.034300,55.009006
4.034400,55.011302
4.034500,55.011274
4.034600,55.011029
4.034700,55.010450
4.034800,55.012219
4.034900,55.011800
4.035000,55.012140
4.035100,55.012281
4.035200,55.012093
4.035300,55.013275
4.035400,55.010383
4.035500,55.009407
4.035600,54.999965
4.035700,55.001722
4.035800,55.002232
4.035900,55.011658
4.036000,55.028600
4.036100,55.048995
4.036200,55.028095
4.036300,55.029239
4.036400,55.012009
4.036500,55.015894
4.036600,55.010410
4.036700,55.002086
4.036800,54.998004
4.036900,54.997030
4.037000,54.996853
4.037100,54.996599
4.037200,54.996515
4.037300,54.995963
4.037400,54.994767
4.037500,54.993243
4.037600,54.993930
4.037700,54.994063
4.037800,54.994876
4.037900,54.995372
4.038000,54.994503
4.038100,54.993764
4.038200,54.993760
4.038300,54.993754
4.038400,54.994464
4.038500,54.995065
4.038600,54.994790
4.038700,54.994710
4.038800,54.994956
4.038900,54.994763
4.039000,54.995062
4.039100,54.995204
4.039200,54.994897
4.039300,54.994825
4.039400,54.994550
4.039500,54.994842
4.039600,54.994413
4.039700,54.994432
4.039800,54.994398
4.039900,54.994561
4.040000,54.994563
4.040100,54.994331
4.040200,54.994020
4.040300,54.994252
4.040400,54.994522
4.040500,54.994187
4.040600,54.994458
4.040700,54.994457
4.040800,54.994346
4.040900,54.994726
4.041000,54.994591
4.041100,54.994498
4.041200,54.994027
4.041300,54.993988
4.041400,54.994186
4.041500,54.994497
4.041600,54.994517
4.041700,54.994027
4.041800,54.994301
4.041900,54.994748
4.042000,54.994846
4.042100,54.994310
4.042200,54.995467
4.042300,54.995407
4.042400,54.994657
4.042500,54.993647
4.042600,54.994228
4.042700,54.994719
4.042800,54.994919
4.042900,54.994276
4.043000,54.993629
4.043100,54.993352
4.043200,54.993509
4.043300,54.995116
4.043400,54.994123
4.043500,54.993901
4.043600,54.992726
4.043700,54.992914
4.043800,54.995985
4.043900,54.997061
4.044000,54.993264
4.044100,54.991983
4.044200,54.996587
4.044300,55.000536
4.044400,54.997659
4.044500,54.996269
4.044600,54.996277
4.044700,54.997558
4.044800,54.993136
4.044900,54.997559
4.045000,55.000653
4.045100,54.996729
4.045200,55.004334
4.045300,55.019821
4.045400,55.012862
4.045500,55.007990
4.045600,55.010433
4.045700,55.008611
4.045800,55.005318
4.045900,55.002007
4.046000,54.999883
4.046100,54.999866
4.046200,54.999418
4.046300,54.999251
4.046400,54.998955
4.046500,54.998092
4.046600,54.999127
4.046700,54.998503
4.046800,54.996894
4.046900,54.997224
4.047000,54.997547
4.047100,54.997146
4.047200,54.997345
4.047300,54.997326
4.047400,54.996813
4.047500,54.997252
4.047600,54.997362
4.047700,54.997624
4.047800,54.997251
4.047900,54.996856
4.048000,54.997317
4.048100,54.997460
4.048200,54.997510
4.048300,54.997212
4.048400,54.997088
4.048500,54.997144
4.048600,54.997123
4.048700,54.997163
4.048800,54.997066
4.048900,54.997280
4.049000,54.997317
4.049100,54.997211
4.049200,54.997253
4.049300,54.997193
4.049400,54.997739
4.049500,54.997282
4.049600,54.997088
4.049700,54.997018
4.049800,54.997354
4.049900,54.997318
4.050000,54.996853
4.050100,54.996893
4.050200,54.997173
4.050300,54.996986
4.050400,54.997083
4.050500,54.996729
4.050600,54.996959
4.050700,54.996881
4.050800,54.996925
4.050900,54.996668
4.051000,54.996797
4.051100,54.996881
4.051200,54.997360
4.051300,54.997777
4.051400,54.996964
4.051500,54.997217
4.051600,54.997525
4.051700,54.996865
4.051800,54.996614
4.051900,54.996728
4.052000,54.997452
4.052100,54.997133
4.052200,54.997263
4.052300,54.996558
4.052400,54.998602
4.052500,55.000173
4.052600,54.997826
4.052700,54.997456
4.052800,54.994886
4.052900,54.996017
4.053000,54.992782
4.053100,54.994091
4.053200,54.997663
4.053300,55.000590
4.053400,54.995257
4.053500,54.996958
4.053600,54.996013
4.053700,54.995294
4.053800,54.990343
4.053900,54.999515
4.054000,54.990529
4.054100,54.985170
4.054200,54.977876
4.054300,54.975174
4.054400,54.964893
4.054500,54.964840
4.054600,54.983911
4.054700,54.982013
4.054800,54.993763
4.054900,54.984216
4.055000,54.975931
4.055100,54.978659
4.055200,54.979311
4.055300,54.978451
4.055400,54.978440
4.055500,54.979268
4.055600,54.978531
4.055700,54.978305
4.055800,54.978362
4.055900,54.978592
4.056000,54.978953
4.056100,54.978499
4.056200,54.978290
4.056300,54.978027
4.056400,54.978005
4.056500,54.978213
4.056600,54.978307
4.056700,54.978205
4.056800,54.978305
4.056900,54.977986
4.057000,54.978130
4.057100,54.977815
4.057200,54.977728
4.057300,54.977897
4.057400,54.977750
4.057500,54.978052
4.057600,54.977814
4.057700,54.977841
4.057800,54.978113
4.057900,54.977754
4.058000,54.977712
4.058100,54.977895
4.058200,54.977927
4.058300,54.978051
4.058400,54.978077
4.058500,54.977932
4.058600,54.978021
4.058700,54.977990
4.058800,54.977496
4.058900,54.977547
4.059000,54.977979
4.059100,54.977633
4.059200,54.977893
4.059300,54.977964
4.059400,54.978115
4.059500,54.978156
4.059600,54.978700
4.059700,54.978192
4.059800,54.977965
4.059900,54.978037
4.060000,54.978170
4.060100,54.978232
4.060200,54.978190
4.060300,54.977617
4.060400,54.978123
4.060500,54.978010
4.060600,54.978100
4.060700,54.976868
4.060800,54.977652
4.060900,54.978342
4.061000,54.978240
4.061100,54.978032
4.061200,54.978152
4.061300,54.977702
4.061400,54.977442
4.061500,54.978237
4.061600,54.977522
4.061700,54.975290
4.061800,54.976204
4.061900,54.976971
4.062000,54.979059
4.062100,54.980838
4.062200,54.980310
4.062300,54.978891
4.062400,54.983723
4.062500,54.986276
4.062600,54.985330
4.062700,54.987086
4.062800,54.984608
4.062900,54.976478
4.063000,54.973428
4.063100,54.974824
4.063200,54.982142
4.063300,54.969410
4.063400,54.953685
4.063500,54.958023
4.063600,54.970261
4.063700,54.992144
4.063800,54.984451
4.063900,55.001578
4.064000,55.003175
4.064100,55.006411
4.064200,55.001312
4.064300,55.002213
4.064400,55.001162
4.064500,55.001282
4.064600,55.001150
4.064700,55.000487
4.064800,54.999827
4.064900,55.001000
4.065000,55.002060
4.065100,55.000868
4.065200,55.000509
4.065300,55.000565
4.065400,55.000804
4.065500,55.000669
4.065600,55.000531
4.065700,55.000644
4.065800,55.000102
4.065900,55.000485
4.066000,55.000458
4.066100,55.000434
4.066200,55.000693
4.066300,55.000396
4.066400,55.000542
4.066500,55.000782
4.066600,55.000646
4.066700,55.000789
4.066800,55.000916
4.066900,55.000567
4.067000,55.000799
4.067100,55.000564
4.067200,55.000620
4.067300,55.000634
4.067400,55.000600
4.067500,55.000515
4.067600,55.000482
4.067700,55.000460
4.067800,55.000140
4.067900,55.000438
4.068000,55.000529
4.068100,55.000585
4.068200,55.000400
4.068300,55.000341
4.068400,55.000909
4.068500,55.000218
4.068600,55.000543
4.068700,55.000631
4.068800,55.000264
4.068900,55.000737
4.069000,55.000734
4.069100,54.999944
4.069200,55.000064
4.069300,55.000314
4.069400,54.999938
4.069500,55.000330
4.069600,55.000247
4.069700,55.000477
4.069800,55.000404
4.069900,55.001258
4.070000,55.000004
4.070100,54.999703
4.070200,55.001194
4.070300,55.001300
4.070400,55.001038
4.070500,55.001193
4.070600,55.000809
4.070700,55.001223
4.070800,55.001655
4.070900,55.001063
4.071000,54.999647
4.071100,55.000346
4.071200,54.997714
4.071300,54.997574
4.071400,55.001878
4.071500,54.998640
4.071600,54.998802
4.071700,55.004011
4.071800,55.005875
4.071900,55.002122
4.072000,55.003304
4.072100,55.009464
4.072200,55.003897
4.072300,55.013339
4.072400,55.015146
4.072500,55.011392
4.072600,55.022784
4.072700,55.020417
4.072800,55.001115
4.072900,55.009589
4.073000,55.017649
4.073100,55.009087
4.073200,55.003551
4.073300,55.004183
4.073400,55.002990
4.073500,55.003339
4.073600,55.002807
4.073700,55.001774
4.073800,55.002903
4.073900,55.003420
4.074000,55.003427
4.074100,55.001905
4.074200,55.002585
4.074300,55.002257
4.074400,55.002348
4.074500,55.002876
4.074600,55.003210
4.074700,55.003529
4.074800,55.003349
4.074900,55.003239
4.075000,55.002620
4.075100,55.002901
4.075200,55.002985
4.075300,55.003017
4.075400,55.002864
4.075500,55.002828
4.075600,55.002420
4.075700,55.002710
4.075800,55.002711
4.075900,55.002898
4.076000,55.002643
4.076100,55.002866
4.076200,55.002924
4.076300,55.003284
4.076400,55.002746
4.076500,55.002731
4.076600,55.002649
4.076700,55.002591
4.076800,55.002938
4.076900,55.002892
4.077000,55.002519
4.077100,55.002820
4.077200,55.002642
4.077300,55.002664
4.077400,55.002909
4.077500,55.002758
4.077600,55.002854
4.077700,55.002869
4.077800,55.002831
4.077900,55.002846
4.078000,55.002903
4.078100,55.003229
4.078200,55.003075
4.078300,55.002570
4.078400,55.002730
4.078500,55.002850
4.078600,55.003245
4.078700,55.003422
4.078800,55.002196
4.078900,55.003077
4.079000,55.002912
4.079100,55.003064
4.079200,55.003224
4.079300,55.003320
4.079400,55.002709
4.079500,55.002102
4.079600,55.003165
4.079700,55.002432
4.079800,55.001765
4.079900,55.000716
4.080000,55.002527
4.080100,55.002923
4.080200,55.004481
4.080300,55.002891
4.080400,55.002292
4.080500,54.999979
4.080600,55.003794
4.080700,55.004248
4.080800,55.002415
4.080900,55.004574
4.081000,55.004370
4.081100,54.996681
4.081200,54.997227
4.081300,54.997431
4.081400,55.013570
4.081500,55.018283
4.081600,55.015361
4.081700,55.016466
4.081800,54.995198
4.081900,54.991676
4.082000,54.986964
4.082100,54.998795
4.082200,54.987916
4.082300,54.992054
4.082400,54.996441
4.082500,54.997470
4.082600,54.997089
4.082700,54.997964
4.082800,54.998707
4.082900,54.996965
4.083000,54.997309
4.083100,54.997496
4.083200,54.997330
4.083300,54.997270
4.083400,54.996894
4.083500,54.997205
4.083600,54.997762
4.083700,54.997363
4.083800,54.997286
4.083900,54.997269
4.084000,54.997355
4.084100,54.997017
4.084200,54.996705
4.084300,54.996762
4.084400,54.997028
4.084500,54.996770
4.084600,54.996935
4.084700,54.997412
4.084800,54.997061
4.084900,54.996929
4.085000,54.996841
4.085100,54.996692
4.085200,54.996821
4.085300,54.997117
4.085400,54.996945
4.085500,54.996834
4.085600,54.996967
4.085700,54.996857
4.085800,54.997060
4.085900,54.996480
4.086000,54.996903
4.086100,54.997280
4.086200,54.996992
4.086300,54.996943
4.086400,54.996939
4.086500,54.996852
4.086600,54.997082
4.086700,54.996718
4.086800,54.996728
4.086900,54.997120
4.087000,54.996813
4.087100,54.996897
4.087200,54.996306
4.087300,54.996430
4.087400,54.996723
4.087500,54.996798
4.087600,54.996770
4.087700,54.997112
4.087800,54.996691
4.087900,54.996787
4.088000,54.997542
4.088100,54.997114
4.088200,54.997157
4.088300,54.996382
4.088400,54.996473
4.088500,54.997966
4.088600,54.997365
4.088700,54.995332
4.088800,54.995859
4.088900,54.997324
4.089000,54.998038
4.089100,54.997242
4.089200,54.997361
4.089300,54.996496
4.089400,54.996836
4.089500,55.000484
4.089600,54.996914
4.089700,54.998942
4.089800,54.993759
4.089900,54.989603
4.090000,54.997371
4.090100,54.994768
4.090200,54.997226
4.090300,54.993808
4.090400,54.996542
4.090500,55.010181
4.090600,54.994990
4.090700,54.979414
4.090800,54.975400
4.090900,54.980455
4.091000,54.973929
4.091100,54.979345
4.091200,54.969321
4.091300,54.972342
4.091400,54.974329
4.091500,54.977301
4.091600,54.975361
4.091700,54.975363
4.091800,54.975015
4.091900,54.974456
4.092000,54.974993
4.092100,54.974615
4.092200,54.974943
4.092300,54.974224
4.092400,54.975002
4.092500,54.974480
4.092600,54.975193
4.092700,54.975675
4.092800,54.975466
4.092900,54.974983
4.093000,54.974973
4.093100,54.975668
4.093200,54.974886
4.093300,54.975225
4.093400,54.975294
4.093500,54.975192
4.093600,54.975107
4.093700,54.975051
4.093800,54.974873
4.093900,54.974966
4.094000,54.975060
4.094100,54.975377
4.094200,54.975250
4.094300,54.975309
4.094400,54.975302
4.094500,54.975098
4.094600,54.974927
4.094700,54.974837
4.094800,54.974811
4.094900,54.975133
4.095000,54.975088
4.095100,54.974798
4.095200,54.974730
4.095300,54.974784
4.095400,54.974890
4.095500,54.975093
4.095600,54.974713
4.095700,54.974814
4.095800,54.974925
4.095900,54.974542
4.096000,54.974723
4.096100,54.975400
4.096200,54.975033
4.096300,54.975116
4.096400,54.975500
4.096500,54.974862
4.096600,54.974843
4.096700,54.975442
4.096800,54.975055
4.096900,54.975161
4.097000,54.974968
4.097100,54.974682
4.097200,54.973619
4.097300,54.974003
4.097400,54.974573
4.097500,54.974829
4.097600,54.974758
4.097700,54.976052
4.097800,54.975775
4.097900,54.975303
4.098000,54.975348
4.098100,54.975113
4.098200,54.976222
4.098300,54.976175
4.098400,54.977032
4.098500,54.973350
4.098600,54.977573
4.098700,54.978213
4.098800,54.975482
4.098900,54.972207
4.099000,54.967427
4.099100,54.975201
4.099200,54.980324
4.099300,54.981299
4.099400,54.983749
4.099500,54.994633
4.099600,54.990272
4.099700,54.992283
4.099800,55.005854
4.099900,54.986810
4.100000,55.010558
4.100100,55.023043
4.100200,55.014970
4.100300,55.011620
4.100400,55.016917
4.100500,55.015007
4.100600,55.015301
4.100700,55.017027
4.100800,55.016697
4.100900,55.016336
4.101000,55.016062
4.101100,55.015043
4.101200,55.016020
4.101300,55.016153
4.101400,55.017407
4.101500,55.018120
4.101600,55.016899
4.101700,55.017502
4.101800,55.016396
4.101900,55.016946
4.102000,55.016419
4.102100,55.016918
4.102200,55.016942
4.102300,55.016610
4.102400,55.016686
4.102500,55.016847
4.102600,55.016783
4.102700,55.016681
4.102800,55.016688
4.102900,55.017157
4.103000,55.016504
4.103100,55.016672
4.103200,55.016671
4.103300,55.016957
4.103400,55.016539
4.103500,55.016565
4.103600,55.016738
4.103700,55.016880
4.103800,55.016598
4.103900,55.016929
4.104000,55.016931
4.104100,55.016818
4.104200,55.016722
4.104300,55.016859
4.104400,55.016859
4.104500,55.016673
4.104600,55.016908
4.104700,55.016909
4.104800,55.016751
4.104900,55.017259
4.105000,55.016945
4.105100,55.016990
4.105200,55.016585
4.105300,55.016245
4.105400,55.016614
4.105500,55.017433
4.105600,55.016747
4.105700,55.016651
4.105800,55.017267
4.105900,55.017239
4.106000,55.017349
4.106100,55.016078
4.106200,55.015777
4.106300,55.016572
4.106400,55.015099
4.106500,55.015830
4.106600,55.017460
4.106700,55.016525
4.106800,55.018406
4.106900,55.016565
4.107000,55.016099
4.107100,55.017018
4.107200,55.015366
4.107300,55.018187
4.107400,55.018346
4.107500,55.019232
4.107600,55.020865
4.107700,55.017226
4.107800,55.013987
4.107900,55.008624
4.108000,55.013884
4.108100,55.015532
4.108200,55.021201
4.108300,55.025542
4.108400,55.024344
4.108500,55.018042
4.108600,55.010036
4.108700,55.006218
4.108800,55.004268
4.108900,55.011456
4.109000,55.017019
4.109100,55.010925
4.109200,55.004626
4.109300,55.006597
4.109400,54.997682
4.109500,55.001758
4.109600,55.003364
4.109700,55.003878
4.109800,55.002691
4.109900,55.002522
4.110000,55.002676
4.110100,55.002670
4.110200,55.002187
4.110300,55.001624
4.110400,55.001832
4.110500,55.001376
4.110600,55.000711
4.110700,55.001895
4.110800,55.001165
4.110900,55.001432
4.111000,55.001411
4.111100,55.000948
4.111200,55.000988
4.111300,55.001270
4.111400,55.001041
4.111500,55.000981
4.111600,55.001337
4.111700,55.001156
4.111800,55.001214
4.111900,55.000985
4.112000,55.000791
4.112100,55.001118
4.112200,55.001485
4.112300,55.001516
4.112400,55.001611
4.112500,55.001636
4.112600,55.001451
4.112700,55.001357
4.112800,55.001094
4.112900,55.001164
4.113000,55.001257
4.113100,55.001306
4.113200,55.001092
4.113300,55.001447
4.113400,55.001213
4.113500,55.000965
4.113600,55.001362
4.113700,55.001180
4.113800,55.001193
4.113900,55.001303
4.114000,55.001270
4.114100,55.001028
4.114200,55.001102
4.114300,55.001587
4.114400,55.001527
4.114500,55.001103
4.114600,55.000776
4.114700,55.000664
4.114800,55.000581
4.114900,55.000843
4.115000,55.000681
4.115100,55.001465
4.115200,55.001372
4.115300,55.002310
4.115400,55.002039
4.115500,55.001419
4.115600,55.000683
4.115700,55.001052
4.115800,55.002340
4.115900,55.001273
4.116000,55.000969
4.116100,55.000846
4.116200,55.001242
4.116300,55.001908
4.116400,55.002044
4.116500,55.001438
4.116600,55.001687
4.116700,54.997529
4.116800,55.001816
4.116900,55.004407
4.117000,54.999586
4.117100,55.001592
4.117200,55.004259
4.117300,55.004467
4.117400,54.999318
4.117500,54.990463
4.117600,54.991193
4.117700,54.995026
4.117800,55.002013
4.117900,54.995885
4.118000,55.008755
4.118100,55.019327
4.118200,55.009070
4.118300,54.987679
4.118400,54.977667
4.118500,54.981610
4.118600,54.981710
4.118700,54.981611
4.118800,54.984993
4.118900,54.985877
4.119000,54.985741
4.119100,54.986518
4.119200,54.987049
4.119300,54.986904
4.119400,54.985478
4.119500,54.985876
4.119600,54.984658
4.119700,54.984611
4.119800,54.984284
4.119900,54.984708
4.120000,54.984764
4.120100,54.984846
4.120200,54.984857
4.120300,54.984426
4.120400,54.984567
4.120500,54.984777
4.120600,54.984816
4.120700,54.985127
4.120800,54.984679
4.120900,54.984677
4.121000,54.984739
4.121100,54.985117
4.121200,54.985090
4.121300,54.984812
4.121400,54.984692
4.121500,54.984728
4.121600,54.984959
4.121700,54.984824
4.121800,54.984677
4.121900,54.984698
4.122000,54.984827
4.122100,54.984748
4.122200,54.984659
4.122300,54.984621
4.122400,54.984761
4.122500,54.984494
4.122600,54.984621
4.122700,54.984647
4.122800,54.984286
4.122900,54.984176
4.123000,54.984877
4.123100,54.984633
4.123200,54.984193
4.123300,54.983694
4.123400,54.984574
4.123500,54.984753
4.123600,54.985251
4.123700,54.984843
4.123800,54.984427
4.123900,54.984283
4.124000,54.984572
4.124100,54.984378
4.124200,54.984341
4.124300,54.983770
4.124400,54.984892
4.124500,54.984460
4.124600,54.983833
4.124700,54.984329
4.124800,54.985301
4.124900,54.984787
4.125000,54.984166
4.125100,54.983737
4.125200,54.983760
4.125300,54.985153
4.125400,54.983896
4.125500,54.985038
4.125600,54.985377
4.125700,54.986249
4.125800,54.987147
4.125900,54.987604
4.126000,54.985206
4.126100,54.984338
4.126200,54.985616
4.126300,54.989763
4.126400,54.987703
4.126500,54.989910
4.126600,54.993200
4.126700,54.982275
4.126800,54.989719
4.126900,55.006111
4.127000,55.007754
4.127100,55.008493
4.127200,55.007753
4.127300,55.011291
4.127400,55.033452
4.127500,55.036380
4.127600,55.022734
4.127700,55.026826
4.127800,55.021275
4.127900,55.020234
4.128000,55.020002
4.128100,55.020009
4.128200,55.019953
4.128300,55.019257
4.128400,55.017654
4.128500,55.017489
4.128600,55.017615
4.128700,55.019112
4.128800,55.019308
4.128900,55.018133
4.129000,55.018672
4.129100,55.018086
4.129200,55.018015
4.129300,55.018660
4.129400,55.018983
4.129500,55.018417
4.129600,55.018316
4.129700,55.018834
4.129800,55.018717
4.129900,55.018448
4.130000,55.018085
4.130100,55.018183
4.130200,55.018556
4.130300,55.018585
4.130400,55.018791
4.130500,55.018687
4.130600,55.018206
4.130700,55.018350
4.130800,55.018709
4.130900,55.018625
4.131000,55.018771
4.131100,55.018680
4.131200,55.018619
4.131300,55.018578
4.131400,55.018614
4.131500,55.018555
4.131600,55.018776
4.131700,55.018220
4.131800,55.018477
4.131900,55.018486
4.132000,55.018432
4.132100,55.018531
4.132200,55.018647
4.132300,55.018794
4.132400,55.018944
4.132500,55.018396
4.132600,55.018417
4.132700,55.018441
4.132800,55.018204
4.132900,55.018680
4.133000,55.018685
4.133100,55.018035
4.133200,55.018857
4.133300,55.018809
4.133400,55.018550
4.133500,55.018353
4.133600,55.017406
4.133700,55.018110
4.133800,55.018147
4.133900,55.018948
4.134000,55.019905
4.134100,55.018940
4.134200,55.019881
4.134300,55.019814
4.134400,55.019167
4.134500,55.018721
4.134600,55.016116
4.134700,55.018773
4.134800,55.017583
4.134900,55.018510
4.135000,55.017123
4.135100,55.013035
4.135200,55.016125
4.135300,55.019990
4.135400,55.020743
4.135500,55.012626
4.135600,55.013916
4.135700,55.025184
4.135800,55.017663
4.135900,55.031626
4.136000,55.019711
4.136100,55.014836
4.136200,55.001403
4.136300,55.007009
4.136400,55.015940
4.136500,55.000073
4.136600,54.987283
4.136700,54.990551
4.136800,54.984161
4.136900,54.986630
4.137000,54.990743
4.137100,54.990213
4.137200,54.990348
4.137300,54.991049
4.137400,54.991424
4.137500,54.990243
4.137600,54.990821
4.137700,54.989033
4.137800,54.990404
4.137900,54.989065
4.138000,54.989255
4.138100,54.990136
4.138200,54.990228
4.138300,54.989299
4.138400,54.989378
4.138500,54.988959
4.138600,54.989226
4.138700,54.989542
4.138800,54.989552
4.138900,54.989033
4.139000,54.989134
4.139100,54.989430
4.139200,54.989480
4.139300,54.989329
4.139400,54.989237
4.139500,54.989263
4.139600,54.989545
4.139700,54.989143
4.139800,54.989688
4.139900,54.989261
4.140000,54.989146
4.140100,54.989040
4.140200,54.989265
4.140300,54.989270
4.140400,54.989428
4.140500,54.989586
4.140600,54.989415
4.140700,54.989360
4.140800,54.989352
4.140900,54.989441
4.141000,54.989474
4.141100,54.988903
4.141200,54.989088
4.141300,54.988793
4.141400,54.989651
4.141500,54.989900
4.141600,54.989421
4.141700,54.989277
4.141800,54.989623
4.141900,54.989412
4.142000,54.988835
4.142100,54.989808
4.142200,54.989227
4.142300,54.988828
4.142400,54.989057
4.142500,54.988843
4.142600,54.988745
4.142700,54.989018
4.142800,54.989779
4.142900,54.989757
4.143000,54.989070
4.143100,54.989031
4.143200,54.988508
4.143300,54.988392
4.143400,54.990878
4.143500,54.989562
4.143600,54.989294
4.143700,54.990621
4.143800,54.988258
4.143900,54.989473
4.144000,54.991181
4.144100,54.988151
4.144200,54.990817
4.144300,54.992896
4.144400,54.989872
4.144500,54.991767
4.144600,54.994657
4.144700,54.995531
4.144800,54.997854
4.144900,54.996135
4.145000,54.997914
4.145100,55.002281
4.145200,54.993291
4.145300,54.977699
4.145400,54.979506
4.145500,54.988350
4.145600,54.983499
4.145700,54.981788
4.145800,54.982408
4.145900,54.985397
4.146000,54.988681
4.146100,54.990265
4.146200,54.990247
4.146300,54.990263
4.146400,54.991247
4.146500,54.991747
4.146600,54.989859
4.146700,54.989758
4.146800,54.988649
4.146900,54.988808
4.147000,54.988672
4.147100,54.989289
4.147200,54.989292
4.147300,54.989675
4.147400,54.989070
4.147500,54.989392
4.147600,54.989766
4.147700,54.989656
4.147800,54.989594
4.147900,54.989599
4.148000,54.989483
4.148100,54.989329
4.148200,54.989408
4.148300,54.989769
4.148400,54.989305
4.148500,54.989350
4.148600,54.989467
4.148700,54.989306
4.148800,54.989240
4.148900,54.989290
4.149000,54.989296
4.149100,54.989188
4.149200,54.989133
4.149300,54.989194
4.149400,54.989251
4.149500,54.989409
4.149600,54.989631
4.149700,54.989161
4.149800,54.989352
4.149900,54.989109
4.150000,54.989150
4.150100,54.989077
4.150200,54.988743
4.150300,54.988765
4.150400,54.989291
4.150500,54.989064
4.150600,54.989725
4.150700,54.989232
4.150800,54.989611
4.150900,54.990163
4.151000,54.989688
4.151100,54.989633
4.151200,54.989349
4.151300,54.988667
4.151400,54.989212
4.151500,54.989822
4.151600,54.989464
4.151700,54.989869
4.151800,54.989933
4.151900,54.989530
4.152000,54.989032
4.152100,54.990616
4.152200,54.990194
4.152300,54.988623
4.152400,54.987205
4.152500,54.988763
4.152600,54.990246
4.152700,54.990072
4.152800,54.988874
4.152900,54.988755
4.153000,54.991584
4.153100,54.990900
4.153200,54.989195
4.153300,54.983975
4.153400,54.988670
4.153500,54.995084
4.153600,54.997654
4.153700,54.990248
4.153800,54.984942
4.153900,54.995690
4.154000,54.983145
4.154100,54.998115
4.154200,55.002233
4.154300,54.988695
4.154400,54.998448
4.154500,55.003308
4.154600,55.024611
4.154700,55.025517
4.154800,55.006889
4.154900,55.003898
4.155000,55.002557
4.155100,55.003793
4.155200,55.006580
4.155300,55.005355
4.155400,55.005158
4.155500,55.005597
4.155600,55.006278
4.155700,55.004499
4.155800,55.005009
4.155900,55.004380
4.156000,55.004129
4.156100,55.005018
4.156200,55.004985
4.156300,55.004388
4.156400,55.004616
4.156500,55.004551
4.156600,55.004664
4.156700,55.004180
4.156800,55.004567
4.156900,55.004611
4.157000,55.004310
4.157100,55.004733
4.157200,55.004573
4.157300,55.004432
4.157400,55.004706
4.157500,55.004124
4.157600,55.004187
4.157700,55.004441
4.157800,55.004396
4.157900,55.004456
4.158000,55.004450
4.158100,55.004465
4.158200,55.004669
4.158300,55.004482
4.158400,55.004342
4.158500,55.004504
4.158600,55.004450
4.158700,55.004231
4.158800,55.004139
4.158900,55.004064
4.159000,55.004444
4.159100,55.004109
4.159200,55.004362
4.159300,55.004442
4.159400,55.004363
4.159500,55.004501
4.159600,55.004424
4.159700,55.004445
4.159800,55.004580
4.159900,55.004910
4.160000,55.004877
4.160100,55.004462
4.160200,55.005117
4.160300,55.004768
4.160400,55.004410
4.160500,55.004778
4.160600,55.003942
4.160700,55.004124
4.160800,55.004454
4.160900,55.004631
4.161000,55.004688
4.161100,55.005845
4.161200,55.005596
4.161300,55.003927
4.161400,55.003935
4.161500,55.002448
4.161600,55.005047
4.161700,55.003997
4.161800,55.006744
4.161900,55.004336
4.162000,55.004229
4.162100,55.001008
4.162200,55.004658
4.162300,55.004226
4.162400,55.007090
4.162500,55.004749
4.162600,55.003400
4.162700,55.004086
4.162800,55.006389
4.162900,55.004174
4.163000,55.007842
4.163100,54.994180
4.163200,54.988505
4.163300,54.999897
4.163400,55.013986
4.163500,55.005766
4.163600,55.007639
4.163700,54.986997
4.163800,54.986704
4.163900,54.989864
4.164000,54.992439
4.164100,54.987953
4.164200,54.985275
4.164300,54.985887
4.164400,54.986116
4.164500,54.986026
4.164600,54.986252
4.164700,54.985844
4.164800,54.985149
4.164900,54.986251
4.165000,54.985876
4.165100,54.985583
4.165200,54.986057
4.165300,54.986259
4.165400,54.986926
4.165500,54.985971
4.165600,54.985690
4.165700,54.985954
4.165800,54.985571
4.165900,54.985693
4.166000,54.985700
4.166100,54.986371
4.166200,54.986160
4.166300,54.985640
4.166400,54.985704
4.166500,54.985810
4.166600,54.985697
4.166700,54.985705
4.166800,54.985551
4.166900,54.985574
4.167000,54.985863
4.167100,54.985759
4.167200,54.985871
4.167300,54.986063
4.167400,54.985500
4.167500,54.985620
4.167600,54.985576
4.167700,54.985911
4.167800,54.985584
4.167900,54.985733
4.168000,54.985733
4.168100,54.985826
4.168200,54.985899
4.168300,54.985555
4.168400,54.985671
4.168500,54.985558
4.168600,54.985550
4.168700,54.985526
4.168800,54.985628
4.168900,54.985225
4.169000,54.985308
4.169100,54.985275
4.169200,54.985725
4.169300,54.985174
4.169400,54.985524
4.169500,54.985148
4.169600,54.985583
4.169700,54.985745
4.169800,54.985879
4.169900,54.984931
4.170000,54.985502
4.170100,54.985923
4.170200,54.986261
4.170300,54.985357
4.170400,54.986554
4.170500,54.986188
4.170600,54.986305
4.170700,54.984650
4.170800,54.984862
4.170900,54.985986
4.171000,54.987151
4.171100,54.986954
4.171200,54.987886
4.171300,54.985299
4.171400,54.983335
4.171500,54.988766
4.171600,54.990145
4.171700,54.990515
4.171800,54.989683
4.171900,54.986259
4.172000,54.988929
4.172100,54.999735
4.172200,54.998447
4.172300,55.005882
4.172400,54.992839
4.172500,55.000037
4.172600,55.001126
4.172700,55.000454
4.172800,54.992431
4.172900,55.005517
4.173000,55.002594
4.173100,55.000856
4.173200,55.006008
4.173300,55.009042
4.173400,55.009596
4.173500,55.008755
4.173600,55.008467
4.173700,55.009219
4.173800,55.008760
4.173900,55.009215
4.174000,55.008872
4.174100,55.008770
4.174200,55.009052
4.174300,55.009126
4.174400,55.010127
4.174500,55.009203
4.174600,55.009928
4.174700,55.009631
4.174800,55.009014
4.174900,55.009283
4.175000,55.009356
4.175100,55.009017
4.175200,55.009393
4.175300,55.009335
4.175400,55.009243
4.175500,55.009224
4.175600,55.008722
4.175700,55.009140
4.175800,55.009187
4.175900,55.009228
4.176000,55.008910
4.176100,55.008824
4.176200,55.008952
4.176300,55.009117
4.176400,55.009275
4.176500,55.009124
4.176600,55.009168
4.176700,55.009215
4.176800,55.009017
4.176900,55.009173
4.177000,55.009110
4.177100,55.009226
4.177200,55.009314
4.177300,55.009011
4.177400,55.009194
4.177500,55.009246
4.177600,55.008565
4.177700,55.008432
4.177800,55.008936
4.177900,55.009030
4.178000,55.009367
4.178100,55.009463
4.178200,55.009085
4.178300,55.008563
4.178400,55.008858
4.178500,55.008964
4.178600,55.009186
4.178700,55.008926
4.178800,55.009762
4.178900,55.009440
4.179000,55.010252
4.179100,55.009578
4.179200,55.008380
4.179300,55.007956
4.179400,55.008563
4.179500,55.008349
4.179600,55.007703
4.179700,55.008829
4.179800,55.008538
4.179900,55.009039
4.180000,55.008659
4.180100,55.008499
4.180200,55.009306
4.180300,55.012581
4.180400,55.009647
4.180500,55.012169
4.180600,55.009976
4.180700,55.004088
4.180800,55.002718
4.180900,55.004658
4.181000,55.012880
4.181100,55.008440
4.181200,55.012276
4.181300,54.999030
4.181400,55.009401
4.181500,55.013083
4.181600,55.027766
4.181700,55.017966
4.181800,55.025537
4.181900,55.047889
4.182000,55.032169
4.182100,55.033020
4.182200,55.031977
4.182300,55.031568
4.182400,55.029831
4.182500,55.030323
4.182600,55.030406
4.182700,55.031011
4.182800,55.030685
4.182900,55.031373
4.183000,55.031664
4.183100,55.030868
4.183200,55.030507
4.183300,55.031609
4.183400,55.030361
4.183500,55.029758
4.183600,55.029900
4.183700,55.030348
4.183800,55.030266
4.183900,55.030761
4.184000,55.030022
4.184100,55.030384
4.184200,55.030114
4.184300,55.030556
4.184400,55.030395
4.184500,55.030078
4.184600,55.030186
4.184700,55.030672
4.184800,55.030573
4.184900,55.030407
4.185000,55.030219
4.185100,55.030260
4.185200,55.030195
4.185300,55.030371
4.185400,55.030500
4.185500,55.030766
4.185600,55.030495
4.185700,55.030612
4.185800,55.030572
4.185900,55.030381
4.186000,55.030508
4.186100,55.030644
4.186200,55.030593
4.186300,55.030171
4.186400,55.030172
4.186500,55.030337
4.186600,55.030373
4.186700,55.030591
4.186800,55.030476
4.186900,55.030793
4.187000,55.030586
4.187100,55.030808
4.187200,55.030582
4.187300,55.030952
4.187400,55.031143
4.187500,55.031184
4.187600,55.030786
4.187700,55.030088
4.187800,55.030208
4.187900,55.030221
4.188000,55.029158
4.188100,55.029856
4.188200,55.030522
4.188300,55.030434
4.188400,55.029934
4.188500,55.030426
4.188600,55.029669
4.188700,55.030240
4.188800,55.030785
4.188900,55.029436
4.189000,55.031280
4.189100,55.032710
4.189200,55.031788
4.189300,55.028391
4.189400,55.027626
4.189500,55.026085
4.189600,55.031108
4.189700,55.029299
4.189800,55.024559
4.189900,55.021268
4.190000,55.027278
4.190100,55.021872
4.190200,55.028244
4.190300,55.033557
4.190400,55.019692
4.190500,55.034918
4.190600,55.036174
4.190700,55.034041
4.190800,55.019814
4.190900,55.012671
4.191000,54.990929
4.191100,54.999698
4.191200,55.000865
4.191300,55.011302
4.191400,55.003636
4.191500,54.999318
4.191600,55.000176
4.191700,55.000147
4.191800,55.000176
4.191900,54.999875
4.192000,54.999371
4.192100,54.999398
4.192200,54.999877
4.192300,54.998335
4.192400,54.998323
4.192500,54.998147
4.192600,54.998401
4.192700,54.998545
4.192800,54.998128
4.192900,54.998732
4.193000,54.998651
4.193100,54.998741
4.193200,54.999034
4.193300,54.999017
4.193400,54.999012
4.193500,54.999014
4.193600,54.998628
4.193700,54.998624
4.193800,54.998460
4.193900,54.998495
4.194000,54.998808
4.194100,54.998829
4.194200,54.998941
4.194300,54.999006
4.194400,54.998879
4.194500,54.998979
4.194600,54.998838
4.194700,54.998807
4.194800,54.998615
4.194900,54.998890
4.195000,54.998833
4.195100,54.998876
4.195200,54.998643
4.195300,54.998737
4.195400,54.998304
4.195500,54.998393
4.195600,54.998889
4.195700,54.998251
4.195800,54.998662
4.195900,54.998615
4.196000,54.998545
4.196100,54.998596
4.196200,54.999061
4.196300,54.998834
4.196400,54.998897
4.196500,54.998327
4.196600,54.998633
4.196700,54.999063
4.196800,54.998990
4.196900,54.999080
4.197000,54.998244
4.197100,54.998785
4.197200,54.998893
4.197300,54.998757
4.197400,54.998687
4.197500,54.998442
4.197600,54.998875
4.197700,54.998869
4.197800,54.999452
4.197900,54.999441
4.198000,54.997496
4.198100,54.999643
4.198200,54.999703
4.198300,54.998721
4.198400,54.999502
4.198500,54.999281
4.198600,55.001616
4.198700,55.005900
4.198800,55.000977
4.198900,54.997012
4.199000,55.003657
4.199100,54.998066
4.199200,54.992273
4.199300,55.001295
4.199400,54.999185
4.199500,54.989392
4.199600,54.988638
4.199700,54.991185
4.199800,54.969364
4.199900,54.957236
4.200000,54.945844
4.200100,54.967236
4.200200,54.985362
4.200300,55.001879
4.200400,54.988123
4.200500,54.989035
4.200600,54.984048
4.200700,54.984421
4.200800,54.984177
4.200900,54.984356
4.201000,54.985104
4.201100,54.983920
4.201200,54.983268
4.201300,54.983868
4.201400,54.982965
4.201500,54.982554
4.201600,54.983190
4.201700,54.984059
4.201800,54.983159
4.201900,54.983610
4.202000,54.983503
4.202100,54.983439
4.202200,54.983569
4.202300,54.983272
4.202400,54.983316
4.202500,54.983099
4.202600,54.983150
4.202700,54.983236
4.202800,54.983164
4.202900,54.983333
4.203000,54.983285
4.203100,54.983063
4.203200,54.983112
4.203300,54.982970
4.203400,54.983236
4.203500,54.983117
4.203600,54.982915
4.203700,54.983102
4.203800,54.983044
4.203900,54.983020
4.204000,54.983354
4.204100,54.983555
4.204200,54.983239
4.204300,54.983155
4.204400,54.982938
4.204500,54.982934
4.204600,54.983368
4.204700,54.983296
4.204800,54.982840
4.204900,54.982871
4.205000,54.983004
4.205100,54.982899
4.205200,54.983039
4.205300,54.982964
4.205400,54.982825
4.205500,54.982925
4.205600,54.983175
4.205700,54.983077
4.205800,54.983243
4.205900,54.982633
4.206000,54.983254
4.206100,54.983528
4.206200,54.982960
4.206300,54.983924
4.206400,54.982859
4.206500,54.982899
4.206600,54.982786
4.206700,54.982916
4.206800,54.983519
4.206900,54.984854
4.207000,54.984286
4.207100,54.983485
4.207200,54.982549
4.207300,54.982989
4.207400,54.982380
4.207500,54.981566
4.207600,54.982114
4.207700,54.978594
4.207800,54.975430
4.207900,54.979038
4.208000,54.982286
4.208100,54.984089
4.208200,54.988194
4.208300,54.995546
4.208400,54.985462
4.208500,54.990214
4.208600,54.998707
4.208700,54.993593
4.208800,54.994259
4.208900,54.973083
4.209000,54.968406
4.209100,54.962743
4.209200,54.951939
4.209300,54.968125
4.209400,54.972969
4.209500,54.982245
4.209600,54.977701
4.209700,54.977209
4.209800,54.975739
4.209900,54.975532
4.210000,54.975721
4.210100,54.976966
4.210200,54.975590
4.210300,54.974182
4.210400,54.974227
4.210500,54.974245
4.210600,54.974504
4.210700,54.974289
4.210800,54.974586
4.210900,54.974653
4.211000,54.974840
4.211100,54.974652
4.211200,54.975057
4.211300,54.974926
4.211400,54.974297
4.211500,54.974646
4.211600,54.974848
4.211700,54.974842
4.211800,54.974761
4.211900,54.974651
4.212000,54.974670
4.212100,54.974636
4.212200,54.974459
4.212300,54.974278
4.212400,54.974455
4.212500,54.974305
4.212600,54.974731
4.212700,54.974385
4.212800,54.974541
4.212900,54.974618
4.213000,54.974350
4.213100,54.974332
4.213200,54.974841
4.213300,54.974703
4.213400,54.974471
4.213500,54.974736
4.213600,54.974496
4.213700,54.974546
4.213800,54.974827
4.213900,54.974201
4.214000,54.974457
4.214100,54.974804
4.214200,54.975169
4.214300,54.974364
4.214400,54.974590
4.214500,54.974398
4.214600,54.974191
4.214700,54.973620
4.214800,54.974244
4.214900,54.974412
4.215000,54.974798
4.215100,54.975103
4.215200,54.973970
4.215300,54.975120
4.215400,54.975382
4.215500,54.975592
4.215600,54.975502
4.215700,54.976238
4.215800,54.974868
4.215900,54.973996
4.216000,54.974487
4.216100,54.973298
4.216200,54.972390
4.216300,54.973525
4.216400,54.974716
4.216500,54.975139
4.216600,54.975523
4.216700,54.973237
4.216800,54.974463
4.216900,54.972155
4.217000,54.971934
4.217100,54.971210
4.217200,54.969618
4.217300,54.970288
4.217400,54.977189
4.217500,54.978955
4.217600,54.978419
4.217700,54.981806
4.217800,54.997949
4.217900,54.996010
4.218000,54.986214
4.218100,54.983272
4.218200,54.988756
4.218300,55.007042
4.218400,55.014795
4.218500,55.028507
4.218600,55.026186
4.218700,55.019174
4.218800,55.019039
4.218900,55.020266
4.219000,55.019972
4.219100,55.019730
4.219200,55.018731
4.219300,55.019408
4.219400,55.020815
4.219500,55.019738
4.219600,55.020461
4.219700,55.020230
4.219800,55.021440
4.219900,55.020794
4.220000,55.021335
4.220100,55.021334
4.220200,55.021914
4.220300,55.021120
4.220400,55.020930
4.220500,55.020919
4.220600,55.020777
4.220700,55.020722
4.220800,55.020893
4.220900,55.020699
4.221000,55.020741
4.221100,55.021067
4.221200,55.020722
4.221300,55.020992
4.221400,55.020762
4.221500,55.021278
4.221600,55.020970
4.221700,55.020748
4.221800,55.020917
4.221900,55.021175
4.222000,55.020868
4.222100,55.020884
4.222200,55.021041
4.222300,55.020992
4.222400,55.021114
4.222500,55.021137
4.222600,55.021140
4.222700,55.020977
4.222800,55.020760
4.222900,55.020597
4.223000,55.021337
4.223100,55.020775
4.223200,55.021085
4.223300,55.020745
4.223400,55.020881
4.223500,55.020917
4.223600,55.021065
4.223700,55.021276
4.223800,55.021557
4.223900,55.021291
4.224000,55.020735
4.224100,55.020432
4.224200,55.021067
4.224300,55.021352
4.224400,55.020986
4.224500,55.020746
4.224600,55.020198
4.224700,55.019881
4.224800,55.021708
4.224900,55.022905
4.225000,55.022457
4.225100,55.022301
4.225200,55.022511
4.225300,55.021651
4.225400,55.021888
4.225500,55.021009
4.225600,55.018724
4.225700,55.020983
4.225800,55.020849
4.225900,55.018455
4.226000,55.018314
4.226100,55.016278
4.226200,55.016810
4.226300,55.015791
4.226400,55.022198
4.226500,55.024465
4.226600,55.032568
4.226700,55.023281
4.226800,55.009904
4.226900,55.001666
4.227000,54.983054
4.227100,54.999472
4.227200,55.001923
4.227300,54.999468
4.227400,54.984756
4.227500,54.993368
4.227600,55.005540
4.227700,55.004228
4.227800,55.000735
4.227900,55.000273
4.228000,54.999962
4.228100,54.999936
4.228200,55.000680
4.228300,55.001008
4.228400,54.999648
4.228500,54.998984
4.228600,54.998578
4.228700,54.998572
4.228800,54.998133
4.228900,54.998527
4.229000,54.998504
4.229100,54.998609
4.229200,54.998606
4.229300,54.998381
4.229400,54.998812
4.229500,54.998075
4.229600,54.998664
4.229700,54.998868
4.229800,54.998347
4.229900,54.998387
4.230000,54.998173
4.230100,54.998466
4.230200,54.998465
4.230300,54.998412
4.230400,54.998127
4.230500,54.998234
4.230600,54.998397
4.230700,54.998494
4.230800,54.998451
4.230900,54.998568
4.231000,54.998498
4.231100,54.998117
4.231200,54.998333
4.231300,54.998185
4.231400,54.998232
4.231500,54.998371
4.231600,54.998357
4.231700,54.998448
4.231800,54.998424
4.231900,54.997858
4.232000,54.998094
4.232100,54.998516
4.232200,54.998414
4.232300,54.998276
4.232400,54.997962
4.232500,54.997874
4.232600,54.997989
4.232700,54.998554
4.232800,54.998490
4.232900,54.998173
4.233000,54.998269
4.233100,54.998099
4.233200,54.998709
4.233300,54.999203
4.233400,54.998863
4.233500,54.999100
4.233600,54.998518
4.233700,54.998400
4.233800,54.998070
4.233900,54.997777
4.234000,54.998382
4.234100,54.998431
4.234200,54.997218
4.234300,54.996758
4.234400,54.998823
4.234500,55.000134
4.234600,54.997856
4.234700,55.000705
4.234800,54.999625
4.234900,54.995600
4.235000,54.994452
4.235100,54.997055
4.235200,54.994709
4.235300,54.994591
4.235400,54.995985
4.235500,54.994543
4.235600,55.000918
4.235700,55.006020
4.235800,54.997557
4.235900,55.001721
4.236000,54.993565
4.236100,55.011365
4.236200,55.027956
4.236300,55.027918
4.236400,55.026577
4.236500,55.011514
4.236600,55.027747
4.236700,55.016391
4.236800,55.025604
4.236900,55.024786
4.237000,55.024751
4.237100,55.024919
4.237200,55.024930
4.237300,55.025392
4.237400,55.026471
4.237500,55.025570
4.237600,55.027194
4.237700,55.026625
4.237800,55.027088
4.237900,55.027008
4.238000,55.026942
4.238100,55.026781
4.238200,55.026238
4.238300,55.026041
4.238400,55.026768
4.238500,55.026622
4.238600,55.026436
4.238700,55.026517
4.238800,55.026349
4.238900,55.026445
4.239000,55.026693
4.239100,55.026604
4.239200,55.026397
4.239300,55.026233
4.239400,55.026737
4.239500,55.026298
4.239600,55.026474
4.239700,55.026548
4.239800,55.026444
4.239900,55.026216
4.240000,55.026235
4.240100,55.026782
4.240200,55.026810
4.240300,55.026339
4.240400,55.026385
4.240500,55.026595
4.240600,55.026564
4.240700,55.026570
4.240800,55.026524
4.240900,55.026757
4.241000,55.026733
4.241100,55.026378
4.241200,55.026654
4.241300,55.026450
4.241400,55.026248
4.241500,55.025893
4.241600,55.026645
4.241700,55.026574
4.241800,55.027143
4.241900,55.027401
4.242000,55.026492
4.242100,55.025651
4.242200,55.026396
4.242300,55.026722
4.242400,55.026657
4.242500,55.026863
4.242600,55.026142
4.242700,55.026178
4.242800,55.027195
4.242900,55.027113
4.243000,55.026467
4.243100,55.027776
4.243200,55.025933
4.243300,55.025084
4.243400,55.026140
4.243500,55.027006
4.243600,55.027345
4.243700,55.025693
4.243800,55.025240
4.243900,55.027112
4.244000,55.024835
4.244100,55.024692
4.244200,55.022541
4.244300,55.021857
4.244400,55.024716
4.244500,55.024296
4.244600,55.024226
4.244700,55.024638
4.244800,55.015588
4.244900,55.026638
4.245000,55.029076
4.245100,55.012963
4.245200,55.023439
4.245300,55.015598
4.245400,55.024995
4.245500,55.011913
4.245600,55.018725
4.245700,55.005817
4.245800,55.005365
4.245900,55.008761
4.246000,55.009141
4.246100,55.008190
4.246200,55.007377
4.246300,55.007435
4.246400,55.007708
4.246500,55.007741
4.246600,55.006481
4.246700,55.006381
4.246800,55.005914
4.246900,55.006109
4.247000,55.006238
4.247100,55.006678
4.247200,55.006016
4.247300,55.006216
4.247400,55.006332
4.247500,55.006628
4.247600,55.006985
4.247700,55.006525
4.247800,55.005930
4.247900,55.006069
4.248000,55.006289
4.248100,55.006310
4.248200,55.006243
4.248300,55.005931
4.248400,55.006144
4.248500,55.005997
4.248600,55.006237
4.248700,55.006202
4.248800,55.006388
4.248900,55.006190
4.249000,55.005960
4.249100,55.006120
4.249200,55.005988
4.249300,55.006502
4.249400,55.006283
4.249500,55.006091
4.249600,55.006203
4.249700,55.005854
4.249800,55.006142
4.249900,55.006321
4.250000,55.006086
4.250100,55.005990
4.250200,55.006297
4.250300,55.006599
4.250400,55.006315
4.250500,55.006209
4.250600,55.005855
4.250700,55.006403
4.250800,55.006291
4.250900,55.006085
4.251000,55.006834
4.251100,55.006734
4.251200,55.005853
4.251300,55.005050
4.251400,55.005313
4.251500,55.006156
4.251600,55.004920
4.251700,55.006455
4.251800,55.006162
4.251900,55.006744
4.252000,55.006627
4.252100,55.005674
4.252200,55.006780
4.252300,55.005923
4.252400,55.007191
4.252500,55.007249
4.252600,55.005274
4.252700,55.006244
4.252800,55.005423
4.252900,55.005568
4.253000,55.007015
4.253100,55.004559
4.253200,55.009195
4.253300,55.004435
4.253400,55.005186
4.253500,55.002638
4.253600,55.008650
4.253700,55.003174
4.253800,54.996863
4.253900,54.992128
4.254000,54.992657
4.254100,54.990204
4.254200,55.005506
4.254300,55.001311
4.254400,55.023498
4.254500,55.002800
4.254600,54.987033
4.254700,54.974699
4.254800,54.982318
4.254900,54.984011
4.255000,54.985410
4.255100,54.981200
4.255200,54.979856
4.255300,54.979744
4.255400,54.979760
4.255500,54.980023
4.255600,54.978775
4.255700,54.979342
4.255800,54.978862
4.255900,54.978433
4.256000,54.977412
4.256100,54.977635
4.256200,54.977588
4.256300,54.977315
4.256400,54.977775
4.256500,54.977424
4.256600,54.977340
4.256700,54.977719
4.256800,54.977672
4.256900,54.977192
4.257000,54.977538
4.257100,54.977520
4.257200,54.977566
4.257300,54.977670
4.257400,54.977434
4.257500,54.977593
4.257600,54.977662
4.257700,54.977677
4.257800,54.977890
4.257900,54.977668
4.258000,54.977474
4.258100,54.977363
4.258200,54.977231
4.258300,54.977302
4.258400,54.977468
4.258500,54.977534
4.258600,54.977268
4.258700,54.977262
4.258800,54.977060
4.258900,54.976825
4.259000,54.976741
4.259100,54.977037
4.259200,54.977414
4.259300,54.977869
4.259400,54.977354
4.259500,54.977372
4.259600,54.977042
4.259700,54.976611
4.259800,54.977001
4.259900,54.977120
4.260000,54.977486
4.260100,54.977787
4.260200,54.977183
4.260300,54.978006
4.260400,54.977553
4.260500,54.977650
4.260600,54.977703
4.260700,54.977555
4.260800,54.976602
4.260900,54.977429
4.261000,54.977417
4.261100,54.977276
4.261200,54.978592
4.261300,54.978849
4.261400,54.978990
4.261500,54.979037
4.261600,54.979175
4.261700,54.978890
4.261800,54.976435
4.261900,54.977717
4.262000,54.979051
4.262100,54.978525
4.262200,54.981318
4.262300,54.977852
4.262400,54.977668
4.262500,54.972513
4.262600,54.975270
4.262700,54.976191
4.262800,54.977186
4.262900,54.977435
4.263000,54.975959
4.263100,54.989047
4.263200,54.976798
4.263300,54.972318
4.263400,54.972745
4.263500,54.968450
4.263600,54.966087
4.263700,54.968583
4.263800,54.970392
4.263900,54.983895
4.264000,54.980978
4.264100,54.978553
4.264200,54.978453
4.264300,54.977560
4.264400,54.977511
4.264500,54.977252
4.264600,54.977447
4.264700,54.975710
4.264800,54.977367
4.264900,54.976350
4.265000,54.975404
4.265100,54.976564
4.265200,54.976494
4.265300,54.977007
4.265400,54.976696
4.265500,54.976531
4.265600,54.976784
4.265700,54.977003
4.265800,54.976726
4.265900,54.976919
4.266000,54.976954
4.266100,54.976817
4.266200,54.976233
4.266300,54.976190
4.266400,54.976491
4.266500,54.976591
4.266600,54.976780
4.266700,54.976529
4.266800,54.976817
4.266900,54.977116
4.267000,54.976543
4.267100,54.976570
4.267200,54.976785
4.267300,54.976398
4.267400,54.976465
4.267500,54.976495
4.267600,54.976637
4.267700,54.976633
4.267800,54.976757
4.267900,54.976575
4.268000,54.976501
4.268100,54.976214
4.268200,54.976059
4.268300,54.976754
4.268400,54.976340
4.268500,54.976134
4.268600,54.976226
4.268700,54.976547
4.268800,54.976521
4.268900,54.977094
4.269000,54.977117
4.269100,54.976239
4.269200,54.976787
4.269300,54.976109
4.269400,54.976873
4.269500,54.976724
4.269600,54.976663
4.269700,54.977099
4.269800,54.976251
4.269900,54.976297
4.270000,54.975683
4.270100,54.976539
4.270200,54.977353
4.270300,54.977389
4.270400,54.976632
4.270500,54.976276
4.270600,54.974938
4.270700,54.975429
4.270800,54.976799
4.270900,54.977948
4.271000,54.978102
4.271100,54.977638
4.271200,54.977313
4.271300,54.974302
4.271400,54.974140
4.271500,54.972513
4.271600,54.974242
4.271700,54.980524
4.271800,54.981831
4.271900,54.982995
4.272000,54.984414
4.272100,54.981815
4.272200,54.976820
4.272300,54.968636
4.272400,54.976738
4.272500,54.969934
4.272600,54.983146
4.272700,54.986948
4.272800,54.982999
4.272900,54.963504
4.273000,54.963252
4.273100,54.971875
4.273200,54.978901
4.273300,54.979666
4.273400,54.980124
4.273500,54.980425
4.273600,54.980504
4.273700,54.981580
4.273800,54.980949
4.273900,54.981412
4.274000,54.980430
4.274100,54.981225
4.274200,54.980860
4.274300,54.980596
4.274400,54.981330
4.274500,54.981682
4.274600,54.981593
4.274700,54.981353
4.274800,54.981265
4.274900,54.981789
4.275000,54.981574
4.275100,54.981239
4.275200,54.981306
4.275300,54.981715
4.275400,54.981557
4.275500,54.981541
4.275600,54.981367
4.275700,54.981345
4.275800,54.981268
4.275900,54.981121
4.276000,54.981194
4.276100,54.981466
4.276200,54.981584
4.276300,54.981356
4.276400,54.980898
4.276500,54.980976
4.276600,54.981012
4.276700,54.981594
4.276800,54.981522
4.276900,54.981240
4.277000,54.981179
4.277100,54.981353
4.277200,54.980893
4.277300,54.981319
4.277400,54.981132
4.277500,54.981021
4.277600,54.981564
4.277700,54.981191
4.277800,54.981321
4.277900,54.981181
4.278000,54.981458
4.278100,54.981217
4.278200,54.981365
4.278300,54.981456
4.278400,54.980879
4.278500,54.981142
4.278600,54.981136
4.278700,54.981301
4.278800,54.981157
4.278900,54.981291
4.279000,54.981649
4.279100,54.981840
4.279200,54.981611
4.279300,54.981988
4.279400,54.981923
4.279500,54.981090
4.279600,54.982376
4.279700,54.980973
4.279800,54.981911
4.279900,54.982509
4.280000,54.979753
4.280100,54.982496
4.280200,54.983337
4.280300,54.985074
4.280400,54.986158
4.280500,54.984381
4.280600,54.984744
4.280700,54.982778
4.280800,54.981858
4.280900,54.985214
4.281000,54.986730
4.281100,54.993198
4.281200,54.997218
4.281300,55.003365
4.281400,55.009687
4.281500,54.996865
4.281600,54.977937
4.281700,54.963803
4.281800,54.962707
4.281900,54.985654
4.282000,54.979037
4.282100,54.978246
4.282200,54.987668
4.282300,54.989335
4.282400,54.992312
4.282500,54.990469
4.282600,54.990725
4.282700,54.990037
4.282800,54.989340
4.282900,54.990141
4.283000,54.990290
4.283100,54.990471
4.283200,54.991389
4.283300,54.992463
4.283400,54.992638
4.283500,54.992592
4.283600,54.993380
4.283700,54.992803
4.283800,54.992140
4.283900,54.992201
4.284000,54.992207
4.284100,54.992339
4.284200,54.992032
4.284300,54.992201
4.284400,54.992169
4.284500,54.992225
4.284600,54.992442
4.284700,54.991914
4.284800,54.992121
4.284900,54.992437
4.285000,54.992255
4.285100,54.992430
4.285200,54.992174
4.285300,54.992322
4.285400,54.992244
4.285500,54.992106
4.285600,54.992170
4.285700,54.992174
4.285800,54.991879
4.285900,54.992280
4.286000,54.992757
4.286100,54.992168
4.286200,54.992105
4.286300,54.992030
4.286400,54.992190
4.286500,54.992027
4.286600,54.991930
4.286700,54.991747
4.286800,54.992120
4.286900,54.992373
4.287000,54.992159
4.287100,54.992136
4.287200,54.992566
4.287300,54.992569
4.287400,54.992857
4.287500,54.992148
4.287600,54.992333
4.287700,54.992847
4.287800,54.992401
4.287900,54.992551
4.288000,54.992628
4.288100,54.992130
4.288200,54.991883
4.288300,54.991714
4.288400,54.993245
4.288500,54.993483
4.288600,54.992784
4.288700,54.992915
4.288800,54.993002
4.288900,54.992374
4.289000,54.990618
4.289100,54.990671
4.289200,54.993816
4.289300,54.992438
4.289400,54.992055
4.289500,54.988678
4.289600,54.993256
4.289700,54.990606
4.289800,54.987144
4.289900,54.988662
4.290000,54.995602
4.290100,54.996838
4.290200,54.998070
4.290300,55.006245
4.290400,55.012237
4.290500,54.997289
4.290600,54.989305
4.290700,55.004409
4.290800,55.025939
4.290900,55.002055
4.291000,54.984917
4.291100,54.971070
4.291200,54.970253
4.291300,54.981821
4.291400,54.985336
4.291500,54.985091
4.291600,54.987787
4.291700,54.987611
4.291800,54.987560
4.291900,54.987734
4.292000,54.986249
4.292100,54.986950
4.292200,54.987406
4.292300,54.988050
4.292400,54.986597
4.292500,54.987002
4.292600,54.987857
4.292700,54.988823
4.292800,54.988407
4.292900,54.987554
4.293000,54.987457
4.293100,54.987809
4.293200,54.987486
4.293300,54.987925
4.293400,54.987991
4.293500,54.987720
4.293600,54.987515
4.293700,54.987961
4.293800,54.987958
4.293900,54.987608
4.294000,54.987841
4.294100,54.988038
4.294200,54.987852
4.294300,54.987546
4.294400,54.987969
4.294500,54.987978
4.294600,54.988102
4.294700,54.987577
4.294800,54.987879
4.294900,54.987779
4.295000,54.987833
4.295100,54.987799
4.295200,54.987444
4.295300,54.987934
4.295400,54.987813
4.295500,54.987743
4.295600,54.988040
4.295700,54.988255
4.295800,54.987990
4.295900,54.988046
4.296000,54.988010
4.296100,54.987586
4.296200,54.987913
4.296300,54.987791
4.296400,54.988375
4.296500,54.988009
4.296600,54.987711
4.296700,54.988078
4.296800,54.987201
4.296900,54.987872
4.297000,54.988066
4.297100,54.987788
4.297200,54.988182
4.297300,54.987804
4.297400,54.986642
4.297500,54.987098
4.297600,54.988126
4.297700,54.989934
4.297800,54.989162
4.297900,54.988527
4.298000,54.988396
4.298100,54.988480
4.298200,54.990098
4.298300,54.989305
4.298400,54.988227
4.298500,54.986795
4.298600,54.984388
4.298700,54.986902
4.298800,54.988732
4.298900,54.991489
4.299000,54.994523
4.299100,54.988451
4.299200,54.991995
4.299300,54.991032
4.299400,54.997150
4.299500,54.993734
4.299600,55.002498
4.299700,55.008934
4.299800,54.999105
4.299900,55.007986
4.300000,55.024320
4.300100,55.021763
4.300200,55.030452
4.300300,55.020208
4.300400,55.022130
4.300500,55.019869
4.300600,55.022902
4.300700,55.021872
4.300800,55.021780
4.300900,55.022242
4.301000,55.021071
4.301100,55.020977
4.301200,55.020600
4.301300,55.020174
4.301400,55.018843
4.301500,55.019117
4.301600,55.018928
4.301700,55.018778
4.301800,55.018521
4.301900,55.019062
4.302000,55.019057
4.302100,55.019237
4.302200,55.019477
4.302300,55.019392
4.302400,55.019529
4.302500,55.019508
4.302600,55.019105
4.302700,55.019662
4.302800,55.019277
4.302900,55.019268
4.303000,55.019393
4.303100,55.019089
4.303200,55.018955
4.303300,55.019320
4.303400,55.019429
4.303500,55.019421
4.303600,55.019267
4.303700,55.019126
4.303800,55.019431
4.303900,55.019265
4.304000,55.019423
4.304100,55.019532
4.304200,55.019226
4.304300,55.019244
4.304400,55.019312
4.304500,55.019498
4.304600,55.019703
4.304700,55.019176
4.304800,55.019104
4.304900,55.018812
4.305000,55.019614
4.305100,55.019893
4.305200,55.019703
4.305300,55.019435
4.305400,55.019530
4.305500,55.019853
4.305600,55.019225
4.305700,55.018618
4.305800,55.018518
4.305900,55.019669
4.306000,55.019092
4.306100,55.019486
4.306200,55.019601
4.306300,55.020394
4.306400,55.019608
4.306500,55.018180
4.306600,55.018946
4.306700,55.018535
4.306800,55.019004
4.306900,55.019219
4.307000,55.020798
4.307100,55.019695
4.307200,55.020212
4.307300,55.021047
4.307400,55.021266
4.307500,55.021736
4.307600,55.022733
4.307700,55.022852
4.307800,55.020157
4.307900,55.018078
4.308000,55.011845
4.308100,55.011784
4.308200,55.019667
4.308300,55.011298
4.308400,55.014816
4.308500,55.018266
4.308600,55.019236
4.308700,55.021015
4.308800,55.028745
4.308900,55.034323
4.309000,55.035379
4.309100,55.032847
4.309200,55.028285
4.309300,55.009389
4.309400,55.008167
4.309500,55.009155
4.309600,55.005705
4.309700,55.007760
4.309800,55.006946
4.309900,55.006717
4.310000,55.005930
4.310100,55.005059
4.310200,55.003753
4.310300,55.003911
4.310400,55.004659
4.310500,55.004993
4.310600,55.005183
4.310700,55.004742
4.310800,55.004600
4.310900,55.004788
4.311000,55.004485
4.311100,55.004778
4.311200,55.005221
4.311300,55.004594
4.311400,55.004590
4.311500,55.004625
4.311600,55.004594
4.311700,55.004179
4.311800,55.004330
4.311900,55.004421
4.312000,55.004927
4.312100,55.004832
4.312200,55.004939
4.312300,55.005066
4.312400,55.004527
4.312500,55.004550
4.312600,55.004784
4.312700,55.004748
4.312800,55.004488
4.312900,55.004439
4.313000,55.004360
4.313100,55.004645
4.313200,55.004809
4.313300,55.004724
4.313400,55.004821
4.313500,55.004984
4.313600,55.004777
4.313700,55.005048
4.313800,55.004717
4.313900,55.004576
4.314000,55.004719
4.314100,55.004428
4.314200,55.004474
4.314300,55.004748
4.314400,55.004684
4.314500,55.004853
4.314600,55.004517
4.314700,55.004428
4.314800,55.004189
4.314900,55.004451
4.315000,55.004001
4.315100,55.004621
4.315200,55.005149
4.315300,55.005426
4.315400,55.004289
4.315500,55.004891
4.315600,55.004541
4.315700,55.004619
4.315800,55.005741
4.315900,55.005264
4.316000,55.005722
4.316100,55.006041
4.316200,55.007010
4.316300,55.008065
4.316400,55.005290
4.316500,55.005952
4.316600,55.003714
4.316700,55.001954
4.316800,55.003631
4.316900,55.006431
4.317000,55.004063
4.317100,55.002232
4.317200,54.999344
4.317300,55.001976
4.317400,55.001464
4.317500,54.998773
4.317600,54.999725
4.317700,55.015037
4.317800,55.015206
4.317900,55.015402
4.318000,55.020162
4.318100,55.020665
4.318200,55.016000
4.318300,55.016491
4.318400,55.020186
4.318500,55.006024
4.318600,55.010418
4.318700,55.012825
4.318800,55.009561
4.318900,55.010992
4.319000,55.010993
4.319100,55.011292
4.319200,55.010421
4.319300,55.010056
4.319400,55.010196
4.319500,55.008905
4.319600,55.009721
4.319700,55.009884
4.319800,55.009705
4.319900,55.010723
4.320000,55.011128
4.320100,55.010619
4.320200,55.010496
4.320300,55.010253
4.320400,55.010732
4.320500,55.010561
4.320600,55.010409
4.320700,55.010620
4.320800,55.010616
4.320900,55.010362
4.321000,55.010397
4.321100,55.010576
4.321200,55.010836
4.321300,55.010300
4.321400,55.010522
4.321500,55.010647
4.321600,55.010594
4.321700,55.010715
4.321800,55.010491
4.321900,55.010515
4.322000,55.010671
4.322100,55.010633
4.322200,55.010465
4.322300,55.010500
4.322400,55.010440
4.322500,55.010859
4.322600,55.010981
4.322700,55.010493
4.322800,55.010491
4.322900,55.010736
4.323000,55.010558
4.323100,55.010480
4.323200,55.010242
4.323300,55.010254
4.323400,55.010436
4.323500,55.010592
4.323600,55.010376
4.323700,55.011318
4.323800,55.010947
4.323900,55.011022
4.324000,55.011232
4.324100,55.010886
4.324200,55.010054
4.324300,55.009974
4.324400,55.011345
4.324500,55.010915
4.324600,55.011438
4.324700,55.010987
4.324800,55.010923
4.324900,55.011034
4.325000,55.009094
4.325100,55.011468
4.325200,55.011335
4.325300,55.011487
4.325400,55.009998
4.325500,55.010306
4.325600,55.009559
4.325700,55.010068
4.325800,55.008041
4.325900,55.011712
4.326000,55.012383
4.326100,55.012043
4.326200,55.015586
4.326300,55.010650
4.326400,55.018345
4.326500,55.009937
4.326600,55.009039
4.326700,55.012314
4.326800,55.014950
4.326900,55.016057
4.327000,55.003134
4.327100,54.984606
4.327200,54.979862
4.327300,54.977833
4.327400,54.985537
4.327500,54.990373
4.327600,54.983033
4.327700,54.988631
4.327800,54.986345
4.327900,54.988903
4.328000,54.988227
4.328100,54.988243
4.328200,54.988887
4.328300,54.988193
4.328400,54.986514
4.328500,54.987077
4.328600,54.988637
4.328700,54.988174
4.328800,54.988218
4.328900,54.987192
4.329000,54.987758
4.329100,54.987671
4.329200,54.987913
4.329300,54.987663
4.329400,54.987703
4.329500,54.988013
4.329600,54.987738
4.329700,54.987436
4.329800,54.987085
4.329900,54.987442
4.330000,54.987533
4.330100,54.988014
4.330200,54.987580
4.330300,54.987410
4.330400,54.987606
4.330500,54.987243
4.330600,54.987632
4.330700,54.987307
4.330800,54.987456
4.330900,54.987189
4.331000,54.987498
4.331100,54.987632
4.331200,54.987379
4.331300,54.987472
4.331400,54.987454
4.331500,54.987479
4.331600,54.987487
4.331700,54.987732
4.331800,54.987468
4.331900,54.987391
4.332000,54.987434
4.332100,54.987479
4.332200,54.987351
4.332300,54.986955
4.332400,54.987382
4.332500,54.987614
4.332600,54.987327
4.332700,54.987237
4.332800,54.987239
4.332900,54.987574
4.333000,54.987276
4.333100,54.986905
4.333200,54.988095
4.333300,54.987780
4.333400,54.987856
4.333500,54.987183
4.333600,54.987872
4.333700,54.988537
4.333800,54.988195
4.333900,54.988053
4.334000,54.987816
4.334100,54.987576
4.334200,54.986387
4.334300,54.987800
4.334400,54.985656
4.334500,54.985715
4.334600,54.987264
4.334700,54.986745
4.334800,54.989252
4.334900,54.988038
4.335000,54.989499
4.335100,54.990735
4.335200,54.991775
4.335300,54.992950
4.335400,54.988350
4.335500,54.992566
4.335600,54.993592
4.335700,54.982707
4.335800,54.990102
4.335900,54.986802
4.336000,54.992403
4.336100,54.982854
4.336200,54.971650
4.336300,54.973644
4.336400,54.994178
4.336500,55.012903
4.336600,55.016564
4.336700,55.027251
4.336800,55.024537
4.336900,55.020933
4.337000,55.017542
4.337100,55.018469
4.337200,55.018489
4.337300,55.017969
4.337400,55.017836
4.337500,55.019505
4.337600,55.020475
4.337700,55.020771
4.337800,55.020730
4.337900,55.019676
4.338000,55.019619
4.338100,55.020036
4.338200,55.020216
4.338300,55.019392
4.338400,55.019367
4.338500,55.019726
4.338600,55.019272
4.338700,55.019236
4.338800,55.019599
4.338900,55.020209
4.339000,55.020059
4.339100,55.019825
4.339200,55.019867
4.339300,55.019969
4.339400,55.019996
4.339500,55.020076
4.339600,55.020149
4.339700,55.019954
4.339800,55.019803
4.339900,55.020051
4.340000,55.020152
4.340100,55.020428
4.340200,55.019868
4.340300,55.019841
4.340400,55.019881
4.340500,55.019599
4.340600,55.020042
4.340700,55.020292
4.340800,55.020215
4.340900,55.020177
4.341000,55.020038
4.341100,55.020137
4.341200,55.020008
4.341300,55.020466
4.341400,55.020236
4.341500,55.020077
4.341600,55.019794
4.341700,55.020111
4.341800,55.019821
4.341900,55.020063
4.342000,55.019934
4.342100,55.020506
4.342200,55.020400
4.342300,55.020061
4.342400,55.019908
4.342500,55.020208
4.342600,55.019370
4.342700,55.020259
4.342800,55.019857
4.342900,55.020369
4.343000,55.020359
4.343100,55.019773
4.343200,55.020334
4.343300,55.019212
4.343400,55.019358
4.343500,55.019451
4.343600,55.021252
4.343700,55.020066
4.343800,55.020652
4.343900,55.017474
4.344000,55.018925
4.344100,55.023322
4.344200,55.021160
4.344300,55.019509
4.344400,55.019829
4.344500,55.024994
4.344600,55.016560
4.344700,55.021354
4.344800,55.025922
4.344900,55.015739
4.345000,55.030940
4.345100,55.012640
4.345200,55.005991
4.345300,55.007895
4.345400,54.985475
4.345500,55.000372
4.345600,54.997575
4.345700,54.980415
4.345800,54.989321
4.345900,54.989189
4.346000,54.986475
4.346100,54.985010
4.346200,54.985161
4.346300,54.984949
4.346400,54.984341
4.346500,54.984408
4.346600,54.984457
4.346700,54.984365
4.346800,54.984893
4.346900,54.984462
4.347000,54.985393
4.347100,54.984911
4.347200,54.984584
4.347300,54.984516
4.347400,54.984599
4.347500,54.984864
4.347600,54.984629
4.347700,54.984647
4.347800,54.984011
4.347900,54.984519
4.348000,54.984473
4.348100,54.984424
4.348200,54.984642
4.348300,54.984737
4.348400,54.985162
4.348500,54.984680
4.348600,54.984576
4.348700,54.984689
4.348800,54.984516
4.348900,54.984797
4.349000,54.984453
4.349100,54.984261
4.349200,54.984505
4.349300,54.984401
4.349400,54.984429
4.349500,54.984150
4.349600,54.984362
4.349700,54.984583
4.349800,54.984391
4.349900,54.984523
4.350000,54.984160
4.350100,54.984224
4.350200,54.984204
4.350300,54.984417
4.350400,54.984583
4.350500,54.984722
4.350600,54.984172
4.350700,54.984394
4.350800,54.984733
4.350900,54.984176
4.351000,54.984247
4.351100,54.983940
4.351200,54.983582
4.351300,54.984213
4.351400,54.985086
4.351500,54.985187
4.351600,54.984209
4.351700,54.983387
4.351800,54.984514
4.351900,54.984796
4.352000,54.985014
4.352100,54.983860
4.352200,54.985309
4.352300,54.984976
4.352400,54.987026
4.352500,54.986257
4.352600,54.985230
4.352700,54.986810
4.352800,54.986319
4.352900,54.985296
4.353000,54.983120
4.353100,54.984801
4.353200,54.986631
4.353300,54.984908
4.353400,54.990506
4.353500,54.990031
4.353600,54.993023
4.353700,54.994453
4.353800,54.994126
4.353900,54.988579
4.354000,54.994420
4.354100,54.997410
4.354200,54.998623
4.354300,54.980905
4.354400,54.983716
4.354500,55.000555
4.354600,55.003601
4.354700,55.004391
4.354800,55.009464
4.354900,55.013389
4.355000,55.022913
4.355100,55.024480
4.355200,55.022849
4.355300,55.022301
4.355400,55.022522
4.355500,55.021278
4.355600,55.021641
4.355700,55.021926
4.355800,55.022102
4.355900,55.022243
4.356000,55.022376
4.356100,55.022353
4.356200,55.022702
4.356300,55.023056
4.356400,55.022601
4.356500,55.022052
4.356600,55.021705
4.356700,55.021738
4.356800,55.022181
4.356900,55.022158
4.357000,55.022015
4.357100,55.022319
4.357200,55.022287
4.357300,55.022162
4.357400,55.022033
4.357500,55.022006
4.357600,55.021863
4.357700,55.022230
4.357800,55.022158
4.357900,55.022273
4.358000,55.022339
4.358100,55.021896
4.358200,55.022212
4.358300,55.022073
4.358400,55.022281
4.358500,55.022274
4.358600,55.022177
4.358700,55.022239
4.358800,55.021991
4.358900,55.022113
4.359000,55.021887
4.359100,55.022030
4.359200,55.022055
4.359300,55.022509
4.359400,55.022353
4.359500,55.022289
4.359600,55.022724
4.359700,55.022520
4.359800,55.021916
4.359900,55.022263
4.360000,55.021791
4.360100,55.022842
4.360200,55.022225
4.360300,55.022529
4.360400,55.021897
4.360500,55.022351
4.360600,55.022855
4.360700,55.023045
4.360800,55.021830
4.360900,55.022033
4.361000,55.022132
4.361100,55.022135
4.361200,55.021246
4.361300,55.023293
4.361400,55.022461
4.361500,55.022808
4.361600,55.024799
4.361700,55.022381
4.361800,55.023340
4.361900,55.022216
4.362000,55.023367
4.362100,55.021165
4.362200,55.025315
4.362300,55.023239
4.362400,55.022330
4.362500,55.024692
4.362600,55.023251
4.362700,55.021278
4.362800,55.016251
4.362900,55.023401
4.363000,55.020857
4.363100,55.025915
4.363200,55.016120
4.363300,55.017114
4.363400,55.032326
4.363500,55.026325
4.363600,55.043617
4.363700,55.035487
4.363800,55.025268
4.363900,55.014789
4.364000,55.013070
4.364100,55.019603
4.364200,55.020755
4.364300,55.022691
4.364400,55.023128
4.364500,55.023177
4.364600,55.023911
4.364700,55.025339
4.364800,55.023658
4.364900,55.025276
4.365000,55.023732
4.365100,55.023850
4.365200,55.024502
4.365300,55.024244
4.365400,55.024177
4.365500,55.024673
4.365600,55.024548
4.365700,55.024142
4.365800,55.023901
4.365900,55.024225
4.366000,55.024766
4.366100,55.024378
4.366200,55.024050
4.366300,55.024190
4.366400,55.024441
4.366500,55.024411
4.366600,55.024435
4.366700,55.024263
4.366800,55.024231
4.366900,55.024291
4.367000,55.024117
4.367100,55.024219
4.367200,55.024451
4.367300,55.024125
4.367400,55.024313
4.367500,55.024502
4.367600,55.024612
4.367700,55.024762
4.367800,55.024580
4.367900,55.024623
4.368000,55.024494
4.368100,55.024861
4.368200,55.024245
4.368300,55.024619
4.368400,55.024340
4.368500,55.024425
4.368600,55.024254
4.368700,55.024459
4.368800,55.024075
4.368900,55.024087
4.369000,55.024573
4.369100,55.024103
4.369200,55.024262
4.369300,55.024573
4.369400,55.024410
4.369500,55.024337
4.369600,55.024556
4.369700,55.024911
4.369800,55.025662
4.369900,55.024828
4.370000,55.024790
4.370100,55.024840
4.370200,55.023649
4.370300,55.024066
4.370400,55.023634
4.370500,55.023316
4.370600,55.024714
4.370700,55.023888
4.370800,55.022987
4.370900,55.024657
4.371000,55.025814
4.371100,55.026656
4.371200,55.025982
4.371300,55.024578
4.371400,55.019821
4.371500,55.016497
4.371600,55.022643
4.371700,55.018006
4.371800,55.021887
4.371900,55.023290
4.372000,55.026504
4.372100,55.020891
4.372200,55.009019
4.372300,55.005363
4.372400,55.000536
4.372500,55.003418
4.372600,55.001920
4.372700,54.994914
4.372800,54.979686
4.372900,54.978594
4.373000,54.988032
4.373100,54.979724
4.373200,54.981096
4.373300,54.984129
4.373400,54.985223
4.373500,54.984803
4.373600,54.985036
4.373700,54.985815
4.373800,54.985625
4.373900,54.984959
4.374000,54.984568
4.374100,54.984924
4.374200,54.985344
4.374300,54.985112
4.374400,54.984610
4.374500,54.984463
4.374600,54.985318
4.374700,54.985421
4.374800,54.985531
4.374900,54.985365
4.375000,54.985579
4.375100,54.985345
4.375200,54.985140
4.375300,54.985152
4.375400,54.985266
4.375500,54.985421
4.375600,54.985422
4.375700,54.985204
4.375800,54.984935
4.375900,54.985159
4.376000,54.985010
4.376100,54.984987
4.376200,54.985102
4.376300,54.985364
4.376400,54.985333
4.376500,54.985351
4.376600,54.985421
4.376700,54.984946
4.376800,54.985342
4.376900,54.985160
4.377000,54.985147
4.377100,54.984976
4.377200,54.984915
4.377300,54.985156
4.377400,54.985197
4.377500,54.984773
4.377600,54.985272
4.377700,54.985494
4.377800,54.985423
4.377900,54.985058
4.378000,54.985203
4.378100,54.985364
4.378200,54.984975
4.378300,54.985140
4.378400,54.984857
4.378500,54.985288
4.378600,54.985320
4.378700,54.984511
4.378800,54.985550
4.378900,54.986061
4.379000,54.985927
4.379100,54.985842
4.379200,54.985848
4.379300,54.985872
4.379400,54.985349
4.379500,54.984824
4.379600,54.983892
4.379700,54.984016
4.379800,54.983378
4.379900,54.982726
4.380000,54.983764
4.380100,54.984390
4.380200,54.984401
4.380300,54.988115
4.380400,54.989974
4.380500,54.986771
4.380600,54.989430
4.380700,54.988003
4.380800,54.991902
4.380900,54.985350
4.381000,54.987886
4.381100,54.978152
4.381200,54.970479
4.381300,54.968076
4.381400,54.976109
4.381500,54.995229
4.381600,54.999448
4.381700,54.979075
4.381800,54.990750
4.381900,54.990703
4.382000,54.990613
4.382100,54.999882
4.382200,54.995968
4.382300,54.988541
4.382400,54.989483
4.382500,54.989621
4.382600,54.989763
4.382700,54.990118
4.382800,54.991555
4.382900,54.991372
4.383000,54.991930
4.383100,54.991981
4.383200,54.990526
4.383300,54.989846
4.383400,54.989856
4.383500,54.989908
4.383600,54.989344
4.383700,54.989235
4.383800,54.989566
4.383900,54.990307
4.384000,54.989729
4.384100,54.989610
4.384200,54.989545
4.384300,54.989711
4.384400,54.989648
4.384500,54.989562
4.384600,54.989351
4.384700,54.989839
4.384800,54.989774
4.384900,54.989591
4.385000,54.989620
4.385100,54.989672
4.385200,54.989623
4.385300,54.989689
4.385400,54.989389
4.385500,54.989689
4.385600,54.989610
4.385700,54.989775
4.385800,54.989602
4.385900,54.989640
4.386000,54.989687
4.386100,54.989836
4.386200,54.989496
4.386300,54.989480
4.386400,54.989177
4.386500,54.989549
4.386600,54.989551
4.386700,54.989682
4.386800,54.989685
4.386900,54.989452
4.387000,54.989516
4.387100,54.989353
4.387200,54.989585
4.387300,54.989516
4.387400,54.989437
4.387500,54.989333
4.387600,54.989610
4.387700,54.989229
4.387800,54.990307
4.387900,54.989259
4.388000,54.990583
4.388100,54.990200
4.388200,54.989687
4.388300,54.990575
4.388400,54.989033
4.388500,54.990929
4.388600,54.990242
4.388700,54.989390
4.388800,54.990341
4.388900,54.989410
4.389000,54.989275
4.389100,54.989713
4.389200,54.989105
4.389300,54.990552
4.389400,54.989646
4.389500,54.991346
4.389600,54.988502
4.389700,54.993615
4.389800,54.989735
4.389900,54.986125
4.390000,54.986717
4.390100,54.988231
4.390200,54.991337
4.390300,54.986836
4.390400,54.985683
4.390500,54.990525
4.390600,55.007496
4.390700,55.001408
4.390800,55.007905
4.390900,55.000046
4.391000,54.983000
4.391100,54.981045
4.391200,54.982265
4.391300,54.979415
4.391400,54.987284
4.391500,54.989432
4.391600,54.990181
4.391700,54.989856
4.391800,54.989538
4.391900,54.989176
4.392000,54.989367
4.392100,54.990962
4.392200,54.991983
4.392300,54.990953
4.392400,54.990460
4.392500,54.990596
4.392600,54.990592
4.392700,54.990780
4.392800,54.990820
4.392900,54.990089
4.393000,54.990141
4.393100,54.990493
4.393200,54.990866
4.393300,54.990726
4.393400,54.990721
4.393500,54.991010
4.393600,54.990915
4.393700,54.990586
4.393800,54.991059
4.393900,54.990942
4.394000,54.990862
4.394100,54.990930
4.394200,54.990756
4.394300,54.990568
4.394400,54.990802
4.394500,54.990627
4.394600,54.990629
4.394700,54.990636
4.394800,54.990591
4.394900,54.990646
4.395000,54.991018
4.395100,54.990973
4.395200,54.990964
4.395300,54.990830
4.395400,54.990827
4.395500,54.990899
4.395600,54.990839
4.395700,54.990531
4.395800,54.990728
4.395900,54.990389
4.396000,54.990442
4.396100,54.990656
4.396200,54.990667
4.396300,54.990586
4.396400,54.990138
4.396500,54.990714
4.396600,54.990691
4.396700,54.990095
4.396800,54.990495
4.396900,54.991421
4.397000,54.990298
4.397100,54.990547
4.397200,54.990776
4.397300,54.992223
4.397400,54.990819
4.397500,54.990465
4.397600,54.991881
4.397700,54.991360
4.397800,54.990834
4.397900,54.991385
4.398000,54.989980
4.398100,54.992666
4.398200,54.992878
4.398300,54.991082
4.398400,54.989312
4.398500,54.988295
4.398600,54.988784
4.398700,54.989699
4.398800,54.995045
4.398900,54.996971
4.399000,54.995661
4.399100,54.995952
4.399200,55.002869
4.399300,54.998071
4.399400,54.992749
4.399500,55.003036
4.399600,54.999582
4.399700,54.995769
4.399800,54.992762
4.399900,55.016177
4.400000,55.002302
4.400100,54.979955
4.400200,54.991384
4.400300,55.001023
4.400400,55.003136
4.400500,55.005026
4.400600,55.003797
4.400700,55.003785
4.400800,55.003677
4.400900,55.004152
4.401000,55.003143
4.401100,55.003999
4.401200,55.002390
4.401300,55.001194
4.401400,55.002030
4.401500,55.001030
4.401600,55.001176
4.401700,55.002115
4.401800,55.001472
4.401900,55.001227
4.402000,55.001733
4.402100,55.001515
4.402200,55.001782
4.402300,55.001463
4.402400,55.001555
4.402500,55.001345
4.402600,55.001569
4.402700,55.001535
4.402800,55.001578
4.402900,55.001593
4.403000,55.001369
4.403100,55.001243
4.403200,55.001459
4.403300,55.001603
4.403400,55.001389
4.403500,55.001501
4.403600,55.001457
4.403700,55.001334
4.403800,55.001376
4.403900,55.001579
4.404000,55.001737
4.404100,55.001483
4.404200,55.001660
4.404300,55.001467
4.404400,55.001420
4.404500,55.001440
4.404600,55.001261
4.404700,55.001185
4.404800,55.001762
4.404900,55.001778
4.405000,55.001557
4.405100,55.001694
4.405200,55.001827
4.405300,55.001689
4.405400,55.001724
4.405500,55.001653
4.405600,55.001479
4.405700,55.000902
4.405800,55.001451
4.405900,55.001965
4.406000,55.001884
4.406100,55.001946
4.406200,55.001750
4.406300,55.001525
4.406400,55.001927
4.406500,55.001736
4.406600,55.001107
4.406700,55.001431
4.406800,55.002516
4.406900,55.002772
4.407000,55.001493
4.407100,55.004064
4.407200,55.004541
4.407300,55.003048
4.407400,55.002248
4.407500,55.001441
4.407600,55.001150
4.407700,55.001095
4.407800,55.003758
4.407900,55.007873
4.408000,55.008820
4.408100,55.004779
4.408200,55.008599
4.408300,55.012785
4.408400,55.004301
4.408500,55.008438
4.408600,54.993942
4.408700,54.994685
4.408800,54.986615
4.408900,54.997139
4.409000,54.996829
4.409100,55.017833
4.409200,55.017501
4.409300,54.999205
4.409400,55.002856
4.409500,55.002525
4.409600,55.002978
4.409700,55.005462
4.409800,55.005270
4.409900,55.005266
4.410000,55.005072
4.410100,55.005931
4.410200,55.005130
4.410300,55.004262
4.410400,55.005399
4.410500,55.005844
4.410600,55.004876
4.410700,55.004961
4.410800,55.005277
4.410900,55.005487
4.411000,55.005497
4.411100,55.004945
4.411200,55.004766
4.411300,55.005070
4.411400,55.005023
4.411500,55.005485
4.411600,55.005189
4.411700,55.005081
4.411800,55.005084
4.411900,55.005582
4.412000,55.005256
4.412100,55.005170
4.412200,55.005021
4.412300,55.005246
4.412400,55.005262
4.412500,55.004965
4.412600,55.005091
4.412700,55.004846
4.412800,55.005175
4.412900,55.004929
4.413000,55.005038
4.413100,55.004859
4.413200,55.005227
4.413300,55.005098
4.413400,55.005283
4.413500,55.005155
4.413600,55.004905
4.413700,55.005161
4.413800,55.005038
4.413900,55.004691
4.414000,55.004505
4.414100,55.004865
4.414200,55.005238
4.414300,55.005044
4.414400,55.005161
4.414500,55.004893
4.414600,55.004814
4.414700,55.005194
4.414800,55.005232
4.414900,55.005055
4.415000,55.004196
4.415100,55.005118
4.415200,55.004774
4.415300,55.005234
4.415400,55.004924
4.415500,55.004903
4.415600,55.004069
4.415700,55.005864
4.415800,55.006931
4.415900,55.005300
4.416000,55.006147
4.416100,55.006034
4.416200,55.005182
4.416300,55.004962
4.416400,55.005258
4.416500,55.007579
4.416600,55.007913
4.416700,55.005635
4.416800,55.002259
4.416900,55.005968
4.417000,55.004776
4.417100,55.005183
4.417200,54.998965
4.417300,55.000549
4.417400,55.006869
4.417500,55.012270
4.417600,55.019228
4.417700,55.006844
4.417800,55.013900
4.417900,55.011996
4.418000,54.994277
4.418100,54.982925
4.418200,54.984916
4.418300,54.993751
4.418400,54.995915
4.418500,54.984955
4.418600,54.983524
4.418700,54.989920
4.418800,54.990530
4.418900,54.990334
4.419000,54.990306
4.419100,54.990726
4.419200,54.990118
4.419300,54.991791
4.419400,54.991640
4.419500,54.991875
4.419600,54.991080
4.419700,54.990191
4.419800,54.990305
4.419900,54.990823
4.420000,54.991060
4.420100,54.991132
4.420200,54.991038
4.420300,54.991163
4.420400,54.991096
4.420500,54.991236
4.420600,54.991309
4.420700,54.991221
4.420800,54.991279
4.420900,54.991272
4.421000,54.991173
4.421100,54.991423
4.421200,54.991226
4.421300,54.991201
4.421400,54.991639
4.421500,54.991316
4.421600,54.991374
4.421700,54.991184
4.421800,54.991014
4.421900,54.991268
4.422000,54.990913
4.422100,54.991108
4.422200,54.990934
4.422300,54.991003
4.422400,54.991007
4.422500,54.991238
4.422600,54.991050
4.422700,54.991046
4.422800,54.990990
4.422900,54.991227
4.423000,54.990961
4.423100,54.991084
4.423200,54.990599
4.423300,54.990842
4.423400,54.991159
4.423500,54.991236
4.423600,54.991376
4.423700,54.991665
4.423800,54.990848
4.423900,54.991465
4.424000,54.991181
4.424100,54.990918
4.424200,54.990851
4.424300,54.991385
4.424400,54.991156
4.424500,54.990808
4.424600,54.992119
4.424700,54.992269
4.424800,54.992049
4.424900,54.990224
4.425000,54.989742
4.425100,54.991286
4.425200,54.990407
4.425300,54.989351
4.425400,54.989333
4.425500,54.992334
4.425600,54.992484
4.425700,54.991919
4.425800,54.989374
4.425900,54.989878
4.426000,54.991315
4.426100,54.990502
4.426200,54.990742
4.426300,54.992699
4.426400,54.996796
4.426500,55.005482
4.426600,55.006834
4.426700,55.008411
4.426800,55.010276
4.426900,55.002037
4.427000,55.009535
4.427100,54.995871
4.427200,55.007510
4.427300,55.031796
4.427400,55.051097
4.427500,55.044303
4.427600,55.042049
4.427700,55.050036
4.427800,55.046432
4.427900,55.047244
4.428000,55.047180
4.428100,55.047233
4.428200,55.047671
4.428300,55.047933
4.428400,55.049631
4.428500,55.049543
4.428600,55.048005
4.428700,55.048867
4.428800,55.048064
4.428900,55.047644
4.429000,55.048530
4.429100,55.048151
4.429200,55.047958
4.429300,55.047519
4.429400,55.047722
4.429500,55.048117
4.429600,55.048050
4.429700,55.047470
4.429800,55.047718
4.429900,55.047916
4.430000,55.048037
4.430100,55.048181
4.430200,55.048054
4.430300,55.047819
4.430400,55.047875
4.430500,55.047853
4.430600,55.047819
4.430700,55.048044
4.430800,55.048295
4.430900,55.048046
4.431000,55.048123
4.431100,55.047848
4.431200,55.048179
4.431300,55.047661
4.431400,55.047791
4.431500,55.047704
4.431600,55.047823
4.431700,55.047833
4.431800,55.048111
4.431900,55.047959
4.432000,55.048157
4.432100,55.047789
4.432200,55.047874
4.432300,55.047902
4.432400,55.048049
4.432500,55.047937
4.432600,55.047668
4.432700,55.047984
4.432800,55.048312
4.432900,55.047740
4.433000,55.048112
4.433100,55.048072
4.433200,55.048760
4.433300,55.047711
4.433400,55.047360
4.433500,55.047984
4.433600,55.048455
4.433700,55.047718
4.433800,55.048219
4.433900,55.048689
4.434000,55.046955
4.434100,55.047355
4.434200,55.046441
4.434300,55.046784
4.434400,55.049267
4.434500,55.049983
4.434600,55.048192
4.434700,55.048054
4.434800,55.049870
4.434900,55.048135
4.435000,55.046705
4.435100,55.049673
4.435200,55.051498
4.435300,55.045671
4.435400,55.046668
4.435500,55.040916
4.435600,55.045004
4.435700,55.047544
4.435800,55.041144
4.435900,55.028397
4.436000,55.020463
4.436100,55.000623
4.436200,54.987277
4.436300,54.984680
4.436400,54.993344
4.436500,54.976327
4.436600,54.967466
4.436700,54.971961
4.436800,54.970490
4.436900,54.969883
4.437000,54.971206
4.437100,54.971077
4.437200,54.971085
4.437300,54.970871
4.437400,54.971093
4.437500,54.971834
4.437600,54.971627
4.437700,54.972190
4.437800,54.972213
4.437900,54.971796
4.438000,54.972608
4.438100,54.972048
4.438200,54.972216
4.438300,54.971626
4.438400,54.971644
4.438500,54.971334
4.438600,54.971724
4.438700,54.972042
4.438800,54.972017
4.438900,54.971644
4.439000,54.971538
4.439100,54.971730
4.439200,54.971692
4.439300,54.971942
4.439400,54.971550
4.439500,54.971751
4.439600,54.971504
4.439700,54.971676
4.439800,54.971771
4.439900,54.971970
4.440000,54.971639
4.440100,54.971709
4.440200,54.971466
4.440300,54.971311
4.440400,54.971483
4.440500,54.971380
4.440600,54.971482
4.440700,54.971387
4.440800,54.971284
4.440900,54.971509
4.441000,54.971746
4.441100,54.971275
4.441200,54.971428
4.441300,54.971464
4.441400,54.971424
4.441500,54.971260
4.441600,54.971183
4.441700,54.971262
4.441800,54.971875
4.441900,54.971468
4.442000,54.971923
4.442100,54.972523
4.442200,54.972067
4.442300,54.970922
4.442400,54.970931
4.442500,54.971035
4.442600,54.970418
4.442700,54.971935
4.442800,54.971667
4.442900,54.971250
4.443000,54.971149
4.443100,54.970283
4.443200,54.971292
4.443300,54.971103
4.443400,54.973389
4.443500,54.971608
4.443600,54.970799
4.443700,54.972737
4.443800,54.972303
4.443900,54.972684
4.444000,54.972878
4.444100,54.973970
4.444200,54.970787
4.444300,54.965753
4.444400,54.967743
4.444500,54.970317
4.444600,54.974040
4.444700,54.976836
4.444800,54.976172
4.444900,54.983041
4.445000,54.985534
4.445100,54.999943
4.445200,55.017436
4.445300,55.022297
4.445400,55.036046
4.445500,55.021550
4.445600,55.015273
4.445700,55.027492
4.445800,55.029521
4.445900,55.021163
4.446000,55.020903
4.446100,55.020752
4.446200,55.020856
4.446300,55.020886
4.446400,55.020797
4.446500,55.019139
4.446600,55.019274
4.446700,55.020216
4.446800,55.018811
4.446900,55.019255
4.447000,55.019527
4.447100,55.019011
4.447200,55.018888
4.447300,55.018682
4.447400,55.019110
4.447500,55.018362
4.447600,55.018430
4.447700,55.018355
4.447800,55.018522
4.447900,55.018159
4.448000,55.018540
4.448100,55.018974
4.448200,55.018979
4.448300,55.018763
4.448400,55.019293
4.448500,55.018673
4.448600,55.018681
4.448700,55.018938
4.448800,55.018878
4.448900,55.018802
4.449000,55.018759
4.449100,55.018822
4.449200,55.018837
4.449300,55.018906
4.449400,55.018562
4.449500,55.018812
4.449600,55.018695
4.449700,55.019076
4.449800,55.018787
4.449900,55.018537
4.450000,55.018596
4.450100,55.018095
4.450200,55.018330
4.450300,55.018916
4.450400,55.018901
4.450500,55.018581
4.450600,55.018762
4.450700,55.018553
4.450800,55.018665
4.450900,55.018837
4.451000,55.018099
4.451100,55.018400
4.451200,55.018653
4.451300,55.018799
4.451400,55.017839
4.451500,55.018985
4.451600,55.018733
4.451700,55.018574
4.451800,55.018511
4.451900,55.018786
4.452000,55.018324
4.452100,55.018711
4.452200,55.018058
4.452300,55.018073
4.452400,55.019893
4.452500,55.021259
4.452600,55.018945
4.452700,55.019416
4.452800,55.020345
4.452900,55.017534
4.453000,55.019322
4.453100,55.020782
4.453200,55.020123
4.453300,55.020419
4.453400,55.021060
4.453500,55.022603
4.453600,55.020502
4.453700,55.012585
4.453800,55.008440
4.453900,55.000899
4.454000,55.011595
4.454100,55.002450
4.454200,55.005886
4.454300,55.025453
4.454400,55.037261
4.454500,55.016714
4.454600,54.999630
4.454700,55.009201
4.454800,55.000060
4.454900,55.002463
4.455000,54.998380
4.455100,55.004145
4.455200,55.003098
4.455300,55.003235
4.455400,55.003238
4.455500,55.002730
4.455600,55.002477
4.455700,55.003192
4.455800,55.004185
4.455900,55.004791
4.456000,55.005251
4.456100,55.004805
4.456200,55.005376
4.456300,55.005437
4.456400,55.005692
4.456500,55.005162
4.456600,55.005236
4.456700,55.005266
4.456800,55.005367
4.456900,55.005220
4.457000,55.005418
4.457100,55.005362
4.457200,55.005357
4.457300,55.004925
4.457400,55.005000
4.457500,55.004940
4.457600,55.005002
4.457700,55.004695
4.457800,55.004996
4.457900,55.005074
4.458000,55.005100
4.458100,55.005188
4.458200,55.005370
4.458300,55.005017
4.458400,55.005089
4.458500,55.005531
4.458600,55.005188
4.458700,55.005193
4.458800,55.004640
4.458900,55.004377
4.459000,55.004970
4.459100,55.004680
4.459200,55.005034
4.459300,55.005156
4.459400,55.004863
4.459500,55.005056
4.459600,55.004856
4.459700,55.004928
4.459800,55.004710
4.459900,55.004661
4.460000,55.005422
4.460100,55.005381
4.460200,55.005179
4.460300,55.005083
4.460400,55.004519
4.460500,55.005309
4.460600,55.005007
4.460700,55.004707
4.460800,55.003910
4.460900,55.005141
4.461000,55.004526
4.461100,55.004703
4.461200,55.005475
4.461300,55.004008
4.461400,55.004529
4.461500,55.006111
4.461600,55.005915
4.461700,55.004759
4.461800,55.004187
4.461900,55.001928
4.462000,55.004326
4.462100,55.004651
4.462200,55.002960
4.462300,55.003850
4.462400,55.003070
4.462500,55.005277
4.462600,55.002979
4.462700,55.001268
4.462800,55.000582
4.462900,55.006269
4.463000,54.994599
4.463100,54.999558
4.463200,55.006452
4.463300,55.006487
4.463400,54.994387
4.463500,54.994145
4.463600,54.992829
4.463700,54.979490
4.463800,54.966522
4.463900,54.971808
4.464000,54.968248
4.464100,54.975350
4.464200,54.974705
4.464300,54.973455
4.464400,54.974554
4.464500,54.974553
4.464600,54.974943
4.464700,54.975061
4.464800,54.975445
4.464900,54.976125
4.465000,54.975717
4.465100,54.976355
4.465200,54.975886
4.465300,54.975281
4.465400,54.975466
4.465500,54.975726
4.465600,54.975462
4.465700,54.975124
4.465800,54.975242
4.465900,54.975570
4.466000,54.976248
4.466100,54.975797
4.466200,54.975223
4.466300,54.975314
4.466400,54.975162
4.466500,54.975268
4.466600,54.975506
4.466700,54.975479
4.466800,54.975436
4.466900,54.975459
4.467000,54.975453
4.467100,54.975538
4.467200,54.975542
4.467300,54.975469
4.467400,54.975307
4.467500,54.975415
4.467600,54.975140
4.467700,54.975169
4.467800,54.975423
4.467900,54.975245
4.468000,54.975509
4.468100,54.975711
4.468200,54.975568
4.468300,54.975166
4.468400,54.975520
4.468500,54.975297
4.468600,54.975342
4.468700,54.974733
4.468800,54.975520
4.468900,54.975784
4.469000,54.975622
4.469100,54.975534
4.469200,54.975379
4.469300,54.975470
4.469400,54.975187
4.469500,54.974351
4.469600,54.974933
4.469700,54.975441
4.469800,54.974998
4.469900,54.975873
4.470000,54.976154
4.470100,54.974754
4.470200,54.974488
4.470300,54.974028
4.470400,54.973899
4.470500,54.973665
4.470600,54.974360
4.470700,54.975553
4.470800,54.977890
4.470900,54.976959
4.471000,54.977178
4.471100,54.977756
4.471200,54.976733
4.471300,54.977400
4.471400,54.976433
4.471500,54.975023
4.471600,54.979157
4.471700,54.979414
4.471800,54.975702
4.471900,54.975621
4.472000,54.977471
4.472100,54.981023
4.472200,54.992523
4.472300,54.988062
4.472400,54.983537
4.472500,54.978516
4.472600,54.967831
4.472700,54.973954
4.472800,54.956884
4.472900,54.964853
4.473000,54.972500
4.473100,54.965101
4.473200,54.974379
4.473300,54.980167
4.473400,54.980123
4.473500,54.980053
4.473600,54.979963
4.473700,54.980554
4.473800,54.981883
4.473900,54.982089
4.474000,54.982353
4.474100,54.980889
4.474200,54.981274
4.474300,54.982373
4.474400,54.982941
4.474500,54.983253
4.474600,54.982235
4.474700,54.981873
4.474800,54.982047
4.474900,54.982170
4.475000,54.981791
4.475100,54.981662
4.475200,54.981676
4.475300,54.981835
4.475400,54.981732
4.475500,54.981620
4.475600,54.981687
4.475700,54.981919
4.475800,54.981927
4.475900,54.982001
4.476000,54.981920
4.476100,54.982004
4.476200,54.981638
4.476300,54.982062
4.476400,54.981656
4.476500,54.981576
4.476600,54.981851
4.476700,54.981874
4.476800,54.981956
4.476900,54.981630
4.477000,54.981780
4.477100,54.981791
4.477200,54.981527
4.477300,54.981474
4.477400,54.981546
4.477500,54.981892
4.477600,54.981548
4.477700,54.981651
4.477800,54.981572
4.477900,54.981207
4.478000,54.981737
4.478100,54.981881
4.478200,54.982100
4.478300,54.981764
4.478400,54.981846
4.478500,54.981895
4.478600,54.981946
4.478700,54.981636
4.478800,54.981515
4.478900,54.982588
4.479000,54.982198
4.479100,54.981906
4.479200,54.981654
4.479300,54.982447
4.479400,54.982737
4.479500,54.982427
4.479600,54.981145
4.479700,54.981909
4.479800,54.981555
4.479900,54.982333
4.480000,54.979802
4.480100,54.980431
4.480200,54.981041
4.480300,54.982624
4.480400,54.985492
4.480500,54.983904
4.480600,54.985159
4.480700,54.987723
4.480800,54.981630
4.480900,54.988332
4.481000,54.987980
4.481100,54.980017
4.481200,54.978280
4.481300,54.965514
4.481400,54.956349
4.481500,54.949594
4.481600,54.954538
4.481700,54.972547
4.481800,54.964022
4.481900,54.984872
4.482000,54.976552
4.482100,54.989414
4.482200,54.979193
4.482300,54.981714
4.482400,54.980174
4.482500,54.982180
4.482600,54.982043
4.482700,54.982304
4.482800,54.982020
4.482900,54.981622
4.483000,54.983172
4.483100,54.983091
4.483200,54.982992
4.483300,54.982769
4.483400,54.983643
4.483500,54.983486
4.483600,54.983346
4.483700,54.983482
4.483800,54.983552
4.483900,54.983593
4.484000,54.983451
4.484100,54.983372
4.484200,54.983300
4.484300,54.983652
4.484400,54.983284
4.484500,54.983203
4.484600,54.983558
4.484700,54.983586
4.484800,54.983516
4.484900,54.983715
4.485000,54.983247
4.485100,54.982932
4.485200,54.983415
4.485300,54.983504
4.485400,54.983663
4.485500,54.983343
4.485600,54.983162
4.485700,54.983298
4.485800,54.983255
4.485900,54.983050
4.486000,54.983004
4.486100,54.983400
4.486200,54.983667
4.486300,54.983525
4.486400,54.983119
4.486500,54.983626
4.486600,54.983527
4.486700,54.983606
4.486800,54.983276
4.486900,54.983193
4.487000,54.983341
4.487100,54.983531
4.487200,54.983427
4.487300,54.983232
4.487400,54.983327
4.487500,54.983608
4.487600,54.984084
4.487700,54.983869
4.487800,54.983471
4.487900,54.983816
4.488000,54.983672
4.488100,54.983786
4.488200,54.983749
4.488300,54.982465
4.488400,54.983350
4.488500,54.983756
4.488600,54.984342
4.488700,54.984036
4.488800,54.985194
4.488900,54.984698
4.489000,54.982220
4.489100,54.982153
4.489200,54.982933
4.489300,54.981831
4.489400,54.982353
4.489500,54.981278
4.489600,54.981366
4.489700,54.983204
4.489800,54.987442
4.489900,54.988220
4.490000,54.988151
4.490100,54.991951
4.490200,55.001902
4.490300,54.997072
4.490400,55.003852
4.490500,54.994935
4.490600,54.989407
4.490700,54.984970
4.490800,54.962316
4.490900,54.967456
4.491000,54.985445
4.491100,54.984461
4.491200,54.998349
4.491300,55.006722
4.491400,54.999187
4.491500,55.002370
4.491600,55.003479
4.491700,55.002716
4.491800,55.002633
4.491900,55.003733
4.492000,55.002465
4.492100,55.001937
4.492200,55.001196
4.492300,55.001150
4.492400,55.001343
4.492500,55.000722
4.492600,55.000925
4.492700,55.001939
4.492800,55.002197
4.492900,55.001740
4.493000,55.001484
4.493100,55.001860
4.493200,55.001651
4.493300,55.002162
4.493400,55.001884
4.493500,55.001598
4.493600,55.002036
4.493700,55.002058
4.493800,55.001853
4.493900,55.001705
4.494000,55.001838
4.494100,55.002076
4.494200,55.001912
4.494300,55.001827
4.494400,55.001919
4.494500,55.002219
4.494600,55.002021
4.494700,55.001972
4.494800,55.002067
4.494900,55.001723
4.495000,55.001748
4.495100,55.001750
4.495200,55.001545
4.495300,55.001633
4.495400,55.002139
4.495500,55.002030
4.495600,55.001796
4.495700,55.001447
4.495800,55.001816
4.495900,55.001794
4.496000,55.002093
4.496100,55.001975
4.496200,55.001936
4.496300,55.001787
4.496400,55.001615
4.496500,55.002087
4.496600,55.001507
4.496700,55.001694
4.496800,55.002169
4.496900,55.002205
4.497000,55.001863
4.497100,55.001832
4.497200,55.001925
4.497300,55.001270
4.497400,55.000488
4.497500,55.000828
4.497600,55.001448
4.497700,55.002614
4.497800,55.003564
4.497900,55.002639
4.498000,55.002275
4.498100,55.001437
4.498200,54.998585
4.498300,55.001776
4.498400,55.003531
4.498500,55.002478
4.498600,55.000957
4.498700,54.996640
4.498800,55.002103
4.498900,55.005878
4.499000,55.009850
4.499100,55.012776
4.499200,55.006010
4.499300,55.007914
4.499400,55.000271
4.499500,55.005847
4.499600,55.014437
4.499700,55.012767
4.499800,55.023468
4.499900,55.022948
4.500000,55.041428
4.500100,55.017855
4.500200,55.012838
4.500300,55.016578
4.500400,55.020160
4.500500,55.025126
4.500600,55.026370
4.500700,55.025895
4.500800,55.026263
4.500900,55.026570
4.501000,55.026456
4.501100,55.027697
4.501200,55.027350
4.501300,55.026357
4.501400,55.026801
4.501500,55.028223
4.501600,55.027154
4.501700,55.026446
4.501800,55.026972
4.501900,55.027478
4.502000,55.027184
4.502100,55.026536
4.502200,55.026583
4.502300,55.026968
4.502400,55.026751
4.502500,55.026834
4.502600,55.026887
4.502700,55.027039
4.502800,55.027120
4.502900,55.027508
4.503000,55.027094
4.503100,55.027170
4.503200,55.027030
4.503300,55.026827
4.503400,55.026602
4.503500,55.026867
4.503600,55.027381
4.503700,55.027256
4.503800,55.026871
4.503900,55.027076
4.504000,55.026918
4.504100,55.026942
4.504200,55.026980
4.504300,55.027282
4.504400,55.026748
4.504500,55.026741
4.504600,55.026963
4.504700,55.027074
4.504800,55.027161
4.504900,55.027060
4.505000,55.027282
4.505100,55.027250
4.505200,55.027549
4.505300,55.027133
4.505400,55.027025
4.505500,55.027373
4.505600,55.027548
4.505700,55.027867
4.505800,55.027241
4.505900,55.027326
4.506000,55.026802
4.506100,55.027140
4.506200,55.027022
4.506300,55.026689
4.506400,55.026780
4.506500,55.027916
4.506600,55.027183
4.506700,55.025723
4.506800,55.027941
4.506900,55.026067
4.507000,55.026188
4.507100,55.026819
4.507200,55.025341
4.507300,55.026683
4.507400,55.027671
4.507500,55.028671
4.507600,55.028528
4.507700,55.028995
4.507800,55.029450
4.507900,55.025783
4.508000,55.029567
4.508100,55.027928
4.508200,55.022011
4.508300,55.016167
4.508400,55.026444
4.508500,55.029782
4.508600,55.041715
4.508700,55.029212
4.508800,55.022707
4.508900,55.009359
4.509000,55.032424
4.509100,55.028802
4.509200,55.024720
4.509300,55.008903
4.509400,54.999851
4.509500,55.008339
4.509600,55.006206
4.509700,55.008670
4.509800,55.009340
4.509900,55.009485
4.510000,55.010158
4.510100,55.010232
4.510200,55.010978
4.510300,55.011910
4.510400,55.012170
4.510500,55.010567
4.510600,55.010650
4.510700,55.010627
4.510800,55.010713
4.510900,55.009737
4.511000,55.010197
4.511100,55.010484
4.511200,55.010621
4.511300,55.011189
4.511400,55.010557
4.511500,55.010481
4.511600,55.010361
4.511700,55.010473
4.511800,55.010648
4.511900,55.010503
4.512000,55.010363
4.512100,55.010524
4.512200,55.010463
4.512300,55.010635
4.512400,55.010320
4.512500,55.010351
4.512600,55.010273
4.512700,55.010302
4.512800,55.010838
4.512900,55.010559
4.513000,55.010650
4.513100,55.010273
4.513200,55.010140
4.513300,55.010249
4.513400,55.010560
4.513500,55.010089
4.513600,55.010129
4.513700,55.010235
4.513800,55.010311
4.513900,55.010274
4.514000,55.010162
4.514100,55.010244
4.514200,55.010277
4.514300,55.010579
4.514400,55.009854
4.514500,55.010033
4.514600,55.010474
4.514700,55.010218
4.514800,55.009984
4.514900,55.010086
4.515000,55.010797
4.515100,55.010462
4.515200,55.010359
4.515300,55.010063
4.515400,55.010655
4.515500,55.011186
4.515600,55.010644
4.515700,55.009869
4.515800,55.007911
4.515900,55.009501
4.516000,55.010102
4.516100,55.011135
4.516200,55.010685
4.516300,55.009583
4.516400,55.010751
4.516500,55.012355
4.516600,55.009211
4.516700,55.011194
4.516800,55.006857
4.516900,55.008155
4.517000,55.011737
4.517100,55.013729
4.517200,55.011340
4.517300,55.006158
4.517400,55.004987
4.517500,55.006455
4.517600,54.997204
4.517700,55.011652
4.517800,54.995346
4.517900,54.976925
4.518000,54.982392
4.518100,55.000364
4.518200,54.989803
4.518300,54.986270
4.518400,54.973876
4.518500,54.977696
4.518600,54.965958
4.518700,54.969260
4.518800,54.969363
4.518900,54.971437
4.519000,54.971131
4.519100,54.970528
4.519200,54.970433
4.519300,54.971197
4.519400,54.972864
4.519500,54.972622
4.519600,54.972635
4.519700,54.973370
4.519800,54.973457
4.519900,54.973881
4.520000,54.972780
4.520100,54.972659
4.520200,54.972846
4.520300,54.973079
4.520400,54.972451
4.520500,54.972682
4.520600,54.972663
4.520700,54.972488
4.520800,54.972657
4.520900,54.972690
4.521000,54.973092
4.521100,54.972834
4.521200,54.972349
4.521300,54.972567
4.521400,54.972250
4.521500,54.972099
4.521600,54.972280
4.521700,54.972559
4.521800,54.972692
4.521900,54.972486
4.522000,54.972153
4.522100,54.972307
4.522200,54.972292
4.522300,54.972426
4.522400,54.972841
4.522500,54.972722
4.522600,54.972170
4.522700,54.971949
4.522800,54.972399
4.522900,54.972337
4.523000,54.972658
4.523100,54.972369
4.523200,54.972173
4.523300,54.972832
4.523400,54.972745
4.523500,54.972761
4.523600,54.972232
4.523700,54.971936
4.523800,54.972388
4.523900,54.972922
4.524000,54.972489
4.524100,54.973194
4.524200,54.972882
4.524300,54.972061
4.524400,54.973387
4.524500,54.973267
4.524600,54.973435
4.524700,54.972637
4.524800,54.971207
4.524900,54.971382
4.525000,54.972079
4.525100,54.973490
4.525200,54.973786
4.525300,54.972306
4.525400,54.973266
4.525500,54.974594
4.525600,54.975056
4.525700,54.974323
4.525800,54.975838
4.525900,54.973445
4.526000,54.975479
4.526100,54.973903
4.526200,54.971655
4.526300,54.976902
4.526400,54.976928
4.526500,54.972998
4.526600,54.975802
4.526700,54.970913
4.526800,54.961559
4.526900,54.962441
4.527000,54.951798
4.527100,54.961281
4.527200,54.955676
4.527300,54.964585
4.527400,54.982140
4.527500,54.983111
4.527600,54.979935
4.527700,54.983128
4.527800,54.982342
4.527900,54.978028
4.528000,54.977276
4.528100,54.978050
4.528200,54.977991
4.528300,54.978192
4.528400,54.978538
4.528500,54.978458
4.528600,54.978374
4.528700,54.978361
4.528800,54.979618
4.528900,54.979609
4.529000,54.978507
4.529100,54.979091
4.529200,54.979238
4.529300,54.979240
4.529400,54.979001
4.529500,54.979120
4.529600,54.978854
4.529700,54.978956
4.529800,54.978377
4.529900,54.978449
4.530000,54.978483
4.530100,54.978760
4.530200,54.978795
4.530300,54.978907
4.530400,54.979009
4.530500,54.978396
4.530600,54.978756
4.530700,54.978213
4.530800,54.978360
4.530900,54.978604
4.531000,54.978437
4.531100,54.978737
4.531200,54.978744
4.531300,54.978424
4.531400,54.978387
4.531500,54.978700
4.531600,54.978662
4.531700,54.978436
4.531800,54.978595
4.531900,54.978491
4.532000,54.978879
4.532100,54.978739
4.532200,54.978064
4.532300,54.978461
4.532400,54.978596
4.532500,54.978840
4.532600,54.978818
4.532700,54.978295
4.532800,54.978314
4.532900,54.978007
4.533000,54.978719
4.533100,54.979029
4.533200,54.978679
4.533300,54.978661
4.533400,54.978338
4.533500,54.978780
4.533600,54.979137
4.533700,54.979255
4.533800,54.979063
4.533900,54.979976
4.534000,54.979874
4.534100,54.979576
4.534200,54.978266
4.534300,54.976205
4.534400,54.977570
4.534500,54.978028
4.534600,54.979625
4.534700,54.979246
4.534800,54.978232
4.534900,54.978139
4.535000,54.979334
4.535100,54.984195
4.535200,54.982085
4.535300,54.987263
4.535400,54.980480
4.535500,54.982891
4.535600,54.983481
4.535700,54.987743
4.535800,54.979638
4.535900,54.980605
4.536000,54.996477
4.536100,55.011257
4.536200,55.003922
4.536300,55.023547
4.536400,55.000542
4.536500,55.000296
4.536600,55.000622
4.536700,54.992462
4.536800,55.003366
4.536900,55.008369
4.537000,55.009080
4.537100,55.010547
4.537200,55.010340
4.537300,55.010305
4.537400,55.010174
4.537500,55.011550
4.537600,55.010551
4.537700,55.010487
4.537800,55.009771
4.537900,55.009358
4.538000,55.010321
4.538100,55.011269
4.538200,55.011264
4.538300,55.011600
4.538400,55.011317
4.538500,55.011198
4.538600,55.011342
4.538700,55.010684
4.538800,55.011026
4.538900,55.011353
4.539000,55.010755
4.539100,55.011177
4.539200,55.010921
4.539300,55.011469
4.539400,55.010882
4.539500,55.010704
4.539600,55.010781
4.539700,55.011065
4.539800,55.011244
4.539900,55.011113
4.540000,55.011310
4.540100,55.011015
4.540200,55.010749
4.540300,55.010800
4.540400,55.011119
4.540500,55.010993
4.540600,55.010857
4.540700,55.011211
4.540800,55.011178
4.540900,55.011101
4.541000,55.011104
4.541100,55.011419
4.541200,55.011101
4.541300,55.011416
4.541400,55.011187
4.541500,55.011505
4.541600,55.010906
4.541700,55.011094
4.541800,55.010661
4.541900,55.010877
4.542000,55.010797
4.542100,55.010980
4.542200,55.011024
4.542300,55.010776
4.542400,55.011866
4.542500,55.012365
4.542600,55.012285
4.542700,55.011532
4.542800,55.010414
4.542900,55.010934
4.543000,55.010298
4.543100,55.010441
4.543200,55.011871
4.543300,55.012235
4.543400,55.012817
4.543500,55.011834
4.543600,55.013129
4.543700,55.010963
4.543800,55.010252
4.543900,55.010479
4.544000,55.010616
4.544100,55.009615
4.544200,55.012200
4.544300,55.015425
4.544400,55.015871
4.544500,55.019036
4.544600,55.013088
4.544700,55.009953
4.544800,55.017034
4.544900,55.016756
4.545000,55.019694
4.545100,55.021903
4.545200,55.010639
4.545300,55.024217
4.545400,55.038800
4.545500,55.043743
4.545600,55.032780
4.545700,55.023751
4.545800,55.014404
4.545900,55.022818
4.546000,55.024246
4.546100,55.021170
4.546200,55.022674
4.546300,55.022698
4.546400,55.022822
4.546500,55.023530
4.546600,55.021907
4.546700,55.020939
4.546800,55.021859
4.546900,55.022078
4.547000,55.020916
4.547100,55.021351
4.547200,55.021624
4.547300,55.021587
4.547400,55.020740
4.547500,55.020941
4.547600,55.021126
4.547700,55.021311
4.547800,55.021045
4.547900,55.021103
4.548000,55.020852
4.548100,55.021440
4.548200,55.021327
4.548300,55.021461
4.548400,55.021200
4.548500,55.021406
4.548600,55.021373
4.548700,55.021405
4.548800,55.021236
4.548900,55.021294
4.549000,55.021390
4.549100,55.021193
4.549200,55.021073
4.549300,55.021108
4.549400,55.020927
4.549500,55.021252
4.549600,55.021324
4.549700,55.021521
4.549800,55.021660
4.549900,55.021337
4.550000,55.021837
4.550100,55.021632
4.550200,55.021290
4.550300,55.021438
4.550400,55.021693
4.550500,55.021594
4.550600,55.021089
4.550700,55.021394
4.550800,55.021025
4.550900,55.021077
4.551000,55.021495
4.551100,55.021861
4.551200,55.021727
4.551300,55.022070
4.551400,55.021078
4.551500,55.021223
4.551600,55.021888
4.551700,55.021794
4.551800,55.021123
4.551900,55.021860
4.552000,55.021519
4.552100,55.022223
4.552200,55.020850
4.552300,55.020313
4.552400,55.020580
4.552500,55.020849
4.552600,55.022525
4.552700,55.020565
4.552800,55.022216
4.552900,55.023494
4.553000,55.024351
4.553100,55.021456
4.553200,55.021160
4.553300,55.021194
4.553400,55.021294
4.553500,55.023422
4.553600,55.019415
4.553700,55.021253
4.553800,55.019679
4.553900,55.007864
4.554000,55.012484
4.554100,55.007862
4.554200,55.024287
4.554300,55.034027
4.554400,55.042161
4.554500,55.022619
4.554600,55.020101
4.554700,55.001301
4.554800,55.006083
4.554900,55.012107
4.555000,55.011815
4.555100,55.007540
4.555200,55.006996
4.555300,55.007839
4.555400,55.007782
4.555500,55.007699
4.555600,55.008265
4.555700,55.007035
4.555800,55.006838
4.555900,55.008174
4.556000,55.007888
4.556100,55.007259
4.556200,55.007432
4.556300,55.007655
4.556400,55.007524
4.556500,55.007425
4.556600,55.007639
4.556700,55.007862
4.556800,55.007575
4.556900,55.007678
4.557000,55.007519
4.557100,55.007882
4.557200,55.007323
4.557300,55.007822
4.557400,55.007544
4.557500,55.007576
4.557600,55.007803
4.557700,55.007688
4.557800,55.007943
4.557900,55.007652
4.558000,55.007466
4.558100,55.007684
4.558200,55.007946
4.558300,55.007385
4.558400,55.007566
4.558500,55.007321
4.558600,55.007559
4.558700,55.007699
4.558800,55.007953
4.558900,55.007995
4.559000,55.007501
4.559100,55.007340
4.559200,55.007199
4.559300,55.007328
4.559400,55.007740
4.559500,55.008286
4.559600,55.007563
4.559700,55.007640
4.559800,55.007512
4.559900,55.007320
4.560000,55.007029
4.560100,55.008047
4.560200,55.007282
4.560300,55.007683
4.560400,55.007352
4.560500,55.008114
4.560600,55.007598
4.560700,55.007406
4.560800,55.008164
4.560900,55.008090
4.561000,55.008319
4.561100,55.006997
4.561200,55.007659
4.561300,55.007260
4.561400,55.008600
4.561500,55.008341
4.561600,55.007903
4.561700,55.007586
4.561800,55.006631
4.561900,55.008718
4.562000,55.006948
4.562100,55.005754
4.562200,55.007213
4.562300,55.011683
4.562400,55.009388
4.562500,55.009818
4.562600,55.003621
4.562700,55.008695
4.562800,55.011316
4.562900,55.014447
4.563000,55.004582
4.563100,54.991970
4.563200,55.001646
4.563300,54.988470
4.563400,54.985244
4.563500,54.981930
4.563600,54.973791
4.563700,54.972623
4.563800,54.968921
4.563900,54.968465
4.564000,54.971976
4.564100,54.975366
4.564200,54.976909
4.564300,54.976879
4.564400,54.976545
4.564500,54.976568
4.564600,54.977235
4.564700,54.976991
4.564800,54.976577
4.564900,54.976325
4.565000,54.976927
4.565100,54.975379
4.565200,54.975878
4.565300,54.975061
4.565400,54.975706
4.565500,54.975887
4.565600,54.975655
4.565700,54.975779
4.565800,54.976286
4.565900,54.976131
4.566000,54.975954
4.566100,54.976517
4.566200,54.976567
4.566300,54.975955
4.566400,54.976284
4.566500,54.976214
4.566600,54.976146
4.566700,54.976270
4.566800,54.976256
4.566900,54.975772
4.567000,54.976089
4.567100,54.976225
4.567200,54.976268
4.567300,54.976159
4.567400,54.976050
4.567500,54.976161
4.567600,54.976218
4.567700,54.976172
4.567800,54.976190
4.567900,54.976531
4.568000,54.976105
4.568100,54.976014
4.568200,54.975840
4.568300,54.976253
4.568400,54.975846
4.568500,54.976005
4.568600,54.976020
4.568700,54.975923
4.568800,54.975863
4.568900,54.976210
4.569000,54.976168
4.569100,54.975675
4.569200,54.975786
4.569300,54.975378
4.569400,54.975470
4.569500,54.974701
4.569600,54.975436
4.569700,54.975934
4.569800,54.975902
4.569900,54.976128
4.570000,54.975460
4.570100,54.976226
4.570200,54.976026
4.570300,54.976237
4.570400,54.976200
4.570500,54.976589
4.570600,54.976306
4.570700,54.976080
4.570800,54.976124
4.570900,54.976231
4.571000,54.978306
4.571100,54.977699
4.571200,54.977471
4.571300,54.977530
4.571400,54.976087
4.571500,54.977231
4.571600,54.978284
4.571700,54.980631
4.571800,54.980194
4.571900,54.977248
4.572000,54.973327
4.572100,54.981152
4.572200,54.991128
4.572300,54.997214
4.572400,54.994987
4.572500,54.995039
4.572600,55.015649
4.572700,55.021899
4.572800,55.007686
4.572900,55.017991
4.573000,55.026320
4.573100,55.025412
4.573200,55.030608
4.573300,55.027942
4.573400,55.027574
4.573500,55.027640
4.573600,55.027523
4.573700,55.026729
4.573800,55.026495
4.573900,55.027144
4.574000,55.028338
4.574100,55.029928
4.574200,55.029841
4.574300,55.029936
4.574400,55.030062
4.574500,55.029327
4.574600,55.029668
4.574700,55.030164
4.574800,55.029366
4.574900,55.029893
4.575000,55.029272
4.575100,55.029015
4.575200,55.029184
4.575300,55.029268
4.575400,55.029290
4.575500,55.029108
4.575600,55.029175
4.575700,55.029342
4.575800,55.029346
4.575900,55.029256
4.576000,55.029203
4.576100,55.029432
4.576200,55.029215
4.576300,55.029321
4.576400,55.029092
4.576500,55.029106
4.576600,55.028972
4.576700,55.029043
4.576800,55.029111
4.576900,55.029467
4.577000,55.029507
4.577100,55.029583
4.577200,55.029314
4.577300,55.029400
4.577400,55.029021
4.577500,55.028817
4.577600,55.029547
4.577700,55.029397
4.577800,55.029143
4.577900,55.029222
4.578000,55.028830
4.578100,55.028847
4.578200,55.029604
4.578300,55.029514
4.578400,55.029309
4.578500,55.029247
4.578600,55.029403
4.578700,55.028721
4.578800,55.029756
4.578900,55.029921
4.579000,55.029743
4.579100,55.028431
4.579200,55.029865
4.579300,55.029410
4.579400,55.030007
4.579500,55.029610
4.579600,55.029152
4.579700,55.029136
4.579800,55.030745
4.579900,55.030090
4.580000,55.028789
4.580100,55.031171
4.580200,55.030774
4.580300,55.030967
4.580400,55.031051
4.580500,55.029690
4.580600,55.027875
4.580700,55.029416
4.580800,55.028467
4.580900,55.032982
4.581000,55.027552
4.581100,55.026829
4.581200,55.032742
4.581300,55.033243
4.581400,55.022861
4.581500,55.022945
4.581600,55.008497
4.581700,55.023878
4.581800,55.027579
4.581900,55.017688
4.582000,55.015185
4.582100,55.001384
4.582200,55.003247
4.582300,55.010253
4.582400,55.005438
4.582500,55.003991
4.582600,55.004193
4.582700,55.004186
4.582800,55.004321
4.582900,55.003911
4.583000,55.005120
4.583100,55.003423
4.583200,55.002747
4.583300,55.002643
4.583400,55.002604
4.583500,55.002526
4.583600,55.002702
4.583700,55.002802
4.583800,55.002846
4.583900,55.002686
4.584000,55.002628
4.584100,55.002845
4.584200,55.002895
4.584300,55.002776
4.584400,55.002852
4.584500,55.002611
4.584600,55.002792
4.584700,55.002985
4.584800,55.002652
4.584900,55.002594
4.585000,55.002385
4.585100,55.002886
4.585200,55.002663
4.585300,55.002761
4.585400,55.002490
4.585500,55.002359
4.585600,55.002119
4.585700,55.002645
4.585800,55.002404
4.585900,55.002541
4.586000,55.002261
4.586100,55.002109
4.586200,55.002620
4.586300,55.002426
4.586400,55.002580
4.586500,55.002429
4.586600,55.002204
4.586700,55.002274
4.586800,55.002542
4.586900,55.002607
4.587000,55.002579
4.587100,55.003396
4.587200,55.002935
4.587300,55.002906
4.587400,55.002570
4.587500,55.002222
4.587600,55.001891
4.587700,55.002757
4.587800,55.002924
4.587900,55.002821
4.588000,55.002314
4.588100,55.002984
4.588200,55.002284
4.588300,55.002842
4.588400,55.004006
4.588500,55.002947
4.588600,55.002967
4.588700,55.002738
4.588800,55.003656
4.588900,55.001335
4.589000,55.002710
4.589100,55.003607
4.589200,55.006345
4.589300,55.003251
4.589400,55.002856
4.589500,55.001674
4.589600,54.996840
4.589700,54.993517
4.589800,54.999883
4.589900,55.003013
4.590000,55.004086
4.590100,54.999627
4.590200,55.010014
4.590300,55.005341
4.590400,54.999018
4.590500,54.983424
4.590600,54.980005
4.590700,54.993747
4.590800,55.004418
4.590900,54.989374
4.591000,55.000698
4.591100,55.005554
4.591200,55.022048
4.591300,55.022235
4.591400,55.015308
4.591500,55.012373
4.591600,55.012761
4.591700,55.012704
4.591800,55.012812
4.591900,55.012239
4.592000,55.012026
4.592100,55.012577
4.592200,55.013558
4.592300,55.013707
4.592400,55.013370
4.592500,55.013586
4.592600,55.014150
4.592700,55.013486
4.592800,55.013743
4.592900,55.014195
4.593000,55.013607
4.593100,55.013651
4.593200,55.013228
4.593300,55.012964
4.593400,55.013152
4.593500,55.013672
4.593600,55.013643
4.593700,55.013846
4.593800,55.013580
4.593900,55.013451
4.594000,55.013681
4.594100,55.013826
4.594200,55.013775
4.594300,55.013614
4.594400,55.013622
4.594500,55.013581
4.594600,55.013474
4.594700,55.013546
4.594800,55.013416
4.594900,55.013575
4.595000,55.013699
4.595100,55.013642
4.595200,55.013657
4.595300,55.013483
4.595400,55.013492
4.595500,55.013292
4.595600,55.013821
4.595700,55.013731
4.595800,55.013304
4.595900,55.013697
4.596000,55.013214
4.596100,55.013925
4.596200,55.014200
4.596300,55.013794
4.596400,55.013594
4.596500,55.012642
4.596600,55.013663
4.596700,55.013239
4.596800,55.013238
4.596900,55.013119
4.597000,55.013010
4.597100,55.013486
4.597200,55.013501
4.597300,55.012823
4.597400,55.013765
4.597500,55.014076
4.597600,55.013288
4.597700,55.012380
4.597800,55.013153
4.597900,55.015460
4.598000,55.014578
4.598100,55.011983
4.598200,55.011227
4.598300,55.012710
4.598400,55.014887
4.598500,55.015844
4.598600,55.016823
4.598700,55.014240
4.598800,55.009482
4.598900,55.009998
4.599000,55.003231
4.599100,55.009256
4.599200,55.005024
4.599300,55.001703
4.599400,55.014285
4.599500,55.013875
4.599600,55.020175
4.599700,55.028365
4.599800,55.038371
4.599900,55.032356
4.600000,55.020512
4.600100,54.999529
4.600200,54.995375
4.600300,54.992278
4.600400,54.992431
4.600500,54.995507
4.600600,54.994984
4.600700,54.995240
4.600800,54.995541
4.600900,54.995243
4.601000,54.995889
4.601100,54.996634
4.601200,54.995991
4.601300,54.995921
4.601400,54.996487
4.601500,54.996547
4.601600,54.996066
4.601700,54.996277
4.601800,54.996990
4.601900,54.996704
4.602000,54.996313
4.602100,54.996517
4.602200,54.996330
4.602300,54.996105
4.602400,54.996262
4.602500,54.996805
4.602600,54.996405
4.602700,54.996485
4.602800,54.996096
4.602900,54.995961
4.603000,54.995803
4.603100,54.996332
4.603200,54.996698
4.603300,54.996258
4.603400,54.996463
4.603500,54.996327
4.603600,54.995932
4.603700,54.996083
4.603800,54.995637
4.603900,54.995854
4.604000,54.996268
4.604100,54.996082
4.604200,54.996010
4.604300,54.996282
4.604400,54.996305
4.604500,54.996558
4.604600,54.996474
4.604700,54.996270
4.604800,54.996218
4.604900,54.996211
4.605000,54.995812
4.605100,54.996411
4.605200,54.996775
4.605300,54.996333
4.605400,54.996303
4.605500,54.996112
4.605600,54.996759
4.605700,54.996054
4.605800,54.996562
4.605900,54.996309
4.606000,54.996533
4.606100,54.996348
4.606200,54.995901
4.606300,54.996572
4.606400,54.996069
4.606500,54.996251
4.606600,54.996044
4.606700,54.996305
4.606800,54.997277
4.606900,54.996138
4.607000,54.996476
4.607100,54.995967
4.607200,54.996133
4.607300,54.996467
4.607400,54.996628
4.607500,54.994231
4.607600,54.995521
4.607700,54.997134
4.607800,54.992803
4.607900,54.988542
4.608000,54.995109
4.608100,54.994273
4.608200,54.992976
4.608300,54.994808
4.608400,55.001792
4.608500,55.012154
4.608600,55.010194
4.608700,55.000249
4.608800,54.981583
4.608900,54.975530
4.609000,54.981889
4.609100,54.995698
4.609200,54.996687
4.609300,54.996648
4.609400,54.980968
4.609500,54.984951
4.609600,54.986347
4.609700,54.988414
4.609800,54.989051
4.609900,54.989138
4.610000,54.988477
4.610100,54.989251
4.610200,54.990946
4.610300,54.991474
4.610400,54.991664
4.610500,54.991658
4.610600,54.991845
4.610700,54.991664
4.610800,54.991387
4.610900,54.990906
4.611000,54.991304
4.611100,54.991645
4.611200,54.991830
4.611300,54.991616
4.611400,54.991156
4.611500,54.991120
4.611600,54.991578
4.611700,54.991255
4.611800,54.991566
4.611900,54.991608
4.612000,54.991534
4.612100,54.991711
4.612200,54.991644
4.612300,54.991818
4.612400,54.991592
4.612500,54.991633
4.612600,54.991406
4.612700,54.991445
4.612800,54.991473
4.612900,54.991748
4.613000,54.991797
4.613100,54.991559
4.613200,54.991810
4.613300,54.991492
4.613400,54.991760
4.613500,54.991524
4.613600,54.991726
4.613700,54.991695
4.613800,54.991833
4.613900,54.991902
4.614000,54.991279
4.614100,54.991518
4.614200,54.991576
4.614300,54.991814
4.614400,54.991809
4.614500,54.991387
4.614600,54.991450
4.614700,54.990466
4.614800,54.990836
4.614900,54.991350
4.615000,54.991631
4.615100,54.992148
4.615200,54.991516
4.615300,54.992356
4.615400,54.990960
4.615500,54.991486
4.615600,54.991140
4.615700,54.991625
4.615800,54.992690
4.615900,54.991778
4.616000,54.990830
4.616100,54.989566
4.616200,54.991336
4.616300,54.991473
4.616400,54.992563
4.616500,54.992197
4.616600,54.990696
4.616700,54.993377
4.616800,54.990563
4.616900,54.991094
4.617000,54.993282
4.617100,54.995154
4.617200,54.989350
4.617300,54.991324
4.617400,54.990962
4.617500,54.994100
4.617600,55.000415
4.617700,54.997350
4.617800,55.000773
4.617900,54.983786
4.618000,54.992201
4.618100,55.014979
4.618200,55.018624
4.618300,55.019348
4.618400,55.019740
4.618500,55.006099
4.618600,55.006851
4.618700,55.010413
4.618800,55.009870
4.618900,55.008577
4.619000,55.008462
4.619100,55.008166
4.619200,55.008839
4.619300,55.008428
4.619400,55.008963
4.619500,55.008833
4.619600,55.008119
4.619700,55.008469
4.619800,55.009168
4.619900,55.008226
4.620000,55.008353
4.620100,55.007797
4.620200,55.008304
4.620300,55.008181
4.620400,55.007824
4.620500,55.007914
4.620600,55.007923
4.620700,55.007804
4.620800,55.008081
4.620900,55.007899
4.621000,55.008187
4.621100,55.008006
4.621200,55.007847
4.621300,55.008116
4.621400,55.008157
4.621500,55.007859
4.621600,55.007806
4.621700,55.007897
4.621800,55.007963
4.621900,55.007995
4.622000,55.007858
4.622100,55.008367
4.622200,55.008449
4.622300,55.008064
4.622400,55.007827
4.622500,55.007977
4.622600,55.008358
4.622700,55.007803
4.622800,55.008162
4.622900,55.008036
4.623000,55.008195
4.623100,55.007983
4.623200,55.007990
4.623300,55.007569
4.623400,55.007961
4.623500,55.008180
4.623600,55.008216
4.623700,55.007679
4.623800,55.007854
4.623900,55.008017
4.624000,55.008198
4.624100,55.008419
4.624200,55.007806
4.624300,55.007053
4.624400,55.008529
4.624500,55.008306
4.624600,55.008053
4.624700,55.007466
4.624800,55.007075
4.624900,55.009025
4.625000,55.010258
4.625100,55.008951
4.625200,55.008607
4.625300,55.006799
4.625400,55.007535
4.625500,55.008518
4.625600,55.007151
4.625700,55.007509
4.625800,55.006051
4.625900,55.006250
4.626000,55.009341
4.626100,55.006768
4.626200,55.007536
4.626300,55.008375
4.626400,55.011164
4.626500,55.020277
4.626600,55.013351
4.626700,55.021893
4.626800,55.029236
4.626900,55.027311
4.627000,55.023735
4.627100,55.027637
4.627200,55.017315
4.627300,55.007208
4.627400,55.000371
4.627500,54.988165
4.627600,54.980388
4.627700,54.990765
4.627800,54.989146
4.627900,54.992459
4.628000,54.994176
4.628100,54.994160
4.628200,54.993913
4.628300,54.993518
4.628400,54.994508
4.628500,54.995234
4.628600,54.995697
4.628700,54.997054
4.628800,54.996154
4.628900,54.995018
4.629000,54.994393
4.629100,54.993981
4.629200,54.994591
4.629300,54.995249
4.629400,54.994944
4.629500,54.995120
4.629600,54.995394
4.629700,54.995515
4.629800,54.995177
4.629900,54.995264
4.630000,54.995048
4.630100,54.994797
4.630200,54.994886
4.630300,54.994897
4.630400,54.995207
4.630500,54.995418
4.630600,54.994939
4.630700,54.995007
4.630800,54.995040
4.630900,54.995015
4.631000,54.994703
4.631100,54.994946
4.631200,54.994943
4.631300,54.995218
4.631400,54.995092
4.631500,54.994940
4.631600,54.994721
4.631700,54.995030
4.631800,54.995040
4.631900,54.994824
4.632000,54.994783
4.632100,54.995099
4.632200,54.994655
4.632300,54.995018
4.632400,54.994621
4.632500,54.995197
4.632600,54.995224
4.632700,54.994953
4.632800,54.995050
4.632900,54.995117
4.633000,54.994804
4.633100,54.994859
4.633200,54.994771
4.633300,54.994853
4.633400,54.994622
4.633500,54.994902
4.633600,54.995392
4.633700,54.995350
4.633800,54.995818
4.633900,54.994816
4.634000,54.995622
4.634100,54.994740
4.634200,54.995967
4.634300,54.994286
4.634400,54.996170
4.634500,54.994562
4.634600,54.997004
4.634700,54.993839
4.634800,54.991019
4.634900,54.992899
4.635000,54.996006
4.635100,54.993066
4.635200,54.991072
4.635300,54.993097
4.635400,54.997569
4.635500,54.996528
4.635600,54.998623
4.635700,54.994046
4.635800,54.998703
4.635900,54.993664
4.636000,54.984363
4.636100,54.986265
4.636200,54.977443
4.636300,54.992283
4.636400,54.997468
4.636500,55.009143
4.636600,55.007812
4.636700,54.996843
4.636800,54.991513
4.636900,54.994058
4.637000,54.994357
4.637100,54.994346
4.637200,54.994334
4.637300,54.994991
4.637400,54.994642
4.637500,54.995754
4.637600,54.996117
4.637700,54.995285
4.637800,54.995021
4.637900,54.995489
4.638000,54.994422
4.638100,54.994928
4.638200,54.994906
4.638300,54.994034
4.638400,54.994598
4.638500,54.994447
4.638600,54.994323
4.638700,54.994398
4.638800,54.994567
4.638900,54.994431
4.639000,54.994502
4.639100,54.994407
4.639200,54.994460
4.639300,54.994747
4.639400,54.994542
4.639500,54.994269
4.639600,54.994337
4.639700,54.994395
4.639800,54.994498
4.639900,54.994740
4.640000,54.994182
4.640100,54.994352
4.640200,54.994283
4.640300,54.994263
4.640400,54.994074
4.640500,54.994223
4.640600,54.994229
4.640700,54.994656
4.640800,54.994214
4.640900,54.994023
4.641000,54.994266
4.641100,54.994169
4.641200,54.994323
4.641300,54.993981
4.641400,54.994287
4.641500,54.994219
4.641600,54.994512
4.641700,54.994760
4.641800,54.994728
4.641900,54.994440
4.642000,54.993925
4.642100,54.994914
4.642200,54.994826
4.642300,54.994813
4.642400,54.994089
4.642500,54.994813
4.642600,54.994787
4.642700,54.994311
4.642800,54.993667
4.642900,54.993238
4.643000,54.992796
4.643100,54.994171
4.643200,54.993966
4.643300,54.994080
4.643400,54.993511
4.643500,54.994466
4.643600,54.996479
4.643700,54.994173
4.643800,54.993388
4.643900,54.994819
4.644000,54.995862
4.644100,54.994919
4.644200,54.996821
4.644300,54.993593
4.644400,54.998036
4.644500,54.992230
4.644600,54.991787
4.644700,54.985075
4.644800,54.988350
4.644900,54.999790
4.645000,54.999075
4.645100,54.999483
4.645200,54.994398
4.645300,54.993794
4.645400,55.014536
4.645500,55.026883
4.645600,55.029359
4.645700,55.024514
4.645800,55.019528
4.645900,55.021637
4.646000,55.017188
4.646100,55.018397
4.646200,55.018086
4.646300,55.017692
4.646400,55.017843
4.646500,55.017956
4.646600,55.017151
4.646700,55.017596
4.646800,55.018763
4.646900,55.018859
4.647000,55.018736
4.647100,55.018164
4.647200,55.018868
4.647300,55.018855
4.647400,55.018444
4.647500,55.018416
4.647600,55.018199
4.647700,55.018594
4.647800,55.018539
4.647900,55.018506
4.648000,55.018632
4.648100,55.018515
4.648200,55.018341
4.648300,55.018568
4.648400,55.018686
4.648500,55.018660
4.648600,55.018721
4.648700,55.018700
4.648800,55.018498
4.648900,55.018438
4.649000,55.018292
4.649100,55.018833
4.649200,55.018627
4.649300,55.018715
4.649400,55.018542
4.649500,55.018497
4.649600,55.018713
4.649700,55.018221
4.649800,55.018521
4.649900,55.018696
4.650000,55.018518
4.650100,55.018772
4.650200,55.018540
4.650300,55.018915
4.650400,55.018704
4.650500,55.018401
4.650600,55.018769
4.650700,55.018686
4.650800,55.019118
4.650900,55.018368
4.651000,55.018788
4.651100,55.018136
4.651200,55.018587
4.651300,55.017876
4.651400,55.018154
4.651500,55.018057
4.651600,55.018621
4.651700,55.018455
4.651800,55.018360
4.651900,55.017534
4.652000,55.019306
4.652100,55.017764
4.652200,55.018869
4.652300,55.018121
4.652400,55.019627
4.652500,55.018850
4.652600,55.018960
4.652700,55.018480
4.652800,55.018587
4.652900,55.020763
4.653000,55.021908
4.653100,55.021332
4.653200,55.019700
4.653300,55.020385
4.653400,55.021940
4.653500,55.020389
4.653600,55.017176
4.653700,55.011322
4.653800,55.001115
4.653900,55.008691
4.654000,54.996270
4.654100,55.002460
4.654200,55.015386
4.654300,55.025382
4.654400,55.023342
4.654500,55.004648
4.654600,55.005107
4.654700,54.990798
4.654800,55.007454
4.654900,55.004891
4.655000,54.995919
4.655100,54.993408
4.655200,54.992156
4.655300,54.991578
4.655400,54.991440
4.655500,54.991476
4.655600,54.990182
4.655700,54.989388
4.655800,54.987987
4.655900,54.988632
4.656000,54.987530
4.656100,54.987033
4.656200,54.987543
4.656300,54.987432
4.656400,54.987872
4.656500,54.987953
4.656600,54.987538
4.656700,54.987576
4.656800,54.987789
4.656900,54.987091
4.657000,54.987534
4.657100,54.987566
4.657200,54.987393
4.657300,54.987461
4.657400,54.987566
4.657500,54.987664
4.657600,54.987602
4.657700,54.987821
4.657800,54.987596
4.657900,54.987211
4.658000,54.987345
4.658100,54.987277
4.658200,54.987170
4.658300,54.987289
4.658400,54.986982
4.658500,54.987552
4.658600,54.987890
4.658700,54.987600
4.658800,54.987333
4.658900,54.987507
4.659000,54.987761
4.659100,54.987632
4.659200,54.987289
4.659300,54.987605
4.659400,54.987392
4.659500,54.986914
4.659600,54.987447
4.659700,54.987126
4.659800,54.987326
4.659900,54.986881
4.660000,54.987141
4.660100,54.987562
4.660200,54.987726
4.660300,54.987468
4.660400,54.987168
4.660500,54.987451
4.660600,54.987457
4.660700,54.987678
4.660800,54.987499
4.660900,54.987680
4.661000,54.987556
4.661100,54.986964
4.661200,54.986939
4.661300,54.986581
4.661400,54.987594
4.661500,54.988595
4.661600,54.988269
4.661700,54.988214
4.661800,54.986362
4.661900,54.985387
4.662000,54.986140
4.662100,54.985441
4.662200,54.988334
4.662300,54.986613
4.662400,54.989893
4.662500,54.984811
4.662600,54.983815
4.662700,54.981846
4.662800,54.986675
4.662900,54.985947
4.663000,54.995074
4.663100,55.000277
4.663200,54.990681
4.663300,54.987883
4.663400,54.996784
4.663500,54.997351
4.663600,54.992919
4.663700,54.993774
4.663800,54.984826
4.663900,54.970681
4.664000,54.979032
4.664100,54.986346
4.664200,54.986718
4.664300,54.985434
4.664400,54.985377
4.664500,54.985329
4.664600,54.985967
4.664700,54.986393
4.664800,54.985591
4.664900,54.985695
4.665000,54.984756
4.665100,54.984467
4.665200,54.984105
4.665300,54.984990
4.665400,54.983991
4.665500,54.984902
4.665600,54.984864
4.665700,54.984701
4.665800,54.984783
4.665900,54.984848
4.666000,54.984652
4.666100,54.984257
4.666200,54.984683
4.666300,54.984517
4.666400,54.984555
4.666500,54.984235
4.666600,54.984584
4.666700,54.984568
4.666800,54.984692
4.666900,54.984660
4.667000,54.984355
4.667100,54.984267
4.667200,54.984311
4.667300,54.984658
4.667400,54.984508
4.667500,54.984433
4.667600,54.984493
4.667700,54.984600
4.667800,54.984299
4.667900,54.984684
4.668000,54.984543
4.668100,54.984160
4.668200,54.984329
4.668300,54.984662
4.668400,54.984416
4.668500,54.984437
4.668600,54.984811
4.668700,54.984443
4.668800,54.984136
4.668900,54.984074
4.669000,54.984067
4.669100,54.984893
4.669200,54.984000
4.669300,54.984098
4.669400,54.984420
4.669500,54.984396
4.669600,54.985184
4.669700,54.984745
4.669800,54.984365
4.669900,54.985460
4.670000,54.984795
4.670100,54.984298
4.670200,54.984285
4.670300,54.983893
4.670400,54.983519
4.670500,54.983202
4.670600,54.985017
4.670700,54.985169
4.670800,54.986425
4.670900,54.985933
4.671000,54.984868
4.671100,54.986670
4.671200,54.983779
4.671300,54.982342
4.671400,54.979801
4.671500,54.983287
4.671600,54.983538
4.671700,54.979314
4.671800,54.984059
4.671900,54.992221
4.672000,54.985666
4.672100,54.995854
4.672200,54.994335
4.672300,54.979614
4.672400,54.981222
4.672500,54.992949
4.672600,54.976747
4.672700,54.979477
4.672800,54.985685
4.672900,54.992396
4.673000,54.994320
4.673100,54.985314
4.673200,54.988557
4.673300,54.992232
4.673400,54.992091
4.673500,54.992123
4.673600,54.992486
4.673700,54.992818
4.673800,54.992468
4.673900,54.991607
4.674000,54.992411
4.674100,54.990945
4.674200,54.990908
4.674300,54.991281
4.674400,54.991982
4.674500,54.991529
4.674600,54.992440
4.674700,54.991902
4.674800,54.991700
4.674900,54.991956
4.675000,54.991583
4.675100,54.991791
4.675200,54.991339
4.675300,54.991703
4.675400,54.991295
4.675500,54.991745
4.675600,54.991708
4.675700,54.991736
4.675800,54.991643
4.675900,54.991672
4.676000,54.991831
4.676100,54.991880
4.676200,54.991519
4.676300,54.991691
4.676400,54.991463
4.676500,54.991335
4.676600,54.991613
4.676700,54.991445
4.676800,54.991811
4.676900,54.991860
4.677000,54.991647
4.677100,54.991579
4.677200,54.991757
4.677300,54.991560
4.677400,54.991871
4.677500,54.991572
4.677600,54.992013
4.677700,54.991657
4.677800,54.991966
4.677900,54.991779
4.678000,54.991560
4.678100,54.990962
4.678200,54.991613
4.678300,54.991875
4.678400,54.991850
4.678500,54.991173
4.678600,54.991913
4.678700,54.991412
4.678800,54.991387
4.678900,54.991423
4.679000,54.991573
4.679100,54.991129
4.679200,54.992326
4.679300,54.990992
4.679400,54.991597
4.679500,54.992083
4.679600,54.993355
4.679700,54.994224
4.679800,54.993049
4.679900,54.994573
4.680000,54.992807
4.680100,54.994733
4.680200,54.993229
4.680300,54.991768
4.680400,54.991956
4.680500,54.987605
4.680600,54.987900
4.680700,54.991647
4.680800,54.992112
4.680900,54.997992
4.681000,54.994984
4.681100,54.988106
4.681200,54.985852
4.681300,54.983089
4.681400,54.979884
4.681500,54.980046
4.681600,54.997806
4.681700,54.999375
4.681800,55.012586
4.681900,55.003646
4.682000,54.999513
4.682100,55.015971
4.682200,55.012569
4.682300,55.008198
4.682400,55.007699
4.682500,55.005996
4.682600,55.006113
4.682700,55.005864
4.682800,55.006168
4.682900,55.006158
4.683000,55.005346
4.683100,55.004908
4.683200,55.005622
4.683300,55.006098
4.683400,55.005515
4.683500,55.005402
4.683600,55.005844
4.683700,55.005723
4.683800,55.006235
4.683900,55.005768
4.684000,55.005564
4.684100,55.005629
4.684200,55.005755
4.684300,55.005930
4.684400,55.006113
4.684500,55.005860
4.684600,55.005322
4.684700,55.005598
4.684800,55.005566
4.684900,55.005819
4.685000,55.005527
4.685100,55.005785
4.685200,55.005710
4.685300,55.005958
4.685400,55.005768
4.685500,55.005768
4.685600,55.005641
4.685700,55.006039
4.685800,55.005699
4.685900,55.006018
4.686000,55.005777
4.686100,55.006105
4.686200,55.005773
4.686300,55.005439
4.686400,55.005597
4.686500,55.005349
4.686600,55.005801
4.686700,55.005908
4.686800,55.005193
4.686900,55.005430
4.687000,55.006108
4.687100,55.005704
4.687200,55.005304
4.687300,55.005453
4.687400,55.005786
4.687500,55.005959
4.687600,55.005377
4.687700,55.005639
4.687800,55.005526
4.687900,55.005695
4.688000,55.005590
4.688100,55.004824
4.688200,55.004859
4.688300,55.006515
4.688400,55.005573
4.688500,55.004972
4.688600,55.005157
4.688700,55.005600
4.688800,55.006108
4.688900,55.007352
4.689000,55.007371
4.689100,55.006822
4.689200,55.008320
4.689300,55.006276
4.689400,55.008033
4.689500,55.006964
4.689600,55.002169
4.689700,55.007409
4.689800,55.002597
4.689900,54.996455
4.690000,55.002729
4.690100,55.008646
4.690200,55.013508
4.690300,55.004736
4.690400,55.002190
4.690500,55.015366
4.690600,55.017428
4.690700,55.002421
4.690800,55.008835
4.690900,55.015325
4.691000,55.024024
4.691100,55.014196
4.691200,54.998750
4.691300,54.994234
4.691400,54.998046
4.691500,55.001430
4.691600,55.001125
4.691700,55.000832
4.691800,55.000893
4.691900,55.000243
4.692000,54.999918
4.692100,55.000442
4.692200,54.999196
4.692300,54.999959
4.692400,55.000406
4.692500,55.000230
4.692600,55.000256
4.692700,55.000125
4.692800,55.001011
4.692900,55.000052
4.693000,55.000553
4.693100,54.999968
4.693200,54.999784
4.693300,55.000448
4.693400,55.000005
4.693500,54.999893
4.693600,54.999836
4.693700,55.000018
4.693800,55.000113
4.693900,55.000134
4.694000,54.999845
4.694100,54.999487
4.694200,54.999677
4.694300,54.999631
4.694400,54.999392
4.694500,54.999784
4.694600,55.000031
4.694700,55.000006
4.694800,54.999916
4.694900,54.999906
4.695000,55.000315
4.695100,55.000216
4.695200,54.999584
4.695300,55.000018
4.695400,54.999974
4.695500,54.999738
4.695600,54.999388
4.695700,54.999194
4.695800,54.999496
4.695900,54.999721
4.696000,54.999569
4.696100,54.999730
4.696200,54.999863
4.696300,54.999739
4.696400,54.999731
4.696500,55.000164
4.696600,54.999709
4.696700,54.999824
4.696800,55.000101
4.696900,54.999529
4.697000,54.998894
4.697100,54.999784
4.697200,55.000199
4.697300,55.000442
4.697400,54.999668
4.697500,55.000145
4.697600,55.000276
4.697700,54.999920
4.697800,54.999280
4.697900,54.999968
4.698000,54.998749
4.698100,54.998739
4.698200,54.999847
4.698300,54.999051
4.698400,55.000084
4.698500,54.999565
4.698600,55.000078
4.698700,54.997512
4.698800,55.002062
4.698900,55.001953
4.699000,54.999508
4.699100,54.996195
4.699200,55.004906
4.699300,55.003315
4.699400,55.003535
4.699500,54.994081
4.699600,55.003889
4.699700,55.000106
4.699800,54.992637
4.699900,55.013789
4.700000,54.991509
4.700100,55.012099
4.700200,55.009742
4.700300,55.010431
4.700400,55.019160
4.700500,55.016114
4.700600,55.014326
4.700700,55.016457
4.700800,55.016395
4.700900,55.016601
4.701000,55.017443
4.701100,55.017930
4.701200,55.018637
4.701300,55.019058
4.701400,55.018817
4.701500,55.018888
4.701600,55.019777
4.701700,55.018572
4.701800,55.019519
4.701900,55.018871
4.702000,55.018971
4.702100,55.018720
4.702200,55.018920
4.702300,55.019124
4.702400,55.019013
4.702500,55.019093
4.702600,55.018816
4.702700,55.018408
4.702800,55.018575
4.702900,55.018436
4.703000,55.018553
4.703100,55.018731
4.703200,55.019065
4.703300,55.019235
4.703400,55.019295
4.703500,55.018931
4.703600,55.019104
4.703700,55.019365
4.703800,55.018799
4.703900,55.018875
4.704000,55.018981
4.704100,55.019060
4.704200,55.018586
4.704300,55.018756
4.704400,55.018904
4.704500,55.018806
4.704600,55.018771
4.704700,55.018742
4.704800,55.018954
4.704900,55.018621
4.705000,55.019097
4.705100,55.018815
4.705200,55.018546
4.705300,55.018457
4.705400,55.018178
4.705500,55.018545
4.705600,55.019001
4.705700,55.018431
4.705800,55.018840
4.705900,55.019530
4.706000,55.018399
4.706100,55.018817
4.706200,55.020166
4.706300,55.019654
4.706400,55.019047
4.706500,55.019088
4.706600,55.018759
4.706700,55.018534
4.706800,55.017954
4.706900,55.019518
4.707000,55.017433
4.707100,55.017445
4.707200,55.020089
4.707300,55.019983
4.707400,55.019743
4.707500,55.019229
4.707600,55.018788
4.707700,55.015491
4.707800,55.017331
4.707900,55.011941
4.708000,55.013765
4.708100,55.014841
4.708200,55.014682
4.708300,55.015907
4.708400,55.020945
4.708500,55.025975
4.708600,55.019882
4.708700,55.022716
4.708800,55.004223
4.708900,55.011868
4.709000,54.996705
4.709100,54.979097
4.709200,54.992203
4.709300,54.973061
4.709400,54.969618
4.709500,54.965142
4.709600,54.970581
4.709700,54.970388
4.709800,54.972157
4.709900,54.971617
4.710000,54.971602
4.710100,54.971306
4.710200,54.970601
4.710300,54.970390
4.710400,54.970722
4.710500,54.971403
4.710600,54.970664
4.710700,54.970932
4.710800,54.970779
4.710900,54.970348
4.711000,54.970078
4.711100,54.970604
4.711200,54.970260
4.711300,54.970498
4.711400,54.970495
4.711500,54.970813
4.711600,54.970715
4.711700,54.970694
4.711800,54.970609
4.711900,54.970613
4.712000,54.970517
4.712100,54.970283
4.712200,54.970504
4.712300,54.970368
4.712400,54.970281
4.712500,54.970336
4.712600,54.970192
4.712700,54.970419
4.712800,54.970243
4.712900,54.970420
4.713000,54.969989
4.713100,54.970258
4.713200,54.970350
4.713300,54.970095
4.713400,54.970261
4.713500,54.970143
4.713600,54.970542
4.713700,54.970258
4.713800,54.970509
4.713900,54.970583
4.714000,54.970076
4.714100,54.969733
4.714200,54.970404
4.714300,54.970712
4.714400,54.970072
4.714500,54.970085
4.714600,54.970209
4.714700,54.970423
4.714800,54.969633
4.714900,54.970522
4.715000,54.970795
4.715100,54.970555
4.715200,54.970603
4.715300,54.970690
4.715400,54.970029
4.715500,54.970482
4.715600,54.969734
4.715700,54.969860
4.715800,54.970362
4.715900,54.970492
4.716000,54.969968
4.716100,54.970635
4.716200,54.972505
4.716300,54.972159
4.716400,54.970686
4.716500,54.970281
4.716600,54.968343
4.716700,54.967622
4.716800,54.966556
4.716900,54.965858
4.717000,54.968498
4.717100,54.972075
4.717200,54.979135
4.717300,54.979991
4.717400,54.977650
4.717500,54.973469
4.717600,54.983832
4.717700,54.977077
4.717800,54.992979
4.717900,54.991262
4.718000,54.979777
4.718100,54.978797
4.718200,54.967937
4.718300,54.967220
4.718400,54.985132
4.718500,54.984876
4.718600,54.974976
4.718700,54.981611
4.718800,54.982162
4.718900,54.981240
4.719000,54.981259
4.719100,54.981290
4.719200,54.980911
4.719300,54.980373
4.719400,54.980444
4.719500,54.981260
4.719600,54.980183
4.719700,54.980866
4.719800,54.980272
4.719900,54.979660
4.720000,54.979167
4.720100,54.979617
4.720200,54.979314
4.720300,54.979101
4.720400,54.979331
4.720500,54.980043
4.720600,54.979572
4.720700,54.979838
4.720800,54.980046
4.720900,54.979982
4.721000,54.979683
4.721100,54.979965
4.721200,54.979935
4.721300,54.979680
4.721400,54.979375
4.721500,54.979412
4.721600,54.979386
4.721700,54.979515
4.721800,54.979433
4.721900,54.979627
4.722000,54.979778
4.722100,54.979473
4.722200,54.979571
4.722300,54.979447
4.722400,54.979554
4.722500,54.979640
4.722600,54.980080
4.722700,54.980214
4.722800,54.979508
4.722900,54.979440
4.723000,54.979636
4.723100,54.979751
4.723200,54.979782
4.723300,54.980314
4.723400,54.980169
4.723500,54.979272
4.723600,54.979502
4.723700,54.979520
4.723800,54.979633
4.723900,54.979425
4.724000,54.979189
4.724100,54.979429
4.724200,54.980118
4.724300,54.980489
4.724400,54.980393
4.724500,54.979838
4.724600,54.979942
4.724700,54.980077
4.724800,54.981128
4.724900,54.980707
4.725000,54.980475
4.725100,54.978323
4.725200,54.978534
4.725300,54.980263
4.725400,54.978622
4.725500,54.979981
4.725600,54.978892
4.725700,54.982446
4.725800,54.982330
4.725900,54.980742
4.726000,54.976923
4.726100,54.979480
4.726200,54.979412
4.726300,54.980066
4.726400,54.980167
4.726500,54.986011
4.726600,54.986086
4.726700,54.985005
4.726800,54.977289
4.726900,54.974779
4.727000,54.957951
4.727100,54.973318
4.727200,54.985113
4.727300,55.002146
4.727400,54.995707
4.727500,54.994926
4.727600,54.988503
4.727700,54.990248
4.727800,54.989772
4.727900,54.985749
4.728000,54.986256
4.728100,54.986287
4.728200,54.985749
4.728300,54.985657
4.728400,54.985978
4.728500,54.985314
4.728600,54.985115
4.728700,54.985201
4.728800,54.984339
4.728900,54.985483
4.729000,54.985843
4.729100,54.985177
4.729200,54.985121
4.729300,54.985130
4.729400,54.985527
4.729500,54.985405
4.729600,54.985750
4.729700,54.985558
4.729800,54.985626
4.729900,54.985442
4.730000,54.985705
4.730100,54.985738
4.730200,54.985751
4.730300,54.985555
4.730400,54.985481
4.730500,54.985682
4.730600,54.985427
4.730700,54.985621
4.730800,54.985487
4.730900,54.985761
4.731000,54.985415
4.731100,54.985454
4.731200,54.985351
4.731300,54.984994
4.731400,54.985213
4.731500,54.985408
4.731600,54.985580
4.731700,54.985379
4.731800,54.985442
4.731900,54.985882
4.732000,54.986146
4.732100,54.985425
4.732200,54.985560
4.732300,54.985295
4.732400,54.985231
4.732500,54.985125
4.732600,54.985129
4.732700,54.985338
4.732800,54.985536
4.732900,54.985550
4.733000,54.986158
4.733100,54.985531
4.733200,54.985222
4.733300,54.985364
4.733400,54.985090
4.733500,54.985701
4.733600,54.984757
4.733700,54.985305
4.733800,54.983687
4.733900,54.984432
4.734000,54.985949
4.734100,54.985718
4.734200,54.986949
4.734300,54.986673
4.734400,54.985880
4.734500,54.988125
4.734600,54.988807
4.734700,54.988213
4.734800,54.986091
4.734900,54.982643
4.735000,54.987157
4.735100,54.984289
4.735200,54.987826
4.735300,54.988044
4.735400,54.987468
4.735500,54.987246
4.735600,54.988962
4.735700,54.991387
4.735800,55.004226
4.735900,55.004944
4.736000,54.997489
4.736100,55.008872
4.736200,55.029332
4.736300,55.029388
4.736400,55.033812
4.736500,55.051515
4.736600,55.055521
4.736700,55.051141
4.736800,55.047379
4.736900,55.048468
4.737000,55.047357
4.737100,55.046818
4.737200,55.047045
4.737300,55.046111
4.737400,55.046810
4.737500,55.045201
4.737600,55.044101
4.737700,55.043726
4.737800,55.043718
4.737900,55.043571
4.738000,55.044527
4.738100,55.044627
4.738200,55.043762
4.738300,55.044459
4.738400,55.044151
4.738500,55.044105
4.738600,55.044029
4.738700,55.044200
4.738800,55.044254
4.738900,55.043792
4.739000,55.044031
4.739100,55.044434
4.739200,55.044476
4.739300,55.044652
4.739400,55.044383
4.739500,55.044096
4.739600,55.044263
4.739700,55.044721
4.739800,55.044582
4.739900,55.044199
4.740000,55.044291
4.740100,55.044194
4.740200,55.044309
4.740300,55.044554
4.740400,55.044210
4.740500,55.043905
4.740600,55.043968
4.740700,55.044311
4.740800,55.043975
4.740900,55.044065
4.741000,55.044612
4.741100,55.044388
4.741200,55.044250
4.741300,55.044035
4.741400,55.044448
4.741500,55.044521
4.741600,55.044269
4.741700,55.044368
4.741800,55.044463
4.741900,55.044225
4.742000,55.044297
4.742100,55.044178
4.742200,55.044750
4.742300,55.044824
4.742400,55.044990
4.742500,55.044707
4.742600,55.045414
4.742700,55.044718
4.742800,55.045036
4.742900,55.045459
4.743000,55.045548
4.743100,55.044655
4.743200,55.042957
4.743300,55.043241
4.743400,55.044511
4.743500,55.043698
4.743600,55.045208
4.743700,55.045323
4.743800,55.045547
4.743900,55.046273
4.744000,55.047363
4.744100,55.042969
4.744200,55.039820
4.744300,55.043682
4.744400,55.037053
4.744500,55.032538
4.744600,55.024893
4.744700,55.032326
4.744800,55.025176
4.744900,55.028504
4.745000,55.023704
4.745100,55.038664
4.745200,55.040159
4.745300,55.022100
4.745400,55.027869
4.745500,55.025929
4.745600,55.027747
4.745700,55.020295
4.745800,55.028797
4.745900,55.020640
4.746000,55.014737
4.746100,55.011191
4.746200,55.012502
4.746300,55.012486
4.746400,55.012634
4.746500,55.012472
4.746600,55.013589
4.746700,55.013681
4.746800,55.012686
4.746900,55.012646
4.747000,55.012568
4.747100,55.012806
4.747200,55.012615
4.747300,55.012536
4.747400,55.012526
4.747500,55.011896
4.747600,55.012419
4.747700,55.012198
4.747800,55.011556
4.747900,55.012133
4.748000,55.012117
4.748100,55.011953
4.748200,55.011929
4.748300,55.011872
4.748400,55.012270
4.748500,55.011754
4.748600,55.011741
4.748700,55.011782
4.748800,55.012049
4.748900,55.011838
4.749000,55.011680
4.749100,55.011815
4.749200,55.011815
4.749300,55.011865
4.749400,55.011488
4.749500,55.011810
4.749600,55.011666
4.749700,55.011802
4.749800,55.011985
4.749900,55.011731
4.750000,55.011601
4.750100,55.011724
4.750200,55.011595
4.750300,55.011521
4.750400,55.011747
4.750500,55.011987
4.750600,55.011378
4.750700,55.011845
4.750800,55.012432
4.750900,55.012325
4.751000,55.012037
4.751100,55.012363
4.751200,55.012011
4.751300,55.011989
4.751400,55.012346
4.751500,55.012305
4.751600,55.012395
4.751700,55.012062
4.751800,55.011363
4.751900,55.011214
4.752000,55.012065
4.752100,55.012035
4.752200,55.012300
4.752300,55.011675
4.752400,55.011906
4.752500,55.011026
4.752600,55.010541
4.752700,55.009893
4.752800,55.010184
4.752900,55.009566
4.753000,55.013106
4.753100,55.014770
4.753200,55.012382
4.753300,55.013941
4.753400,55.009444
4.753500,55.003752
4.753600,55.009079
4.753700,55.017721
4.753800,55.021695
4.753900,55.022055
4.754000,55.023662
4.754100,55.010128
4.754200,55.013325
4.754300,55.002952
4.754400,54.999744
4.754500,55.000671
4.754600,55.022761
4.754700,55.012754
4.754800,55.012431
4.754900,55.009721
4.755000,55.012833
4.755100,55.011047
4.755200,55.011451
4.755300,55.011053
4.755400,55.010982
4.755500,55.011476
4.755600,55.010019
4.755700,55.010275
4.755800,55.009524
4.755900,55.009413
4.756000,55.010324
4.756100,55.010679
4.756200,55.010906
4.756300,55.010849
4.756400,55.010666
4.756500,55.010883
4.756600,55.010851
4.756700,55.011010
4.756800,55.010811
4.756900,55.010698
4.757000,55.010580
4.757100,55.010760
4.757200,55.010691
4.757300,55.010573
4.757400,55.010633
4.757500,55.010904
4.757600,55.010331
4.757700,55.010369
4.757800,55.010338
4.757900,55.010468
4.758000,55.010707
4.758100,55.010424
4.758200,55.010394
4.758300,55.010358
4.758400,55.010539
4.758500,55.010670
4.758600,55.010484
4.758700,55.010505
4.758800,55.010757
4.758900,55.010965
4.759000,55.010767
4.759100,55.010991
4.759200,55.010751
4.759300,55.010564
4.759400,55.010574
4.759500,55.010593
4.759600,55.010861
4.759700,55.010936
4.759800,55.010030
4.759900,55.009690
4.760000,55.010704
4.760100,55.010777
4.760200,55.010810
4.760300,55.010266
4.760400,55.010613
4.760500,55.010576
4.760600,55.011245
4.760700,55.011014
4.760800,55.010671
4.760900,55.010557
4.761000,55.011335
4.761100,55.011264
4.761200,55.012912
4.761300,55.013290
4.761400,55.011353
4.761500,55.010396
4.761600,55.010680
4.761700,55.010177
4.761800,55.009089
4.761900,55.009638
4.762000,55.010439
4.762100,55.011082
4.762200,55.007068
4.762300,55.008967
4.762400,55.011517
4.762500,55.006995
4.762600,55.007151
4.762700,55.006323
4.762800,55.003681
4.762900,55.010827
4.763000,55.003443
4.763100,55.004626
4.763200,54.988569
4.763300,55.005916
4.763400,55.005914
4.763500,54.990474
4.763600,55.005671
4.763700,54.998763
4.763800,55.015164
4.763900,55.013238
4.764000,55.007734
4.764100,55.012709
4.764200,55.008675
4.764300,55.007156
4.764400,55.006434
4.764500,55.006450
4.764600,55.007613
4.764700,55.006477
4.764800,55.007007
4.764900,55.005446
4.765000,55.004635
4.765100,55.004423
4.765200,55.003745
4.765300,55.003770
4.765400,55.004217
4.765500,55.004602
4.765600,55.004590
4.765700,55.004203
4.765800,55.004209
4.765900,55.004041
4.766000,55.004129
4.766100,55.004187
4.766200,55.004200
4.766300,55.004793
4.766400,55.004650
4.766500,55.004135
4.766600,55.004081
4.766700,55.004151
4.766800,55.004201
4.766900,55.004182
4.767000,55.004324
4.767100,55.004534
4.767200,55.004327
4.767300,55.004464
4.767400,55.004599
4.767500,55.004615
4.767600,55.004403
4.767700,55.004707
4.767800,55.004129
4.767900,55.004076
4.768000,55.004556
4.768100,55.004485
4.768200,55.003940
4.768300,55.004260
4.768400,55.004444
4.768500,55.004197
4.768600,55.004248
4.768700,55.004398
4.768800,55.004606
4.768900,55.004253
4.769000,55.004065
4.769100,55.004656
4.769200,55.004490
4.769300,55.004712
4.769400,55.004951
4.769500,55.005002
4.769600,55.004083
4.769700,55.003947
4.769800,55.003696
4.769900,55.004115
4.770000,55.004279
4.770100,55.004980
4.770200,55.003588
4.770300,55.003195
4.770400,55.003069
4.770500,55.004483
4.770600,55.004924
4.770700,55.004281
4.770800,55.004048
4.770900,55.005054
4.771000,55.003889
4.771100,55.006160
4.771200,55.004522
4.771300,55.008422
4.771400,55.006319
4.771500,55.001871
4.771600,55.007153
4.771700,55.006637
4.771800,55.010443
4.771900,55.011283
4.772000,55.004473
4.772100,54.992888
4.772200,54.987260
4.772300,54.975271
4.772400,54.990094
4.772500,54.991859
4.772600,54.982359
4.772700,54.986774
4.772800,54.997351
4.772900,55.004180
4.773000,55.008279
4.773100,54.995910
4.773200,54.993479
4.773300,54.993230
4.773400,54.991669
4.773500,54.991515
4.773600,54.991469
4.773700,54.990964
4.773800,54.991437
4.773900,54.989727
4.774000,54.988829
4.774100,54.989780
4.774200,54.988656
4.774300,54.989098
4.774400,54.990222
4.774500,54.989825
4.774600,54.989890
4.774700,54.989800
4.774800,54.990357
4.774900,54.990164
4.775000,54.990029
4.775100,54.990051
4.775200,54.990151
4.775300,54.989856
4.775400,54.989892
4.775500,54.989847
4.775600,54.990408
4.775700,54.990128
4.775800,54.990001
4.775900,54.990159
4.776000,54.990069
4.776100,54.989665
4.776200,54.989820
4.776300,54.989718
4.776400,54.989948
4.776500,54.989601
4.776600,54.989605
4.776700,54.989674
4.776800,54.989471
4.776900,54.989865
4.777000,54.989663
4.777100,54.990014
4.777200,54.989665
4.777300,54.989562
4.777400,54.990072
4.777500,54.989651
4.777600,54.989676
4.777700,54.989409
4.777800,54.989437
4.777900,54.989803
4.778000,54.989708
4.778100,54.989394
4.778200,54.989663
4.778300,54.990231
4.778400,54.990090
4.778500,54.990232
4.778600,54.989094
4.778700,54.989713
4.778800,54.988994
4.778900,54.989344
4.779000,54.990157
4.779100,54.989507
4.779200,54.988913
4.779300,54.988975
4.779400,54.989727
4.779500,54.989768
4.779600,54.990085
4.779700,54.988678
4.779800,54.989302
4.779900,54.989158
4.780000,54.990972
4.780100,54.992640
4.780200,54.993047
4.780300,54.992434
4.780400,54.994195
4.780500,54.992485
4.780600,54.992578
4.780700,54.987223
4.780800,54.982952
4.780900,54.987095
4.781000,54.983480
4.781100,54.992544
4.781200,54.996594
4.781300,54.988241
4.781400,54.985836
4.781500,54.968611
4.781600,54.966334
4.781700,54.958785
4.781800,54.967009
4.781900,54.955887
4.782000,54.955588
4.782100,54.962938
4.782200,54.964545
4.782300,54.964443
4.782400,54.966647
4.782500,54.967148
4.782600,54.967232
4.782700,54.967099
4.782800,54.968322
4.782900,54.967595
4.783000,54.966240
4.783100,54.966373
4.783200,54.967612
4.783300,54.968837
4.783400,54.968746
4.783500,54.968567
4.783600,54.967907
4.783700,54.968672
4.783800,54.969206
4.783900,54.968403
4.784000,54.968256
4.784100,54.968875
4.784200,54.968563
4.784300,54.968438
4.784400,54.968574
4.784500,54.968551
4.784600,54.968653
4.784700,54.968499
4.784800,54.968377
4.784900,54.968478
4.785000,54.968179
4.785100,54.968480
4.785200,54.968597
4.785300,54.968651
4.785400,54.968355
4.785500,54.968282
4.785600,54.968410
4.785700,54.968513
4.785800,54.968594
4.785900,54.968313
4.786000,54.968257
4.786100,54.968673
4.786200,54.968427
4.786300,54.968224
4.786400,54.968494
4.786500,54.968389
4.786600,54.968273
4.786700,54.967985
4.786800,54.968165
4.786900,54.968528
4.787000,54.968619
4.787100,54.968605
4.787200,54.968290
4.787300,54.969115
4.787400,54.968636
4.787500,54.968057
4.787600,54.968535
4.787700,54.968510
4.787800,54.967935
4.787900,54.968604
4.788000,54.968177
4.788100,54.966971
4.788200,54.967859
4.788300,54.969137
4.788400,54.968158
4.788500,54.967795
4.788600,54.967548
4.788700,54.968734
4.788800,54.967429
4.788900,54.967592
4.789000,54.968190
4.789100,54.967927
4.789200,54.969305
4.789300,54.971305
4.789400,54.972459
4.789500,54.972069
4.789600,54.971278
4.789700,54.973151
4.789800,54.972281
4.789900,54.972585
4.790000,54.975525
4.790100,54.979733
4.790200,54.976712
4.790300,54.969046
4.790400,54.972648
4.790500,54.959086
4.790600,54.949452
4.790700,54.950421
4.790800,54.952717
4.790900,54.935598
4.791000,54.955988
4.791100,54.972341
4.791200,54.972407
4.791300,54.968320
4.791400,54.975028
4.791500,54.976868
4.791600,54.975850
4.791700,54.975773
4.791800,54.975735
4.791900,54.976732
4.792000,54.976652
4.792100,54.976792
4.792200,54.975054
4.792300,54.974989
4.792400,54.976005
4.792500,54.976728
4.792600,54.975784
4.792700,54.976167
4.792800,54.976357
4.792900,54.976477
4.793000,54.976263
4.793100,54.976424
4.793200,54.976698
4.793300,54.976541
4.793400,54.976309
4.793500,54.976384
4.793600,54.976267
4.793700,54.975889
4.793800,54.975914
4.793900,54.976096
4.794000,54.976458
4.794100,54.976110
4.794200,54.976055
4.794300,54.976223
4.794400,54.976331
4.794500,54.975952
4.794600,54.975996
4.794700,54.976360
4.794800,54.976247
4.794900,54.976127
4.795000,54.975960
4.795100,54.976069
4.795200,54.975956
4.795300,54.975955
4.795400,54.975916
4.795500,54.976111
4.795600,54.975929
4.795700,54.976408
4.795800,54.976410
4.795900,54.976258
4.796000,54.976559
4.796100,54.976685
4.796200,54.976305
4.796300,54.976373
4.796400,54.975890
4.796500,54.976066
4.796600,54.975682
4.796700,54.976197
4.796800,54.975811
4.796900,54.977078
4.797000,54.976949
4.797100,54.977255
4.797200,54.976371
4.797300,54.975344
4.797400,54.975291
4.797500,54.976186
4.797600,54.976708
4.797700,54.976537
4.797800,54.976690
4.797900,54.976936
4.798000,54.978655
4.798100,54.976244
4.798200,54.974980
4.798300,54.977110
4.798400,54.976146
4.798500,54.974678
4.798600,54.974005
4.798700,54.974271
4.798800,54.973835
4.798900,54.971849
4.799000,54.970832
4.799100,54.973000
4.799200,54.974524
4.799300,54.976304
4.799400,54.978845
4.799500,54.980511
4.799600,54.973839
4.799700,54.964815
4.799800,54.951198
4.799900,54.965373
4.800000,54.941136
4.800100,54.963898
4.800200,54.980197
4.800300,54.970664
4.800400,54.974676
4.800500,54.969434
4.800600,54.969264
4.800700,54.970435
4.800800,54.970249
4.800900,54.970246
4.801000,54.969921
4.801100,54.969630
4.801200,54.970073
4.801300,54.968491
4.801400,54.967973
4.801500,54.968527
4.801600,54.969514
4.801700,54.970261
4.801800,54.969438
4.801900,54.969820
4.802000,54.970184
4.802100,54.969959
4.802200,54.969461
4.802300,54.969600
4.802400,54.969551
4.802500,54.969562
4.802600,54.969717
4.802700,54.969635
4.802800,54.969700
4.802900,54.969510
4.803000,54.969758
4.803100,54.969759
4.803200,54.969727
4.803300,54.969987
4.803400,54.970200
4.803500,54.969884
4.803600,54.969554
4.803700,54.969696
4.803800,54.969521
4.803900,54.969403
4.804000,54.969624
4.804100,54.969591
4.804200,54.969610
4.804300,54.969553
4.804400,54.969503
4.804500,54.969726
4.804600,54.969509
4.804700,54.969389
4.804800,54.969523
4.804900,54.969233
4.805000,54.969679
4.805100,54.970194
4.805200,54.969934
4.805300,54.969747
4.805400,54.970257
4.805500,54.970139
4.805600,54.969895
4.805700,54.969570
4.805800,54.970113
4.805900,54.969702
4.806000,54.969143
4.806100,54.968633
4.806200,54.968705
4.806300,54.968857
4.806400,54.968697
4.806500,54.969543
4.806600,54.970278
4.806700,54.970129
4.806800,54.969950
4.806900,54.970041
4.807000,54.969935
4.807100,54.968014
4.807200,54.970779
4.807300,54.970076
4.807400,54.970879
4.807500,54.971144
4.807600,54.974807
4.807700,54.971638
4.807800,54.975891
4.807900,54.975979
4.808000,54.976051
4.808100,54.971641
4.808200,54.975382
4.808300,54.976530
4.808400,54.983402
4.808500,54.976660
4.808600,54.990630
4.808700,54.998902
4.808800,54.984697
4.808900,54.988355
4.809000,54.984985
4.809100,54.991063
4.809200,54.996617
4.809300,54.992945
4.809400,55.005034
4.809500,55.005596
4.809600,55.011236
4.809700,55.012866
4.809800,55.012412
4.809900,55.012736
4.810000,55.012786
4.810100,55.014102
4.810200,55.013604
4.810300,55.013093
4.810400,55.013829
4.810500,55.014200
4.810600,55.013935
4.810700,55.012885
4.810800,55.013675
4.810900,55.013217
4.811000,55.013192
4.811100,55.013621
4.811200,55.014049
4.811300,55.013592
4.811400,55.013376
4.811500,55.013270
4.811600,55.013314
4.811700,55.013427
4.811800,55.013781
4.811900,55.013408
4.812000,55.013367
4.812100,55.013575
4.812200,55.013698
4.812300,55.013555
4.812400,55.013813
4.812500,55.013396
4.812600,55.013675
4.812700,55.013950
4.812800,55.013389
4.812900,55.013756
4.813000,55.013939
4.813100,55.013824
4.813200,55.013518
4.813300,55.013314
4.813400,55.013646
4.813500,55.013431
4.813600,55.013140
4.813700,55.013541
4.813800,55.013653
4.813900,55.013899
4.814000,55.013314
4.814100,55.014094
4.814200,55.014167
4.814300,55.013622
4.814400,55.013835
4.814500,55.013798
4.814600,55.013029
4.814700,55.013465
4.814800,55.013481
4.814900,55.013582
4.815000,55.013660
4.815100,55.013817
4.815200,55.013006
4.815300,55.013954
4.815400,55.014393
4.815500,55.013753
4.815600,55.013595
4.815700,55.013470
4.815800,55.013725
4.815900,55.015532
4.816000,55.015284
4.816100,55.013965
4.816200,55.015294
4.816300,55.014143
4.816400,55.012922
4.816500,55.012021
4.816600,55.015019
4.816700,55.016486
4.816800,55.012415
4.816900,55.009115
4.817000,55.010760
4.817100,55.014827
4.817200,55.016146
4.817300,55.015067
4.817400,55.020134
4.817500,55.017421
4.817600,55.021646
4.817700,55.023850
4.817800,55.028431
4.817900,55.029875
4.818000,55.049791
4.818100,55.037980
4.818200,55.030090
4.818300,55.030488
4.818400,55.039956
4.818500,55.025453
4.818600,55.030814
4.818700,55.031293
4.818800,55.032623
4.818900,55.032257
4.819000,55.032276
4.819100,55.032988
4.819200,55.031774
4.819300,55.030232
4.819400,55.029916
4.819500,55.030078
4.819600,55.029741
4.819700,55.030076
4.819800,55.029731
4.819900,55.029399
4.820000,55.029919
4.820100,55.029709
4.820200,55.029953
4.820300,55.029825
4.820400,55.029952
4.820500,55.030070
4.820600,55.030236
4.820700,55.030398
4.820800,55.030446
4.820900,55.030710
4.821000,55.030529
4.821100,55.030451
4.821200,55.030298
4.821300,55.030172
4.821400,55.030388
4.821500,55.030240
4.821600,55.030355
4.821700,55.030475
4.821800,55.030361
4.821900,55.030498
4.822000,55.030025
4.822100,55.030503
4.822200,55.030215
4.822300,55.030260
4.822400,55.030263
4.822500,55.030018
4.822600,55.030502
4.822700,55.030587
4.822800,55.030470
4.822900,55.030386
4.823000,55.030636
4.823100,55.030492
4.823200,55.030370
4.823300,55.030115
4.823400,55.030519
4.823500,55.030524
4.823600,55.030755
4.823700,55.030322
4.823800,55.029987
4.823900,55.030857
4.824000,55.031081
4.824100,55.031132
4.824200,55.030440
4.824300,55.031097
4.824400,55.031271
4.824500,55.030679
4.824600,55.030887
4.824700,55.030707
4.824800,55.030166
4.824900,55.030797
4.825000,55.030135
4.825100,55.031288
4.825200,55.030733
4.825300,55.029299
4.825400,55.029136
4.825500,55.028794
4.825600,55.030725
4.825700,55.032073
4.825800,55.030647
4.825900,55.035244
4.826000,55.033839
4.826100,55.034089
4.826200,55.030828
4.826300,55.028325
4.826400,55.035974
4.826500,55.035769
4.826600,55.031756
4.826700,55.022734
4.826800,55.036603
4.826900,55.020168
4.827000,55.010911
4.827100,55.032954
4.827200,55.035899
4.827300,55.032102
4.827400,55.025397
4.827500,55.023815
4.827600,55.028934
4.827700,55.022420
4.827800,55.022735
4.827900,55.023339
4.828000,55.023474
4.828100,55.023606
4.828200,55.022390
4.828300,55.022340
4.828400,55.022955
4.828500,55.023742
4.828600,55.023511
4.828700,55.024078
4.828800,55.024374
4.828900,55.024457
4.829000,55.023932
4.829100,55.023373
4.829200,55.023174
4.829300,55.023009
4.829400,55.023198
4.829500,55.023824
4.829600,55.023376
4.829700,55.023365
4.829800,55.023520
4.829900,55.023695
4.830000,55.023740
4.830100,55.023619
4.830200,55.023630
4.830300,55.023584
4.830400,55.023355
4.830500,55.023677
4.830600,55.023844
4.830700,55.023642
4.830800,55.023625
4.830900,55.023752
4.831000,55.023563
4.831100,55.023765
4.831200,55.023315
4.831300,55.023882
4.831400,55.023596
4.831500,55.023653
4.831600,55.023482
4.831700,55.023640
4.831800,55.023659
4.831900,55.023519
4.832000,55.023492
4.832100,55.023425
4.832200,55.023394
4.832300,55.023843
4.832400,55.024271
4.832500,55.023843
4.832600,55.024146
4.832700,55.023838
4.832800,55.023467
4.832900,55.022984
4.833000,55.023403
4.833100,55.024006
4.833200,55.023909
4.833300,55.024089
4.833400,55.024173
4.833500,55.023813
4.833600,55.024134
4.833700,55.024581
4.833800,55.023316
4.833900,55.022479
4.834000,55.024385
4.834100,55.024620
4.834200,55.024327
4.834300,55.025497
4.834400,55.023194
4.834500,55.022916
4.834600,55.023337
4.834700,55.023637
4.834800,55.023783
4.834900,55.023597
4.835000,55.024011
4.835100,55.022069
4.835200,55.018692
4.835300,55.024256
4.835400,55.024377
4.835500,55.021507
4.835600,55.015081
4.835700,55.014885
4.835800,55.010842
4.835900,55.019482
4.836000,55.024526
4.836100,55.025940
4.836200,55.038742
4.836300,55.060702
4.836400,55.038421
4.836500,55.058728
4.836600,55.041425
4.836700,55.028348
4.836800,55.019952
4.836900,55.021685
4.837000,55.024206
4.837100,55.023835
4.837200,55.023771
4.837300,55.023560
4.837400,55.023947
4.837500,55.024184
4.837600,55.022748
4.837700,55.021348
4.837800,55.021662
4.837900,55.021818
4.838000,55.021149
4.838100,55.021162
4.838200,55.021682
4.838300,55.021760
4.838400,55.022417
4.838500,55.022309
4.838600,55.022605
4.838700,55.022243
4.838800,55.021896
4.838900,55.022242
4.839000,55.021763
4.839100,55.022253
4.839200,55.022108
4.839300,55.022113
4.839400,55.021922
4.839500,55.021784
4.839600,55.021649
4.839700,55.021785
4.839800,55.021989
4.839900,55.021733
4.840000,55.021820
4.840100,55.021820
4.840200,55.022294
4.840300,55.021800
4.840400,55.021769
4.840500,55.021943
4.840600,55.021840
4.840700,55.022113
4.840800,55.022292
4.840900,55.022109
4.841000,55.021888
4.841100,55.021978
4.841200,55.021730
4.841300,55.021856
4.841400,55.021430
4.841500,55.021259
4.841600,55.022142
4.841700,55.022432
4.841800,55.022258
4.841900,55.022110
4.842000,55.022306
4.842100,55.023047
4.842200,55.022079
4.842300,55.022038
4.842400,55.021549
4.842500,55.021594
4.842600,55.021973
4.842700,55.021838
4.842800,55.021523
4.842900,55.021539
4.843000,55.021396
4.843100,55.021967
4.843200,55.022349
4.843300,55.020527
4.843400,55.019747
4.843500,55.020921
4.843600,55.021351
4.843700,55.022329
4.843800,55.021982
4.843900,55.021860
4.844000,55.020557
4.844100,55.023351
4.844200,55.020830
4.844300,55.021142
4.844400,55.015383
4.844500,55.020944
4.844600,55.012890
4.844700,55.015914
4.844800,55.019396
4.844900,55.022132
4.845000,55.029964
4.845100,55.015820
4.845200,55.034682
4.845300,55.025793
4.845400,55.015645
4.845500,55.016485
4.845600,55.013028
4.845700,54.996876
4.845800,54.993209
4.845900,54.993377
4.846000,54.992598
4.846100,54.993543
4.846200,54.993189
4.846300,54.993316
4.846400,54.993161
4.846500,54.993450
4.846600,54.992820
4.846700,54.992344
4.846800,54.992424
4.846900,54.993961
4.847000,54.992958
4.847100,54.992205
4.847200,54.992492
4.847300,54.992747
4.847400,54.991886
4.847500,54.992543
4.847600,54.992267
4.847700,54.992595
4.847800,54.992678
4.847900,54.992204
4.848000,54.992130
4.848100,54.992102
4.848200,54.992486
4.848300,54.992714
4.848400,54.992159
4.848500,54.992083
4.848600,54.991935
4.848700,54.991932
4.848800,54.992087
4.848900,54.992337
4.849000,54.992529
4.849100,54.992145
4.849200,54.992461
4.849300,54.992178
4.849400,54.992159
4.849500,54.992287
4.849600,54.992378
4.849700,54.992085
4.849800,54.991914
4.849900,54.992053
4.850000,54.992109
4.850100,54.992113
4.850200,54.991695
4.850300,54.992503
4.850400,54.992287
4.850500,54.992350
4.850600,54.992449
4.850700,54.992504
4.850800,54.992415
4.850900,54.992635
4.851000,54.992202
4.851100,54.992363
4.851200,54.992153
4.851300,54.992231
4.851400,54.992023
4.851500,54.991387
4.851600,54.990644
4.851700,54.991845
4.851800,54.992587
4.851900,54.993288
4.852000,54.992001
4.852100,54.992549
4.852200,54.992337
4.852300,54.991452
4.852400,54.991399
4.852500,54.993914
4.852600,54.994264
4.852700,54.994394
4.852800,54.995123
4.852900,54.994278
4.853000,54.991454
4.853100,54.987518
4.853200,54.987669
4.853300,54.986767
4.853400,54.989623
4.853500,54.987348
4.853600,54.988909
4.853700,54.990174
4.853800,55.000249
4.853900,54.997164
4.854000,54.999707
4.854100,55.003206
4.854200,55.003825
4.854300,54.986189
4.854400,54.982651
4.854500,55.002923
4.854600,54.992211
4.854700,54.976489
4.854800,54.979069
4.854900,54.980167
4.855000,54.984658
4.855100,54.983296
4.855200,54.984508
4.855300,54.985200
4.855400,54.985190
4.855500,54.985442
4.855600,54.986688
4.855700,54.985641
4.855800,54.985414
4.855900,54.985901
4.856000,54.985029
4.856100,54.985259
4.856200,54.986451
4.856300,54.986556
4.856400,54.985766
4.856500,54.985997
4.856600,54.985648
4.856700,54.985693
4.856800,54.986027
4.856900,54.985888
4.857000,54.985675
4.857100,54.985647
4.857200,54.985790
4.857300,54.985692
4.857400,54.985990
4.857500,54.985895
4.857600,54.986068
4.857700,54.985995
4.857800,54.985978
4.857900,54.985927
4.858000,54.985989
4.858100,54.986020
4.858200,54.985686
4.858300,54.985399
4.858400,54.985622
4.858500,54.985862
4.858600,54.985789
4.858700,54.985650
4.858800,54.985727
4.858900,54.986097
4.859000,54.986033
4.859100,54.986139
4.859200,54.986103
4.859300,54.985840
4.859400,54.986091
4.859500,54.985732
4.859600,54.985543
4.859700,54.985891
4.859800,54.985744
4.859900,54.985815
4.860000,54.985257
4.860100,54.985749
4.860200,54.985968
4.860300,54.986232
4.860400,54.985923
4.860500,54.985815
4.860600,54.985466
4.860700,54.985738
4.860800,54.984911
4.860900,54.985050
4.861000,54.984468
4.861100,54.985768
4.861200,54.985452
4.861300,54.986758
4.861400,54.986024
4.861500,54.984536
4.861600,54.986354
4.861700,54.986583
4.861800,54.984876
4.861900,54.984877
4.862000,54.985340
4.862100,54.987190
4.862200,54.989280
4.862300,54.985400
4.862400,54.984734
4.862500,54.984921
4.862600,54.987943
4.862700,54.991165
4.862800,54.985011
4.862900,54.992201
4.863000,54.989629
4.863100,54.999101
4.863200,54.983326
4.863300,54.996077
4.863400,54.981329
4.863500,54.971513
4.863600,54.959205
4.863700,54.951067
4.863800,54.967870
4.863900,54.981986
4.864000,54.983818
4.864100,54.975737
4.864200,54.978424
4.864300,54.981212
4.864400,54.980616
4.864500,54.980510
4.864600,54.981291
4.864700,54.982862
4.864800,54.983505
4.864900,54.982336
4.865000,54.982587
4.865100,54.982465
4.865200,54.981505
4.865300,54.981430
4.865400,54.981846
4.865500,54.981673
4.865600,54.981644
4.865700,54.981621
4.865800,54.981503
4.865900,54.981676
4.866000,54.981988
4.866100,54.981933
4.866200,54.981769
4.866300,54.981375
4.866400,54.981540
4.866500,54.982035
4.866600,54.981433
4.866700,54.981373
4.866800,54.981772
4.866900,54.981564
4.867000,54.981302
4.867100,54.981790
4.867200,54.981441
4.867300,54.981547
4.867400,54.981308
4.867500,54.981668
4.867600,54.981552
4.867700,54.981543
4.867800,54.981506
4.867900,54.981521
4.868000,54.981435
4.868100,54.981062
4.868200,54.981376
4.868300,54.981371
4.868400,54.981394
4.868500,54.981651
4.868600,54.981603
4.868700,54.981829
4.868800,54.981719
4.868900,54.981105
4.869000,54.981428
4.869100,54.981341
4.869200,54.981366
4.869300,54.981370
4.869400,54.981740
4.869500,54.981486
4.869600,54.982207
4.869700,54.981674
4.869800,54.981028
4.869900,54.980854
4.870000,54.981580
4.870100,54.981898
4.870200,54.981631
4.870300,54.981559
4.870400,54.981762
4.870500,54.980110
4.870600,54.980717
4.870700,54.980762
4.870800,54.982491
4.870900,54.981257
4.871000,54.982926
4.871100,54.982178
4.871200,54.983535
4.871300,54.985266
4.871400,54.983894
4.871500,54.983166
4.871600,54.984956
4.871700,54.984361
4.871800,54.987907
4.871900,54.982177
4.872000,54.980774
4.872100,54.977887
4.872200,54.967529
4.872300,54.957564
4.872400,54.975959
4.872500,54.996427
4.872600,55.011738
4.872700,55.023268
4.872800,55.015172
4.872900,55.016214
4.873000,55.019572
4.873100,55.028269
4.873200,55.026593
4.873300,55.022092
4.873400,55.021572
4.873500,55.021546
4.873600,55.021965
4.873700,55.020945
4.873800,55.020323
4.873900,55.021453
4.874000,55.022234
4.874100,55.021062
4.874200,55.021714
4.874300,55.021439
4.874400,55.021802
4.874500,55.021260
4.874600,55.020783
4.874700,55.020960
4.874800,55.021080
4.874900,55.021016
4.875000,55.021669
4.875100,55.020955
4.875200,55.021033
4.875300,55.021132
4.875400,55.021261
4.875500,55.020772
4.875600,55.021100
4.875700,55.020813
4.875800,55.020842
4.875900,55.020821
4.876000,55.020987
4.876100,55.021542
4.876200,55.021178
4.876300,55.020982
4.876400,55.020960
4.876500,55.020822
4.876600,55.020791
4.876700,55.020598
4.876800,55.021115
4.876900,55.021113
4.877000,55.020788
4.877100,55.021106
4.877200,55.021223
4.877300,55.021283
4.877400,55.021549
4.877500,55.020959
4.877600,55.020798
4.877700,55.021019
4.877800,55.021387
4.877900,55.021087
4.878000,55.020698
4.878100,55.021033
4.878200,55.020804
4.878300,55.021056
4.878400,55.020860
4.878500,55.020917
4.878600,55.020738
4.878700,55.021422
4.878800,55.020967
4.878900,55.021660
4.879000,55.022121
4.879100,55.021495
4.879200,55.021348
4.879300,55.021924
4.879400,55.020633
4.879500,55.021165
4.879600,55.021346
4.879700,55.020936
4.879800,55.021268
4.879900,55.021773
4.880000,55.021883
4.880100,55.019537
4.880200,55.021564
4.880300,55.022980
4.880400,55.022935
4.880500,55.025737
4.880600,55.021306
4.880700,55.023335
4.880800,55.023674
4.880900,55.021984
4.881000,55.026209
4.881100,55.021162
4.881200,55.013628
4.881300,55.000486
4.881400,54.991797
4.881500,54.981916
4.881600,54.998591
4.881700,54.989488
4.881800,54.994978
4.881900,54.993466
4.882000,55.011392
4.882100,55.001701
4.882200,55.006626
4.882300,55.006233
4.882400,55.003518
4.882500,55.003615
4.882600,55.003981
4.882700,55.004354
4.882800,55.005612
4.882900,55.006890
4.883000,55.005325
4.883100,55.004466
4.883200,55.004379
4.883300,55.004371
4.883400,55.004948
4.883500,55.003845
4.883600,55.003846
4.883700,55.003861
4.883800,55.003443
4.883900,55.003758
4.884000,55.004481
4.884100,55.004190
4.884200,55.004810
4.884300,55.004627
4.884400,55.004278
4.884500,55.004322
4.884600,55.004231
4.884700,55.004179
4.884800,55.004074
4.884900,55.004264
4.885000,55.004172
4.885100,55.004399
4.885200,55.004010
4.885300,55.004313
4.885400,55.004048
4.885500,55.004212
4.885600,55.004252
4.885700,55.004509
4.885800,55.004339
4.885900,55.004309
4.886000,55.004397
4.886100,55.004205
4.886200,55.004121
4.886300,55.004313
4.886400,55.004211
4.886500,55.003824
4.886600,55.004253
4.886700,55.004381
4.886800,55.004172
4.886900,55.004087
4.887000,55.004133
4.887100,55.003963
4.887200,55.004091
4.887300,55.004156
4.887400,55.004100
4.887500,55.005105
4.887600,55.004678
4.887700,55.004496
4.887800,55.004905
4.887900,55.003715
4.888000,55.004654
4.888100,55.005271
4.888200,55.004096
4.888300,55.003968
4.888400,55.003960
4.888500,55.004741
4.888600,55.003988
4.888700,55.004339
4.888800,55.005796
4.888900,55.003778
4.889000,55.004059
4.889100,55.005076
4.889200,55.004782
4.889300,55.005547
4.889400,55.007457
4.889500,55.003604
4.889600,55.001164
4.889700,55.003308
4.889800,55.007366
4.889900,55.001998
4.890000,55.001611
4.890100,55.010247
4.890200,55.002820
4.890300,54.996544
4.890400,54.998358
4.890500,55.000849
4.890600,55.017911
4.890700,55.009659
4.890800,55.010758
4.890900,55.017310
4.891000,55.025534
4.891100,55.013223
4.891200,55.005220
4.891300,55.009531
4.891400,55.007560
4.891500,55.009128
4.891600,55.010043
4.891700,55.009644
4.891800,55.009192
4.891900,55.009991
4.892000,55.010316
4.892100,55.009970
4.892200,55.010909
4.892300,55.009634
4.892400,55.009570
4.892500,55.009226
4.892600,55.009595
4.892700,55.010039
4.892800,55.009216
4.892900,55.009416
4.893000,55.009918
4.893100,55.009702
4.893200,55.009743
4.893300,55.009987
4.893400,55.010214
4.893500,55.009534
4.893600,55.009395
4.893700,55.009614
4.893800,55.009553
4.893900,55.009582
4.894000,55.009837
4.894100,55.009911
4.894200,55.010232
4.894300,55.010030
4.894400,55.009593
4.894500,55.009845
4.894600,55.009279
4.894700,55.009370
4.894800,55.009605
4.894900,55.009777
4.895000,55.009796
4.895100,55.009614
4.895200,55.009361
4.895300,55.009566
4.895400,55.009737
4.895500,55.010099
4.895600,55.009709
4.895700,55.009856
4.895800,55.009709
4.895900,55.009909
4.896000,55.009342
4.896100,55.009512
4.896200,55.009443
4.896300,55.009203
4.896400,55.009648
4.896500,55.009875
4.896600,55.009665
4.896700,55.009163
4.896800,55.009172
4.896900,55.010026
4.897000,55.009876
4.897100,55.009673
4.897200,55.009823
4.897300,55.008695
4.897400,55.007936
4.897500,55.009349
4.897600,55.009965
4.897700,55.011390
4.897800,55.009964
4.897900,55.008720
4.898000,55.007934
4.898100,55.010554
4.898200,55.010207
4.898300,55.009054
4.898400,55.008838
4.898500,55.011455
4.898600,55.008686
4.898700,55.010398
4.898800,55.007509
4.898900,55.011091
4.899000,55.011719
4.899100,55.014154
4.899200,55.006225
4.899300,55.006910
4.899400,54.995140
4.899500,55.001218
4.899600,55.012627
4.899700,55.011235
4.899800,55.022651
4.899900,55.016536
4.900000,55.017217
4.900100,55.013379
4.900200,55.019878
4.900300,55.009357
4.900400,55.007160
4.900500,55.008469
4.900600,55.005844
4.900700,55.007705
4.900800,55.007757
4.900900,55.008331
4.901000,55.007944
4.901100,55.008391
4.901200,55.007400
4.901300,55.007127
4.901400,55.008420
4.901500,55.006913
4.901600,55.006281
4.901700,55.006202
4.901800,55.006611
4.901900,55.006552
4.902000,55.006719
4.902100,55.007081
4.902200,55.006714
4.902300,55.006930
4.902400,55.007274
4.902500,55.006660
4.902600,55.007158
4.902700,55.007225
4.902800,55.007054
4.902900,55.007297
4.903000,55.007318
4.903100,55.006806
4.903200,55.006808
4.903300,55.006768
4.903400,55.006488
4.903500,55.006652
4.903600,55.006603
4.903700,55.006997
4.903800,55.007239
4.903900,55.006908
4.904000,55.007030
4.904100,55.007134
4.904200,55.007296
4.904300,55.007459
4.904400,55.006788
4.904500,55.007018
4.904600,55.007263
4.904700,55.007053
4.904800,55.007264
4.904900,55.006905
4.905000,55.007107
4.905100,55.006617
4.905200,55.007063
4.905300,55.006760
4.905400,55.006944
4.905500,55.006867
4.905600,55.006358
4.905700,55.007463
4.905800,55.007258
4.905900,55.007522
4.906000,55.006627
4.906100,55.006153
4.906200,55.005841
4.906300,55.006214
4.906400,55.006234
4.906500,55.007666
4.906600,55.007727
4.906700,55.006664
4.906800,55.006463
4.906900,55.006256
4.907000,55.005410
4.907100,55.006582
4.907200,55.006208
4.907300,55.007552
4.907400,55.006786
4.907500,55.005482
4.907600,55.006785
4.907700,55.007010
4.907800,55.008317
4.907900,55.005047
4.908000,55.010720
4.908100,55.006545
4.908200,55.008802
4.908300,55.003540
4.908400,55.006046
4.908500,55.001932
4.908600,55.001239
4.908700,54.988067
4.908800,54.997855
4.908900,54.984456
4.909000,54.994440
4.909100,55.012545
4.909200,55.010388
4.909300,55.008754
4.909400,55.004262
4.909500,54.998658
4.909600,55.001332
4.909700,54.998403
4.909800,54.998893
4.909900,54.998916
4.910000,54.998997
4.910100,54.999380
4.910200,55.000002
4.910300,55.000158
4.910400,55.000650
4.910500,54.999251
4.910600,55.000100
4.910700,54.999092
4.910800,54.998905
4.910900,54.999212
4.911000,54.999258
4.911100,54.999121
4.911200,54.998952
4.911300,54.999473
4.911400,54.999220
4.911500,54.999093
4.911600,54.999348
4.911700,54.998662
4.911800,54.998725
4.911900,54.999174
4.912000,54.999231
4.912100,54.999332
4.912200,54.999209
4.912300,54.999243
4.912400,54.999121
4.912500,54.999408
4.912600,54.999184
4.912700,54.999059
4.912800,54.999170
4.912900,54.998863
4.913000,54.998826
4.913100,54.998671
4.913200,54.998620
4.913300,54.998761
4.913400,54.998729
4.913500,54.999443
4.913600,54.998959
4.913700,54.999245
4.913800,54.999343
4.913900,54.998789
4.914000,54.998963
4.914100,54.998866
4.914200,54.998921
4.914300,54.999042
4.914400,54.998597
4.914500,54.998940
4.914600,54.999007
4.914700,54.999457
4.914800,54.998866
4.914900,54.999051
4.915000,54.999031
4.915100,54.998603
4.915200,54.998747
4.915300,54.998208
4.915400,54.999342
4.915500,54.999199
4.915600,54.999208
4.915700,54.997442
4.915800,54.998423
4.915900,54.999374
4.916000,54.999025
4.916100,54.999207
4.916200,55.000111
4.916300,54.999839
4.916400,54.999818
4.916500,54.998326
4.916600,54.998925
4.916700,54.997442
4.916800,54.999533
4.916900,55.001387
4.917000,55.000988
4.917100,55.004642
4.917200,55.004454
4.917300,55.003272
4.917400,54.995008
4.917500,55.000867
4.917600,55.005473
4.917700,55.003937
4.917800,55.006503
4.917900,55.004018
4.918000,55.004081
4.918100,55.014391
4.918200,55.005333
4.918300,54.992184
4.918400,54.987913
4.918500,54.992199
4.918600,54.988694
4.918700,54.993927
4.918800,54.994937
4.918900,54.993442
4.919000,54.993399
4.919100,54.993032
4.919200,54.993676
4.919300,54.994816
4.919400,54.994658
4.919500,54.993471
4.919600,54.993177
4.919700,54.992187
4.919800,54.992966
4.919900,54.993123
4.920000,54.993126
4.920100,54.993846
4.920200,54.993570
4.920300,54.993767
4.920400,54.993029
4.920500,54.993174
4.920600,54.992869
4.920700,54.993152
4.920800,54.992835
4.920900,54.993082
4.921000,54.993125
4.921100,54.992780
4.921200,54.992915
4.921300,54.993397
4.921400,54.993605
4.921500,54.993269
4.921600,54.992908
4.921700,54.993124
4.921800,54.993031
4.921900,54.993143
4.922000,54.993092
4.922100,54.993209
4.922200,54.992890
4.922300,54.992724
4.922400,54.993020
4.922500,54.993119
4.922600,54.992747
4.922700,54.993055
4.922800,54.993212
4.922900,54.992864
4.923000,54.992595
4.923100,54.993164
4.923200,54.992464
4.923300,54.992621
4.923400,54.993188
4.923500,54.993229
4.923600,54.992640
4.923700,54.992745
4.923800,54.993115
4.923900,54.993047
4.924000,54.993257
4.924100,54.992669
4.924200,54.993848
4.924300,54.993490
4.924400,54.992201
4.924500,54.993718
4.924600,54.993899
4.924700,54.993518
4.924800,54.993779
4.924900,54.992801
4.925000,54.994837
4.925100,54.993732
4.925200,54.992743
4.925300,54.994170
4.925400,54.992831
4.925500,54.994407
4.925600,54.993045
4.925700,54.992269
4.925800,54.991650
4.925900,54.991392
4.926000,54.991587
4.926100,54.995799
4.926200,54.994568
4.926300,54.992905
4.926400,54.988050
4.926500,54.991913
4.926600,54.992484
4.926700,54.984209
4.926800,54.992523
4.926900,54.984574
4.927000,54.977610
4.927100,54.973878
4.927200,54.991427
4.927300,54.973740
4.927400,54.994201
4.927500,54.981137
4.927600,54.974308
4.927700,54.980267
4.927800,54.981395
4.927900,54.976697
4.928000,54.975814
4.928100,54.976155
4.928200,54.976446
4.928300,54.975723
4.928400,54.975304
4.928500,54.975279
4.928600,54.974947
4.928700,54.976097
4.928800,54.975271
4.928900,54.974566
4.929000,54.975454
4.929100,54.975290
4.929200,54.974908
4.929300,54.975760
4.929400,54.975578
4.929500,54.975310
4.929600,54.974954
4.929700,54.975102
4.929800,54.975076
4.929900,54.975049
4.930000,54.975292
4.930100,54.975076
4.930200,54.975481
4.930300,54.975429
4.930400,54.975133
4.930500,54.975080
4.930600,54.975074
4.930700,54.975362
4.930800,54.974999
4.930900,54.975122
4.931000,54.975160
4.931100,54.975346
4.931200,54.975115
4.931300,54.975243
4.931400,54.974958
4.931500,54.975037
4.931600,54.974812
4.931700,54.975142
4.931800,54.975105
4.931900,54.975373
4.932000,54.975107
4.932100,54.975109
4.932200,54.975156
4.932300,54.974938
4.932400,54.975299
4.932500,54.975071
4.932600,54.975088
4.932700,54.975230
4.932800,54.975317
4.932900,54.975122
4.933000,54.975068
4.933100,54.974665
4.933200,54.975484
4.933300,54.975397
4.933400,54.975195
4.933500,54.975248
4.933600,54.975455
4.933700,54.974876
4.933800,54.975339
4.933900,54.975960
4.934000,54.975244
4.934100,54.975919
4.934200,54.976386
4.934300,54.974695
4.934400,54.976009
4.934500,54.976334
4.934600,54.975353
4.934700,54.977128
4.934800,54.975454
4.934900,54.977802
4.935000,54.975897
4.935100,54.980221
4.935200,54.981478
4.935300,54.975566
4.935400,54.974265
4.935500,54.981120
4.935600,54.980936
4.935700,54.974532
4.935800,54.973059
4.935900,54.967190
4.936000,54.956720
4.936100,54.951040
4.936200,54.955119
4.936300,54.958373
4.936400,54.977322
4.936500,54.979743
4.936600,54.964726
4.936700,54.975019
4.936800,54.984042
4.936900,54.978974
4.937000,54.974991
4.937100,54.975745
4.937200,54.975508
4.937300,54.975793
4.937400,54.975243
4.937500,54.973992
4.937600,54.974242
4.937700,54.974043
4.937800,54.972623
4.937900,54.973142
4.938000,54.972631
4.938100,54.972738
4.938200,54.972908
4.938300,54.973665
4.938400,54.973095
4.938500,54.972737
4.938600,54.972736
4.938700,54.973269
4.938800,54.973171
4.938900,54.973336
4.939000,54.973213
4.939100,54.973309
4.939200,54.973005
4.939300,54.973008
4.939400,54.973023
4.939500,54.972945
4.939600,54.973182
4.939700,54.973041
4.939800,54.973210
4.939900,54.972877
4.940000,54.973158
4.940100,54.973332
4.940200,54.972929
4.940300,54.973093
4.940400,54.973190
4.940500,54.973402
4.940600,54.972977
4.940700,54.973236
4.940800,54.973287
4.940900,54.973311
4.941000,54.972899
4.941100,54.972834
4.941200,54.972961
4.941300,54.973038
4.941400,54.973451
4.941500,54.973339
4.941600,54.972935
4.941700,54.972841
4.941800,54.972800
4.941900,54.972711
4.942000,54.972780
4.942100,54.972295
4.942200,54.972183
4.942300,54.972771
4.942400,54.973918
4.942500,54.973589
4.942600,54.973221
4.942700,54.972974
4.942800,54.972606
4.942900,54.972800
4.943000,54.974128
4.943100,54.973948
4.943200,54.973474
4.943300,54.972714
4.943400,54.973283
4.943500,54.973996
4.943600,54.973970
4.943700,54.973997
4.943800,54.971908
4.943900,54.971184
4.944000,54.973622
4.944100,54.972354
4.944200,54.970178
4.944300,54.971501
4.944400,54.974261
4.944500,54.972059
4.944600,54.980034
4.944700,54.989280
4.944800,54.981102
4.944900,54.984790
4.945000,54.969737
4.945100,54.981439
4.945200,54.961060
4.945300,54.969919
4.945400,54.962172
4.945500,54.959576
4.945600,54.974898
4.945700,54.973555
4.945800,54.975148
4.945900,54.974736
4.946000,54.976453
4.946100,54.979341
4.946200,54.980255
4.946300,54.980362
4.946400,54.981001
4.946500,54.981894
4.946600,54.980856
4.946700,54.980102
4.946800,54.981742
4.946900,54.983060
4.947000,54.982613
4.947100,54.982157
4.947200,54.982397
4.947300,54.982445
4.947400,54.982699
4.947500,54.982835
4.947600,54.983170
4.947700,54.983517
4.947800,54.983081
4.947900,54.982429
4.948000,54.982390
4.948100,54.982656
4.948200,54.983086
4.948300,54.983038
4.948400,54.982665
4.948500,54.982790
4.948600,54.982768
4.948700,54.982604
4.948800,54.982787
4.948900,54.982919
4.949000,54.982649
4.949100,54.982589
4.949200,54.983142
4.949300,54.982780
4.949400,54.983142
4.949500,54.983079
4.949600,54.983123
4.949700,54.982896
4.949800,54.982850
4.949900,54.982931
4.950000,54.982863
4.950100,54.982875
4.950200,54.982619
4.950300,54.983357
4.950400,54.982996
4.950500,54.982989
4.950600,54.983171
4.950700,54.982744
4.950800,54.982271
4.950900,54.982129
4.951000,54.983119
4.951100,54.982777
4.951200,54.982858
4.951300,54.983049
4.951400,54.982360
4.951500,54.982247
4.951600,54.982117
4.951700,54.982877
4.951800,54.983252
4.951900,54.982623
4.952000,54.983240
4.952100,54.982897
4.952200,54.982645
4.952300,54.982322
4.952400,54.983530
4.952500,54.984388
4.952600,54.984689
4.952700,54.985617
4.952800,54.986237
4.952900,54.983061
4.953000,54.982861
4.953100,54.983547
4.953200,54.982122
4.953300,54.982860
4.953400,54.983209
4.953500,54.981122
4.953600,54.987353
4.953700,54.991747
4.953800,54.995854
4.953900,54.994119
4.954000,54.998530
4.954100,54.994116
4.954200,54.991519
4.954300,54.997027
4.954400,55.001016
4.954500,55.006840
4.954600,55.024569
4.954700,55.044732
4.954800,55.059023
4.954900,55.060620
4.955000,55.054377
4.955100,55.056146
4.955200,55.053414
4.955300,55.053440
4.955400,55.053856
4.955500,55.053706
4.955600,55.053170
4.955700,55.054221
4.955800,55.054813
4.955900,55.054487
4.956000,55.053059
4.956100,55.052897
4.956200,55.051835
4.956300,55.052722
4.956400,55.053417
4.956500,55.052740
4.956600,55.053148
4.956700,55.053224
4.956800,55.052959
4.956900,55.052938
4.957000,55.053009
4.957100,55.053017
4.957200,55.052911
4.957300,55.053134
4.957400,55.053277
4.957500,55.053294
4.957600,55.053089
4.957700,55.053053
4.957800,55.053132
4.957900,55.053111
4.958000,55.053352
4.958100,55.053495
4.958200,55.053177
4.958300,55.052980
4.958400,55.053174
4.958500,55.052980
4.958600,55.052910
4.958700,55.053509
4.958800,55.053303
4.958900,55.053317
4.959000,55.053616
4.959100,55.053755
4.959200,55.053358
4.959300,55.052984
4.959400,55.053357
4.959500,55.053217
4.959600,55.052974
4.959700,55.052764
4.959800,55.053175
4.959900,55.052899
4.960000,55.052914
4.960100,55.052931
4.960200,55.053081
4.960300,55.052477
4.960400,55.052567
4.960500,55.053310
4.960600,55.053249
4.960700,55.052089
4.960800,55.052471
4.960900,55.053019
4.961000,55.053957
4.961100,55.054312
4.961200,55.053963
4.961300,55.054517
4.961400,55.056153
4.961500,55.054658
4.961600,55.053167
4.961700,55.053431
4.961800,55.050595
4.961900,55.053415
4.962000,55.053134
4.962100,55.052483
4.962200,55.048528
4.962300,55.050975
4.962400,55.051543
4.962500,55.051807
4.962600,55.053803
4.962700,55.051082
4.962800,55.050848
4.962900,55.049497
4.963000,55.059786
4.963100,55.059804
4.963200,55.051580
4.963300,55.051432
4.963400,55.055797
4.963500,55.047720
4.963600,55.037996
4.963700,55.043310
4.963800,55.023471
4.963900,55.011579
4.964000,55.016661
4.964100,55.019097
4.964200,55.020395
4.964300,55.021438
4.964400,55.021303
4.964500,55.020974
4.964600,55.021167
4.964700,55.021331
4.964800,55.022294
4.964900,55.023470
4.965000,55.022949
4.965100,55.023724
4.965200,55.022860
4.965300,55.023295
4.965400,55.022440
4.965500,55.022924
4.965600,55.022785
4.965700,55.022718
4.965800,55.023358
4.965900,55.022922
4.966000,55.022610
4.966100,55.022711
4.966200,55.022788
4.966300,55.023048
4.966400,55.022469
4.966500,55.022561
4.966600,55.022691
4.966700,55.022956
4.966800,55.022907
4.966900,55.022610
4.967000,55.022475
4.967100,55.022937
4.967200,55.023011
4.967300,55.022642
4.967400,55.022631
4.967500,55.022586
4.967600,55.022445
4.967700,55.022560
4.967800,55.022859
4.967900,55.022959
4.968000,55.022862
4.968100,55.022796
4.968200,55.022659
4.968300,55.022865
4.968400,55.022723
4.968500,55.022907
4.968600,55.022252
4.968700,55.022812
4.968800,55.023329
4.968900,55.023261
4.969000,55.023349
4.969100,55.022769
4.969200,55.023173
4.969300,55.022496
4.969400,55.022517
4.969500,55.023101
4.969600,55.023384
4.969700,55.022723
4.969800,55.022874
4.969900,55.022148
4.970000,55.022503
4.970100,55.023288
4.970200,55.023542
4.970300,55.022724
4.970400,55.021919
4.970500,55.022116
4.970600,55.021818
4.970700,55.021701
4.970800,55.022809
4.970900,55.021242
4.971000,55.022948
4.971100,55.023740
4.971200,55.025035
4.971300,55.021068
4.971400,55.025072
4.971500,55.025444
4.971600,55.021711
4.971700,55.015145
4.971800,55.013573
4.971900,55.010923
4.972000,55.011895
4.972100,55.014847
4.972200,55.018018
4.972300,55.026559
4.972400,55.018735
4.972500,55.013088
4.972600,55.014978
4.972700,55.012262
4.972800,55.004790
4.972900,54.998712
4.973000,55.000998
4.973100,54.995955
4.973200,54.993003
4.973300,54.993421
4.973400,54.992163
4.973500,54.992464
4.973600,54.992523
4.973700,54.991274
4.973800,54.991636
4.973900,54.992450
4.974000,54.992445
4.974100,54.993339
4.974200,54.993026
4.974300,54.992898
4.974400,54.992119
4.974500,54.991914
4.974600,54.992209
4.974700,54.991806
4.974800,54.991815
4.974900,54.992171
4.975000,54.992196
4.975100,54.991572
4.975200,54.991682
4.975300,54.991769
4.975400,54.991876
4.975500,54.992141
4.975600,54.992000
4.975700,54.991931
4.975800,54.992120
4.975900,54.992015
4.976000,54.992077
4.976100,54.992177
4.976200,54.992126
4.976300,54.992268
4.976400,54.991834
4.976500,54.991743
4.976600,54.991719
4.976700,54.991966
4.976800,54.992296
4.976900,54.991797
4.977000,54.991764
4.977100,54.991929
4.977200,54.991797
4.977300,54.991718
4.977400,54.991618
4.977500,54.992079
4.977600,54.992368
4.977700,54.992373
4.977800,54.992582
4.977900,54.992456
4.978000,54.991646
4.978100,54.991617
4.978200,54.992481
4.978300,54.992166
4.978400,54.992576
4.978500,54.992643
4.978600,54.991910
4.978700,54.991772
4.978800,54.991248
4.978900,54.991572
4.979000,54.991624
4.979100,54.992594
4.979200,54.992516
4.979300,54.992294
4.979400,54.992285
4.979500,54.991454
4.979600,54.992037
4.979700,54.991809
4.979800,54.991897
4.979900,54.993685
4.980000,54.994340
4.980100,54.993232
4.980200,54.991320
4.980300,54.992594
4.980400,54.992642
4.980500,54.991600
4.980600,54.991607
4.980700,54.990284
4.980800,54.996291
4.980900,54.998054
4.981000,54.998645
4.981100,54.994501
4.981200,55.003119
4.981300,55.004039
4.981400,54.993274
4.981500,55.012065
4.981600,54.992406
4.981700,54.985234
4.981800,54.988409
4.981900,54.996028
4.982000,54.997880
4.982100,55.013919
4.982200,55.004146
4.982300,55.008808
4.982400,55.008666
4.982500,55.005937
4.982600,55.005645
4.982700,55.005018
4.982800,55.005454
4.982900,55.004013
4.983000,55.004452
4.983100,55.003600
4.983200,55.005071
4.983300,55.004163
4.983400,55.005347
4.983500,55.004023
4.983600,55.004191
4.983700,55.004050
4.983800,55.004113
4.983900,55.004870
4.984000,55.004506
4.984100,55.004146
4.984200,55.004215
4.984300,55.004286
4.984400,55.004165
4.984500,55.004237
4.984600,55.004252
4.984700,55.004291
4.984800,55.004643
4.984900,55.004683
4.985000,55.004125
4.985100,55.004390
4.985200,55.004135
4.985300,55.003980
4.985400,55.004108
4.985500,55.003906
4.985600,55.003971
4.985700,55.004277
4.985800,55.004252
4.985900,55.004101
4.986000,55.004097
4.986100,55.003726
4.986200,55.004081
4.986300,55.004138
4.986400,55.004033
4.986500,55.003796
4.986600,55.003855
4.986700,55.004336
4.986800,55.004255
4.986900,55.004347
4.987000,55.004401
4.987100,55.004144
4.987200,55.003729
4.987300,55.004460
4.987400,55.004343
4.987500,55.004807
4.987600,55.004101
4.987700,55.004406
4.987800,55.003939
4.987900,55.004027
4.988000,55.004543
4.988100,55.004908
4.988200,55.003759
4.988300,55.004749
4.988400,55.006265
4.988500,55.004691
4.988600,55.004565
4.988700,55.003131
4.988800,55.004955
4.988900,55.003741
4.989000,55.003078
4.989100,55.003862
4.989200,55.000764
4.989300,55.003502
4.989400,55.004419
4.989500,55.003545
4.989600,55.002687
4.989700,55.005661
4.989800,55.007448
4.989900,55.009343
4.990000,55.005433
4.990100,55.007793
4.990200,55.007383
4.990300,55.004887
4.990400,55.007503
4.990500,54.994935
4.990600,54.980945
4.990700,54.997169
4.990800,55.009227
4.990900,54.991045
4.991000,54.984600
4.991100,54.974865
4.991200,54.977367
4.991300,54.990080
4.991400,54.987159
4.991500,54.988548
4.991600,54.987222
4.991700,54.986955
4.991800,54.987029
4.991900,54.987081
4.992000,54.988006
4.992100,54.988017
4.992200,54.986633
4.992300,54.986452
4.992400,54.987021
4.992500,54.986442
4.992600,54.985716
4.992700,54.985972
4.992800,54.986084
4.992900,54.986345
4.993000,54.986563
4.993100,54.986655
4.993200,54.986417
4.993300,54.986353
4.993400,54.986520
4.993500,54.986326
4.993600,54.986071
4.993700,54.986236
4.993800,54.986183
4.993900,54.986232
4.994000,54.986129
4.994100,54.986065
4.994200,54.986117
4.994300,54.986195
4.994400,54.986080
4.994500,54.986400
4.994600,54.985776
4.994700,54.985821
4.994800,54.986128
4.994900,54.985705
4.995000,54.985899
4.995100,54.985658
4.995200,54.985765
4.995300,54.985700
4.995400,54.985951
4.995500,54.985732
4.995600,54.985412
4.995700,54.986029
4.995800,54.986182
4.995900,54.986037
4.996000,54.986381
4.996100,54.985831
4.996200,54.986172
4.996300,54.986209
4.996400,54.986157
4.996500,54.986052
4.996600,54.987141
4.996700,54.986500
4.996800,54.986362
4.996900,54.985726
4.997000,54.985920
4.997100,54.985888
4.997200,54.985166
4.997300,54.985360
4.997400,54.984991
4.997500,54.984598
4.997600,54.985551
4.997700,54.986486
4.997800,54.988396
4.997900,54.986947
4.998000,54.984823
4.998100,54.985357
4.998200,54.987124
4.998300,54.986720
4.998400,54.987767
4.998500,54.987853
4.998600,54.989072
4.998700,54.985799
4.998800,54.985754
4.998900,54.987541
4.999000,54.990731
4.999100,54.985045
4.999200,54.990894
4.999300,54.987012
4.999400,54.974278
4.999500,54.970865
4.999600,54.981878
4.999700,54.995022
4.999800,55.015392
4.999900,55.033608
