t,f_hat
2.500000,59.258188
2.500100,59.252652
2.500200,59.260278
2.500300,59.262487
2.500400,59.266794
2.500500,59.262054
2.500600,59.252346
2.500700,59.258741
2.500800,59.269325
2.500900,59.256023
2.501000,59.264104
2.501100,59.266779
2.501200,59.280730
2.501300,59.286518
2.501400,59.275645
2.501500,59.276375
2.501600,59.280732
2.501700,59.277585
2.501800,59.277332
2.501900,59.277140
2.502000,59.276888
2.502100,59.278429
2.502200,59.277618
2.502300,59.277970
2.502400,59.279587
2.502500,59.278801
2.502600,59.278780
2.502700,59.279453
2.502800,59.278681
2.502900,59.277700
2.503000,59.277450
2.503100,59.277225
2.503200,59.277365
2.503300,59.277988
2.503400,59.278046
2.503500,59.278234
2.503600,59.278239
2.503700,59.278262
2.503800,59.277870
2.503900,59.277512
2.504000,59.277624
2.504100,59.277351
2.504200,59.277847
2.504300,59.277337
2.504400,59.277269
2.504500,59.277313
2.504600,59.277272
2.504700,59.277259
2.504800,59.277257
2.504900,59.277019
2.505000,59.277637
2.505100,59.276977
2.505200,59.277476
2.505300,59.277236
2.505400,59.277103
2.505500,59.277212
2.505600,59.277344
2.505700,59.277009
2.505800,59.276933
2.505900,59.276815
2.506000,59.276502
2.506100,59.276692
2.506200,59.276148
2.506300,59.276144
2.506400,59.276800
2.506500,59.276669
2.506600,59.277005
2.506700,59.277251
2.506800,59.277345
2.506900,59.277297
2.507000,59.277210
2.507100,59.276230
2.507200,59.276583
2.507300,59.275208
2.507400,59.274779
2.507500,59.277011
2.507600,59.278497
2.507700,59.279163
2.507800,59.277205
2.507900,59.275840
2.508000,59.274909
2.508100,59.275803
2.508200,59.275196
2.508300,59.270644
2.508400,59.268627
2.508500,59.272575
2.508600,59.268985
2.508700,59.276660
2.508800,59.277509
2.508900,59.278787
2.509000,59.286255
2.509100,59.288087
2.509200,59.273495
2.509300,59.254562
2.509400,59.248870
2.509500,59.238522
2.509600,59.225024
2.509700,59.229696
2.509800,59.226313
2.509900,59.231618
2.510000,59.238632
2.510100,59.240673
2.510200,59.241036
2.510300,59.240964
2.510400,59.241172
2.510500,59.241532
2.510600,59.241793
2.510700,59.241675
2.510800,59.242235
2.510900,59.241894
2.511000,59.242779
2.511100,59.242328
2.511200,59.242230
2.511300,59.243251
2.511400,59.243276
2.511500,59.243486
2.511600,59.242730
2.511700,59.242581
2.511800,59.242903
2.511900,59.242740
2.512000,59.242676
2.512100,59.242521
2.512200,59.242383
2.512300,59.242440
2.512400,59.242748
2.512500,59.242576
2.512600,59.242333
2.512700,59.242200
2.512800,59.242049
2.512900,59.241962
2.513000,59.241529
2.513100,59.241672
2.513200,59.241912
2.513300,59.242106
2.513400,59.242283
2.513500,59.242143
2.513600,59.241928
2.513700,59.241868
2.513800,59.241501
2.513900,59.241664
2.514000,59.241481
2.514100,59.241971
2.514200,59.242196
2.514300,59.241802
2.514400,59.241282
2.514500,59.242028
2.514600,59.241658
2.514700,59.240586
2.514800,59.241351
2.514900,59.241448
2.515000,59.241963
2.515100,59.241823
2.515200,59.241058
2.515300,59.241861
2.515400,59.241635
2.515500,59.241560
2.515600,59.240361
2.515700,59.241334
2.515800,59.242332
2.515900,59.241157
2.516000,59.242147
2.516100,59.240249
2.516200,59.239813
2.516300,59.242718
2.516400,59.240338
2.516500,59.237645
2.516600,59.241580
2.516700,59.243201
2.516800,59.241194
2.516900,59.243986
2.517000,59.245687
2.517100,59.241452
2.517200,59.232726
2.517300,59.236713
2.517400,59.241160
2.517500,59.233934
2.517600,59.240186
2.517700,59.244388
2.517800,59.232311
2.517900,59.237550
2.518000,59.254283
2.518100,59.258130
2.518200,59.255917
2.518300,59.268843
2.518400,59.263621
2.518500,59.260952
2.518600,59.261292
2.518700,59.260513
2.518800,59.260647
2.518900,59.260737
2.519000,59.259692
2.519100,59.259093
2.519200,59.259611
2.519300,59.259851
2.519400,59.259856
2.519500,59.260539
2.519600,59.260924
2.519700,59.259773
2.519800,59.259955
2.519900,59.259902
2.520000,59.259842
2.520100,59.260031
2.520200,59.260383
2.520300,59.259650
2.520400,59.259647
2.520500,59.259757
2.520600,59.259744
2.520700,59.259808
2.520800,59.259428
2.520900,59.259320
2.521000,59.259426
2.521100,59.259532
2.521200,59.259517
2.521300,59.259340
2.521400,59.259385
2.521500,59.259541
2.521600,59.258879
2.521700,59.258762
2.521800,59.259043
2.521900,59.259085
2.522000,59.259145
2.522100,59.259057
2.522200,59.258919
2.522300,59.258950
2.522400,59.258806
2.522500,59.259030
2.522600,59.258431
2.522700,59.259297
2.522800,59.259484
2.522900,59.259384
2.523000,59.259502
2.523100,59.259219
2.523200,59.258778
2.523300,59.258072
2.523400,59.257875
2.523500,59.257308
2.523600,59.257282
2.523700,59.257761
2.523800,59.258061
2.523900,59.258132
2.524000,59.257678
2.524100,59.258335
2.524200,59.259391
2.524300,59.258365
2.524400,59.258150
2.524500,59.256297
2.524600,59.258153
2.524700,59.255794
2.524800,59.256839
2.524900,59.258103
2.525000,59.259723
2.525100,59.258859
2.525200,59.261625
2.525300,59.262799
2.525400,59.256360
2.525500,59.254995
2.525600,59.253918
2.525700,59.250909
2.525800,59.247460
2.525900,59.261513
2.526000,59.254159
2.526100,59.254988
2.526200,59.248032
2.526300,59.250054
2.526400,59.259592
2.526500,59.265875
2.526600,59.251501
2.526700,59.252701
2.526800,59.253994
2.526900,59.252315
2.527000,59.250291
2.527100,59.249962
2.527200,59.250093
2.527300,59.249431
2.527400,59.248766
2.527500,59.248241
2.527600,59.247204
2.527700,59.248219
2.527800,59.248479
2.527900,59.248919
2.528000,59.249580
2.528100,59.248401
2.528200,59.247652
2.528300,59.246867
2.528400,59.247498
2.528500,59.247496
2.528600,59.247752
2.528700,59.247693
2.528800,59.247793
2.528900,59.247732
2.529000,59.248091
2.529100,59.247979
2.529200,59.247921
2.529300,59.248036
2.529400,59.247938
2.529500,59.248111
2.529600,59.247465
2.529700,59.247313
2.529800,59.247162
2.529900,59.247257
2.530000,59.247208
2.530100,59.247687
2.530200,59.247480
2.530300,59.246978
2.530400,59.247175
2.530500,59.247279
2.530600,59.247620
2.530700,59.247487
2.530800,59.246922
2.530900,59.246820
2.531000,59.247189
2.531100,59.247406
2.531200,59.247292
2.531300,59.247171
2.531400,59.246809
2.531500,59.247297
2.531600,59.247066
2.531700,59.247297
2.531800,59.246953
2.531900,59.246850
2.532000,59.245815
2.532100,59.245880
2.532200,59.247288
2.532300,59.246953
2.532400,59.246957
2.532500,59.246863
2.532600,59.246461
2.532700,59.246301
2.532800,59.244951
2.532900,59.245026
2.533000,59.247410
2.533100,59.246464
2.533200,59.245293
2.533300,59.246894
2.533400,59.245034
2.533500,59.244897
2.533600,59.245371
2.533700,59.244192
2.533800,59.243617
2.533900,59.240171
2.534000,59.240843
2.534100,59.242904
2.534200,59.237710
2.534300,59.240604
2.534400,59.255369
2.534500,59.257498
2.534600,59.241786
2.534700,59.237531
2.534800,59.232781
2.534900,59.223555
2.535000,59.209446
2.535100,59.224328
2.535200,59.225313
2.535300,59.217641
2.535400,59.215208
2.535500,59.215932
2.535600,59.215806
2.535700,59.215124
2.535800,59.216120
2.535900,59.216034
2.536000,59.215712
2.536100,59.215614
2.536200,59.215658
2.536300,59.214634
2.536400,59.215151
2.536500,59.215637
2.536600,59.215502
2.536700,59.214697
2.536800,59.214910
2.536900,59.214864
2.537000,59.214611
2.537100,59.214163
2.537200,59.214128
2.537300,59.213843
2.537400,59.214248
2.537500,59.214250
2.537600,59.214242
2.537700,59.214187
2.537800,59.214061
2.537900,59.214134
2.538000,59.214191
2.538100,59.213922
2.538200,59.213901
2.538300,59.213853
2.538400,59.213677
2.538500,59.213882
2.538600,59.214067
2.538700,59.214006
2.538800,59.213932
2.538900,59.213267
2.539000,59.213432
2.539100,59.213320
2.539200,59.213228
2.539300,59.213533
2.539400,59.212823
2.539500,59.213176
2.539600,59.212806
2.539700,59.212934
2.539800,59.213496
2.539900,59.213190
2.540000,59.213147
2.540100,59.213185
2.540200,59.212537
2.540300,59.213619
2.540400,59.212819
2.540500,59.212941
2.540600,59.212435
2.540700,59.212116
2.540800,59.212048
2.540900,59.212693
2.541000,59.213657
2.541100,59.212512
2.541200,59.213466
2.541300,59.212981
2.541400,59.211103
2.541500,59.211379
2.541600,59.212583
2.541700,59.213712
2.541800,59.212147
2.541900,59.210364
2.542000,59.211839
2.542100,59.213850
2.542200,59.212557
2.542300,59.210453
2.542400,59.206966
2.542500,59.204395
2.542600,59.207131
2.542700,59.196401
2.542800,59.199144
2.542900,59.202430
2.543000,59.203014
2.543100,59.191994
2.543200,59.205018
2.543300,59.197711
2.543400,59.207350
2.543500,59.201332
2.543600,59.196914
2.543700,59.197763
2.543800,59.198978
2.543900,59.196568
2.544000,59.196628
2.544100,59.196219
2.544200,59.196249
2.544300,59.195668
2.544400,59.196862
2.544500,59.195151
2.544600,59.195205
2.544700,59.194511
2.544800,59.195318
2.544900,59.196440
2.545000,59.196040
2.545100,59.195783
2.545200,59.195611
2.545300,59.196206
2.545400,59.196439
2.545500,59.196258
2.545600,59.195826
2.545700,59.195450
2.545800,59.195842
2.545900,59.195800
2.546000,59.195317
2.546100,59.195469
2.546200,59.195907
2.546300,59.195809
2.546400,59.195900
2.546500,59.195449
2.546600,59.195278
2.546700,59.195468
2.546800,59.195500
2.546900,59.195198
2.547000,59.195391
2.547100,59.195076
2.547200,59.195434
2.547300,59.195471
2.547400,59.195081
2.547500,59.194702
2.547600,59.194259
2.547700,59.194917
2.547800,59.195473
2.547900,59.194987
2.548000,59.194883
2.548100,59.194801
2.548200,59.194250
2.548300,59.194296
2.548400,59.193980
2.548500,59.194319
2.548600,59.194890
2.548700,59.194356
2.548800,59.194899
2.548900,59.194180
2.549000,59.194026
2.549100,59.195265
2.549200,59.194888
2.549300,59.194525
2.549400,59.192892
2.549500,59.194285
2.549600,59.195362
2.549700,59.194899
2.549800,59.195601
2.549900,59.194221
2.550000,59.194717
2.550100,59.195526
2.550200,59.195421
2.550300,59.194926
2.550400,59.194437
2.550500,59.193429
2.550600,59.192887
2.550700,59.192500
2.550800,59.193062
2.550900,59.192280
2.551000,59.197129
2.551100,59.206139
2.551200,59.201328
2.551300,59.202631
2.551400,59.203619
2.551500,59.205760
2.551600,59.203665
2.551700,59.225167
2.551800,59.217768
2.551900,59.213220
2.552000,59.214204
2.552100,59.214934
2.552200,59.215301
2.552300,59.218523
2.552400,59.218636
2.552500,59.218654
2.552600,59.217826
2.552700,59.217723
2.552800,59.218584
2.552900,59.219935
2.553000,59.221143
2.553100,59.220377
2.553200,59.221089
2.553300,59.220968
2.553400,59.219794
2.553500,59.219745
2.553600,59.219833
2.553700,59.219965
2.553800,59.220397
2.553900,59.220231
2.554000,59.220185
2.554100,59.220779
2.554200,59.220421
2.554300,59.220476
2.554400,59.220637
2.554500,59.220363
2.554600,59.219929
2.554700,59.219901
2.554800,59.219749
2.554900,59.220009
2.555000,59.220184
2.555100,59.219857
2.555200,59.219665
2.555300,59.219866
2.555400,59.219854
2.555500,59.219532
2.555600,59.219399
2.555700,59.219597
2.555800,59.219521
2.555900,59.219116
2.556000,59.219476
2.556100,59.219353
2.556200,59.219276
2.556300,59.219321
2.556400,59.219568
2.556500,59.219771
2.556600,59.219583
2.556700,59.219531
2.556800,59.218974
2.556900,59.219279
2.557000,59.218858
2.557100,59.218712
2.557200,59.218920
2.557300,59.218746
2.557400,59.219286
2.557500,59.219298
2.557600,59.219516
2.557700,59.219125
2.557800,59.218470
2.557900,59.219726
2.558000,59.219575
2.558100,59.218095
2.558200,59.217264
2.558300,59.218614
2.558400,59.218534
2.558500,59.218716
2.558600,59.218667
2.558700,59.219471
2.558800,59.219572
2.558900,59.217513
2.559000,59.220274
2.559100,59.220685
2.559200,59.214516
2.559300,59.216392
2.559400,59.225007
2.559500,59.232957
2.559600,59.223846
2.559700,59.212753
2.559800,59.202459
2.559900,59.216641
2.560000,59.228941
2.560100,59.225673
2.560200,59.244278
2.560300,59.236078
2.560400,59.237603
2.560500,59.236530
2.560600,59.228537
2.560700,59.230490
2.560800,59.231950
2.560900,59.231544
2.561000,59.231210
2.561100,59.231678
2.561200,59.230022
2.561300,59.231626
2.561400,59.230031
2.561500,59.230899
2.561600,59.230236
2.561700,59.230452
2.561800,59.231389
2.561900,59.230865
2.562000,59.231140
2.562100,59.231445
2.562200,59.230604
2.562300,59.231028
2.562400,59.230753
2.562500,59.230974
2.562600,59.230432
2.562700,59.230686
2.562800,59.230372
2.562900,59.230260
2.563000,59.230432
2.563100,59.230245
2.563200,59.230299
2.563300,59.230108
2.563400,59.230103
2.563500,59.230251
2.563600,59.230059
2.563700,59.230031
2.563800,59.229534
2.563900,59.229990
2.564000,59.229530
2.564100,59.229585
2.564200,59.230004
2.564300,59.229586
2.564400,59.230188
2.564500,59.230200
2.564600,59.229689
2.564700,59.229543
2.564800,59.229409
2.564900,59.229583
2.565000,59.230352
2.565100,59.230008
2.565200,59.229257
2.565300,59.229312
2.565400,59.230034
2.565500,59.229332
2.565600,59.229212
2.565700,59.229353
2.565800,59.229780
2.565900,59.230428
2.566000,59.229270
2.566100,59.229527
2.566200,59.229372
2.566300,59.228986
2.566400,59.227706
2.566500,59.229105
2.566600,59.229063
2.566700,59.229616
2.566800,59.227402
2.566900,59.227165
2.567000,59.227794
2.567100,59.228689
2.567200,59.226658
2.567300,59.230853
2.567400,59.226282
2.567500,59.226637
2.567600,59.231980
2.567700,59.234553
2.567800,59.229564
2.567900,59.228772
2.568000,59.229924
2.568100,59.233312
2.568200,59.221535
2.568300,59.217891
2.568400,59.232571
2.568500,59.243692
2.568600,59.236048
2.568700,59.240395
2.568800,59.252406
2.568900,59.238077
2.569000,59.235945
2.569100,59.238122
2.569200,59.237515
2.569300,59.238424
2.569400,59.238088
2.569500,59.237746
2.569600,59.236928
2.569700,59.238184
2.569800,59.237628
2.569900,59.237688
2.570000,59.238985
2.570100,59.239306
2.570200,59.238358
2.570300,59.238569
2.570400,59.238314
2.570500,59.237807
2.570600,59.238004
2.570700,59.237544
2.570800,59.237369
2.570900,59.237403
2.571000,59.237586
2.571100,59.237901
2.571200,59.237941
2.571300,59.237475
2.571400,59.237561
2.571500,59.237254
2.571600,59.237276
2.571700,59.237377
2.571800,59.237340
2.571900,59.237465
2.572000,59.237664
2.572100,59.237600
2.572200,59.237324
2.572300,59.237389
2.572400,59.237130
2.572500,59.237160
2.572600,59.237600
2.572700,59.237434
2.572800,59.237302
2.572900,59.236876
2.573000,59.236751
2.573100,59.237239
2.573200,59.236751
2.573300,59.236617
2.573400,59.236758
2.573500,59.237199
2.573600,59.236320
2.573700,59.237005
2.573800,59.236160
2.573900,59.236807
2.574000,59.236843
2.574100,59.236456
2.574200,59.236211
2.574300,59.236783
2.574400,59.237458
2.574500,59.237554
2.574600,59.236499
2.574700,59.236662
2.574800,59.236574
2.574900,59.235806
2.575000,59.236388
2.575100,59.237017
2.575200,59.236709
2.575300,59.235897
2.575400,59.236764
2.575500,59.235076
2.575600,59.235693
2.575700,59.235123
2.575800,59.231932
2.575900,59.236881
2.576000,59.236783
2.576100,59.235721
2.576200,59.236733
2.576300,59.243358
2.576400,59.238979
2.576500,59.227708
2.576600,59.215479
2.576700,59.214988
2.576800,59.224774
2.576900,59.216283
2.577000,59.228018
2.577100,59.230794
2.577200,59.244574
2.577300,59.242425
2.577400,59.229305
2.577500,59.228225
2.577600,59.226225
2.577700,59.226406
2.577800,59.226608
2.577900,59.227207
2.578000,59.226804
2.578100,59.227526
2.578200,59.226380
2.578300,59.224848
2.578400,59.226120
2.578500,59.225634
2.578600,59.225904
2.578700,59.225831
2.578800,59.226202
2.578900,59.225676
2.579000,59.225270
2.579100,59.225814
2.579200,59.225279
2.579300,59.224790
2.579400,59.225368
2.579500,59.225230
2.579600,59.225035
2.579700,59.225281
2.579800,59.225257
2.579900,59.225433
2.580000,59.224983
2.580100,59.225131
2.580200,59.225120
2.580300,59.225258
2.580400,59.224736
2.580500,59.225021
2.580600,59.225166
2.580700,59.225040
2.580800,59.225047
2.580900,59.224340
2.581000,59.224702
2.581100,59.224653
2.581200,59.224242
2.581300,59.224460
2.581400,59.224526
2.581500,59.224652
2.581600,59.224942
2.581700,59.224541
2.581800,59.224254
2.581900,59.223908
2.582000,59.223691
2.582100,59.224155
2.582200,59.224579
2.582300,59.224487
2.582400,59.224681
2.582500,59.224072
2.582600,59.223220
2.582700,59.223684
2.582800,59.225038
2.582900,59.224829
2.583000,59.224288
2.583100,59.225093
2.583200,59.224568
2.583300,59.222769
2.583400,59.223852
2.583500,59.223411
2.583600,59.224309
2.583700,59.223154
2.583800,59.221063
2.583900,59.224367
2.584000,59.222009
2.584100,59.223737
2.584200,59.224598
2.584300,59.222246
2.584400,59.223003
2.584500,59.222715
2.584600,59.219737
2.584700,59.222941
2.584800,59.225417
2.584900,59.228050
2.585000,59.231534
2.585100,59.221482
2.585200,59.231514
2.585300,59.218817
2.585400,59.198004
2.585500,59.183551
2.585600,59.180142
2.585700,59.176413
2.585800,59.177629
2.585900,59.180594
2.586000,59.179114
2.586100,59.179583
2.586200,59.181311
2.586300,59.181401
2.586400,59.181127
2.586500,59.180860
2.586600,59.182394
2.586700,59.181873
2.586800,59.182290
2.586900,59.181333
2.587000,59.182287
2.587100,59.181939
2.587200,59.182152
2.587300,59.181626
2.587400,59.181834
2.587500,59.181425
2.587600,59.181761
2.587700,59.181807
2.587800,59.181525
2.587900,59.181124
2.588000,59.181327
2.588100,59.180895
2.588200,59.181008
2.588300,59.181503
2.588400,59.181259
2.588500,59.181093
2.588600,59.181659
2.588700,59.180914
2.588800,59.180514
2.588900,59.180807
2.589000,59.180559
2.589100,59.180791
2.589200,59.181105
2.589300,59.180742
2.589400,59.181337
2.589500,59.181326
2.589600,59.180748
2.589700,59.180776
2.589800,59.180280
2.589900,59.180948
2.590000,59.180130
2.590100,59.180518
2.590200,59.180319
2.590300,59.180390
2.590400,59.180423
2.590500,59.180628
2.590600,59.180938
2.590700,59.180920
2.590800,59.180235
2.590900,59.179639
2.591000,59.179352
2.591100,59.180024
2.591200,59.180302
2.591300,59.180063
2.591400,59.180340
2.591500,59.180567
2.591600,59.179900
2.591700,59.181539
2.591800,59.179890
2.591900,59.180562
2.592000,59.179976
2.592100,59.179039
2.592200,59.178210
2.592300,59.178882
2.592400,59.178701
2.592500,59.182045
2.592600,59.182246
2.592700,59.184702
2.592800,59.189782
2.592900,59.189656
2.593000,59.187395
2.593100,59.185025
2.593200,59.192417
2.593300,59.182343
2.593400,59.178965
2.593500,59.165303
2.593600,59.169116
2.593700,59.184703
2.593800,59.175789
2.593900,59.158931
2.594000,59.167124
2.594100,59.156195
2.594200,59.164183
2.594300,59.173226
2.594400,59.177082
2.594500,59.175789
2.594600,59.176603
2.594700,59.176761
2.594800,59.176723
2.594900,59.176591
2.595000,59.176585
2.595100,59.175401
2.595200,59.174910
2.595300,59.175716
2.595400,59.175673
2.595500,59.174922
2.595600,59.175652
2.595700,59.175876
2.595800,59.175304
2.595900,59.175099
2.596000,59.176020
2.596100,59.176269
2.596200,59.176434
2.596300,59.175691
2.596400,59.175807
2.596500,59.175770
2.596600,59.175522
2.596700,59.175266
2.596800,59.175561
2.596900,59.174897
2.597000,59.175210
2.597100,59.174932
2.597200,59.175365
2.597300,59.175151
2.597400,59.174612
2.597500,59.175033
2.597600,59.175130
2.597700,59.175193
2.597800,59.175382
2.597900,59.174830
2.598000,59.174670
2.598100,59.175152
2.598200,59.175534
2.598300,59.175318
2.598400,59.174908
2.598500,59.174386
2.598600,59.174259
2.598700,59.174600
2.598800,59.174863
2.598900,59.173976
2.599000,59.174015
2.599100,59.174125
2.599200,59.174201
2.599300,59.173956
2.599400,59.174278
2.599500,59.174177
2.599600,59.174818
2.599700,59.174061
2.599800,59.174231
2.599900,59.174180
2.600000,59.173777
2.600100,59.174073
2.600200,59.174244
2.600300,59.174210
2.600400,59.174998
2.600500,59.173705
2.600600,59.175101
2.600700,59.176270
2.600800,59.174094
2.600900,59.177837
2.601000,59.178919
2.601100,59.178978
2.601200,59.174218
2.601300,59.178017
2.601400,59.177666
2.601500,59.174958
2.601600,59.176621
2.601700,59.169223
2.601800,59.176220
2.601900,59.168989
2.602000,59.177055
2.602100,59.187008
2.602200,59.190467
2.602300,59.202013
2.602400,59.198478
2.602500,59.183192
2.602600,59.197270
2.602700,59.210653
2.602800,59.217482
2.602900,59.217481
2.603000,59.217824
2.603100,59.217420
2.603200,59.217671
2.603300,59.217778
2.603400,59.218701
2.603500,59.219438
2.603600,59.218790
2.603700,59.218038
2.603800,59.217899
2.603900,59.218758
2.604000,59.218855
2.604100,59.218275
2.604200,59.218817
2.604300,59.218447
2.604400,59.219067
2.604500,59.218541
2.604600,59.218697
2.604700,59.217868
2.604800,59.218068
2.604900,59.217750
2.605000,59.218335
2.605100,59.218514
2.605200,59.218287
2.605300,59.218226
2.605400,59.218348
2.605500,59.217866
2.605600,59.217986
2.605700,59.218037
2.605800,59.217706
2.605900,59.218249
2.606000,59.217653
2.606100,59.217792
2.606200,59.217706
2.606300,59.218229
2.606400,59.217684
2.606500,59.218081
2.606600,59.217347
2.606700,59.217528
2.606800,59.217534
2.606900,59.217237
2.607000,59.217508
2.607100,59.217258
2.607200,59.216874
2.607300,59.217347
2.607400,59.216835
2.607500,59.217461
2.607600,59.217418
2.607700,59.216945
2.607800,59.218009
2.607900,59.217804
2.608000,59.217397
2.608100,59.216583
2.608200,59.217359
2.608300,59.217698
2.608400,59.216866
2.608500,59.216045
2.608600,59.215105
2.608700,59.216374
2.608800,59.214636
2.608900,59.217049
2.609000,59.214800
2.609100,59.216084
2.609200,59.215974
2.609300,59.219527
2.609400,59.216144
2.609500,59.218143
2.609600,59.217178
2.609700,59.219522
2.609800,59.217986
2.609900,59.220329
2.610000,59.218980
2.610100,59.214810
2.610200,59.208014
2.610300,59.215990
2.610400,59.213035
2.610500,59.219468
2.610600,59.212860
2.610700,59.231716
2.610800,59.225271
2.610900,59.224740
2.611000,59.213493
2.611100,59.229423
2.611200,59.223616
2.611300,59.216310
2.611400,59.220944
2.611500,59.218446
2.611600,59.218284
2.611700,59.218479
2.611800,59.218141
2.611900,59.218112
2.612000,59.216386
2.612100,59.215507
2.612200,59.214308
2.612300,59.214302
2.612400,59.215331
2.612500,59.215584
2.612600,59.215686
2.612700,59.215366
2.612800,59.215338
2.612900,59.215279
2.613000,59.215351
2.613100,59.215307
2.613200,59.215159
2.613300,59.215006
2.613400,59.215056
2.613500,59.215410
2.613600,59.215078
2.613700,59.214937
2.613800,59.215189
2.613900,59.214965
2.614000,59.214833
2.614100,59.215156
2.614200,59.214746
2.614300,59.215131
2.614400,59.214862
2.614500,59.214842
2.614600,59.214247
2.614700,59.214468
2.614800,59.214470
2.614900,59.214401
2.615000,59.214736
2.615100,59.215021
2.615200,59.214467
2.615300,59.214414
2.615400,59.214127
2.615500,59.213843
2.615600,59.214073
2.615700,59.214560
2.615800,59.214084
2.615900,59.214052
2.616000,59.214301
2.616100,59.214659
2.616200,59.213865
2.616300,59.214515
2.616400,59.213818
2.616500,59.213752
2.616600,59.213493
2.616700,59.214509
2.616800,59.214279
2.616900,59.214235
2.617000,59.213767
2.617100,59.213296
2.617200,59.213789
2.617300,59.213253
2.617400,59.213750
2.617500,59.215432
2.617600,59.213915
2.617700,59.213773
2.617800,59.214364
2.617900,59.215011
2.618000,59.214811
2.618100,59.215072
2.618200,59.219252
2.618300,59.214378
2.618400,59.219112
2.618500,59.210216
2.618600,59.204041
2.618700,59.197327
2.618800,59.211324
2.618900,59.203378
2.619000,59.205546
2.619100,59.200312
2.619200,59.186575
2.619300,59.171318
2.619400,59.190731
2.619500,59.189701
2.619600,59.189940
2.619700,59.186572
2.619800,59.189022
2.619900,59.187497
2.620000,59.188255
2.620100,59.188215
2.620200,59.187857
2.620300,59.187054
2.620400,59.187680
2.620500,59.187995
2.620600,59.187164
2.620700,59.186940
2.620800,59.187888
2.620900,59.189112
2.621000,59.187833
2.621100,59.187783
2.621200,59.188437
2.621300,59.187684
2.621400,59.187572
2.621500,59.187811
2.621600,59.187723
2.621700,59.187717
2.621800,59.187358
2.621900,59.187228
2.622000,59.187360
2.622100,59.187485
2.622200,59.187469
2.622300,59.187429
2.622400,59.187304
2.622500,59.187741
2.622600,59.187515
2.622700,59.186995
2.622800,59.186936
2.622900,59.187109
2.623000,59.187181
2.623100,59.187148
2.623200,59.186814
2.623300,59.186834
2.623400,59.186972
2.623500,59.186770
2.623600,59.187257
2.623700,59.186606
2.623800,59.186488
2.623900,59.186988
2.624000,59.187192
2.624100,59.186707
2.624200,59.186721
2.624300,59.187331
2.624400,59.186458
2.624500,59.186374
2.624600,59.186218
2.624700,59.186569
2.624800,59.186383
2.624900,59.185250
2.625000,59.185988
2.625100,59.186022
2.625200,59.186514
2.625300,59.186140
2.625400,59.185544
2.625500,59.185768
2.625600,59.186793
2.625700,59.187332
2.625800,59.187433
2.625900,59.187071
2.626000,59.186142
2.626100,59.185165
2.626200,59.186804
2.626300,59.186520
2.626400,59.185928
2.626500,59.187570
2.626600,59.185047
2.626700,59.179804
2.626800,59.185642
2.626900,59.182993
2.627000,59.192319
2.627100,59.182579
2.627200,59.188072
2.627300,59.184370
2.627400,59.192325
2.627500,59.208418
2.627600,59.187164
2.627700,59.187070
2.627800,59.173463
2.627900,59.176398
2.628000,59.192545
2.628100,59.183565
2.628200,59.182258
2.628300,59.183042
2.628400,59.182729
2.628500,59.182647
2.628600,59.182101
2.628700,59.182610
2.628800,59.181176
2.628900,59.181040
2.629000,59.182466
2.629100,59.182263
2.629200,59.182249
2.629300,59.182119
2.629400,59.182195
2.629500,59.181787
2.629600,59.181604
2.629700,59.181057
2.629800,59.181768
2.629900,59.180917
2.630000,59.181377
2.630100,59.181822
2.630200,59.181683
2.630300,59.181554
2.630400,59.181333
2.630500,59.181260
2.630600,59.181355
2.630700,59.181353
2.630800,59.181159
2.630900,59.180838
2.631000,59.180920
2.631100,59.180677
2.631200,59.180695
2.631300,59.180748
2.631400,59.180757
2.631500,59.180886
2.631600,59.180729
2.631700,59.180591
2.631800,59.180971
2.631900,59.180872
2.632000,59.180824
2.632100,59.180634
2.632200,59.180836
2.632300,59.180612
2.632400,59.180642
2.632500,59.180627
2.632600,59.180787
2.632700,59.180550
2.632800,59.180163
2.632900,59.180363
2.633000,59.180797
2.633100,59.180753
2.633200,59.179951
2.633300,59.180435
2.633400,59.179517
2.633500,59.180781
2.633600,59.180671
2.633700,59.179610
2.633800,59.179512
2.633900,59.179958
2.634000,59.179608
2.634100,59.179269
2.634200,59.179247
2.634300,59.178487
2.634400,59.178790
2.634500,59.179444
2.634600,59.176285
2.634700,59.175691
2.634800,59.180004
2.634900,59.177872
2.635000,59.179336
2.635100,59.178028
2.635200,59.181778
2.635300,59.178998
2.635400,59.182951
2.635500,59.183934
2.635600,59.183931
2.635700,59.181111
2.635800,59.182066
2.635900,59.184234
2.636000,59.190448
2.636100,59.182458
2.636200,59.175551
2.636300,59.166259
2.636400,59.183433
2.636500,59.171381
2.636600,59.175918
2.636700,59.172199
2.636800,59.172676
2.636900,59.173016
2.637000,59.172911
2.637100,59.172075
2.637200,59.171457
2.637300,59.172342
2.637400,59.171644
2.637500,59.173008
2.637600,59.171943
2.637700,59.172030
2.637800,59.172733
2.637900,59.172814
2.638000,59.173443
2.638100,59.172686
2.638200,59.172851
2.638300,59.172877
2.638400,59.172682
2.638500,59.172059
2.638600,59.172423
2.638700,59.172374
2.638800,59.171920
2.638900,59.171983
2.639000,59.172362
2.639100,59.171955
2.639200,59.172151
2.639300,59.171878
2.639400,59.171740
2.639500,59.171995
2.639600,59.171457
2.639700,59.171742
2.639800,59.171652
2.639900,59.171571
2.640000,59.171799
2.640100,59.171543
2.640200,59.171588
2.640300,59.171496
2.640400,59.171963
2.640500,59.171691
2.640600,59.171455
2.640700,59.171264
2.640800,59.171429
2.640900,59.171188
2.641000,59.170942
2.641100,59.170907
2.641200,59.171175
2.641300,59.170261
2.641400,59.171036
2.641500,59.171571
2.641600,59.170858
2.641700,59.170932
2.641800,59.171559
2.641900,59.170595
2.642000,59.169929
2.642100,59.170222
2.642200,59.171337
2.642300,59.170639
2.642400,59.171775
2.642500,59.171951
2.642600,59.171184
2.642700,59.172571
2.642800,59.172487
2.642900,59.169739
2.643000,59.171859
2.643100,59.170659
2.643200,59.170715
2.643300,59.170733
2.643400,59.173633
2.643500,59.178005
2.643600,59.172258
2.643700,59.168708
2.643800,59.164464
2.643900,59.170623
2.644000,59.160684
2.644100,59.172809
2.644200,59.159733
2.644300,59.163436
2.644400,59.172172
2.644500,59.165650
2.644600,59.168315
2.644700,59.171475
2.644800,59.189105
2.644900,59.183788
2.645000,59.174721
2.645100,59.178477
2.645200,59.182593
2.645300,59.182563
2.645400,59.182428
2.645500,59.182626
2.645600,59.183030
2.645700,59.184050
2.645800,59.182648
2.645900,59.182643
2.646000,59.184175
2.646100,59.183763
2.646200,59.184790
2.646300,59.183592
2.646400,59.183217
2.646500,59.182916
2.646600,59.183121
2.646700,59.183232
2.646800,59.182986
2.646900,59.182783
2.647000,59.182595
2.647100,59.182629
2.647200,59.183083
2.647300,59.182690
2.647400,59.182966
2.647500,59.182624
2.647600,59.182862
2.647700,59.182807
2.647800,59.182757
2.647900,59.182754
2.648000,59.182651
2.648100,59.182725
2.648200,59.182592
2.648300,59.182727
2.648400,59.182413
2.648500,59.182374
2.648600,59.182464
2.648700,59.182034
2.648800,59.182249
2.648900,59.182523
2.649000,59.182084
2.649100,59.182069
2.649200,59.182226
2.649300,59.182300
2.649400,59.182662
2.649500,59.182057
2.649600,59.182237
2.649700,59.182821
2.649800,59.182432
2.649900,59.182035
2.650000,59.181926
2.650100,59.181111
2.650200,59.181197
2.650300,59.181811
2.650400,59.182417
2.650500,59.181888
2.650600,59.180953
2.650700,59.181347
2.650800,59.181534
2.650900,59.179474
2.651000,59.181905
2.651100,59.180540
2.651200,59.183134
2.651300,59.182712
2.651400,59.181365
2.651500,59.182407
2.651600,59.180437
2.651700,59.178453
2.651800,59.177936
2.651900,59.176848
2.652000,59.182505
2.652100,59.187730
2.652200,59.182890
2.652300,59.181657
2.652400,59.177499
2.652500,59.187342
2.652600,59.187108
2.652700,59.187908
2.652800,59.185220
2.652900,59.186421
2.653000,59.196408
2.653100,59.196172
2.653200,59.199079
2.653300,59.192870
2.653400,59.201362
2.653500,59.199586
2.653600,59.195745
2.653700,59.195991
2.653800,59.196529
2.653900,59.196658
2.654000,59.195893
2.654100,59.196028
2.654200,59.196640
2.654300,59.195680
2.654400,59.197131
2.654500,59.197381
2.654600,59.197377
2.654700,59.197563
2.654800,59.196867
2.654900,59.196685
2.655000,59.196771
2.655100,59.196431
2.655200,59.195975
2.655300,59.196484
2.655400,59.196806
2.655500,59.196377
2.655600,59.196375
2.655700,59.196193
2.655800,59.196137
2.655900,59.196225
2.656000,59.196236
2.656100,59.195922
2.656200,59.196339
2.656300,59.196254
2.656400,59.195731
2.656500,59.196171
2.656600,59.195741
2.656700,59.195519
2.656800,59.195906
2.656900,59.196435
2.657000,59.195930
2.657100,59.196440
2.657200,59.196180
2.657300,59.195869
2.657400,59.195828
2.657500,59.195758
2.657600,59.196032
2.657700,59.196120
2.657800,59.196114
2.657900,59.195640
2.658000,59.194972
2.658100,59.195646
2.658200,59.195464
2.658300,59.195750
2.658400,59.194969
2.658500,59.194618
2.658600,59.194458
2.658700,59.195517
2.658800,59.195034
2.658900,59.195248
2.659000,59.195667
2.659100,59.194901
2.659200,59.196694
2.659300,59.195036
2.659400,59.194880
2.659500,59.194654
2.659600,59.195023
2.659700,59.195483
2.659800,59.192843
2.659900,59.194851
2.660000,59.195839
2.660100,59.196274
2.660200,59.197325
2.660300,59.192642
2.660400,59.188781
2.660500,59.191280
2.660600,59.192901
2.660700,59.189018
2.660800,59.187037
2.660900,59.183337
2.661000,59.194764
2.661100,59.201217
2.661200,59.207646
2.661300,59.206643
2.661400,59.225671
2.661500,59.204067
2.661600,59.183002
2.661700,59.175592
2.661800,59.168233
2.661900,59.168046
2.662000,59.168003
2.662100,59.168707
2.662200,59.167528
2.662300,59.168180
2.662400,59.168059
2.662500,59.167827
2.662600,59.167729
2.662700,59.167061
2.662800,59.167169
2.662900,59.166639
2.663000,59.165969
2.663100,59.166979
2.663200,59.166837
2.663300,59.166413
2.663400,59.166096
2.663500,59.166440
2.663600,59.166368
2.663700,59.166441
2.663800,59.166536
2.663900,59.166199
2.664000,59.166857
2.664100,59.166590
2.664200,59.166536
2.664300,59.166384
2.664400,59.166187
2.664500,59.166288
2.664600,59.166140
2.664700,59.166017
2.664800,59.165646
2.664900,59.165956
2.665000,59.165912
2.665100,59.166134
2.665200,59.165836
2.665300,59.165663
2.665400,59.165476
2.665500,59.165937
2.665600,59.165868
2.665700,59.165314
2.665800,59.165468
2.665900,59.165387
2.666000,59.165185
2.666100,59.165115
2.666200,59.164884
2.666300,59.165248
2.666400,59.165461
2.666500,59.164958
2.666600,59.165987
2.666700,59.165870
2.666800,59.165184
2.666900,59.165514
2.667000,59.164289
2.667100,59.164813
2.667200,59.165590
2.667300,59.165775
2.667400,59.165458
2.667500,59.165371
2.667600,59.164895
2.667700,59.164303
2.667800,59.163975
2.667900,59.164047
2.668000,59.165599
2.668100,59.164095
2.668200,59.166819
2.668300,59.166081
2.668400,59.165089
2.668500,59.162881
2.668600,59.163051
2.668700,59.167863
2.668800,59.165006
2.668900,59.163926
2.669000,59.157102
2.669100,59.160495
2.669200,59.158111
2.669300,59.161287
2.669400,59.154011
2.669500,59.160204
2.669600,59.169688
2.669700,59.171544
2.669800,59.178242
2.669900,59.173093
2.670000,59.189964
2.670100,59.208780
2.670200,59.191447
2.670300,59.194880
2.670400,59.185867
2.670500,59.183350
2.670600,59.182031
2.670700,59.182038
2.670800,59.181850
2.670900,59.181881
2.671000,59.181881
2.671100,59.181106
2.671200,59.181894
2.671300,59.181180
2.671400,59.180187
2.671500,59.180001
2.671600,59.180887
2.671700,59.181556
2.671800,59.181725
2.671900,59.180690
2.672000,59.180562
2.672100,59.180994
2.672200,59.181411
2.672300,59.181015
2.672400,59.180874
2.672500,59.180821
2.672600,59.180794
2.672700,59.180599
2.672800,59.180912
2.672900,59.180324
2.673000,59.180400
2.673100,59.180085
2.673200,59.179930
2.673300,59.180427
2.673400,59.180344
2.673500,59.180250
2.673600,59.180613
2.673700,59.180389
2.673800,59.180001
2.673900,59.180075
2.674000,59.180089
2.674100,59.180103
2.674200,59.179776
2.674300,59.179946
2.674400,59.179876
2.674500,59.180256
2.674600,59.180249
2.674700,59.179919
2.674800,59.179739
2.674900,59.179853
2.675000,59.179875
2.675100,59.180159
2.675200,59.179911
2.675300,59.179150
2.675400,59.179408
2.675500,59.179948
2.675600,59.179232
2.675700,59.179857
2.675800,59.179381
2.675900,59.177921
2.676000,59.178478
2.676100,59.178393
2.676200,59.178150
2.676300,59.180182
2.676400,59.178204
2.676500,59.177893
2.676600,59.180578
2.676700,59.179423
2.676800,59.182197
2.676900,59.180590
2.677000,59.177416
2.677100,59.176851
2.677200,59.175587
2.677300,59.173916
2.677400,59.179782
2.677500,59.176648
2.677600,59.181314
2.677700,59.178741
2.677800,59.177173
2.677900,59.164380
2.678000,59.172962
2.678100,59.163047
2.678200,59.146197
2.678300,59.139264
2.678400,59.146206
2.678500,59.143047
2.678600,59.139938
2.678700,59.137082
2.678800,59.147112
2.678900,59.147413
2.679000,59.142675
2.679100,59.142104
2.679200,59.142271
2.679300,59.142289
2.679400,59.141457
2.679500,59.141450
2.679600,59.142257
2.679700,59.142006
2.679800,59.142860
2.679900,59.144061
2.680000,59.143456
2.680100,59.144069
2.680200,59.143462
2.680300,59.143570
2.680400,59.143654
2.680500,59.143563
2.680600,59.143305
2.680700,59.143635
2.680800,59.143711
2.680900,59.142987
2.681000,59.142865
2.681100,59.142744
2.681200,59.143009
2.681300,59.142884
2.681400,59.142525
2.681500,59.143005
2.681600,59.142881
2.681700,59.142328
2.681800,59.142653
2.681900,59.142535
2.682000,59.142491
2.682100,59.142367
2.682200,59.142346
2.682300,59.142404
2.682400,59.142176
2.682500,59.142421
2.682600,59.142572
2.682700,59.142169
2.682800,59.142097
2.682900,59.141825
2.683000,59.141781
2.683100,59.141659
2.683200,59.141929
2.683300,59.141661
2.683400,59.141991
2.683500,59.142129
2.683600,59.141634
2.683700,59.141886
2.683800,59.141342
2.683900,59.141809
2.684000,59.142116
2.684100,59.141549
2.684200,59.141404
2.684300,59.140889
2.684400,59.141545
2.684500,59.140873
2.684600,59.142760
2.684700,59.142570
2.684800,59.141942
2.684900,59.141141
2.685000,59.141194
2.685100,59.140710
2.685200,59.140878
2.685300,59.141806
2.685400,59.142178
2.685500,59.143445
2.685600,59.140670
2.685700,59.139458
2.685800,59.140159
2.685900,59.142846
2.686000,59.144056
2.686100,59.139922
2.686200,59.135393
2.686300,59.133967
2.686400,59.148168
2.686500,59.150978
2.686600,59.147040
2.686700,59.156013
2.686800,59.158362
2.686900,59.176990
2.687000,59.176298
2.687100,59.189369
2.687200,59.190002
2.687300,59.184562
2.687400,59.181372
2.687500,59.180715
2.687600,59.180724
2.687700,59.180414
2.687800,59.180702
2.687900,59.181962
2.688000,59.180042
2.688100,59.181161
2.688200,59.181102
2.688300,59.180558
2.688400,59.181509
2.688500,59.181635
2.688600,59.181185
2.688700,59.181658
2.688800,59.181161
2.688900,59.180887
2.689000,59.180595
2.689100,59.180456
2.689200,59.179945
2.689300,59.180118
2.689400,59.180216
2.689500,59.180603
2.689600,59.179911
2.689700,59.180203
2.689800,59.179919
2.689900,59.179822
2.690000,59.179926
2.690100,59.179974
2.690200,59.180477
2.690300,59.180021
2.690400,59.179748
2.690500,59.179981
2.690600,59.180284
2.690700,59.179955
2.690800,59.179938
2.690900,59.179877
2.691000,59.179632
2.691100,59.179837
2.691200,59.179446
2.691300,59.179306
2.691400,59.179550
2.691500,59.179660
2.691600,59.179885
2.691700,59.179954
2.691800,59.179552
2.691900,59.178517
2.692000,59.179303
2.692100,59.179135
2.692200,59.178990
2.692300,59.178280
2.692400,59.178990
2.692500,59.178836
2.692600,59.179547
2.692700,59.179731
2.692800,59.178225
2.692900,59.178439
2.693000,59.178246
2.693100,59.179080
2.693200,59.178906
2.693300,59.180264
2.693400,59.178806
2.693500,59.178824
2.693600,59.178049
2.693700,59.178846
2.693800,59.177928
2.693900,59.176773
2.694000,59.176267
2.694100,59.175384
2.694200,59.179006
2.694300,59.177195
2.694400,59.181018
2.694500,59.182085
2.694600,59.184656
2.694700,59.181819
2.694800,59.175235
2.694900,59.175470
2.695000,59.166278
2.695100,59.158933
2.695200,59.150115
2.695300,59.135352
2.695400,59.133871
2.695500,59.132489
2.695600,59.136125
2.695700,59.136475
2.695800,59.138957
2.695900,59.135363
2.696000,59.136327
2.696100,59.136217
2.696200,59.136625
2.696300,59.136350
2.696400,59.137600
2.696500,59.136093
2.696600,59.135322
2.696700,59.134654
2.696800,59.135683
2.696900,59.135082
2.697000,59.135150
2.697100,59.134439
2.697200,59.134577
2.697300,59.134463
2.697400,59.134437
2.697500,59.134344
2.697600,59.134472
2.697700,59.134219
2.697800,59.134233
2.697900,59.134745
2.698000,59.134487
2.698100,59.134533
2.698200,59.134120
2.698300,59.134055
2.698400,59.134139
2.698500,59.134552
2.698600,59.134343
2.698700,59.134169
2.698800,59.133958
2.698900,59.133767
2.699000,59.133829
2.699100,59.133699
2.699200,59.133886
2.699300,59.134058
2.699400,59.133715
2.699500,59.133931
2.699600,59.133582
2.699700,59.133354
2.699800,59.133407
2.699900,59.132971
2.700000,59.133150
2.700100,59.133034
2.700200,59.133233
2.700300,59.133591
2.700400,59.132946
2.700500,59.132909
2.700600,59.133253
2.700700,59.132535
2.700800,59.132622
2.700900,59.132653
2.701000,59.133028
2.701100,59.133527
2.701200,59.133814
2.701300,59.133782
2.701400,59.132996
2.701500,59.132232
2.701600,59.134237
2.701700,59.133174
2.701800,59.130804
2.701900,59.133481
2.702000,59.131907
2.702100,59.133217
2.702200,59.133401
2.702300,59.129763
2.702400,59.133226
2.702500,59.131004
2.702600,59.131979
2.702700,59.132725
2.702800,59.138928
2.702900,59.142829
2.703000,59.140153
2.703100,59.140437
2.703200,59.132925
2.703300,59.129999
2.703400,59.136576
2.703500,59.123865
2.703600,59.138829
2.703700,59.136222
2.703800,59.157889
2.703900,59.162884
2.704000,59.163434
2.704100,59.160137
2.704200,59.155934
2.704300,59.153696
2.704400,59.154055
2.704500,59.153455
2.704600,59.153300
2.704700,59.152961
2.704800,59.151850
2.704900,59.152098
2.705000,59.151711
2.705100,59.151090
2.705200,59.151559
2.705300,59.152445
2.705400,59.151085
2.705500,59.151071
2.705600,59.151085
2.705700,59.151658
2.705800,59.151110
2.705900,59.150959
2.706000,59.150893
2.706100,59.151179
2.706200,59.151328
2.706300,59.151511
2.706400,59.151019
2.706500,59.151258
2.706600,59.150740
2.706700,59.150901
2.706800,59.150641
2.706900,59.150776
2.707000,59.150962
2.707100,59.150259
2.707200,59.150256
2.707300,59.150605
2.707400,59.150412
2.707500,59.150229
2.707600,59.149864
2.707700,59.150202
2.707800,59.150388
2.707900,59.150082
2.708000,59.150247
2.708100,59.150313
2.708200,59.150405
2.708300,59.149861
2.708400,59.149688
2.708500,59.149105
2.708600,59.149966
2.708700,59.149561
2.708800,59.150086
2.708900,59.150217
2.709000,59.149782
2.709100,59.149836
2.709200,59.150025
2.709300,59.149316
2.709400,59.149750
2.709500,59.150040
2.709600,59.150084
2.709700,59.149200
2.709800,59.148157
2.709900,59.147185
2.710000,59.149237
2.710100,59.149494
2.710200,59.149259
2.710300,59.149722
2.710400,59.149749
2.710500,59.149305
2.710600,59.149263
2.710700,59.150348
2.710800,59.147197
2.710900,59.147601
2.711000,59.145979
2.711100,59.146092
2.711200,59.145343
2.711300,59.149067
2.711400,59.145649
2.711500,59.152263
2.711600,59.145452
2.711700,59.143166
2.711800,59.151410
2.711900,59.159401
2.712000,59.163410
2.712100,59.162471
2.712200,59.162446
2.712300,59.181934
2.712400,59.161600
2.712500,59.146215
2.712600,59.148035
2.712700,59.150299
2.712800,59.148900
2.712900,59.148244
2.713000,59.148311
2.713100,59.147915
2.713200,59.148187
2.713300,59.147968
2.713400,59.148520
2.713500,59.148190
2.713600,59.147889
2.713700,59.147732
2.713800,59.147980
2.713900,59.147135
2.714000,59.146979
2.714100,59.147671
2.714200,59.147158
2.714300,59.147690
2.714400,59.146848
2.714500,59.146751
2.714600,59.146779
2.714700,59.146615
2.714800,59.147188
2.714900,59.147093
2.715000,59.146662
2.715100,59.146783
2.715200,59.146375
2.715300,59.146722
2.715400,59.146350
2.715500,59.146542
2.715600,59.146357
2.715700,59.146605
2.715800,59.146643
2.715900,59.146439
2.716000,59.146501
2.716100,59.146227
2.716200,59.145758
2.716300,59.145707
2.716400,59.145620
2.716500,59.145736
2.716600,59.145698
2.716700,59.145871
2.716800,59.145534
2.716900,59.145310
2.717000,59.145378
2.717100,59.145758
2.717200,59.145844
2.717300,59.145984
2.717400,59.145846
2.717500,59.145609
2.717600,59.145973
2.717700,59.145402
2.717800,59.144951
2.717900,59.145378
2.718000,59.144328
2.718100,59.145268
2.718200,59.145886
2.718300,59.146129
2.718400,59.144700
2.718500,59.145609
2.718600,59.145858
2.718700,59.146281
2.718800,59.143873
2.718900,59.145494
2.719000,59.144346
2.719100,59.143953
2.719200,59.143828
2.719300,59.143605
2.719400,59.143955
2.719500,59.142203
2.719600,59.144604
2.719700,59.144697
2.719800,59.148160
2.719900,59.139487
2.720000,59.149744
2.720100,59.158780
2.720200,59.149597
2.720300,59.141228
2.720400,59.141746
2.720500,59.121592
2.720600,59.118709
2.720700,59.136627
2.720800,59.117614
2.720900,59.116673
2.721000,59.131616
2.721100,59.130819
2.721200,59.128531
2.721300,59.127437
2.721400,59.127633
2.721500,59.127589
2.721600,59.128059
2.721700,59.127231
2.721800,59.127173
2.721900,59.126981
2.722000,59.127418
2.722100,59.127205
2.722200,59.127156
2.722300,59.128309
2.722400,59.127755
2.722500,59.127405
2.722600,59.127211
2.722700,59.127105
2.722800,59.126911
2.722900,59.126885
2.723000,59.127148
2.723100,59.127044
2.723200,59.126821
2.723300,59.126740
2.723400,59.126761
2.723500,59.126936
2.723600,59.126646
2.723700,59.126133
2.723800,59.126525
2.723900,59.126140
2.724000,59.126254
2.724100,59.126309
2.724200,59.126224
2.724300,59.126422
2.724400,59.126249
2.724500,59.126371
2.724600,59.126108
2.724700,59.126154
2.724800,59.125818
2.724900,59.125945
2.725000,59.125968
2.725100,59.126006
2.725200,59.125926
2.725300,59.125816
2.725400,59.125625
2.725500,59.125995
2.725600,59.125949
2.725700,59.125639
2.725800,59.125540
2.725900,59.125576
2.726000,59.126039
2.726100,59.124837
2.726200,59.124430
2.726300,59.125560
2.726400,59.125487
2.726500,59.124551
2.726600,59.124898
2.726700,59.125515
2.726800,59.125489
2.726900,59.125556
2.727000,59.125532
2.727100,59.125600
2.727200,59.123840
2.727300,59.125261
2.727400,59.125603
2.727500,59.124563
2.727600,59.124205
2.727700,59.124819
2.727800,59.123275
2.727900,59.128033
2.728000,59.124414
2.728100,59.125955
2.728200,59.123325
2.728300,59.121226
2.728400,59.126113
2.728500,59.125776
2.728600,59.127416
2.728700,59.121186
2.728800,59.117342
2.728900,59.120266
2.729000,59.132763
2.729100,59.144021
2.729200,59.125597
2.729300,59.132560
2.729400,59.126642
2.729500,59.134043
2.729600,59.128823
2.729700,59.128330
2.729800,59.127735
2.729900,59.127683
2.730000,59.127239
2.730100,59.127531
2.730200,59.127695
2.730300,59.127501
2.730400,59.127782
2.730500,59.127795
2.730600,59.127065
2.730700,59.126117
2.730800,59.126736
2.730900,59.126595
2.731000,59.126616
2.731100,59.126465
2.731200,59.125898
2.731300,59.125963
2.731400,59.126065
2.731500,59.126041
2.731600,59.125568
2.731700,59.126053
2.731800,59.126271
2.731900,59.125831
2.732000,59.126106
2.732100,59.126030
2.732200,59.125705
2.732300,59.125617
2.732400,59.125818
2.732500,59.125809
2.732600,59.125419
2.732700,59.125593
2.732800,59.125619
2.732900,59.125538
2.733000,59.125088
2.733100,59.125167
2.733200,59.125446
2.733300,59.124996
2.733400,59.125017
2.733500,59.125238
2.733600,59.125454
2.733700,59.125175
2.733800,59.125092
2.733900,59.125167
2.734000,59.125012
2.734100,59.124933
2.734200,59.124964
2.734300,59.123989
2.734400,59.124833
2.734500,59.124936
2.734600,59.125382
2.734700,59.124550
2.734800,59.124440
2.734900,59.124597
2.735000,59.124003
2.735100,59.123998
2.735200,59.125131
2.735300,59.124577
2.735400,59.125139
2.735500,59.125189
2.735600,59.123971
2.735700,59.123512
2.735800,59.123310
2.735900,59.123640
2.736000,59.124339
2.736100,59.124737
2.736200,59.121778
2.736300,59.123292
2.736400,59.125012
2.736500,59.119886
2.736600,59.122887
2.736700,59.128800
2.736800,59.127956
2.736900,59.131346
2.737000,59.125201
2.737100,59.115605
2.737200,59.126545
2.737300,59.127780
2.737400,59.133012
2.737500,59.118047
2.737600,59.140220
2.737700,59.128840
2.737800,59.140317
2.737900,59.135454
2.738000,59.140539
2.738100,59.141902
2.738200,59.138603
2.738300,59.138575
2.738400,59.138430
2.738500,59.138115
2.738600,59.138328
2.738700,59.139292
2.738800,59.139469
2.738900,59.140639
2.739000,59.140646
2.739100,59.139247
2.739200,59.139564
2.739300,59.138597
2.739400,59.138584
2.739500,59.138503
2.739600,59.138685
2.739700,59.138502
2.739800,59.138834
2.739900,59.138379
2.740000,59.138173
2.740100,59.138585
2.740200,59.138293
2.740300,59.138793
2.740400,59.138583
2.740500,59.138298
2.740600,59.137936
2.740700,59.138242
2.740800,59.138172
2.740900,59.138341
2.741000,59.138061
2.741100,59.138370
2.741200,59.138039
2.741300,59.137900
2.741400,59.137356
2.741500,59.137541
2.741600,59.137793
2.741700,59.137574
2.741800,59.137404
2.741900,59.137601
2.742000,59.137508
2.742100,59.137214
2.742200,59.137376
2.742300,59.137385
2.742400,59.137725
2.742500,59.136891
2.742600,59.136584
2.742700,59.136833
2.742800,59.136832
2.742900,59.137163
2.743000,59.137892
2.743100,59.137311
2.743200,59.137458
2.743300,59.137673
2.743400,59.137219
2.743500,59.138281
2.743600,59.137132
2.743700,59.136458
2.743800,59.136395
2.743900,59.136578
2.744000,59.136531
2.744100,59.137082
2.744200,59.136982
2.744300,59.136729
2.744400,59.138943
2.744500,59.136675
2.744600,59.133219
2.744700,59.133838
2.744800,59.136353
2.744900,59.135417
2.745000,59.129421
2.745100,59.132940
2.745200,59.130258
2.745300,59.134479
2.745400,59.133902
2.745500,59.143861
2.745600,59.140874
2.745700,59.131258
2.745800,59.126700
2.745900,59.111829
2.746000,59.107173
2.746100,59.114086
2.746200,59.124276
2.746300,59.107472
2.746400,59.104563
2.746500,59.101522
2.746600,59.105561
2.746700,59.106782
2.746800,59.106502
2.746900,59.106303
2.747000,59.106365
2.747100,59.106256
2.747200,59.106936
2.747300,59.106516
2.747400,59.107127
2.747500,59.106081
2.747600,59.106238
2.747700,59.105790
2.747800,59.106548
2.747900,59.106571
2.748000,59.106232
2.748100,59.107002
2.748200,59.106678
2.748300,59.106022
2.748400,59.106196
2.748500,59.105908
2.748600,59.105736
2.748700,59.106227
2.748800,59.105935
2.748900,59.105975
2.749000,59.105705
2.749100,59.105482
2.749200,59.105803
2.749300,59.105756
2.749400,59.105617
2.749500,59.105581
2.749600,59.106120
2.749700,59.105617
2.749800,59.105428
2.749900,59.105458
2.750000,59.105383
2.750100,59.104670
2.750200,59.104616
2.750300,59.105014
2.750400,59.105063
2.750500,59.104590
2.750600,59.104942
2.750700,59.105124
2.750800,59.105410
2.750900,59.105176
2.751000,59.104846
2.751100,59.105024
2.751200,59.104408
2.751300,59.104492
2.751400,59.104255
2.751500,59.103895
2.751600,59.104238
2.751700,59.104290
2.751800,59.104293
2.751900,59.104117
2.752000,59.103938
2.752100,59.103982
2.752200,59.104582
2.752300,59.104794
2.752400,59.105547
2.752500,59.104749
2.752600,59.105200
2.752700,59.105722
2.752800,59.103980
2.752900,59.104390
2.753000,59.105071
2.753100,59.105875
2.753200,59.104557
2.753300,59.105619
2.753400,59.109274
2.753500,59.108626
2.753600,59.103873
2.753700,59.098313
2.753800,59.105985
2.753900,59.102332
2.754000,59.112468
2.754100,59.098180
2.754200,59.111419
2.754300,59.119495
2.754400,59.100327
2.754500,59.119374
2.754600,59.108352
2.754700,59.117475
2.754800,59.124173
2.754900,59.129588
2.755000,59.130879
2.755100,59.130524
2.755200,59.129074
2.755300,59.128903
2.755400,59.130038
2.755500,59.130750
2.755600,59.131489
2.755700,59.130775
2.755800,59.129559
2.755900,59.129827
2.756000,59.128889
2.756100,59.127931
2.756200,59.128509
2.756300,59.128470
2.756400,59.128977
2.756500,59.128300
2.756600,59.128067
2.756700,59.128472
2.756800,59.128318
2.756900,59.128646
2.757000,59.129091
2.757100,59.128544
2.757200,59.128464
2.757300,59.128499
2.757400,59.128044
2.757500,59.128236
2.757600,59.128635
2.757700,59.128496
2.757800,59.128182
2.757900,59.128002
2.758000,59.127780
2.758100,59.127594
2.758200,59.127750
2.758300,59.127688
2.758400,59.127610
2.758500,59.128150
2.758600,59.127401
2.758700,59.127396
2.758800,59.127992
2.758900,59.127536
2.759000,59.127492
2.759100,59.127794
2.759200,59.127650
2.759300,59.127575
2.759400,59.127282
2.759500,59.126709
2.759600,59.127114
2.759700,59.126967
2.759800,59.127479
2.759900,59.126930
2.760000,59.126978
2.760100,59.127169
2.760200,59.126756
2.760300,59.127681
2.760400,59.127633
2.760500,59.126397
2.760600,59.127238
2.760700,59.127109
2.760800,59.127269
2.760900,59.125889
2.761000,59.128126
2.761100,59.127258
2.761200,59.128787
2.761300,59.126310
2.761400,59.127197
2.761500,59.123949
2.761600,59.125363
2.761700,59.123431
2.761800,59.122545
2.761900,59.126241
2.762000,59.127396
2.762100,59.120001
2.762200,59.116940
2.762300,59.127600
2.762400,59.125737
2.762500,59.135678
2.762600,59.121339
2.762700,59.111515
2.762800,59.100517
2.762900,59.122403
2.763000,59.106833
2.763100,59.093922
2.763200,59.095973
2.763300,59.107047
2.763400,59.106755
2.763500,59.107818
2.763600,59.107158
2.763700,59.106576
2.763800,59.106572
2.763900,59.105413
2.764000,59.105770
2.764100,59.105171
2.764200,59.106567
2.764300,59.107604
2.764400,59.106313
2.764500,59.106777
2.764600,59.107401
2.764700,59.106143
2.764800,59.105382
2.764900,59.105599
2.765000,59.106080
2.765100,59.106493
2.765200,59.107060
2.765300,59.106889
2.765400,59.107048
2.765500,59.107102
2.765600,59.106470
2.765700,59.106075
2.765800,59.106164
2.765900,59.106103
2.766000,59.106145
2.766100,59.106054
2.766200,59.106158
2.766300,59.105999
2.766400,59.105918
2.766500,59.106039
2.766600,59.106192
2.766700,59.105822
2.766800,59.105646
2.766900,59.105995
2.767000,59.106167
2.767100,59.105904
2.767200,59.105707
2.767300,59.105399
2.767400,59.105541
2.767500,59.105632
2.767600,59.105329
2.767700,59.105396
2.767800,59.105282
2.767900,59.105156
2.768000,59.105150
2.768100,59.105025
2.768200,59.105011
2.768300,59.105249
2.768400,59.104524
2.768500,59.105054
2.768600,59.105213
2.768700,59.105493
2.768800,59.103996
2.768900,59.103094
2.769000,59.104264
2.769100,59.105446
2.769200,59.105796
2.769300,59.104938
2.769400,59.104713
2.769500,59.103581
2.769600,59.104076
2.769700,59.103159
2.769800,59.104924
2.769900,59.102790
2.770000,59.104435
2.770100,59.102666
2.770200,59.104911
2.770300,59.105417
2.770400,59.106974
2.770500,59.102830
2.770600,59.096331
2.770700,59.093898
2.770800,59.093413
2.770900,59.085078
2.771000,59.091485
2.771100,59.077632
2.771200,59.084715
2.771300,59.084607
2.771400,59.094300
2.771500,59.099633
2.771600,59.091263
2.771700,59.077014
2.771800,59.083642
2.771900,59.087486
2.772000,59.090635
2.772100,59.088709
2.772200,59.088747
2.772300,59.089024
2.772400,59.090400
2.772500,59.089576
2.772600,59.090416
2.772700,59.091265
2.772800,59.089550
2.772900,59.090083
2.773000,59.090420
2.773100,59.090371
2.773200,59.090480
2.773300,59.090173
2.773400,59.090153
2.773500,59.090150
2.773600,59.089922
2.773700,59.089748
2.773800,59.089855
2.773900,59.090085
2.774000,59.090241
2.774100,59.090551
2.774200,59.089860
2.774300,59.089676
2.774400,59.089536
2.774500,59.089399
2.774600,59.089696
2.774700,59.089503
2.774800,59.089627
2.774900,59.089644
2.775000,59.089579
2.775100,59.089448
2.775200,59.089471
2.775300,59.089525
2.775400,59.089104
2.775500,59.089027
2.775600,59.089627
2.775700,59.088870
2.775800,59.088919
2.775900,59.088284
2.776000,59.088903
2.776100,59.089448
2.776200,59.088829
2.776300,59.088803
2.776400,59.089040
2.776500,59.088553
2.776600,59.088506
2.776700,59.087982
2.776800,59.088774
2.776900,59.088416
2.777000,59.089394
2.777100,59.089183
2.777200,59.088026
2.777300,59.088447
2.777400,59.089082
2.777500,59.089440
2.777600,59.088010
2.777700,59.088565
2.777800,59.089561
2.777900,59.089445
2.778000,59.088116
2.778100,59.088013
2.778200,59.089596
2.778300,59.088321
2.778400,59.088267
2.778500,59.087301
2.778600,59.088530
2.778700,59.084686
2.778800,59.087387
2.778900,59.087954
2.779000,59.089318
2.779100,59.088273
2.779200,59.085084
2.779300,59.090443
2.779400,59.098975
2.779500,59.110877
2.779600,59.098489
2.779700,59.082777
2.779800,59.069155
2.779900,59.077634
2.780000,59.091833
2.780100,59.102230
2.780200,59.101903
2.780300,59.092312
2.780400,59.094618
2.780500,59.095335
2.780600,59.093232
2.780700,59.093232
2.780800,59.093100
2.780900,59.092725
2.781000,59.091175
2.781100,59.090784
2.781200,59.090773
2.781300,59.092041
2.781400,59.091972
2.781500,59.091136
2.781600,59.090733
2.781700,59.091281
2.781800,59.091154
2.781900,59.090820
2.782000,59.090330
2.782100,59.090732
2.782200,59.090440
2.782300,59.090296
2.782400,59.090718
2.782500,59.090865
2.782600,59.090377
2.782700,59.090242
2.782800,59.090359
2.782900,59.090416
2.783000,59.090185
2.783100,59.090174
2.783200,59.090487
2.783300,59.090531
2.783400,59.090662
2.783500,59.090012
2.783600,59.089664
2.783700,59.090049
2.783800,59.090157
2.783900,59.090051
2.784000,59.089955
2.784100,59.090264
2.784200,59.089690
2.784300,59.089744
2.784400,59.089100
2.784500,59.089074
2.784600,59.089263
2.784700,59.089143
2.784800,59.089707
2.784900,59.089745
2.785000,59.089397
2.785100,59.089502
2.785200,59.089877
2.785300,59.089174
2.785400,59.088945
2.785500,59.089195
2.785600,59.089548
2.785700,59.090311
2.785800,59.089687
2.785900,59.089112
2.786000,59.088599
2.786100,59.089420
2.786200,59.089110
2.786300,59.089342
2.786400,59.087134
2.786500,59.089949
2.786600,59.090739
2.786700,59.092679
2.786800,59.095491
2.786900,59.092460
2.787000,59.088852
2.787100,59.088594
2.787200,59.090003
2.787300,59.088618
2.787400,59.089485
2.787500,59.088518
2.787600,59.088064
2.787700,59.090560
2.787800,59.078946
2.787900,59.076124
2.788000,59.074211
2.788100,59.090520
2.788200,59.098392
2.788300,59.108362
2.788400,59.106604
2.788500,59.112394
2.788600,59.114708
2.788700,59.103934
2.788800,59.112101
2.788900,59.109962
2.789000,59.111284
2.789100,59.110426
2.789200,59.109917
2.789300,59.110924
2.789400,59.110712
2.789500,59.111319
2.789600,59.111297
2.789700,59.110607
2.789800,59.109825
2.789900,59.111069
2.790000,59.109851
2.790100,59.109406
2.790200,59.109245
2.790300,59.109879
2.790400,59.109608
2.790500,59.109787
2.790600,59.109429
2.790700,59.109796
2.790800,59.109692
2.790900,59.109983
2.791000,59.109419
2.791100,59.109494
2.791200,59.109505
2.791300,59.109437
2.791400,59.109043
2.791500,59.109196
2.791600,59.109103
2.791700,59.109582
2.791800,59.109312
2.791900,59.109510
2.792000,59.109067
2.792100,59.109055
2.792200,59.108964
2.792300,59.108766
2.792400,59.109115
2.792500,59.109164
2.792600,59.108968
2.792700,59.108921
2.792800,59.108972
2.792900,59.109163
2.793000,59.109018
2.793100,59.108509
2.793200,59.108998
2.793300,59.109473
2.793400,59.109228
2.793500,59.109307
2.793600,59.109743
2.793700,59.109008
2.793800,59.108294
2.793900,59.108000
2.794000,59.108847
2.794100,59.109075
2.794200,59.107587
2.794300,59.108428
2.794400,59.108740
2.794500,59.108190
2.794600,59.108081
2.794700,59.109839
2.794800,59.110136
2.794900,59.108788
2.795000,59.106894
2.795100,59.107233
2.795200,59.108414
2.795300,59.108238
2.795400,59.108478
2.795500,59.108904
2.795600,59.108796
2.795700,59.106741
2.795800,59.108065
2.795900,59.107332
2.796000,59.105977
2.796100,59.109485
2.796200,59.115522
2.796300,59.112853
2.796400,59.111126
2.796500,59.116517
2.796600,59.125990
2.796700,59.110133
2.796800,59.115532
2.796900,59.122485
2.797000,59.120974
2.797100,59.126207
2.797200,59.131239
2.797300,59.128515
2.797400,59.129097
2.797500,59.129424
2.797600,59.129310
2.797700,59.128543
2.797800,59.128968
2.797900,59.128409
2.798000,59.129941
2.798100,59.130373
2.798200,59.128722
2.798300,59.128333
2.798400,59.128129
2.798500,59.129257
2.798600,59.129145
2.798700,59.129603
2.798800,59.129448
2.798900,59.129402
2.799000,59.128759
2.799100,59.128311
2.799200,59.128371
2.799300,59.128207
2.799400,59.128482
2.799500,59.128854
2.799600,59.128383
2.799700,59.128178
2.799800,59.128325
2.799900,59.128889
2.800000,59.128401
2.800100,59.128607
2.800200,59.128540
2.800300,59.128469
2.800400,59.128551
2.800500,59.128376
2.800600,59.127983
2.800700,59.128110
2.800800,59.128395
2.800900,59.128451
2.801000,59.128418
2.801100,59.128240
2.801200,59.128037
2.801300,59.127933
2.801400,59.128103
2.801500,59.127769
2.801600,59.127266
2.801700,59.127643
2.801800,59.127495
2.801900,59.127472
2.802000,59.127300
2.802100,59.127991
2.802200,59.128157
2.802300,59.127584
2.802400,59.126972
2.802500,59.127614
2.802600,59.127605
2.802700,59.127942
2.802800,59.128050
2.802900,59.128530
2.803000,59.127848
2.803100,59.126512
2.803200,59.126966
2.803300,59.126846
2.803400,59.126302
2.803500,59.126120
2.803600,59.129151
2.803700,59.128770
2.803800,59.127130
2.803900,59.123196
2.804000,59.123156
2.804100,59.121169
2.804200,59.123957
2.804300,59.125571
2.804400,59.126817
2.804500,59.120778
2.804600,59.122906
2.804700,59.128555
2.804800,59.127681
2.804900,59.125427
2.805000,59.126922
2.805100,59.126361
2.805200,59.117567
2.805300,59.100988
2.805400,59.105668
2.805500,59.088636
2.805600,59.088971
2.805700,59.085327
2.805800,59.082498
2.805900,59.084418
2.806000,59.084369
2.806100,59.084172
2.806200,59.084000
2.806300,59.084126
2.806400,59.083490
2.806500,59.083001
2.806600,59.083361
2.806700,59.082516
2.806800,59.082561
2.806900,59.082864
2.807000,59.083389
2.807100,59.083045
2.807200,59.082327
2.807300,59.082858
2.807400,59.082599
2.807500,59.082795
2.807600,59.082057
2.807700,59.082151
2.807800,59.082730
2.807900,59.082321
2.808000,59.082387
2.808100,59.082569
2.808200,59.082512
2.808300,59.082573
2.808400,59.082225
2.808500,59.082070
2.808600,59.082215
2.808700,59.081999
2.808800,59.081977
2.808900,59.082389
2.809000,59.081699
2.809100,59.081416
2.809200,59.082006
2.809300,59.081743
2.809400,59.081826
2.809500,59.081718
2.809600,59.082094
2.809700,59.081618
2.809800,59.081870
2.809900,59.081679
2.810000,59.081312
2.810100,59.081418
2.810200,59.081164
2.810300,59.081398
2.810400,59.081712
2.810500,59.081466
2.810600,59.080705
2.810700,59.081290
2.810800,59.081256
2.810900,59.080946
2.811000,59.080499
2.811100,59.080665
2.811200,59.080920
2.811300,59.080988
2.811400,59.080369
2.811500,59.081326
2.811600,59.081583
2.811700,59.080838
2.811800,59.079699
2.811900,59.080028
2.812000,59.080994
2.812100,59.082335
2.812200,59.081897
2.812300,59.082668
2.812400,59.081892
2.812500,59.080609
2.812600,59.085576
2.812700,59.083868
2.812800,59.086094
2.812900,59.085275
2.813000,59.079525
2.813100,59.078951
2.813200,59.067897
2.813300,59.074315
2.813400,59.063640
2.813500,59.069211
2.813600,59.073988
2.813700,59.090844
2.813800,59.071935
2.813900,59.084468
2.814000,59.079151
2.814100,59.080771
2.814200,59.079867
2.814300,59.078545
2.814400,59.079862
2.814500,59.079431
2.814600,59.079177
2.814700,59.078479
2.814800,59.077031
2.814900,59.077897
2.815000,59.078325
2.815100,59.078531
2.815200,59.079849
2.815300,59.079211
2.815400,59.079069
2.815500,59.079946
2.815600,59.078834
2.815700,59.078600
2.815800,59.078229
2.815900,59.078235
2.816000,59.078261
2.816100,59.078298
2.816200,59.078176
2.816300,59.077901
2.816400,59.077950
2.816500,59.078307
2.816600,59.078558
2.816700,59.078423
2.816800,59.078608
2.816900,59.078488
2.817000,59.077828
2.817100,59.077891
2.817200,59.077897
2.817300,59.078183
2.817400,59.077631
2.817500,59.077772
2.817600,59.077391
2.817700,59.077361
2.817800,59.077559
2.817900,59.077298
2.818000,59.077526
2.818100,59.077732
2.818200,59.077515
2.818300,59.077474
2.818400,59.077526
2.818500,59.077492
2.818600,59.077044
2.818700,59.076793
2.818800,59.077102
2.818900,59.076940
2.819000,59.077118
2.819100,59.076663
2.819200,59.077768
2.819300,59.077298
2.819400,59.077336
2.819500,59.077241
2.819600,59.077039
2.819700,59.077013
2.819800,59.077074
2.819900,59.077060
2.820000,59.076578
2.820100,59.077279
2.820200,59.075217
2.820300,59.077218
2.820400,59.077710
2.820500,59.077503
2.820600,59.075214
2.820700,59.074788
2.820800,59.075491
2.820900,59.075287
2.821000,59.078889
2.821100,59.080788
2.821200,59.079685
2.821300,59.083405
2.821400,59.080868
2.821500,59.076993
2.821600,59.068006
2.821700,59.072553
2.821800,59.085364
2.821900,59.066871
2.822000,59.050036
2.822100,59.066789
2.822200,59.082363
2.822300,59.102375
2.822400,59.093836
2.822500,59.096907
2.822600,59.089661
2.822700,59.093778
2.822800,59.093258
2.822900,59.092679
2.823000,59.092653
2.823100,59.092516
2.823200,59.092267
2.823300,59.091591
2.823400,59.091365
2.823500,59.092606
2.823600,59.093294
2.823700,59.093025
2.823800,59.093428
2.823900,59.092218
2.824000,59.092398
2.824100,59.092979
2.824200,59.092121
2.824300,59.091827
2.824400,59.091885
2.824500,59.092065
2.824600,59.091572
2.824700,59.091963
2.824800,59.092122
2.824900,59.091654
2.825000,59.092011
2.825100,59.092508
2.825200,59.091804
2.825300,59.091952
2.825400,59.091641
2.825500,59.091584
2.825600,59.092000
2.825700,59.091398
2.825800,59.091248
2.825900,59.091043
2.826000,59.091166
2.826100,59.091393
2.826200,59.091517
2.826300,59.091070
2.826400,59.091063
2.826500,59.091218
2.826600,59.091359
2.826700,59.091574
2.826800,59.091083
2.826900,59.091132
2.827000,59.091065
2.827100,59.090733
2.827200,59.091091
2.827300,59.090547
2.827400,59.090609
2.827500,59.090766
2.827600,59.090474
2.827700,59.090084
2.827800,59.090685
2.827900,59.090664
2.828000,59.091654
2.828100,59.090274
2.828200,59.089782
2.828300,59.089309
2.828400,59.088316
2.828500,59.090235
2.828600,59.090677
2.828700,59.089975
2.828800,59.088885
2.828900,59.089667
2.829000,59.090880
2.829100,59.091611
2.829200,59.093266
2.829300,59.090942
2.829400,59.094287
2.829500,59.093985
2.829600,59.096184
2.829700,59.090010
2.829800,59.094627
2.829900,59.090851
2.830000,59.086482
2.830100,59.078279
2.830200,59.083076
2.830300,59.069137
2.830400,59.069967
2.830500,59.075463
2.830600,59.070664
2.830700,59.047902
2.830800,59.057456
2.830900,59.075336
2.831000,59.077364
2.831100,59.075338
2.831200,59.077430
2.831300,59.076891
2.831400,59.076206
2.831500,59.075775
2.831600,59.075780
2.831700,59.074874
2.831800,59.073739
2.831900,59.075354
2.832000,59.076850
2.832100,59.076673
2.832200,59.077088
2.832300,59.077547
2.832400,59.076882
2.832500,59.076725
2.832600,59.077078
2.832700,59.077785
2.832800,59.076832
2.832900,59.077018
2.833000,59.076393
2.833100,59.076502
2.833200,59.076991
2.833300,59.076388
2.833400,59.076241
2.833500,59.075820
2.833600,59.076341
2.833700,59.076592
2.833800,59.076677
2.833900,59.076714
2.834000,59.076185
2.834100,59.076289
2.834200,59.076393
2.834300,59.076299
2.834400,59.076216
2.834500,59.076496
2.834600,59.075828
2.834700,59.075713
2.834800,59.075712
2.834900,59.075941
2.835000,59.076299
2.835100,59.076021
2.835200,59.075710
2.835300,59.075829
2.835400,59.075316
2.835500,59.075480
2.835600,59.075409
2.835700,59.076164
2.835800,59.075426
2.835900,59.075805
2.836000,59.076141
2.836100,59.075934
2.836200,59.076088
2.836300,59.075431
2.836400,59.076052
2.836500,59.075935
2.836600,59.074581
2.836700,59.074803
2.836800,59.075956
2.836900,59.076001
2.837000,59.076032
2.837100,59.075892
2.837200,59.076746
2.837300,59.075645
2.837400,59.073461
2.837500,59.075415
2.837600,59.074420
2.837700,59.073740
2.837800,59.077197
2.837900,59.077538
2.838000,59.078392
2.838100,59.080807
2.838200,59.078762
2.838300,59.073244
2.838400,59.071554
2.838500,59.075202
2.838600,59.077770
2.838700,59.080984
2.838800,59.073485
2.838900,59.072892
2.839000,59.089715
2.839100,59.103804
2.839200,59.111208
2.839300,59.101302
2.839400,59.103050
2.839500,59.098978
2.839600,59.099454
2.839700,59.098016
2.839800,59.096486
2.839900,59.096332
2.840000,59.095451
2.840100,59.094487
2.840200,59.093079
2.840300,59.093783
2.840400,59.093461
2.840500,59.093663
2.840600,59.092639
2.840700,59.092542
2.840800,59.092994
2.840900,59.092169
2.841000,59.092463
2.841100,59.092286
2.841200,59.092710
2.841300,59.092865
2.841400,59.092401
2.841500,59.092675
2.841600,59.092055
2.841700,59.092332
2.841800,59.092317
2.841900,59.092440
2.842000,59.092960
2.842100,59.092266
2.842200,59.092714
2.842300,59.092488
2.842400,59.092487
2.842500,59.092318
2.842600,59.092368
2.842700,59.091979
2.842800,59.092194
2.842900,59.092531
2.843000,59.092461
2.843100,59.092091
2.843200,59.091741
2.843300,59.091791
2.843400,59.091879
2.843500,59.091640
2.843600,59.091821
2.843700,59.091237
2.843800,59.091936
2.843900,59.091723
2.844000,59.091559
2.844100,59.091816
2.844200,59.092015
2.844300,59.091704
2.844400,59.091269
2.844500,59.091209
2.844600,59.090387
2.844700,59.091708
2.844800,59.091562
2.844900,59.091478
2.845000,59.091472
2.845100,59.090372
2.845200,59.091943
2.845300,59.092275
2.845400,59.090701
2.845500,59.091045
2.845600,59.091856
2.845700,59.093206
2.845800,59.092142
2.845900,59.091481
2.846000,59.089240
2.846100,59.092165
2.846200,59.092058
2.846300,59.095254
2.846400,59.092547
2.846500,59.093696
2.846600,59.087092
2.846700,59.084846
2.846800,59.079527
2.846900,59.077352
2.847000,59.089428
2.847100,59.099517
2.847200,59.086953
2.847300,59.088320
2.847400,59.071237
2.847500,59.090107
2.847600,59.096533
2.847700,59.112560
2.847800,59.114811
2.847900,59.110861
2.848000,59.106575
2.848100,59.102221
2.848200,59.099083
2.848300,59.099375
2.848400,59.099330
2.848500,59.099753
2.848600,59.100165
2.848700,59.098817
2.848800,59.098850
2.848900,59.098382
2.849000,59.098659
2.849100,59.098440
2.849200,59.097144
2.849300,59.097127
2.849400,59.097870
2.849500,59.097827
2.849600,59.096922
2.849700,59.096973
2.849800,59.097315
2.849900,59.097370
2.850000,59.097653
2.850100,59.097067
2.850200,59.097312
2.850300,59.096971
2.850400,59.096303
2.850500,59.096848
2.850600,59.096633
2.850700,59.096384
2.850800,59.096460
2.850900,59.096863
2.851000,59.096660
2.851100,59.096463
2.851200,59.096559
2.851300,59.096565
2.851400,59.096438
2.851500,59.096349
2.851600,59.096457
2.851700,59.096225
2.851800,59.096240
2.851900,59.096025
2.852000,59.096046
2.852100,59.096693
2.852200,59.095830
2.852300,59.095352
2.852400,59.095858
2.852500,59.096048
2.852600,59.096360
2.852700,59.096345
2.852800,59.096734
2.852900,59.096772
2.853000,59.096472
2.853100,59.095411
2.853200,59.095492
2.853300,59.095336
2.853400,59.095829
2.853500,59.096080
2.853600,59.095992
2.853700,59.095616
2.853800,59.094489
2.853900,59.095126
2.854000,59.093426
2.854100,59.094552
2.854200,59.096928
2.854300,59.095989
2.854400,59.095658
2.854500,59.094108
2.854600,59.097497
2.854700,59.093616
2.854800,59.096995
2.854900,59.093228
2.855000,59.093928
2.855100,59.100526
2.855200,59.096862
2.855300,59.090401
2.855400,59.090951
2.855500,59.098214
2.855600,59.104033
2.855700,59.091429
2.855800,59.083412
2.855900,59.101849
2.856000,59.102773
2.856100,59.098802
2.856200,59.093195
2.856300,59.103588
2.856400,59.099747
2.856500,59.091043
2.856600,59.092072
2.856700,59.091783
2.856800,59.091200
2.856900,59.091163
2.857000,59.091168
2.857100,59.090385
2.857200,59.091928
2.857300,59.090452
2.857400,59.090672
2.857500,59.090244
2.857600,59.090313
2.857700,59.089666
2.857800,59.088450
2.857900,59.088351
2.858000,59.088454
2.858100,59.088070
2.858200,59.088460
2.858300,59.089119
2.858400,59.088952
2.858500,59.088403
2.858600,59.088554
2.858700,59.088477
2.858800,59.088480
2.858900,59.088209
2.859000,59.088499
2.859100,59.088292
2.859200,59.088482
2.859300,59.088045
2.859400,59.087722
2.859500,59.088238
2.859600,59.088013
2.859700,59.088135
2.859800,59.088020
2.859900,59.088164
2.860000,59.087738
2.860100,59.087787
2.860200,59.087710
2.860300,59.087795
2.860400,59.087818
2.860500,59.088022
2.860600,59.087383
2.860700,59.087571
2.860800,59.087230
2.860900,59.086947
2.861000,59.086902
2.861100,59.087859
2.861200,59.087524
2.861300,59.087304
2.861400,59.087638
2.861500,59.087698
2.861600,59.088085
2.861700,59.087458
2.861800,59.086497
2.861900,59.086887
2.862000,59.087063
2.862100,59.088191
2.862200,59.087241
2.862300,59.087058
2.862400,59.088480
2.862500,59.088353
2.862600,59.087669
2.862700,59.086384
2.862800,59.084136
2.862900,59.086104
2.863000,59.088198
2.863100,59.085186
2.863200,59.086628
2.863300,59.081773
2.863400,59.087620
2.863500,59.086727
2.863600,59.094280
2.863700,59.091103
2.863800,59.085559
2.863900,59.078187
2.864000,59.082511
2.864100,59.073119
2.864200,59.073065
2.864300,59.065360
2.864400,59.064283
2.864500,59.072624
2.864600,59.071491
2.864700,59.068319
2.864800,59.054116
2.864900,59.053090
2.865000,59.057270
2.865100,59.059200
2.865200,59.060287
2.865300,59.059765
2.865400,59.059478
2.865500,59.059086
2.865600,59.060403
2.865700,59.059083
2.865800,59.060735
2.865900,59.060678
2.866000,59.060338
2.866100,59.060065
2.866200,59.059529
2.866300,59.058774
2.866400,59.059316
2.866500,59.059068
2.866600,59.058806
2.866700,59.059161
2.866800,59.059228
2.866900,59.058950
2.867000,59.059271
2.867100,59.058669
2.867200,59.058942
2.867300,59.059167
2.867400,59.058669
2.867500,59.058546
2.867600,59.058270
2.867700,59.058511
2.867800,59.058446
2.867900,59.058645
2.868000,59.058624
2.868100,59.058672
2.868200,59.058640
2.868300,59.058019
2.868400,59.058155
2.868500,59.058142
2.868600,59.057728
2.868700,59.057861
2.868800,59.057816
2.868900,59.058014
2.869000,59.058220
2.869100,59.057914
2.869200,59.057986
2.869300,59.057790
2.869400,59.057417
2.869500,59.057763
2.869600,59.057085
2.869700,59.058128
2.869800,59.057757
2.869900,59.058055
2.870000,59.057318
2.870100,59.057644
2.870200,59.057214
2.870300,59.057121
2.870400,59.055781
2.870500,59.057521
2.870600,59.056992
2.870700,59.057617
2.870800,59.058413
2.870900,59.057962
2.871000,59.059333
2.871100,59.059813
2.871200,59.057292
2.871300,59.054798
2.871400,59.056787
2.871500,59.054344
2.871600,59.054781
2.871700,59.055810
2.871800,59.058460
2.871900,59.056429
2.872000,59.063185
2.872100,59.061788
2.872200,59.061096
2.872300,59.061858
2.872400,59.062750
2.872500,59.074333
2.872600,59.089683
2.872700,59.076858
2.872800,59.072418
2.872900,59.082345
2.873000,59.098493
2.873100,59.098052
2.873200,59.088585
2.873300,59.084167
2.873400,59.083079
2.873500,59.087203
2.873600,59.085614
2.873700,59.085180
2.873800,59.084959
2.873900,59.084899
2.874000,59.084859
2.874100,59.084776
2.874200,59.084473
2.874300,59.085179
2.874400,59.085212
2.874500,59.083748
2.874600,59.083701
2.874700,59.083259
2.874800,59.083596
2.874900,59.083465
2.875000,59.083358
2.875100,59.083523
2.875200,59.082811
2.875300,59.083209
2.875400,59.083420
2.875500,59.083794
2.875600,59.083634
2.875700,59.083186
2.875800,59.083270
2.875900,59.083210
2.876000,59.083256
2.876100,59.083280
2.876200,59.082891
2.876300,59.083030
2.876400,59.082800
2.876500,59.082641
2.876600,59.082717
2.876700,59.082552
2.876800,59.082781
2.876900,59.082666
2.877000,59.082779
2.877100,59.083212
2.877200,59.082407
2.877300,59.082127
2.877400,59.082573
2.877500,59.082789
2.877600,59.082571
2.877700,59.082580
2.877800,59.082229
2.877900,59.082342
2.878000,59.081533
2.878100,59.081608
2.878200,59.081907
2.878300,59.082257
2.878400,59.082623
2.878500,59.081647
2.878600,59.082191
2.878700,59.082317
2.878800,59.082961
2.878900,59.083851
2.879000,59.082328
2.879100,59.082841
2.879200,59.082066
2.879300,59.081283
2.879400,59.083111
2.879500,59.083581
2.879600,59.081041
2.879700,59.080650
2.879800,59.081410
2.879900,59.080707
2.880000,59.077001
2.880100,59.077701
2.880200,59.076386
2.880300,59.078126
2.880400,59.081370
2.880500,59.083279
2.880600,59.074599
2.880700,59.084439
2.880800,59.075222
2.880900,59.070163
2.881000,59.064426
2.881100,59.051755
2.881200,59.057270
2.881300,59.070176
2.881400,59.084675
2.881500,59.096091
2.881600,59.079989
2.881700,59.063705
2.881800,59.053932
2.881900,59.052156
2.882000,59.047394
2.882100,59.045581
2.882200,59.046075
2.882300,59.045632
2.882400,59.045188
2.882500,59.045243
2.882600,59.044984
2.882700,59.044548
2.882800,59.043962
2.882900,59.043263
2.883000,59.043177
2.883100,59.042696
2.883200,59.043123
2.883300,59.043283
2.883400,59.043102
2.883500,59.042774
2.883600,59.043023
2.883700,59.042884
2.883800,59.043043
2.883900,59.042936
2.884000,59.043222
2.884100,59.043256
2.884200,59.042516
2.884300,59.042729
2.884400,59.043241
2.884500,59.042812
2.884600,59.042744
2.884700,59.042594
2.884800,59.042638
2.884900,59.043065
2.885000,59.042783
2.885100,59.042513
2.885200,59.042576
2.885300,59.042533
2.885400,59.042485
2.885500,59.042326
2.885600,59.042016
2.885700,59.041978
2.885800,59.042058
2.885900,59.042087
2.886000,59.042219
2.886100,59.041910
2.886200,59.041902
2.886300,59.041662
2.886400,59.041870
2.886500,59.042098
2.886600,59.041000
2.886700,59.041252
2.886800,59.041770
2.886900,59.041292
2.887000,59.042308
2.887100,59.041960
2.887200,59.041507
2.887300,59.041511
2.887400,59.041865
2.887500,59.041682
2.887600,59.041496
2.887700,59.041255
2.887800,59.040609
2.887900,59.039782
2.888000,59.039575
2.888100,59.039390
2.888200,59.042315
2.888300,59.040980
2.888400,59.039645
2.888500,59.041476
2.888600,59.041247
2.888700,59.041288
2.888800,59.043713
2.888900,59.046628
2.889000,59.045666
2.889100,59.046392
2.889200,59.050448
2.889300,59.041517
2.889400,59.033855
2.889500,59.042724
2.889600,59.032789
2.889700,59.035673
2.889800,59.041958
2.889900,59.040236
2.890000,59.056433
2.890100,59.037648
2.890200,59.054912
2.890300,59.062845
2.890400,59.058735
2.890500,59.061779
2.890600,59.061658
2.890700,59.061200
2.890800,59.061337
2.890900,59.061342
2.891000,59.061940
2.891100,59.062050
2.891200,59.062547
2.891300,59.062047
2.891400,59.062824
2.891500,59.061739
2.891600,59.061708
2.891700,59.061187
2.891800,59.062140
2.891900,59.061895
2.892000,59.061484
2.892100,59.062084
2.892200,59.061207
2.892300,59.061186
2.892400,59.061534
2.892500,59.061212
2.892600,59.061195
2.892700,59.061244
2.892800,59.061244
2.892900,59.061067
2.893000,59.060783
2.893100,59.061054
2.893200,59.060924
2.893300,59.060445
2.893400,59.060706
2.893500,59.061038
2.893600,59.061106
2.893700,59.060610
2.893800,59.060787
2.893900,59.061233
2.894000,59.060846
2.894100,59.060523
2.894200,59.061165
2.894300,59.060464
2.894400,59.060420
2.894500,59.060292
2.894600,59.060069
2.894700,59.060353
2.894800,59.060719
2.894900,59.060202
2.895000,59.059679
2.895100,59.059404
2.895200,59.058883
2.895300,59.060117
2.895400,59.060344
2.895500,59.060036
2.895600,59.059873
2.895700,59.059664
2.895800,59.058184
2.895900,59.059436
2.896000,59.059402
2.896100,59.060918
2.896200,59.060812
2.896300,59.060299
2.896400,59.059457
2.896500,59.059516
2.896600,59.058712
2.896700,59.060836
2.896800,59.059345
2.896900,59.057269
2.897000,59.055110
2.897100,59.057983
2.897200,59.059538
2.897300,59.057377
2.897400,59.057271
2.897500,59.059075
2.897600,59.061435
2.897700,59.062369
2.897800,59.064628
2.897900,59.057563
2.898000,59.051822
2.898100,59.049597
2.898200,59.061530
2.898300,59.072797
2.898400,59.056207
2.898500,59.036647
2.898600,59.031984
2.898700,59.038816
2.898800,59.045385
2.898900,59.045933
2.899000,59.044862
2.899100,59.043776
2.899200,59.043438
2.899300,59.043291
2.899400,59.044104
2.899500,59.043090
2.899600,59.043637
2.899700,59.043136
2.899800,59.042558
2.899900,59.042833
2.900000,59.042825
2.900100,59.042462
2.900200,59.043402
2.900300,59.042834
2.900400,59.043158
2.900500,59.043394
2.900600,59.042747
2.900700,59.043025
2.900800,59.042932
2.900900,59.042901
2.901000,59.042656
2.901100,59.042618
2.901200,59.042934
2.901300,59.042606
2.901400,59.042277
2.901500,59.042115
2.901600,59.042417
2.901700,59.042389
2.901800,59.042607
2.901900,59.042044
2.902000,59.041757
2.902100,59.041841
2.902200,59.041847
2.902300,59.042105
2.902400,59.041470
2.902500,59.041277
2.902600,59.041474
2.902700,59.041801
2.902800,59.041672
2.902900,59.041718
2.903000,59.041696
2.903100,59.041894
2.903200,59.042033
2.903300,59.041941
2.903400,59.041111
2.903500,59.041386
2.903600,59.040747
2.903700,59.041128
2.903800,59.040666
2.903900,59.040204
2.904000,59.040675
2.904100,59.041409
2.904200,59.041662
2.904300,59.042061
2.904400,59.042261
2.904500,59.042975
2.904600,59.041874
2.904700,59.040097
2.904800,59.040159
2.904900,59.040028
2.905000,59.041077
2.905100,59.039758
2.905200,59.041665
2.905300,59.041050
2.905400,59.043474
2.905500,59.044994
2.905600,59.043612
2.905700,59.038581
2.905800,59.044730
2.905900,59.043051
2.906000,59.047900
2.906100,59.040087
2.906200,59.039906
2.906300,59.043510
2.906400,59.035552
2.906500,59.049577
2.906600,59.065701
2.906700,59.065785
2.906800,59.053885
2.906900,59.058732
2.907000,59.044783
2.907100,59.031982
2.907200,59.041739
2.907300,59.044659
2.907400,59.044409
2.907500,59.046986
2.907600,59.047011
2.907700,59.047156
2.907800,59.047172
2.907900,59.048792
2.908000,59.047302
2.908100,59.047606
2.908200,59.046690
2.908300,59.046554
2.908400,59.045995
2.908500,59.045884
2.908600,59.046091
2.908700,59.046070
2.908800,59.045682
2.908900,59.045897
2.909000,59.046199
2.909100,59.046945
2.909200,59.046278
2.909300,59.045715
2.909400,59.045708
2.909500,59.045568
2.909600,59.045377
2.909700,59.045747
2.909800,59.045809
2.909900,59.045640
2.910000,59.045477
2.910100,59.045585
2.910200,59.045502
2.910300,59.045493
2.910400,59.045624
2.910500,59.045903
2.910600,59.045243
2.910700,59.045103
2.910800,59.045012
2.910900,59.044776
2.911000,59.045119
2.911100,59.045161
2.911200,59.044691
2.911300,59.044856
2.911400,59.045005
2.911500,59.044631
2.911600,59.044665
2.911700,59.044921
2.911800,59.045056
2.911900,59.045804
2.912000,59.045038
2.912100,59.044789
2.912200,59.043949
2.912300,59.044778
2.912400,59.044378
2.912500,59.045511
2.912600,59.045540
2.912700,59.044495
2.912800,59.044232
2.912900,59.045440
2.913000,59.043982
2.913100,59.044152
2.913200,59.044575
2.913300,59.045147
2.913400,59.044392
2.913500,59.042816
2.913600,59.044148
2.913700,59.042518
2.913800,59.039322
2.913900,59.043430
2.914000,59.040666
2.914100,59.043415
2.914200,59.042945
2.914300,59.041831
2.914400,59.041704
2.914500,59.036562
2.914600,59.030408
2.914700,59.040573
2.914800,59.046211
2.914900,59.042834
2.915000,59.054489
2.915100,59.046614
2.915200,59.056581
2.915300,59.038370
2.915400,59.052590
2.915500,59.052023
2.915600,59.055240
2.915700,59.047972
2.915800,59.045623
2.915900,59.046468
2.916000,59.046009
2.916100,59.045871
2.916200,59.045372
2.916300,59.045182
2.916400,59.044640
2.916500,59.044745
2.916600,59.044573
2.916700,59.045697
2.916800,59.044985
2.916900,59.044378
2.917000,59.045435
2.917100,59.045198
2.917200,59.045398
2.917300,59.045192
2.917400,59.044510
2.917500,59.044257
2.917600,59.044119
2.917700,59.044673
2.917800,59.044228
2.917900,59.043863
2.918000,59.044173
2.918100,59.044185
2.918200,59.043751
2.918300,59.044281
2.918400,59.043728
2.918500,59.043908
2.918600,59.043480
2.918700,59.043698
2.918800,59.043589
2.918900,59.043795
2.919000,59.044053
2.919100,59.043825
2.919200,59.043642
2.919300,59.043167
2.919400,59.042975
2.919500,59.043539
2.919600,59.043085
2.919700,59.043814
2.919800,59.042937
2.919900,59.043342
2.920000,59.043028
2.920100,59.042841
2.920200,59.042885
2.920300,59.042781
2.920400,59.042737
2.920500,59.042157
2.920600,59.043013
2.920700,59.042509
2.920800,59.042639
2.920900,59.042863
2.921000,59.043026
2.921100,59.042633
2.921200,59.043655
2.921300,59.044167
2.921400,59.043807
2.921500,59.041949
2.921600,59.041368
2.921700,59.041895
2.921800,59.042691
2.921900,59.042419
2.922000,59.044059
2.922100,59.044251
2.922200,59.044401
2.922300,59.042878
2.922400,59.038856
2.922500,59.038615
2.922600,59.038656
2.922700,59.043925
2.922800,59.046058
2.922900,59.043984
2.923000,59.037271
2.923100,59.033442
2.923200,59.040351
2.923300,59.043303
2.923400,59.036157
2.923500,59.017981
2.923600,59.018752
2.923700,59.022069
2.923800,59.015101
2.923900,59.031916
2.924000,59.018323
2.924100,59.017447
2.924200,59.022751
2.924300,59.018596
2.924400,59.022695
2.924500,59.021947
2.924600,59.022202
2.924700,59.022406
2.924800,59.023609
2.924900,59.024867
2.925000,59.023472
2.925100,59.023371
2.925200,59.024742
2.925300,59.024158
2.925400,59.024288
2.925500,59.023834
2.925600,59.024141
2.925700,59.023451
2.925800,59.023629
2.925900,59.024278
2.926000,59.023845
2.926100,59.023656
2.926200,59.023859
2.926300,59.023684
2.926400,59.023598
2.926500,59.023195
2.926600,59.023398
2.926700,59.023277
2.926800,59.023543
2.926900,59.023565
2.927000,59.023435
2.927100,59.023254
2.927200,59.023110
2.927300,59.023307
2.927400,59.022731
2.927500,59.023052
2.927600,59.022798
2.927700,59.022291
2.927800,59.022398
2.927900,59.022263
2.928000,59.022226
2.928100,59.022669
2.928200,59.022438
2.928300,59.022113
2.928400,59.022020
2.928500,59.022097
2.928600,59.021926
2.928700,59.022287
2.928800,59.022053
2.928900,59.022654
2.929000,59.022642
2.929100,59.022010
2.929200,59.021403
2.929300,59.021768
2.929400,59.022760
2.929500,59.021851
2.929600,59.022208
2.929700,59.021843
2.929800,59.021909
2.929900,59.021943
2.930000,59.022608
2.930100,59.022748
2.930200,59.020750
2.930300,59.021526
2.930400,59.022249
2.930500,59.021012
2.930600,59.024015
2.930700,59.024249
2.930800,59.020891
2.930900,59.020168
2.931000,59.023262
2.931100,59.021497
2.931200,59.022856
2.931300,59.018830
2.931400,59.019577
2.931500,59.019513
2.931600,59.030588
2.931700,59.025939
2.931800,59.034689
2.931900,59.033795
2.932000,59.023937
2.932100,59.030013
2.932200,59.024185
2.932300,59.023935
2.932400,59.030448
2.932500,59.034265
2.932600,59.021172
2.932700,59.019412
2.932800,59.021170
2.932900,59.022733
2.933000,59.023359
2.933100,59.023197
2.933200,59.024136
2.933300,59.024367
2.933400,59.024226
2.933500,59.022718
2.933600,59.022656
2.933700,59.022208
2.933800,59.022370
2.933900,59.023107
2.934000,59.022279
2.934100,59.022519
2.934200,59.022380
2.934300,59.022346
2.934400,59.022624
2.934500,59.022176
2.934600,59.022312
2.934700,59.022156
2.934800,59.021956
2.934900,59.022200
2.935000,59.021631
2.935100,59.021697
2.935200,59.021794
2.935300,59.021552
2.935400,59.021976
2.935500,59.021889
2.935600,59.021730
2.935700,59.021924
2.935800,59.021794
2.935900,59.021934
2.936000,59.021705
2.936100,59.021470
2.936200,59.021139
2.936300,59.021507
2.936400,59.021738
2.936500,59.021207
2.936600,59.021127
2.936700,59.021182
2.936800,59.020951
2.936900,59.021158
2.937000,59.021341
2.937100,59.021520
2.937200,59.021750
2.937300,59.020907
2.937400,59.020339
2.937500,59.019986
2.937600,59.020353
2.937700,59.021224
2.937800,59.021128
2.937900,59.021426
2.938000,59.020862
2.938100,59.020844
2.938200,59.021306
2.938300,59.021219
2.938400,59.020542
2.938500,59.020650
2.938600,59.020446
2.938700,59.022594
2.938800,59.022057
2.938900,59.022370
2.939000,59.020340
2.939100,59.021812
2.939200,59.023472
2.939300,59.019579
2.939400,59.015466
2.939500,59.015141
2.939600,59.017761
2.939700,59.023212
2.939800,59.016444
2.939900,59.021680
2.940000,59.030166
2.940100,59.031096
2.940200,59.019399
2.940300,59.014854
2.940400,59.004842
2.940500,59.008648
2.940600,59.005766
2.940700,59.019691
2.940800,58.996853
2.940900,58.977418
2.941000,58.992942
2.941100,59.004541
2.941200,59.003990
2.941300,59.005794
2.941400,59.006531
2.941500,59.006000
2.941600,59.005819
2.941700,59.005767
2.941800,59.007385
2.941900,59.007222
2.942000,59.005560
2.942100,59.005005
2.942200,59.004507
2.942300,59.004485
2.942400,59.004557
2.942500,59.005353
2.942600,59.005932
2.942700,59.004982
2.942800,59.004791
2.942900,59.005158
2.943000,59.005358
2.943100,59.005059
2.943200,59.005307
2.943300,59.005136
2.943400,59.004715
2.943500,59.004713
2.943600,59.004624
2.943700,59.004773
2.943800,59.004595
2.943900,59.004776
2.944000,59.004901
2.944100,59.005168
2.944200,59.004757
2.944300,59.004132
2.944400,59.004310
2.944500,59.004619
2.944600,59.004386
2.944700,59.004216
2.944800,59.004524
2.944900,59.004184
2.945000,59.004552
2.945100,59.004328
2.945200,59.004341
2.945300,59.003733
2.945400,59.004296
2.945500,59.004225
2.945600,59.003656
2.945700,59.003811
2.945800,59.003938
2.945900,59.003287
2.946000,59.003629
2.946100,59.003467
2.946200,59.003483
2.946300,59.003677
2.946400,59.003238
2.946500,59.003117
2.946600,59.002653
2.946700,59.004273
2.946800,59.003321
2.946900,59.003259
2.947000,59.003801
2.947100,59.003863
2.947200,59.002055
2.947300,59.003798
2.947400,59.005928
2.947500,59.005538
2.947600,59.004159
2.947700,59.002919
2.947800,59.003942
2.947900,59.004378
2.948000,59.007060
2.948100,59.001939
2.948200,59.000479
2.948300,58.995605
2.948400,58.989014
2.948500,58.989941
2.948600,58.991799
2.948700,59.005016
2.948800,59.020176
2.948900,59.022237
2.949000,59.030593
2.949100,59.047478
2.949200,59.055516
2.949300,59.057405
2.949400,59.063059
2.949500,59.063231
2.949600,59.062813
2.949700,59.057344
2.949800,59.054951
2.949900,59.054093
2.950000,59.053727
2.950100,59.053459
2.950200,59.051878
2.950300,59.052830
2.950400,59.051997
2.950500,59.052728
2.950600,59.051687
2.950700,59.051930
2.950800,59.051852
2.950900,59.052126
2.951000,59.051907
2.951100,59.051900
2.951200,59.052317
2.951300,59.052402
2.951400,59.052879
2.951500,59.052037
2.951600,59.051758
2.951700,59.052158
2.951800,59.052493
2.951900,59.052662
2.952000,59.052203
2.952100,59.051931
2.952200,59.051758
2.952300,59.051648
2.952400,59.051646
2.952500,59.051770
2.952600,59.052003
2.952700,59.052177
2.952800,59.052003
2.952900,59.052211
2.953000,59.051676
2.953100,59.051339
2.953200,59.051412
2.953300,59.051642
2.953400,59.051747
2.953500,59.051765
2.953600,59.051665
2.953700,59.051712
2.953800,59.051118
2.953900,59.051227
2.954000,59.051218
2.954100,59.051650
2.954200,59.051692
2.954300,59.051625
2.954400,59.050714
2.954500,59.050529
2.954600,59.051545
2.954700,59.051228
2.954800,59.050344
2.954900,59.050430
2.955000,59.051067
2.955100,59.050785
2.955200,59.051410
2.955300,59.051179
2.955400,59.050615
2.955500,59.050531
2.955600,59.050786
2.955700,59.051852
2.955800,59.049878
2.955900,59.048784
2.956000,59.048892
2.956100,59.048277
2.956200,59.047555
2.956300,59.049480
2.956400,59.048031
2.956500,59.045828
2.956600,59.043800
2.956700,59.045657
2.956800,59.053964
2.956900,59.056555
2.957000,59.064770
2.957100,59.054120
2.957200,59.055064
2.957300,59.057361
2.957400,59.044501
2.957500,59.058317
2.957600,59.076894
2.957700,59.061830
2.957800,59.050678
2.957900,59.045889
2.958000,59.055937
2.958100,59.050057
2.958200,59.045850
2.958300,59.047797
2.958400,59.047879
2.958500,59.047571
2.958600,59.046935
2.958700,59.047149
2.958800,59.048031
2.958900,59.048665
2.959000,59.046820
2.959100,59.048057
2.959200,59.048700
2.959300,59.047881
2.959400,59.048251
2.959500,59.048377
2.959600,59.048110
2.959700,59.048194
2.959800,59.047953
2.959900,59.047728
2.960000,59.047613
2.960100,59.047773
2.960200,59.047761
2.960300,59.047594
2.960400,59.047417
2.960500,59.047462
2.960600,59.047351
2.960700,59.047423
2.960800,59.047332
2.960900,59.047651
2.961000,59.047378
2.961100,59.047242
2.961200,59.047331
2.961300,59.047294
2.961400,59.047473
2.961500,59.046995
2.961600,59.046805
2.961700,59.046770
2.961800,59.046831
2.961900,59.047521
2.962000,59.046990
2.962100,59.046544
2.962200,59.046540
2.962300,59.046549
2.962400,59.046876
2.962500,59.046723
2.962600,59.046528
2.962700,59.045908
2.962800,59.046700
2.962900,59.046485
2.963000,59.046835
2.963100,59.046096
2.963200,59.045878
2.963300,59.046533
2.963400,59.045173
2.963500,59.046746
2.963600,59.046783
2.963700,59.046655
2.963800,59.045770
2.963900,59.045699
2.964000,59.047590
2.964100,59.045667
2.964200,59.046283
2.964300,59.046908
2.964400,59.048087
2.964500,59.049027
2.964600,59.045749
2.964700,59.045074
2.964800,59.045514
2.964900,59.048210
2.965000,59.049157
2.965100,59.051989
2.965200,59.049994
2.965300,59.044496
2.965400,59.044380
2.965500,59.035044
2.965600,59.031778
2.965700,59.040143
2.965800,59.027964
2.965900,59.033067
2.966000,59.029732
2.966100,59.024213
2.966200,59.010284
2.966300,59.015959
2.966400,59.014291
2.966500,59.017582
2.966600,59.024415
2.966700,59.021860
2.966800,59.021313
2.966900,59.021504
2.967000,59.021607
2.967100,59.022254
2.967200,59.020926
2.967300,59.022553
2.967400,59.021985
2.967500,59.023497
2.967600,59.023333
2.967700,59.022266
2.967800,59.023298
2.967900,59.023195
2.968000,59.023090
2.968100,59.022655
2.968200,59.021924
2.968300,59.022028
2.968400,59.021861
2.968500,59.021955
2.968600,59.022236
2.968700,59.021917
2.968800,59.021766
2.968900,59.021969
2.969000,59.022264
2.969100,59.021578
2.969200,59.021460
2.969300,59.021826
2.969400,59.021895
2.969500,59.021365
2.969600,59.021766
2.969700,59.021545
2.969800,59.021175
2.969900,59.021122
2.970000,59.021599
2.970100,59.021256
2.970200,59.021441
2.970300,59.021490
2.970400,59.020938
2.970500,59.021153
2.970600,59.020809
2.970700,59.020719
2.970800,59.021151
2.970900,59.020819
2.971000,59.021114
2.971100,59.021211
2.971200,59.020341
2.971300,59.020395
2.971400,59.020679
2.971500,59.021158
2.971600,59.020407
2.971700,59.020485
2.971800,59.020059
2.971900,59.021156
2.972000,59.020304
2.972100,59.020639
2.972200,59.019906
2.972300,59.021265
2.972400,59.020300
2.972500,59.019950
2.972600,59.020320
2.972700,59.019146
2.972800,59.021167
2.972900,59.019733
2.973000,59.020112
2.973100,59.022060
2.973200,59.018295
2.973300,59.020336
2.973400,59.019447
2.973500,59.019583
2.973600,59.023166
2.973700,59.023111
2.973800,59.025603
2.973900,59.022112
2.974000,59.023568
2.974100,59.019477
2.974200,59.010151
2.974300,59.018318
2.974400,59.000178
2.974500,59.012413
2.974600,59.016827
2.974700,59.025116
2.974800,59.007824
2.974900,59.007210
2.975000,59.008682
2.975100,59.004080
2.975200,59.000700
2.975300,59.000637
2.975400,59.000766
2.975500,59.000679
2.975600,59.000142
2.975700,58.999121
2.975800,58.999153
2.975900,58.998825
2.976000,58.998784
2.976100,58.998582
2.976200,58.999018
2.976300,58.998707
2.976400,58.998918
2.976500,58.999883
2.976600,58.999226
2.976700,58.998324
2.976800,58.998295
2.976900,58.998440
2.977000,58.998129
2.977100,58.997966
2.977200,58.998588
2.977300,58.998645
2.977400,58.998280
2.977500,58.998030
2.977600,58.998161
2.977700,58.998252
2.977800,58.997918
2.977900,58.997625
2.978000,58.997699
2.978100,58.998059
2.978200,58.997906
2.978300,58.997996
2.978400,58.997615
2.978500,58.997492
2.978600,58.997382
2.978700,58.997498
2.978800,58.997181
2.978900,58.997634
2.979000,58.997075
2.979100,58.996263
2.979200,58.996496
2.979300,58.997030
2.979400,58.997114
2.979500,58.997645
2.979600,58.997217
2.979700,58.996855
2.979800,58.995978
2.979900,58.995762
2.980000,58.995455
2.980100,58.996323
2.980200,58.996713
2.980300,58.996385
2.980400,58.997718
2.980500,58.997765
2.980600,58.996649
2.980700,58.995805
2.980800,58.997086
2.980900,58.998291
2.981000,58.997210
2.981100,58.994764
2.981200,58.995885
2.981300,58.998144
2.981400,58.997372
2.981500,58.996628
2.981600,58.997495
2.981700,58.999744
2.981800,58.996677
2.981900,58.996607
2.982000,58.999409
2.982100,59.002536
2.982200,59.007184
2.982300,59.004872
2.982400,59.006050
2.982500,59.006904
2.982600,59.013519
2.982700,59.009083
2.982800,59.010315
2.982900,59.009562
2.983000,59.013913
2.983100,59.011670
2.983200,59.023800
2.983300,59.035917
2.983400,59.047633
2.983500,59.042013
2.983600,59.037333
2.983700,59.038599
2.983800,59.039334
2.983900,59.039109
2.984000,59.039275
2.984100,59.039069
2.984200,59.040088
2.984300,59.040756
2.984400,59.039719
2.984500,59.039657
2.984600,59.038146
2.984700,59.037958
2.984800,59.037993
2.984900,59.038780
2.985000,59.038468
2.985100,59.038342
2.985200,59.038524
2.985300,59.039058
2.985400,59.038149
2.985500,59.038055
2.985600,59.038002
2.985700,59.037956
2.985800,59.037590
2.985900,59.038175
2.986000,59.038120
2.986100,59.038075
2.986200,59.037900
2.986300,59.037489
2.986400,59.037533
2.986500,59.037909
2.986600,59.037860
2.986700,59.037658
2.986800,59.037568
2.986900,59.037299
2.987000,59.037741
2.987100,59.037216
2.987200,59.037394
2.987300,59.037352
2.987400,59.037176
2.987500,59.037076
2.987600,59.037316
2.987700,59.037307
2.987800,59.037509
2.987900,59.036775
2.988000,59.036569
2.988100,59.036729
2.988200,59.036359
2.988300,59.036824
2.988400,59.036623
2.988500,59.037122
2.988600,59.036648
2.988700,59.036670
2.988800,59.036527
2.988900,59.036598
2.989000,59.037711
2.989100,59.037167
2.989200,59.037327
2.989300,59.036296
2.989400,59.036027
2.989500,59.035114
2.989600,59.034356
2.989700,59.033326
2.989800,59.035672
2.989900,59.033960
2.990000,59.034627
2.990100,59.034866
2.990200,59.037668
2.990300,59.038127
2.990400,59.038340
2.990500,59.035251
2.990600,59.030208
2.990700,59.025322
2.990800,59.026105
2.990900,59.026105
2.991000,59.031479
2.991100,59.046280
2.991200,59.039935
2.991300,59.041177
2.991400,59.032559
2.991500,59.009626
2.991600,59.009132
2.991700,58.992044
2.991800,59.006928
2.991900,59.009722
2.992000,59.010963
2.992100,59.012294
2.992200,59.011535
2.992300,59.011278
2.992400,59.011255
2.992500,59.012325
2.992600,59.011145
2.992700,59.012825
2.992800,59.011442
2.992900,59.011414
2.993000,59.011238
2.993100,59.011022
2.993200,59.010690
2.993300,59.011366
2.993400,59.011344
2.993500,59.010839
2.993600,59.010646
2.993700,59.011107
2.993800,59.011122
2.993900,59.010641
2.994000,59.010472
2.994100,59.010601
2.994200,59.010410
2.994300,59.010338
2.994400,59.010625
2.994500,59.010142
2.994600,59.010219
2.994700,59.010568
2.994800,59.010480
2.994900,59.010322
2.995000,59.010060
2.995100,59.010449
2.995200,59.009733
2.995300,59.009969
2.995400,59.009689
2.995500,59.009970
2.995600,59.009927
2.995700,59.009747
2.995800,59.009278
2.995900,59.009205
2.996000,59.009209
2.996100,59.009335
2.996200,59.009384
2.996300,59.009247
2.996400,59.009436
2.996500,59.009845
2.996600,59.010028
2.996700,59.009307
2.996800,59.008492
2.996900,59.009058
2.997000,59.009142
2.997100,59.009109
2.997200,59.009042
2.997300,59.010007
2.997400,59.008786
2.997500,59.009711
2.997600,59.008629
2.997700,59.009711
2.997800,59.007792
2.997900,59.009814
2.998000,59.009920
2.998100,59.009353
2.998200,59.009040
2.998300,59.009667
2.998400,59.008376
2.998500,59.007870
2.998600,59.009412
2.998700,59.011585
2.998800,59.010159
2.998900,59.013487
2.999000,59.009725
2.999100,59.008211
2.999200,58.999752
2.999300,59.007235
2.999400,59.006514
2.999500,58.998005
2.999600,58.998196
2.999700,59.001545
2.999800,58.993192
2.999900,58.983418
3.000000,58.986883
3.000100,59.004307
3.000200,59.016275
3.000300,59.029170
3.000400,59.018865
3.000500,59.014175
3.000600,59.009505
3.000700,59.008360
3.000800,59.008847
3.000900,59.008785
3.001000,59.008065
3.001100,59.008694
3.001200,59.009810
3.001300,59.008574
3.001400,59.007210
3.001500,59.007760
3.001600,59.008072
3.001700,59.008850
3.001800,59.008931
3.001900,59.008558
3.002000,59.009284
3.002100,59.009180
3.002200,59.008901
3.002300,59.008783
3.002400,59.008344
3.002500,59.008822
3.002600,59.008549
3.002700,59.007944
3.002800,59.008159
3.002900,59.007542
3.003000,59.007756
3.003100,59.007909
3.003200,59.008193
3.003300,59.008307
3.003400,59.008013
3.003500,59.007585
3.003600,59.007761
3.003700,59.008028
3.003800,59.007720
3.003900,59.007868
3.004000,59.007471
3.004100,59.007680
3.004200,59.007743
3.004300,59.007618
3.004400,59.007620
3.004500,59.007823
3.004600,59.007290
3.004700,59.006892
3.004800,59.007042
3.004900,59.006701
3.005000,59.007233
3.005100,59.007063
3.005200,59.006142
3.005300,59.006176
3.005400,59.007361
3.005500,59.006755
3.005600,59.007314
3.005700,59.007308
3.005800,59.006873
3.005900,59.006881
3.006000,59.007395
3.006100,59.006173
3.006200,59.006563
3.006300,59.007383
3.006400,59.005844
3.006500,59.007212
3.006600,59.008138
3.006700,59.005422
3.006800,59.006429
3.006900,59.006654
3.007000,59.005737
3.007100,59.005013
3.007200,59.009647
3.007300,59.011241
3.007400,59.007934
3.007500,59.004067
3.007600,59.002302
3.007700,58.998362
3.007800,59.000363
3.007900,59.002185
3.008000,59.005042
3.008100,59.012959
3.008200,58.998619
3.008300,58.987005
3.008400,58.974262
3.008500,58.961785
3.008600,58.970938
3.008700,58.951697
3.008800,58.950335
3.008900,58.948131
3.009000,58.945335
3.009100,58.945618
3.009200,58.947444
3.009300,58.946899
3.009400,58.946257
3.009500,58.945367
3.009600,58.945573
3.009700,58.944535
3.009800,58.946235
3.009900,58.945644
3.010000,58.945919
3.010100,58.944868
3.010200,58.944840
3.010300,58.944051
3.010400,58.944348
3.010500,58.944124
3.010600,58.944174
3.010700,58.943813
3.010800,58.944030
3.010900,58.944496
3.011000,58.944060
3.011100,58.943978
3.011200,58.944176
3.011300,58.944327
3.011400,58.943933
3.011500,58.943734
3.011600,58.944014
3.011700,58.943668
3.011800,58.943936
3.011900,58.943710
3.012000,58.943737
3.012100,58.943839
3.012200,58.943452
3.012300,58.943530
3.012400,58.942988
3.012500,58.943178
3.012600,58.943294
3.012700,58.942703
3.012800,58.942737
3.012900,58.942743
3.013000,58.943416
3.013100,58.942576
3.013200,58.942865
3.013300,58.943134
3.013400,58.943466
3.013500,58.943380
3.013600,58.943149
3.013700,58.943247
3.013800,58.942876
3.013900,58.942726
3.014000,58.942710
3.014100,58.942851
3.014200,58.942237
3.014300,58.942631
3.014400,58.943023
3.014500,58.944184
3.014600,58.943860
3.014700,58.941865
3.014800,58.942175
3.014900,58.941572
3.015000,58.943594
3.015100,58.943962
3.015200,58.943036
3.015300,58.942627
3.015400,58.943495
3.015500,58.939983
3.015600,58.938770
3.015700,58.938227
3.015800,58.940606
3.015900,58.939647
3.016000,58.939088
3.016100,58.941644
3.016200,58.944533
3.016300,58.949769
3.016400,58.949440
3.016500,58.941256
3.016600,58.955116
3.016700,58.950329
3.016800,58.953349
3.016900,58.947770
3.017000,58.953155
3.017100,58.967326
3.017200,58.977177
3.017300,58.962348
3.017400,58.961162
3.017500,58.963087
3.017600,58.966134
3.017700,58.966834
3.017800,58.966768
3.017900,58.967474
3.018000,58.966097
3.018100,58.967312
3.018200,58.966938
3.018300,58.965487
3.018400,58.965515
3.018500,58.966597
3.018600,58.966367
3.018700,58.966376
3.018800,58.966585
3.018900,58.965846
3.019000,58.966279
3.019100,58.966476
3.019200,58.965777
3.019300,58.965380
3.019400,58.965411
3.019500,58.965619
3.019600,58.965748
3.019700,58.965534
3.019800,58.965413
3.019900,58.965289
3.020000,58.965654
3.020100,58.965724
3.020200,58.965591
3.020300,58.965556
3.020400,58.966004
3.020500,58.965274
3.020600,58.965314
3.020700,58.965344
3.020800,58.965086
3.020900,58.965019
3.021000,58.965322
3.021100,58.964744
3.021200,58.964713
3.021300,58.964366
3.021400,58.964775
3.021500,58.965082
3.021600,58.965356
3.021700,58.965333
3.021800,58.964802
3.021900,58.964424
3.022000,58.964530
3.022100,58.965144
3.022200,58.965680
3.022300,58.964566
3.022400,58.963958
3.022500,58.963445
3.022600,58.964548
3.022700,58.964679
3.022800,58.963686
3.022900,58.964390
3.023000,58.963569
3.023100,58.963499
3.023200,58.965404
3.023300,58.964682
3.023400,58.966354
3.023500,58.966300
3.023600,58.965696
3.023700,58.964469
3.023800,58.961850
3.023900,58.963116
3.024000,58.965457
3.024100,58.966225
3.024200,58.967237
3.024300,58.968091
3.024400,58.963687
3.024500,58.959654
3.024600,58.956174
3.024700,58.963960
3.024800,58.961882
3.024900,58.956474
3.025000,58.968991
3.025100,58.976360
3.025200,58.978794
3.025300,58.994064
3.025400,59.015673
3.025500,59.025477
3.025600,59.020810
3.025700,59.011634
3.025800,59.013188
3.025900,59.008350
3.026000,59.012053
3.026100,59.010672
3.026200,59.011115
3.026300,59.011089
3.026400,59.010860
3.026500,59.012277
3.026600,59.011535
3.026700,59.012246
3.026800,59.012318
3.026900,59.011225
3.027000,59.011661
3.027100,59.011639
3.027200,59.011552
3.027300,59.010435
3.027400,59.010824
3.027500,59.011083
3.027600,59.010298
3.027700,59.010574
3.027800,59.010578
3.027900,59.010963
3.028000,59.010402
3.028100,59.010555
3.028200,59.010330
3.028300,59.010661
3.028400,59.010482
3.028500,59.010393
3.028600,59.009974
3.028700,59.010159
3.028800,59.010275
3.028900,59.010105
3.029000,59.009597
3.029100,59.009620
3.029200,59.009806
3.029300,59.009835
3.029400,59.009581
3.029500,59.009999
3.029600,59.009830
3.029700,59.009779
3.029800,59.009680
3.029900,59.009827
3.030000,59.009939
3.030100,59.009679
3.030200,59.009188
3.030300,59.009316
3.030400,59.009427
3.030500,59.008936
3.030600,59.008959
3.030700,59.009661
3.030800,59.009617
3.030900,59.009760
3.031000,59.009752
3.031100,59.008587
3.031200,59.009430
3.031300,59.010104
3.031400,59.010626
3.031500,59.009530
3.031600,59.009696
3.031700,59.007609
3.031800,59.007880
3.031900,59.008661
3.032000,59.010264
3.032100,59.009410
3.032200,59.007211
3.032300,59.009383
3.032400,59.005786
3.032500,59.008188
3.032600,59.007002
3.032700,59.007113
3.032800,59.004849
3.032900,59.011368
3.033000,59.006364
3.033100,58.997569
3.033200,58.999665
3.033300,59.000788
3.033400,58.994867
3.033500,58.985034
3.033600,58.969864
3.033700,58.969693
3.033800,58.958619
3.033900,58.975924
3.034000,58.995426
3.034100,58.987826
3.034200,58.982246
3.034300,58.980894
3.034400,58.986120
3.034500,58.984213
3.034600,58.982108
3.034700,58.981553
3.034800,58.981584
3.034900,58.981660
3.035000,58.981940
3.035100,58.981654
3.035200,58.982368
3.035300,58.981732
3.035400,58.980543
3.035500,58.980455
3.035600,58.980977
3.035700,58.979830
3.035800,58.980477
3.035900,58.980879
3.036000,58.980320
3.036100,58.979985
3.036200,58.980115
3.036300,58.980313
3.036400,58.979940
3.036500,58.980153
3.036600,58.980302
3.036700,58.980347
3.036800,58.980303
3.036900,58.979849
3.037000,58.979649
3.037100,58.979651
3.037200,58.980058
3.037300,58.980051
3.037400,58.979859
3.037500,58.979293
3.037600,58.979207
3.037700,58.979436
3.037800,58.979500
3.037900,58.979579
3.038000,58.979440
3.038100,58.979378
3.038200,58.979183
3.038300,58.979459
3.038400,58.978760
3.038500,58.978892
3.038600,58.979559
3.038700,58.978988
3.038800,58.979320
3.038900,58.978971
3.039000,58.978265
3.039100,58.978081
3.039200,58.978932
3.039300,58.978607
3.039400,58.978452
3.039500,58.977570
3.039600,58.978160
3.039700,58.978267
3.039800,58.978138
3.039900,58.979374
3.040000,58.978792
3.040100,58.977577
3.040200,58.978195
3.040300,58.978209
3.040400,58.976891
3.040500,58.978874
3.040600,58.978138
3.040700,58.978802
3.040800,58.979316
3.040900,58.977859
3.041000,58.979734
3.041100,58.978274
3.041200,58.980637
3.041300,58.981637
3.041400,58.979305
3.041500,58.986199
3.041600,58.982286
3.041700,58.982551
3.041800,58.977343
3.041900,58.982734
3.042000,58.986472
3.042100,58.974267
3.042200,58.986830
3.042300,58.978197
3.042400,58.995018
3.042500,59.003156
3.042600,58.988399
3.042700,59.002418
3.042800,58.999701
3.042900,59.004694
3.043000,59.000616
3.043100,59.000775
3.043200,59.000821
3.043300,59.000779
3.043400,59.001570
3.043500,59.001186
3.043600,58.999674
3.043700,59.001007
3.043800,59.000499
3.043900,59.001868
3.044000,59.000958
3.044100,59.001130
3.044200,59.001092
3.044300,59.000330
3.044400,59.000695
3.044500,59.001340
3.044600,59.001038
3.044700,59.001191
3.044800,59.000981
3.044900,59.000592
3.045000,59.000493
3.045100,59.000347
3.045200,59.000181
3.045300,59.000087
3.045400,59.000338
3.045500,59.000021
3.045600,59.000133
3.045700,59.000411
3.045800,59.000443
3.045900,59.000382
3.046000,58.999857
3.046100,59.000195
3.046200,59.000105
3.046300,59.000402
3.046400,59.000252
3.046500,58.999829
3.046600,58.999503
3.046700,58.999359
3.046800,58.999638
3.046900,58.999195
3.047000,58.999652
3.047100,58.999787
3.047200,58.999974
3.047300,58.999875
3.047400,58.999970
3.047500,58.999301
3.047600,58.999111
3.047700,58.999305
3.047800,58.998942
3.047900,58.999541
3.048000,58.998977
3.048100,58.998714
3.048200,58.997901
3.048300,58.998764
3.048400,58.999077
3.048500,58.998209
3.048600,58.997260
3.048700,58.999000
3.048800,58.997829
3.048900,58.998810
3.049000,58.999101
3.049100,58.998891
3.049200,58.999245
3.049300,58.998204
3.049400,58.996321
3.049500,58.996290
3.049600,58.996596
3.049700,58.996921
3.049800,58.997028
3.049900,58.999834
3.050000,58.997274
3.050100,58.998887
3.050200,58.992330
3.050300,58.993953
3.050400,58.995304
3.050500,59.001196
3.050600,58.997331
3.050700,58.996280
3.050800,58.995249
3.050900,59.005408
3.051000,58.986777
3.051100,58.969105
3.051200,58.955986
3.051300,58.964157
3.051400,58.967255
3.051500,58.964646
3.051600,58.965197
3.051700,58.965298
3.051800,58.964059
3.051900,58.964119
3.052000,58.963366
3.052100,58.964127
3.052200,58.963450
3.052300,58.962534
3.052400,58.962632
3.052500,58.961777
3.052600,58.962505
3.052700,58.962667
3.052800,58.962192
3.052900,58.962662
3.053000,58.961797
3.053100,58.961570
3.053200,58.961742
3.053300,58.961735
3.053400,58.961978
3.053500,58.962132
3.053600,58.961854
3.053700,58.962240
3.053800,58.962074
3.053900,58.961986
3.054000,58.962014
3.054100,58.961399
3.054200,58.961673
3.054300,58.961448
3.054400,58.961543
3.054500,58.961658
3.054600,58.961249
3.054700,58.961700
3.054800,58.961166
3.054900,58.961153
3.055000,58.961083
3.055100,58.961128
3.055200,58.961229
3.055300,58.961509
3.055400,58.960817
3.055500,58.960941
3.055600,58.960798
3.055700,58.961129
3.055800,58.961193
3.055900,58.961015
3.056000,58.960695
3.056100,58.960203
3.056200,58.960595
3.056300,58.961150
3.056400,58.960462
3.056500,58.959902
3.056600,58.960231
3.056700,58.961257
3.056800,58.960965
3.056900,58.961007
3.057000,58.960432
3.057100,58.960975
3.057200,58.961603
3.057300,58.960239
3.057400,58.958764
3.057500,58.959196
3.057600,58.961280
3.057700,58.958658
3.057800,58.961396
3.057900,58.958423
3.058000,58.956917
3.058100,58.961541
3.058200,58.960417
3.058300,58.963690
3.058400,58.965921
3.058500,58.968889
3.058600,58.960417
3.058700,58.962040
3.058800,58.965000
3.058900,58.967449
3.059000,58.972957
3.059100,58.965361
3.059200,58.963694
3.059300,58.964938
3.059400,58.958325
3.059500,58.961117
3.059600,58.963918
3.059700,58.962204
3.059800,58.961388
3.059900,58.964300
3.060000,58.963948
3.060100,58.964656
3.060200,58.964635
3.060300,58.964474
3.060400,58.965297
3.060500,58.964286
3.060600,58.964955
3.060700,58.964865
3.060800,58.964696
3.060900,58.965054
3.061000,58.965985
3.061100,58.965472
3.061200,58.965367
3.061300,58.964946
3.061400,58.964750
3.061500,58.964695
3.061600,58.965317
3.061700,58.965180
3.061800,58.964844
3.061900,58.965029
3.062000,58.964587
3.062100,58.964911
3.062200,58.964637
3.062300,58.964420
3.062400,58.964334
3.062500,58.964050
3.062600,58.964117
3.062700,58.964366
3.062800,58.964039
3.062900,58.963956
3.063000,58.963677
3.063100,58.963797
3.063200,58.964213
3.063300,58.963821
3.063400,58.964113
3.063500,58.964645
3.063600,58.964157
3.063700,58.963745
3.063800,58.963692
3.063900,58.963171
3.064000,58.962999
3.064100,58.963393
3.064200,58.963039
3.064300,58.963248
3.064400,58.963312
3.064500,58.963541
3.064600,58.962916
3.064700,58.963114
3.064800,58.963046
3.064900,58.963645
3.065000,58.962305
3.065100,58.963256
3.065200,58.963155
3.065300,58.963399
3.065400,58.962624
3.065500,58.962745
3.065600,58.962971
3.065700,58.962281
3.065800,58.963510
3.065900,58.964215
3.066000,58.962006
3.066100,58.960274
3.066200,58.963353
3.066300,58.964462
3.066400,58.965484
3.066500,58.965353
3.066600,58.961395
3.066700,58.965369
3.066800,58.961781
3.066900,58.961199
3.067000,58.961287
3.067100,58.956648
3.067200,58.966994
3.067300,58.954809
3.067400,58.969301
3.067500,58.956997
3.067600,58.967950
3.067700,58.985710
3.067800,58.981776
3.067900,58.988736
3.068000,58.993131
3.068100,58.984855
3.068200,58.975290
3.068300,58.982625
3.068400,58.976810
3.068500,58.977863
3.068600,58.977724
3.068700,58.977716
3.068800,58.977172
3.068900,58.976996
3.069000,58.978416
3.069100,58.977761
3.069200,58.977464
3.069300,58.977310
3.069400,58.977245
3.069500,58.977051
3.069600,58.976947
3.069700,58.977466
3.069800,58.978267
3.069900,58.977672
3.070000,58.977706
3.070100,58.977450
3.070200,58.977159
3.070300,58.977045
3.070400,58.977292
3.070500,58.976890
3.070600,58.976824
3.070700,58.976582
3.070800,58.976835
3.070900,58.977143
3.071000,58.977078
3.071100,58.976519
3.071200,58.976499
3.071300,58.976747
3.071400,58.976839
3.071500,58.976736
3.071600,58.976524
3.071700,58.975925
3.071800,58.976355
3.071900,58.976496
3.072000,58.976215
3.072100,58.976515
3.072200,58.977044
3.072300,58.976626
3.072400,58.976257
3.072500,58.976310
3.072600,58.975597
3.072700,58.976258
3.072800,58.975952
3.072900,58.976177
3.073000,58.976467
3.073100,58.976017
3.073200,58.976031
3.073300,58.976630
3.073400,58.976078
3.073500,58.975444
3.073600,58.975555
3.073700,58.974916
3.073800,58.975401
3.073900,58.974315
3.074000,58.975623
3.074100,58.974685
3.074200,58.975568
3.074300,58.974730
3.074400,58.974752
3.074500,58.977468
3.074600,58.976504
3.074700,58.975083
3.074800,58.974977
3.074900,58.973903
3.075000,58.975873
3.075100,58.973717
3.075200,58.975333
3.075300,58.973544
3.075400,58.974176
3.075500,58.972641
3.075600,58.971991
3.075700,58.967544
3.075800,58.966390
3.075900,58.960747
3.076000,58.970764
3.076100,58.971681
3.076200,58.963554
3.076300,58.980994
3.076400,58.961395
3.076500,58.970576
3.076600,58.980058
3.076700,58.977943
3.076800,58.980017
3.076900,58.975215
3.077000,58.974559
3.077100,58.974313
3.077200,58.974519
3.077300,58.973804
3.077400,58.974214
3.077500,58.973992
3.077600,58.974501
3.077700,58.974307
3.077800,58.973384
3.077900,58.972860
3.078000,58.973434
3.078100,58.973249
3.078200,58.973097
3.078300,58.972630
3.078400,58.972735
3.078500,58.973029
3.078600,58.972389
3.078700,58.972611
3.078800,58.972822
3.078900,58.972442
3.079000,58.972902
3.079100,58.972649
3.079200,58.972171
3.079300,58.972443
3.079400,58.972264
3.079500,58.972052
3.079600,58.972395
3.079700,58.972096
3.079800,58.972367
3.079900,58.971722
3.080000,58.972289
3.080100,58.971773
3.080200,58.971855
3.080300,58.972118
3.080400,58.972014
3.080500,58.971809
3.080600,58.971989
3.080700,58.971688
3.080800,58.971499
3.080900,58.971306
3.081000,58.971253
3.081100,58.971115
3.081200,58.971803
3.081300,58.971495
3.081400,58.971586
3.081500,58.971400
3.081600,58.971303
3.081700,58.970760
3.081800,58.970637
3.081900,58.971695
3.082000,58.970984
3.082100,58.971213
3.082200,58.970629
3.082300,58.971224
3.082400,58.971456
3.082500,58.971373
3.082600,58.970513
3.082700,58.971049
3.082800,58.968981
3.082900,58.967060
3.083000,58.968052
3.083100,58.966367
3.083200,58.967513
3.083300,58.968310
3.083400,58.970955
3.083500,58.969510
3.083600,58.971792
3.083700,58.977348
3.083800,58.975793
3.083900,58.971686
3.084000,58.970250
3.084100,58.966145
3.084200,58.955599
3.084300,58.950769
3.084400,58.946355
3.084500,58.950771
3.084600,58.944883
3.084700,58.950089
3.084800,58.943331
3.084900,58.924048
3.085000,58.925458
3.085100,58.918565
3.085200,58.928485
3.085300,58.923947
3.085400,58.926486
3.085500,58.927319
3.085600,58.926848
3.085700,58.927013
3.085800,58.927129
3.085900,58.926960
3.086000,58.927051
3.086100,58.927529
3.086200,58.926974
3.086300,58.926588
3.086400,58.927086
3.086500,58.927196
3.086600,58.926042
3.086700,58.925860
3.086800,58.926325
3.086900,58.926067
3.087000,58.925997
3.087100,58.926085
3.087200,58.925957
3.087300,58.926204
3.087400,58.926084
3.087500,58.925917
3.087600,58.926071
3.087700,58.925749
3.087800,58.925592
3.087900,58.925901
3.088000,58.925451
3.088100,58.925309
3.088200,58.925617
3.088300,58.925597
3.088400,58.925415
3.088500,58.925581
3.088600,58.925029
3.088700,58.925106
3.088800,58.925318
3.088900,58.925556
3.089000,58.925376
3.089100,58.924756
3.089200,58.924712
3.089300,58.924837
3.089400,58.925109
3.089500,58.924753
3.089600,58.924720
3.089700,58.925082
3.089800,58.924473
3.089900,58.923773
3.090000,58.924679
3.090100,58.924511
3.090200,58.924143
3.090300,58.923858
3.090400,58.923968
3.090500,58.924151
3.090600,58.924868
3.090700,58.925036
3.090800,58.923386
3.090900,58.923578
3.091000,58.923372
3.091100,58.923201
3.091200,58.923478
3.091300,58.924832
3.091400,58.923854
3.091500,58.926607
3.091600,58.926384
3.091700,58.924481
3.091800,58.926446
3.091900,58.924945
3.092000,58.923418
3.092100,58.923806
3.092200,58.928103
3.092300,58.928636
3.092400,58.921665
3.092500,58.923125
3.092600,58.928276
3.092700,58.917267
3.092800,58.924121
3.092900,58.939900
3.093000,58.949739
3.093100,58.946058
3.093200,58.943041
3.093300,58.933485
3.093400,58.944696
3.093500,58.942699
3.093600,58.941499
3.093700,58.943417
3.093800,58.946185
3.093900,58.946212
3.094000,58.946395
3.094100,58.946451
3.094200,58.946316
3.094300,58.946983
3.094400,58.946328
3.094500,58.945533
3.094600,58.946104
3.094700,58.945694
3.094800,58.944902
3.094900,58.945173
3.095000,58.945322
3.095100,58.945665
3.095200,58.945111
3.095300,58.945316
3.095400,58.945592
3.095500,58.945782
3.095600,58.945581
3.095700,58.945235
3.095800,58.945075
3.095900,58.944844
3.096000,58.944719
3.096100,58.944637
3.096200,58.944872
3.096300,58.945215
3.096400,58.945050
3.096500,58.945056
3.096600,58.944424
3.096700,58.944580
3.096800,58.944798
3.096900,58.944412
3.097000,58.944241
3.097100,58.944414
3.097200,58.944307
3.097300,58.944337
3.097400,58.944420
3.097500,58.944550
3.097600,58.944509
3.097700,58.944389
3.097800,58.943764
3.097900,58.943631
3.098000,58.943758
3.098100,58.944194
3.098200,58.944052
3.098300,58.944347
3.098400,58.944206
3.098500,58.943455
3.098600,58.943484
3.098700,58.943543
3.098800,58.943633
3.098900,58.943724
3.099000,58.944649
3.099100,58.943377
3.099200,58.944044
3.099300,58.943911
3.099400,58.944598
3.099500,58.943143
3.099600,58.943024
3.099700,58.943154
3.099800,58.941452
3.099900,58.942990
3.100000,58.945725
3.100100,58.942801
3.100200,58.943829
3.100300,58.942798
3.100400,58.943822
3.100500,58.942339
3.100600,58.947156
3.100700,58.950032
3.100800,58.948455
3.100900,58.946370
3.101000,58.945669
3.101100,58.954452
3.101200,58.941733
3.101300,58.932464
3.101400,58.945469
3.101500,58.924783
3.101600,58.931094
3.101700,58.933898
3.101800,58.936884
3.101900,58.929770
3.102000,58.922761
3.102100,58.930866
3.102200,58.934497
3.102300,58.939664
3.102400,58.936510
3.102500,58.936710
3.102600,58.937007
3.102700,58.935948
3.102800,58.936576
3.102900,58.937143
3.103000,58.936782
3.103100,58.935290
3.103200,58.935612
3.103300,58.936816
3.103400,58.936036
3.103500,58.935341
3.103600,58.935941
3.103700,58.935456
3.103800,58.934932
3.103900,58.935066
3.104000,58.935537
3.104100,58.935635
3.104200,58.935323
3.104300,58.935224
3.104400,58.934988
3.104500,58.935036
3.104600,58.934922
3.104700,58.934876
3.104800,58.934986
3.104900,58.934900
3.105000,58.935193
3.105100,58.934992
3.105200,58.935088
3.105300,58.934757
3.105400,58.934780
3.105500,58.934197
3.105600,58.934533
3.105700,58.934284
3.105800,58.934020
3.105900,58.934428
3.106000,58.934730
3.106100,58.934760
3.106200,58.934166
3.106300,58.934511
3.106400,58.934509
3.106500,58.934879
3.106600,58.934846
3.106700,58.934600
3.106800,58.933812
3.106900,58.933598
3.107000,58.934179
3.107100,58.934059
3.107200,58.934267
3.107300,58.933967
3.107400,58.934639
3.107500,58.934298
3.107600,58.935002
3.107700,58.935064
3.107800,58.933417
3.107900,58.934438
3.108000,58.933340
3.108100,58.933899
3.108200,58.933857
3.108300,58.932015
3.108400,58.934683
3.108500,58.933871
3.108600,58.932943
3.108700,58.934795
3.108800,58.936046
3.108900,58.932018
3.109000,58.931724
3.109100,58.934353
3.109200,58.933117
3.109300,58.939675
3.109400,58.944504
3.109500,58.942060
3.109600,58.941617
3.109700,58.942640
3.109800,58.944254
3.109900,58.950065
3.110000,58.969081
3.110100,58.955982
3.110200,58.949359
3.110300,58.963443
3.110400,58.971025
3.110500,58.980896
3.110600,58.974843
3.110700,58.978872
3.110800,58.980285
3.110900,58.979791
3.111000,58.979764
3.111100,58.979879
3.111200,58.981047
3.111300,58.980175
3.111400,58.980236
3.111500,58.980468
3.111600,58.979042
3.111700,58.977489
3.111800,58.978242
3.111900,58.979506
3.112000,58.980458
3.112100,58.979243
3.112200,58.979042
3.112300,58.979167
3.112400,58.978714
3.112500,58.978671
3.112600,58.978463
3.112700,58.978624
3.112800,58.978938
3.112900,58.979142
3.113000,58.978885
3.113100,58.978763
3.113200,58.978614
3.113300,58.978781
3.113400,58.978104
3.113500,58.978332
3.113600,58.978299
3.113700,58.978240
3.113800,58.978081
3.113900,58.977895
3.114000,58.978538
3.114100,58.978421
3.114200,58.977894
3.114300,58.977547
3.114400,58.977599
3.114500,58.977810
3.114600,58.977950
3.114700,58.978176
3.114800,58.978235
3.114900,58.977640
3.115000,58.977709
3.115100,58.977680
3.115200,58.978055
3.115300,58.977073
3.115400,58.978143
3.115500,58.977818
3.115600,58.977842
3.115700,58.978111
3.115800,58.977799
3.115900,58.977223
3.116000,58.976347
3.116100,58.976299
3.116200,58.977959
3.116300,58.978681
3.116400,58.978901
3.116500,58.979513
3.116600,58.977515
3.116700,58.975754
3.116800,58.976142
3.116900,58.975413
3.117000,58.976956
3.117100,58.974625
3.117200,58.974586
3.117300,58.974727
3.117400,58.973182
3.117500,58.969693
3.117600,58.975431
3.117700,58.970946
3.117800,58.978415
3.117900,58.975171
3.118000,58.973266
3.118100,58.974507
3.118200,58.976194
3.118300,58.982917
3.118400,58.967674
3.118500,58.975472
3.118600,58.962910
3.118700,58.953298
3.118800,58.947550
3.118900,58.956222
3.119000,58.945774
3.119100,58.955001
3.119200,58.955399
3.119300,58.951924
3.119400,58.952025
3.119500,58.951498
3.119600,58.951274
3.119700,58.951326
3.119800,58.951721
3.119900,58.950196
3.120000,58.950345
3.120100,58.950628
3.120200,58.950495
3.120300,58.950542
3.120400,58.951101
3.120500,58.950367
3.120600,58.950862
3.120700,58.950555
3.120800,58.949653
3.120900,58.949340
3.121000,58.949651
3.121100,58.949463
3.121200,58.949539
3.121300,58.949946
3.121400,58.949952
3.121500,58.949787
3.121600,58.949792
3.121700,58.949286
3.121800,58.949287
3.121900,58.949235
3.122000,58.949444
3.122100,58.949471
3.122200,58.949460
3.122300,58.949644
3.122400,58.949356
3.122500,58.949385
3.122600,58.949184
3.122700,58.949361
3.122800,58.948761
3.122900,58.948666
3.123000,58.948696
3.123100,58.949084
3.123200,58.948760
3.123300,58.949097
3.123400,58.948565
3.123500,58.949156
3.123600,58.948836
3.123700,58.948168
3.123800,58.948001
3.123900,58.948845
3.124000,58.948922
3.124100,58.948214
3.124200,58.948728
3.124300,58.949959
3.124400,58.948658
3.124500,58.947943
3.124600,58.949207
3.124700,58.948298
3.124800,58.948537
3.124900,58.947665
3.125000,58.947641
3.125100,58.946754
3.125200,58.948078
3.125300,58.948562
3.125400,58.946257
3.125500,58.946966
3.125600,58.948986
3.125700,58.949868
3.125800,58.946845
3.125900,58.948583
3.126000,58.950224
3.126100,58.952009
3.126200,58.949469
3.126300,58.946462
3.126400,58.948596
3.126500,58.947580
3.126600,58.953143
3.126700,58.955219
3.126800,58.964561
3.126900,58.964940
3.127000,58.964501
3.127100,58.957908
3.127200,58.955004
3.127300,58.958621
3.127400,58.954806
3.127500,58.958296
3.127600,58.957900
3.127700,58.953762
3.127800,58.955024
3.127900,58.955816
3.128000,58.955664
3.128100,58.956081
3.128200,58.955702
3.128300,58.954232
3.128400,58.953800
3.128500,58.954126
3.128600,58.955411
3.128700,58.954903
3.128800,58.954798
3.128900,58.954213
3.129000,58.953970
3.129100,58.954550
3.129200,58.954345
3.129300,58.953865
3.129400,58.953643
3.129500,58.953391
3.129600,58.953397
3.129700,58.953315
3.129800,58.953181
3.129900,58.953676
3.130000,58.953248
3.130100,58.953590
3.130200,58.953502
3.130300,58.953639
3.130400,58.953440
3.130500,58.953107
3.130600,58.953412
3.130700,58.953343
3.130800,58.953099
3.130900,58.952903
3.131000,58.953331
3.131100,58.953507
3.131200,58.953094
3.131300,58.952909
3.131400,58.952712
3.131500,58.952499
3.131600,58.952511
3.131700,58.952511
3.131800,58.952443
3.131900,58.952704
3.132000,58.952232
3.132100,58.952133
3.132200,58.952123
3.132300,58.952326
3.132400,58.952452
3.132500,58.951784
3.132600,58.951662
3.132700,58.951740
3.132800,58.951443
3.132900,58.952277
3.133000,58.952475
3.133100,58.953074
3.133200,58.952459
3.133300,58.952072
3.133400,58.951918
3.133500,58.952823
3.133600,58.951960
3.133700,58.953705
3.133800,58.953601
3.133900,58.951699
3.134000,58.950045
3.134100,58.947848
3.134200,58.947070
3.134300,58.947646
3.134400,58.949308
3.134500,58.944107
3.134600,58.946744
3.134700,58.947528
3.134800,58.954054
3.134900,58.952513
3.135000,58.951522
3.135100,58.939985
3.135200,58.943549
3.135300,58.943813
3.135400,58.928115
3.135500,58.937710
3.135600,58.933435
3.135700,58.939813
3.135800,58.948483
3.135900,58.951192
3.136000,58.937519
3.136100,58.935459
3.136200,58.931941
3.136300,58.933856
3.136400,58.932979
3.136500,58.932786
3.136600,58.932351
3.136700,58.931510
3.136800,58.931530
3.136900,58.931133
3.137000,58.931794
3.137100,58.932344
3.137200,58.933224
3.137300,58.933243
3.137400,58.933131
3.137500,58.932888
3.137600,58.933196
3.137700,58.933285
3.137800,58.933457
3.137900,58.933083
3.138000,58.933307
3.138100,58.933014
3.138200,58.932378
3.138300,58.932080
3.138400,58.932276
3.138500,58.932019
3.138600,58.932487
3.138700,58.932267
3.138800,58.932317
3.138900,58.932070
3.139000,58.931599
3.139100,58.931741
3.139200,58.931853
3.139300,58.931967
3.139400,58.931822
3.139500,58.932209
3.139600,58.931736
3.139700,58.932125
3.139800,58.931685
3.139900,58.931928
3.140000,58.931463
3.140100,58.931038
3.140200,58.931403
3.140300,58.931278
3.140400,58.931267
3.140500,58.930855
3.140600,58.930633
3.140700,58.930983
3.140800,58.931003
3.140900,58.931276
3.141000,58.931290
3.141100,58.930908
3.141200,58.930421
3.141300,58.930814
3.141400,58.930040
3.141500,58.930223
3.141600,58.930916
3.141700,58.931272
3.141800,58.931053
3.141900,58.929271
3.142000,58.929682
3.142100,58.930912
3.142200,58.931557
3.142300,58.929449
3.142400,58.928537
3.142500,58.931039
3.142600,58.929309
3.142700,58.928391
3.142800,58.930688
3.142900,58.932625
3.143000,58.933058
3.143100,58.931502
3.143200,58.931285
3.143300,58.931918
3.143400,58.936660
3.143500,58.928783
3.143600,58.922217
3.143700,58.909566
3.143800,58.907737
3.143900,58.919308
3.144000,58.918392
3.144100,58.918175
3.144200,58.916968
3.144300,58.899196
3.144400,58.896697
3.144500,58.906426
3.144600,58.915534
3.144700,58.912161
3.144800,58.911964
3.144900,58.911860
3.145000,58.912050
3.145100,58.911028
3.145200,58.911909
3.145300,58.912284
3.145400,58.913239
3.145500,58.912600
3.145600,58.912369
3.145700,58.912952
3.145800,58.912080
3.145900,58.912035
3.146000,58.912244
3.146100,58.911839
3.146200,58.911794
3.146300,58.912006
3.146400,58.912497
3.146500,58.911834
3.146600,58.911797
3.146700,58.911819
3.146800,58.911894
3.146900,58.911623
3.147000,58.911498
3.147100,58.911569
3.147200,58.911255
3.147300,58.911304
3.147400,58.911214
3.147500,58.911411
3.147600,58.911030
3.147700,58.911218
3.147800,58.910735
3.147900,58.910723
3.148000,58.911053
3.148100,58.911039
3.148200,58.910407
3.148300,58.910424
3.148400,58.910877
3.148500,58.910653
3.148600,58.910952
3.148700,58.910679
3.148800,58.910086
3.148900,58.910698
3.149000,58.909813
3.149100,58.910382
3.149200,58.910215
3.149300,58.910245
3.149400,58.910484
3.149500,58.910342
3.149600,58.910125
3.149700,58.909603
3.149800,58.910001
3.149900,58.910433
3.150000,58.909896
3.150100,58.909960
3.150200,58.910511
3.150300,58.910681
3.150400,58.909319
3.150500,58.908210
3.150600,58.909491
3.150700,58.909563
3.150800,58.910927
3.150900,58.908225
3.151000,58.908840
3.151100,58.908686
3.151200,58.908311
3.151300,58.911477
3.151400,58.911875
3.151500,58.913258
3.151600,58.907740
3.151700,58.911210
3.151800,58.910918
3.151900,58.906574
3.152000,58.904266
3.152100,58.904157
3.152200,58.902330
3.152300,58.913751
3.152400,58.909853
3.152500,58.926667
3.152600,58.924696
3.152700,58.931312
3.152800,58.912265
3.152900,58.901097
3.153000,58.908345
3.153100,58.909762
3.153200,58.908225
3.153300,58.909818
3.153400,58.909686
3.153500,58.910041
3.153600,58.909663
3.153700,58.908578
3.153800,58.909326
3.153900,58.908585
3.154000,58.908392
3.154100,58.908432
3.154200,58.907073
3.154300,58.907272
3.154400,58.907555
3.154500,58.906983
3.154600,58.907151
3.154700,58.906997
3.154800,58.906968
3.154900,58.907659
3.155000,58.907775
3.155100,58.907401
3.155200,58.907133
3.155300,58.907110
3.155400,58.907067
3.155500,58.906421
3.155600,58.906543
3.155700,58.906812
3.155800,58.907002
3.155900,58.906800
3.156000,58.907098
3.156100,58.906748
3.156200,58.906852
3.156300,58.906537
3.156400,58.906702
3.156500,58.906436
3.156600,58.906620
3.156700,58.906369
3.156800,58.906644
3.156900,58.906208
3.157000,58.906230
3.157100,58.906313
3.157200,58.906198
3.157300,58.905366
3.157400,58.905850
3.157500,58.906065
3.157600,58.906305
3.157700,58.906273
3.157800,58.906422
3.157900,58.906363
3.158000,58.905760
3.158100,58.904757
3.158200,58.904741
3.158300,58.905646
3.158400,58.906436
3.158500,58.905667
3.158600,58.905736
3.158700,58.905513
3.158800,58.904338
3.158900,58.903717
3.159000,58.904054
3.159100,58.905425
3.159200,58.905366
3.159300,58.904528
3.159400,58.905012
3.159500,58.903057
3.159600,58.903041
3.159700,58.906009
3.159800,58.904217
3.159900,58.903261
3.160000,58.901897
3.160100,58.903303
3.160200,58.902592
3.160300,58.907599
3.160400,58.898558
3.160500,58.902520
3.160600,58.901463
3.160700,58.912501
3.160800,58.910240
3.160900,58.909976
3.161000,58.920688
3.161100,58.919029
3.161200,58.925471
3.161300,58.931719
3.161400,58.915021
3.161500,58.914426
3.161600,58.915645
3.161700,58.919922
3.161800,58.920016
3.161900,58.919445
3.162000,58.918736
3.162100,58.919029
3.162200,58.920316
3.162300,58.922165
3.162400,58.920487
3.162500,58.920196
3.162600,58.921161
3.162700,58.920349
3.162800,58.920171
3.162900,58.919587
3.163000,58.919914
3.163100,58.919695
3.163200,58.919290
3.163300,58.919031
3.163400,58.919332
3.163500,58.919231
3.163600,58.919110
3.163700,58.919186
3.163800,58.919277
3.163900,58.919142
3.164000,58.918964
3.164100,58.919121
3.164200,58.918845
3.164300,58.919085
3.164400,58.918706
3.164500,58.918880
3.164600,58.918916
3.164700,58.918527
3.164800,58.918918
3.164900,58.918318
3.165000,58.918864
3.165100,58.918654
3.165200,58.918952
3.165300,58.918891
3.165400,58.918170
3.165500,58.917993
3.165600,58.918042
3.165700,58.918376
3.165800,58.917869
3.165900,58.917817
3.166000,58.917865
3.166100,58.917160
3.166200,58.917942
3.166300,58.917907
3.166400,58.917808
3.166500,58.917974
3.166600,58.918091
3.166700,58.917941
3.166800,58.918794
3.166900,58.918884
3.167000,58.918510
3.167100,58.917732
3.167200,58.918063
3.167300,58.918608
3.167400,58.918232
3.167500,58.916611
3.167600,58.917529
3.167700,58.917226
3.167800,58.916963
3.167900,58.916753
3.168000,58.915811
3.168100,58.915021
3.168200,58.913798
3.168300,58.915516
3.168400,58.915548
3.168500,58.919055
3.168600,58.915672
3.168700,58.921724
3.168800,58.919991
3.168900,58.922543
3.169000,58.912513
3.169100,58.900800
3.169200,58.904450
3.169300,58.908705
3.169400,58.898860
3.169500,58.899619
3.169600,58.897829
3.169700,58.912922
3.169800,58.897888
3.169900,58.913669
3.170000,58.905104
3.170100,58.900705
3.170200,58.900689
3.170300,58.901542
3.170400,58.901731
3.170500,58.901905
3.170600,58.902314
3.170700,58.901417
3.170800,58.900214
3.170900,58.899922
3.171000,58.900693
3.171100,58.900845
3.171200,58.900860
3.171300,58.901872
3.171400,58.901499
3.171500,58.901223
3.171600,58.901276
3.171700,58.902031
3.171800,58.901433
3.171900,58.901727
3.172000,58.901161
3.172100,58.901081
3.172200,58.900978
3.172300,58.900951
3.172400,58.900712
3.172500,58.901110
3.172600,58.900642
3.172700,58.901030
3.172800,58.900646
3.172900,58.900585
3.173000,58.900238
3.173100,58.900361
3.173200,58.900377
3.173300,58.900243
3.173400,58.900013
3.173500,58.899791
3.173600,58.900243
3.173700,58.900214
3.173800,58.900199
3.173900,58.900272
3.174000,58.899951
3.174100,58.899799
3.174200,58.899744
3.174300,58.899844
3.174400,58.899587
3.174500,58.899920
3.174600,58.899517
3.174700,58.900034
3.174800,58.899998
3.174900,58.899600
3.175000,58.899107
3.175100,58.900266
3.175200,58.899813
3.175300,58.898429
3.175400,58.898524
3.175500,58.898338
3.175600,58.898273
3.175700,58.897841
3.175800,58.899500
3.175900,58.898742
3.176000,58.899703
3.176100,58.900447
3.176200,58.899267
3.176300,58.901883
3.176400,58.900056
3.176500,58.899239
3.176600,58.897781
3.176700,58.900973
3.176800,58.901008
3.176900,58.902475
3.177000,58.899985
3.177100,58.902282
3.177200,58.895881
3.177300,58.895762
3.177400,58.901270
3.177500,58.900704
3.177600,58.900594
3.177700,58.899498
3.177800,58.897967
3.177900,58.907309
3.178000,58.917519
3.178100,58.934372
3.178200,58.937949
3.178300,58.958090
3.178400,58.956696
3.178500,58.964069
3.178600,58.958182
3.178700,58.954078
3.178800,58.954729
3.178900,58.954440
3.179000,58.954262
3.179100,58.954774
3.179200,58.955447
3.179300,58.956809
3.179400,58.955693
3.179500,58.955866
3.179600,58.954672
3.179700,58.955277
3.179800,58.954315
3.179900,58.953903
3.180000,58.953848
3.180100,58.954235
3.180200,58.954657
3.180300,58.955536
3.180400,58.955250
3.180500,58.954810
3.180600,58.954495
3.180700,58.954960
3.180800,58.954651
3.180900,58.954608
3.181000,58.954167
3.181100,58.954417
3.181200,58.954464
3.181300,58.954498
3.181400,58.954140
3.181500,58.954111
3.181600,58.953993
3.181700,58.954158
3.181800,58.954474
3.181900,58.954055
3.182000,58.953955
3.182100,58.954119
3.182200,58.953832
3.182300,58.954198
3.182400,58.953949
3.182500,58.953704
3.182600,58.953651
3.182700,58.953482
3.182800,58.953370
3.182900,58.953110
3.183000,58.953120
3.183100,58.953122
3.183200,58.953105
3.183300,58.952773
3.183400,58.952888
3.183500,58.952666
3.183600,58.953884
3.183700,58.953883
3.183800,58.954143
3.183900,58.953017
3.184000,58.952755
3.184100,58.952990
3.184200,58.952098
3.184300,58.952452
3.184400,58.953113
3.184500,58.954442
3.184600,58.953461
3.184700,58.954505
3.184800,58.953377
3.184900,58.954107
3.185000,58.951839
3.185100,58.948365
3.185200,58.948240
3.185300,58.949132
3.185400,58.953263
3.185500,58.951820
3.185600,58.951094
3.185700,58.948036
3.185800,58.950103
3.185900,58.949198
3.186000,58.939994
3.186100,58.937232
3.186200,58.920009
3.186300,58.917807
3.186400,58.915404
3.186500,58.900288
3.186600,58.914432
3.186700,58.910065
3.186800,58.889527
3.186900,58.905463
3.187000,58.897779
3.187100,58.893308
3.187200,58.890569
3.187300,58.891572
3.187400,58.891987
3.187500,58.892345
3.187600,58.892342
3.187700,58.892884
3.187800,58.892443
3.187900,58.892922
3.188000,58.892636
3.188100,58.891645
3.188200,58.892150
3.188300,58.892764
3.188400,58.893141
3.188500,58.892779
3.188600,58.892541
3.188700,58.892376
3.188800,58.892254
3.188900,58.891893
3.189000,58.892074
3.189100,58.891851
3.189200,58.891970
3.189300,58.891939
3.189400,58.891599
3.189500,58.891506
3.189600,58.891244
3.189700,58.891210
3.189800,58.891129
3.189900,58.891329
3.190000,58.891223
3.190100,58.891443
3.190200,58.891285
3.190300,58.891491
3.190400,58.891512
3.190500,58.891076
3.190600,58.890990
3.190700,58.890734
3.190800,58.891083
3.190900,58.891053
3.191000,58.891394
3.191100,58.891065
3.191200,58.890615
3.191300,58.890590
3.191400,58.890760
3.191500,58.891021
3.191600,58.890294
3.191700,58.890583
3.191800,58.890749
3.191900,58.890571
3.192000,58.890810
3.192100,58.889786
3.192200,58.890327
3.192300,58.890008
3.192400,58.890661
3.192500,58.889941
3.192600,58.891110
3.192700,58.890424
3.192800,58.890142
3.192900,58.889247
3.193000,58.890247
3.193100,58.890333
3.193200,58.887839
3.193300,58.889661
3.193400,58.890989
3.193500,58.891997
3.193600,58.892573
3.193700,58.891990
3.193800,58.890828
3.193900,58.886146
3.194000,58.884988
3.194100,58.885409
3.194200,58.889312
3.194300,58.891136
3.194400,58.900074
3.194500,58.895953
3.194600,58.899549
3.194700,58.891629
3.194800,58.886871
3.194900,58.907661
3.195000,58.884345
3.195100,58.862919
3.195200,58.870082
3.195300,58.853332
3.195400,58.858634
3.195500,58.861785
3.195600,58.868235
3.195700,58.868869
3.195800,58.869553
3.195900,58.869484
3.196000,58.869584
3.196100,58.870423
3.196200,58.869046
3.196300,58.868963
3.196400,58.868563
3.196500,58.869708
3.196600,58.869967
3.196700,58.868780
3.196800,58.868541
3.196900,58.869031
3.197000,58.868959
3.197100,58.869219
3.197200,58.868788
3.197300,58.868658
3.197400,58.868392
3.197500,58.868525
3.197600,58.868423
3.197700,58.868581
3.197800,58.868521
3.197900,58.868295
3.198000,58.868234
3.198100,58.867841
3.198200,58.867933
3.198300,58.867691
3.198400,58.867845
3.198500,58.867704
3.198600,58.867913
3.198700,58.867604
3.198800,58.867826
3.198900,58.867595
3.199000,58.868123
3.199100,58.867617
3.199200,58.867639
3.199300,58.867912
3.199400,58.867315
3.199500,58.867629
3.199600,58.867357
3.199700,58.866955
3.199800,58.867545
3.199900,58.867599
3.200000,58.867302
3.200100,58.866594
3.200200,58.866473
3.200300,58.867472
3.200400,58.867332
3.200500,58.866895
3.200600,58.866596
3.200700,58.866830
3.200800,58.866374
3.200900,58.867626
3.201000,58.866940
3.201100,58.866838
3.201200,58.866856
3.201300,58.866201
3.201400,58.868126
3.201500,58.868501
3.201600,58.867531
3.201700,58.865029
3.201800,58.867968
3.201900,58.869520
3.202000,58.868191
3.202100,58.866748
3.202200,58.867186
3.202300,58.866238
3.202400,58.865334
3.202500,58.870933
3.202600,58.872102
3.202700,58.868432
3.202800,58.866527
3.202900,58.870241
3.203000,58.874175
3.203100,58.882127
3.203200,58.887787
3.203300,58.883525
3.203400,58.867865
3.203500,58.883438
3.203600,58.867358
3.203700,58.867713
3.203800,58.884364
3.203900,58.887019
3.204000,58.889492
3.204100,58.886381
3.204200,58.887638
3.204300,58.887149
3.204400,58.887274
3.204500,58.887448
3.204600,58.888398
3.204700,58.887965
3.204800,58.886294
3.204900,58.887974
3.205000,58.886401
3.205100,58.887132
3.205200,58.887430
3.205300,58.887485
3.205400,58.886254
3.205500,58.886301
3.205600,58.886008
3.205700,58.885496
3.205800,58.885904
3.205900,58.885967
3.206000,58.885847
3.206100,58.885755
3.206200,58.886266
3.206300,58.886244
3.206400,58.886308
3.206500,58.886356
3.206600,58.885634
3.206700,58.885369
3.206800,58.885370
3.206900,58.885143
3.207000,58.885664
3.207100,58.884905
3.207200,58.885450
3.207300,58.885730
3.207400,58.885357
3.207500,58.885244
3.207600,58.885371
3.207700,58.885126
3.207800,58.885153
3.207900,58.884873
3.208000,58.884854
3.208100,58.885087
3.208200,58.885297
3.208300,58.885162
3.208400,58.884798
3.208500,58.884519
3.208600,58.885384
3.208700,58.885454
3.208800,58.884333
3.208900,58.885108
3.209000,58.885901
3.209100,58.885327
3.209200,58.884746
3.209300,58.884735
3.209400,58.884014
3.209500,58.883741
3.209600,58.884146
3.209700,58.884647
3.209800,58.884747
3.209900,58.885557
3.210000,58.885979
3.210100,58.884848
3.210200,58.885238
3.210300,58.886177
3.210400,58.886901
3.210500,58.886549
3.210600,58.884280
3.210700,58.883076
3.210800,58.883922
3.210900,58.879720
3.211000,58.876462
3.211100,58.877414
3.211200,58.885418
3.211300,58.881995
3.211400,58.871887
3.211500,58.869912
3.211600,58.872655
3.211700,58.880773
3.211800,58.883835
3.211900,58.872118
3.212000,58.873235
3.212100,58.887607
3.212200,58.879381
3.212300,58.883976
3.212400,58.888009
3.212500,58.887747
3.212600,58.891979
3.212700,58.890022
3.212800,58.889317
3.212900,58.889258
3.213000,58.889405
3.213100,58.890868
3.213200,58.891397
3.213300,58.891246
3.213400,58.891796
3.213500,58.891821
3.213600,58.892142
3.213700,58.891426
3.213800,58.890599
3.213900,58.890665
3.214000,58.890444
3.214100,58.890235
3.214200,58.890078
3.214300,58.890433
3.214400,58.890574
3.214500,58.890010
3.214600,58.889706
3.214700,58.889809
3.214800,58.890322
3.214900,58.890367
3.215000,58.890165
3.215100,58.890059
3.215200,58.889681
3.215300,58.889643
3.215400,58.889750
3.215500,58.889508
3.215600,58.889685
3.215700,58.889816
3.215800,58.890013
3.215900,58.889950
3.216000,58.889562
3.216100,58.889611
3.216200,58.889211
3.216300,58.889455
3.216400,58.889658
3.216500,58.889644
3.216600,58.889481
3.216700,58.889174
3.216800,58.889322
3.216900,58.889001
3.217000,58.889846
3.217100,58.889296
3.217200,58.889060
3.217300,58.889333
3.217400,58.888801
3.217500,58.888690
3.217600,58.888201
3.217700,58.887864
3.217800,58.888458
3.217900,58.888194
3.218000,58.888088
3.218100,58.887888
3.218200,58.888126
3.218300,58.888875
3.218400,58.889058
3.218500,58.888104
3.218600,58.887987
3.218700,58.888292
3.218800,58.888061
3.218900,58.889124
3.219000,58.888065
3.219100,58.885583
3.219200,58.883537
3.219300,58.885318
3.219400,58.887302
3.219500,58.892446
3.219600,58.895185
3.219700,58.897350
3.219800,58.894470
3.219900,58.902984
3.220000,58.909226
3.220100,58.905477
3.220200,58.899543
3.220300,58.897684
3.220400,58.898273
3.220500,58.904412
3.220600,58.911660
3.220700,58.918047
3.220800,58.913232
3.220900,58.917224
3.221000,58.911617
3.221100,58.915083
3.221200,58.917210
3.221300,58.917348
3.221400,58.917665
3.221500,58.918554
3.221600,58.918317
3.221700,58.919743
3.221800,58.917955
3.221900,58.917538
3.222000,58.918136
3.222100,58.917682
3.222200,58.917580
3.222300,58.917622
3.222400,58.917593
3.222500,58.917961
3.222600,58.918390
3.222700,58.917944
3.222800,58.917765
3.222900,58.917853
3.223000,58.917807
3.223100,58.917685
3.223200,58.918112
3.223300,58.917888
3.223400,58.918154
3.223500,58.917605
3.223600,58.917426
3.223700,58.917414
3.223800,58.917279
3.223900,58.917097
3.224000,58.917295
3.224100,58.917082
3.224200,58.917006
3.224300,58.917120
3.224400,58.917325
3.224500,58.916999
3.224600,58.917293
3.224700,58.917444
3.224800,58.917396
3.224900,58.916987
3.225000,58.916824
3.225100,58.916453
3.225200,58.916646
3.225300,58.917026
3.225400,58.916814
3.225500,58.917146
3.225600,58.916849
3.225700,58.916827
3.225800,58.916045
3.225900,58.916810
3.226000,58.916265
3.226100,58.915363
3.226200,58.916589
3.226300,58.916852
3.226400,58.915648
3.226500,58.916238
3.226600,58.915710
3.226700,58.917450
3.226800,58.915912
3.226900,58.916856
3.227000,58.917214
3.227100,58.916396
3.227200,58.916094
3.227300,58.917353
3.227400,58.916487
3.227500,58.916702
3.227600,58.915587
3.227700,58.913164
3.227800,58.914578
3.227900,58.912802
3.228000,58.911641
3.228100,58.914620
3.228200,58.921633
3.228300,58.918573
3.228400,58.910171
3.228500,58.914708
3.228600,58.918246
3.228700,58.911558
3.228800,58.916919
3.228900,58.922378
3.229000,58.905105
3.229100,58.896261
3.229200,58.892009
3.229300,58.880762
3.229400,58.878372
3.229500,58.880272
3.229600,58.884621
3.229700,58.885015
3.229800,58.884514
3.229900,58.884005
3.230000,58.884580
3.230100,58.883691
3.230200,58.884710
3.230300,58.883670
3.230400,58.883973
3.230500,58.884061
3.230600,58.883581
3.230700,58.883220
3.230800,58.882201
3.230900,58.882864
3.231000,58.882453
3.231100,58.882621
3.231200,58.882701
3.231300,58.882416
3.231400,58.882183
3.231500,58.882124
3.231600,58.882379
3.231700,58.882241
3.231800,58.882057
3.231900,58.882168
3.232000,58.882424
3.232100,58.882352
3.232200,58.881964
3.232300,58.882102
3.232400,58.882050
3.232500,58.881970
3.232600,58.882189
3.232700,58.881768
3.232800,58.881821
3.232900,58.881689
3.233000,58.881867
3.233100,58.881565
3.233200,58.881661
3.233300,58.881609
3.233400,58.881579
3.233500,58.881686
3.233600,58.881326
3.233700,58.881025
3.233800,58.880649
3.233900,58.881516
3.234000,58.881408
3.234100,58.881149
3.234200,58.881364
3.234300,58.881519
3.234400,58.880469
3.234500,58.881257
3.234600,58.880644
3.234700,58.880667
3.234800,58.880821
3.234900,58.881320
3.235000,58.880290
3.235100,58.879899
3.235200,58.881057
3.235300,58.880545
3.235400,58.880691
3.235500,58.880546
3.235600,58.878615
3.235700,58.879450
3.235800,58.878094
3.235900,58.878442
3.236000,58.879640
3.236100,58.883211
3.236200,58.879144
3.236300,58.879392
3.236400,58.878769
3.236500,58.883702
3.236600,58.876866
3.236700,58.880041
3.236800,58.876231
3.236900,58.874688
3.237000,58.876919
3.237100,58.891633
3.237200,58.884618
3.237300,58.897057
3.237400,58.881690
3.237500,58.894041
3.237600,58.888097
3.237700,58.884254
3.237800,58.900875
3.237900,58.895212
3.238000,58.892978
3.238100,58.887957
3.238200,58.888044
3.238300,58.888271
3.238400,58.888613
3.238500,58.887937
3.238600,58.888153
3.238700,58.886860
3.238800,58.887109
3.238900,58.886101
3.239000,58.886279
3.239100,58.887330
3.239200,58.887570
3.239300,58.888016
3.239400,58.887038
3.239500,58.886833
3.239600,58.886539
3.239700,58.886677
3.239800,58.886482
3.239900,58.886575
3.240000,58.886435
3.240100,58.886254
3.240200,58.886333
3.240300,58.886080
3.240400,58.886039
3.240500,58.886153
3.240600,58.885860
3.240700,58.886386
3.240800,58.886089
3.240900,58.885927
3.241000,58.885846
3.241100,58.885850
3.241200,58.885931
3.241300,58.886212
3.241400,58.885491
3.241500,58.885528
3.241600,58.885644
3.241700,58.885508
3.241800,58.885778
3.241900,58.885702
3.242000,58.885124
3.242100,58.885429
3.242200,58.885551
3.242300,58.885442
3.242400,58.885065
3.242500,58.885691
3.242600,58.885641
3.242700,58.884792
3.242800,58.884870
3.242900,58.885224
3.243000,58.885682
3.243100,58.884552
3.243200,58.884586
3.243300,58.885170
3.243400,58.885240
3.243500,58.885089
3.243600,58.884799
3.243700,58.884605
3.243800,58.884241
3.243900,58.883665
3.244000,58.884852
3.244100,58.885477
3.244200,58.884481
3.244300,58.882547
3.244400,58.884171
3.244500,58.886985
3.244600,58.883638
3.244700,58.884021
3.244800,58.883204
3.244900,58.888408
3.245000,58.885532
3.245100,58.882487
3.245200,58.879911
3.245300,58.877313
3.245400,58.878116
3.245500,58.886301
3.245600,58.871148
3.245700,58.881256
3.245800,58.861351
3.245900,58.864005
3.246000,58.864202
3.246100,58.852456
3.246200,58.845951
3.246300,58.846207
3.246400,58.855740
3.246500,58.863737
3.246600,58.857428
3.246700,58.859470
3.246800,58.858168
3.246900,58.858112
3.247000,58.858202
3.247100,58.857742
3.247200,58.859064
3.247300,58.857329
3.247400,58.857794
3.247500,58.857665
3.247600,58.856292
3.247700,58.857299
3.247800,58.857247
3.247900,58.857750
3.248000,58.857041
3.248100,58.856764
3.248200,58.856994
3.248300,58.857351
3.248400,58.857091
3.248500,58.857186
3.248600,58.856633
3.248700,58.856930
3.248800,58.857107
3.248900,58.856788
3.249000,58.856717
3.249100,58.856886
3.249200,58.856999
3.249300,58.856449
3.249400,58.856481
3.249500,58.856432
3.249600,58.856550
3.249700,58.856909
3.249800,58.856317
3.249900,58.856066
3.250000,58.856223
3.250100,58.856229
3.250200,58.856264
3.250300,58.855898
3.250400,58.855891
3.250500,58.855839
3.250600,58.855995
3.250700,58.855629
3.250800,58.855698
3.250900,58.855943
3.251000,58.856111
3.251100,58.855177
3.251200,58.855563
3.251300,58.855359
3.251400,58.855396
3.251500,58.855864
3.251600,58.855647
3.251700,58.855064
3.251800,58.855339
3.251900,58.855351
3.252000,58.855683
3.252100,58.854967
3.252200,58.855131
3.252300,58.854904
3.252400,58.853880
3.252500,58.855049
3.252600,58.855731
3.252700,58.853181
3.252800,58.853976
3.252900,58.856291
3.253000,58.853775
3.253100,58.855737
3.253200,58.858566
3.253300,58.860832
3.253400,58.862665
3.253500,58.857200
3.253600,58.854672
3.253700,58.856857
3.253800,58.852875
3.253900,58.847731
3.254000,58.852255
3.254100,58.856632
3.254200,58.864662
3.254300,58.884417
3.254400,58.864883
3.254500,58.869258
3.254600,58.870346
3.254700,58.876246
3.254800,58.882643
3.254900,58.871805
3.255000,58.870943
3.255100,58.874096
3.255200,58.874602
3.255300,58.874495
3.255400,58.874835
3.255500,58.874612
3.255600,58.874305
3.255700,58.873976
3.255800,58.873515
3.255900,58.873059
3.256000,58.872994
3.256100,58.872583
3.256200,58.872493
3.256300,58.872810
3.256400,58.873160
3.256500,58.872748
3.256600,58.872384
3.256700,58.872594
3.256800,58.872223
3.256900,58.872114
3.257000,58.872749
3.257100,58.872852
3.257200,58.872653
3.257300,58.872137
3.257400,58.872159
3.257500,58.872061
3.257600,58.872231
3.257700,58.872534
3.257800,58.872176
3.257900,58.871923
3.258000,58.871732
3.258100,58.871504
3.258200,58.872011
3.258300,58.871694
3.258400,58.871317
3.258500,58.871876
3.258600,58.871480
3.258700,58.871827
3.258800,58.871632
3.258900,58.871219
3.259000,58.871515
3.259100,58.871223
3.259200,58.871385
3.259300,58.871906
3.259400,58.872139
3.259500,58.871819
3.259600,58.871357
3.259700,58.871020
3.259800,58.871481
3.259900,58.870458
3.260000,58.870889
3.260100,58.870792
3.260200,58.870744
3.260300,58.870124
3.260400,58.871594
3.260500,58.871312
3.260600,58.870066
3.260700,58.871017
3.260800,58.871388
3.260900,58.870637
3.261000,58.871714
3.261100,58.871483
3.261200,58.870129
3.261300,58.871312
3.261400,58.871716
3.261500,58.869909
3.261600,58.871021
3.261700,58.871725
3.261800,58.868476
3.261900,58.869144
3.262000,58.873132
3.262100,58.872493
3.262200,58.874338
3.262300,58.864672
3.262400,58.859572
3.262500,58.854240
3.262600,58.866524
3.262700,58.875449
3.262800,58.892217
3.262900,58.887555
3.263000,58.874683
3.263100,58.884982
3.263200,58.872295
3.263300,58.875972
3.263400,58.875643
3.263500,58.874991
3.263600,58.875897
3.263700,58.875144
3.263800,58.874979
3.263900,58.875019
3.264000,58.874496
3.264100,58.874050
3.264200,58.874104
3.264300,58.874646
3.264400,58.872970
3.264500,58.874428
3.264600,58.874100
3.264700,58.874206
3.264800,58.873374
3.264900,58.873478
3.265000,58.873443
3.265100,58.873080
3.265200,58.873441
3.265300,58.873921
3.265400,58.873510
3.265500,58.873339
3.265600,58.873161
3.265700,58.872663
3.265800,58.872650
3.265900,58.872481
3.266000,58.872777
3.266100,58.872694
3.266200,58.872489
3.266300,58.872832
3.266400,58.872753
3.266500,58.872474
3.266600,58.872272
3.266700,58.872475
3.266800,58.872098
3.266900,58.872060
3.267000,58.872357
3.267100,58.872372
3.267200,58.872749
3.267300,58.872383
3.267400,58.872175
3.267500,58.872255
3.267600,58.872663
3.267700,58.871789
3.267800,58.872196
3.267900,58.872323
3.268000,58.871588
3.268100,58.871469
3.268200,58.872061
3.268300,58.872426
3.268400,58.871486
3.268500,58.871778
3.268600,58.871774
3.268700,58.871471
3.268800,58.871286
3.268900,58.871657
3.269000,58.872117
3.269100,58.871979
3.269200,58.870950
3.269300,58.870374
3.269400,58.870463
3.269500,58.871250
3.269600,58.869958
3.269700,58.872660
3.269800,58.869769
3.269900,58.871339
3.270000,58.873036
3.270100,58.872352
3.270200,58.872924
3.270300,58.874205
3.270400,58.878944
3.270500,58.879727
3.270600,58.877881
3.270700,58.873086
3.270800,58.867836
3.270900,58.867063
3.271000,58.865189
3.271100,58.863373
3.271200,58.862892
3.271300,58.870304
3.271400,58.859640
3.271500,58.860827
3.271600,58.872186
3.271700,58.859795
3.271800,58.867111
3.271900,58.863136
3.272000,58.864578
3.272100,58.865131
3.272200,58.865704
3.272300,58.865481
3.272400,58.864967
3.272500,58.865131
3.272600,58.866041
3.272700,58.865214
3.272800,58.866437
3.272900,58.866185
3.273000,58.865514
3.273100,58.866473
3.273200,58.865245
3.273300,58.865845
3.273400,58.865220
3.273500,58.865385
3.273600,58.865543
3.273700,58.865466
3.273800,58.865574
3.273900,58.864888
3.274000,58.864909
3.274100,58.864953
3.274200,58.865121
3.274300,58.864993
3.274400,58.864856
3.274500,58.865045
3.274600,58.864829
3.274700,58.865214
3.274800,58.864848
3.274900,58.864863
3.275000,58.864891
3.275100,58.864755
3.275200,58.864456
3.275300,58.864527
3.275400,58.864641
3.275500,58.864090
3.275600,58.864297
3.275700,58.864220
3.275800,58.864248
3.275900,58.863895
3.276000,58.864200
3.276100,58.864495
3.276200,58.864228
3.276300,58.863736
3.276400,58.864529
3.276500,58.864185
3.276600,58.863981
3.276700,58.863473
3.276800,58.863754
3.276900,58.863353
3.277000,58.863705
3.277100,58.864218
3.277200,58.863585
3.277300,58.863534
3.277400,58.863541
3.277500,58.864529
3.277600,58.863078
3.277700,58.862984
3.277800,58.861522
3.277900,58.862441
3.278000,58.861667
3.278100,58.861564
3.278200,58.861545
3.278300,58.863168
3.278400,58.866274
3.278500,58.865130
3.278600,58.864355
3.278700,58.865432
3.278800,58.860847
3.278900,58.856338
3.279000,58.863023
3.279100,58.862077
3.279200,58.862928
3.279300,58.866645
3.279400,58.857336
3.279500,58.850692
3.279600,58.846265
3.279700,58.829200
3.279800,58.840127
3.279900,58.834898
3.280000,58.844079
3.280100,58.821717
3.280200,58.835331
3.280300,58.838486
3.280400,58.834571
3.280500,58.834961
3.280600,58.835020
3.280700,58.836179
3.280800,58.836452
3.280900,58.837008
3.281000,58.837721
3.281100,58.838269
3.281200,58.837366
3.281300,58.838498
3.281400,58.838598
3.281500,58.838283
3.281600,58.837643
3.281700,58.837664
3.281800,58.837673
3.281900,58.838031
3.282000,58.838103
3.282100,58.837431
3.282200,58.837404
3.282300,58.837574
3.282400,58.837682
3.282500,58.837025
3.282600,58.837269
3.282700,58.836736
3.282800,58.836922
3.282900,58.836966
3.283000,58.836862
3.283100,58.837259
3.283200,58.837157
3.283300,58.836926
3.283400,58.836678
3.283500,58.836900
3.283600,58.836846
3.283700,58.836650
3.283800,58.836866
3.283900,58.836698
3.284000,58.836720
3.284100,58.836709
3.284200,58.836361
3.284300,58.836727
3.284400,58.836624
3.284500,58.836300
3.284600,58.836875
3.284700,58.836497
3.284800,58.836019
3.284900,58.836471
3.285000,58.836685
3.285100,58.836096
3.285200,58.835663
3.285300,58.835632
3.285400,58.836013
3.285500,58.835871
3.285600,58.835408
3.285700,58.836148
3.285800,58.835644
3.285900,58.835247
3.286000,58.834690
3.286100,58.835596
3.286200,58.836476
3.286300,58.835834
3.286400,58.835535
3.286500,58.834616
3.286600,58.835494
3.286700,58.837435
3.286800,58.834668
3.286900,58.837056
3.287000,58.834884
3.287100,58.834584
3.287200,58.833751
3.287300,58.836905
3.287400,58.841988
3.287500,58.837518
3.287600,58.839221
3.287700,58.836780
3.287800,58.836417
3.287900,58.837358
3.288000,58.824817
3.288100,58.834715
3.288200,58.844276
3.288300,58.863899
3.288400,58.847988
3.288500,58.864727
3.288600,58.868720
3.288700,58.882157
3.288800,58.879109
3.288900,58.879218
3.289000,58.872540
3.289100,58.874826
3.289200,58.874305
3.289300,58.874256
3.289400,58.874034
3.289500,58.875103
3.289600,58.875461
3.289700,58.874799
3.289800,58.875010
3.289900,58.874509
3.290000,58.873111
3.290100,58.872339
3.290200,58.872540
3.290300,58.873249
3.290400,58.872772
3.290500,58.872919
3.290600,58.873174
3.290700,58.873287
3.290800,58.873189
3.290900,58.872954
3.291000,58.873187
3.291100,58.873110
3.291200,58.872581
3.291300,58.872856
3.291400,58.872821
3.291500,58.872663
3.291600,58.872581
3.291700,58.872604
3.291800,58.872663
3.291900,58.872961
3.292000,58.872737
3.292100,58.872447
3.292200,58.872464
3.292300,58.872200
3.292400,58.872232
3.292500,58.871925
3.292600,58.872290
3.292700,58.872485
3.292800,58.872341
3.292900,58.871814
3.293000,58.872364
3.293100,58.871905
3.293200,58.872319
3.293300,58.872084
3.293400,58.871748
3.293500,58.872097
3.293600,58.871721
3.293700,58.871553
3.293800,58.871610
3.293900,58.871492
3.294000,58.872128
3.294100,58.871533
3.294200,58.871715
3.294300,58.871183
3.294400,58.870970
3.294500,58.871171
3.294600,58.871798
3.294700,58.871281
3.294800,58.871162
3.294900,58.870860
3.295000,58.870553
3.295100,58.872268
3.295200,58.870814
3.295300,58.871714
3.295400,58.871733
3.295500,58.870719
3.295600,58.870753
3.295700,58.871045
3.295800,58.870659
3.295900,58.868099
3.296000,58.871196
3.296100,58.868601
3.296200,58.863696
3.296300,58.864324
3.296400,58.857870
3.296500,58.868306
3.296600,58.861765
3.296700,58.842555
3.296800,58.862516
3.296900,58.873747
3.297000,58.863419
3.297100,58.847654
3.297200,58.855936
3.297300,58.856174
3.297400,58.854563
3.297500,58.857972
3.297600,58.857778
3.297700,58.857372
3.297800,58.857161
3.297900,58.857362
3.298000,58.858304
3.298100,58.857940
3.298200,58.856229
3.298300,58.856381
3.298400,58.857357
3.298500,58.858036
3.298600,58.858554
3.298700,58.857416
3.298800,58.857322
3.298900,58.857394
3.299000,58.858101
3.299100,58.857927
3.299200,58.857618
3.299300,58.857041
3.299400,58.857487
3.299500,58.857183
3.299600,58.857085
3.299700,58.857038
3.299800,58.856798
3.299900,58.857207
3.300000,58.857160
3.300100,58.857043
3.300200,58.857072
3.300300,58.857132
3.300400,58.856932
3.300500,58.856623
3.300600,58.856582
3.300700,58.856512
3.300800,58.856927
3.300900,58.856826
3.301000,58.856665
3.301100,58.856429
3.301200,58.856509
3.301300,58.856395
3.301400,58.855960
3.301500,58.855746
3.301600,58.856435
3.301700,58.856384
3.301800,58.855777
3.301900,58.856358
3.302000,58.855899
3.302100,58.855722
3.302200,58.855983
3.302300,58.856043
3.302400,58.855874
3.302500,58.855652
3.302600,58.855682
3.302700,58.855965
3.302800,58.856469
3.302900,58.855828
3.303000,58.854567
3.303100,58.855752
3.303200,58.854425
3.303300,58.855373
3.303400,58.855480
3.303500,58.855492
3.303600,58.857147
3.303700,58.854745
3.303800,58.854533
3.303900,58.853401
3.304000,58.855570
3.304100,58.853487
3.304200,58.856012
3.304300,58.853819
3.304400,58.856956
3.304500,58.858478
3.304600,58.862442
3.304700,58.856078
3.304800,58.849445
3.304900,58.849905
3.305000,58.848253
3.305100,58.857473
3.305200,58.849565
3.305300,58.860405
3.305400,58.871760
3.305500,58.871106
3.305600,58.852844
3.305700,58.860132
3.305800,58.854274
3.305900,58.846618
3.306000,58.850938
3.306100,58.851941
3.306200,58.850754
3.306300,58.850683
3.306400,58.850176
3.306500,58.850046
3.306600,58.850210
3.306700,58.848899
3.306800,58.849810
3.306900,58.849917
3.307000,58.850402
3.307100,58.851463
3.307200,58.850859
3.307300,58.850092
3.307400,58.850675
3.307500,58.849791
3.307600,58.849753
3.307700,58.849571
3.307800,58.849499
3.307900,58.849277
3.308000,58.849779
3.308100,58.849971
3.308200,58.849264
3.308300,58.849646
3.308400,58.849679
3.308500,58.849172
3.308600,58.848811
3.308700,58.849200
3.308800,58.849221
3.308900,58.849167
3.309000,58.849334
3.309100,58.848716
3.309200,58.848735
3.309300,58.848759
3.309400,58.848884
3.309500,58.848902
3.309600,58.848829
3.309700,58.848669
3.309800,58.848777
3.309900,58.848387
3.310000,58.849028
3.310100,58.848278
3.310200,58.848153
3.310300,58.848490
3.310400,58.848250
3.310500,58.847390
3.310600,58.847946
3.310700,58.847908
3.310800,58.848201
3.310900,58.848062
3.311000,58.847406
3.311100,58.847248
3.311200,58.847262
3.311300,58.848009
3.311400,58.847689
3.311500,58.847710
3.311600,58.847463
3.311700,58.848147
3.311800,58.848085
3.311900,58.848470
3.312000,58.847742
3.312100,58.848322
3.312200,58.847445
3.312300,58.847041
3.312400,58.846386
3.312500,58.846629
3.312600,58.850087
3.312700,58.848618
3.312800,58.847957
3.312900,58.852330
3.313000,58.855834
3.313100,58.852109
3.313200,58.855185
3.313300,58.851099
3.313400,58.854955
3.313500,58.848289
3.313600,58.836460
3.313700,58.839889
3.313800,58.854279
3.313900,58.854647
3.314000,58.853106
3.314100,58.838664
3.314200,58.853708
3.314300,58.838869
3.314400,58.842081
3.314500,58.844883
3.314600,58.845775
3.314700,58.846141
3.314800,58.845894
3.314900,58.845999
3.315000,58.844785
3.315100,58.844472
3.315200,58.844173
3.315300,58.843610
3.315400,58.844897
3.315500,58.844544
3.315600,58.845025
3.315700,58.844739
3.315800,58.844457
3.315900,58.844376
3.316000,58.844071
3.316100,58.844108
3.316200,58.844384
3.316300,58.844338
3.316400,58.845038
3.316500,58.844385
3.316600,58.844260
3.316700,58.844238
3.316800,58.843871
3.316900,58.843711
3.317000,58.843679
3.317100,58.843613
3.317200,58.843481
3.317300,58.843501
3.317400,58.843508
3.317500,58.843318
3.317600,58.843915
3.317700,58.843483
3.317800,58.843429
3.317900,58.843249
3.318000,58.843051
3.318100,58.843380
3.318200,58.843540
3.318300,58.842750
3.318400,58.843027
3.318500,58.843256
3.318600,58.843143
3.318700,58.843106
3.318800,58.842961
3.318900,58.843461
3.319000,58.842862
3.319100,58.841829
3.319200,58.842748
3.319300,58.843135
3.319400,58.843064
3.319500,58.841936
3.319600,58.842605
3.319700,58.842624
3.319800,58.843007
3.319900,58.842958
3.320000,58.843202
3.320100,58.842901
3.320200,58.844458
3.320300,58.843981
3.320400,58.842117
3.320500,58.841795
3.320600,58.841912
3.320700,58.841178
3.320800,58.841894
3.320900,58.842970
3.321000,58.841561
3.321100,58.843982
3.321200,58.842693
3.321300,58.841780
3.321400,58.841461
3.321500,58.835586
3.321600,58.830314
3.321700,58.825914
3.321800,58.835972
3.321900,58.837150
3.322000,58.835555
3.322100,58.843344
3.322200,58.841734
3.322300,58.840136
3.322400,58.847202
3.322500,58.829757
3.322600,58.814220
3.322700,58.825731
3.322800,58.837749
3.322900,58.846240
3.323000,58.839492
3.323100,58.843165
3.323200,58.840574
3.323300,58.839741
3.323400,58.839613
3.323500,58.838978
3.323600,58.839334
3.323700,58.838520
3.323800,58.837597
3.323900,58.838725
3.324000,58.840194
3.324100,58.839965
3.324200,58.840875
3.324300,58.840267
3.324400,58.840743
3.324500,58.840491
3.324600,58.840194
3.324700,58.839749
3.324800,58.840008
3.324900,58.839811
3.325000,58.839688
3.325100,58.839551
3.325200,58.839713
3.325300,58.839037
3.325400,58.839553
3.325500,58.839737
3.325600,58.839458
3.325700,58.839539
3.325800,58.838959
3.325900,58.839092
3.326000,58.838807
3.326100,58.839040
3.326200,58.838634
3.326300,58.838930
3.326400,58.839023
3.326500,58.838789
3.326600,58.838707
3.326700,58.838926
3.326800,58.838771
3.326900,58.838302
3.327000,58.838274
3.327100,58.838139
3.327200,58.838543
3.327300,58.838916
3.327400,58.838343
3.327500,58.837921
3.327600,58.838015
3.327700,58.837221
3.327800,58.838333
3.327900,58.838891
3.328000,58.837700
3.328100,58.837842
3.328200,58.837739
3.328300,58.837801
3.328400,58.837898
3.328500,58.837004
3.328600,58.836483
3.328700,58.836199
3.328800,58.838206
3.328900,58.837333
3.329000,58.838714
3.329100,58.837660
3.329200,58.838168
3.329300,58.836269
3.329400,58.837137
3.329500,58.834565
3.329600,58.833575
3.329700,58.837192
3.329800,58.834406
3.329900,58.835345
3.330000,58.833110
3.330100,58.840252
3.330200,58.839487
3.330300,58.839897
3.330400,58.833429
3.330500,58.829626
3.330600,58.823599
3.330700,58.831796
3.330800,58.834125
3.330900,58.837367
3.331000,58.855464
3.331100,58.841414
3.331200,58.846064
3.331300,58.830281
3.331400,58.827568
3.331500,58.829293
3.331600,58.830620
3.331700,58.831300
3.331800,58.830864
3.331900,58.830923
3.332000,58.831968
3.332100,58.831474
3.332200,58.830512
3.332300,58.831295
3.332400,58.832027
3.332500,58.831428
3.332600,58.831396
3.332700,58.830315
3.332800,58.830631
3.332900,58.830325
3.333000,58.829582
3.333100,58.829810
3.333200,58.830056
3.333300,58.830009
3.333400,58.829397
3.333500,58.829272
3.333600,58.829569
3.333700,58.829653
3.333800,58.829585
3.333900,58.829426
3.334000,58.829160
3.334100,58.829294
3.334200,58.828929
3.334300,58.829084
3.334400,58.828358
3.334500,58.828717
3.334600,58.829258
3.334700,58.829300
3.334800,58.828985
3.334900,58.828989
3.335000,58.828848
3.335100,58.828833
3.335200,58.829109
3.335300,58.828320
3.335400,58.828370
3.335500,58.827844
3.335600,58.827742
3.335700,58.828478
3.335800,58.828470
3.335900,58.828628
3.336000,58.828353
3.336100,58.828324
3.336200,58.828721
3.336300,58.827682
3.336400,58.827672
3.336500,58.827942
3.336600,58.827855
3.336700,58.828791
3.336800,58.828464
3.336900,58.828028
3.337000,58.828380
3.337100,58.828087
3.337200,58.827494
3.337300,58.827862
3.337400,58.829406
3.337500,58.828276
3.337600,58.827187
3.337700,58.827164
3.337800,58.829232
3.337900,58.827260
3.338000,58.825988
3.338100,58.828643
3.338200,58.829555
3.338300,58.827499
3.338400,58.824892
3.338500,58.820918
3.338600,58.820804
3.338700,58.821117
3.338800,58.822826
3.338900,58.820742
3.339000,58.811618
3.339100,58.812837
3.339200,58.820640
3.339300,58.818056
3.339400,58.812050
3.339500,58.833171
3.339600,58.822479
3.339700,58.822911
3.339800,58.823815
3.339900,58.823802
3.340000,58.823704
3.340100,58.821051
3.340200,58.821725
3.340300,58.821598
3.340400,58.820800
3.340500,58.821823
3.340600,58.821861
3.340700,58.822543
3.340800,58.822123
3.340900,58.821595
3.341000,58.821288
3.341100,58.821403
3.341200,58.822494
3.341300,58.821292
3.341400,58.821305
3.341500,58.821196
3.341600,58.821366
3.341700,58.820628
3.341800,58.820515
3.341900,58.820751
3.342000,58.820597
3.342100,58.820626
3.342200,58.820505
3.342300,58.820640
3.342400,58.820847
3.342500,58.820518
3.342600,58.820676
3.342700,58.820391
3.342800,58.820641
3.342900,58.820663
3.343000,58.820233
3.343100,58.820040
3.343200,58.819925
3.343300,58.819805
3.343400,58.820034
3.343500,58.820250
3.343600,58.820319
3.343700,58.819807
3.343800,58.819692
3.343900,58.819738
3.344000,58.819806
3.344100,58.819892
3.344200,58.819537
3.344300,58.819154
3.344400,58.819257
3.344500,58.819616
3.344600,58.819157
3.344700,58.818599
3.344800,58.818253
3.344900,58.818536
3.345000,58.819435
3.345100,58.819202
3.345200,58.819379
3.345300,58.819385
3.345400,58.818581
3.345500,58.820230
3.345600,58.818934
3.345700,58.820798
3.345800,58.821690
3.345900,58.821354
3.346000,58.820041
3.346100,58.817406
3.346200,58.819180
3.346300,58.820687
3.346400,58.817494
3.346500,58.820819
3.346600,58.816865
3.346700,58.816525
3.346800,58.818458
3.346900,58.820399
3.347000,58.817956
3.347100,58.818966
3.347200,58.810573
3.347300,58.810657
3.347400,58.821802
3.347500,58.814560
3.347600,58.804432
3.347700,58.813378
3.347800,58.793310
3.347900,58.807388
3.348000,58.802617
3.348100,58.807679
3.348200,58.802702
3.348300,58.794816
3.348400,58.788796
3.348500,58.795596
3.348600,58.794168
3.348700,58.794935
3.348800,58.794684
3.348900,58.794437
3.349000,58.793295
3.349100,58.794744
3.349200,58.795905
3.349300,58.794663
3.349400,58.794400
3.349500,58.794371
3.349600,58.794911
3.349700,58.795442
3.349800,58.794506
3.349900,58.794352
3.350000,58.793760
3.350100,58.793735
3.350200,58.793282
3.350300,58.793130
3.350400,58.793576
3.350500,58.793227
3.350600,58.793212
3.350700,58.793601
3.350800,58.793675
3.350900,58.793440
3.351000,58.793369
3.351100,58.793224
3.351200,58.793120
3.351300,58.793229
3.351400,58.793076
3.351500,58.793158
3.351600,58.793277
3.351700,58.792759
3.351800,58.793004
3.351900,58.792992
3.352000,58.792855
3.352100,58.793210
3.352200,58.792729
3.352300,58.792634
3.352400,58.792496
3.352500,58.791935
3.352600,58.792529
3.352700,58.792420
3.352800,58.792406
3.352900,58.792013
3.353000,58.792182
3.353100,58.792215
3.353200,58.791864
3.353300,58.792185
3.353400,58.791524
3.353500,58.792099
3.353600,58.792402
3.353700,58.791365
3.353800,58.791980
3.353900,58.793149
3.354000,58.792306
3.354100,58.791739
3.354200,58.791730
3.354300,58.792748
3.354400,58.792851
3.354500,58.790436
3.354600,58.792441
3.354700,58.793440
3.354800,58.792711
3.354900,58.793888
3.355000,58.791682
3.355100,58.791345
3.355200,58.792702
3.355300,58.795247
3.355400,58.792602
3.355500,58.790697
3.355600,58.794687
3.355700,58.802110
3.355800,58.803122
3.355900,58.794109
3.356000,58.807751
3.356100,58.811918
3.356200,58.805017
3.356300,58.791577
3.356400,58.799024
3.356500,58.817494
3.356600,58.822906
3.356700,58.809130
3.356800,58.793099
3.356900,58.795675
3.357000,58.803172
3.357100,58.807422
3.357200,58.808789
3.357300,58.808286
3.357400,58.808212
3.357500,58.808554
3.357600,58.809354
3.357700,58.809533
3.357800,58.808965
3.357900,58.807996
3.358000,58.807733
3.358100,58.807331
3.358200,58.807994
3.358300,58.808636
3.358400,58.808102
3.358500,58.808026
3.358600,58.807531
3.358700,58.807556
3.358800,58.806980
3.358900,58.807098
3.359000,58.807076
3.359100,58.807209
3.359200,58.807201
3.359300,58.807292
3.359400,58.807120
3.359500,58.807345
3.359600,58.807391
3.359700,58.807442
3.359800,58.806720
3.359900,58.806673
3.360000,58.806401
3.360100,58.806848
3.360200,58.806628
3.360300,58.806810
3.360400,58.806712
3.360500,58.806517
3.360600,58.806905
3.360700,58.806509
3.360800,58.806721
3.360900,58.806641
3.361000,58.806500
3.361100,58.806093
3.361200,58.806417
3.361300,58.806141
3.361400,58.805826
3.361500,58.806625
3.361600,58.806214
3.361700,58.806567
3.361800,58.807008
3.361900,58.806171
3.362000,58.805624
3.362100,58.805381
3.362200,58.805282
3.362300,58.805614
3.362400,58.805668
3.362500,58.805841
3.362600,58.804949
3.362700,58.805722
3.362800,58.805067
3.362900,58.805751
3.363000,58.805317
3.363100,58.805427
3.363200,58.806821
3.363300,58.807608
3.363400,58.805741
3.363500,58.809063
3.363600,58.808353
3.363700,58.809600
3.363800,58.807820
3.363900,58.802836
3.364000,58.806220
3.364100,58.803196
3.364200,58.804086
3.364300,58.794694
3.364400,58.805462
3.364500,58.812946
3.364600,58.824857
3.364700,58.812034
3.364800,58.819654
3.364900,58.801930
3.365000,58.824077
3.365100,58.846104
3.365200,58.866942
3.365300,58.862106
3.365400,58.862489
3.365500,58.860212
3.365600,58.856484
3.365700,58.856282
3.365800,58.856168
3.365900,58.856072
3.366000,58.854949
3.366100,58.855046
3.366200,58.855528
3.366300,58.856841
3.366400,58.855814
3.366500,58.855159
3.366600,58.855746
3.366700,58.855386
3.366800,58.854888
3.366900,58.854256
3.367000,58.854776
3.367100,58.854762
3.367200,58.855242
3.367300,58.855493
3.367400,58.855602
3.367500,58.855293
3.367600,58.855270
3.367700,58.854839
3.367800,58.854952
3.367900,58.854927
3.368000,58.855177
3.368100,58.854628
3.368200,58.854963
3.368300,58.854978
3.368400,58.855053
3.368500,58.854829
3.368600,58.854603
3.368700,58.854961
3.368800,58.854883
3.368900,58.854936
3.369000,58.854826
3.369100,58.854840
3.369200,58.854523
3.369300,58.855071
3.369400,58.854578
3.369500,58.854255
3.369600,58.854443
3.369700,58.854368
3.369800,58.854234
3.369900,58.854086
3.370000,58.853776
3.370100,58.853212
3.370200,58.854150
3.370300,58.854065
3.370400,58.853289
3.370500,58.854055
3.370600,58.854223
3.370700,58.854066
3.370800,58.853987
3.370900,58.853442
3.371000,58.853904
3.371100,58.854038
3.371200,58.854097
3.371300,58.854127
3.371400,58.854554
3.371500,58.852715
3.371600,58.853078
3.371700,58.853210
3.371800,58.851786
3.371900,58.852152
3.372000,58.852049
3.372100,58.851281
3.372200,58.855381
3.372300,58.858545
3.372400,58.861025
3.372500,58.854547
3.372600,58.854116
3.372700,58.849313
3.372800,58.844061
3.372900,58.848444
3.373000,58.834210
3.373100,58.849518
3.373200,58.854439
3.373300,58.836281
3.373400,58.824144
3.373500,58.826951
3.373600,58.845865
3.373700,58.844606
3.373800,58.829847
3.373900,58.832669
3.374000,58.828067
3.374100,58.828432
3.374200,58.829375
3.374300,58.829309
3.374400,58.829354
3.374500,58.828716
3.374600,58.828184
3.374700,58.828203
3.374800,58.826888
3.374900,58.828204
3.375000,58.828854
3.375100,58.827773
3.375200,58.828602
3.375300,58.828884
3.375400,58.828053
3.375500,58.828398
3.375600,58.827834
3.375700,58.827742
3.375800,58.827979
3.375900,58.827705
3.376000,58.827559
3.376100,58.827515
3.376200,58.827530
3.376300,58.827199
3.376400,58.827569
3.376500,58.827612
3.376600,58.827813
3.376700,58.827408
3.376800,58.827563
3.376900,58.827481
3.377000,58.827924
3.377100,58.827318
3.377200,58.827581
3.377300,58.827701
3.377400,58.827281
3.377500,58.827107
3.377600,58.827270
3.377700,58.826747
3.377800,58.827081
3.377900,58.827121
3.378000,58.826717
3.378100,58.826936
3.378200,58.826586
3.378300,58.826575
3.378400,58.827142
3.378500,58.826470
3.378600,58.826449
3.378700,58.826723
3.378800,58.826990
3.378900,58.826724
3.379000,58.826235
3.379100,58.826001
3.379200,58.826575
3.379300,58.826092
3.379400,58.825782
3.379500,58.825449
3.379600,58.825729
3.379700,58.825505
3.379800,58.825080
3.379900,58.825750
3.380000,58.827511
3.380100,58.827964
3.380200,58.825332
3.380300,58.825446
3.380400,58.824302
3.380500,58.826754
3.380600,58.824073
3.380700,58.819652
3.380800,58.822290
3.380900,58.820901
3.381000,58.818203
3.381100,58.825630
3.381200,58.826511
3.381300,58.822967
3.381400,58.824479
3.381500,58.817959
3.381600,58.804900
3.381700,58.803556
3.381800,58.790695
3.381900,58.808080
3.382000,58.807897
3.382100,58.818837
3.382200,58.806893
3.382300,58.809874
3.382400,58.799684
3.382500,58.797154
3.382600,58.798665
3.382700,58.799022
3.382800,58.798857
3.382900,58.799362
3.383000,58.798110
3.383100,58.796636
3.383200,58.796417
3.383300,58.797017
3.383400,58.797272
3.383500,58.797219
3.383600,58.798236
3.383700,58.797724
3.383800,58.797095
3.383900,58.797206
3.384000,58.797188
3.384100,58.797588
3.384200,58.796829
3.384300,58.797225
3.384400,58.797084
3.384500,58.797415
3.384600,58.796864
3.384700,58.796825
3.384800,58.796744
3.384900,58.796901
3.385000,58.796775
3.385100,58.796698
3.385200,58.796304
3.385300,58.796484
3.385400,58.796451
3.385500,58.796452
3.385600,58.796527
3.385700,58.795998
3.385800,58.796171
3.385900,58.796289
3.386000,58.796115
3.386100,58.795736
3.386200,58.795844
3.386300,58.796108
3.386400,58.795770
3.386500,58.796060
3.386600,58.795900
3.386700,58.795869
3.386800,58.796010
3.386900,58.795257
3.387000,58.795793
3.387100,58.796122
3.387200,58.796242
3.387300,58.795637
3.387400,58.795458
3.387500,58.795478
3.387600,58.795272
3.387700,58.794727
3.387800,58.795918
3.387900,58.795242
3.388000,58.796231
3.388100,58.796140
3.388200,58.796451
3.388300,58.795654
3.388400,58.795264
3.388500,58.795296
3.388600,58.792753
3.388700,58.794063
3.388800,58.794698
3.388900,58.797858
3.389000,58.797524
3.389100,58.798697
3.389200,58.798385
3.389300,58.793492
3.389400,58.792959
3.389500,58.796440
3.389600,58.795140
3.389700,58.795499
3.389800,58.793051
3.389900,58.802666
3.390000,58.792926
3.390100,58.792447
3.390200,58.790569
3.390300,58.782853
3.390400,58.780508
3.390500,58.781535
3.390600,58.794905
3.390700,58.801063
3.390800,58.805515
3.390900,58.812604
3.391000,58.806706
3.391100,58.807543
3.391200,58.807368
3.391300,58.807427
3.391400,58.808285
3.391500,58.808409
3.391600,58.809050
3.391700,58.808846
3.391800,58.808899
3.391900,58.807990
3.392000,58.806787
3.392100,58.807794
3.392200,58.806649
3.392300,58.806886
3.392400,58.806734
3.392500,58.806928
3.392600,58.807564
3.392700,58.806715
3.392800,58.806231
3.392900,58.806276
3.393000,58.806630
3.393100,58.806873
3.393200,58.806923
3.393300,58.806508
3.393400,58.806085
3.393500,58.806287
3.393600,58.805920
3.393700,58.806305
3.393800,58.806110
3.393900,58.806022
3.394000,58.806556
3.394100,58.806383
3.394200,58.806237
3.394300,58.806304
3.394400,58.805760
3.394500,58.805437
3.394600,58.805201
3.394700,58.805034
3.394800,58.805538
3.394900,58.805300
3.395000,58.805703
3.395100,58.805100
3.395200,58.805429
3.395300,58.805252
3.395400,58.805594
3.395500,58.805289
3.395600,58.805790
3.395700,58.805515
3.395800,58.805286
3.395900,58.805230
3.396000,58.805595
3.396100,58.804854
3.396200,58.805693
3.396300,58.805020
3.396400,58.804977
3.396500,58.804683
3.396600,58.804403
3.396700,58.804145
3.396800,58.805421
3.396900,58.804622
3.397000,58.805128
3.397100,58.803817
3.397200,58.804608
3.397300,58.804178
3.397400,58.804752
3.397500,58.804757
3.397600,58.804319
3.397700,58.803083
3.397800,58.805399
3.397900,58.810521
3.398000,58.804874
3.398100,58.804911
3.398200,58.800053
3.398300,58.803207
3.398400,58.795544
3.398500,58.791389
3.398600,58.803785
3.398700,58.802317
3.398800,58.809459
3.398900,58.805046
3.399000,58.803537
3.399100,58.785301
3.399200,58.800580
3.399300,58.803374
3.399400,58.795350
3.399500,58.799508
3.399600,58.796817
3.399700,58.797574
3.399800,58.797339
3.399900,58.796780
3.400000,58.796941
3.400100,58.795274
3.400200,58.795161
3.400300,58.796129
3.400400,58.796433
3.400500,58.795478
3.400600,58.796560
3.400700,58.796335
3.400800,58.797015
3.400900,58.797116
3.401000,58.796325
3.401100,58.795895
3.401200,58.796278
3.401300,58.796287
3.401400,58.796754
3.401500,58.796222
3.401600,58.796468
3.401700,58.796112
3.401800,58.795716
3.401900,58.795785
3.402000,58.795870
3.402100,58.795859
3.402200,58.795491
3.402300,58.795720
3.402400,58.795488
3.402500,58.795215
3.402600,58.795452
3.402700,58.795435
3.402800,58.795231
3.402900,58.795517
3.403000,58.795444
3.403100,58.795099
3.403200,58.795317
3.403300,58.794526
3.403400,58.794887
3.403500,58.795217
3.403600,58.795351
3.403700,58.795182
3.403800,58.795706
3.403900,58.795243
3.404000,58.794645
3.404100,58.794427
3.404200,58.794160
3.404300,58.794966
3.404400,58.794346
3.404500,58.794076
3.404600,58.794500
3.404700,58.795780
3.404800,58.794797
3.404900,58.795405
3.405000,58.793775
3.405100,58.795018
3.405200,58.794546
3.405300,58.794302
3.405400,58.794921
3.405500,58.794287
3.405600,58.793502
3.405700,58.794878
3.405800,58.796310
3.405900,58.793125
3.406000,58.792035
3.406100,58.790071
3.406200,58.792734
3.406300,58.790295
3.406400,58.789472
3.406500,58.789454
3.406600,58.796962
3.406700,58.801728
3.406800,58.797197
3.406900,58.802245
3.407000,58.801570
3.407100,58.789187
3.407200,58.782632
3.407300,58.781758
3.407400,58.799080
3.407500,58.809869
3.407600,58.826914
3.407700,58.808556
3.407800,58.808158
3.407900,58.796588
3.408000,58.801346
3.408100,58.801698
3.408200,58.800279
3.408300,58.800223
3.408400,58.800083
3.408500,58.800220
3.408600,58.799655
3.408700,58.799799
3.408800,58.798515
3.408900,58.799304
3.409000,58.799098
3.409100,58.799426
3.409200,58.799089
3.409300,58.799129
3.409400,58.798893
3.409500,58.799259
3.409600,58.799060
3.409700,58.798755
3.409800,58.798465
3.409900,58.798729
3.410000,58.798471
3.410100,58.798614
3.410200,58.798671
3.410300,58.798671
3.410400,58.798818
3.410500,58.798340
3.410600,58.798080
3.410700,58.797807
3.410800,58.798198
3.410900,58.797982
3.411000,58.797888
3.411100,58.798156
3.411200,58.798242
3.411300,58.798471
3.411400,58.797796
3.411500,58.797617
3.411600,58.797141
3.411700,58.797170
3.411800,58.797800
3.411900,58.798183
3.412000,58.798097
3.412100,58.797562
3.412200,58.797200
3.412300,58.797397
3.412400,58.797401
3.412500,58.797655
3.412600,58.796966
3.412700,58.797949
3.412800,58.797360
3.412900,58.797970
3.413000,58.797661
3.413100,58.796464
3.413200,58.796027
3.413300,58.796857
3.413400,58.796771
3.413500,58.797682
3.413600,58.797422
3.413700,58.796670
3.413800,58.795902
3.413900,58.797200
3.414000,58.796826
3.414100,58.794788
3.414200,58.797602
3.414300,58.796547
3.414400,58.795589
3.414500,58.796599
3.414600,58.795853
3.414700,58.794504
3.414800,58.794967
3.414900,58.800659
3.415000,58.794039
3.415100,58.799200
3.415200,58.798073
3.415300,58.793654
3.415400,58.785968
3.415500,58.791492
3.415600,58.788167
3.415700,58.786537
3.415800,58.794867
3.415900,58.791805
3.416000,58.793406
3.416100,58.792370
3.416200,58.803571
3.416300,58.794059
3.416400,58.796448
3.416500,58.798578
3.416600,58.797045
3.416700,58.796011
3.416800,58.796084
3.416900,58.796087
3.417000,58.796546
3.417100,58.796859
3.417200,58.797026
3.417300,58.795336
3.417400,58.796223
3.417500,58.795612
3.417600,58.796053
3.417700,58.796396
3.417800,58.796809
3.417900,58.796388
3.418000,58.796350
3.418100,58.796001
3.418200,58.796156
3.418300,58.796536
3.418400,58.795941
3.418500,58.796048
3.418600,58.795480
3.418700,58.795333
3.418800,58.795430
3.418900,58.795575
3.419000,58.794960
3.419100,58.795294
3.419200,58.795190
3.419300,58.794960
3.419400,58.795058
3.419500,58.795288
3.419600,58.795259
3.419700,58.795205
3.419800,58.794538
3.419900,58.794504
3.420000,58.794801
3.420100,58.794908
3.420200,58.794858
3.420300,58.794517
3.420400,58.794635
3.420500,58.794575
3.420600,58.794809
3.420700,58.795284
3.420800,58.795027
3.420900,58.795211
3.421000,58.795214
3.421100,58.794899
3.421200,58.794116
3.421300,58.794287
3.421400,58.793951
3.421500,58.793700
3.421600,58.794172
3.421700,58.792833
3.421800,58.794356
3.421900,58.795188
3.422000,58.794730
3.422100,58.794310
3.422200,58.793851
3.422300,58.793709
3.422400,58.794268
3.422500,58.793554
3.422600,58.794131
3.422700,58.793312
3.422800,58.793474
3.422900,58.793227
3.423000,58.796729
3.423100,58.793189
3.423200,58.791639
3.423300,58.789979
3.423400,58.792218
3.423500,58.794118
3.423600,58.796519
3.423700,58.798765
3.423800,58.790247
3.423900,58.801398
3.424000,58.793538
3.424100,58.783056
3.424200,58.778026
3.424300,58.792504
3.424400,58.778710
3.424500,58.801743
3.424600,58.803851
3.424700,58.794347
3.424800,58.797680
3.424900,58.794342
3.425000,58.793791
3.425100,58.796301
3.425200,58.794473
3.425300,58.794296
3.425400,58.793879
3.425500,58.794776
3.425600,58.794094
3.425700,58.793823
3.425800,58.793797
3.425900,58.794377
3.426000,58.793976
3.426100,58.793934
3.426200,58.794024
3.426300,58.792909
3.426400,58.793061
3.426500,58.792590
3.426600,58.792595
3.426700,58.793022
3.426800,58.792785
3.426900,58.793148
3.427000,58.792675
3.427100,58.792810
3.427200,58.792637
3.427300,58.792392
3.427400,58.792778
3.427500,58.792285
3.427600,58.792652
3.427700,58.792443
3.427800,58.792303
3.427900,58.792722
3.428000,58.792490
3.428100,58.791931
3.428200,58.792323
3.428300,58.792219
3.428400,58.792097
3.428500,58.791860
3.428600,58.791635
3.428700,58.792095
3.428800,58.792003
3.428900,58.791698
3.429000,58.792013
3.429100,58.791537
3.429200,58.791291
3.429300,58.791023
3.429400,58.790694
3.429500,58.791206
3.429600,58.791743
3.429700,58.791601
3.429800,58.791288
3.429900,58.791601
3.430000,58.791214
3.430100,58.791021
3.430200,58.791463
3.430300,58.791165
3.430400,58.791262
3.430500,58.791311
3.430600,58.790522
3.430700,58.789565
3.430800,58.789594
3.430900,58.789975
3.431000,58.791846
3.431100,58.791984
3.431200,58.792111
3.431300,58.791745
3.431400,58.792651
3.431500,58.790416
3.431600,58.789890
3.431700,58.787945
3.431800,58.790477
3.431900,58.791934
3.432000,58.785519
3.432100,58.788092
3.432200,58.790782
3.432300,58.797106
3.432400,58.785563
3.432500,58.784903
3.432600,58.770140
3.432700,58.773750
3.432800,58.784686
3.432900,58.763943
3.433000,58.768063
3.433100,58.754255
3.433200,58.753689
3.433300,58.757762
3.433400,58.763415
3.433500,58.765176
3.433600,58.762456
3.433700,58.763028
3.433800,58.762678
3.433900,58.762288
3.434000,58.762637
3.434100,58.760926
3.434200,58.760789
3.434300,58.760564
3.434400,58.759029
3.434500,58.760396
3.434600,58.759754
3.434700,58.760176
3.434800,58.760493
3.434900,58.759815
3.435000,58.760023
3.435100,58.760792
3.435200,58.759890
3.435300,58.760065
3.435400,58.760199
3.435500,58.759894
3.435600,58.759738
3.435700,58.759847
3.435800,58.759627
3.435900,58.759568
3.436000,58.759424
3.436100,58.759743
3.436200,58.759646
3.436300,58.759637
3.436400,58.759750
3.436500,58.759686
3.436600,58.759324
3.436700,58.759398
3.436800,58.759457
3.436900,58.759404
3.437000,58.759109
3.437100,58.758755
3.437200,58.759131
3.437300,58.759032
3.437400,58.759179
3.437500,58.758863
3.437600,58.758767
3.437700,58.758839
3.437800,58.758661
3.437900,58.758537
3.438000,58.759066
3.438100,58.758914
3.438200,58.759164
3.438300,58.758315
3.438400,58.758224
3.438500,58.758740
3.438600,58.757504
3.438700,58.758336
3.438800,58.759620
3.438900,58.758342
3.439000,58.759027
3.439100,58.757904
3.439200,58.757334
3.439300,58.758583
3.439400,58.757803
3.439500,58.758491
3.439600,58.759428
3.439700,58.760115
3.439800,58.759942
3.439900,58.760664
3.440000,58.757570
3.440100,58.758673
3.440200,58.756616
3.440300,58.757201
3.440400,58.755722
3.440500,58.758375
3.440600,58.756317
3.440700,58.755773
3.440800,58.764029
3.440900,58.769798
3.441000,58.757599
3.441100,58.752503
3.441200,58.764042
3.441300,58.754320
3.441400,58.757807
3.441500,58.758424
3.441600,58.751797
3.441700,58.766216
3.441800,58.756345
3.441900,58.750196
3.442000,58.755160
3.442100,58.757207
3.442200,58.756650
3.442300,58.756864
3.442400,58.757284
3.442500,58.758061
3.442600,58.757646
3.442700,58.757024
3.442800,58.757762
3.442900,58.756148
3.443000,58.756242
3.443100,58.754774
3.443200,58.755371
3.443300,58.755360
3.443400,58.754995
3.443500,58.755158
3.443600,58.755407
3.443700,58.755222
3.443800,58.754828
3.443900,58.755258
3.444000,58.754825
3.444100,58.754673
3.444200,58.754676
3.444300,58.754544
3.444400,58.754648
3.444500,58.755051
3.444600,58.754736
3.444700,58.755264
3.444800,58.754592
3.444900,58.754212
3.445000,58.753978
3.445100,58.754470
3.445200,58.754412
3.445300,58.754079
3.445400,58.753868
3.445500,58.754070
3.445600,58.753645
3.445700,58.753931
3.445800,58.753825
3.445900,58.753508
3.446000,58.753637
3.446100,58.753805
3.446200,58.753564
3.446300,58.753665
3.446400,58.753505
3.446500,58.753863
3.446600,58.753365
3.446700,58.754222
3.446800,58.753455
3.446900,58.753844
3.447000,58.753257
3.447100,58.753967
3.447200,58.752980
3.447300,58.751983
3.447400,58.752901
3.447500,58.752605
3.447600,58.753064
3.447700,58.752952
3.447800,58.752162
3.447900,58.751636
3.448000,58.753095
3.448100,58.752435
3.448200,58.750152
3.448300,58.753178
3.448400,58.753102
3.448500,58.753739
3.448600,58.753058
3.448700,58.751821
3.448800,58.753543
3.448900,58.758881
3.449000,58.759085
3.449100,58.755612
3.449200,58.754734
3.449300,58.757568
3.449400,58.756290
3.449500,58.756731
3.449600,58.763301
3.449700,58.763708
3.449800,58.765973
3.449900,58.772584
3.450000,58.766613
3.450100,58.782939
3.450200,58.775724
3.450300,58.762491
3.450400,58.774576
3.450500,58.771006
3.450600,58.776582
3.450700,58.775214
3.450800,58.775463
3.450900,58.775673
3.451000,58.774770
3.451100,58.773191
3.451200,58.772041
3.451300,58.772342
3.451400,58.772414
3.451500,58.773322
3.451600,58.772368
3.451700,58.773037
3.451800,58.773834
3.451900,58.774135
3.452000,58.775017
3.452100,58.774104
3.452200,58.773768
3.452300,58.773773
3.452400,58.774122
3.452500,58.774139
3.452600,58.774054
3.452700,58.773664
3.452800,58.773517
3.452900,58.773658
3.453000,58.773152
3.453100,58.773406
3.453200,58.773730
3.453300,58.773330
3.453400,58.773846
3.453500,58.773552
3.453600,58.773250
3.453700,58.773400
3.453800,58.773017
3.453900,58.773020
3.454000,58.773124
3.454100,58.773356
3.454200,58.773101
3.454300,58.772614
3.454400,58.773254
3.454500,58.772760
3.454600,58.772917
3.454700,58.773052
3.454800,58.773389
3.454900,58.772618
3.455000,58.772595
3.455100,58.771879
3.455200,58.772473
3.455300,58.772986
3.455400,58.772106
3.455500,58.772756
3.455600,58.771494
3.455700,58.771299
3.455800,58.772662
3.455900,58.771606
3.456000,58.772540
3.456100,58.772544
3.456200,58.772149
3.456300,58.772219
3.456400,58.771974
3.456500,58.772642
3.456600,58.772526
3.456700,58.772233
3.456800,58.772219
3.456900,58.774044
3.457000,58.770670
3.457100,58.770404
3.457200,58.771422
3.457300,58.770451
3.457400,58.765770
3.457500,58.766770
3.457600,58.768496
3.457700,58.768706
3.457800,58.771148
3.457900,58.772418
3.458000,58.772090
3.458100,58.776582
3.458200,58.786207
3.458300,58.778808
3.458400,58.775827
3.458500,58.790992
3.458600,58.804382
3.458700,58.824716
3.458800,58.819417
3.458900,58.817879
3.459000,58.817457
3.459100,58.815829
3.459200,58.815942
3.459300,58.816223
3.459400,58.816173
3.459500,58.815732
3.459600,58.816049
3.459700,58.817147
3.459800,58.817276
3.459900,58.818145
3.460000,58.817770
3.460100,58.817360
3.460200,58.817507
3.460300,58.817310
3.460400,58.817601
3.460500,58.817359
3.460600,58.817082
3.460700,58.817331
3.460800,58.816612
3.460900,58.816954
3.461000,58.817383
3.461100,58.816551
3.461200,58.816408
3.461300,58.816479
3.461400,58.816639
3.461500,58.816922
3.461600,58.816635
3.461700,58.816838
3.461800,58.816279
3.461900,58.816232
3.462000,58.816509
3.462100,58.816693
3.462200,58.816488
3.462300,58.816488
3.462400,58.816554
3.462500,58.816495
3.462600,58.816193
3.462700,58.816159
3.462800,58.816339
3.462900,58.816396
3.463000,58.816258
3.463100,58.816854
3.463200,58.816122
3.463300,58.816537
3.463400,58.816792
3.463500,58.816320
3.463600,58.815642
3.463700,58.816051
3.463800,58.815945
3.463900,58.816527
3.464000,58.816156
3.464100,58.815653
3.464200,58.816098
3.464300,58.816219
3.464400,58.815765
3.464500,58.815571
3.464600,58.815937
3.464700,58.814913
3.464800,58.816194
3.464900,58.814726
3.465000,58.814717
3.465100,58.813081
3.465200,58.811716
3.465300,58.811566
3.465400,58.812581
3.465500,58.814222
3.465600,58.813405
3.465700,58.815963
3.465800,58.811193
3.465900,58.808891
3.466000,58.809942
3.466100,58.815147
3.466200,58.815403
3.466300,58.810890
3.466400,58.819135
3.466500,58.814501
3.466600,58.799648
3.466700,58.794811
3.466800,58.808461
3.466900,58.803015
3.467000,58.793385
3.467100,58.797346
3.467200,58.797221
3.467300,58.789020
3.467400,58.782614
3.467500,58.788123
3.467600,58.783666
3.467700,58.782119
3.467800,58.782739
3.467900,58.782701
3.468000,58.782821
3.468100,58.782935
3.468200,58.782921
3.468300,58.784431
3.468400,58.783428
3.468500,58.782498
3.468600,58.783507
3.468700,58.783412
3.468800,58.783345
3.468900,58.783519
3.469000,58.782871
3.469100,58.782867
3.469200,58.782274
3.469300,58.782427
3.469400,58.782426
3.469500,58.782310
3.469600,58.782523
3.469700,58.782335
3.469800,58.782136
3.469900,58.781866
3.470000,58.782403
3.470100,58.781977
3.470200,58.782293
3.470300,58.781919
3.470400,58.781710
3.470500,58.781745
3.470600,58.781720
3.470700,58.782094
3.470800,58.782266
3.470900,58.781683
3.471000,58.781622
3.471100,58.781642
3.471200,58.781148
3.471300,58.781084
3.471400,58.781344
3.471500,58.781283
3.471600,58.781481
3.471700,58.781574
3.471800,58.781008
3.471900,58.780750
3.472000,58.780752
3.472100,58.780088
3.472200,58.780531
3.472300,58.780765
3.472400,58.780984
3.472500,58.781893
3.472600,58.780721
3.472700,58.780250
3.472800,58.779868
3.472900,58.780047
3.473000,58.780266
3.473100,58.780936
3.473200,58.779978
3.473300,58.779221
3.473400,58.778967
3.473500,58.778394
3.473600,58.780879
3.473700,58.781285
3.473800,58.783756
3.473900,58.780841
3.474000,58.778815
3.474100,58.774816
3.474200,58.778118
3.474300,58.776558
3.474400,58.777813
3.474500,58.777280
3.474600,58.780422
3.474700,58.784086
3.474800,58.776501
3.474900,58.786151
3.475000,58.784305
3.475100,58.790493
3.475200,58.785948
3.475300,58.775932
3.475400,58.756899
3.475500,58.738002
3.475600,58.730724
3.475700,58.728836
3.475800,58.724835
3.475900,58.722725
3.476000,58.725343
3.476100,58.726312
3.476200,58.727438
3.476300,58.727776
3.476400,58.727681
3.476500,58.728536
3.476600,58.727856
3.476700,58.728475
3.476800,58.727148
3.476900,58.726958
3.477000,58.727057
3.477100,58.726840
3.477200,58.726838
3.477300,58.727465
3.477400,58.727123
3.477500,58.727195
3.477600,58.727008
3.477700,58.726695
3.477800,58.726325
3.477900,58.726508
3.478000,58.726521
3.478100,58.726581
3.478200,58.726271
3.478300,58.726251
3.478400,58.726501
3.478500,58.726563
3.478600,58.726457
3.478700,58.726724
3.478800,58.726233
3.478900,58.726501
3.479000,58.726067
3.479100,58.725849
3.479200,58.725619
3.479300,58.725455
3.479400,58.725687
3.479500,58.725515
3.479600,58.725782
3.479700,58.725623
3.479800,58.725198
3.479900,58.725496
3.480000,58.724816
3.480100,58.725469
3.480200,58.725528
3.480300,58.725079
3.480400,58.725678
3.480500,58.725285
3.480600,58.725444
3.480700,58.725101
3.480800,58.724897
3.480900,58.723998
3.481000,58.723879
3.481100,58.724056
3.481200,58.724643
3.481300,58.724479
3.481400,58.724533
3.481500,58.724164
3.481600,58.725665
3.481700,58.724370
3.481800,58.725490
3.481900,58.725107
3.482000,58.726073
3.482100,58.724736
3.482200,58.724569
3.482300,58.724328
3.482400,58.724873
3.482500,58.722086
3.482600,58.722362
3.482700,58.722930
3.482800,58.723672
3.482900,58.728989
3.483000,58.724161
3.483100,58.719579
3.483200,58.727165
3.483300,58.724276
3.483400,58.733492
3.483500,58.729773
3.483600,58.719689
3.483700,58.730834
3.483800,58.730615
3.483900,58.741256
3.484000,58.741465
3.484100,58.763380
3.484200,58.743212
3.484300,58.745925
3.484400,58.756370
3.484500,58.749261
3.484600,58.751521
3.484700,58.750718
3.484800,58.751644
3.484900,58.751610
3.485000,58.752114
3.485100,58.752746
3.485200,58.751730
3.485300,58.751288
3.485400,58.751418
3.485500,58.750703
3.485600,58.751368
3.485700,58.750903
3.485800,58.751356
3.485900,58.751989
3.486000,58.751359
3.486100,58.751235
3.486200,58.751819
3.486300,58.751819
3.486400,58.751575
3.486500,58.751258
3.486600,58.751150
3.486700,58.750735
3.486800,58.750698
3.486900,58.750577
3.487000,58.750536
3.487100,58.750824
3.487200,58.750481
3.487300,58.750501
3.487400,58.750445
3.487500,58.750408
3.487600,58.749871
3.487700,58.750446
3.487800,58.750457
3.487900,58.750360
3.488000,58.750450
3.488100,58.750251
3.488200,58.750503
3.488300,58.750387
3.488400,58.750477
3.488500,58.749687
3.488600,58.749878
3.488700,58.749655
3.488800,58.749396
3.488900,58.749812
3.489000,58.749473
3.489100,58.749084
3.489200,58.749869
3.489300,58.749625
3.489400,58.749061
3.489500,58.749340
3.489600,58.749665
3.489700,58.748792
3.489800,58.749781
3.489900,58.750026
3.490000,58.748722
3.490100,58.747923
3.490200,58.749276
3.490300,58.748909
3.490400,58.748730
3.490500,58.750053
3.490600,58.749025
3.490700,58.750982
3.490800,58.752500
3.490900,58.749677
3.491000,58.750735
3.491100,58.749644
3.491200,58.749612
3.491300,58.748618
3.491400,58.750773
3.491500,58.755131
3.491600,58.748567
3.491700,58.751160
3.491800,58.745018
3.491900,58.751256
3.492000,58.758063
3.492100,58.754573
3.492200,58.757294
3.492300,58.745406
3.492400,58.758977
3.492500,58.761849
3.492600,58.748294
3.492700,58.766578
3.492800,58.764766
3.492900,58.767156
3.493000,58.775057
3.493100,58.777963
3.493200,58.777391
3.493300,58.776795
3.493400,58.776759
3.493500,58.777196
3.493600,58.777685
3.493700,58.777095
3.493800,58.778759
3.493900,58.780129
3.494000,58.779563
3.494100,58.778677
3.494200,58.778778
3.494300,58.778261
3.494400,58.778628
3.494500,58.777747
3.494600,58.777492
3.494700,58.777178
3.494800,58.777241
3.494900,58.776927
3.495000,58.777238
3.495100,58.777377
3.495200,58.778077
3.495300,58.777640
3.495400,58.777839
3.495500,58.777601
3.495600,58.777460
3.495700,58.776859
3.495800,58.776770
3.495900,58.777190
3.496000,58.777197
3.496100,58.777555
3.496200,58.777100
3.496300,58.777126
3.496400,58.776986
3.496500,58.776514
3.496600,58.776785
3.496700,58.776401
3.496800,58.776635
3.496900,58.776633
3.497000,58.776434
3.497100,58.776643
3.497200,58.776552
3.497300,58.776281
3.497400,58.775945
3.497500,58.776673
3.497600,58.776586
3.497700,58.776024
3.497800,58.775726
3.497900,58.776075
3.498000,58.776230
3.498100,58.775856
3.498200,58.776799
3.498300,58.777137
3.498400,58.777094
3.498500,58.776531
3.498600,58.775446
3.498700,58.775182
3.498800,58.775979
3.498900,58.773872
3.499000,58.773828
3.499100,58.774430
3.499200,58.775417
3.499300,58.777372
3.499400,58.774540
3.499500,58.773191
3.499600,58.772048
3.499700,58.776298
3.499800,58.775591
3.499900,58.772678
3.500000,58.774071
3.500100,58.772495
3.500200,58.769545
3.500300,58.769265
3.500400,58.768728
3.500500,58.761466
3.500600,58.751543
3.500700,58.760389
3.500800,58.774175
3.500900,58.777437
3.501000,58.773475
3.501100,58.758917
3.501200,58.739097
3.501300,58.741323
3.501400,58.736633
3.501500,58.741050
3.501600,58.734495
3.501700,58.736547
3.501800,58.736877
3.501900,58.736748
3.502000,58.736149
3.502100,58.735233
3.502200,58.735739
3.502300,58.735902
3.502400,58.737212
3.502500,58.737209
3.502600,58.737225
3.502700,58.737308
3.502800,58.736748
3.502900,58.737220
3.503000,58.736383
3.503100,58.736332
3.503200,58.736439
3.503300,58.736155
3.503400,58.736028
3.503500,58.735784
3.503600,58.735931
3.503700,58.736348
3.503800,58.736122
3.503900,58.736470
3.504000,58.736454
3.504100,58.736228
3.504200,58.736221
3.504300,58.735885
3.504400,58.735499
3.504500,58.735743
3.504600,58.735931
3.504700,58.735449
3.504800,58.735197
3.504900,58.735188
3.505000,58.735024
3.505100,58.734895
3.505200,58.735192
3.505300,58.735589
3.505400,58.735229
3.505500,58.735616
3.505600,58.735219
3.505700,58.734839
3.505800,58.735012
3.505900,58.734694
3.506000,58.734438
3.506100,58.734883
3.506200,58.734360
3.506300,58.735210
3.506400,58.734698
3.506500,58.734883
3.506600,58.735124
3.506700,58.735162
3.506800,58.733966
3.506900,58.734069
3.507000,58.733547
3.507100,58.733769
3.507200,58.733733
3.507300,58.734181
3.507400,58.735016
3.507500,58.735214
3.507600,58.734456
3.507700,58.732260
3.507800,58.733272
3.507900,58.734980
3.508000,58.734315
3.508100,58.735059
3.508200,58.732895
3.508300,58.735738
3.508400,58.739616
3.508500,58.735236
3.508600,58.738676
3.508700,58.736108
3.508800,58.735470
3.508900,58.731598
3.509000,58.741231
3.509100,58.737327
3.509200,58.730993
3.509300,58.723368
3.509400,58.704936
3.509500,58.698871
3.509600,58.706135
3.509700,58.716926
3.509800,58.723268
3.509900,58.720946
3.510000,58.727078
3.510100,58.726514
3.510200,58.730192
3.510300,58.730124
3.510400,58.730041
3.510500,58.731034
3.510600,58.731114
3.510700,58.731652
3.510800,58.731601
3.510900,58.730534
3.511000,58.732025
3.511100,58.731379
3.511200,58.730754
3.511300,58.730696
3.511400,58.731282
3.511500,58.731438
3.511600,58.731127
3.511700,58.730865
3.511800,58.730989
3.511900,58.730683
3.512000,58.731038
3.512100,58.730668
3.512200,58.731035
3.512300,58.731410
3.512400,58.730707
3.512500,58.730598
3.512600,58.730467
3.512700,58.730506
3.512800,58.730444
3.512900,58.730464
3.513000,58.730465
3.513100,58.730519
3.513200,58.730428
3.513300,58.730039
3.513400,58.729857
3.513500,58.730466
3.513600,58.730457
3.513700,58.729923
3.513800,58.729730
3.513900,58.729538
3.514000,58.729146
3.514100,58.729332
3.514200,58.729755
3.514300,58.729672
3.514400,58.730170
3.514500,58.729732
3.514600,58.729798
3.514700,58.729182
3.514800,58.729474
3.514900,58.729285
3.515000,58.729437
3.515100,58.728516
3.515200,58.729811
3.515300,58.729521
3.515400,58.728660
3.515500,58.729407
3.515600,58.730353
3.515700,58.730307
3.515800,58.728767
3.515900,58.730761
3.516000,58.730037
3.516100,58.730001
3.516200,58.729844
3.516300,58.729610
3.516400,58.731501
3.516500,58.728498
3.516600,58.728159
3.516700,58.727966
3.516800,58.725928
3.516900,58.722196
3.517000,58.727529
3.517100,58.727195
3.517200,58.727519
3.517300,58.726652
3.517400,58.735072
3.517500,58.734634
3.517600,58.723720
3.517700,58.729664
3.517800,58.746536
3.517900,58.751509
3.518000,58.770687
3.518100,58.755738
3.518200,58.755023
3.518300,58.748952
3.518400,58.755142
3.518500,58.748130
3.518600,58.747566
3.518700,58.745105
3.518800,58.745351
3.518900,58.745193
3.519000,58.745219
3.519100,58.744676
3.519200,58.742995
3.519300,58.742465
3.519400,58.742475
3.519500,58.742873
3.519600,58.743283
3.519700,58.742795
3.519800,58.743386
3.519900,58.742576
3.520000,58.742402
3.520100,58.742763
3.520200,58.742335
3.520300,58.742155
3.520400,58.742037
3.520500,58.741781
3.520600,58.741324
3.520700,58.741793
3.520800,58.742163
3.520900,58.741862
3.521000,58.741595
3.521100,58.741445
3.521200,58.741487
3.521300,58.741216
3.521400,58.741333
3.521500,58.741364
3.521600,58.741180
3.521700,58.741122
3.521800,58.740965
3.521900,58.741273
3.522000,58.741159
3.522100,58.741253
3.522200,58.741441
3.522300,58.740811
3.522400,58.740845
3.522500,58.740811
3.522600,58.740625
3.522700,58.740594
3.522800,58.740267
3.522900,58.740822
3.523000,58.740118
3.523100,58.740532
3.523200,58.740508
3.523300,58.740624
3.523400,58.740477
3.523500,58.740868
3.523600,58.741055
3.523700,58.741014
3.523800,58.740974
3.523900,58.740268
3.524000,58.740738
3.524100,58.739637
3.524200,58.740726
3.524300,58.739909
3.524400,58.740335
3.524500,58.740114
3.524600,58.741549
3.524700,58.739922
3.524800,58.738574
3.524900,58.738039
3.525000,58.737161
3.525100,58.736674
3.525200,58.738635
3.525300,58.742641
3.525400,58.740720
3.525500,58.739438
3.525600,58.735380
3.525700,58.738555
3.525800,58.742544
3.525900,58.747170
3.526000,58.745087
3.526100,58.757413
3.526200,58.753699
3.526300,58.763152
3.526400,58.759656
3.526500,58.746022
3.526600,58.750814
3.526700,58.751742
3.526800,58.754000
3.526900,58.747653
3.527000,58.749116
3.527100,58.752200
3.527200,58.755423
3.527300,58.756005
3.527400,58.755909
3.527500,58.756065
3.527600,58.756180
3.527700,58.754728
3.527800,58.754654
3.527900,58.754855
3.528000,58.756112
3.528100,58.756282
3.528200,58.755850
3.528300,58.755027
3.528400,58.754948
3.528500,58.755014
3.528600,58.754953
3.528700,58.755544
3.528800,58.755511
3.528900,58.755224
3.529000,58.755094
3.529100,58.755485
3.529200,58.755295
3.529300,58.754974
3.529400,58.755066
3.529500,58.755220
3.529600,58.755050
3.529700,58.754682
3.529800,58.754720
3.529900,58.754919
3.530000,58.754836
3.530100,58.754699
3.530200,58.754630
3.530300,58.754212
3.530400,58.754260
3.530500,58.754834
3.530600,58.754868
3.530700,58.754699
3.530800,58.754340
3.530900,58.753992
3.531000,58.754658
3.531100,58.754461
3.531200,58.754561
3.531300,58.754485
3.531400,58.753938
3.531500,58.753416
3.531600,58.753968
3.531700,58.754278
3.531800,58.753769
3.531900,58.754017
3.532000,58.753641
3.532100,58.754037
3.532200,58.754047
3.532300,58.753376
3.532400,58.753644
3.532500,58.753938
3.532600,58.753523
3.532700,58.753423
3.532800,58.752910
3.532900,58.753470
3.533000,58.752867
3.533100,58.753383
3.533200,58.753844
3.533300,58.753813
3.533400,58.753729
3.533500,58.755806
3.533600,58.757519
3.533700,58.754699
3.533800,58.751222
3.533900,58.751651
3.534000,58.753511
3.534100,58.750851
3.534200,58.743582
3.534300,58.751085
3.534400,58.744597
3.534500,58.739045
3.534600,58.736953
3.534700,58.728278
3.534800,58.737724
3.534900,58.736613
3.535000,58.726801
3.535100,58.723586
3.535200,58.730837
3.535300,58.727030
3.535400,58.721878
3.535500,58.719246
3.535600,58.714542
3.535700,58.712665
3.535800,58.713719
3.535900,58.713652
3.536000,58.713433
3.536100,58.713752
3.536200,58.714166
3.536300,58.712941
3.536400,58.713529
3.536500,58.712292
3.536600,58.712646
3.536700,58.713450
3.536800,58.713846
3.536900,58.713968
3.537000,58.714208
3.537100,58.713712
3.537200,58.713457
3.537300,58.713534
3.537400,58.713850
3.537500,58.713820
3.537600,58.713399
3.537700,58.713576
3.537800,58.713675
3.537900,58.713441
3.538000,58.713181
3.538100,58.712936
3.538200,58.712754
3.538300,58.713113
3.538400,58.712798
3.538500,58.712628
3.538600,58.712818
3.538700,58.712558
3.538800,58.713111
3.538900,58.712445
3.539000,58.712547
3.539100,58.712378
3.539200,58.712542
3.539300,58.712448
3.539400,58.712161
3.539500,58.712118
3.539600,58.712157
3.539700,58.712528
3.539800,58.712185
3.539900,58.712498
3.540000,58.712607
3.540100,58.712608
3.540200,58.711762
3.540300,58.712042
3.540400,58.711837
3.540500,58.711911
3.540600,58.711629
3.540700,58.711673
3.540800,58.711555
3.540900,58.712157
3.541000,58.711567
3.541100,58.711149
3.541200,58.711697
3.541300,58.712507
3.541400,58.711368
3.541500,58.711462
3.541600,58.712609
3.541700,58.711571
3.541800,58.710225
3.541900,58.711022
3.542000,58.708188
3.542100,58.709579
3.542200,58.710050
3.542300,58.710680
3.542400,58.710066
3.542500,58.715253
3.542600,58.718622
3.542700,58.715761
3.542800,58.718121
3.542900,58.717141
3.543000,58.706589
3.543100,58.706956
3.543200,58.716983
3.543300,58.725319
3.543400,58.729336
3.543500,58.749427
3.543600,58.731151
3.543700,58.726583
3.543800,58.723516
3.543900,58.716270
3.544000,58.718656
3.544100,58.713617
3.544200,58.713915
3.544300,58.715284
3.544400,58.714877
3.544500,58.713946
3.544600,58.713458
3.544700,58.712922
3.544800,58.712904
3.544900,58.711936
3.545000,58.711823
3.545100,58.711223
3.545200,58.711740
3.545300,58.712203
3.545400,58.712009
3.545500,58.711934
3.545600,58.711757
3.545700,58.711426
3.545800,58.711637
3.545900,58.711320
3.546000,58.711341
3.546100,58.711698
3.546200,58.711376
3.546300,58.710842
3.546400,58.711149
3.546500,58.711225
3.546600,58.711452
3.546700,58.710781
3.546800,58.710839
3.546900,58.710872
3.547000,58.710725
3.547100,58.710607
3.547200,58.710655
3.547300,58.710480
3.547400,58.710564
3.547500,58.710674
3.547600,58.710145
3.547700,58.710331
3.547800,58.710766
3.547900,58.710118
3.548000,58.710546
3.548100,58.710249
3.548200,58.709960
3.548300,58.710713
3.548400,58.710753
3.548500,58.710415
3.548600,58.709976
3.548700,58.710112
3.548800,58.710190
3.548900,58.710519
3.549000,58.709837
3.549100,58.709234
3.549200,58.709903
3.549300,58.709392
3.549400,58.709233
3.549500,58.708897
3.549600,58.710344
3.549700,58.710283
3.549800,58.709691
3.549900,58.709836
3.550000,58.708338
3.550100,58.709389
3.550200,58.709440
3.550300,58.708025
3.550400,58.709923
3.550500,58.707339
3.550600,58.709449
3.550700,58.709295
3.550800,58.709333
3.550900,58.708403
3.551000,58.709787
3.551100,58.712549
3.551200,58.714470
3.551300,58.714737
3.551400,58.713853
3.551500,58.710288
3.551600,58.699011
3.551700,58.713430
3.551800,58.715696
3.551900,58.728201
3.552000,58.715634
3.552100,58.704039
3.552200,58.723039
3.552300,58.702285
3.552400,58.709150
3.552500,58.705677
3.552600,58.706780
3.552700,58.712111
3.552800,58.711788
3.552900,58.711318
3.553000,58.711048
3.553100,58.710638
3.553200,58.710597
3.553300,58.710211
3.553400,58.711414
3.553500,58.711633
3.553600,58.710559
3.553700,58.710562
3.553800,58.710703
3.553900,58.711263
3.554000,58.711217
3.554100,58.711242
3.554200,58.710924
3.554300,58.710525
3.554400,58.710201
3.554500,58.709925
3.554600,58.710429
3.554700,58.710373
3.554800,58.710580
3.554900,58.709963
3.555000,58.710038
3.555100,58.710522
3.555200,58.710200
3.555300,58.710192
3.555400,58.710267
3.555500,58.710364
3.555600,58.710192
3.555700,58.709583
3.555800,58.709659
3.555900,58.709624
3.556000,58.709736
3.556100,58.709690
3.556200,58.709196
3.556300,58.709794
3.556400,58.709911
3.556500,58.709583
3.556600,58.709550
3.556700,58.709354
3.556800,58.709459
3.556900,58.709273
3.557000,58.708885
3.557100,58.709037
3.557200,58.709378
3.557300,58.709362
3.557400,58.709914
3.557500,58.709557
3.557600,58.708418
3.557700,58.708700
3.557800,58.708141
3.557900,58.707112
3.558000,58.708493
3.558100,58.708324
3.558200,58.708605
3.558300,58.709486
3.558400,58.709512
3.558500,58.708113
3.558600,58.709760
3.558700,58.708043
3.558800,58.707764
3.558900,58.707481
3.559000,58.708765
3.559100,58.707974
3.559200,58.707968
3.559300,58.708262
3.559400,58.709223
3.559500,58.707962
3.559600,58.710959
3.559700,58.709099
3.559800,58.703708
3.559900,58.707264
3.560000,58.709289
3.560100,58.721378
3.560200,58.730723
3.560300,58.746802
3.560400,58.758011
3.560500,58.740184
3.560600,58.735836
3.560700,58.720144
3.560800,58.724557
3.560900,58.716430
3.561000,58.722302
3.561100,58.718854
3.561200,58.718930
3.561300,58.716986
3.561400,58.717839
3.561500,58.717531
3.561600,58.717553
3.561700,58.717075
3.561800,58.715275
3.561900,58.714828
3.562000,58.716350
3.562100,58.714560
3.562200,58.714933
3.562300,58.714994
3.562400,58.715265
3.562500,58.715682
3.562600,58.716228
3.562700,58.715204
3.562800,58.715231
3.562900,58.714807
3.563000,58.714769
3.563100,58.715412
3.563200,58.715589
3.563300,58.715129
3.563400,58.715302
3.563500,58.714968
3.563600,58.715283
3.563700,58.714832
3.563800,58.715171
3.563900,58.714767
3.564000,58.714524
3.564100,58.714367
3.564200,58.714469
3.564300,58.714806
3.564400,58.714436
3.564500,58.714212
3.564600,58.714361
3.564700,58.714248
3.564800,58.714433
3.564900,58.714351
3.565000,58.714009
3.565100,58.714369
3.565200,58.713942
3.565300,58.714299
3.565400,58.713957
3.565500,58.713832
3.565600,58.713330
3.565700,58.713136
3.565800,58.713744
3.565900,58.713439
3.566000,58.714208
3.566100,58.714141
3.566200,58.713238
3.566300,58.714306
3.566400,58.712988
3.566500,58.713737
3.566600,58.714426
3.566700,58.713192
3.566800,58.714487
3.566900,58.715002
3.567000,58.713621
3.567100,58.714548
3.567200,58.712630
3.567300,58.712169
3.567400,58.712999
3.567500,58.711773
3.567600,58.712978
3.567700,58.713409
3.567800,58.712528
3.567900,58.712157
3.568000,58.713798
3.568100,58.716467
3.568200,58.711448
3.568300,58.707762
3.568400,58.713515
3.568500,58.713951
3.568600,58.724325
3.568700,58.715227
3.568800,58.718464
3.568900,58.722005
3.569000,58.740839
3.569100,58.744401
3.569200,58.736229
3.569300,58.731725
3.569400,58.736123
3.569500,58.736024
3.569600,58.735978
3.569700,58.738446
3.569800,58.738433
3.569900,58.737186
3.570000,58.737132
3.570100,58.736297
3.570200,58.736319
3.570300,58.736228
3.570400,58.737316
3.570500,58.735732
3.570600,58.736615
3.570700,58.736745
3.570800,58.736980
3.570900,58.735656
3.571000,58.736317
3.571100,58.736899
3.571200,58.736818
3.571300,58.737127
3.571400,58.736219
3.571500,58.736060
3.571600,58.736112
3.571700,58.736347
3.571800,58.736075
3.571900,58.736134
3.572000,58.735890
3.572100,58.736276
3.572200,58.736115
3.572300,58.736006
3.572400,58.735564
3.572500,58.735496
3.572600,58.735908
3.572700,58.735688
3.572800,58.735541
3.572900,58.735500
3.573000,58.735638
3.573100,58.735595
3.573200,58.735606
3.573300,58.735551
3.573400,58.735108
3.573500,58.735291
3.573600,58.735749
3.573700,58.735217
3.573800,58.734541
3.573900,58.735129
3.574000,58.734728
3.574100,58.734913
3.574200,58.734828
3.574300,58.734923
3.574400,58.735154
3.574500,58.735392
3.574600,58.735922
3.574700,58.735210
3.574800,58.734905
3.574900,58.734907
3.575000,58.735124
3.575100,58.734933
3.575200,58.733460
3.575300,58.733543
3.575400,58.734076
3.575500,58.733604
3.575600,58.734449
3.575700,58.733614
3.575800,58.733708
3.575900,58.731139
3.576000,58.733950
3.576100,58.735775
3.576200,58.735090
3.576300,58.734139
3.576400,58.732842
3.576500,58.737990
3.576600,58.732204
3.576700,58.731178
3.576800,58.730167
3.576900,58.729046
3.577000,58.734583
3.577100,58.728004
3.577200,58.735251
3.577300,58.737407
3.577400,58.723610
3.577500,58.723898
3.577600,58.721152
3.577700,58.721997
3.577800,58.702258
3.577900,58.709606
3.578000,58.724747
3.578100,58.727705
3.578200,58.722832
3.578300,58.721598
3.578400,58.720244
3.578500,58.720285
3.578600,58.720315
3.578700,58.721433
3.578800,58.721133
3.578900,58.719702
3.579000,58.720255
3.579100,58.719686
3.579200,58.719202
3.579300,58.720184
3.579400,58.720270
3.579500,58.719860
3.579600,58.719762
3.579700,58.719720
3.579800,58.719683
3.579900,58.719376
3.580000,58.719390
3.580100,58.719304
3.580200,58.718883
3.580300,58.718590
3.580400,58.718920
3.580500,58.719197
3.580600,58.719002
3.580700,58.719045
3.580800,58.719437
3.580900,58.718742
3.581000,58.718871
3.581100,58.719296
3.581200,58.718819
3.581300,58.718642
3.581400,58.718574
3.581500,58.718540
3.581600,58.718222
3.581700,58.718531
3.581800,58.718114
3.581900,58.718364
3.582000,58.718746
3.582100,58.718210
3.582200,58.717998
3.582300,58.718220
3.582400,58.718603
3.582500,58.717874
3.582600,58.718122
3.582700,58.718040
3.582800,58.718028
3.582900,58.717129
3.583000,58.717539
3.583100,58.717733
3.583200,58.717796
3.583300,58.717503
3.583400,58.717769
3.583500,58.717553
3.583600,58.717486
3.583700,58.718728
3.583800,58.717654
3.583900,58.716182
3.584000,58.716538
3.584100,58.718411
3.584200,58.718393
3.584300,58.717510
3.584400,58.718292
3.584500,58.716706
3.584600,58.717233
3.584700,58.717586
3.584800,58.717225
3.584900,58.716058
3.585000,58.718245
3.585100,58.718324
3.585200,58.714729
3.585300,58.714595
3.585400,58.707494
3.585500,58.704526
3.585600,58.709261
3.585700,58.714171
3.585800,58.729464
3.585900,58.733343
3.586000,58.716148
3.586100,58.700549
3.586200,58.702022
3.586300,58.682195
3.586400,58.692108
3.586500,58.692236
3.586600,58.695827
3.586700,58.688096
3.586800,58.692613
3.586900,58.691480
3.587000,58.691501
3.587100,58.691808
3.587200,58.690991
3.587300,58.692515
3.587400,58.690737
3.587500,58.690313
3.587600,58.690475
3.587700,58.689664
3.587800,58.689496
3.587900,58.690233
3.588000,58.689306
3.588100,58.689399
3.588200,58.688986
3.588300,58.689599
3.588400,58.690013
3.588500,58.689455
3.588600,58.689178
3.588700,58.689458
3.588800,58.689394
3.588900,58.689502
3.589000,58.689676
3.589100,58.689060
3.589200,58.689292
3.589300,58.688890
3.589400,58.688997
3.589500,58.688668
3.589600,58.688677
3.589700,58.688710
3.589800,58.688960
3.589900,58.688895
3.590000,58.688391
3.590100,58.688539
3.590200,58.688319
3.590300,58.688151
3.590400,58.688440
3.590500,58.688639
3.590600,58.688056
3.590700,58.687974
3.590800,58.687622
3.590900,58.687574
3.591000,58.687809
3.591100,58.687357
3.591200,58.687958
3.591300,58.687605
3.591400,58.687926
3.591500,58.688094
3.591600,58.687109
3.591700,58.687259
3.591800,58.688047
3.591900,58.687622
3.592000,58.687876
3.592100,58.688077
3.592200,58.688138
3.592300,58.687965
3.592400,58.687601
3.592500,58.687606
3.592600,58.687627
3.592700,58.686196
3.592800,58.686131
3.592900,58.686361
3.593000,58.687551
3.593100,58.687982
3.593200,58.689655
3.593300,58.687410
3.593400,58.689804
3.593500,58.692766
3.593600,58.688613
3.593700,58.690101
3.593800,58.689423
3.593900,58.690588
3.594000,58.688616
3.594100,58.688549
3.594200,58.685839
3.594300,58.684465
3.594400,58.701270
3.594500,58.691523
3.594600,58.689404
3.594700,58.683248
3.594800,58.671628
3.594900,58.679299
3.595000,58.692880
3.595100,58.695294
3.595200,58.692085
3.595300,58.695030
3.595400,58.693689
3.595500,58.693959
3.595600,58.693851
3.595700,58.694016
3.595800,58.694629
3.595900,58.695616
3.596000,58.694092
3.596100,58.693617
3.596200,58.694396
3.596300,58.693930
3.596400,58.694925
3.596500,58.694279
3.596600,58.693808
3.596700,58.693955
3.596800,58.693396
3.596900,58.693623
3.597000,58.693374
3.597100,58.692807
3.597200,58.693140
3.597300,58.692953
3.597400,58.693446
3.597500,58.693222
3.597600,58.693345
3.597700,58.693142
3.597800,58.693175
3.597900,58.693606
3.598000,58.693130
3.598100,58.692791
3.598200,58.692724
3.598300,58.692688
3.598400,58.693108
3.598500,58.692819
3.598600,58.692631
3.598700,58.692522
3.598800,58.693148
3.598900,58.692370
3.599000,58.692474
3.599100,58.692080
3.599200,58.692800
3.599300,58.692773
3.599400,58.692489
3.599500,58.692076
3.599600,58.691986
3.599700,58.692076
3.599800,58.691793
3.599900,58.692275
3.600000,58.691976
3.600100,58.691961
3.600200,58.693048
3.600300,58.692590
3.600400,58.692037
3.600500,58.691531
3.600600,58.690688
3.600700,58.691838
3.600800,58.691551
3.600900,58.691881
3.601000,58.693441
3.601100,58.693060
3.601200,58.690976
3.601300,58.691263
3.601400,58.693508
3.601500,58.692643
3.601600,58.692099
3.601700,58.693185
3.601800,58.693663
3.601900,58.692754
3.602000,58.697126
3.602100,58.693276
3.602200,58.688821
3.602300,58.687608
3.602400,58.690192
3.602500,58.697958
3.602600,58.696152
3.602700,58.683966
3.602800,58.674168
3.602900,58.670459
3.603000,58.663185
3.603100,58.648038
3.603200,58.645208
3.603300,58.666302
3.603400,58.650913
3.603500,58.664714
3.603600,58.668296
3.603700,58.668471
3.603800,58.673411
3.603900,58.672898
3.604000,58.671484
3.604100,58.671215
3.604200,58.670390
3.604300,58.670392
3.604400,58.671337
3.604500,58.670687
3.604600,58.671136
3.604700,58.671843
3.604800,58.672071
3.604900,58.670581
3.605000,58.671224
3.605100,58.671258
3.605200,58.671075
3.605300,58.671359
3.605400,58.671003
3.605500,58.671026
3.605600,58.670353
3.605700,58.670446
3.605800,58.670516
3.605900,58.670845
3.606000,58.670896
3.606100,58.670738
3.606200,58.670664
3.606300,58.670905
3.606400,58.670731
3.606500,58.670767
3.606600,58.670634
3.606700,58.670275
3.606800,58.670574
3.606900,58.670779
3.607000,58.670822
3.607100,58.670772
3.607200,58.670470
3.607300,58.670285
3.607400,58.669990
3.607500,58.669772
3.607600,58.669584
3.607700,58.669998
3.607800,58.669619
3.607900,58.670046
3.608000,58.669633
3.608100,58.670009
3.608200,58.669908
3.608300,58.669917
3.608400,58.669463
3.608500,58.669381
3.608600,58.669379
3.608700,58.670051
3.608800,58.669506
3.608900,58.669772
3.609000,58.670188
3.609100,58.670284
3.609200,58.668748
3.609300,58.668438
3.609400,58.668993
3.609500,58.669254
3.609600,58.667866
3.609700,58.669887
3.609800,58.669479
3.609900,58.668228
3.610000,58.670794
3.610100,58.668307
3.610200,58.669669
3.610300,58.670747
3.610400,58.674262
3.610500,58.672354
3.610600,58.670028
3.610700,58.670498
3.610800,58.669443
3.610900,58.667773
3.611000,58.676887
3.611100,58.675942
3.611200,58.676147
3.611300,58.689265
3.611400,58.672512
3.611500,58.655065
3.611600,58.659150
3.611700,58.664743
3.611800,58.685971
3.611900,58.690572
3.612000,58.708689
3.612100,58.724574
3.612200,58.726562
3.612300,58.722839
3.612400,58.719224
3.612500,58.718396
3.612600,58.718254
3.612700,58.718425
3.612800,58.719459
3.612900,58.718716
3.613000,58.717500
3.613100,58.717940
3.613200,58.716269
3.613300,58.716929
3.613400,58.717358
3.613500,58.718363
3.613600,58.718858
3.613700,58.717753
3.613800,58.717082
3.613900,58.717625
3.614000,58.716824
3.614100,58.717373
3.614200,58.717065
3.614300,58.716840
3.614400,58.717090
3.614500,58.716909
3.614600,58.716693
3.614700,58.716425
3.614800,58.716594
3.614900,58.716729
3.615000,58.716486
3.615100,58.716478
3.615200,58.716883
3.615300,58.716627
3.615400,58.716462
3.615500,58.716664
3.615600,58.716456
3.615700,58.716394
3.615800,58.716335
3.615900,58.716232
3.616000,58.716045
3.616100,58.715928
3.616200,58.715898
3.616300,58.716253
3.616400,58.716244
3.616500,58.716041
3.616600,58.716252
3.616700,58.715487
3.616800,58.715820
3.616900,58.715623
3.617000,58.716019
3.617100,58.715656
3.617200,58.715666
3.617300,58.716005
3.617400,58.716080
3.617500,58.715931
3.617600,58.715072
3.617700,58.714793
3.617800,58.714712
3.617900,58.714302
3.618000,58.714197
3.618100,58.714818
3.618200,58.715393
3.618300,58.715298
3.618400,58.715432
3.618500,58.716178
3.618600,58.717403
3.618700,58.718404
3.618800,58.718470
3.618900,58.716680
3.619000,58.717807
3.619100,58.712900
3.619200,58.712299
3.619300,58.711363
3.619400,58.717366
3.619500,58.713088
3.619600,58.716577
3.619700,58.708080
3.619800,58.711872
3.619900,58.705994
3.620000,58.694618
3.620100,58.706252
3.620200,58.689710
3.620300,58.709555
3.620400,58.710611
3.620500,58.712334
3.620600,58.707320
3.620700,58.696478
3.620800,58.696689
3.620900,58.695518
3.621000,58.695491
3.621100,58.695399
3.621200,58.694392
3.621300,58.693658
3.621400,58.692972
3.621500,58.694577
3.621600,58.695864
3.621700,58.695850
3.621800,58.694281
3.621900,58.695306
3.622000,58.694877
3.622100,58.695368
3.622200,58.694972
3.622300,58.694095
3.622400,58.694124
3.622500,58.694102
3.622600,58.694093
3.622700,58.694580
3.622800,58.694198
3.622900,58.694246
3.623000,58.693561
3.623100,58.693357
3.623200,58.693597
3.623300,58.693790
3.623400,58.694037
3.623500,58.693684
3.623600,58.693760
3.623700,58.693412
3.623800,58.693386
3.623900,58.693356
3.624000,58.693306
3.624100,58.693142
3.624200,58.693325
3.624300,58.693684
3.624400,58.693591
3.624500,58.693787
3.624600,58.693232
3.624700,58.693200
3.624800,58.692952
3.624900,58.692529
3.625000,58.692310
3.625100,58.692609
3.625200,58.692783
3.625300,58.693074
3.625400,58.692651
3.625500,58.692710
3.625600,58.692317
3.625700,58.692553
3.625800,58.692071
3.625900,58.692514
3.626000,58.692076
3.626100,58.692118
3.626200,58.692561
3.626300,58.692600
3.626400,58.692141
3.626500,58.692675
3.626600,58.692494
3.626700,58.691704
3.626800,58.691946
3.626900,58.691704
3.627000,58.692601
3.627100,58.693349
3.627200,58.690458
3.627300,58.689834
3.627400,58.691246
3.627500,58.692271
3.627600,58.696103
3.627700,58.696970
3.627800,58.691628
3.627900,58.697802
3.628000,58.692375
3.628100,58.695802
3.628200,58.693473
3.628300,58.688161
3.628400,58.682285
3.628500,58.683260
3.628600,58.662470
3.628700,58.658154
3.628800,58.644208
3.628900,58.663629
3.629000,58.665246
3.629100,58.676531
3.629200,58.680798
3.629300,58.678491
3.629400,58.682369
3.629500,58.680935
3.629600,58.680769
3.629700,58.681415
3.629800,58.679739
3.629900,58.679949
3.630000,58.681405
3.630100,58.680374
3.630200,58.681403
3.630300,58.681912
3.630400,58.682533
3.630500,58.681843
3.630600,58.682450
3.630700,58.682109
3.630800,58.681669
3.630900,58.681875
3.631000,58.681345
3.631100,58.680931
3.631200,58.680998
3.631300,58.681110
3.631400,58.681107
3.631500,58.680974
3.631600,58.681120
3.631700,58.680800
3.631800,58.680941
3.631900,58.681003
3.632000,58.680688
3.632100,58.680658
3.632200,58.680414
3.632300,58.680275
3.632400,58.680672
3.632500,58.680217
3.632600,58.680348
3.632700,58.680287
3.632800,58.680319
3.632900,58.680294
3.633000,58.680182
3.633100,58.680353
3.633200,58.679796
3.633300,58.680033
3.633400,58.680160
3.633500,58.680625
3.633600,58.680022
3.633700,58.679861
3.633800,58.679844
3.633900,58.679159
3.634000,58.679056
3.634100,58.679167
3.634200,58.679199
3.634300,58.679573
3.634400,58.679194
3.634500,58.680071
3.634600,58.680072
3.634700,58.680400
3.634800,58.679403
3.634900,58.678936
3.635000,58.680670
3.635100,58.678940
3.635200,58.678565
3.635300,58.680758
3.635400,58.680727
3.635500,58.679122
3.635600,58.681355
3.635700,58.680830
3.635800,58.684033
3.635900,58.683421
3.636000,58.681538
3.636100,58.677177
3.636200,58.677677
3.636300,58.682236
3.636400,58.676051
3.636500,58.672650
3.636600,58.676485
3.636700,58.680933
3.636800,58.686097
3.636900,58.685538
3.637000,58.677965
3.637100,58.688325
3.637200,58.700535
3.637300,58.707029
3.637400,58.697698
3.637500,58.708975
3.637600,58.703798
3.637700,58.714270
3.637800,58.712527
3.637900,58.712886
3.638000,58.713469
3.638100,58.713178
3.638200,58.713323
3.638300,58.712826
3.638400,58.712760
3.638500,58.713401
3.638600,58.713216
3.638700,58.712721
3.638800,58.713466
3.638900,58.712763
3.639000,58.712891
3.639100,58.712889
3.639200,58.713428
3.639300,58.712503
3.639400,58.712907
3.639500,58.712580
3.639600,58.712675
3.639700,58.712993
3.639800,58.713191
3.639900,58.712826
3.640000,58.712798
3.640100,58.713003
3.640200,58.712717
3.640300,58.712559
3.640400,58.712716
3.640500,58.712863
3.640600,58.712577
3.640700,58.712603
3.640800,58.712477
3.640900,58.712643
3.641000,58.712110
3.641100,58.711849
3.641200,58.711890
3.641300,58.712367
3.641400,58.712504
3.641500,58.711934
3.641600,58.711643
3.641700,58.712041
3.641800,58.711961
3.641900,58.711825
3.642000,58.712358
3.642100,58.712015
3.642200,58.711135
3.642300,58.711059
3.642400,58.711138
3.642500,58.711340
3.642600,58.710825
3.642700,58.711685
3.642800,58.711776
3.642900,58.711422
3.643000,58.710858
3.643100,58.710690
3.643200,58.711911
3.643300,58.710495
3.643400,58.711949
3.643500,58.712615
3.643600,58.711782
3.643700,58.713843
3.643800,58.713003
3.643900,58.711662
3.644000,58.712098
3.644100,58.710441
3.644200,58.710512
3.644300,58.711636
3.644400,58.709800
3.644500,58.707074
3.644600,58.706900
3.644700,58.704539
3.644800,58.701143
3.644900,58.705582
3.645000,58.710862
3.645100,58.719798
3.645200,58.717824
3.645300,58.720209
3.645400,58.722136
3.645500,58.737456
3.645600,58.723176
3.645700,58.709160
3.645800,58.686984
3.645900,58.687720
3.646000,58.695386
3.646100,58.684966
3.646200,58.682904
3.646300,58.687330
3.646400,58.685931
3.646500,58.686593
3.646600,58.686679
3.646700,58.686734
3.646800,58.686695
3.646900,58.686693
3.647000,58.686404
3.647100,58.685883
3.647200,58.685426
3.647300,58.687020
3.647400,58.686782
3.647500,58.687244
3.647600,58.686379
3.647700,58.685741
3.647800,58.685927
3.647900,58.685697
3.648000,58.685132
3.648100,58.684827
3.648200,58.684560
3.648300,58.684854
3.648400,58.684843
3.648500,58.685014
3.648600,58.685058
3.648700,58.684527
3.648800,58.684595
3.648900,58.684518
3.649000,58.684510
3.649100,58.684693
3.649200,58.684608
3.649300,58.684761
3.649400,58.684582
3.649500,58.684438
3.649600,58.684429
3.649700,58.684221
3.649800,58.684058
3.649900,58.683943
3.650000,58.684500
3.650100,58.684469
3.650200,58.684409
3.650300,58.684309
3.650400,58.684084
3.650500,58.684038
3.650600,58.683664
3.650700,58.683699
3.650800,58.684005
3.650900,58.683387
3.651000,58.683395
3.651100,58.682968
3.651200,58.683095
3.651300,58.683064
3.651400,58.683232
3.651500,58.682706
3.651600,58.682691
3.651700,58.682229
3.651800,58.683314
3.651900,58.682853
3.652000,58.683205
3.652100,58.684666
3.652200,58.684417
3.652300,58.684767
3.652400,58.683866
3.652500,58.685102
3.652600,58.684242
3.652700,58.682071
3.652800,58.681943
3.652900,58.681770
3.653000,58.680851
3.653100,58.680554
3.653200,58.682020
3.653300,58.683809
3.653400,58.683653
3.653500,58.683064
3.653600,58.682204
3.653700,58.684104
3.653800,58.672285
3.653900,58.686907
3.654000,58.705486
3.654100,58.710917
3.654200,58.723476
3.654300,58.724427
3.654400,58.713673
3.654500,58.700154
3.654600,58.703742
3.654700,58.699711
3.654800,58.706115
3.654900,58.710648
3.655000,58.708245
3.655100,58.708240
3.655200,58.708840
3.655300,58.708196
3.655400,58.708006
3.655500,58.709172
3.655600,58.708430
3.655700,58.708450
3.655800,58.708564
3.655900,58.708047
3.656000,58.707140
3.656100,58.707250
3.656200,58.707153
3.656300,58.707068
3.656400,58.707461
3.656500,58.707133
3.656600,58.707052
3.656700,58.707103
3.656800,58.707341
3.656900,58.706806
3.657000,58.706934
3.657100,58.706635
3.657200,58.706963
3.657300,58.706949
3.657400,58.706636
3.657500,58.706955
3.657600,58.706739
3.657700,58.706438
3.657800,58.706445
3.657900,58.706416
3.658000,58.706427
3.658100,58.706163
3.658200,58.706495
3.658300,58.706357
3.658400,58.706249
3.658500,58.706281
3.658600,58.706264
3.658700,58.706319
3.658800,58.706075
3.658900,58.706130
3.659000,58.706316
3.659100,58.706287
3.659200,58.706215
3.659300,58.706307
3.659400,58.705797
3.659500,58.705945
3.659600,58.706567
3.659700,58.706198
3.659800,58.705826
3.659900,58.705492
3.660000,58.706465
3.660100,58.705965
3.660200,58.704997
3.660300,58.705379
3.660400,58.706920
3.660500,58.705320
3.660600,58.705225
3.660700,58.706235
3.660800,58.704261
3.660900,58.703816
3.661000,58.705675
3.661100,58.706318
3.661200,58.705761
3.661300,58.705215
3.661400,58.703683
3.661500,58.704928
3.661600,58.703223
3.661700,58.703066
3.661800,58.700534
3.661900,58.700154
3.662000,58.700284
3.662100,58.696279
3.662200,58.697036
3.662300,58.686731
3.662400,58.687071
3.662500,58.697133
3.662600,58.691032
3.662700,58.692017
3.662800,58.679493
3.662900,58.656894
3.663000,58.656478
3.663100,58.674164
3.663200,58.660366
3.663300,58.661184
3.663400,58.657340
3.663500,58.656519
3.663600,58.656524
3.663700,58.656461
3.663800,58.655484
3.663900,58.656771
3.664000,58.656019
3.664100,58.656555
3.664200,58.656775
3.664300,58.655436
3.664400,58.655717
3.664500,58.655517
3.664600,58.655667
3.664700,58.655670
3.664800,58.655203
3.664900,58.655049
3.665000,58.655416
3.665100,58.655137
3.665200,58.655215
3.665300,58.655290
3.665400,58.655239
3.665500,58.654847
3.665600,58.654938
3.665700,58.654905
3.665800,58.655220
3.665900,58.654740
3.666000,58.654842
3.666100,58.654709
3.666200,58.654625
3.666300,58.654963
3.666400,58.654730
3.666500,58.654124
3.666600,58.654474
3.666700,58.654462
3.666800,58.654250
3.666900,58.654177
3.667000,58.654599
3.667100,58.654427
3.667200,58.653964
3.667300,58.653853
3.667400,58.653961
3.667500,58.654143
3.667600,58.653878
3.667700,58.654073
3.667800,58.654129
3.667900,58.653705
3.668000,58.653323
3.668100,58.653158
3.668200,58.653799
3.668300,58.653596
3.668400,58.652988
3.668500,58.653614
3.668600,58.653800
3.668700,58.652454
3.668800,58.653154
3.668900,58.653056
3.669000,58.652055
3.669100,58.653268
3.669200,58.653267
3.669300,58.652918
3.669400,58.650707
3.669500,58.651345
3.669600,58.652873
3.669700,58.650341
3.669800,58.650075
3.669900,58.653422
3.670000,58.652080
3.670100,58.655756
3.670200,58.652729
3.670300,58.647275
3.670400,58.652421
3.670500,58.656977
3.670600,58.655291
3.670700,58.663516
3.670800,58.662924
3.670900,58.660573
3.671000,58.663999
3.671100,58.661564
3.671200,58.667361
3.671300,58.647860
3.671400,58.626501
3.671500,58.627463
3.671600,58.646477
3.671700,58.644360
3.671800,58.639015
3.671900,58.637124
3.672000,58.636025
3.672100,58.637964
3.672200,58.637982
3.672300,58.637656
3.672400,58.637564
3.672500,58.637521
3.672600,58.638224
3.672700,58.638613
3.672800,58.637124
3.672900,58.637835
3.673000,58.637598
3.673100,58.637733
3.673200,58.637363
3.673300,58.637858
3.673400,58.637867
3.673500,58.637833
3.673600,58.637853
3.673700,58.637673
3.673800,58.637390
3.673900,58.637859
3.674000,58.637549
3.674100,58.637160
3.674200,58.637013
3.674300,58.637065
3.674400,58.636976
3.674500,58.637223
3.674600,58.636676
3.674700,58.636837
3.674800,58.636669
3.674900,58.636741
3.675000,58.636837
3.675100,58.636932
3.675200,58.636211
3.675300,58.636196
3.675400,58.636538
3.675500,58.636530
3.675600,58.636577
3.675700,58.636087
3.675800,58.636371
3.675900,58.636096
3.676000,58.635600
3.676100,58.635258
3.676200,58.635891
3.676300,58.635489
3.676400,58.635921
3.676500,58.635479
3.676600,58.635767
3.676700,58.636501
3.676800,58.636429
3.676900,58.635878
3.677000,58.635951
3.677100,58.635524
3.677200,58.635967
3.677300,58.634613
3.677400,58.636273
3.677500,58.635362
3.677600,58.635923
3.677700,58.635883
3.677800,58.635495
3.677900,58.634437
3.678000,58.634584
3.678100,58.635125
3.678200,58.636010
3.678300,58.632934
3.678400,58.633084
3.678500,58.632759
3.678600,58.636863
3.678700,58.636380
3.678800,58.639487
3.678900,58.640716
3.679000,58.640588
3.679100,58.643617
3.679200,58.639675
3.679300,58.631473
3.679400,58.633520
3.679500,58.639016
3.679600,58.631440
3.679700,58.617042
3.679800,58.620985
3.679900,58.604735
3.680000,58.612255
3.680100,58.593737
3.680200,58.609968
3.680300,58.598102
3.680400,58.608664
3.680500,58.608678
3.680600,58.607361
3.680700,58.608917
3.680800,58.608905
3.680900,58.608913
3.681000,58.610120
3.681100,58.609818
3.681200,58.609214
3.681300,58.609312
3.681400,58.607984
3.681500,58.609183
3.681600,58.609556
3.681700,58.608620
3.681800,58.608482
3.681900,58.609151
3.682000,58.609122
3.682100,58.609230
3.682200,58.609123
3.682300,58.608869
3.682400,58.608564
3.682500,58.608270
3.682600,58.608130
3.682700,58.608222
3.682800,58.608851
3.682900,58.608330
3.683000,58.608379
3.683100,58.608145
3.683200,58.608126
3.683300,58.607916
3.683400,58.607691
3.683500,58.607776
3.683600,58.607529
3.683700,58.607340
3.683800,58.607959
3.683900,58.607499
3.684000,58.607356
3.684100,58.607864
3.684200,58.607667
3.684300,58.607587
3.684400,58.607265
3.684500,58.607165
3.684600,58.607215
3.684700,58.607011
3.684800,58.606673
3.684900,58.606770
3.685000,58.606968
3.685100,58.607269
3.685200,58.607042
3.685300,58.607033
3.685400,58.605862
3.685500,58.606605
3.685600,58.607442
3.685700,58.606835
3.685800,58.606512
3.685900,58.605434
3.686000,58.606868
3.686100,58.605646
3.686200,58.607561
3.686300,58.607539
3.686400,58.607989
3.686500,58.607613
3.686600,58.607038
3.686700,58.607555
3.686800,58.608667
3.686900,58.608112
3.687000,58.607699
3.687100,58.603477
3.687200,58.600138
3.687300,58.605596
3.687400,58.610642
3.687500,58.610426
3.687600,58.608519
3.687700,58.615243
3.687800,58.625108
3.687900,58.625413
3.688000,58.617256
3.688100,58.615507
3.688200,58.627502
3.688300,58.646573
3.688400,58.644911
3.688500,58.648531
3.688600,58.651914
3.688700,58.653263
3.688800,58.660422
3.688900,58.666026
3.689000,58.668690
3.689100,58.669871
3.689200,58.669465
3.689300,58.669428
3.689400,58.669507
3.689500,58.670509
3.689600,58.669300
3.689700,58.669413
3.689800,58.670061
3.689900,58.669569
3.690000,58.670275
3.690100,58.670999
3.690200,58.671357
3.690300,58.671608
3.690400,58.671647
3.690500,58.672055
3.690600,58.671090
3.690700,58.671628
3.690800,58.671045
3.690900,58.670574
3.691000,58.670675
3.691100,58.670256
3.691200,58.670294
3.691300,58.670453
3.691400,58.670600
3.691500,58.670175
3.691600,58.670152
3.691700,58.670484
3.691800,58.670215
3.691900,58.670196
3.692000,58.669788
3.692100,58.669672
3.692200,58.670192
3.692300,58.669585
3.692400,58.669517
3.692500,58.669885
3.692600,58.669748
3.692700,58.669843
3.692800,58.669692
3.692900,58.669511
3.693000,58.669709
3.693100,58.669920
3.693200,58.669821
3.693300,58.670111
3.693400,58.669229
3.693500,58.669085
3.693600,58.669319
3.693700,58.668613
3.693800,58.668597
3.693900,58.668863
3.694000,58.668604
3.694100,58.668515
3.694200,58.668468
3.694300,58.668652
3.694400,58.668779
3.694500,58.667932
3.694600,58.667792
3.694700,58.668460
3.694800,58.667909
3.694900,58.669110
3.695000,58.668910
3.695100,58.667354
3.695200,58.669173
3.695300,58.668922
3.695400,58.668638
3.695500,58.669170
3.695600,58.671768
3.695700,58.669210
3.695800,58.673446
3.695900,58.668155
3.696000,58.669535
3.696100,58.667441
3.696200,58.667529
3.696300,58.667793
3.696400,58.655824
3.696500,58.654393
3.696600,58.659555
3.696700,58.678733
3.696800,58.691589
3.696900,58.677224
3.697000,58.695312
3.697100,58.689729
3.697200,58.690461
3.697300,58.695986
3.697400,58.688474
3.697500,58.681696
3.697600,58.681681
3.697700,58.683471
3.697800,58.683408
3.697900,58.683682
3.698000,58.684353
3.698100,58.683452
3.698200,58.681883
3.698300,58.683261
3.698400,58.683813
3.698500,58.683034
3.698600,58.682953
3.698700,58.682579
3.698800,58.683081
3.698900,58.682072
3.699000,58.681668
3.699100,58.682347
3.699200,58.682427
3.699300,58.682582
3.699400,58.682479
3.699500,58.682439
3.699600,58.682486
3.699700,58.681812
3.699800,58.682061
3.699900,58.681840
3.700000,58.682041
3.700100,58.682241
3.700200,58.681875
3.700300,58.681837
3.700400,58.681806
3.700500,58.681493
3.700600,58.681571
3.700700,58.681469
3.700800,58.681166
3.700900,58.681253
3.701000,58.681567
3.701100,58.681250
3.701200,58.681321
3.701300,58.681262
3.701400,58.681403
3.701500,58.681382
3.701600,58.681432
3.701700,58.681166
3.701800,58.680952
3.701900,58.680706
3.702000,58.680761
3.702100,58.680897
3.702200,58.681078
3.702300,58.681303
3.702400,58.680685
3.702500,58.681073
3.702600,58.680548
3.702700,58.681045
3.702800,58.681163
3.702900,58.680565
3.703000,58.680735
3.703100,58.681246
3.703200,58.681571
3.703300,58.680629
3.703400,58.680988
3.703500,58.680087
3.703600,58.680137
3.703700,58.677614
3.703800,58.678898
3.703900,58.678364
3.704000,58.675949
3.704100,58.675702
3.704200,58.677070
3.704300,58.679578
3.704400,58.677301
3.704500,58.676441
3.704600,58.679426
3.704700,58.681506
3.704800,58.676637
3.704900,58.669146
3.705000,58.666251
3.705100,58.652174
3.705200,58.638911
3.705300,58.650533
3.705400,58.652298
3.705500,58.662367
3.705600,58.669369
3.705700,58.666073
3.705800,58.667473
3.705900,58.666740
3.706000,58.661510
3.706100,58.656721
3.706200,58.654750
3.706300,58.654923
3.706400,58.654676
3.706500,58.654466
3.706600,58.654798
3.706700,58.654458
3.706800,58.654824
3.706900,58.655012
3.707000,58.655230
3.707100,58.654838
3.707200,58.655591
3.707300,58.654511
3.707400,58.654227
3.707500,58.654422
3.707600,58.653886
3.707700,58.653703
3.707800,58.654037
3.707900,58.654134
3.708000,58.653730
3.708100,58.653851
3.708200,58.654083
3.708300,58.653823
3.708400,58.653897
3.708500,58.653873
3.708600,58.653785
3.708700,58.653583
3.708800,58.653343
3.708900,58.653474
3.709000,58.653562
3.709100,58.653300
3.709200,58.653560
3.709300,58.653093
3.709400,58.653052
3.709500,58.653060
3.709600,58.653151
3.709700,58.653050
3.709800,58.653097
3.709900,58.653065
3.710000,58.652857
3.710100,58.652385
3.710200,58.652954
3.710300,58.652642
3.710400,58.652382
3.710500,58.652343
3.710600,58.652564
3.710700,58.652257
3.710800,58.651920
3.710900,58.652998
3.711000,58.652025
3.711100,58.652424
3.711200,58.652755
3.711300,58.652226
3.711400,58.652417
3.711500,58.651990
3.711600,58.651825
3.711700,58.651028
3.711800,58.652960
3.711900,58.651795
3.712000,58.652308
3.712100,58.654598
3.712200,58.653057
3.712300,58.654484
3.712400,58.654846
3.712500,58.653111
3.712600,58.652792
3.712700,58.653423
3.712800,58.649238
3.712900,58.647199
3.713000,58.648029
3.713100,58.651042
3.713200,58.648234
3.713300,58.657498
3.713400,58.651843
3.713500,58.647549
3.713600,58.644212
3.713700,58.651752
3.713800,58.638148
3.713900,58.650483
3.714000,58.633526
3.714100,58.654632
3.714200,58.638416
3.714300,58.646889
3.714400,58.641016
3.714500,58.643380
3.714600,58.642622
3.714700,58.641233
3.714800,58.641439
3.714900,58.641240
3.715000,58.641876
3.715100,58.640121
3.715200,58.641095
3.715300,58.642091
3.715400,58.642440
3.715500,58.643084
3.715600,58.642774
3.715700,58.642510
3.715800,58.642699
3.715900,58.642196
3.716000,58.641978
3.716100,58.641271
3.716200,58.641318
3.716300,58.640775
3.716400,58.641345
3.716500,58.640518
3.716600,58.641018
3.716700,58.640591
3.716800,58.641028
3.716900,58.641303
3.717000,58.640982
3.717100,58.640639
3.717200,58.640579
3.717300,58.640784
3.717400,58.640666
3.717500,58.640439
3.717600,58.640366
3.717700,58.640387
3.717800,58.639999
3.717900,58.639839
3.718000,58.640129
3.718100,58.639903
3.718200,58.640565
3.718300,58.640452
3.718400,58.640127
3.718500,58.640479
3.718600,58.639676
3.718700,58.639640
3.718800,58.639753
3.718900,58.639797
3.719000,58.640278
3.719100,58.639757
3.719200,58.639956
3.719300,58.639902
3.719400,58.639550
3.719500,58.639443
3.719600,58.640021
3.719700,58.639088
3.719800,58.638990
3.719900,58.638587
3.720000,58.638713
3.720100,58.639313
3.720200,58.638602
3.720300,58.637904
3.720400,58.637663
3.720500,58.639083
3.720600,58.638727
3.720700,58.639778
3.720800,58.642034
3.720900,58.640411
3.721000,58.637730
3.721100,58.637607
3.721200,58.640435
3.721300,58.641600
3.721400,58.640588
3.721500,58.637734
3.721600,58.633682
3.721700,58.632474
3.721800,58.634543
3.721900,58.629547
3.722000,58.632998
3.722100,58.632365
3.722200,58.626937
3.722300,58.617351
3.722400,58.615200
3.722500,58.596162
3.722600,58.600847
3.722700,58.599588
3.722800,58.606394
3.722900,58.594866
3.723000,58.586496
3.723100,58.589263
3.723200,58.588057
3.723300,58.588498
3.723400,58.588450
3.723500,58.587794
3.723600,58.587512
3.723700,58.588837
3.723800,58.589424
3.723900,58.589433
3.724000,58.589112
3.724100,58.589429
3.724200,58.589567
3.724300,58.589990
3.724400,58.589874
3.724500,58.589698
3.724600,58.588867
3.724700,58.588834
3.724800,58.588800
3.724900,58.589415
3.725000,58.589086
3.725100,58.589217
3.725200,58.589024
3.725300,58.588919
3.725400,58.588528
3.725500,58.588450
3.725600,58.588713
3.725700,58.588423
3.725800,58.588125
3.725900,58.588329
3.726000,58.588137
3.726100,58.588162
3.726200,58.588314
3.726300,58.587960
3.726400,58.587810
3.726500,58.587601
3.726600,58.587651
3.726700,58.587860
3.726800,58.587123
3.726900,58.587401
3.727000,58.587435
3.727100,58.587319
3.727200,58.587412
3.727300,58.587477
3.727400,58.587697
3.727500,58.587447
3.727600,58.586903
3.727700,58.587284
3.727800,58.587128
3.727900,58.587366
3.728000,58.586479
3.728100,58.586177
3.728200,58.586756
3.728300,58.586596
3.728400,58.586186
3.728500,58.586995
3.728600,58.586805
3.728700,58.588010
3.728800,58.587009
3.728900,58.586244
3.729000,58.586324
3.729100,58.586984
3.729200,58.587242
3.729300,58.588852
3.729400,58.590322
3.729500,58.587546
3.729600,58.587674
3.729700,58.589461
3.729800,58.588169
3.729900,58.584219
3.730000,58.578183
3.730100,58.584043
3.730200,58.591859
3.730300,58.584079
3.730400,58.580113
3.730500,58.581779
3.730600,58.586948
3.730700,58.595611
3.730800,58.609999
3.730900,58.611448
3.731000,58.630319
3.731100,58.653146
3.731200,58.633945
3.731300,58.640319
3.731400,58.633615
3.731500,58.638956
3.731600,58.640649
3.731700,58.639605
3.731800,58.639245
3.731900,58.639166
3.732000,58.638404
3.732100,58.638413
3.732200,58.637397
3.732300,58.636806
3.732400,58.636515
3.732500,58.637885
3.732600,58.638634
3.732700,58.639089
3.732800,58.639432
3.732900,58.638775
3.733000,58.638867
3.733100,58.638212
3.733200,58.638850
3.733300,58.638146
3.733400,58.638178
3.733500,58.638228
3.733600,58.638229
3.733700,58.638202
3.733800,58.638194
3.733900,58.638063
3.734000,58.638036
3.734100,58.637755
3.734200,58.638111
3.734300,58.637778
3.734400,58.637536
3.734500,58.637817
3.734600,58.638116
3.734700,58.637407
3.734800,58.637261
3.734900,58.637170
3.735000,58.637375
3.735100,58.637573
3.735200,58.637198
3.735300,58.636901
3.735400,58.637209
3.735500,58.637666
3.735600,58.637925
3.735700,58.637391
3.735800,58.637201
3.735900,58.636731
3.736000,58.637059
3.736100,58.637140
3.736200,58.637197
3.736300,58.637199
3.736400,58.637109
3.736500,58.637628
3.736600,58.637728
3.736700,58.636714
3.736800,58.636533
3.736900,58.636431
3.737000,58.636128
3.737100,58.635913
3.737200,58.636687
3.737300,58.636996
3.737400,58.637143
3.737500,58.636413
3.737600,58.636909
3.737700,58.636893
3.737800,58.637113
3.737900,58.634735
3.738000,58.636375
3.738100,58.633779
3.738200,58.632787
3.738300,58.632689
3.738400,58.636551
3.738500,58.632016
3.738600,58.635346
3.738700,58.636614
3.738800,58.633932
3.738900,58.633920
3.739000,58.639944
3.739100,58.652167
3.739200,58.652071
3.739300,58.657506
3.739400,58.656768
3.739500,58.675344
3.739600,58.668422
3.739700,58.670120
3.739800,58.684216
3.739900,58.680561
3.740000,58.674024
3.740100,58.667705
3.740200,58.665887
3.740300,58.667989
3.740400,58.668523
3.740500,58.668590
3.740600,58.669757
3.740700,58.669422
3.740800,58.670775
3.740900,58.669190
3.741000,58.669208
3.741100,58.669022
3.741200,58.668222
3.741300,58.669080
3.741400,58.668237
3.741500,58.668336
3.741600,58.667976
3.741700,58.668138
3.741800,58.667965
3.741900,58.668049
3.742000,58.668068
3.742100,58.668125
3.742200,58.667809
3.742300,58.667884
3.742400,58.667805
3.742500,58.667735
3.742600,58.667998
3.742700,58.667832
3.742800,58.667610
3.742900,58.667931
3.743000,58.667454
3.743100,58.667657
3.743200,58.667164
3.743300,58.667211
3.743400,58.667592
3.743500,58.667537
3.743600,58.667678
3.743700,58.666999
3.743800,58.667249
3.743900,58.666874
3.744000,58.666981
3.744100,58.666922
3.744200,58.667112
3.744300,58.666797
3.744400,58.666985
3.744500,58.666521
3.744600,58.666932
3.744700,58.666871
3.744800,58.667030
3.744900,58.667031
3.745000,58.666133
3.745100,58.666491
3.745200,58.666423
3.745300,58.666116
3.745400,58.666677
3.745500,58.666427
3.745600,58.665884
3.745700,58.665909
3.745800,58.665413
3.745900,58.665275
3.746000,58.667323
3.746100,58.666202
3.746200,58.664326
3.746300,58.665864
3.746400,58.668619
3.746500,58.667100
3.746600,58.665062
3.746700,58.668841
3.746800,58.664620
3.746900,58.663927
3.747000,58.661455
3.747100,58.662108
3.747200,58.659844
3.747300,58.657206
3.747400,58.661012
3.747500,58.651258
3.747600,58.654555
3.747700,58.651926
3.747800,58.634932
3.747900,58.640062
3.748000,58.629666
3.748100,58.623913
3.748200,58.614200
3.748300,58.593689
3.748400,58.607652
3.748500,58.609216
3.748600,58.604521
3.748700,58.600141
3.748800,58.599453
3.748900,58.600243
3.749000,58.600217
3.749100,58.599760
3.749200,58.599990
3.749300,58.600805
3.749400,58.601137
3.749500,58.600192
3.749600,58.599560
3.749700,58.599539
3.749800,58.599647
3.749900,58.599880
3.750000,58.599820
3.750100,58.599627
3.750200,58.599790
3.750300,58.599877
3.750400,58.599603
3.750500,58.600041
3.750600,58.599502
3.750700,58.599508
3.750800,58.599911
3.750900,58.599483
3.751000,58.599178
3.751100,58.599360
3.751200,58.599403
3.751300,58.599079
3.751400,58.599191
3.751500,58.599154
3.751600,58.599373
3.751700,58.599271
3.751800,58.598868
3.751900,58.598761
3.752000,58.598489
3.752100,58.598599
3.752200,58.598830
3.752300,58.598323
3.752400,58.599010
3.752500,58.598757
3.752600,58.598426
3.752700,58.598385
3.752800,58.598152
3.752900,58.598012
3.753000,58.597994
3.753100,58.597589
3.753200,58.597969
3.753300,58.598338
3.753400,58.597602
3.753500,58.598680
3.753600,58.598163
3.753700,58.597190
3.753800,58.597700
3.753900,58.598455
3.754000,58.597352
3.754100,58.597772
3.754200,58.597413
3.754300,58.598557
3.754400,58.599498
3.754500,58.597720
3.754600,58.596656
3.754700,58.595749
3.754800,58.598237
3.754900,58.596169
3.755000,58.597403
3.755100,58.597428
3.755200,58.598517
3.755300,58.599689
3.755400,58.597721
3.755500,58.596847
3.755600,58.596409
3.755700,58.594452
3.755800,58.598779
3.755900,58.598600
3.756000,58.593904
3.756100,58.590103
3.756200,58.603273
3.756300,58.593170
3.756400,58.598981
3.756500,58.602543
3.756600,58.611666
3.756700,58.622955
3.756800,58.622569
3.756900,58.608558
3.757000,58.603844
3.757100,58.601203
3.757200,58.602050
3.757300,58.603568
3.757400,58.602869
3.757500,58.602814
3.757600,58.602046
3.757700,58.601033
3.757800,58.601204
3.757900,58.602090
3.758000,58.601437
3.758100,58.601961
3.758200,58.601919
3.758300,58.601161
3.758400,58.601981
3.758500,58.601904
3.758600,58.601793
3.758700,58.601805
3.758800,58.601245
3.758900,58.601161
3.759000,58.601257
3.759100,58.601028
3.759200,58.601313
3.759300,58.600545
3.759400,58.600530
3.759500,58.600822
3.759600,58.600831
3.759700,58.601210
3.759800,58.601007
3.759900,58.600877
3.760000,58.600961
3.760100,58.601016
3.760200,58.600544
3.760300,58.600809
3.760400,58.600846
3.760500,58.600435
3.760600,58.600403
3.760700,58.600870
3.760800,58.600593
3.760900,58.600077
3.761000,58.600502
3.761100,58.600108
3.761200,58.600108
3.761300,58.600475
3.761400,58.600222
3.761500,58.599463
3.761600,58.599522
3.761700,58.599924
3.761800,58.598875
3.761900,58.599653
3.762000,58.599659
3.762100,58.599789
3.762200,58.599982
3.762300,58.600085
3.762400,58.599104
3.762500,58.599855
3.762600,58.599028
3.762700,58.598719
3.762800,58.599159
3.762900,58.597290
3.763000,58.599242
3.763100,58.601432
3.763200,58.600107
3.763300,58.599323
3.763400,58.598396
3.763500,58.599766
3.763600,58.597518
3.763700,58.597338
3.763800,58.599531
3.763900,58.596134
3.764000,58.595035
3.764100,58.599189
3.764200,58.600593
3.764300,58.601717
3.764400,58.606406
3.764500,58.603757
3.764600,58.608373
3.764700,58.605846
3.764800,58.602907
3.764900,58.612787
3.765000,58.625075
3.765100,58.638100
3.765200,58.630199
3.765300,58.644110
3.765400,58.648740
3.765500,58.643695
3.765600,58.632952
3.765700,58.635654
3.765800,58.632893
3.765900,58.634151
3.766000,58.633566
3.766100,58.633362
3.766200,58.632587
3.766300,58.632533
3.766400,58.633578
3.766500,58.633369
3.766600,58.632687
3.766700,58.632292
3.766800,58.632212
3.766900,58.631485
3.767000,58.632338
3.767100,58.632354
3.767200,58.632088
3.767300,58.632396
3.767400,58.632298
3.767500,58.632244
3.767600,58.631886
3.767700,58.631769
3.767800,58.631586
3.767900,58.631951
3.768000,58.632187
3.768100,58.631845
3.768200,58.632077
3.768300,58.631863
3.768400,58.631892
3.768500,58.631410
3.768600,58.631597
3.768700,58.631556
3.768800,58.631397
3.768900,58.631510
3.769000,58.631418
3.769100,58.631655
3.769200,58.631599
3.769300,58.631180
3.769400,58.631048
3.769500,58.630596
3.769600,58.630865
3.769700,58.630793
3.769800,58.630661
3.769900,58.631037
3.770000,58.631323
3.770100,58.631041
3.770200,58.631364
3.770300,58.630648
3.770400,58.630687
3.770500,58.631213
3.770600,58.630682
3.770700,58.630777
3.770800,58.630759
3.770900,58.631053
3.771000,58.631028
3.771100,58.630823
3.771200,58.629687
3.771300,58.629094
3.771400,58.630733
3.771500,58.631842
3.771600,58.629807
3.771700,58.631084
3.771800,58.629331
3.771900,58.629743
3.772000,58.629226
3.772100,58.629565
3.772200,58.630466
3.772300,58.630158
3.772400,58.627669
3.772500,58.625819
3.772600,58.628473
3.772700,58.626620
3.772800,58.631786
3.772900,58.631524
3.773000,58.629260
3.773100,58.625105
3.773200,58.632186
3.773300,58.629056
3.773400,58.623244
3.773500,58.625604
3.773600,58.620144
3.773700,58.637348
3.773800,58.638528
3.773900,58.626014
3.774000,58.627029
3.774100,58.631061
3.774200,58.625200
3.774300,58.624497
3.774400,58.624237
3.774500,58.624262
3.774600,58.624063
3.774700,58.623395
3.774800,58.624368
3.774900,58.623976
3.775000,58.623567
3.775100,58.624814
3.775200,58.624998
3.775300,58.624311
3.775400,58.623609
3.775500,58.623719
3.775600,58.623724
3.775700,58.623671
3.775800,58.623435
3.775900,58.623210
3.776000,58.623509
3.776100,58.623287
3.776200,58.623150
3.776300,58.622983
3.776400,58.623492
3.776500,58.623168
3.776600,58.623038
3.776700,58.623090
3.776800,58.623267
3.776900,58.623326
3.777000,58.623099
3.777100,58.623221
3.777200,58.622974
3.777300,58.622755
3.777400,58.622722
3.777500,58.622599
3.777600,58.622545
3.777700,58.622944
3.777800,58.622437
3.777900,58.622379
3.778000,58.622435
3.778100,58.622321
3.778200,58.621609
3.778300,58.622118
3.778400,58.621625
3.778500,58.621519
3.778600,58.622329
3.778700,58.622150
3.778800,58.622480
3.778900,58.622285
3.779000,58.621604
3.779100,58.621824
3.779200,58.621576
3.779300,58.621246
3.779400,58.621961
3.779500,58.621842
3.779600,58.622184
3.779700,58.622924
3.779800,58.622809
3.779900,58.622561
3.780000,58.620933
3.780100,58.621829
3.780200,58.623048
3.780300,58.622587
3.780400,58.624096
3.780500,58.625111
3.780600,58.622313
3.780700,58.618626
3.780800,58.618343
3.780900,58.620154
3.781000,58.617027
3.781100,58.621690
3.781200,58.626912
3.781300,58.629042
3.781400,58.628258
3.781500,58.628097
3.781600,58.630298
3.781700,58.625166
3.781800,58.616099
3.781900,58.601767
3.782000,58.610770
3.782100,58.610330
3.782200,58.598463
3.782300,58.598916
3.782400,58.598509
3.782500,58.594842
3.782600,58.591822
3.782700,58.585109
3.782800,58.588511
3.782900,58.589798
3.783000,58.590050
3.783100,58.589951
3.783200,58.590104
3.783300,58.590593
3.783400,58.589534
3.783500,58.589133
3.783600,58.589022
3.783700,58.587530
3.783800,58.588062
3.783900,58.588614
3.784000,58.589195
3.784100,58.589022
3.784200,58.588927
3.784300,58.588081
3.784400,58.588352
3.784500,58.588041
3.784600,58.587751
3.784700,58.588040
3.784800,58.588026
3.784900,58.587968
3.785000,58.587901
3.785100,58.587691
3.785200,58.587645
3.785300,58.588187
3.785400,58.587861
3.785500,58.587979
3.785600,58.588071
3.785700,58.587775
3.785800,58.587968
3.785900,58.587733
3.786000,58.587581
3.786100,58.587252
3.786200,58.587577
3.786300,58.587316
3.786400,58.587362
3.786500,58.587050
3.786600,58.587000
3.786700,58.586784
3.786800,58.587080
3.786900,58.586947
3.787000,58.586033
3.787100,58.586564
3.787200,58.586720
3.787300,58.586943
3.787400,58.587418
3.787500,58.587498
3.787600,58.586370
3.787700,58.585867
3.787800,58.585288
3.787900,58.585621
3.788000,58.585926
3.788100,58.585377
3.788200,58.585655
3.788300,58.587195
3.788400,58.586347
3.788500,58.585458
3.788600,58.585147
3.788700,58.585395
3.788800,58.584953
3.788900,58.584011
3.789000,58.585289
3.789100,58.585972
3.789200,58.586935
3.789300,58.589734
3.789400,58.590147
3.789500,58.589983
3.789600,58.587522
3.789700,58.583131
3.789800,58.588571
3.789900,58.584752
3.790000,58.582969
3.790100,58.591316
3.790200,58.585883
3.790300,58.577874
3.790400,58.569449
3.790500,58.575389
3.790600,58.575620
3.790700,58.574897
3.790800,58.581563
3.790900,58.597688
3.791000,58.610715
3.791100,58.603942
3.791200,58.602699
3.791300,58.597804
3.791400,58.598365
3.791500,58.598855
3.791600,58.598697
3.791700,58.598657
3.791800,58.597752
3.791900,58.598665
3.792000,58.598947
3.792100,58.599037
3.792200,58.599060
3.792300,58.598167
3.792400,58.599016
3.792500,58.598902
3.792600,58.599139
3.792700,58.598718
3.792800,58.598726
3.792900,58.598548
3.793000,58.598493
3.793100,58.599136
3.793200,58.599327
3.793300,58.598668
3.793400,58.599151
3.793500,58.598883
3.793600,58.598390
3.793700,58.598660
3.793800,58.598525
3.793900,58.598298
3.794000,58.598313
3.794100,58.598123
3.794200,58.598150
3.794300,58.598182
3.794400,58.598110
3.794500,58.597863
3.794600,58.597980
3.794700,58.597728
3.794800,58.598074
3.794900,58.598305
3.795000,58.597956
3.795100,58.597574
3.795200,58.597143
3.795300,58.597332
3.795400,58.597293
3.795500,58.597078
3.795600,58.597141
3.795700,58.597664
3.795800,58.597436
3.795900,58.596443
3.796000,58.596127
3.796100,58.596794
3.796200,58.596715
3.796300,58.597926
3.796400,58.596925
3.796500,58.597615
3.796600,58.597189
3.796700,58.596646
3.796800,58.595220
3.796900,58.595602
3.797000,58.595498
3.797100,58.597494
3.797200,58.597558
3.797300,58.597611
3.797400,58.598350
3.797500,58.598317
3.797600,58.598724
3.797700,58.595577
3.797800,58.597666
3.797900,58.596655
3.798000,58.595812
3.798100,58.599541
3.798200,58.594867
3.798300,58.595640
3.798400,58.596873
3.798500,58.599946
3.798600,58.594196
3.798700,58.587833
3.798800,58.576003
3.798900,58.575404
3.799000,58.569483
3.799100,58.588521
3.799200,58.596209
3.799300,58.606768
3.799400,58.602581
3.799500,58.613573
3.799600,58.615125
3.799700,58.607589
3.799800,58.605055
3.799900,58.606564
3.800000,58.605873
3.800100,58.606067
3.800200,58.606134
3.800300,58.606272
3.800400,58.605539
3.800500,58.606029
3.800600,58.605388
3.800700,58.606044
3.800800,58.606241
3.800900,58.606480
3.801000,58.606007
3.801100,58.606209
3.801200,58.605682
3.801300,58.605668
3.801400,58.605661
3.801500,58.606108
3.801600,58.606052
3.801700,58.605542
3.801800,58.605526
3.801900,58.605631
3.802000,58.605297
3.802100,58.605484
3.802200,58.605158
3.802300,58.605251
3.802400,58.605461
3.802500,58.604743
3.802600,58.604968
3.802700,58.604751
3.802800,58.604594
3.802900,58.604998
3.803000,58.605542
3.803100,58.604885
3.803200,58.604780
3.803300,58.604744
3.803400,58.604897
3.803500,58.604308
3.803600,58.604345
3.803700,58.604544
3.803800,58.604252
3.803900,58.604376
3.804000,58.604960
3.804100,58.604501
3.804200,58.604114
3.804300,58.604631
3.804400,58.603709
3.804500,58.603565
3.804600,58.604199
3.804700,58.603880
3.804800,58.604378
3.804900,58.603509
3.805000,58.603575
3.805100,58.603993
3.805200,58.604183
3.805300,58.604468
3.805400,58.603793
3.805500,58.603376
3.805600,58.603584
3.805700,58.602586
3.805800,58.602159
3.805900,58.603527
3.806000,58.605142
3.806100,58.604492
3.806200,58.601778
3.806300,58.605404
3.806400,58.606482
3.806500,58.605712
3.806600,58.603267
3.806700,58.604002
3.806800,58.599786
3.806900,58.596992
3.807000,58.596089
3.807100,58.601512
3.807200,58.608766
3.807300,58.606107
3.807400,58.599313
3.807500,58.612001
3.807600,58.599705
3.807700,58.608140
3.807800,58.629545
3.807900,58.606495
3.808000,58.589541
3.808100,58.603746
3.808200,58.603595
3.808300,58.609825
3.808400,58.609441
3.808500,58.605511
3.808600,58.606250
3.808700,58.606169
3.808800,58.606017
3.808900,58.605843
3.809000,58.606108
3.809100,58.606640
3.809200,58.605610
3.809300,58.605475
3.809400,58.605713
3.809500,58.606981
3.809600,58.605655
3.809700,58.606721
3.809800,58.606891
3.809900,58.605860
3.810000,58.605958
3.810100,58.605938
3.810200,58.605642
3.810300,58.605310
3.810400,58.605436
3.810500,58.604964
3.810600,58.605515
3.810700,58.605040
3.810800,58.605083
3.810900,58.605346
3.811000,58.605024
3.811100,58.605052
3.811200,58.605239
3.811300,58.605255
3.811400,58.605377
3.811500,58.604805
3.811600,58.605115
3.811700,58.604997
3.811800,58.604688
3.811900,58.604562
3.812000,58.604539
3.812100,58.604767
3.812200,58.604435
3.812300,58.604261
3.812400,58.604322
3.812500,58.604329
3.812600,58.604123
3.812700,58.604053
3.812800,58.603902
3.812900,58.603427
3.813000,58.603715
3.813100,58.604172
3.813200,58.604201
3.813300,58.603640
3.813400,58.604036
3.813500,58.603041
3.813600,58.603370
3.813700,58.604661
3.813800,58.603900
3.813900,58.603808
3.814000,58.603028
3.814100,58.604595
3.814200,58.603924
3.814300,58.603923
3.814400,58.604106
3.814500,58.605562
3.814600,58.605434
3.814700,58.603633
3.814800,58.602932
3.814900,58.602362
3.815000,58.603456
3.815100,58.602626
3.815200,58.600035
3.815300,58.604033
3.815400,58.600951
3.815500,58.601389
3.815600,58.598047
3.815700,58.602711
3.815800,58.604764
3.815900,58.603547
3.816000,58.612206
3.816100,58.621340
3.816200,58.601092
3.816300,58.594087
3.816400,58.591686
3.816500,58.593992
3.816600,58.583224
3.816700,58.569414
3.816800,58.561699
3.816900,58.569526
3.817000,58.572210
3.817100,58.573503
3.817200,58.573280
3.817300,58.572898
3.817400,58.573359
3.817500,58.573168
3.817600,58.571621
3.817700,58.572442
3.817800,58.572071
3.817900,58.572420
3.818000,58.571965
3.818100,58.571885
3.818200,58.571822
3.818300,58.571343
3.818400,58.572160
3.818500,58.572410
3.818600,58.572124
3.818700,58.572066
3.818800,58.572003
3.818900,58.571760
3.819000,58.571767
3.819100,58.571835
3.819200,58.571727
3.819300,58.571684
3.819400,58.571357
3.819500,58.571645
3.819600,58.571559
3.819700,58.571141
3.819800,58.571071
3.819900,58.571621
3.820000,58.570978
3.820100,58.571350
3.820200,58.571038
3.820300,58.570830
3.820400,58.570622
3.820500,58.570801
3.820600,58.570766
3.820700,58.570619
3.820800,58.570708
3.820900,58.570520
3.821000,58.570826
3.821100,58.570933
3.821200,58.570759
3.821300,58.570154
3.821400,58.570541
3.821500,58.569698
3.821600,58.569919
3.821700,58.570956
3.821800,58.570768
3.821900,58.570796
3.822000,58.569694
3.822100,58.569827
3.822200,58.569904
3.822300,58.570570
3.822400,58.570574
3.822500,58.569998
3.822600,58.570064
3.822700,58.570737
3.822800,58.570482
3.822900,58.570199
3.823000,58.570214
3.823100,58.568292
3.823200,58.569985
3.823300,58.570326
3.823400,58.570399
3.823500,58.567551
3.823600,58.566983
3.823700,58.571454
3.823800,58.576058
3.823900,58.575386
3.824000,58.570539
3.824100,58.570396
3.824200,58.564077
3.824300,58.565619
3.824400,58.564897
3.824500,58.572830
3.824600,58.581405
3.824700,58.567434
3.824800,58.581662
3.824900,58.580497
3.825000,58.591335
3.825100,58.572775
3.825200,58.589504
3.825300,58.578308
3.825400,58.584676
3.825500,58.587023
3.825600,58.584564
3.825700,58.584149
3.825800,58.583734
3.825900,58.583355
3.826000,58.582208
3.826100,58.581756
3.826200,58.582292
3.826300,58.582913
3.826400,58.583231
3.826500,58.583387
3.826600,58.583685
3.826700,58.583512
3.826800,58.582774
3.826900,58.583355
3.827000,58.583628
3.827100,58.583765
3.827200,58.583055
3.827300,58.582776
3.827400,58.583037
3.827500,58.582785
3.827600,58.582765
3.827700,58.582380
3.827800,58.582728
3.827900,58.582687
3.828000,58.582270
3.828100,58.582494
3.828200,58.582478
3.828300,58.582558
3.828400,58.582523
3.828500,58.582583
3.828600,58.582495
3.828700,58.582336
3.828800,58.582248
3.828900,58.581996
3.829000,58.582203
3.829100,58.582120
3.829200,58.582039
3.829300,58.581952
3.829400,58.581788
3.829500,58.582061
3.829600,58.582547
3.829700,58.581851
3.829800,58.581879
3.829900,58.581421
3.830000,58.580954
3.830100,58.581988
3.830200,58.581301
3.830300,58.580767
3.830400,58.581960
3.830500,58.581449
3.830600,58.581446
3.830700,58.582003
3.830800,58.581180
3.830900,58.581379
3.831000,58.581553
3.831100,58.581314
3.831200,58.581070
3.831300,58.580154
3.831400,58.580987
3.831500,58.582896
3.831600,58.581564
3.831700,58.582142
3.831800,58.580588
3.831900,58.581813
3.832000,58.579027
3.832100,58.579741
3.832200,58.581044
3.832300,58.583361
3.832400,58.585492
3.832500,58.585530
3.832600,58.586628
3.832700,58.578459
3.832800,58.577687
3.832900,58.571248
3.833000,58.573364
3.833100,58.569987
3.833200,58.577005
3.833300,58.593921
3.833400,58.571136
3.833500,58.577404
3.833600,58.571240
3.833700,58.562717
3.833800,58.562081
3.833900,58.567968
3.834000,58.568410
3.834100,58.566969
3.834200,58.568069
3.834300,58.568028
3.834400,58.567592
3.834500,58.568277
3.834600,58.566936
3.834700,58.565892
3.834800,58.566657
3.834900,58.566383
3.835000,58.567734
3.835100,58.567132
3.835200,58.566192
3.835300,58.566640
3.835400,58.566227
3.835500,58.565755
3.835600,58.565839
3.835700,58.565971
3.835800,58.565806
3.835900,58.565723
3.836000,58.566337
3.836100,58.566107
3.836200,58.565893
3.836300,58.565937
3.836400,58.566198
3.836500,58.566199
3.836600,58.565546
3.836700,58.565437
3.836800,58.565643
3.836900,58.566037
3.837000,58.565512
3.837100,58.565439
3.837200,58.565518
3.837300,58.564971
3.837400,58.565027
3.837500,58.564931
3.837600,58.565485
3.837700,58.565422
3.837800,58.565406
3.837900,58.565529
3.838000,58.565205
3.838100,58.564701
3.838200,58.564376
3.838300,58.564999
3.838400,58.564182
3.838500,58.564586
3.838600,58.564553
3.838700,58.565112
3.838800,58.564958
3.838900,58.564704
3.839000,58.564886
3.839100,58.565394
3.839200,58.564345
3.839300,58.564787
3.839400,58.563477
3.839500,58.564126
3.839600,58.564187
3.839700,58.563401
3.839800,58.563694
3.839900,58.565732
3.840000,58.565777
3.840100,58.564088
3.840200,58.564275
3.840300,58.564838
3.840400,58.565841
3.840500,58.565996
3.840600,58.562942
3.840700,58.560406
3.840800,58.559353
3.840900,58.561137
3.841000,58.557295
3.841100,58.556968
3.841200,58.562037
3.841300,58.570884
3.841400,58.570757
3.841500,58.567793
3.841600,58.574797
3.841700,58.578028
3.841800,58.576436
3.841900,58.571828
3.842000,58.568716
3.842100,58.589862
3.842200,58.609465
3.842300,58.598100
3.842400,58.585914
3.842500,58.586161
3.842600,58.591266
3.842700,58.590133
3.842800,58.590657
3.842900,58.590904
3.843000,58.590481
3.843100,58.590681
3.843200,58.590771
3.843300,58.591377
3.843400,58.591654
3.843500,58.590813
3.843600,58.590403
3.843700,58.590796
3.843800,58.590731
3.843900,58.590544
3.844000,58.590168
3.844100,58.590144
3.844200,58.590415
3.844300,58.590646
3.844400,58.590636
3.844500,58.590420
3.844600,58.590105
3.844700,58.590380
3.844800,58.590201
3.844900,58.590136
3.845000,58.590405
3.845100,58.590089
3.845200,58.589908
3.845300,58.590326
3.845400,58.590112
3.845500,58.589811
3.845600,58.590219
3.845700,58.590071
3.845800,58.589896
3.845900,58.589552
3.846000,58.589710
3.846100,58.589663
3.846200,58.589859
3.846300,58.589517
3.846400,58.589174
3.846500,58.589046
3.846600,58.589263
3.846700,58.589324
3.846800,58.588956
3.846900,58.588849
3.847000,58.589187
3.847100,58.588181
3.847200,58.588251
3.847300,58.589356
3.847400,58.589268
3.847500,58.589239
3.847600,58.589248
3.847700,58.589615
3.847800,58.589300
3.847900,58.589058
3.848000,58.589357
3.848100,58.588646
3.848200,58.587567
3.848300,58.588400
3.848400,58.589982
3.848500,58.590425
3.848600,58.588701
3.848700,58.589978
3.848800,58.588864
3.848900,58.586724
3.849000,58.586926
3.849100,58.590347
3.849200,58.589981
3.849300,58.594105
3.849400,58.589415
3.849500,58.582729
3.849600,58.587551
3.849700,58.589270
3.849800,58.592398
3.849900,58.596624
3.850000,58.599098
3.850100,58.593142
3.850200,58.609827
3.850300,58.619046
3.850400,58.601012
3.850500,58.610844
3.850600,58.589072
3.850700,58.579229
3.850800,58.579363
3.850900,58.579166
3.851000,58.577178
3.851100,58.582610
3.851200,58.582948
3.851300,58.582984
3.851400,58.582860
3.851500,58.582539
3.851600,58.581927
3.851700,58.581633
3.851800,58.582274
3.851900,58.580715
3.852000,58.582114
3.852100,58.582341
3.852200,58.583267
3.852300,58.582684
3.852400,58.583344
3.852500,58.582465
3.852600,58.581907
3.852700,58.582325
3.852800,58.581739
3.852900,58.581546
3.853000,58.582043
3.853100,58.582315
3.853200,58.582006
3.853300,58.582199
3.853400,58.581719
3.853500,58.581599
3.853600,58.581608
3.853700,58.581745
3.853800,58.581670
3.853900,58.581399
3.854000,58.581903
3.854100,58.581675
3.854200,58.581524
3.854300,58.581074
3.854400,58.580898
3.854500,58.580644
3.854600,58.581286
3.854700,58.580798
3.854800,58.581165
3.854900,58.580839
3.855000,58.580617
3.855100,58.580550
3.855200,58.580689
3.855300,58.581006
3.855400,58.580470
3.855500,58.580498
3.855600,58.581174
3.855700,58.580834
3.855800,58.580352
3.855900,58.580707
3.856000,58.580653
3.856100,58.579886
3.856200,58.580507
3.856300,58.579655
3.856400,58.580763
3.856500,58.580659
3.856600,58.581103
3.856700,58.581481
3.856800,58.579593
3.856900,58.579768
3.857000,58.580469
3.857100,58.580814
3.857200,58.580001
3.857300,58.578996
3.857400,58.581022
3.857500,58.580678
3.857600,58.579649
3.857700,58.581150
3.857800,58.580338
3.857900,58.584133
3.858000,58.579262
3.858100,58.576086
3.858200,58.572141
3.858300,58.580921
3.858400,58.582095
3.858500,58.591588
3.858600,58.582857
3.858700,58.587759
3.858800,58.583763
3.858900,58.575820
3.859000,58.569273
3.859100,58.584491
3.859200,58.569730
3.859300,58.555569
3.859400,58.569931
3.859500,58.565982
3.859600,58.564880
3.859700,58.568266
3.859800,58.568562
3.859900,58.568598
3.860000,58.568577
3.860100,58.567761
3.860200,58.568457
3.860300,58.569356
3.860400,58.569673
3.860500,58.569866
3.860600,58.569045
3.860700,58.569608
3.860800,58.568294
3.860900,58.568559
3.861000,58.568389
3.861100,58.568257
3.861200,58.569067
3.861300,58.568178
3.861400,58.568330
3.861500,58.568067
3.861600,58.568162
3.861700,58.568027
3.861800,58.568084
3.861900,58.567931
3.862000,58.567915
3.862100,58.568086
3.862200,58.568107
3.862300,58.568298
3.862400,58.568029
3.862500,58.568016
3.862600,58.567974
3.862700,58.567815
3.862800,58.568016
3.862900,58.567301
3.863000,58.567452
3.863100,58.567199
3.863200,58.567451
3.863300,58.567612
3.863400,58.567237
3.863500,58.567477
3.863600,58.567635
3.863700,58.567130
3.863800,58.567433
3.863900,58.567825
3.864000,58.567660
3.864100,58.567701
3.864200,58.567349
3.864300,58.566745
3.864400,58.567197
3.864500,58.566576
3.864600,58.566905
3.864700,58.567426
3.864800,58.566739
3.864900,58.566797
3.865000,58.566838
3.865100,58.565817
3.865200,58.567326
3.865300,58.567227
3.865400,58.567492
3.865500,58.566335
3.865600,58.564813
3.865700,58.566424
3.865800,58.566545
3.865900,58.565347
3.866000,58.566181
3.866100,58.566256
3.866200,58.566519
3.866300,58.565041
3.866400,58.561481
3.866500,58.562861
3.866600,58.566908
3.866700,58.563783
3.866800,58.561968
3.866900,58.563651
3.867000,58.573574
3.867100,58.566811
3.867200,58.563625
3.867300,58.555091
3.867400,58.562900
3.867500,58.582857
3.867600,58.602028
3.867700,58.588067
3.867800,58.586895
3.867900,58.585646
3.868000,58.581831
3.868100,58.587113
3.868200,58.586789
3.868300,58.585764
3.868400,58.585681
3.868500,58.586160
3.868600,58.586437
3.868700,58.587749
3.868800,58.586031
3.868900,58.585796
3.869000,58.584279
3.869100,58.583693
3.869200,58.584447
3.869300,58.583652
3.869400,58.584274
3.869500,58.584593
3.869600,58.584378
3.869700,58.583880
3.869800,58.583636
3.869900,58.584224
3.870000,58.584152
3.870100,58.583891
3.870200,58.583826
3.870300,58.583994
3.870400,58.584439
3.870500,58.583815
3.870600,58.583615
3.870700,58.583494
3.870800,58.583422
3.870900,58.583741
3.871000,58.583290
3.871100,58.583468
3.871200,58.583109
3.871300,58.582921
3.871400,58.583287
3.871500,58.583214
3.871600,58.583257
3.871700,58.583099
3.871800,58.583365
3.871900,58.583080
3.872000,58.583072
3.872100,58.583373
3.872200,58.583130
3.872300,58.582875
3.872400,58.583119
3.872500,58.582743
3.872600,58.583473
3.872700,58.583538
3.872800,58.583375
3.872900,58.582895
3.873000,58.582436
3.873100,58.582276
3.873200,58.583422
3.873300,58.583681
3.873400,58.583339
3.873500,58.581852
3.873600,58.583338
3.873700,58.582852
3.873800,58.582346
3.873900,58.582379
3.874000,58.582403
3.874100,58.581109
3.874200,58.582593
3.874300,58.580089
3.874400,58.583080
3.874500,58.581999
3.874600,58.582340
3.874700,58.579863
3.874800,58.582706
3.874900,58.580509
3.875000,58.584297
3.875100,58.584144
3.875200,58.580958
3.875300,58.576573
3.875400,58.578488
3.875500,58.588199
3.875600,58.580816
3.875700,58.577393
3.875800,58.577146
3.875900,58.571233
3.876000,58.557038
3.876100,58.571154
3.876200,58.566211
3.876300,58.561632
3.876400,58.562410
3.876500,58.570781
3.876600,58.572770
3.876700,58.570522
3.876800,58.567866
3.876900,58.568110
3.877000,58.567821
3.877100,58.567746
3.877200,58.568989
3.877300,58.568967
3.877400,58.568579
3.877500,58.569299
3.877600,58.568936
3.877700,58.568071
3.877800,58.569223
3.877900,58.569293
3.878000,58.568858
3.878100,58.569058
3.878200,58.569304
3.878300,58.568633
3.878400,58.568813
3.878500,58.568884
3.878600,58.568798
3.878700,58.568468
3.878800,58.568468
3.878900,58.568409
3.879000,58.568399
3.879100,58.568362
3.879200,58.568364
3.879300,58.568174
3.879400,58.568244
3.879500,58.568015
3.879600,58.567995
3.879700,58.567921
3.879800,58.567845
3.879900,58.567799
3.880000,58.567962
3.880100,58.567931
3.880200,58.567645
3.880300,58.567121
3.880400,58.567347
3.880500,58.567771
3.880600,58.567644
3.880700,58.567525
3.880800,58.567603
3.880900,58.567046
3.881000,58.566882
3.881100,58.566562
3.881200,58.566888
3.881300,58.566893
3.881400,58.566621
3.881500,58.567397
3.881600,58.566224
3.881700,58.567298
3.881800,58.566271
3.881900,58.566198
3.882000,58.566824
3.882100,58.567281
3.882200,58.567839
3.882300,58.567493
3.882400,58.567618
3.882500,58.566957
3.882600,58.565695
3.882700,58.565605
3.882800,58.566765
3.882900,58.566215
3.883000,58.566032
3.883100,58.566344
3.883200,58.565653
3.883300,58.564935
3.883400,58.568825
3.883500,58.569102
3.883600,58.569200
3.883700,58.566550
3.883800,58.565675
3.883900,58.567343
3.884000,58.567151
3.884100,58.566090
3.884200,58.555326
3.884300,58.545414
3.884400,58.548560
3.884500,58.545484
3.884600,58.543514
3.884700,58.566815
3.884800,58.581472
3.884900,58.564675
3.885000,58.563523
3.885100,58.564257
3.885200,58.559932
3.885300,58.556265
3.885400,58.557723
3.885500,58.557586
3.885600,58.557559
3.885700,58.556426
3.885800,58.556624
3.885900,58.556386
3.886000,58.556509
3.886100,58.556116
3.886200,58.557058
3.886300,58.556670
3.886400,58.555509
3.886500,58.555630
3.886600,58.556509
3.886700,58.555945
3.886800,58.555595
3.886900,58.556249
3.887000,58.556356
3.887100,58.556231
3.887200,58.556057
3.887300,58.556064
3.887400,58.556082
3.887500,58.555806
3.887600,58.555769
3.887700,58.555669
3.887800,58.555897
3.887900,58.555843
3.888000,58.555801
3.888100,58.555698
3.888200,58.555515
3.888300,58.555566
3.888400,58.555828
3.888500,58.555691
3.888600,58.555444
3.888700,58.555447
3.888800,58.554973
3.888900,58.555390
3.889000,58.554760
3.889100,58.554470
3.889200,58.555071
3.889300,58.555085
3.889400,58.554826
3.889500,58.554947
3.889600,58.554884
3.889700,58.554897
3.889800,58.554515
3.889900,58.554284
3.890000,58.554215
3.890100,58.554784
3.890200,58.554179
3.890300,58.554310
3.890400,58.554991
3.890500,58.555253
3.890600,58.553875
3.890700,58.553261
3.890800,58.554212
3.890900,58.554276
3.891000,58.554193
3.891100,58.553438
3.891200,58.553036
3.891300,58.551462
3.891400,58.553426
3.891500,58.551757
3.891600,58.553596
3.891700,58.553825
3.891800,58.557623
3.891900,58.559068
3.892000,58.555826
3.892100,58.556131
3.892200,58.558580
3.892300,58.562085
3.892400,58.564635
3.892500,58.559009
3.892600,58.561194
3.892700,58.556288
3.892800,58.543620
3.892900,58.525833
3.893000,58.546086
3.893100,58.559676
3.893200,58.569972
3.893300,58.580007
3.893400,58.574193
3.893500,58.565399
3.893600,58.555420
3.893700,58.557314
3.893800,58.558695
3.893900,58.558473
3.894000,58.558745
3.894100,58.558202
3.894200,58.557808
3.894300,58.559256
3.894400,58.558725
3.894500,58.557942
3.894600,58.559499
3.894700,58.559283
3.894800,58.560281
3.894900,58.559483
3.895000,58.559183
3.895100,58.559122
3.895200,58.559435
3.895300,58.559413
3.895400,58.559279
3.895500,58.559017
3.895600,58.558591
3.895700,58.558594
3.895800,58.558700
3.895900,58.558700
3.896000,58.559161
3.896100,58.559035
3.896200,58.558734
3.896300,58.558303
3.896400,58.558585
3.896500,58.558459
3.896600,58.558674
3.896700,58.558898
3.896800,58.558636
3.896900,58.558532
3.897000,58.558465
3.897100,58.558468
3.897200,58.558210
3.897300,58.558119
3.897400,58.557500
3.897500,58.558078
3.897600,58.557847
3.897700,58.558319
3.897800,58.558162
3.897900,58.558184
3.898000,58.557497
3.898100,58.558332
3.898200,58.557637
3.898300,58.557603
3.898400,58.557228
3.898500,58.557203
3.898600,58.557059
3.898700,58.558045
3.898800,58.557535
3.898900,58.558367
3.899000,58.557426
3.899100,58.557210
3.899200,58.556065
3.899300,58.557301
3.899400,58.556937
3.899500,58.556483
3.899600,58.557406
3.899700,58.556528
3.899800,58.554391
3.899900,58.556034
3.900000,58.553946
3.900100,58.555676
3.900200,58.553855
3.900300,58.550833
3.900400,58.554118
3.900500,58.554615
3.900600,58.557269
3.900700,58.558594
3.900800,58.556865
3.900900,58.558644
3.901000,58.564980
3.901100,58.559127
3.901200,58.562783
3.901300,58.571267
3.901400,58.567638
3.901500,58.568132
3.901600,58.567946
3.901700,58.555073
3.901800,58.546768
3.901900,58.526635
3.902000,58.523487
3.902100,58.524223
3.902200,58.532378
3.902300,58.533879
3.902400,58.537028
3.902500,58.536998
3.902600,58.536852
3.902700,58.536910
3.902800,58.538053
3.902900,58.536159
3.903000,58.537625
3.903100,58.537363
3.903200,58.537009
3.903300,58.536628
3.903400,58.536766
3.903500,58.537030
3.903600,58.537151
3.903700,58.536357
3.903800,58.536864
3.903900,58.536902
3.904000,58.536090
3.904100,58.536231
3.904200,58.535686
3.904300,58.536129
3.904400,58.535803
3.904500,58.535670
3.904600,58.536259
3.904700,58.536115
3.904800,58.535511
3.904900,58.535667
3.905000,58.535686
3.905100,58.535441
3.905200,58.535586
3.905300,58.535412
3.905400,58.535162
3.905500,58.535090
3.905600,58.535619
3.905700,58.535404
3.905800,58.534984
3.905900,58.535163
3.906000,58.534812
3.906100,58.535188
3.906200,58.535091
3.906300,58.534324
3.906400,58.534381
3.906500,58.534401
3.906600,58.535164
3.906700,58.535041
3.906800,58.534422
3.906900,58.533747
3.907000,58.534108
3.907100,58.534228
3.907200,58.534199
3.907300,58.533982
3.907400,58.533771
3.907500,58.534428
3.907600,58.534181
3.907700,58.533983
3.907800,58.535154
3.907900,58.534684
3.908000,58.535666
3.908100,58.534273
3.908200,58.533583
3.908300,58.533738
3.908400,58.534593
3.908500,58.531815
3.908600,58.534768
3.908700,58.531613
3.908800,58.531969
3.908900,58.532005
3.909000,58.535732
3.909100,58.532605
3.909200,58.534265
3.909300,58.532309
3.909400,58.536406
3.909500,58.539487
3.909600,58.535947
3.909700,58.535217
3.909800,58.535425
3.909900,58.532520
3.910000,58.527618
3.910100,58.529321
3.910200,58.511201
3.910300,58.501218
3.910400,58.488134
3.910500,58.486468
3.910600,58.490491
3.910700,58.491957
3.910800,58.488437
3.910900,58.491020
3.911000,58.491501
3.911100,58.491338
3.911200,58.491018
3.911300,58.489952
3.911400,58.489284
3.911500,58.490106
3.911600,58.490726
3.911700,58.491121
3.911800,58.490589
3.911900,58.491751
3.912000,58.491380
3.912100,58.490947
3.912200,58.491364
3.912300,58.490789
3.912400,58.490380
3.912500,58.490223
3.912600,58.490844
3.912700,58.490657
3.912800,58.490472
3.912900,58.490307
3.913000,58.490330
3.913100,58.490570
3.913200,58.490546
3.913300,58.490210
3.913400,58.490548
3.913500,58.489921
3.913600,58.489790
3.913700,58.489758
3.913800,58.489648
3.913900,58.489756
3.914000,58.489539
3.914100,58.489604
3.914200,58.489297
3.914300,58.489928
3.914400,58.489723
3.914500,58.489521
3.914600,58.489356
3.914700,58.489472
3.914800,58.489570
3.914900,58.489259
3.915000,58.489485
3.915100,58.489211
3.915200,58.489451
3.915300,58.488871
3.915400,58.489071
3.915500,58.488567
3.915600,58.488946
3.915700,58.488555
3.915800,58.488392
3.915900,58.489589
3.916000,58.490179
3.916100,58.488994
3.916200,58.488113
3.916300,58.488523
3.916400,58.488188
3.916500,58.487930
3.916600,58.489634
3.916700,58.489660
3.916800,58.488288
3.916900,58.489996
3.917000,58.489864
3.917100,58.489725
3.917200,58.489119
3.917300,58.488815
3.917400,58.487601
3.917500,58.487562
3.917600,58.486604
3.917700,58.489209
3.917800,58.490564
3.917900,58.488143
3.918000,58.487510
3.918100,58.487741
3.918200,58.498117
3.918300,58.505256
3.918400,58.498062
3.918500,58.513285
3.918600,58.506295
3.918700,58.510365
3.918800,58.517215
3.918900,58.499698
3.919000,58.515958
3.919100,58.528660
3.919200,58.525723
3.919300,58.534390
3.919400,58.532719
3.919500,58.532593
3.919600,58.533299
3.919700,58.533258
3.919800,58.533640
3.919900,58.534396
3.920000,58.534813
3.920100,58.534286
3.920200,58.533377
3.920300,58.533524
3.920400,58.534312
3.920500,58.533316
3.920600,58.533592
3.920700,58.533868
3.920800,58.533611
3.920900,58.533886
3.921000,58.533548
3.921100,58.533405
3.921200,58.533117
3.921300,58.533133
3.921400,58.533786
3.921500,58.533303
3.921600,58.533731
3.921700,58.533960
3.921800,58.533230
3.921900,58.533151
3.922000,58.533100
3.922100,58.532605
3.922200,58.532963
3.922300,58.533407
3.922400,58.532798
3.922500,58.532642
3.922600,58.533098
3.922700,58.533151
3.922800,58.533013
3.922900,58.532779
3.923000,58.532428
3.923100,58.532225
3.923200,58.531924
3.923300,58.532674
3.923400,58.532058
3.923500,58.532439
3.923600,58.532248
3.923700,58.532570
3.923800,58.532880
3.923900,58.532799
3.924000,58.532476
3.924100,58.532052
3.924200,58.532622
3.924300,58.532558
3.924400,58.532248
3.924500,58.531623
3.924600,58.531363
3.924700,58.532299
3.924800,58.532075
3.924900,58.531590
3.925000,58.530698
3.925100,58.531790
3.925200,58.532175
3.925300,58.532145
3.925400,58.532277
3.925500,58.532698
3.925600,58.533282
3.925700,58.531980
3.925800,58.529071
3.925900,58.530793
3.926000,58.532442
3.926100,58.532664
3.926200,58.534500
3.926300,58.538419
3.926400,58.534011
3.926500,58.528224
3.926600,58.523399
3.926700,58.526031
3.926800,58.533643
3.926900,58.534442
3.927000,58.538136
3.927100,58.547516
3.927200,58.529556
3.927300,58.537447
3.927400,58.551157
3.927500,58.543146
3.927600,58.561007
3.927700,58.561194
3.927800,58.562536
3.927900,58.568480
3.928000,58.566698
3.928100,58.565640
3.928200,58.565616
3.928300,58.565422
3.928400,58.565980
3.928500,58.566488
3.928600,58.566903
3.928700,58.565040
3.928800,58.566441
3.928900,58.568071
3.929000,58.566755
3.929100,58.566380
3.929200,58.565838
3.929300,58.566152
3.929400,58.565912
3.929500,58.566404
3.929600,58.566595
3.929700,58.566555
3.929800,58.566257
3.929900,58.566367
3.930000,58.566595
3.930100,58.566323
3.930200,58.566073
3.930300,58.566377
3.930400,58.566442
3.930500,58.566220
3.930600,58.566075
3.930700,58.566079
3.930800,58.565894
3.930900,58.566048
3.931000,58.566353
3.931100,58.566276
3.931200,58.565688
3.931300,58.565751
3.931400,58.565200
3.931500,58.565754
3.931600,58.565530
3.931700,58.565196
3.931800,58.565373
3.931900,58.565500
3.932000,58.565286
3.932100,58.565181
3.932200,58.565563
3.932300,58.566037
3.932400,58.565407
3.932500,58.565063
3.932600,58.564584
3.932700,58.564833
3.932800,58.564549
3.932900,58.564353
3.933000,58.565518
3.933100,58.565031
3.933200,58.564591
3.933300,58.564727
3.933400,58.563924
3.933500,58.565037
3.933600,58.565521
3.933700,58.565493
3.933800,58.565411
3.933900,58.564228
3.934000,58.565399
3.934100,58.564057
3.934200,58.561067
3.934300,58.561462
3.934400,58.564936
3.934500,58.563782
3.934600,58.559333
3.934700,58.564127
3.934800,58.561292
3.934900,58.560734
3.935000,58.560097
3.935100,58.564846
3.935200,58.561374
3.935300,58.559961
3.935400,58.567167
3.935500,58.561821
3.935600,58.577192
3.935700,58.573216
3.935800,58.551170
3.935900,58.557566
3.936000,58.546863
3.936100,58.541515
3.936200,58.543256
3.936300,58.537140
3.936400,58.537003
3.936500,58.538567
3.936600,58.538999
3.936700,58.539252
3.936800,58.539328
3.936900,58.540159
3.937000,58.540330
3.937100,58.540342
3.937200,58.540295
3.937300,58.538543
3.937400,58.539618
3.937500,58.538967
3.937600,58.537790
3.937700,58.537722
3.937800,58.538072
3.937900,58.538050
3.938000,58.538292
3.938100,58.537871
3.938200,58.537528
3.938300,58.537914
3.938400,58.537563
3.938500,58.537309
3.938600,58.536993
3.938700,58.537456
3.938800,58.537682
3.938900,58.537614
3.939000,58.537492
3.939100,58.537577
3.939200,58.538012
3.939300,58.537509
3.939400,58.537084
3.939500,58.537139
3.939600,58.537101
3.939700,58.536940
3.939800,58.536929
3.939900,58.536803
3.940000,58.537205
3.940100,58.536986
3.940200,58.537265
3.940300,58.536946
3.940400,58.537030
3.940500,58.536915
3.940600,58.536742
3.940700,58.537345
3.940800,58.536694
3.940900,58.536615
3.941000,58.536646
3.941100,58.536674
3.941200,58.536273
3.941300,58.535648
3.941400,58.536451
3.941500,58.536016
3.941600,58.536094
3.941700,58.536168
3.941800,58.536411
3.941900,58.535297
3.942000,58.535911
3.942100,58.537632
3.942200,58.537320
3.942300,58.537510
3.942400,58.537209
3.942500,58.535075
3.942600,58.534606
3.942700,58.535005
3.942800,58.537041
3.942900,58.535834
3.943000,58.535872
3.943100,58.536364
3.943200,58.531679
3.943300,58.533880
3.943400,58.537011
3.943500,58.536549
3.943600,58.532150
3.943700,58.524229
3.943800,58.517467
3.943900,58.527909
3.944000,58.514446
3.944100,58.523023
3.944200,58.523887
3.944300,58.524822
3.944400,58.536876
3.944500,58.546580
3.944600,58.567545
3.944700,58.564576
3.944800,58.563904
3.944900,58.557476
3.945000,58.555508
3.945100,58.556247
3.945200,58.555288
3.945300,58.554973
3.945400,58.555985
3.945500,58.557059
3.945600,58.558012
3.945700,58.557519
3.945800,58.557656
3.945900,58.556175
3.946000,58.557104
3.946100,58.556480
3.946200,58.555588
3.946300,58.555541
3.946400,58.555680
3.946500,58.555884
3.946600,58.556081
3.946700,58.556184
3.946800,58.555810
3.946900,58.555843
3.947000,58.555373
3.947100,58.555545
3.947200,58.555732
3.947300,58.555799
3.947400,58.555456
3.947500,58.555337
3.947600,58.555858
3.947700,58.555962
3.947800,58.555548
3.947900,58.555315
3.948000,58.555449
3.948100,58.554904
3.948200,58.554984
3.948300,58.555257
3.948400,58.555288
3.948500,58.555245
3.948600,58.555379
3.948700,58.555411
3.948800,58.554856
3.948900,58.554973
3.949000,58.555000
3.949100,58.554689
3.949200,58.555213
3.949300,58.555034
3.949400,58.554916
3.949500,58.554542
3.949600,58.553896
3.949700,58.554025
3.949800,58.554092
3.949900,58.553752
3.950000,58.554945
3.950100,58.554203
3.950200,58.554552
3.950300,58.554406
3.950400,58.554743
3.950500,58.553662
3.950600,58.553696
3.950700,58.554969
3.950800,58.553390
3.950900,58.553626
3.951000,58.553334
3.951100,58.555395
3.951200,58.554189
3.951300,58.555735
3.951400,58.554560
3.951500,58.551185
3.951600,58.551452
3.951700,58.553936
3.951800,58.550614
3.951900,58.550027
3.952000,58.552010
3.952100,58.554996
3.952200,58.554559
3.952300,58.563000
3.952400,58.554925
3.952500,58.548709
3.952600,58.540208
3.952700,58.525977
3.952800,58.517096
3.952900,58.508700
3.953000,58.515130
3.953100,58.514836
3.953200,58.505026
3.953300,58.504951
3.953400,58.507914
3.953500,58.513134
3.953600,58.510297
3.953700,58.510716
3.953800,58.510619
3.953900,58.510711
3.954000,58.510659
3.954100,58.512058
3.954200,58.512322
3.954300,58.512319
3.954400,58.510713
3.954500,58.511367
3.954600,58.511227
3.954700,58.510810
3.954800,58.510391
3.954900,58.510412
3.955000,58.511047
3.955100,58.510548
3.955200,58.510557
3.955300,58.510562
3.955400,58.510439
3.955500,58.510739
3.955600,58.510694
3.955700,58.510532
3.955800,58.510740
3.955900,58.510545
3.956000,58.510260
3.956100,58.510429
3.956200,58.510084
3.956300,58.509621
3.956400,58.509923
3.956500,58.509677
3.956600,58.510174
3.956700,58.509613
3.956800,58.509540
3.956900,58.509795
3.957000,58.509592
3.957100,58.509863
3.957200,58.509963
3.957300,58.509426
3.957400,58.509556
3.957500,58.509758
3.957600,58.509529
3.957700,58.509556
3.957800,58.510062
3.957900,58.509571
3.958000,58.509705
3.958100,58.509481
3.958200,58.509414
3.958300,58.508794
3.958400,58.507946
3.958500,58.508781
3.958600,58.508481
3.958700,58.508098
3.958800,58.508992
3.958900,58.508530
3.959000,58.507839
3.959100,58.507581
3.959200,58.508542
3.959300,58.508581
3.959400,58.510069
3.959500,58.509027
3.959600,58.509143
3.959700,58.510063
3.959800,58.511163
3.959900,58.510896
3.960000,58.510403
3.960100,58.506651
3.960200,58.509114
3.960300,58.508531
3.960400,58.509489
3.960500,58.503989
3.960600,58.506243
3.960700,58.504054
3.960800,58.503065
3.960900,58.503928
3.961000,58.496312
3.961100,58.502397
3.961200,58.498855
3.961300,58.502623
3.961400,58.512461
3.961500,58.531049
3.961600,58.541620
3.961700,58.533740
3.961800,58.529154
3.961900,58.530682
3.962000,58.535141
3.962100,58.529418
3.962200,58.530443
3.962300,58.529845
3.962400,58.530159
3.962500,58.529152
3.962600,58.529392
3.962700,58.528253
3.962800,58.528881
3.962900,58.527206
3.963000,58.528197
3.963100,58.528470
3.963200,58.527364
3.963300,58.528184
3.963400,58.528482
3.963500,58.528129
3.963600,58.528350
3.963700,58.528064
3.963800,58.527797
3.963900,58.527955
3.964000,58.527989
3.964100,58.527818
3.964200,58.527603
3.964300,58.527487
3.964400,58.527417
3.964500,58.527726
3.964600,58.527742
3.964700,58.527673
3.964800,58.527054
3.964900,58.527519
3.965000,58.527258
3.965100,58.527083
3.965200,58.526864
3.965300,58.526873
3.965400,58.526795
3.965500,58.526623
3.965600,58.527132
3.965700,58.527065
3.965800,58.526733
3.965900,58.526866
3.966000,58.526724
3.966100,58.526789
3.966200,58.526622
3.966300,58.526663
3.966400,58.526695
3.966500,58.526181
3.966600,58.526583
3.966700,58.526099
3.966800,58.526814
3.966900,58.526872
3.967000,58.526193
3.967100,58.526330
3.967200,58.525973
3.967300,58.525283
3.967400,58.526623
3.967500,58.526950
3.967600,58.527128
3.967700,58.525461
3.967800,58.525866
3.967900,58.526612
3.968000,58.527486
3.968100,58.525309
3.968200,58.525937
3.968300,58.523424
3.968400,58.523789
3.968500,58.524738
3.968600,58.525459
3.968700,58.525481
3.968800,58.523258
3.968900,58.526105
3.969000,58.531148
3.969100,58.530566
3.969200,58.523527
3.969300,58.522355
3.969400,58.520027
3.969500,58.526895
3.969600,58.528907
3.969700,58.531555
3.969800,58.536359
3.969900,58.516471
3.970000,58.534438
3.970100,58.525987
3.970200,58.532507
3.970300,58.529307
3.970400,58.534204
3.970500,58.543815
3.970600,58.537011
3.970700,58.535578
3.970800,58.534678
3.970900,58.534795
3.971000,58.535182
3.971100,58.536175
3.971200,58.535209
3.971300,58.534823
3.971400,58.534869
3.971500,58.534990
3.971600,58.535551
3.971700,58.536390
3.971800,58.535135
3.971900,58.535089
3.972000,58.535056
3.972100,58.535132
3.972200,58.534825
3.972300,58.535430
3.972400,58.534700
3.972500,58.534554
3.972600,58.534539
3.972700,58.534486
3.972800,58.534410
3.972900,58.534586
3.973000,58.534457
3.973100,58.533843
3.973200,58.534307
3.973300,58.534303
3.973400,58.534120
3.973500,58.533643
3.973600,58.533656
3.973700,58.533662
3.973800,58.533921
3.973900,58.533533
3.974000,58.533330
3.974100,58.533591
3.974200,58.533396
3.974300,58.533529
3.974400,58.533491
3.974500,58.533247
3.974600,58.533412
3.974700,58.532887
3.974800,58.532823
3.974900,58.532993
3.975000,58.532804
3.975100,58.532148
3.975200,58.532671
3.975300,58.532406
3.975400,58.532867
3.975500,58.533007
3.975600,58.532654
3.975700,58.531994
3.975800,58.533238
3.975900,58.533552
3.976000,58.532885
3.976100,58.532503
3.976200,58.532509
3.976300,58.533055
3.976400,58.533344
3.976500,58.533841
3.976600,58.533761
3.976700,58.532638
3.976800,58.532582
3.976900,58.533726
3.977000,58.535617
3.977100,58.533323
3.977200,58.530995
3.977300,58.527568
3.977400,58.532681
3.977500,58.534429
3.977600,58.538162
3.977700,58.537278
3.977800,58.534018
3.977900,58.536702
3.978000,58.533226
3.978100,58.528467
3.978200,58.521656
3.978300,58.519961
3.978400,58.524998
3.978500,58.507086
3.978600,58.491542
3.978700,58.485418
3.978800,58.463973
3.978900,58.475091
3.979000,58.479973
3.979100,58.483002
3.979200,58.486503
3.979300,58.488052
3.979400,58.487169
3.979500,58.486681
3.979600,58.487717
3.979700,58.487518
3.979800,58.488490
3.979900,58.488601
3.980000,58.489072
3.980100,58.488916
3.980200,58.487999
3.980300,58.487291
3.980400,58.487339
3.980500,58.486528
3.980600,58.486616
3.980700,58.486634
3.980800,58.486742
3.980900,58.486941
3.981000,58.487090
3.981100,58.487632
3.981200,58.487585
3.981300,58.487538
3.981400,58.486898
3.981500,58.486990
3.981600,58.487098
3.981700,58.487118
3.981800,58.486930
3.981900,58.486369
3.982000,58.486574
3.982100,58.486807
3.982200,58.486679
3.982300,58.486693
3.982400,58.486964
3.982500,58.486527
3.982600,58.485997
3.982700,58.486453
3.982800,58.485924
3.982900,58.485819
3.983000,58.486206
3.983100,58.486378
3.983200,58.486048
3.983300,58.485983
3.983400,58.485973
3.983500,58.486105
3.983600,58.485973
3.983700,58.485606
3.983800,58.485943
3.983900,58.485893
3.984000,58.485106
3.984100,58.485434
3.984200,58.484887
3.984300,58.485069
3.984400,58.485010
3.984500,58.485742
3.984600,58.485078
3.984700,58.484585
3.984800,58.484946
3.984900,58.486532
3.985000,58.486639
3.985100,58.486759
3.985200,58.485477
3.985300,58.484130
3.985400,58.482154
3.985500,58.483163
3.985600,58.483100
3.985700,58.482701
3.985800,58.480997
3.985900,58.483410
3.986000,58.483011
3.986100,58.483235
3.986200,58.482667
3.986300,58.478399
3.986400,58.478322
3.986500,58.485095
3.986600,58.494365
3.986700,58.488978
3.986800,58.487646
3.986900,58.496473
3.987000,58.503276
3.987100,58.490532
3.987200,58.494598
3.987300,58.490788
3.987400,58.479427
3.987500,58.476359
3.987600,58.486466
3.987700,58.490995
3.987800,58.489304
3.987900,58.489753
3.988000,58.489709
3.988100,58.489601
3.988200,58.490340
3.988300,58.489114
3.988400,58.487969
3.988500,58.489415
3.988600,58.490443
3.988700,58.490819
3.988800,58.490060
3.988900,58.490556
3.989000,58.491077
3.989100,58.490783
3.989200,58.490889
3.989300,58.490762
3.989400,58.489982
3.989500,58.490306
3.989600,58.490337
3.989700,58.490756
3.989800,58.490016
3.989900,58.490031
3.990000,58.489716
3.990100,58.489871
3.990200,58.490151
3.990300,58.489800
3.990400,58.489885
3.990500,58.489850
3.990600,58.489520
3.990700,58.489734
3.990800,58.489671
3.990900,58.489690
3.991000,58.489165
3.991100,58.489073
3.991200,58.489164
3.991300,58.488997
3.991400,58.489117
3.991500,58.489044
3.991600,58.488782
3.991700,58.489290
3.991800,58.489615
3.991900,58.489574
3.992000,58.489091
3.992100,58.489021
3.992200,58.489078
3.992300,58.488653
3.992400,58.488975
3.992500,58.488415
3.992600,58.488332
3.992700,58.488471
3.992800,58.488320
3.992900,58.488737
3.993000,58.487848
3.993100,58.488467
3.993200,58.488577
3.993300,58.488392
3.993400,58.487693
3.993500,58.489061
3.993600,58.489872
3.993700,58.489577
3.993800,58.489051
3.993900,58.489315
3.994000,58.488338
3.994100,58.487894
3.994200,58.487133
3.994300,58.487750
3.994400,58.488468
3.994500,58.489553
3.994600,58.489802
3.994700,58.484532
3.994800,58.489060
3.994900,58.486163
3.995000,58.486862
3.995100,58.484144
3.995200,58.493121
3.995300,58.487461
3.995400,58.492589
3.995500,58.477976
3.995600,58.464021
3.995700,58.485144
3.995800,58.499291
3.995900,58.502592
3.996000,58.518076
3.996100,58.516789
3.996200,58.511326
3.996300,58.509875
3.996400,58.510365
3.996500,58.510498
3.996600,58.510876
3.996700,58.510015
3.996800,58.509526
3.996900,58.511026
3.997000,58.511796
3.997100,58.511800
3.997200,58.512590
3.997300,58.513157
3.997400,58.512235
3.997500,58.511722
3.997600,58.512022
3.997700,58.512744
3.997800,58.512372
3.997900,58.512587
3.998000,58.511798
3.998100,58.511568
3.998200,58.511368
3.998300,58.511359
3.998400,58.511449
3.998500,58.511259
3.998600,58.511198
3.998700,58.511175
3.998800,58.511467
3.998900,58.511271
3.999000,58.511345
3.999100,58.511256
3.999200,58.511130
3.999300,58.510878
3.999400,58.510889
3.999500,58.511217
3.999600,58.511101
3.999700,58.511011
3.999800,58.510911
3.999900,58.510644
4.000000,58.510225
4.000100,58.510226
4.000200,58.510602
4.000300,58.510873
4.000400,58.510493
4.000500,58.510431
4.000600,58.510357
4.000700,58.510171
4.000800,58.510059
4.000900,58.510264
4.001000,58.510119
4.001100,58.510638
4.001200,58.510242
4.001300,58.509291
4.001400,58.509519
4.001500,58.509350
4.001600,58.509448
4.001700,58.509428
4.001800,58.509632
4.001900,58.510379
4.002000,58.511159
4.002100,58.511975
4.002200,58.510309
4.002300,58.509754
4.002400,58.507708
4.002500,58.508261
4.002600,58.507877
4.002700,58.507683
4.002800,58.507888
4.002900,58.508381
4.003000,58.510545
4.003100,58.515498
4.003200,58.510021
4.003300,58.510497
4.003400,58.512091
4.003500,58.510541
4.003600,58.512362
4.003700,58.503774
4.003800,58.510962
4.003900,58.494234
4.004000,58.480563
4.004100,58.496102
4.004200,58.472735
4.004300,58.462115
4.004400,58.464334
4.004500,58.452971
4.004600,58.466284
4.004700,58.473881
4.004800,58.471147
4.004900,58.470252
4.005000,58.470683
4.005100,58.470455
4.005200,58.470319
4.005300,58.469817
4.005400,58.469658
4.005500,58.467998
4.005600,58.468941
4.005700,58.468826
4.005800,58.467606
4.005900,58.468609
4.006000,58.467908
4.006100,58.468175
4.006200,58.468273
4.006300,58.468419
4.006400,58.468986
4.006500,58.468943
4.006600,58.468627
4.006700,58.468681
4.006800,58.468852
4.006900,58.468362
4.007000,58.468263
4.007100,58.467977
4.007200,58.468180
4.007300,58.468259
4.007400,58.468055
4.007500,58.467862
4.007600,58.468021
4.007700,58.468138
4.007800,58.468040
4.007900,58.468177
4.008000,58.468200
4.008100,58.468020
4.008200,58.467994
4.008300,58.467827
4.008400,58.467564
4.008500,58.467330
4.008600,58.467364
4.008700,58.467581
4.008800,58.467463
4.008900,58.467551
4.009000,58.467549
4.009100,58.467943
4.009200,58.467068
4.009300,58.467346
4.009400,58.467161
4.009500,58.466991
4.009600,58.466705
4.009700,58.466820
4.009800,58.466208
4.009900,58.467118
4.010000,58.466803
4.010100,58.467041
4.010200,58.467489
4.010300,58.466302
4.010400,58.466127
4.010500,58.466303
4.010600,58.465800
4.010700,58.465870
4.010800,58.465275
4.010900,58.464697
4.011000,58.466520
4.011100,58.467029
4.011200,58.464003
4.011300,58.464905
4.011400,58.468393
4.011500,58.468669
4.011600,58.465636
4.011700,58.470796
4.011800,58.471619
4.011900,58.471337
4.012000,58.465064
4.012100,58.464576
4.012200,58.470689
4.012300,58.473698
4.012400,58.474391
4.012500,58.480857
4.012600,58.461015
4.012700,58.481354
4.012800,58.502304
4.012900,58.505425
4.013000,58.491373
4.013100,58.489376
4.013200,58.500287
4.013300,58.493593
4.013400,58.497119
4.013500,58.497560
4.013600,58.497708
4.013700,58.497957
4.013800,58.497977
4.013900,58.498694
4.014000,58.498297
4.014100,58.497447
4.014200,58.497152
4.014300,58.496205
4.014400,58.497348
4.014500,58.496820
4.014600,58.496737
4.014700,58.496313
4.014800,58.496992
4.014900,58.497361
4.015000,58.496712
4.015100,58.496713
4.015200,58.496717
4.015300,58.497008
4.015400,58.497304
4.015500,58.496961
4.015600,58.496344
4.015700,58.496059
4.015800,58.496548
4.015900,58.496369
4.016000,58.496219
4.016100,58.496455
4.016200,58.496257
4.016300,58.496510
4.016400,58.495935
4.016500,58.496059
4.016600,58.496494
4.016700,58.496087
4.016800,58.496171
4.016900,58.495880
4.017000,58.495328
4.017100,58.495880
4.017200,58.495557
4.017300,58.495425
4.017400,58.495992
4.017500,58.495926
4.017600,58.495250
4.017700,58.494730
4.017800,58.495362
4.017900,58.495102
4.018000,58.495569
4.018100,58.495724
4.018200,58.495382
4.018300,58.496190
4.018400,58.495523
4.018500,58.496353
4.018600,58.495986
4.018700,58.495437
4.018800,58.493931
4.018900,58.494468
4.019000,58.493838
4.019100,58.494683
4.019200,58.493499
4.019300,58.495371
4.019400,58.494535
4.019500,58.495928
4.019600,58.496255
4.019700,58.495583
4.019800,58.493974
4.019900,58.493567
4.020000,58.493218
4.020100,58.491745
4.020200,58.493497
4.020300,58.493351
4.020400,58.494222
4.020500,58.492825
4.020600,58.493845
4.020700,58.502694
4.020800,58.496399
4.020900,58.497035
4.021000,58.496894
4.021100,58.490605
4.021200,58.481251
4.021300,58.462800
4.021400,58.446291
4.021500,58.446670
4.021600,58.452846
4.021700,58.467361
4.021800,58.466868
4.021900,58.467984
4.022000,58.468351
4.022100,58.468278
4.022200,58.468223
4.022300,58.468289
4.022400,58.469010
4.022500,58.469957
4.022600,58.468036
4.022700,58.468543
4.022800,58.468557
4.022900,58.467694
4.023000,58.468632
4.023100,58.468346
4.023200,58.468432
4.023300,58.468700
4.023400,58.469043
4.023500,58.468787
4.023600,58.468476
4.023700,58.468240
4.023800,58.468171
4.023900,58.468153
4.024000,58.467940
4.024100,58.467722
4.024200,58.467817
4.024300,58.468321
4.024400,58.468310
4.024500,58.468158
4.024600,58.467905
4.024700,58.467804
4.024800,58.467989
4.024900,58.467698
4.025000,58.467384
4.025100,58.467543
4.025200,58.467531
4.025300,58.467248
4.025400,58.467274
4.025500,58.467151
4.025600,58.467369
4.025700,58.467223
4.025800,58.467266
4.025900,58.467691
4.026000,58.467109
4.026100,58.467188
4.026200,58.467133
4.026300,58.466613
4.026400,58.466817
4.026500,58.467335
4.026600,58.466628
4.026700,58.466546
4.026800,58.467015
4.026900,58.467001
4.027000,58.466272
4.027100,58.465445
4.027200,58.466756
4.027300,58.467087
4.027400,58.467282
4.027500,58.466786
4.027600,58.466551
4.027700,58.466989
4.027800,58.466249
4.027900,58.465712
4.028000,58.464954
4.028100,58.465893
4.028200,58.465778
4.028300,58.466847
4.028400,58.465713
4.028500,58.469314
4.028600,58.468485
4.028700,58.467755
4.028800,58.467663
4.028900,58.467466
4.029000,58.467828
4.029100,58.474754
4.029200,58.472239
4.029300,58.469289
4.029400,58.462285
4.029500,58.461889
4.029600,58.476855
4.029700,58.456715
4.029800,58.452196
4.029900,58.457024
4.030000,58.466761
4.030100,58.486342
4.030200,58.486729
4.030300,58.475103
4.030400,58.474766
4.030500,58.474729
4.030600,58.476126
4.030700,58.476434
4.030800,58.476238
4.030900,58.477456
4.031000,58.476912
4.031100,58.476902
4.031200,58.476934
4.031300,58.476961
4.031400,58.476752
4.031500,58.476957
4.031600,58.476969
4.031700,58.475908
4.031800,58.476818
4.031900,58.476589
4.032000,58.476104
4.032100,58.476603
4.032200,58.476794
4.032300,58.476028
4.032400,58.475958
4.032500,58.476204
4.032600,58.476030
4.032700,58.476311
4.032800,58.476371
4.032900,58.476622
4.033000,58.476468
4.033100,58.476375
4.033200,58.476255
4.033300,58.476194
4.033400,58.476180
4.033500,58.475713
4.033600,58.475853
4.033700,58.475738
4.033800,58.475291
4.033900,58.475344
4.034000,58.475150
4.034100,58.475265
4.034200,58.475475
4.034300,58.475313
4.034400,58.475184
4.034500,58.474928
4.034600,58.475402
4.034700,58.475545
4.034800,58.475197
4.034900,58.475019
4.035000,58.474866
4.035100,58.474905
4.035200,58.475081
4.035300,58.475160
4.035400,58.475075
4.035500,58.475082
4.035600,58.474860
4.035700,58.475359
4.035800,58.474871
4.035900,58.474188
4.036000,58.474583
4.036100,58.474799
4.036200,58.474889
4.036300,58.474023
4.036400,58.475404
4.036500,58.475445
4.036600,58.474792
4.036700,58.472212
4.036800,58.473261
4.036900,58.476219
4.037000,58.476058
4.037100,58.477220
4.037200,58.480826
4.037300,58.477083
4.037400,58.473334
4.037500,58.468922
4.037600,58.474368
4.037700,58.480257
4.037800,58.477748
4.037900,58.471935
4.038000,58.465217
4.038100,58.461130
4.038200,58.474003
4.038300,58.491323
4.038400,58.487339
4.038500,58.471315
4.038600,58.478654
4.038700,58.475803
4.038800,58.471224
4.038900,58.472416
4.039000,58.477282
4.039100,58.474293
4.039200,58.474977
4.039300,58.474775
4.039400,58.474173
4.039500,58.473936
4.039600,58.473540
4.039700,58.472755
4.039800,58.473617
4.039900,58.475043
4.040000,58.474448
4.040100,58.475186
4.040200,58.475499
4.040300,58.475288
4.040400,58.475085
4.040500,58.474755
4.040600,58.475297
4.040700,58.474752
4.040800,58.475316
4.040900,58.475198
4.041000,58.475028
4.041100,58.475007
4.041200,58.475307
4.041300,58.474631
4.041400,58.474432
4.041500,58.474619
4.041600,58.474218
4.041700,58.473907
4.041800,58.473915
4.041900,58.473997
4.042000,58.473686
4.042100,58.474082
4.042200,58.473991
4.042300,58.474100
4.042400,58.474311
4.042500,58.474164
4.042600,58.473925
4.042700,58.473923
4.042800,58.473450
4.042900,58.473647
4.043000,58.474119
4.043100,58.473519
4.043200,58.473202
4.043300,58.473252
4.043400,58.473131
4.043500,58.473351
4.043600,58.473705
4.043700,58.473476
4.043800,58.473543
4.043900,58.473689
4.044000,58.473660
4.044100,58.473062
4.044200,58.472955
4.044300,58.473695
4.044400,58.473842
4.044500,58.473794
4.044600,58.473655
4.044700,58.474704
4.044800,58.472969
4.044900,58.471722
4.045000,58.472680
4.045100,58.473218
4.045200,58.475477
4.045300,58.475215
4.045400,58.473093
4.045500,58.473717
4.045600,58.475092
4.045700,58.475599
4.045800,58.471041
4.045900,58.472898
4.046000,58.476265
4.046100,58.481246
4.046200,58.474647
4.046300,58.469178
4.046400,58.468330
4.046500,58.466428
4.046600,58.474376
4.046700,58.484059
4.046800,58.474388
4.046900,58.452966
4.047000,58.457099
4.047100,58.475774
4.047200,58.479950
4.047300,58.478444
4.047400,58.479688
4.047500,58.483662
4.047600,58.482405
4.047700,58.481775
4.047800,58.482025
4.047900,58.481848
4.048000,58.483159
4.048100,58.482764
4.048200,58.483560
4.048300,58.482961
4.048400,58.483455
4.048500,58.482069
4.048600,58.482804
4.048700,58.481917
4.048800,58.482084
4.048900,58.482661
4.049000,58.481695
4.049100,58.481816
4.049200,58.482032
4.049300,58.481844
4.049400,58.482232
4.049500,58.481799
4.049600,58.481510
4.049700,58.481695
4.049800,58.481390
4.049900,58.481742
4.050000,58.481471
4.050100,58.481679
4.050200,58.481679
4.050300,58.481271
4.050400,58.481549
4.050500,58.481710
4.050600,58.481379
4.050700,58.481408
4.050800,58.481641
4.050900,58.480996
4.051000,58.481113
4.051100,58.481125
4.051200,58.480984
4.051300,58.480927
4.051400,58.481595
4.051500,58.481337
4.051600,58.480682
4.051700,58.480883
4.051800,58.481049
4.051900,58.480668
4.052000,58.480916
4.052100,58.480949
4.052200,58.480991
4.052300,58.480146
4.052400,58.480395
4.052500,58.480920
4.052600,58.480617
4.052700,58.481111
4.052800,58.480949
4.052900,58.480318
4.053000,58.480192
4.053100,58.479362
4.053200,58.480396
4.053300,58.479760
4.053400,58.479631
4.053500,58.480175
4.053600,58.478665
4.053700,58.481231
4.053800,58.480129
4.053900,58.479903
4.054000,58.480514
4.054100,58.480336
4.054200,58.480550
4.054300,58.482771
4.054400,58.485238
4.054500,58.486695
4.054600,58.487943
4.054700,58.493346
4.054800,58.484978
4.054900,58.490053
4.055000,58.487145
4.055100,58.482521
4.055200,58.484982
4.055300,58.501294
4.055400,58.506564
4.055500,58.504491
4.055600,58.513572
4.055700,58.521538
4.055800,58.534468
4.055900,58.520073
4.056000,58.522166
4.056100,58.520313
4.056200,58.519217
4.056300,58.519648
4.056400,58.519450
4.056500,58.519415
4.056600,58.520844
4.056700,58.520567
4.056800,58.519693
4.056900,58.520044
4.057000,58.519021
4.057100,58.519377
4.057200,58.518627
4.057300,58.518957
4.057400,58.518894
4.057500,58.518673
4.057600,58.518529
4.057700,58.517945
4.057800,58.518518
4.057900,58.518256
4.058000,58.518285
4.058100,58.518372
4.058200,58.518274
4.058300,58.518201
4.058400,58.518333
4.058500,58.518355
4.058600,58.518041
4.058700,58.518199
4.058800,58.518111
4.058900,58.518454
4.059000,58.518539
4.059100,58.518066
4.059200,58.517792
4.059300,58.517633
4.059400,58.518187
4.059500,58.517740
4.059600,58.517569
4.059700,58.517686
4.059800,58.518359
4.059900,58.517893
4.060000,58.517388
4.060100,58.517543
4.060200,58.517141
4.060300,58.517614
4.060400,58.517559
4.060500,58.517697
4.060600,58.517661
4.060700,58.517351
4.060800,58.516807
4.060900,58.517178
4.061000,58.517524
4.061100,58.517252
4.061200,58.518122
4.061300,58.517560
4.061400,58.516370
4.061500,58.517810
4.061600,58.517639
4.061700,58.517228
4.061800,58.518143
4.061900,58.516611
4.062000,58.516759
4.062100,58.515398
4.062200,58.515439
4.062300,58.516824
4.062400,58.515842
4.062500,58.515288
4.062600,58.517915
4.062700,58.516483
4.062800,58.516336
4.062900,58.514944
4.063000,58.514901
4.063100,58.514451
4.063200,58.507750
4.063300,58.512253
4.063400,58.520169
4.063500,58.509082
4.063600,58.513958
4.063700,58.508277
4.063800,58.494434
4.063900,58.506713
4.064000,58.507294
4.064100,58.488846
4.064200,58.488742
4.064300,58.469501
4.064400,58.463822
4.064500,58.462927
4.064600,58.468054
4.064700,58.463332
4.064800,58.462055
4.064900,58.461743
4.065000,58.461557
4.065100,58.460687
4.065200,58.459387
4.065300,58.459528
4.065400,58.460466
4.065500,58.461695
4.065600,58.460037
4.065700,58.460159
4.065800,58.460743
4.065900,58.459820
4.066000,58.460254
4.066100,58.460584
4.066200,58.460523
4.066300,58.460029
4.066400,58.459717
4.066500,58.459783
4.066600,58.460117
4.066700,58.460248
4.066800,58.459937
4.066900,58.459637
4.067000,58.459374
4.067100,58.459592
4.067200,58.459640
4.067300,58.459662
4.067400,58.459513
4.067500,58.459307
4.067600,58.459106
4.067700,58.459123
4.067800,58.459480
4.067900,58.459135
4.068000,58.458860
4.068100,58.458934
4.068200,58.458849
4.068300,58.459256
4.068400,58.459172
4.068500,58.459033
4.068600,58.458294
4.068700,58.458661
4.068800,58.458703
4.068900,58.458522
4.069000,58.457989
4.069100,58.457825
4.069200,58.458273
4.069300,58.458193
4.069400,58.457905
4.069500,58.458458
4.069600,58.458302
4.069700,58.458564
4.069800,58.458730
4.069900,58.458443
4.070000,58.458111
4.070100,58.457901
4.070200,58.458109
4.070300,58.457416
4.070400,58.459181
4.070500,58.458709
4.070600,58.457668
4.070700,58.456455
4.070800,58.457472
4.070900,58.457463
4.071000,58.456192
4.071100,58.457293
4.071200,58.459757
4.071300,58.455760
4.071400,58.454254
4.071500,58.459598
4.071600,58.464313
4.071700,58.458370
4.071800,58.462807
4.071900,58.462832
4.072000,58.453126
4.072100,58.452492
4.072200,58.463368
4.072300,58.458447
4.072400,58.449922
4.072500,58.466033
4.072600,58.471792
4.072700,58.465339
4.072800,58.472813
4.072900,58.464736
4.073000,58.470852
4.073100,58.468258
4.073200,58.464951
4.073300,58.463525
4.073400,58.463370
4.073500,58.463302
4.073600,58.462667
4.073700,58.463376
4.073800,58.463398
4.073900,58.463682
4.074000,58.462600
4.074100,58.462756
4.074200,58.461942
4.074300,58.462301
4.074400,58.461445
4.074500,58.462171
4.074600,58.461748
4.074700,58.461705
4.074800,58.461318
4.074900,58.461068
4.075000,58.461730
4.075100,58.461787
4.075200,58.461885
4.075300,58.461363
4.075400,58.461312
4.075500,58.461009
4.075600,58.461148
4.075700,58.460829
4.075800,58.461146
4.075900,58.461490
4.076000,58.461286
4.076100,58.460931
4.076200,58.460961
4.076300,58.461140
4.076400,58.460834
4.076500,58.460835
4.076600,58.460700
4.076700,58.460453
4.076800,58.460447
4.076900,58.460250
4.077000,58.460010
4.077100,58.460458
4.077200,58.460452
4.077300,58.460189
4.077400,58.460434
4.077500,58.460785
4.077600,58.460554
4.077700,58.460038
4.077800,58.460144
4.077900,58.459713
4.078000,58.460735
4.078100,58.460877
4.078200,58.459794
4.078300,58.460999
4.078400,58.459917
4.078500,58.459862
4.078600,58.460602
4.078700,58.460755
4.078800,58.460045
4.078900,58.458988
4.079000,58.459892
4.079100,58.458877
4.079200,58.459190
4.079300,58.459829
4.079400,58.460431
4.079500,58.460109
4.079600,58.459942
4.079700,58.462197
4.079800,58.462331
4.079900,58.458085
4.080000,58.459991
4.080100,58.455379
4.080200,58.458371
4.080300,58.451562
4.080400,58.457091
4.080500,58.466460
4.080600,58.465916
4.080700,58.459573
4.080800,58.452853
4.080900,58.469504
4.081000,58.454552
4.081100,58.456272
4.081200,58.470127
4.081300,58.463122
4.081400,58.451630
4.081500,58.455921
4.081600,58.448633
4.081700,58.450875
4.081800,58.455321
4.081900,58.458174
4.082000,58.457013
4.082100,58.456995
4.082200,58.457035
4.082300,58.456346
4.082400,58.455323
4.082500,58.455887
4.082600,58.456139
4.082700,58.456264
4.082800,58.456969
4.082900,58.456357
4.083000,58.456011
4.083100,58.456644
4.083200,58.456940
4.083300,58.456959
4.083400,58.457576
4.083500,58.457139
4.083600,58.456489
4.083700,58.456667
4.083800,58.456584
4.083900,58.456466
4.084000,58.456343
4.084100,58.456664
4.084200,58.456375
4.084300,58.456245
4.084400,58.456032
4.084500,58.456343
4.084600,58.455890
4.084700,58.455850
4.084800,58.456000
4.084900,58.455791
4.085000,58.456148
4.085100,58.455578
4.085200,58.455582
4.085300,58.455859
4.085400,58.455603
4.085500,58.455332
4.085600,58.455150
4.085700,58.455099
4.085800,58.455074
4.085900,58.455723
4.086000,58.455458
4.086100,58.455257
4.086200,58.455143
4.086300,58.454809
4.086400,58.455052
4.086500,58.455213
4.086600,58.455331
4.086700,58.455601
4.086800,58.455203
4.086900,58.455397
4.087000,58.455259
4.087100,58.454167
4.087200,58.455218
4.087300,58.453731
4.087400,58.454392
4.087500,58.454625
4.087600,58.454115
4.087700,58.453910
4.087800,58.455397
4.087900,58.456078
4.088000,58.453901
4.088100,58.454673
4.088200,58.456940
4.088300,58.453883
4.088400,58.453721
4.088500,58.449402
4.088600,58.450563
4.088700,58.453965
4.088800,58.453426
4.088900,58.453682
4.089000,58.445609
4.089100,58.445234
4.089200,58.452392
4.089300,58.438167
4.089400,58.452099
4.089500,58.449290
4.089600,58.465956
4.089700,58.470303
4.089800,58.491569
4.089900,58.486791
4.090000,58.472656
4.090100,58.471410
4.090200,58.466663
4.090300,58.469921
4.090400,58.465889
4.090500,58.466503
4.090600,58.466443
4.090700,58.465705
4.090800,58.464890
4.090900,58.465028
4.091000,58.464163
4.091100,58.465423
4.091200,58.465760
4.091300,58.465619
4.091400,58.465342
4.091500,58.465877
4.091600,58.465527
4.091700,58.465017
4.091800,58.465131
4.091900,58.465009
4.092000,58.464921
4.092100,58.464706
4.092200,58.464609
4.092300,58.464661
4.092400,58.464684
4.092500,58.464740
4.092600,58.464564
4.092700,58.464536
4.092800,58.464586
4.092900,58.464737
4.093000,58.464697
4.093100,58.464427
4.093200,58.464629
4.093300,58.464636
4.093400,58.464519
4.093500,58.464181
4.093600,58.464590
4.093700,58.464615
4.093800,58.464569
4.093900,58.464361
4.094000,58.463939
4.094100,58.464290
4.094200,58.463889
4.094300,58.464023
4.094400,58.464154
4.094500,58.463741
4.094600,58.463473
4.094700,58.463296
4.094800,58.463097
4.094900,58.463477
4.095000,58.463426
4.095100,58.463127
4.095200,58.462780
4.095300,58.463004
4.095400,58.462939
4.095500,58.463451
4.095600,58.463435
4.095700,58.462703
4.095800,58.462617
4.095900,58.462590
4.096000,58.463380
4.096100,58.463497
4.096200,58.464293
4.096300,58.462844
4.096400,58.463351
4.096500,58.462783
4.096600,58.465733
4.096700,58.463104
4.096800,58.460706
4.096900,58.457450
4.097000,58.459732
4.097100,58.458747
4.097200,58.460755
4.097300,58.463799
4.097400,58.464320
4.097500,58.458707
4.097600,58.451094
4.097700,58.458432
4.097800,58.462755
4.097900,58.456643
4.098000,58.462677
4.098100,58.446790
4.098200,58.454028
4.098300,58.436369
4.098400,58.416062
4.098500,58.424452
4.098600,58.422193
4.098700,58.435555
4.098800,58.431886
4.098900,58.429490
4.099000,58.426791
4.099100,58.426952
4.099200,58.426555
4.099300,58.426146
4.099400,58.426295
4.099500,58.425883
4.099600,58.424519
4.099700,58.425861
4.099800,58.426408
4.099900,58.425990
4.100000,58.426527
4.100100,58.426511
4.100200,58.427496
4.100300,58.427085
4.100400,58.426248
4.100500,58.426316
4.100600,58.426991
4.100700,58.426215
4.100800,58.426588
4.100900,58.426440
4.101000,58.426527
4.101100,58.426193
4.101200,58.425981
4.101300,58.426157
4.101400,58.425963
4.101500,58.426022
4.101600,58.425721
4.101700,58.425403
4.101800,58.425538
4.101900,58.426085
4.102000,58.425787
4.102100,58.425804
4.102200,58.425440
4.102300,58.425481
4.102400,58.424798
4.102500,58.425428
4.102600,58.425605
4.102700,58.425598
4.102800,58.424820
4.102900,58.424997
4.103000,58.424960
4.103100,58.425295
4.103200,58.425217
4.103300,58.425336
4.103400,58.424961
4.103500,58.424774
4.103600,58.425241
4.103700,58.424611
4.103800,58.424423
4.103900,58.424565
4.104000,58.424605
4.104100,58.424700
4.104200,58.424813
4.104300,58.424764
4.104400,58.424431
4.104500,58.425320
4.104600,58.424723
4.104700,58.424566
4.104800,58.424433
4.104900,58.423754
4.105000,58.425096
4.105100,58.423070
4.105200,58.419976
4.105300,58.419143
4.105400,58.421284
4.105500,58.424852
4.105600,58.424912
4.105700,58.426326
4.105800,58.424736
4.105900,58.421578
4.106000,58.428287
4.106100,58.427003
4.106200,58.433891
4.106300,58.436775
4.106400,58.440062
4.106500,58.432856
4.106600,58.433512
4.106700,58.443315
4.106800,58.457209
4.106900,58.473133
4.107000,58.468915
4.107100,58.468689
4.107200,58.461655
4.107300,58.468130
4.107400,58.469886
4.107500,58.470320
4.107600,58.468977
4.107700,58.468717
4.107800,58.468177
4.107900,58.468454
4.108000,58.468724
4.108100,58.468247
4.108200,58.466489
4.108300,58.465608
4.108400,58.466843
4.108500,58.467188
4.108600,58.467440
4.108700,58.466818
4.108800,58.466629
4.108900,58.467492
4.109000,58.466875
4.109100,58.466988
4.109200,58.466885
4.109300,58.466715
4.109400,58.466383
4.109500,58.466467
4.109600,58.466296
4.109700,58.466450
4.109800,58.466226
4.109900,58.466087
4.110000,58.466267
4.110100,58.466049
4.110200,58.466059
4.110300,58.465767
4.110400,58.465973
4.110500,58.465963
4.110600,58.466127
4.110700,58.465783
4.110800,58.465601
4.110900,58.465823
4.111000,58.465935
4.111100,58.465446
4.111200,58.465720
4.111300,58.465142
4.111400,58.465302
4.111500,58.464980
4.111600,58.465127
4.111700,58.465413
4.111800,58.465532
4.111900,58.465234
4.112000,58.464866
4.112100,58.465086
4.112200,58.465744
4.112300,58.464783
4.112400,58.464141
4.112500,58.464841
4.112600,58.464783
4.112700,58.465965
4.112800,58.465603
4.112900,58.466110
4.113000,58.465575
4.113100,58.464328
4.113200,58.464692
4.113300,58.464156
4.113400,58.465160
4.113500,58.464961
4.113600,58.463531
4.113700,58.462902
4.113800,58.463653
4.113900,58.461575
4.114000,58.462895
4.114100,58.464677
4.114200,58.464154
4.114300,58.464819
4.114400,58.468073
4.114500,58.467960
4.114600,58.465213
4.114700,58.458303
4.114800,58.447942
4.114900,58.445653
4.115000,58.434805
4.115100,58.439160
4.115200,58.435715
4.115300,58.449594
4.115400,58.460453
4.115500,58.444536
4.115600,58.437927
4.115700,58.452239
4.115800,58.441509
4.115900,58.449151
4.116000,58.448348
4.116100,58.446248
4.116200,58.446613
4.116300,58.446684
4.116400,58.447540
4.116500,58.447682
4.116600,58.447204
4.116700,58.448049
4.116800,58.448368
4.116900,58.448358
4.117000,58.447355
4.117100,58.446924
4.117200,58.447003
4.117300,58.447888
4.117400,58.446826
4.117500,58.447048
4.117600,58.446508
4.117700,58.446415
4.117800,58.446427
4.117900,58.447036
4.118000,58.447044
4.118100,58.446709
4.118200,58.446607
4.118300,58.446896
4.118400,58.446373
4.118500,58.446404
4.118600,58.446153
4.118700,58.446665
4.118800,58.446155
4.118900,58.446170
4.119000,58.445987
4.119100,58.446419
4.119200,58.446018
4.119300,58.445939
4.119400,58.445986
4.119500,58.445914
4.119600,58.445859
4.119700,58.445834
4.119800,58.446014
4.119900,58.445835
4.120000,58.445735
4.120100,58.445418
4.120200,58.445237
4.120300,58.445419
4.120400,58.445165
4.120500,58.445162
4.120600,58.444338
4.120700,58.444618
4.120800,58.444508
4.120900,58.444921
4.121000,58.445443
4.121100,58.445002
4.121200,58.445433
4.121300,58.444857
4.121400,58.446324
4.121500,58.444773
4.121600,58.445458
4.121700,58.445406
4.121800,58.445590
4.121900,58.444672
4.122000,58.444461
4.122100,58.444247
4.122200,58.444597
4.122300,58.442749
4.122400,58.441168
4.122500,58.442030
4.122600,58.443041
4.122700,58.442573
4.122800,58.444049
4.122900,58.443048
4.123000,58.442594
4.123100,58.441755
4.123200,58.443462
4.123300,58.449847
4.123400,58.459366
4.123500,58.446850
4.123600,58.454145
4.123700,58.445795
4.123800,58.455977
4.123900,58.451348
4.124000,58.447321
4.124100,58.453767
4.124200,58.451566
4.124300,58.437773
4.124400,58.439759
4.124500,58.433993
4.124600,58.433309
4.124700,58.434625
4.124800,58.434655
4.124900,58.434270
4.125000,58.434099
4.125100,58.433781
4.125200,58.434556
4.125300,58.434683
4.125400,58.434463
4.125500,58.433478
4.125600,58.433719
4.125700,58.433607
4.125800,58.433260
4.125900,58.433626
4.126000,58.433479
4.126100,58.432954
4.126200,58.433135
4.126300,58.433247
4.126400,58.432982
4.126500,58.433238
4.126600,58.432765
4.126700,58.433153
4.126800,58.433190
4.126900,58.432965
4.127000,58.432297
4.127100,58.432444
4.127200,58.432493
4.127300,58.432428
4.127400,58.432569
4.127500,58.432258
4.127600,58.432125
4.127700,58.431913
4.127800,58.432001
4.127900,58.432131
4.128000,58.431684
4.128100,58.432039
4.128200,58.432200
4.128300,58.432441
4.128400,58.432040
4.128500,58.431993
4.128600,58.431643
4.128700,58.432199
4.128800,58.432167
4.128900,58.431930
4.129000,58.431401
4.129100,58.431800
4.129200,58.431994
4.129300,58.431337
4.129400,58.430908
4.129500,58.431516
4.129600,58.431828
4.129700,58.431639
4.129800,58.431289
4.129900,58.430556
4.130000,58.430584
4.130100,58.431349
4.130200,58.430887
4.130300,58.432081
4.130400,58.430899
4.130500,58.428545
4.130600,58.429975
4.130700,58.428270
4.130800,58.427763
4.130900,58.430382
4.131000,58.430222
4.131100,58.433693
4.131200,58.435116
4.131300,58.434542
4.131400,58.433914
4.131500,58.429760
4.131600,58.432724
4.131700,58.434781
4.131800,58.439416
4.131900,58.433677
4.132000,58.438137
4.132100,58.435779
4.132200,58.441269
4.132300,58.423122
4.132400,58.416576
4.132500,58.427247
4.132600,58.437724
4.132700,58.453160
4.132800,58.439278
4.132900,58.437306
4.133000,58.434941
4.133100,58.434288
4.133200,58.433734
4.133300,58.433686
4.133400,58.433585
4.133500,58.433076
4.133600,58.433222
4.133700,58.432197
4.133800,58.432682
4.133900,58.432762
4.134000,58.431556
4.134100,58.432626
4.134200,58.431322
4.134300,58.431264
4.134400,58.430964
4.134500,58.431225
4.134600,58.431270
4.134700,58.431793
4.134800,58.431685
4.134900,58.431149
4.135000,58.431390
4.135100,58.431272
4.135200,58.431211
4.135300,58.431391
4.135400,58.431275
4.135500,58.431110
4.135600,58.431085
4.135700,58.431001
4.135800,58.430823
4.135900,58.430986
4.136000,58.431102
4.136100,58.430709
4.136200,58.430466
4.136300,58.430823
4.136400,58.430632
4.136500,58.430374
4.136600,58.430532
4.136700,58.430067
4.136800,58.430491
4.136900,58.430595
4.137000,58.430355
4.137100,58.429800
4.137200,58.429983
4.137300,58.429563
4.137400,58.429703
4.137500,58.429364
4.137600,58.429801
4.137700,58.430087
4.137800,58.429655
4.137900,58.429923
4.138000,58.429782
4.138100,58.429801
4.138200,58.430313
4.138300,58.429586
4.138400,58.429010
4.138500,58.430544
4.138600,58.430217
4.138700,58.430729
4.138800,58.430077
4.138900,58.429653
4.139000,58.429088
4.139100,58.430203
4.139200,58.429846
4.139300,58.428955
4.139400,58.425943
4.139500,58.426786
4.139600,58.424682
4.139700,58.428767
4.139800,58.429261
4.139900,58.427698
4.140000,58.428916
4.140100,58.425358
4.140200,58.426668
4.140300,58.431812
4.140400,58.430427
4.140500,58.432803
4.140600,58.427104
4.140700,58.422188
4.140800,58.408363
4.140900,58.416749
4.141000,58.433972
4.141100,58.428032
4.141200,58.448125
4.141300,58.443902
4.141400,58.438349
4.141500,58.439395
4.141600,58.434462
4.141700,58.432648
4.141800,58.431363
4.141900,58.431288
4.142000,58.431263
4.142100,58.432538
4.142200,58.430689
4.142300,58.430928
4.142400,58.431749
4.142500,58.431843
4.142600,58.431536
4.142700,58.430565
4.142800,58.429694
4.142900,58.430471
4.143000,58.430604
4.143100,58.429723
4.143200,58.429538
4.143300,58.430028
4.143400,58.429788
4.143500,58.429287
4.143600,58.429027
4.143700,58.429046
4.143800,58.429217
4.143900,58.429164
4.144000,58.429369
4.144100,58.428805
4.144200,58.429205
4.144300,58.428891
4.144400,58.428902
4.144500,58.428812
4.144600,58.428765
4.144700,58.428959
4.144800,58.428968
4.144900,58.428727
4.145000,58.428755
4.145100,58.428691
4.145200,58.428204
4.145300,58.428556
4.145400,58.428630
4.145500,58.428557
4.145600,58.428799
4.145700,58.428020
4.145800,58.428354
4.145900,58.428064
4.146000,58.427872
4.146100,58.428182
4.146200,58.427490
4.146300,58.427690
4.146400,58.427893
4.146500,58.428091
4.146600,58.428969
4.146700,58.428007
4.146800,58.427871
4.146900,58.428547
4.147000,58.427168
4.147100,58.427151
4.147200,58.427186
4.147300,58.427314
4.147400,58.427717
4.147500,58.427459
4.147600,58.428344
4.147700,58.427191
4.147800,58.428144
4.147900,58.425722
4.148000,58.428770
4.148100,58.430568
4.148200,58.428161
4.148300,58.427289
4.148400,58.428467
4.148500,58.432820
4.148600,58.431733
4.148700,58.428349
4.148800,58.425997
4.148900,58.431535
4.149000,58.427652
4.149100,58.418451
4.149200,58.431054
4.149300,58.440770
4.149400,58.440967
4.149500,58.450765
4.149600,58.467213
4.149700,58.450393
4.149800,58.448495
4.149900,58.430645
4.150000,58.429667
4.150100,58.426793
4.150200,58.427672
4.150300,58.424315
4.150400,58.425984
4.150500,58.426014
4.150600,58.425462
4.150700,58.424439
4.150800,58.424814
4.150900,58.424634
4.151000,58.424395
4.151100,58.424391
4.151200,58.423887
4.151300,58.424219
4.151400,58.424007
4.151500,58.423528
4.151600,58.423893
4.151700,58.423133
4.151800,58.423161
4.151900,58.423677
4.152000,58.423063
4.152100,58.423243
4.152200,58.423962
4.152300,58.423448
4.152400,58.423224
4.152500,58.423281
4.152600,58.423325
4.152700,58.423570
4.152800,58.423215
4.152900,58.422755
4.153000,58.422620
4.153100,58.422884
4.153200,58.422564
4.153300,58.422880
4.153400,58.422983
4.153500,58.422791
4.153600,58.422646
4.153700,58.422403
4.153800,58.422481
4.153900,58.422251
4.154000,58.422598
4.154100,58.422101
4.154200,58.422446
4.154300,58.422262
4.154400,58.421751
4.154500,58.422000
4.154600,58.422473
4.154700,58.422242
4.154800,58.421720
4.154900,58.421320
4.155000,58.421484
4.155100,58.421090
4.155200,58.421807
4.155300,58.421098
4.155400,58.421223
4.155500,58.421701
4.155600,58.421520
4.155700,58.421829
4.155800,58.421420
4.155900,58.421933
4.156000,58.421635
4.156100,58.421304
4.156200,58.420391
4.156300,58.420124
4.156400,58.418750
4.156500,58.419385
4.156600,58.422496
4.156700,58.420838
4.156800,58.421171
4.156900,58.420359
4.157000,58.421390
4.157100,58.419795
4.157200,58.420011
4.157300,58.420419
4.157400,58.413099
4.157500,58.421545
4.157600,58.418330
4.157700,58.405115
4.157800,58.409594
4.157900,58.413782
4.158000,58.419379
4.158100,58.423529
4.158200,58.423749
4.158300,58.416489
4.158400,58.414859
4.158500,58.431907
4.158600,58.419432
4.158700,58.411517
4.158800,58.415999
4.158900,58.416434
4.159000,58.416735
4.159100,58.416765
4.159200,58.417185
4.159300,58.418012
4.159400,58.417040
4.159500,58.416568
4.159600,58.418054
4.159700,58.417853
4.159800,58.417446
4.159900,58.417231
4.160000,58.417230
4.160100,58.417305
4.160200,58.417018
4.160300,58.417054
4.160400,58.416578
4.160500,58.416506
4.160600,58.416460
4.160700,58.416187
4.160800,58.416071
4.160900,58.416174
4.161000,58.416670
4.161100,58.416834
4.161200,58.416662
4.161300,58.416957
4.161400,58.416520
4.161500,58.416421
4.161600,58.415974
4.161700,58.415868
4.161800,58.416101
4.161900,58.415897
4.162000,58.416380
4.162100,58.416240
4.162200,58.415816
4.162300,58.415880
4.162400,58.415946
4.162500,58.415960
4.162600,58.415951
4.162700,58.415748
4.162800,58.415953
4.162900,58.415565
4.163000,58.415481
4.163100,58.415646
4.163200,58.415623
4.163300,58.415524
4.163400,58.415242
4.163500,58.415078
4.163600,58.415288
4.163700,58.415066
4.163800,58.415300
4.163900,58.415212
4.164000,58.415811
4.164100,58.414763
4.164200,58.415479
4.164300,58.414929
4.164400,58.413860
4.164500,58.413880
4.164600,58.412373
4.164700,58.413412
4.164800,58.414593
4.164900,58.416917
4.165000,58.417081
4.165100,58.414221
4.165200,58.414076
4.165300,58.413994
4.165400,58.409856
4.165500,58.414400
4.165600,58.416811
4.165700,58.413711
4.165800,58.418899
4.165900,58.413220
4.166000,58.405788
4.166100,58.401864
4.166200,58.406755
4.166300,58.408290
4.166400,58.413796
4.166500,58.412221
4.166600,58.395193
4.166700,58.413820
4.166800,58.421346
4.166900,58.437913
4.167000,58.444577
4.167100,58.452050
4.167200,58.449678
4.167300,58.444457
4.167400,58.441039
4.167500,58.439326
4.167600,58.439290
4.167700,58.438850
4.167800,58.439378
4.167900,58.440732
4.168000,58.440747
4.168100,58.439907
4.168200,58.438767
4.168300,58.439344
4.168400,58.439593
4.168500,58.439183
4.168600,58.438825
4.168700,58.438918
4.168800,58.438273
4.168900,58.438915
4.169000,58.438624
4.169100,58.438545
4.169200,58.438545
4.169300,58.438099
4.169400,58.438124
4.169500,58.437936
4.169600,58.437964
4.169700,58.438031
4.169800,58.438462
4.169900,58.438167
4.170000,58.437869
4.170100,58.438022
4.170200,58.438013
4.170300,58.438137
4.170400,58.437658
4.170500,58.437594
4.170600,58.437723
4.170700,58.437598
4.170800,58.437398
4.170900,58.437248
4.171000,58.437538
4.171100,58.437568
4.171200,58.437240
4.171300,58.436877
4.171400,58.437217
4.171500,58.436916
4.171600,58.437003
4.171700,58.436895
4.171800,58.437130
4.171900,58.436987
4.172000,58.436892
4.172100,58.435883
4.172200,58.436414
4.172300,58.437093
4.172400,58.436872
4.172500,58.437593
4.172600,58.437370
4.172700,58.436268
4.172800,58.436132
4.172900,58.437253
4.173000,58.436916
4.173100,58.436992
4.173200,58.436538
4.173300,58.437503
4.173400,58.435872
4.173500,58.436542
4.173600,58.438342
4.173700,58.437720
4.173800,58.435773
4.173900,58.434288
4.174000,58.435719
4.174100,58.435016
4.174200,58.438326
4.174300,58.432960
4.174400,58.437178
4.174500,58.432765
4.174600,58.433768
4.174700,58.436704
4.174800,58.430259
4.174900,58.427877
4.175000,58.427172
4.175100,58.428281
4.175200,58.412268
4.175300,58.389916
4.175400,58.400225
4.175500,58.380545
4.175600,58.394045
4.175700,58.400698
4.175800,58.403014
4.175900,58.402727
4.176000,58.403153
4.176100,58.402124
4.176200,58.402105
4.176300,58.402331
4.176400,58.402125
4.176500,58.402847
4.176600,58.404586
4.176700,58.402819
4.176800,58.403168
4.176900,58.401981
4.177000,58.402129
4.177100,58.402115
4.177200,58.401571
4.177300,58.401779
4.177400,58.401710
4.177500,58.401929
4.177600,58.401514
4.177700,58.401923
4.177800,58.402046
4.177900,58.401320
4.178000,58.401158
4.178100,58.401301
4.178200,58.401373
4.178300,58.400997
4.178400,58.401268
4.178500,58.401095
4.178600,58.400970
4.178700,58.400827
4.178800,58.400668
4.178900,58.400612
4.179000,58.400955
4.179100,58.400506
4.179200,58.400656
4.179300,58.400593
4.179400,58.400899
4.179500,58.400403
4.179600,58.400362
4.179700,58.400657
4.179800,58.400033
4.179900,58.400083
4.180000,58.400308
4.180100,58.399937
4.180200,58.399963
4.180300,58.399662
4.180400,58.400259
4.180500,58.400132
4.180600,58.400462
4.180700,58.399944
4.180800,58.400554
4.180900,58.399593
4.181000,58.399899
4.181100,58.400140
4.181200,58.399030
4.181300,58.399542
4.181400,58.400466
4.181500,58.400013
4.181600,58.400736
4.181700,58.399930
4.181800,58.400556
4.181900,58.398398
4.182000,58.398521
4.182100,58.399636
4.182200,58.400083
4.182300,58.398553
4.182400,58.401859
4.182500,58.398672
4.182600,58.398134
4.182700,58.394998
4.182800,58.400500
4.182900,58.398821
4.183000,58.404350
4.183100,58.398375
4.183200,58.398360
4.183300,58.397115
4.183400,58.400692
4.183500,58.393347
4.183600,58.395831
4.183700,58.388567
4.183800,58.369421
4.183900,58.370735
4.184000,58.361766
4.184100,58.362385
4.184200,58.375869
4.184300,58.372860
4.184400,58.380587
4.184500,58.379126
4.184600,58.380284
4.184700,58.380033
4.184800,58.379974
4.184900,58.379495
4.185000,58.380637
4.185100,58.380032
4.185200,58.380316
4.185300,58.381782
4.185400,58.381908
4.185500,58.381923
4.185600,58.382190
4.185700,58.381033
4.185800,58.380527
4.185900,58.380885
4.186000,58.381198
4.186100,58.381578
4.186200,58.382235
4.186300,58.381891
4.186400,58.381131
4.186500,58.381167
4.186600,58.380879
4.186700,58.381069
4.186800,58.381460
4.186900,58.381219
4.187000,58.380734
4.187100,58.380828
4.187200,58.380761
4.187300,58.380529
4.187400,58.380494
4.187500,58.380789
4.187600,58.380445
4.187700,58.380332
4.187800,58.380577
4.187900,58.380582
4.188000,58.379929
4.188100,58.380083
4.188200,58.380069
4.188300,58.380010
4.188400,58.380173
4.188500,58.380250
4.188600,58.380042
4.188700,58.380494
4.188800,58.380153
4.188900,58.379779
4.189000,58.379846
4.189100,58.380348
4.189200,58.379267
4.189300,58.379121
4.189400,58.379380
4.189500,58.379386
4.189600,58.380185
4.189700,58.379987
4.189800,58.380037
4.189900,58.380089
4.190000,58.379803
4.190100,58.379173
4.190200,58.379491
4.190300,58.378471
4.190400,58.378156
4.190500,58.378546
4.190600,58.381049
4.190700,58.380170
4.190800,58.380740
4.190900,58.377393
4.191000,58.377732
4.191100,58.377430
4.191200,58.377945
4.191300,58.379405
4.191400,58.375997
4.191500,58.382196
4.191600,58.375393
4.191700,58.376139
4.191800,58.374170
4.191900,58.374324
4.192000,58.372566
4.192100,58.371422
4.192200,58.364497
4.192300,58.353971
4.192400,58.345497
4.192500,58.362238
4.192600,58.377804
4.192700,58.362367
4.192800,58.358530
4.192900,58.356589
4.193000,58.356023
4.193100,58.358619
4.193200,58.358599
4.193300,58.358723
4.193400,58.359299
4.193500,58.358842
4.193600,58.358569
4.193700,58.357381
4.193800,58.357585
4.193900,58.357627
4.194000,58.358427
4.194100,58.358582
4.194200,58.357286
4.194300,58.357619
4.194400,58.358408
4.194500,58.358392
4.194600,58.357839
4.194700,58.357578
4.194800,58.357550
4.194900,58.357614
4.195000,58.357626
4.195100,58.357291
4.195200,58.357352
4.195300,58.357078
4.195400,58.357518
4.195500,58.357716
4.195600,58.357346
4.195700,58.357539
4.195800,58.357028
4.195900,58.357248
4.196000,58.356856
4.196100,58.356804
4.196200,58.356910
4.196300,58.356825
4.196400,58.356863
4.196500,58.356315
4.196600,58.356886
4.196700,58.356660
4.196800,58.356514
4.196900,58.356587
4.197000,58.356157
4.197100,58.356278
4.197200,58.356171
4.197300,58.356544
4.197400,58.356350
4.197500,58.356169
4.197600,58.356174
4.197700,58.356734
4.197800,58.355902
4.197900,58.357019
4.198000,58.356086
4.198100,58.356694
4.198200,58.356578
4.198300,58.355624
4.198400,58.355786
4.198500,58.355781
4.198600,58.355793
4.198700,58.354629
4.198800,58.354387
4.198900,58.354921
4.199000,58.355218
4.199100,58.355049
4.199200,58.355738
4.199300,58.356614
4.199400,58.357528
4.199500,58.355626
4.199600,58.356789
4.199700,58.356159
4.199800,58.356744
4.199900,58.352122
4.200000,58.350713
4.200100,58.356901
4.200200,58.357551
4.200300,58.353746
4.200400,58.351597
4.200500,58.358168
4.200600,58.368488
4.200700,58.364365
4.200800,58.364948
4.200900,58.383955
4.201000,58.378480
4.201100,58.375737
4.201200,58.385398
4.201300,58.393941
4.201400,58.399021
4.201500,58.393760
4.201600,58.393845
4.201700,58.392838
4.201800,58.392854
4.201900,58.392488
4.202000,58.391967
4.202100,58.392852
4.202200,58.392644
4.202300,58.392157
4.202400,58.392696
4.202500,58.391073
4.202600,58.391409
4.202700,58.391939
4.202800,58.392038
4.202900,58.391917
4.203000,58.391768
4.203100,58.392175
4.203200,58.391878
4.203300,58.391959
4.203400,58.392503
4.203500,58.391868
4.203600,58.391966
4.203700,58.392012
4.203800,58.391855
4.203900,58.391905
4.204000,58.391742
4.204100,58.392043
4.204200,58.391688
4.204300,58.391689
4.204400,58.391578
4.204500,58.391533
4.204600,58.391483
4.204700,58.391177
4.204800,58.391126
4.204900,58.391283
4.205000,58.391384
4.205100,58.391053
4.205200,58.391172
4.205300,58.390877
4.205400,58.390972
4.205500,58.390993
4.205600,58.390860
4.205700,58.391323
4.205800,58.390453
4.205900,58.390529
4.206000,58.390405
4.206100,58.390710
4.206200,58.390750
4.206300,58.390460
4.206400,58.389923
4.206500,58.390598
4.206600,58.390442
4.206700,58.391323
4.206800,58.390860
4.206900,58.391649
4.207000,58.390751
4.207100,58.390769
4.207200,58.390085
4.207300,58.389769
4.207400,58.390552
4.207500,58.390603
4.207600,58.389804
4.207700,58.389372
4.207800,58.388654
4.207900,58.390721
4.208000,58.389452
4.208100,58.390594
4.208200,58.390794
4.208300,58.386367
4.208400,58.388080
4.208500,58.388831
4.208600,58.393818
4.208700,58.389552
4.208800,58.386974
4.208900,58.394906
4.209000,58.404953
4.209100,58.395883
4.209200,58.402912
4.209300,58.398817
4.209400,58.386266
4.209500,58.401458
4.209600,58.411613
4.209700,58.408810
4.209800,58.418505
4.209900,58.403753
4.210000,58.402180
4.210100,58.404706
4.210200,58.408359
4.210300,58.408533
4.210400,58.408477
4.210500,58.409313
4.210600,58.410285
4.210700,58.409544
4.210800,58.409391
4.210900,58.409299
4.211000,58.409628
4.211100,58.409456
4.211200,58.409324
4.211300,58.408495
4.211400,58.409048
4.211500,58.409553
4.211600,58.409748
4.211700,58.408892
4.211800,58.409033
4.211900,58.409114
4.212000,58.408896
4.212100,58.408472
4.212200,58.408521
4.212300,58.408531
4.212400,58.408283
4.212500,58.408469
4.212600,58.408229
4.212700,58.408259
4.212800,58.408809
4.212900,58.408397
4.213000,58.408302
4.213100,58.407901
4.213200,58.408204
4.213300,58.408339
4.213400,58.408446
4.213500,58.407974
4.213600,58.407711
4.213700,58.408131
4.213800,58.407879
4.213900,58.408087
4.214000,58.407330
4.214100,58.407960
4.214200,58.408012
4.214300,58.407932
4.214400,58.408061
4.214500,58.407783
4.214600,58.406993
4.214700,58.407396
4.214800,58.407266
4.214900,58.407698
4.215000,58.407675
4.215100,58.408500
4.215200,58.408594
4.215300,58.408093
4.215400,58.407498
4.215500,58.407973
4.215600,58.407071
4.215700,58.407530
4.215800,58.408200
4.215900,58.408310
4.216000,58.407758
4.216100,58.406432
4.216200,58.407900
4.216300,58.408049
4.216400,58.406580
4.216500,58.405071
4.216600,58.408365
4.216700,58.408861
4.216800,58.408334
4.216900,58.405569
4.217000,58.406307
4.217100,58.404013
4.217200,58.404074
4.217300,58.402389
4.217400,58.398682
4.217500,58.398578
4.217600,58.400895
4.217700,58.401116
4.217800,58.397631
4.217900,58.408939
4.218000,58.392635
4.218100,58.399465
4.218200,58.410331
4.218300,58.416795
4.218400,58.431342
4.218500,58.426254
4.218600,58.418927
4.218700,58.415676
4.218800,58.415978
4.218900,58.415891
4.219000,58.415847
4.219100,58.416278
4.219200,58.416505
4.219300,58.416658
4.219400,58.416247
4.219500,58.414553
4.219600,58.415736
4.219700,58.415052
4.219800,58.415593
4.219900,58.415142
4.220000,58.415984
4.220100,58.416492
4.220200,58.415652
4.220300,58.415488
4.220400,58.415378
4.220500,58.415437
4.220600,58.415215
4.220700,58.415149
4.220800,58.415033
4.220900,58.414606
4.221000,58.414605
4.221100,58.415136
4.221200,58.414932
4.221300,58.414842
4.221400,58.414572
4.221500,58.414683
4.221600,58.414621
4.221700,58.414657
4.221800,58.414827
4.221900,58.414882
4.222000,58.414238
4.222100,58.414485
4.222200,58.413961
4.222300,58.414356
4.222400,58.413856
4.222500,58.414269
4.222600,58.414518
4.222700,58.414544
4.222800,58.414650
4.222900,58.413779
4.223000,58.414472
4.223100,58.414402
4.223200,58.414256
4.223300,58.413771
4.223400,58.414496
4.223500,58.414574
4.223600,58.414108
4.223700,58.413043
4.223800,58.412626
4.223900,58.413111
4.224000,58.413837
4.224100,58.413519
4.224200,58.413464
4.224300,58.412932
4.224400,58.413575
4.224500,58.412831
4.224600,58.414388
4.224700,58.414529
4.224800,58.413254
4.224900,58.412594
4.225000,58.411720
4.225100,58.413098
4.225200,58.413324
4.225300,58.413837
4.225400,58.415122
4.225500,58.411891
4.225600,58.409394
4.225700,58.408117
4.225800,58.402778
4.225900,58.405080
4.226000,58.410326
4.226100,58.412947
4.226200,58.404456
4.226300,58.417676
4.226400,58.417731
4.226500,58.404827
4.226600,58.391063
4.226700,58.381495
4.226800,58.402063
4.226900,58.388295
4.227000,58.387118
4.227100,58.386205
4.227200,58.379768
4.227300,58.381372
4.227400,58.380633
4.227500,58.381015
4.227600,58.380741
4.227700,58.380289
4.227800,58.381221
4.227900,58.379947
4.228000,58.381608
4.228100,58.382061
4.228200,58.381298
4.228300,58.382646
4.228400,58.381478
4.228500,58.381442
4.228600,58.381108
4.228700,58.381031
4.228800,58.381384
4.228900,58.380873
4.229000,58.381127
4.229100,58.380722
4.229200,58.380633
4.229300,58.380175
4.229400,58.380769
4.229500,58.380874
4.229600,58.380657
4.229700,58.380541
4.229800,58.380562
4.229900,58.380599
4.230000,58.379949
4.230100,58.380475
4.230200,58.380223
4.230300,58.380283
4.230400,58.380240
4.230500,58.380011
4.230600,58.380012
4.230700,58.380381
4.230800,58.379727
4.230900,58.379804
4.231000,58.379950
4.231100,58.379884
4.231200,58.379908
4.231300,58.379634
4.231400,58.379715
4.231500,58.379584
4.231600,58.380208
4.231700,58.379795
4.231800,58.380246
4.231900,58.379423
4.232000,58.379388
4.232100,58.380007
4.232200,58.379693
4.232300,58.379245
4.232400,58.379395
4.232500,58.379838
4.232600,58.378598
4.232700,58.377196
4.232800,58.377651
4.232900,58.379370
4.233000,58.380657
4.233100,58.379130
4.233200,58.379120
4.233300,58.379024
4.233400,58.380900
4.233500,58.379718
4.233600,58.380405
4.233700,58.379077
4.233800,58.377133
4.233900,58.380933
4.234000,58.380865
4.234100,58.379678
4.234200,58.376497
4.234300,58.373375
4.234400,58.371684
4.234500,58.375213
4.234600,58.379546
4.234700,58.389264
4.234800,58.380962
4.234900,58.372699
4.235000,58.377354
4.235100,58.364205
4.235200,58.383800
4.235300,58.389867
4.235400,58.368715
4.235500,58.375745
4.235600,58.383390
4.235700,58.375023
4.235800,58.373789
4.235900,58.375903
4.236000,58.377260
4.236100,58.377434
4.236200,58.377468
4.236300,58.377253
4.236400,58.377346
4.236500,58.377130
4.236600,58.377495
4.236700,58.377499
4.236800,58.378070
4.236900,58.377778
4.237000,58.377446
4.237100,58.377886
4.237200,58.378080
4.237300,58.377724
4.237400,58.377601
4.237500,58.377676
4.237600,58.377332
4.237700,58.377080
4.237800,58.377028
4.237900,58.376673
4.238000,58.377042
4.238100,58.377003
4.238200,58.377572
4.238300,58.377126
4.238400,58.377263
4.238500,58.377081
4.238600,58.377317
4.238700,58.377360
4.238800,58.377137
4.238900,58.376873
4.239000,58.376440
4.239100,58.376373
4.239200,58.376629
4.239300,58.376988
4.239400,58.376595
4.239500,58.376571
4.239600,58.376748
4.239700,58.376581
4.239800,58.376065
4.239900,58.375898
4.240000,58.376729
4.240100,58.376355
4.240200,58.376403
4.240300,58.375907
4.240400,58.376830
4.240500,58.376254
4.240600,58.376079
4.240700,58.375094
4.240800,58.375438
4.240900,58.375875
4.241000,58.375520
4.241100,58.376031
4.241200,58.377226
4.241300,58.376462
4.241400,58.376345
4.241500,58.375474
4.241600,58.375330
4.241700,58.375379
4.241800,58.376366
4.241900,58.374548
4.242000,58.375222
4.242100,58.376195
4.242200,58.376799
4.242300,58.377336
4.242400,58.376923
4.242500,58.374545
4.242600,58.373978
4.242700,58.370444
4.242800,58.367451
4.242900,58.369647
4.243000,58.372089
4.243100,58.378582
4.243200,58.382228
4.243300,58.384318
4.243400,58.385205
4.243500,58.368111
4.243600,58.361798
4.243700,58.360726
4.243800,58.340198
4.243900,58.346809
4.244000,58.359397
4.244100,58.356350
4.244200,58.353240
4.244300,58.354834
4.244400,58.350836
4.244500,58.350190
4.244600,58.350396
4.244700,58.350393
4.244800,58.349947
4.244900,58.349931
4.245000,58.351113
4.245100,58.349882
4.245200,58.349207
4.245300,58.348341
4.245400,58.349466
4.245500,58.349290
4.245600,58.348867
4.245700,58.348006
4.245800,58.348272
4.245900,58.348478
4.246000,58.348021
4.246100,58.348431
4.246200,58.347612
4.246300,58.347479
4.246400,58.347948
4.246500,58.347850
4.246600,58.347807
4.246700,58.348177
4.246800,58.347987
4.246900,58.347417
4.247000,58.347352
4.247100,58.347449
4.247200,58.347252
4.247300,58.347265
4.247400,58.347486
4.247500,58.347474
4.247600,58.347183
4.247700,58.347207
4.247800,58.346941
4.247900,58.347016
4.248000,58.347187
4.248100,58.346908
4.248200,58.347209
4.248300,58.347456
4.248400,58.347025
4.248500,58.346752
4.248600,58.346942
4.248700,58.346504
4.248800,58.346394
4.248900,58.347104
4.249000,58.346160
4.249100,58.346355
4.249200,58.346239
4.249300,58.346210
4.249400,58.346755
4.249500,58.345977
4.249600,58.346070
4.249700,58.346384
4.249800,58.345662
4.249900,58.345787
4.250000,58.345683
4.250100,58.346732
4.250200,58.346415
4.250300,58.344770
4.250400,58.344785
4.250500,58.345779
4.250600,58.345638
4.250700,58.347834
4.250800,58.349933
4.250900,58.348782
4.251000,58.352359
4.251100,58.349966
4.251200,58.348807
4.251300,58.345775
4.251400,58.348407
4.251500,58.351258
4.251600,58.350876
4.251700,58.344956
4.251800,58.340246
4.251900,58.341125
4.252000,58.334010
4.252100,58.334207
4.252200,58.353527
4.252300,58.371641
4.252400,58.383157
4.252500,58.372809
4.252600,58.369119
4.252700,58.384301
4.252800,58.375853
4.252900,58.376212
4.253000,58.376669
4.253100,58.378273
4.253200,58.378669
4.253300,58.378449
4.253400,58.379562
4.253500,58.380260
4.253600,58.379967
4.253700,58.380822
4.253800,58.380362
4.253900,58.379361
4.254000,58.379643
4.254100,58.379240
4.254200,58.379833
4.254300,58.379660
4.254400,58.379395
4.254500,58.380027
4.254600,58.380150
4.254700,58.379479
4.254800,58.379576
4.254900,58.379256
4.255000,58.379258
4.255100,58.379284
4.255200,58.379150
4.255300,58.379280
4.255400,58.379460
4.255500,58.379323
4.255600,58.379777
4.255700,58.379317
4.255800,58.378710
4.255900,58.378952
4.256000,58.378847
4.256100,58.378737
4.256200,58.378508
4.256300,58.378703
4.256400,58.378694
4.256500,58.378979
4.256600,58.379057
4.256700,58.378495
4.256800,58.378917
4.256900,58.378514
4.257000,58.378409
4.257100,58.378024
4.257200,58.378245
4.257300,58.378167
4.257400,58.378316
4.257500,58.378603
4.257600,58.378591
4.257700,58.378168
4.257800,58.378888
4.257900,58.378601
4.258000,58.378724
4.258100,58.377626
4.258200,58.378651
4.258300,58.379747
4.258400,58.378664
4.258500,58.378906
4.258600,58.377756
4.258700,58.378325
4.258800,58.376307
4.258900,58.377416
4.259000,58.376765
4.259100,58.377123
4.259200,58.377587
4.259300,58.380394
4.259400,58.377666
4.259500,58.377775
4.259600,58.379264
4.259700,58.377399
4.259800,58.377707
4.259900,58.375328
4.260000,58.376208
4.260100,58.374714
4.260200,58.378013
4.260300,58.374052
4.260400,58.368526
4.260500,58.379244
4.260600,58.383943
4.260700,58.374664
4.260800,58.367406
4.260900,58.369362
4.261000,58.387662
4.261100,58.376369
4.261200,58.395430
4.261300,58.381482
4.261400,58.382973
4.261500,58.384431
4.261600,58.381539
4.261700,58.382292
4.261800,58.382277
4.261900,58.382588
4.262000,58.383063
4.262100,58.382609
4.262200,58.382811
4.262300,58.381607
4.262400,58.380862
4.262500,58.380900
4.262600,58.381858
4.262700,58.381438
4.262800,58.381066
4.262900,58.380895
4.263000,58.381453
4.263100,58.381465
4.263200,58.381026
4.263300,58.381345
4.263400,58.381019
4.263500,58.380909
4.263600,58.380809
4.263700,58.380654
4.263800,58.380430
4.263900,58.380894
4.264000,58.380613
4.264100,58.380549
4.264200,58.380829
4.264300,58.380554
4.264400,58.380900
4.264500,58.380633
4.264600,58.380607
4.264700,58.380394
4.264800,58.380569
4.264900,58.380935
4.265000,58.380994
4.265100,58.380697
4.265200,58.379977
4.265300,58.380493
4.265400,58.381004
4.265500,58.380367
4.265600,58.379874
4.265700,58.380383
4.265800,58.380187
4.265900,58.379731
4.266000,58.379220
4.266100,58.379217
4.266200,58.378902
4.266300,58.379929
4.266400,58.380108
4.266500,58.380165
4.266600,58.379890
4.266700,58.379997
4.266800,58.379802
4.266900,58.381217
4.267000,58.380371
4.267100,58.380382
4.267200,58.379336
4.267300,58.381028
4.267400,58.380761
4.267500,58.379044
4.267600,58.379344
4.267700,58.378875
4.267800,58.377521
4.267900,58.380234
4.268000,58.380250
4.268100,58.380620
4.268200,58.379913
4.268300,58.378588
4.268400,58.374687
4.268500,58.377486
4.268600,58.383674
4.268700,58.386779
4.268800,58.378259
4.268900,58.373820
4.269000,58.369384
4.269100,58.375321
4.269200,58.373481
4.269300,58.379988
4.269400,58.389350
4.269500,58.397595
4.269600,58.415293
4.269700,58.408854
4.269800,58.403327
4.269900,58.402493
4.270000,58.406642
4.270100,58.404512
4.270200,58.401705
4.270300,58.401954
4.270400,58.401931
4.270500,58.401052
4.270600,58.400465
4.270700,58.399411
4.270800,58.400741
4.270900,58.401701
4.271000,58.401885
4.271100,58.401823
4.271200,58.402230
4.271300,58.401713
4.271400,58.401555
4.271500,58.401260
4.271600,58.401357
4.271700,58.401257
4.271800,58.401617
4.271900,58.401305
4.272000,58.401862
4.272100,58.401854
4.272200,58.401417
4.272300,58.401591
4.272400,58.401493
4.272500,58.401358
4.272600,58.401310
4.272700,58.401125
4.272800,58.401268
4.272900,58.401415
4.273000,58.401501
4.273100,58.401310
4.273200,58.400983
4.273300,58.400891
4.273400,58.400923
4.273500,58.400658
4.273600,58.400550
4.273700,58.400685
4.273800,58.400836
4.273900,58.400855
4.274000,58.400834
4.274100,58.400687
4.274200,58.400610
4.274300,58.400167
4.274400,58.399913
4.274500,58.400802
4.274600,58.400299
4.274700,58.400921
4.274800,58.400032
4.274900,58.400352
4.275000,58.400096
4.275100,58.400791
4.275200,58.399884
4.275300,58.400550
4.275400,58.400281
4.275500,58.399723
4.275600,58.400668
4.275700,58.399427
4.275800,58.398634
4.275900,58.398968
4.276000,58.400868
4.276100,58.400154
4.276200,58.400126
4.276300,58.400094
4.276400,58.401099
4.276500,58.399186
4.276600,58.402144
4.276700,58.402180
4.276800,58.399648
4.276900,58.399629
4.277000,58.398181
4.277100,58.392964
4.277200,58.396454
4.277300,58.405146
4.277400,58.409217
4.277500,58.407091
4.277600,58.401300
4.277700,58.388507
4.277800,58.394980
4.277900,58.389994
4.278000,58.389459
4.278100,58.384431
4.278200,58.404741
4.278300,58.405993
4.278400,58.404148
4.278500,58.408907
4.278600,58.402498
4.278700,58.402679
4.278800,58.404058
4.278900,58.403272
4.279000,58.403447
4.279100,58.403113
4.279200,58.403788
4.279300,58.403001
4.279400,58.402515
4.279500,58.402330
4.279600,58.402090
4.279700,58.402599
4.279800,58.402237
4.279900,58.401630
4.280000,58.402363
4.280100,58.401654
4.280200,58.402213
4.280300,58.402437
4.280400,58.402310
4.280500,58.402211
4.280600,58.401916
4.280700,58.401802
4.280800,58.401849
4.280900,58.401853
4.281000,58.401684
4.281100,58.401572
4.281200,58.401429
4.281300,58.400973
4.281400,58.401378
4.281500,58.401804
4.281600,58.401411
4.281700,58.401308
4.281800,58.401557
4.281900,58.401421
4.282000,58.401435
4.282100,58.401606
4.282200,58.401404
4.282300,58.401291
4.282400,58.400812
4.282500,58.401193
4.282600,58.400541
4.282700,58.400853
4.282800,58.400401
4.282900,58.400879
4.283000,58.400463
4.283100,58.400516
4.283200,58.400273
4.283300,58.400426
4.283400,58.400407
4.283500,58.400654
4.283600,58.400151
4.283700,58.399364
4.283800,58.399359
4.283900,58.399648
4.284000,58.400293
4.284100,58.399098
4.284200,58.399506
4.284300,58.399520
4.284400,58.398234
4.284500,58.399732
4.284600,58.400110
4.284700,58.400867
4.284800,58.401109
4.284900,58.400360
4.285000,58.397398
4.285100,58.398665
4.285200,58.398060
4.285300,58.400874
4.285400,58.401154
4.285500,58.395899
4.285600,58.399524
4.285700,58.398031
4.285800,58.391712
4.285900,58.392367
4.286000,58.389180
4.286100,58.387722
4.286200,58.374817
4.286300,58.373354
4.286400,58.387444
4.286500,58.381957
4.286600,58.373252
4.286700,58.364949
4.286800,58.355118
4.286900,58.338742
4.287000,58.332299
4.287100,58.342657
4.287200,58.348017
4.287300,58.345974
4.287400,58.345605
4.287500,58.345547
4.287600,58.346167
4.287700,58.346999
4.287800,58.346124
4.287900,58.345723
4.288000,58.346166
4.288100,58.346397
4.288200,58.345587
4.288300,58.346155
4.288400,58.346373
4.288500,58.345609
4.288600,58.344661
4.288700,58.345161
4.288800,58.345461
4.288900,58.345520
4.289000,58.345777
4.289100,58.345506
4.289200,58.345336
4.289300,58.345162
4.289400,58.345420
4.289500,58.345264
4.289600,58.345246
4.289700,58.345283
4.289800,58.345396
4.289900,58.344919
4.290000,58.344568
4.290100,58.344586
4.290200,58.344412
4.290300,58.344387
4.290400,58.344694
4.290500,58.344505
4.290600,58.344179
4.290700,58.344185
4.290800,58.344227
4.290900,58.344438
4.291000,58.344481
4.291100,58.344454
4.291200,58.343949
4.291300,58.343991
4.291400,58.344329
4.291500,58.344186
4.291600,58.344447
4.291700,58.344209
4.291800,58.343269
4.291900,58.344040
4.292000,58.343755
4.292100,58.343709
4.292200,58.344319
4.292300,58.343588
4.292400,58.344291
4.292500,58.343210
4.292600,58.343413
4.292700,58.343621
4.292800,58.343684
4.292900,58.343390
4.293000,58.344018
4.293100,58.344059
4.293200,58.343439
4.293300,58.342053
4.293400,58.343582
4.293500,58.344754
4.293600,58.344786
4.293700,58.344225
4.293800,58.340367
4.293900,58.338296
4.294000,58.338473
4.294100,58.337539
4.294200,58.336965
4.294300,58.339781
4.294400,58.336725
4.294500,58.334830
4.294600,58.328725
4.294700,58.337802
4.294800,58.349370
4.294900,58.348412
4.295000,58.367484
4.295100,58.347127
4.295200,58.363274
4.295300,58.359438
4.295400,58.348063
4.295500,58.346661
4.295600,58.341318
4.295700,58.333470
4.295800,58.338164
4.295900,58.338427
4.296000,58.338273
4.296100,58.338031
4.296200,58.338587
4.296300,58.338326
4.296400,58.337336
4.296500,58.336367
4.296600,58.336597
4.296700,58.335763
4.296800,58.336752
4.296900,58.336876
4.297000,58.335838
4.297100,58.336604
4.297200,58.337034
4.297300,58.336232
4.297400,58.336345
4.297500,58.335869
4.297600,58.336052
4.297700,58.336077
4.297800,58.335864
4.297900,58.336385
4.298000,58.335652
4.298100,58.336043
4.298200,58.335373
4.298300,58.335532
4.298400,58.335660
4.298500,58.335254
4.298600,58.335195
4.298700,58.335147
4.298800,58.335316
4.298900,58.335098
4.299000,58.335079
4.299100,58.334910
4.299200,58.335162
4.299300,58.335357
4.299400,58.335447
4.299500,58.335033
4.299600,58.334938
4.299700,58.335043
4.299800,58.334629
4.299900,58.334426
4.300000,58.334490
4.300100,58.334642
4.300200,58.334668
4.300300,58.333709
4.300400,58.334026
4.300500,58.334151
4.300600,58.334611
4.300700,58.334678
4.300800,58.334056
4.300900,58.333734
4.301000,58.334616
4.301100,58.334574
4.301200,58.334238
4.301300,58.334554
4.301400,58.333556
4.301500,58.334008
4.301600,58.334920
4.301700,58.335154
4.301800,58.334178
4.301900,58.336190
4.302000,58.333716
4.302100,58.334696
4.302200,58.333385
4.302300,58.335350
4.302400,58.331594
4.302500,58.334731
4.302600,58.339035
4.302700,58.337091
4.302800,58.333170
4.302900,58.331468
4.303000,58.328181
4.303100,58.336948
4.303200,58.338761
4.303300,58.334909
4.303400,58.349163
4.303500,58.336182
4.303600,58.343530
4.303700,58.344690
4.303800,58.365870
4.303900,58.346388
4.304000,58.343483
4.304100,58.357521
4.304200,58.345234
4.304300,58.354708
4.304400,58.352098
4.304500,58.351607
4.304600,58.350911
4.304700,58.350819
4.304800,58.351278
4.304900,58.349563
4.305000,58.349789
4.305100,58.350238
4.305200,58.349086
4.305300,58.349079
4.305400,58.349161
4.305500,58.348920
4.305600,58.348731
4.305700,58.348700
4.305800,58.348524
4.305900,58.348053
4.306000,58.348498
4.306100,58.348544
4.306200,58.348065
4.306300,58.348479
4.306400,58.348007
4.306500,58.348332
4.306600,58.348493
4.306700,58.348316
4.306800,58.348279
4.306900,58.347974
4.307000,58.347356
4.307100,58.347895
4.307200,58.347526
4.307300,58.347469
4.307400,58.347668
4.307500,58.347466
4.307600,58.347301
4.307700,58.347541
4.307800,58.347241
4.307900,58.347262
4.308000,58.347065
4.308100,58.346999
4.308200,58.347138
4.308300,58.347051
4.308400,58.347199
4.308500,58.346682
4.308600,58.346660
4.308700,58.346654
4.308800,58.347336
4.308900,58.347363
4.309000,58.346755
4.309100,58.346435
4.309200,58.346833
4.309300,58.346988
4.309400,58.346258
4.309500,58.345854
4.309600,58.345893
4.309700,58.346302
4.309800,58.346680
4.309900,58.345946
4.310000,58.345883
4.310100,58.347583
4.310200,58.346484
4.310300,58.347600
4.310400,58.346104
4.310500,58.346946
4.310600,58.347882
4.310700,58.347109
4.310800,58.345489
4.310900,58.344817
4.311000,58.344372
4.311100,58.345717
4.311200,58.348696
4.311300,58.351447
4.311400,58.350642
4.311500,58.345724
4.311600,58.351248
4.311700,58.341259
4.311800,58.339044
4.311900,58.334081
4.312000,58.325541
4.312100,58.334056
4.312200,58.348513
4.312300,58.346187
4.312400,58.365206
4.312500,58.344782
4.312600,58.329662
4.312700,58.342017
4.312800,58.335198
4.312900,58.338465
4.313000,58.335136
4.313100,58.335610
4.313200,58.335594
4.313300,58.335274
4.313400,58.335485
4.313500,58.335442
4.313600,58.335051
4.313700,58.335926
4.313800,58.334893
4.313900,58.335873
4.314000,58.334473
4.314100,58.334413
4.314200,58.334351
4.314300,58.334246
4.314400,58.334289
4.314500,58.334439
4.314600,58.334538
4.314700,58.334380
4.314800,58.334631
4.314900,58.334557
4.315000,58.334273
4.315100,58.334120
4.315200,58.334098
4.315300,58.333886
4.315400,58.333658
4.315500,58.333881
4.315600,58.334139
4.315700,58.334044
4.315800,58.333453
4.315900,58.333596
4.316000,58.333843
4.316100,58.333478
4.316200,58.333530
4.316300,58.333224
4.316400,58.333293
4.316500,58.333238
4.316600,58.333142
4.316700,58.332997
4.316800,58.333316
4.316900,58.333424
4.317000,58.332709
4.317100,58.332932
4.317200,58.333368
4.317300,58.332555
4.317400,58.332343
4.317500,58.332953
4.317600,58.332813
4.317700,58.332887
4.317800,58.332933
4.317900,58.332300
4.318000,58.332374
4.318100,58.332253
4.318200,58.332252
4.318300,58.333358
4.318400,58.333684
4.318500,58.332063
4.318600,58.332494
4.318700,58.331862
4.318800,58.332024
4.318900,58.331914
4.319000,58.332014
4.319100,58.333760
4.319200,58.333452
4.319300,58.333291
4.319400,58.334206
4.319500,58.334018
4.319600,58.331853
4.319700,58.333705
4.319800,58.336046
4.319900,58.337178
4.320000,58.333642
4.320100,58.332703
4.320200,58.326248
4.320300,58.323272
4.320400,58.335372
4.320500,58.330684
4.320600,58.329838
4.320700,58.319528
4.320800,58.325248
4.320900,58.305775
4.321000,58.295964
4.321100,58.286672
4.321200,58.302454
4.321300,58.317431
4.321400,58.323956
4.321500,58.324950
4.321600,58.321965
4.321700,58.321510
4.321800,58.321421
4.321900,58.320829
4.322000,58.319492
4.322100,58.320993
4.322200,58.321708
4.322300,58.320843
4.322400,58.320582
4.322500,58.321053
4.322600,58.321213
4.322700,58.320906
4.322800,58.321023
4.322900,58.320790
4.323000,58.321142
4.323100,58.320828
4.323200,58.320703
4.323300,58.320418
4.323400,58.320579
4.323500,58.320726
4.323600,58.320579
4.323700,58.320443
4.323800,58.320418
4.323900,58.320711
4.324000,58.320151
4.324100,58.319867
4.324200,58.319816
4.324300,58.319981
4.324400,58.319956
4.324500,58.319779
4.324600,58.319794
4.324700,58.319897
4.324800,58.319624
4.324900,58.319544
4.325000,58.319646
4.325100,58.319295
4.325200,58.319640
4.325300,58.318940
4.325400,58.319423
4.325500,58.319053
4.325600,58.319104
4.325700,58.319416
4.325800,58.318936
4.325900,58.319092
4.326000,58.319340
4.326100,58.319208
4.326200,58.318749
4.326300,58.318538
4.326400,58.318141
4.326500,58.317668
4.326600,58.318958
4.326700,58.320208
4.326800,58.319278
4.326900,58.318136
4.327000,58.318113
4.327100,58.318150
4.327200,58.319450
4.327300,58.318193
4.327400,58.318631
4.327500,58.319045
4.327600,58.319634
4.327700,58.317851
4.327800,58.318827
4.327900,58.320975
4.328000,58.321283
4.328100,58.317880
4.328200,58.317026
4.328300,58.317276
4.328400,58.317952
4.328500,58.316646
4.328600,58.314937
4.328700,58.321282
4.328800,58.320691
4.328900,58.310869
4.329000,58.303710
4.329100,58.307128
4.329200,58.310541
4.329300,58.309427
4.329400,58.297671
4.329500,58.280400
4.329600,58.298685
4.329700,58.291409
4.329800,58.279776
4.329900,58.292237
4.330000,58.296639
4.330100,58.299961
4.330200,58.297116
4.330300,58.297079
4.330400,58.296881
4.330500,58.297452
4.330600,58.297746
4.330700,58.298380
4.330800,58.298054
4.330900,58.299244
4.331000,58.298019
4.331100,58.297635
4.331200,58.298205
4.331300,58.297423
4.331400,58.296737
4.331500,58.297482
4.331600,58.297784
4.331700,58.297379
4.331800,58.297627
4.331900,58.297696
4.332000,58.297794
4.332100,58.297672
4.332200,58.297642
4.332300,58.297639
4.332400,58.297141
4.332500,58.297095
4.332600,58.297119
4.332700,58.297163
4.332800,58.297154
4.332900,58.297106
4.333000,58.297022
4.333100,58.296745
4.333200,58.296883
4.333300,58.296895
4.333400,58.296876
4.333500,58.296509
4.333600,58.296344
4.333700,58.296450
4.333800,58.295924
4.333900,58.295988
4.334000,58.296396
4.334100,58.296347
4.334200,58.296332
4.334300,58.296756
4.334400,58.296353
4.334500,58.296215
4.334600,58.295869
4.334700,58.296031
4.334800,58.296026
4.334900,58.295407
4.335000,58.296184
4.335100,58.296126
4.335200,58.296376
4.335300,58.296124
4.335400,58.294641
4.335500,58.295070
4.335600,58.296565
4.335700,58.296338
4.335800,58.296334
4.335900,58.295747
4.336000,58.293767
4.336100,58.294268
4.336200,58.295620
4.336300,58.295880
4.336400,58.293813
4.336500,58.294870
4.336600,58.297110
4.336700,58.297281
4.336800,58.295000
4.336900,58.293959
4.337000,58.294366
4.337100,58.293588
4.337200,58.300750
4.337300,58.303402
4.337400,58.309777
4.337500,58.307267
4.337600,58.305055
4.337700,58.304646
4.337800,58.297467
4.337900,58.308911
4.338000,58.292750
4.338100,58.314407
4.338200,58.333187
4.338300,58.329763
4.338400,58.346016
4.338500,58.347887
4.338600,58.348787
4.338700,58.344155
4.338800,58.345510
4.338900,58.345207
4.339000,58.345338
4.339100,58.346277
4.339200,58.344856
4.339300,58.346540
4.339400,58.345636
4.339500,58.345375
4.339600,58.344453
4.339700,58.343570
4.339800,58.344272
4.339900,58.344258
4.340000,58.344481
4.340100,58.344489
4.340200,58.345230
4.340300,58.344869
4.340400,58.344359
4.340500,58.344261
4.340600,58.344779
4.340700,58.344116
4.340800,58.344285
4.340900,58.344056
4.341000,58.344023
4.341100,58.343837
4.341200,58.343994
4.341300,58.343635
4.341400,58.343795
4.341500,58.343460
4.341600,58.343667
4.341700,58.343836
4.341800,58.343446
4.341900,58.343386
4.342000,58.343672
4.342100,58.343366
4.342200,58.343409
4.342300,58.343107
4.342400,58.343762
4.342500,58.343603
4.342600,58.343501
4.342700,58.343531
4.342800,58.343517
4.342900,58.343180
4.343000,58.343126
4.343100,58.343345
4.343200,58.343086
4.343300,58.343274
4.343400,58.343449
4.343500,58.342832
4.343600,58.342842
4.343700,58.342932
4.343800,58.343722
4.343900,58.343057
4.344000,58.341842
4.344100,58.342239
4.344200,58.341318
4.344300,58.341308
4.344400,58.341134
4.344500,58.340593
4.344600,58.341703
4.344700,58.343814
4.344800,58.342788
4.344900,58.342590
4.345000,58.344449
4.345100,58.343652
4.345200,58.344935
4.345300,58.344247
4.345400,58.343313
4.345500,58.339883
4.345600,58.342707
4.345700,58.344188
4.345800,58.342042
4.345900,58.344039
4.346000,58.335457
4.346100,58.330448
4.346200,58.339717
4.346300,58.348451
4.346400,58.354911
4.346500,58.349321
4.346600,58.346925
4.346700,58.345284
4.346800,58.328669
4.346900,58.332529
4.347000,58.328992
4.347100,58.319365
4.347200,58.325163
4.347300,58.327408
4.347400,58.327608
4.347500,58.327763
4.347600,58.328130
4.347700,58.328634
4.347800,58.327569
4.347900,58.328039
4.348000,58.328528
4.348100,58.328029
4.348200,58.327926
4.348300,58.328308
4.348400,58.328641
4.348500,58.328589
4.348600,58.327963
4.348700,58.328335
4.348800,58.327789
4.348900,58.327034
4.349000,58.327627
4.349100,58.327438
4.349200,58.327163
4.349300,58.327202
4.349400,58.327167
4.349500,58.327073
4.349600,58.326895
4.349700,58.327235
4.349800,58.327225
4.349900,58.327165
4.350000,58.327163
4.350100,58.326890
4.350200,58.326494
4.350300,58.326942
4.350400,58.327489
4.350500,58.327042
4.350600,58.326911
4.350700,58.326674
4.350800,58.326850
4.350900,58.326542
4.351000,58.326601
4.351100,58.326103
4.351200,58.326751
4.351300,58.326979
4.351400,58.326770
4.351500,58.325873
4.351600,58.325825
4.351700,58.326237
4.351800,58.326180
4.351900,58.326345
4.352000,58.325992
4.352100,58.326237
4.352200,58.326120
4.352300,58.326710
4.352400,58.325610
4.352500,58.324779
4.352600,58.325009
4.352700,58.325489
4.352800,58.325666
4.352900,58.325910
4.353000,58.325408
4.353100,58.324739
4.353200,58.325211
4.353300,58.326488
4.353400,58.326960
4.353500,58.326727
4.353600,58.324575
4.353700,58.324596
4.353800,58.321460
4.353900,58.323906
4.354000,58.319896
4.354100,58.324415
4.354200,58.322933
4.354300,58.328557
4.354400,58.331941
4.354500,58.334820
4.354600,58.337211
4.354700,58.348482
4.354800,58.344696
4.354900,58.329235
4.355000,58.343227
4.355100,58.326679
4.355200,58.320511
4.355300,58.330271
4.355400,58.325948
4.355500,58.338603
4.355600,58.346881
4.355700,58.335493
4.355800,58.331905
4.355900,58.331804
4.356000,58.333981
4.356100,58.334618
4.356200,58.334851
4.356300,58.335322
4.356400,58.334806
4.356500,58.334379
4.356600,58.334496
4.356700,58.334608
4.356800,58.334648
4.356900,58.334912
4.357000,58.335522
4.357100,58.334459
4.357200,58.334093
4.357300,58.334095
4.357400,58.334030
4.357500,58.334335
4.357600,58.334122
4.357700,58.333805
4.357800,58.334351
4.357900,58.334121
4.358000,58.333406
4.358100,58.333599
4.358200,58.333571
4.358300,58.333486
4.358400,58.333644
4.358500,58.333394
4.358600,58.333614
4.358700,58.333127
4.358800,58.333391
4.358900,58.333249
4.359000,58.333427
4.359100,58.333509
4.359200,58.332861
4.359300,58.333202
4.359400,58.333074
4.359500,58.333452
4.359600,58.333288
4.359700,58.332972
4.359800,58.333416
4.359900,58.333033
4.360000,58.332890
4.360100,58.332704
4.360200,58.332543
4.360300,58.332550
4.360400,58.332288
4.360500,58.333033
4.360600,58.332238
4.360700,58.332482
4.360800,58.332464
4.360900,58.333309
4.361000,58.333262
4.361100,58.333497
4.361200,58.333046
4.361300,58.331290
4.361400,58.332033
4.361500,58.332380
4.361600,58.332732
4.361700,58.332550
4.361800,58.330124
4.361900,58.330825
4.362000,58.333152
4.362100,58.331210
4.362200,58.329021
4.362300,58.330168
4.362400,58.332595
4.362500,58.331082
4.362600,58.333951
4.362700,58.336329
4.362800,58.334548
4.362900,58.331507
4.363000,58.328344
4.363100,58.332492
4.363200,58.324007
4.363300,58.319845
4.363400,58.324974
4.363500,58.334106
4.363600,58.339442
4.363700,58.339284
4.363800,58.362485
4.363900,58.346896
4.364000,58.337225
4.364100,58.321554
4.364200,58.324824
4.364300,58.328121
4.364400,58.327642
4.364500,58.327795
4.364600,58.327629
4.364700,58.327551
4.364800,58.327683
4.364900,58.328081
4.365000,58.327259
4.365100,58.326195
4.365200,58.325971
4.365300,58.326260
4.365400,58.326063
4.365500,58.326509
4.365600,58.326409
4.365700,58.327129
4.365800,58.326021
4.365900,58.326028
4.366000,58.326170
4.366100,58.325823
4.366200,58.325965
4.366300,58.325810
4.366400,58.325934
4.366500,58.325664
4.366600,58.325029
4.366700,58.325265
4.366800,58.325689
4.366900,58.325815
4.367000,58.325608
4.367100,58.325453
4.367200,58.325574
4.367300,58.325140
4.367400,58.325196
4.367500,58.325130
4.367600,58.325105
4.367700,58.324869
4.367800,58.325114
4.367900,58.324574
4.368000,58.324848
4.368100,58.325062
4.368200,58.325091
4.368300,58.324794
4.368400,58.324901
4.368500,58.324707
4.368600,58.324808
4.368700,58.324425
4.368800,58.324317
4.368900,58.324044
4.369000,58.323879
4.369100,58.324844
4.369200,58.324611
4.369300,58.323942
4.369400,58.325222
4.369500,58.324236
4.369600,58.324801
4.369700,58.324791
4.369800,58.324779
4.369900,58.323819
4.370000,58.323256
4.370100,58.324165
4.370200,58.323861
4.370300,58.322517
4.370400,58.322177
4.370500,58.323052
4.370600,58.324402
4.370700,58.324727
4.370800,58.323972
4.370900,58.327312
4.371000,58.326232
4.371100,58.324711
4.371200,58.324772
4.371300,58.322189
4.371400,58.325203
4.371500,58.324486
4.371600,58.327470
4.371700,58.336196
4.371800,58.341644
4.371900,58.343050
4.372000,58.333124
4.372100,58.321578
4.372200,58.327177
4.372300,58.313786
4.372400,58.313763
4.372500,58.313906
4.372600,58.307286
4.372700,58.309644
4.372800,58.311039
4.372900,58.318253
4.373000,58.320852
4.373100,58.318855
4.373200,58.319090
4.373300,58.319393
4.373400,58.319089
4.373500,58.319339
4.373600,58.318878
4.373700,58.318656
4.373800,58.318363
4.373900,58.319922
4.374000,58.319794
4.374100,58.319299
4.374200,58.319059
4.374300,58.318749
4.374400,58.318532
4.374500,58.318754
4.374600,58.319274
4.374700,58.319088
4.374800,58.319192
4.374900,58.318876
4.375000,58.318686
4.375100,58.318552
4.375200,58.318551
4.375300,58.318712
4.375400,58.318454
4.375500,58.318379
4.375600,58.318554
4.375700,58.318706
4.375800,58.318386
4.375900,58.318009
4.376000,58.318320
4.376100,58.318374
4.376200,58.318390
4.376300,58.318300
4.376400,58.317970
4.376500,58.317629
4.376600,58.317317
4.376700,58.317838
4.376800,58.317490
4.376900,58.317362
4.377000,58.317804
4.377100,58.317544
4.377200,58.317440
4.377300,58.317472
4.377400,58.317491
4.377500,58.317006
4.377600,58.317352
4.377700,58.317218
4.377800,58.318074
4.377900,58.317511
4.378000,58.318032
4.378100,58.317376
4.378200,58.317965
4.378300,58.317709
4.378400,58.317209
4.378500,58.317273
4.378600,58.317944
4.378700,58.316736
4.378800,58.315950
4.378900,58.317785
4.379000,58.316149
4.379100,58.315654
4.379200,58.315746
4.379300,58.317478
4.379400,58.316906
4.379500,58.317183
4.379600,58.317579
4.379700,58.319421
4.379800,58.314780
4.379900,58.317509
4.380000,58.314359
4.380100,58.314714
4.380200,58.316672
4.380300,58.320486
4.380400,58.313870
4.380500,58.323506
4.380600,58.322091
4.380700,58.320461
4.380800,58.315491
4.380900,58.323310
4.381000,58.317580
4.381100,58.312164
4.381200,58.325659
4.381300,58.320652
4.381400,58.318990
4.381500,58.320833
4.381600,58.320073
4.381700,58.319871
4.381800,58.319398
4.381900,58.320367
4.382000,58.320121
4.382100,58.318408
4.382200,58.319019
4.382300,58.320619
4.382400,58.320530
4.382500,58.320261
4.382600,58.319730
4.382700,58.320070
4.382800,58.320021
4.382900,58.320421
4.383000,58.320146
4.383100,58.319454
4.383200,58.319101
4.383300,58.319604
4.383400,58.319808
4.383500,58.319544
4.383600,58.319151
4.383700,58.319174
4.383800,58.319273
4.383900,58.319449
4.384000,58.319190
4.384100,58.319189
4.384200,58.319186
4.384300,58.319175
4.384400,58.319098
4.384500,58.318789
4.384600,58.318942
4.384700,58.318800
4.384800,58.318753
4.384900,58.318730
4.385000,58.318724
4.385100,58.318347
4.385200,58.318169
4.385300,58.318117
4.385400,58.318100
4.385500,58.318527
4.385600,58.318849
4.385700,58.318816
4.385800,58.318683
4.385900,58.318381
4.386000,58.318236
4.386100,58.317786
4.386200,58.317229
4.386300,58.318113
4.386400,58.317656
4.386500,58.317430
4.386600,58.317315
4.386700,58.317863
4.386800,58.317763
4.386900,58.316445
4.387000,58.316479
4.387100,58.316384
4.387200,58.318116
4.387300,58.317034
4.387400,58.317451
4.387500,58.318997
4.387600,58.317071
4.387700,58.319410
4.387800,58.317044
4.387900,58.319055
4.388000,58.319801
4.388100,58.318295
4.388200,58.317303
4.388300,58.312970
4.388400,58.316726
4.388500,58.315707
4.388600,58.313691
4.388700,58.316236
4.388800,58.318838
4.388900,58.315103
4.389000,58.315824
4.389100,58.325522
4.389200,58.324412
4.389300,58.318416
4.389400,58.311117
4.389500,58.314089
4.389600,58.317485
4.389700,58.309884
4.389800,58.294025
4.389900,58.287894
4.390000,58.288855
4.390100,58.289157
4.390200,58.291677
4.390300,58.292408
4.390400,58.292617
4.390500,58.292430
4.390600,58.292382
4.390700,58.292501
4.390800,58.292327
4.390900,58.291554
4.391000,58.292176
4.391100,58.291350
4.391200,58.292119
4.391300,58.291240
4.391400,58.291528
4.391500,58.290603
4.391600,58.290691
4.391700,58.291029
4.391800,58.291445
4.391900,58.291350
4.392000,58.290786
4.392100,58.291006
4.392200,58.290726
4.392300,58.290611
4.392400,58.290833
4.392500,58.290673
4.392600,58.290384
4.392700,58.290487
4.392800,58.290546
4.392900,58.290602
4.393000,58.290075
4.393100,58.290213
4.393200,58.290104
4.393300,58.290223
4.393400,58.290248
4.393500,58.290276
4.393600,58.290047
4.393700,58.289782
4.393800,58.289984
4.393900,58.289897
4.394000,58.289894
4.394100,58.289294
4.394200,58.289795
4.394300,58.289448
4.394400,58.289903
4.394500,58.290327
4.394600,58.289974
4.394700,58.288952
4.394800,58.290018
4.394900,58.290047
4.395000,58.290370
4.395100,58.289620
4.395200,58.289264
4.395300,58.289137
4.395400,58.288902
4.395500,58.289227
4.395600,58.288268
4.395700,58.287009
4.395800,58.287626
4.395900,58.288171
4.396000,58.288357
4.396100,58.288001
4.396200,58.288881
4.396300,58.288764
4.396400,58.288892
4.396500,58.290349
4.396600,58.293287
4.396700,58.290208
4.396800,58.287226
4.396900,58.288323
4.397000,58.291068
4.397100,58.291557
4.397200,58.287617
4.397300,58.291985
4.397400,58.291117
4.397500,58.292641
4.397600,58.284469
4.397700,58.274751
4.397800,58.266913
4.397900,58.282549
4.398000,58.273891
4.398100,58.289802
4.398200,58.296506
4.398300,58.281349
4.398400,58.277876
4.398500,58.289080
4.398600,58.286903
4.398700,58.286182
4.398800,58.283856
4.398900,58.283499
4.399000,58.282752
4.399100,58.282413
4.399200,58.282342
4.399300,58.281543
4.399400,58.281087
4.399500,58.281153
4.399600,58.281393
4.399700,58.281035
4.399800,58.281526
4.399900,58.281166
4.400000,58.281156
4.400100,58.280721
4.400200,58.280817
4.400300,58.280980
4.400400,58.281161
4.400500,58.281398
4.400600,58.281038
4.400700,58.280970
4.400800,58.280904
4.400900,58.280535
4.401000,58.280733
4.401100,58.280133
4.401200,58.280637
4.401300,58.280492
4.401400,58.280237
4.401500,58.280472
4.401600,58.280353
4.401700,58.280285
4.401800,58.280001
4.401900,58.280040
4.402000,58.280084
4.402100,58.280010
4.402200,58.279640
4.402300,58.279550
4.402400,58.279617
4.402500,58.279560
4.402600,58.279754
4.402700,58.279965
4.402800,58.279790
4.402900,58.279176
4.403000,58.279325
4.403100,58.279876
4.403200,58.279951
4.403300,58.279322
4.403400,58.279873
4.403500,58.279359
4.403600,58.279342
4.403700,58.279663
4.403800,58.279376
4.403900,58.278621
4.404000,58.278405
4.404100,58.279948
4.404200,58.279785
4.404300,58.278365
4.404400,58.279106
4.404500,58.278456
4.404600,58.277645
4.404700,58.278322
4.404800,58.279829
4.404900,58.277184
4.405000,58.275891
4.405100,58.277686
4.405200,58.279476
4.405300,58.281760
4.405400,58.282608
4.405500,58.279943
4.405600,58.281557
4.405700,58.283141
4.405800,58.277410
4.405900,58.276561
4.406000,58.276074
4.406100,58.285504
4.406200,58.288275
4.406300,58.290730
4.406400,58.274042
4.406500,58.289878
4.406600,58.305929
4.406700,58.312423
4.406800,58.317499
4.406900,58.315374
4.407000,58.310974
4.407100,58.299900
4.407200,58.301103
4.407300,58.302118
4.407400,58.301568
4.407500,58.301557
4.407600,58.301235
4.407700,58.300456
4.407800,58.301282
4.407900,58.302033
4.408000,58.301429
4.408100,58.299822
4.408200,58.299743
4.408300,58.299814
4.408400,58.299874
4.408500,58.299803
4.408600,58.299969
4.408700,58.299736
4.408800,58.299468
4.408900,58.299511
4.409000,58.299568
4.409100,58.299214
4.409200,58.299601
4.409300,58.300004
4.409400,58.300074
4.409500,58.299775
4.409600,58.299694
4.409700,58.299756
4.409800,58.299499
4.409900,58.299264
4.410000,58.299209
4.410100,58.299350
4.410200,58.299350
4.410300,58.298856
4.410400,58.298987
4.410500,58.299031
4.410600,58.299361
4.410700,58.299099
4.410800,58.298391
4.410900,58.298569
4.411000,58.298776
4.411100,58.298069
4.411200,58.298693
4.411300,58.298560
4.411400,58.298747
4.411500,58.298759
4.411600,58.298028
4.411700,58.297662
4.411800,58.297775
4.411900,58.298579
4.412000,58.299216
4.412100,58.299030
4.412200,58.298916
4.412300,58.297834
4.412400,58.296777
4.412500,58.298152
4.412600,58.298299
4.412700,58.298200
4.412800,58.298238
4.412900,58.297782
4.413000,58.297710
4.413100,58.295615
4.413200,58.296764
4.413300,58.299088
4.413400,58.298905
4.413500,58.299453
4.413600,58.297312
4.413700,58.299761
4.413800,58.296671
4.413900,58.299581
4.414000,58.300385
4.414100,58.297966
4.414200,58.300452
4.414300,58.300017
4.414400,58.304614
4.414500,58.303304
4.414600,58.307919
4.414700,58.297966
4.414800,58.293130
4.414900,58.283042
4.415000,58.293343
4.415100,58.309532
4.415200,58.310988
4.415300,58.330562
4.415400,58.322711
4.415500,58.315646
4.415600,58.322118
4.415700,58.312891
4.415800,58.307267
4.415900,58.309778
4.416000,58.308632
4.416100,58.308603
4.416200,58.308128
4.416300,58.307082
4.416400,58.307242
4.416500,58.307675
4.416600,58.307481
4.416700,58.308316
4.416800,58.307155
4.416900,58.308432
4.417000,58.308166
4.417100,58.307531
4.417200,58.307108
4.417300,58.307092
4.417400,58.307052
4.417500,58.307403
4.417600,58.307514
4.417700,58.307004
4.417800,58.307063
4.417900,58.307104
4.418000,58.307007
4.418100,58.307201
4.418200,58.306612
4.418300,58.306787
4.418400,58.306628
4.418500,58.306530
4.418600,58.306582
4.418700,58.306711
4.418800,58.306447
4.418900,58.306124
4.419000,58.306165
4.419100,58.306391
4.419200,58.306585
4.419300,58.306738
4.419400,58.306457
4.419500,58.306408
4.419600,58.305768
4.419700,58.306070
4.419800,58.306104
4.419900,58.306000
4.420000,58.305987
4.420100,58.305713
4.420200,58.306159
4.420300,58.306262
4.420400,58.305865
4.420500,58.305297
4.420600,58.305431
4.420700,58.305916
4.420800,58.305069
4.420900,58.305926
4.421000,58.304880
4.421100,58.304328
4.421200,58.304284
4.421300,58.305098
4.421400,58.305588
4.421500,58.305677
4.421600,58.305603
4.421700,58.304677
4.421800,58.305298
4.421900,58.304614
4.422000,58.303748
4.422100,58.302681
4.422200,58.303146
4.422300,58.306184
4.422400,58.305215
4.422500,58.304816
4.422600,58.307643
4.422700,58.307033
4.422800,58.306383
4.422900,58.299857
4.423000,58.301455
4.423100,58.307172
4.423200,58.307058
4.423300,58.309569
4.423400,58.315033
4.423500,58.312122
4.423600,58.318365
4.423700,58.301017
4.423800,58.289429
4.423900,58.294169
4.424000,58.301113
4.424100,58.300870
4.424200,58.301566
4.424300,58.292002
4.424400,58.295102
4.424500,58.293631
4.424600,58.293644
4.424700,58.293698
4.424800,58.293223
4.424900,58.292815
4.425000,58.291235
4.425100,58.290480
4.425200,58.290071
4.425300,58.289899
4.425400,58.290811
4.425500,58.290844
4.425600,58.290834
4.425700,58.290910
4.425800,58.291792
4.425900,58.290847
4.426000,58.290839
4.426100,58.291031
4.426200,58.291035
4.426300,58.290545
4.426400,58.290779
4.426500,58.290474
4.426600,58.290324
4.426700,58.290661
4.426800,58.290566
4.426900,58.290381
4.427000,58.290402
4.427100,58.290168
4.427200,58.290215
4.427300,58.289909
4.427400,58.289797
4.427500,58.289818
4.427600,58.289777
4.427700,58.289711
4.427800,58.290236
4.427900,58.289952
4.428000,58.289723
4.428100,58.289793
4.428200,58.289218
4.428300,58.289166
4.428400,58.288977
4.428500,58.289279
4.428600,58.289448
4.428700,58.289160
4.428800,58.289493
4.428900,58.289701
4.429000,58.289134
4.429100,58.289256
4.429200,58.289499
4.429300,58.289246
4.429400,58.288978
4.429500,58.288246
4.429600,58.289185
4.429700,58.288883
4.429800,58.289007
4.429900,58.288815
4.430000,58.289657
4.430100,58.289646
4.430200,58.288898
4.430300,58.287212
4.430400,58.288736
4.430500,58.288786
4.430600,58.286947
4.430700,58.289970
4.430800,58.289996
4.430900,58.287763
4.431000,58.284718
4.431100,58.286181
4.431200,58.289214
4.431300,58.284692
4.431400,58.282235
4.431500,58.288666
4.431600,58.290803
4.431700,58.284318
4.431800,58.287293
4.431900,58.286615
4.432000,58.293782
4.432100,58.293447
4.432200,58.274555
4.432300,58.265672
4.432400,58.274258
4.432500,58.276780
4.432600,58.279560
4.432700,58.282453
4.432800,58.282413
4.432900,58.283003
4.433000,58.278782
4.433100,58.277864
4.433200,58.277978
4.433300,58.278255
4.433400,58.278010
4.433500,58.276623
4.433600,58.276536
4.433700,58.276706
4.433800,58.275919
4.433900,58.274969
4.434000,58.275880
4.434100,58.275781
4.434200,58.276737
4.434300,58.275708
4.434400,58.275724
4.434500,58.276430
4.434600,58.276107
4.434700,58.275742
4.434800,58.275465
4.434900,58.275743
4.435000,58.275585
4.435100,58.275697
4.435200,58.275481
4.435300,58.275295
4.435400,58.275231
4.435500,58.275560
4.435600,58.275119
4.435700,58.274924
4.435800,58.275172
4.435900,58.275264
4.436000,58.275094
4.436100,58.274967
4.436200,58.274680
4.436300,58.275067
4.436400,58.274827
4.436500,58.274942
4.436600,58.274670
4.436700,58.274730
4.436800,58.274995
4.436900,58.274651
4.437000,58.275163
4.437100,58.275022
4.437200,58.274905
4.437300,58.274162
4.437400,58.274709
4.437500,58.274268
4.437600,58.274035
4.437700,58.274653
4.437800,58.273975
4.437900,58.274020
4.438000,58.274138
4.438100,58.273755
4.438200,58.273549
4.438300,58.274250
4.438400,58.273521
4.438500,58.273147
4.438600,58.273358
4.438700,58.271622
4.438800,58.272994
4.438900,58.274512
4.439000,58.274931
4.439100,58.275226
4.439200,58.274486
4.439300,58.273128
4.439400,58.272153
4.439500,58.272786
4.439600,58.271510
4.439700,58.269295
4.439800,58.272853
4.439900,58.271541
4.440000,58.272416
4.440100,58.275785
4.440200,58.275528
4.440300,58.278992
4.440400,58.276682
4.440500,58.289623
4.440600,58.303720
4.440700,58.302348
4.440800,58.305492
4.440900,58.300287
4.441000,58.278008
4.441100,58.268539
4.441200,58.280062
4.441300,58.267890
4.441400,58.271343
4.441500,58.276690
4.441600,58.278354
4.441700,58.278566
4.441800,58.278500
4.441900,58.278443
4.442000,58.278876
4.442100,58.277198
4.442200,58.276515
4.442300,58.278066
4.442400,58.276341
4.442500,58.277042
4.442600,58.276942
4.442700,58.276918
4.442800,58.276979
4.442900,58.276700
4.443000,58.276835
4.443100,58.276746
4.443200,58.276356
4.443300,58.276989
4.443400,58.276464
4.443500,58.276368
4.443600,58.276231
4.443700,58.276233
4.443800,58.276252
4.443900,58.276372
4.444000,58.276521
4.444100,58.275869
4.444200,58.275982
4.444300,58.276048
4.444400,58.275839
4.444500,58.275797
4.444600,58.275903
4.444700,58.275854
4.444800,58.276035
4.444900,58.275750
4.445000,58.275528
4.445100,58.275757
4.445200,58.275688
4.445300,58.275427
4.445400,58.275425
4.445500,58.275257
4.445600,58.274800
4.445700,58.275044
4.445800,58.275226
4.445900,58.275250
4.446000,58.274611
4.446100,58.275331
4.446200,58.274768
4.446300,58.275048
4.446400,58.275480
4.446500,58.276126
4.446600,58.275301
4.446700,58.276385
4.446800,58.275245
4.446900,58.275739
4.447000,58.275563
4.447100,58.275435
4.447200,58.275622
4.447300,58.273745
4.447400,58.272774
4.447500,58.274759
4.447600,58.276166
4.447700,58.275490
4.447800,58.275025
4.447900,58.273376
4.448000,58.275233
4.448100,58.274394
4.448200,58.274202
4.448300,58.273702
4.448400,58.272963
4.448500,58.275149
4.448600,58.276250
4.448700,58.269059
4.448800,58.265044
4.448900,58.265879
4.449000,58.274907
4.449100,58.271136
4.449200,58.261981
4.449300,58.280819
4.449400,58.270054
4.449500,58.260355
4.449600,58.278097
4.449700,58.283470
4.449800,58.285643
4.449900,58.281559
4.450000,58.279232
4.450100,58.274937
4.450200,58.274495
4.450300,58.275643
4.450400,58.275451
4.450500,58.276386
4.450600,58.275271
4.450700,58.273997
4.450800,58.272324
4.450900,58.273480
4.451000,58.274187
4.451100,58.273392
4.451200,58.272879
4.451300,58.273120
4.451400,58.273679
4.451500,58.273387
4.451600,58.273623
4.451700,58.273175
4.451800,58.272537
4.451900,58.272710
4.452000,58.272482
4.452100,58.272577
4.452200,58.272323
4.452300,58.272578
4.452400,58.272407
4.452500,58.272502
4.452600,58.272156
4.452700,58.272236
4.452800,58.272409
4.452900,58.271965
4.453000,58.271806
4.453100,58.272234
4.453200,58.271929
4.453300,58.272115
4.453400,58.271780
4.453500,58.271719
4.453600,58.271584
4.453700,58.271785
4.453800,58.271694
4.453900,58.272037
4.454000,58.271603
4.454100,58.271538
4.454200,58.271330
4.454300,58.271525
4.454400,58.272035
4.454500,58.271981
4.454600,58.271534
4.454700,58.271703
4.454800,58.271580
4.454900,58.270927
4.455000,58.271402
4.455100,58.270626
4.455200,58.271130
4.455300,58.271169
4.455400,58.270663
4.455500,58.270609
4.455600,58.270363
4.455700,58.270543
4.455800,58.270266
4.455900,58.270580
4.456000,58.270625
4.456100,58.271428
4.456200,58.271317
4.456300,58.271800
4.456400,58.269934
4.456500,58.270413
4.456600,58.272237
4.456700,58.273497
4.456800,58.272656
4.456900,58.271256
4.457000,58.266090
4.457100,58.264866
4.457200,58.267597
4.457300,58.273834
4.457400,58.279249
4.457500,58.280614
4.457600,58.280648
4.457700,58.276390
4.457800,58.287468
4.457900,58.297062
4.458000,58.290673
4.458100,58.304581
4.458200,58.313845
4.458300,58.303598
4.458400,58.304168
4.458500,58.308153
4.458600,58.306021
4.458700,58.307225
4.458800,58.306413
4.458900,58.306595
4.459000,58.306618
4.459100,58.305870
4.459200,58.306593
4.459300,58.305856
4.459400,58.306919
4.459500,58.307395
4.459600,58.306839
4.459700,58.306984
4.459800,58.307234
4.459900,58.306591
4.460000,58.306821
4.460100,58.305877
4.460200,58.305767
4.460300,58.306165
4.460400,58.305914
4.460500,58.305188
4.460600,58.305288
4.460700,58.305472
4.460800,58.305657
4.460900,58.305821
4.461000,58.305839
4.461100,58.305529
4.461200,58.305299
4.461300,58.305200
4.461400,58.305285
4.461500,58.305722
4.461600,58.305499
4.461700,58.305436
4.461800,58.305470
4.461900,58.305307
4.462000,58.305067
4.462100,58.305301
4.462200,58.305301
4.462300,58.305132
4.462400,58.305020
4.462500,58.304726
4.462600,58.304737
4.462700,58.305041
4.462800,58.304521
4.462900,58.305142
4.463000,58.304579
4.463100,58.304358
4.463200,58.304662
4.463300,58.305187
4.463400,58.304563
4.463500,58.304242
4.463600,58.304335
4.463700,58.304733
4.463800,58.304055
4.463900,58.303832
4.464000,58.303528
4.464100,58.304323
4.464200,58.303455
4.464300,58.305173
4.464400,58.303407
4.464500,58.304602
4.464600,58.302641
4.464700,58.302770
4.464800,58.302705
4.464900,58.305091
4.465000,58.304527
4.465100,58.302605
4.465200,58.302178
4.465300,58.306015
4.465400,58.305254
4.465500,58.305505
4.465600,58.306800
4.465700,58.301299
4.465800,58.297909
4.465900,58.294577
4.466000,58.293834
4.466100,58.295946
4.466200,58.300896
4.466300,58.299960
4.466400,58.290355
4.466500,58.277976
4.466600,58.268243
4.466700,58.271223
4.466800,58.272685
4.466900,58.252759
4.467000,58.238591
4.467100,58.242468
4.467200,58.239331
4.467300,58.239921
4.467400,58.240416
4.467500,58.241069
4.467600,58.241003
4.467700,58.241104
4.467800,58.240819
4.467900,58.241733
4.468000,58.242290
4.468100,58.240753
4.468200,58.241309
4.468300,58.241091
4.468400,58.240914
4.468500,58.240477
4.468600,58.241345
4.468700,58.241284
4.468800,58.241070
4.468900,58.240594
4.469000,58.241205
4.469100,58.240593
4.469200,58.240559
4.469300,58.240496
4.469400,58.240271
4.469500,58.240183
4.469600,58.240026
4.469700,58.239967
4.469800,58.240021
4.469900,58.240029
4.470000,58.239592
4.470100,58.239444
4.470200,58.239721
4.470300,58.239952
4.470400,58.239712
4.470500,58.239935
4.470600,58.240038
4.470700,58.239756
4.470800,58.239448
4.470900,58.239729
4.471000,58.239234
4.471100,58.238946
4.471200,58.239072
4.471300,58.239007
4.471400,58.239141
4.471500,58.239088
4.471600,58.238978
4.471700,58.238978
4.471800,58.239059
4.471900,58.239424
4.472000,58.238548
4.472100,58.238711
4.472200,58.239360
4.472300,58.239065
4.472400,58.238824
4.472500,58.237696
4.472600,58.238533
4.472700,58.238537
4.472800,58.237429
4.472900,58.238474
4.473000,58.238412
4.473100,58.239314
4.473200,58.238513
4.473300,58.238086
4.473400,58.238498
4.473500,58.237977
4.473600,58.238686
4.473700,58.235668
4.473800,58.239297
4.473900,58.239867
4.474000,58.239535
4.474100,58.236655
4.474200,58.232128
4.474300,58.232849
4.474400,58.239764
4.474500,58.236438
4.474600,58.236684
4.474700,58.239238
4.474800,58.226306
4.474900,58.235289
4.475000,58.229465
4.475100,58.228520
4.475200,58.231314
4.475300,58.220806
4.475400,58.233572
4.475500,58.234378
4.475600,58.242166
4.475700,58.244865
4.475800,58.241808
4.475900,58.242458
4.476000,58.243337
4.476100,58.243263
4.476200,58.243489
4.476300,58.244806
4.476400,58.245030
4.476500,58.246788
4.476600,58.244886
4.476700,58.244545
4.476800,58.243879
4.476900,58.244665
4.477000,58.244836
4.477100,58.244307
4.477200,58.244382
4.477300,58.244331
4.477400,58.244386
4.477500,58.244331
4.477600,58.244209
4.477700,58.244483
4.477800,58.243983
4.477900,58.244009
4.478000,58.243871
4.478100,58.243396
4.478200,58.243674
4.478300,58.243365
4.478400,58.243453
4.478500,58.243858
4.478600,58.243792
4.478700,58.243497
4.478800,58.243779
4.478900,58.243584
4.479000,58.243847
4.479100,58.243252
4.479200,58.243427
4.479300,58.243128
4.479400,58.243213
4.479500,58.243275
4.479600,58.243246
4.479700,58.242964
4.479800,58.243050
4.479900,58.242499
4.480000,58.242819
4.480100,58.242759
4.480200,58.242584
4.480300,58.242832
4.480400,58.242453
4.480500,58.242301
4.480600,58.242342
4.480700,58.242817
4.480800,58.242496
4.480900,58.242724
4.481000,58.242460
4.481100,58.241892
4.481200,58.241482
4.481300,58.242374
4.481400,58.241878
4.481500,58.243520
4.481600,58.242731
4.481700,58.243668
4.481800,58.243336
4.481900,58.242776
4.482000,58.242952
4.482100,58.245478
4.482200,58.242967
4.482300,58.241722
4.482400,58.241169
4.482500,58.237242
4.482600,58.238757
4.482700,58.241168
4.482800,58.244586
4.482900,58.244272
4.483000,58.242341
4.483100,58.240550
4.483200,58.248112
4.483300,58.244688
4.483400,58.236398
4.483500,58.247002
4.483600,58.251267
4.483700,58.270199
4.483800,58.249024
4.483900,58.240852
4.484000,58.242179
4.484100,58.254410
4.484200,58.245473
4.484300,58.250245
4.484400,58.249108
4.484500,58.246497
4.484600,58.247593
4.484700,58.247778
4.484800,58.247539
4.484900,58.247395
4.485000,58.245984
4.485100,58.247084
4.485200,58.246491
4.485300,58.246197
4.485400,58.247368
4.485500,58.247995
4.485600,58.247909
4.485700,58.247486
4.485800,58.248132
4.485900,58.247887
4.486000,58.247213
4.486100,58.247261
4.486200,58.247337
4.486300,58.247320
4.486400,58.247537
4.486500,58.247243
4.486600,58.247167
4.486700,58.247136
4.486800,58.247282
4.486900,58.247116
4.487000,58.247259
4.487100,58.246741
4.487200,58.246663
4.487300,58.246452
4.487400,58.246214
4.487500,58.245937
4.487600,58.246050
4.487700,58.246437
4.487800,58.246468
4.487900,58.246307
4.488000,58.246619
4.488100,58.246193
4.488200,58.246086
4.488300,58.246365
4.488400,58.246309
4.488500,58.245786
4.488600,58.245749
4.488700,58.245893
4.488800,58.246347
4.488900,58.246125
4.489000,58.245588
4.489100,58.246245
4.489200,58.245197
4.489300,58.245634
4.489400,58.245523
4.489500,58.246621
4.489600,58.245868
4.489700,58.245186
4.489800,58.246105
4.489900,58.246348
4.490000,58.247122
4.490100,58.246301
4.490200,58.246861
4.490300,58.244958
4.490400,58.245327
4.490500,58.244085
4.490600,58.246026
4.490700,58.246271
4.490800,58.246929
4.490900,58.246952
4.491000,58.244517
4.491100,58.245056
4.491200,58.247762
4.491300,58.244980
4.491400,58.243107
4.491500,58.240652
4.491600,58.233736
4.491700,58.238320
4.491800,58.243518
4.491900,58.248456
4.492000,58.256370
4.492100,58.258497
4.492200,58.247235
4.492300,58.263495
4.492400,58.269108
4.492500,58.271085
4.492600,58.281974
4.492700,58.277019
4.492800,58.270646
4.492900,58.268458
4.493000,58.268446
4.493100,58.264447
4.493200,58.264413
4.493300,58.264410
4.493400,58.263535
4.493500,58.264205
4.493600,58.264214
4.493700,58.262402
4.493800,58.262888
4.493900,58.262803
4.494000,58.263135
4.494100,58.263443
4.494200,58.262486
4.494300,58.262877
4.494400,58.263809
4.494500,58.263059
4.494600,58.263097
4.494700,58.263318
4.494800,58.263215
4.494900,58.262737
4.495000,58.262857
4.495100,58.262529
4.495200,58.262830
4.495300,58.262791
4.495400,58.262677
4.495500,58.262664
4.495600,58.262339
4.495700,58.262482
4.495800,58.262468
4.495900,58.262660
4.496000,58.262535
4.496100,58.262244
4.496200,58.262300
4.496300,58.262190
4.496400,58.262038
4.496500,58.261622
4.496600,58.261567
4.496700,58.261488
4.496800,58.261233
4.496900,58.261486
4.497000,58.261425
4.497100,58.261500
4.497200,58.261688
4.497300,58.262051
4.497400,58.261845
4.497500,58.261707
4.497600,58.261306
4.497700,58.261287
4.497800,58.260690
4.497900,58.260414
4.498000,58.261552
4.498100,58.261405
4.498200,58.261429
4.498300,58.261540
4.498400,58.261428
4.498500,58.261206
4.498600,58.260578
4.498700,58.259820
4.498800,58.260057
4.498900,58.261009
4.499000,58.260708
4.499100,58.260448
4.499200,58.259361
4.499300,58.259319
4.499400,58.261400
4.499500,58.261890
4.499600,58.258190
4.499700,58.258721
4.499800,58.261920
4.499900,58.262051
4.500000,58.262583
4.500100,58.259648
4.500200,58.262458
4.500300,58.262432
4.500400,58.261380
4.500500,58.271513
4.500600,58.272235
4.500700,58.255604
4.500800,58.237412
4.500900,58.219691
4.501000,58.204377
4.501100,58.220775
4.501200,58.225233
4.501300,58.219265
4.501400,58.206761
4.501500,58.207770
4.501600,58.210493
4.501700,58.211943
4.501800,58.212382
4.501900,58.212346
4.502000,58.212587
4.502100,58.211461
4.502200,58.211163
4.502300,58.210432
4.502400,58.210326
4.502500,58.211536
4.502600,58.211907
4.502700,58.211552
4.502800,58.211774
4.502900,58.211435
4.503000,58.211815
4.503100,58.211776
4.503200,58.212083
4.503300,58.211543
4.503400,58.211066
4.503500,58.211190
4.503600,58.211704
4.503700,58.210957
4.503800,58.211109
4.503900,58.211056
4.504000,58.211196
4.504100,58.210821
4.504200,58.211241
4.504300,58.210746
4.504400,58.210863
4.504500,58.210868
4.504600,58.210646
4.504700,58.210741
4.504800,58.210482
4.504900,58.210505
4.505000,58.210420
4.505100,58.210782
4.505200,58.210382
4.505300,58.210383
4.505400,58.210196
4.505500,58.210300
4.505600,58.209868
4.505700,58.210186
4.505800,58.210113
4.505900,58.210562
4.506000,58.210359
4.506100,58.210682
4.506200,58.210026
4.506300,58.209180
4.506400,58.209359
4.506500,58.209028
4.506600,58.209623
4.506700,58.208845
4.506800,58.209027
4.506900,58.209696
4.507000,58.209041
4.507100,58.210041
4.507200,58.209565
4.507300,58.209446
4.507400,58.207935
4.507500,58.208046
4.507600,58.208859
4.507700,58.209230
4.507800,58.210116
4.507900,58.209347
4.508000,58.209862
4.508100,58.212095
4.508200,58.211292
4.508300,58.212817
4.508400,58.211169
4.508500,58.206998
4.508600,58.212236
4.508700,58.205262
4.508800,58.204116
4.508900,58.212146
4.509000,58.211964
4.509100,58.221154
4.509200,58.233194
4.509300,58.239048
4.509400,58.249343
4.509500,58.246038
4.509600,58.230713
4.509700,58.222690
4.509800,58.243915
4.509900,58.240889
4.510000,58.246893
4.510100,58.244078
4.510200,58.247626
4.510300,58.248009
4.510400,58.247459
4.510500,58.247215
4.510600,58.247559
4.510700,58.246225
4.510800,58.246207
4.510900,58.247795
4.511000,58.247994
4.511100,58.247375
4.511200,58.247671
4.511300,58.248805
4.511400,58.247679
4.511500,58.247286
4.511600,58.247494
4.511700,58.247601
4.511800,58.246931
4.511900,58.246830
4.512000,58.246799
4.512100,58.247103
4.512200,58.246909
4.512300,58.247084
4.512400,58.247277
4.512500,58.247380
4.512600,58.246697
4.512700,58.246850
4.512800,58.246999
4.512900,58.246959
4.513000,58.246860
4.513100,58.246456
4.513200,58.246479
4.513300,58.246468
4.513400,58.246070
4.513500,58.246125
4.513600,58.245695
4.513700,58.245867
4.513800,58.246046
4.513900,58.246424
4.514000,58.246292
4.514100,58.246142
4.514200,58.245954
4.514300,58.246378
4.514400,58.246289
4.514500,58.246242
4.514600,58.246026
4.514700,58.245884
4.514800,58.245964
4.514900,58.245531
4.515000,58.245171
4.515100,58.245244
4.515200,58.245022
4.515300,58.245671
4.515400,58.245055
4.515500,58.245235
4.515600,58.246128
4.515700,58.244578
4.515800,58.244779
4.515900,58.244407
4.516000,58.244454
4.516100,58.245091
4.516200,58.246518
4.516300,58.246253
4.516400,58.245836
4.516500,58.246407
4.516600,58.244187
4.516700,58.245762
4.516800,58.245609
4.516900,58.247640
4.517000,58.247531
4.517100,58.246368
4.517200,58.244626
4.517300,58.240604
4.517400,58.242756
4.517500,58.251932
4.517600,58.242433
4.517700,58.245871
4.517800,58.259010
4.517900,58.256144
4.518000,58.273897
4.518100,58.255197
4.518200,58.256399
4.518300,58.232374
4.518400,58.236719
4.518500,58.248614
4.518600,58.255702
4.518700,58.256705
4.518800,58.260537
4.518900,58.257368
4.519000,58.257948
4.519100,58.258102
4.519200,58.258791
4.519300,58.258879
4.519400,58.257900
4.519500,58.256631
4.519600,58.257361
4.519700,58.257695
4.519800,58.257978
4.519900,58.258005
4.520000,58.258827
4.520100,58.258997
4.520200,58.258149
4.520300,58.257797
4.520400,58.257781
4.520500,58.257608
4.520600,58.257289
4.520700,58.257515
4.520800,58.256788
4.520900,58.256924
4.521000,58.257175
4.521100,58.257003
4.521200,58.257084
4.521300,58.257265
4.521400,58.257193
4.521500,58.257358
4.521600,58.257014
4.521700,58.256944
4.521800,58.256733
4.521900,58.257107
4.522000,58.256853
4.522100,58.256654
4.522200,58.256293
4.522300,58.256699
4.522400,58.256657
4.522500,58.256612
4.522600,58.256494
4.522700,58.256478
4.522800,58.256048
4.522900,58.256109
4.523000,58.256450
4.523100,58.257174
4.523200,58.256753
4.523300,58.256394
4.523400,58.256691
4.523500,58.256108
4.523600,58.255199
4.523700,58.255139
4.523800,58.256320
4.523900,58.255867
4.524000,58.255702
4.524100,58.255369
4.524200,58.254908
4.524300,58.256323
4.524400,58.256380
4.524500,58.256180
4.524600,58.255146
4.524700,58.254594
4.524800,58.255950
4.524900,58.254634
4.525000,58.256319
4.525100,58.253475
4.525200,58.254082
4.525300,58.256806
4.525400,58.253414
4.525500,58.252088
4.525600,58.257106
4.525700,58.252538
4.525800,58.251578
4.525900,58.254493
4.526000,58.252184
4.526100,58.248571
4.526200,58.249844
4.526300,58.258845
4.526400,58.258655
4.526500,58.255623
4.526600,58.243563
4.526700,58.256265
4.526800,58.252451
4.526900,58.250322
4.527000,58.241159
4.527100,58.231812
4.527200,58.235372
4.527300,58.244007
4.527400,58.239638
4.527500,58.239874
4.527600,58.240042
4.527700,58.240347
4.527800,58.240115
4.527900,58.238809
4.528000,58.237373
4.528100,58.238356
4.528200,58.238889
4.528300,58.239348
4.528400,58.239112
4.528500,58.238115
4.528600,58.238518
4.528700,58.239466
4.528800,58.239071
4.528900,58.238615
4.529000,58.239100
4.529100,58.238623
4.529200,58.238293
4.529300,58.238251
4.529400,58.238454
4.529500,58.238261
4.529600,58.238075
4.529700,58.238260
4.529800,58.237900
4.529900,58.238277
4.530000,58.238060
4.530100,58.237941
4.530200,58.238175
4.530300,58.237873
4.530400,58.237670
4.530500,58.237682
4.530600,58.237990
4.530700,58.237830
4.530800,58.237768
4.530900,58.237756
4.531000,58.237497
4.531100,58.237397
4.531200,58.237339
4.531300,58.237303
4.531400,58.237971
4.531500,58.237531
4.531600,58.237290
4.531700,58.237375
4.531800,58.236601
4.531900,58.237039
4.532000,58.237130
4.532100,58.236917
4.532200,58.237900
4.532300,58.237274
4.532400,58.236165
4.532500,58.236686
4.532600,58.237700
4.532700,58.237248
4.532800,58.236719
4.532900,58.237286
4.533000,58.236275
4.533100,58.235932
4.533200,58.235788
4.533300,58.236441
4.533400,58.237322
4.533500,58.236116
4.533600,58.236931
4.533700,58.236244
4.533800,58.235908
4.533900,58.236004
4.534000,58.239444
4.534100,58.237546
4.534200,58.236695
4.534300,58.236435
4.534400,58.235368
4.534500,58.233147
4.534600,58.231121
4.534700,58.233746
4.534800,58.222689
4.534900,58.230620
4.535000,58.236662
4.535100,58.239782
4.535200,58.222329
4.535300,58.219787
4.535400,58.216075
4.535500,58.207223
4.535600,58.217158
4.535700,58.220422
4.535800,58.228629
4.535900,58.228343
4.536000,58.228366
4.536100,58.227035
4.536200,58.227375
4.536300,58.227773
4.536400,58.228135
4.536500,58.227889
4.536600,58.229453
4.536700,58.228617
4.536800,58.227880
4.536900,58.227165
4.537000,58.226917
4.537100,58.227133
4.537200,58.226620
4.537300,58.226111
4.537400,58.226460
4.537500,58.227306
4.537600,58.226846
4.537700,58.226846
4.537800,58.226781
4.537900,58.226931
4.538000,58.226392
4.538100,58.226556
4.538200,58.226500
4.538300,58.226739
4.538400,58.226725
4.538500,58.226503
4.538600,58.226659
4.538700,58.226602
4.538800,58.226701
4.538900,58.226079
4.539000,58.226234
4.539100,58.226132
4.539200,58.226485
4.539300,58.226307
4.539400,58.226334
4.539500,58.226132
4.539600,58.226485
4.539700,58.226137
4.539800,58.226025
4.539900,58.226154
4.540000,58.226334
4.540100,58.225974
4.540200,58.225563
4.540300,58.225454
4.540400,58.224730
4.540500,58.225641
4.540600,58.225254
4.540700,58.225694
4.540800,58.225784
4.540900,58.225709
4.541000,58.225599
4.541100,58.225782
4.541200,58.225112
4.541300,58.225276
4.541400,58.225494
4.541500,58.225698
4.541600,58.225759
4.541700,58.223903
4.541800,58.223835
4.541900,58.224997
4.542000,58.225353
4.542100,58.225411
4.542200,58.224479
4.542300,58.225562
4.542400,58.225459
4.542500,58.223869
4.542600,58.224378
4.542700,58.222675
4.542800,58.217848
4.542900,58.224297
4.543000,58.227190
4.543100,58.233086
4.543200,58.228397
4.543300,58.234049
4.543400,58.235345
4.543500,58.247593
4.543600,58.244835
4.543700,58.237841
4.543800,58.232198
4.543900,58.226709
4.544000,58.231601
4.544100,58.229284
4.544200,58.232331
4.544300,58.234872
4.544400,58.243833
4.544500,58.241924
4.544600,58.246316
4.544700,58.245296
4.544800,58.244835
4.544900,58.244174
4.545000,58.243996
4.545100,58.245636
4.545200,58.245238
4.545300,58.245834
4.545400,58.244126
4.545500,58.242938
4.545600,58.243874
4.545700,58.243298
4.545800,58.243630
4.545900,58.243928
4.546000,58.244007
4.546100,58.244089
4.546200,58.243794
4.546300,58.243646
4.546400,58.243536
4.546500,58.243048
4.546600,58.242695
4.546700,58.243086
4.546800,58.242893
4.546900,58.242511
4.547000,58.243035
4.547100,58.243013
4.547200,58.242806
4.547300,58.242873
4.547400,58.243174
4.547500,58.242673
4.547600,58.243004
4.547700,58.243382
4.547800,58.243055
4.547900,58.242909
4.548000,58.242873
4.548100,58.242726
4.548200,58.242880
4.548300,58.242582
4.548400,58.242912
4.548500,58.242434
4.548600,58.242816
4.548700,58.242535
4.548800,58.242425
4.548900,58.242819
4.549000,58.242435
4.549100,58.242000
4.549200,58.242117
4.549300,58.242040
4.549400,58.241721
4.549500,58.241549
4.549600,58.242422
4.549700,58.241983
4.549800,58.241028
4.549900,58.242477
4.550000,58.242593
4.550100,58.242409
4.550200,58.241823
4.550300,58.240802
4.550400,58.242438
4.550500,58.241376
4.550600,58.241233
4.550700,58.242447
4.550800,58.241298
4.550900,58.239108
4.551000,58.239676
4.551100,58.239864
4.551200,58.240459
4.551300,58.239516
4.551400,58.239871
4.551500,58.239781
4.551600,58.234633
4.551700,58.241508
4.551800,58.238835
4.551900,58.232950
4.552000,58.225537
4.552100,58.232299
4.552200,58.217309
4.552300,58.231288
4.552400,58.245662
4.552500,58.258280
4.552600,58.250862
4.552700,58.244387
4.552800,58.227749
4.552900,58.236647
4.553000,58.236447
4.553100,58.228813
4.553200,58.226627
4.553300,58.227887
4.553400,58.227944
4.553500,58.228395
4.553600,58.227639
4.553700,58.228224
4.553800,58.229035
4.553900,58.227136
4.554000,58.227278
4.554100,58.227444
4.554200,58.226798
4.554300,58.226932
4.554400,58.226600
4.554500,58.225951
4.554600,58.226489
4.554700,58.227011
4.554800,58.226833
4.554900,58.226692
4.555000,58.226744
4.555100,58.226410
4.555200,58.226329
4.555300,58.226392
4.555400,58.225985
4.555500,58.226081
4.555600,58.226396
4.555700,58.226389
4.555800,58.226296
4.555900,58.226266
4.556000,58.226250
4.556100,58.226159
4.556200,58.225947
4.556300,58.226116
4.556400,58.225833
4.556500,58.225693
4.556600,58.225536
4.556700,58.225447
4.556800,58.225254
4.556900,58.225288
4.557000,58.225878
4.557100,58.225909
4.557200,58.225277
4.557300,58.225080
4.557400,58.225310
4.557500,58.225299
4.557600,58.225083
4.557700,58.224999
4.557800,58.224943
4.557900,58.225025
4.558000,58.224654
4.558100,58.224259
4.558200,58.225303
4.558300,58.226153
4.558400,58.225902
4.558500,58.225910
4.558600,58.226293
4.558700,58.225688
4.558800,58.224049
4.558900,58.223177
4.559000,58.223250
4.559100,58.222429
4.559200,58.223641
4.559300,58.225324
4.559400,58.224403
4.559500,58.226442
4.559600,58.229240
4.559700,58.229027
4.559800,58.227155
4.559900,58.224688
4.560000,58.225514
4.560100,58.226712
4.560200,58.230293
4.560300,58.222699
4.560400,58.217484
4.560500,58.217516
4.560600,58.228756
4.560700,58.221911
4.560800,58.207862
4.560900,58.222104
4.561000,58.212273
4.561100,58.208605
4.561200,58.205951
4.561300,58.216242
4.561400,58.198727
4.561500,58.202948
4.561600,58.201212
4.561700,58.200147
4.561800,58.202201
4.561900,58.201568
4.562000,58.201452
4.562100,58.200706
4.562200,58.201330
4.562300,58.200425
4.562400,58.199694
4.562500,58.200739
4.562600,58.200752
4.562700,58.199737
4.562800,58.199934
4.562900,58.200995
4.563000,58.200325
4.563100,58.200546
4.563200,58.200130
4.563300,58.199966
4.563400,58.200354
4.563500,58.200236
4.563600,58.200515
4.563700,58.200799
4.563800,58.200111
4.563900,58.200019
4.564000,58.199797
4.564100,58.199922
4.564200,58.199916
4.564300,58.199683
4.564400,58.200114
4.564500,58.199988
4.564600,58.199721
4.564700,58.199710
4.564800,58.199485
4.564900,58.199290
4.565000,58.199374
4.565100,58.199456
4.565200,58.199111
4.565300,58.199127
4.565400,58.199091
4.565500,58.199021
4.565600,58.198842
4.565700,58.198462
4.565800,58.198470
4.565900,58.199128
4.566000,58.198780
4.566100,58.199144
4.566200,58.199063
4.566300,58.198680
4.566400,58.199176
4.566500,58.198519
4.566600,58.198006
4.566700,58.198296
4.566800,58.197991
4.566900,58.198156
4.567000,58.197821
4.567100,58.198100
4.567200,58.198397
4.567300,58.197174
4.567400,58.198830
4.567500,58.198523
4.567600,58.198702
4.567700,58.198577
4.567800,58.200823
4.567900,58.199458
4.568000,58.197353
4.568100,58.196705
4.568200,58.197720
4.568300,58.199457
4.568400,58.202817
4.568500,58.200447
4.568600,58.200443
4.568700,58.196876
4.568800,58.198836
4.568900,58.202900
4.569000,58.207108
4.569100,58.202334
4.569200,58.193562
4.569300,58.180849
4.569400,58.167073
4.569500,58.183612
4.569600,58.182570
4.569700,58.197624
4.569800,58.203146
4.569900,58.190096
4.570000,58.185483
4.570100,58.188889
4.570200,58.190081
4.570300,58.192756
4.570400,58.194509
4.570500,58.195096
4.570600,58.195083
4.570700,58.195294
4.570800,58.194520
4.570900,58.194490
4.571000,58.194979
4.571100,58.193914
4.571200,58.195387
4.571300,58.196274
4.571400,58.195953
4.571500,58.196013
4.571600,58.195434
4.571700,58.195229
4.571800,58.195246
4.571900,58.194773
4.572000,58.194883
4.572100,58.195239
4.572200,58.194888
4.572300,58.195299
4.572400,58.194945
4.572500,58.194315
4.572600,58.194719
4.572700,58.194658
4.572800,58.194617
4.572900,58.194881
4.573000,58.194523
4.573100,58.194366
4.573200,58.194549
4.573300,58.194516
4.573400,58.194007
4.573500,58.193868
4.573600,58.193806
4.573700,58.193782
4.573800,58.193727
4.573900,58.194022
4.574000,58.193932
4.574100,58.193837
4.574200,58.193885
4.574300,58.193598
4.574400,58.193655
4.574500,58.193882
4.574600,58.193100
4.574700,58.193412
4.574800,58.193982
4.574900,58.193226
4.575000,58.194015
4.575100,58.193848
4.575200,58.193017
4.575300,58.193316
4.575400,58.194199
4.575500,58.192950
4.575600,58.192934
4.575700,58.193147
4.575800,58.192397
4.575900,58.193821
4.576000,58.194194
4.576100,58.192995
4.576200,58.193139
4.576300,58.194024
4.576400,58.192654
4.576500,58.192930
4.576600,58.195380
4.576700,58.195036
4.576800,58.194411
4.576900,58.196761
4.577000,58.195992
4.577100,58.196475
4.577200,58.192395
4.577300,58.192461
4.577400,58.198485
4.577500,58.201175
4.577600,58.193762
4.577700,58.188289
4.577800,58.187789
4.577900,58.188918
4.578000,58.201750
4.578100,58.211227
4.578200,58.221986
4.578300,58.202809
4.578400,58.205908
4.578500,58.227209
4.578600,58.230094
4.578700,58.230846
4.578800,58.228479
4.578900,58.224845
4.579000,58.224043
4.579100,58.223233
4.579200,58.223202
4.579300,58.222234
4.579400,58.222768
4.579500,58.222180
4.579600,58.221720
4.579700,58.222015
4.579800,58.222153
4.579900,58.222061
4.580000,58.222486
4.580100,58.221795
4.580200,58.221402
4.580300,58.221421
4.580400,58.221420
4.580500,58.221791
4.580600,58.221329
4.580700,58.221936
4.580800,58.221893
4.580900,58.221773
4.581000,58.221465
4.581100,58.221836
4.581200,58.221357
4.581300,58.221316
4.581400,58.221370
4.581500,58.220966
4.581600,58.221048
4.581700,58.220807
4.581800,58.221033
4.581900,58.220551
4.582000,58.221118
4.582100,58.220621
4.582200,58.220847
4.582300,58.220563
4.582400,58.220554
4.582500,58.220312
4.582600,58.220519
4.582700,58.220441
4.582800,58.220744
4.582900,58.220716
4.583000,58.220623
4.583100,58.220521
4.583200,58.220673
4.583300,58.220103
4.583400,58.220267
4.583500,58.220084
4.583600,58.219842
4.583700,58.219923
4.583800,58.220159
4.583900,58.219552
4.584000,58.220348
4.584100,58.219655
4.584200,58.220119
4.584300,58.220348
4.584400,58.220726
4.584500,58.220688
4.584600,58.219222
4.584700,58.219450
4.584800,58.217199
4.584900,58.216967
4.585000,58.219561
4.585100,58.221675
4.585200,58.220724
4.585300,58.219936
4.585400,58.219753
4.585500,58.220432
4.585600,58.222936
4.585700,58.220270
4.585800,58.220169
4.585900,58.219631
4.586000,58.216804
4.586100,58.215919
4.586200,58.216500
4.586300,58.213620
4.586400,58.203106
4.586500,58.215831
4.586600,58.226260
4.586700,58.227436
4.586800,58.233250
4.586900,58.225216
4.587000,58.212109
4.587100,58.228242
4.587200,58.244690
4.587300,58.230933
4.587400,58.223666
4.587500,58.224838
4.587600,58.222466
4.587700,58.221390
4.587800,58.221127
4.587900,58.221561
4.588000,58.221345
4.588100,58.220084
4.588200,58.218275
4.588300,58.218778
4.588400,58.218398
4.588500,58.219072
4.588600,58.218901
4.588700,58.217783
4.588800,58.217514
4.588900,58.217161
4.589000,58.217555
4.589100,58.218215
4.589200,58.217946
4.589300,58.217539
4.589400,58.217251
4.589500,58.217729
4.589600,58.217551
4.589700,58.217618
4.589800,58.217483
4.589900,58.217373
4.590000,58.216860
4.590100,58.216837
4.590200,58.217074
4.590300,58.217329
4.590400,58.217216
4.590500,58.216955
4.590600,58.216763
4.590700,58.217110
4.590800,58.216837
4.590900,58.217192
4.591000,58.216799
4.591100,58.216716
4.591200,58.216605
4.591300,58.216672
4.591400,58.216269
4.591500,58.216345
4.591600,58.216247
4.591700,58.216393
4.591800,58.216167
4.591900,58.216062
4.592000,58.216060
4.592100,58.215914
4.592200,58.216393
4.592300,58.216646
4.592400,58.216165
4.592500,58.216003
4.592600,58.215462
4.592700,58.215433
4.592800,58.215494
4.592900,58.216942
4.593000,58.215819
4.593100,58.215499
4.593200,58.216752
4.593300,58.216071
4.593400,58.215874
4.593500,58.216421
4.593600,58.215205
4.593700,58.216480
4.593800,58.214534
4.593900,58.214640
4.594000,58.214711
4.594100,58.213420
4.594200,58.215146
4.594300,58.213313
4.594400,58.217421
4.594500,58.213911
4.594600,58.211883
4.594700,58.218117
4.594800,58.219751
4.594900,58.213690
4.595000,58.206663
4.595100,58.201588
4.595200,58.207803
4.595300,58.206857
4.595400,58.216329
4.595500,58.199673
4.595600,58.188782
4.595700,58.180212
4.595800,58.186137
4.595900,58.199756
4.596000,58.195996
4.596100,58.198616
4.596200,58.195446
4.596300,58.195101
4.596400,58.195062
4.596500,58.195270
4.596600,58.195503
4.596700,58.193692
4.596800,58.194135
4.596900,58.195375
4.597000,58.194544
4.597100,58.194153
4.597200,58.194473
4.597300,58.193914
4.597400,58.194323
4.597500,58.194203
4.597600,58.194028
4.597700,58.193549
4.597800,58.193694
4.597900,58.193246
4.598000,58.192879
4.598100,58.193188
4.598200,58.193879
4.598300,58.194339
4.598400,58.193835
4.598500,58.193456
4.598600,58.193810
4.598700,58.193628
4.598800,58.193615
4.598900,58.193359
4.599000,58.192662
4.599100,58.192941
4.599200,58.192887
4.599300,58.192722
4.599400,58.192672
4.599500,58.193028
4.599600,58.193426
4.599700,58.192927
4.599800,58.193107
4.599900,58.193038
4.600000,58.192894
4.600100,58.193038
4.600200,58.192660
4.600300,58.192748
4.600400,58.192471
4.600500,58.192611
4.600600,58.192727
4.600700,58.192341
4.600800,58.192244
4.600900,58.193318
4.601000,58.193205
4.601100,58.192503
4.601200,58.192308
4.601300,58.191824
4.601400,58.192002
4.601500,58.192350
4.601600,58.192520
4.601700,58.191521
4.601800,58.190953
4.601900,58.193011
4.602000,58.193403
4.602100,58.191128
4.602200,58.191828
4.602300,58.192627
4.602400,58.193910
4.602500,58.191266
4.602600,58.194024
4.602700,58.192048
4.602800,58.191068
4.602900,58.189268
4.603000,58.187321
4.603100,58.187847
4.603200,58.194992
4.603300,58.192790
4.603400,58.199685
4.603500,58.198435
4.603600,58.203951
4.603700,58.207010
4.603800,58.211151
4.603900,58.202257
4.604000,58.191201
4.604100,58.193312
4.604200,58.195416
4.604300,58.188837
4.604400,58.202264
4.604500,58.194629
4.604600,58.195197
4.604700,58.200108
4.604800,58.200426
4.604900,58.199331
4.605000,58.199437
4.605100,58.198267
4.605200,58.197641
4.605300,58.198546
4.605400,58.197433
4.605500,58.197944
4.605600,58.196930
4.605700,58.197285
4.605800,58.197976
4.605900,58.197256
4.606000,58.197046
4.606100,58.196926
4.606200,58.196675
4.606300,58.197173
4.606400,58.197155
4.606500,58.197140
4.606600,58.197220
4.606700,58.196629
4.606800,58.197163
4.606900,58.196881
4.607000,58.197141
4.607100,58.196411
4.607200,58.196338
4.607300,58.196510
4.607400,58.196649
4.607500,58.195947
4.607600,58.196473
4.607700,58.196524
4.607800,58.196491
4.607900,58.195768
4.608000,58.195951
4.608100,58.195805
4.608200,58.195690
4.608300,58.195844
4.608400,58.195612
4.608500,58.196115
4.608600,58.195648
4.608700,58.195478
4.608800,58.195330
4.608900,58.195670
4.609000,58.195888
4.609100,58.195432
4.609200,58.195729
4.609300,58.195527
4.609400,58.195468
4.609500,58.195513
4.609600,58.195642
4.609700,58.195553
4.609800,58.194774
4.609900,58.195242
4.610000,58.194737
4.610100,58.194602
4.610200,58.196221
4.610300,58.196296
4.610400,58.194715
4.610500,58.194770
4.610600,58.194480
4.610700,58.194474
4.610800,58.194848
4.610900,58.193937
4.611000,58.196073
4.611100,58.196219
4.611200,58.197999
4.611300,58.197646
4.611400,58.198616
4.611500,58.197149
4.611600,58.195498
4.611700,58.192368
4.611800,58.193573
4.611900,58.197322
4.612000,58.189204
4.612100,58.187216
4.612200,58.185773
4.612300,58.183727
4.612400,58.201365
4.612500,58.216146
4.612600,58.237379
4.612700,58.258893
4.612800,58.237844
4.612900,58.224535
4.613000,58.225265
4.613100,58.223799
4.613200,58.224716
4.613300,58.226481
4.613400,58.226527
4.613500,58.226391
4.613600,58.226367
4.613700,58.226402
4.613800,58.226954
4.613900,58.226735
4.614000,58.225973
4.614100,58.226398
4.614200,58.225755
4.614300,58.226346
4.614400,58.226098
4.614500,58.226295
4.614600,58.226159
4.614700,58.225764
4.614800,58.225429
4.614900,58.225736
4.615000,58.224919
4.615100,58.225099
4.615200,58.224629
4.615300,58.224761
4.615400,58.225317
4.615500,58.225178
4.615600,58.224688
4.615700,58.224724
4.615800,58.224414
4.615900,58.224805
4.616000,58.224893
4.616100,58.224839
4.616200,58.224465
4.616300,58.224504
4.616400,58.224735
4.616500,58.224925
4.616600,58.224440
4.616700,58.224429
4.616800,58.224462
4.616900,58.224071
4.617000,58.224124
4.617100,58.224188
4.617200,58.224188
4.617300,58.224010
4.617400,58.224428
4.617500,58.223844
4.617600,58.224205
4.617700,58.223713
4.617800,58.223539
4.617900,58.224137
4.618000,58.223176
4.618100,58.224249
4.618200,58.223974
4.618300,58.224055
4.618400,58.223478
4.618500,58.224168
4.618600,58.223498
4.618700,58.223519
4.618800,58.223330
4.618900,58.224136
4.619000,58.223734
4.619100,58.222765
4.619200,58.221143
4.619300,58.221713
4.619400,58.222249
4.619500,58.221177
4.619600,58.220496
4.619700,58.222206
4.619800,58.222523
4.619900,58.223147
4.620000,58.223028
4.620100,58.225153
4.620200,58.227216
4.620300,58.227807
4.620400,58.228210
4.620500,58.221768
4.620600,58.221329
4.620700,58.208922
4.620800,58.215779
4.620900,58.204907
4.621000,58.198167
4.621100,58.214813
4.621200,58.192669
4.621300,58.176111
4.621400,58.192661
4.621500,58.178920
4.621600,58.174019
4.621700,58.177033
4.621800,58.185031
4.621900,58.184620
4.622000,58.184685
4.622100,58.184558
4.622200,58.184701
4.622300,58.185133
4.622400,58.184879
4.622500,58.183821
4.622600,58.184037
4.622700,58.184832
4.622800,58.185421
4.622900,58.185864
4.623000,58.185189
4.623100,58.185864
4.623200,58.185241
4.623300,58.185461
4.623400,58.186134
4.623500,58.185704
4.623600,58.185499
4.623700,58.184966
4.623800,58.184637
4.623900,58.184417
4.624000,58.184583
4.624100,58.184808
4.624200,58.184513
4.624300,58.184844
4.624400,58.184835
4.624500,58.184279
4.624600,58.184793
4.624700,58.184642
4.624800,58.184543
4.624900,58.184449
4.625000,58.184654
4.625100,58.184583
4.625200,58.184022
4.625300,58.183848
4.625400,58.184068
4.625500,58.183860
4.625600,58.183497
4.625700,58.183807
4.625800,58.183986
4.625900,58.184461
4.626000,58.184081
4.626100,58.183695
4.626200,58.183509
4.626300,58.183782
4.626400,58.183859
4.626500,58.183238
4.626600,58.183572
4.626700,58.182969
4.626800,58.182904
4.626900,58.182761
4.627000,58.183268
4.627100,58.182539
4.627200,58.182628
4.627300,58.181921
4.627400,58.182361
4.627500,58.184038
4.627600,58.182310
4.627700,58.184363
4.627800,58.183910
4.627900,58.184237
4.628000,58.182208
4.628100,58.182200
4.628200,58.182139
4.628300,58.183511
4.628400,58.181919
4.628500,58.184616
4.628600,58.183376
4.628700,58.178688
4.628800,58.176051
4.628900,58.182648
4.629000,58.181780
4.629100,58.184773
4.629200,58.188846
4.629300,58.192940
4.629400,58.200752
4.629500,58.213073
4.629600,58.198923
4.629700,58.194166
4.629800,58.181716
4.629900,58.199968
4.630000,58.182024
4.630100,58.175845
4.630200,58.162845
4.630300,58.171420
4.630400,58.179437
4.630500,58.185268
4.630600,58.182775
4.630700,58.181758
4.630800,58.181650
4.630900,58.180802
4.631000,58.180381
4.631100,58.180796
4.631200,58.180076
4.631300,58.180781
4.631400,58.181749
4.631500,58.181593
4.631600,58.181681
4.631700,58.181775
4.631800,58.181963
4.631900,58.181299
4.632000,58.180704
4.632100,58.180823
4.632200,58.181107
4.632300,58.180637
4.632400,58.180451
4.632500,58.180737
4.632600,58.180013
4.632700,58.179661
4.632800,58.180209
4.632900,58.180343
4.633000,58.180256
4.633100,58.180120
4.633200,58.180179
4.633300,58.180269
4.633400,58.180502
4.633500,58.180337
4.633600,58.180103
4.633700,58.180374
4.633800,58.180322
4.633900,58.180010
4.634000,58.179814
4.634100,58.179668
4.634200,58.179386
4.634300,58.179422
4.634400,58.179708
4.634500,58.179357
4.634600,58.179733
4.634700,58.179779
4.634800,58.179454
4.634900,58.179309
4.635000,58.179293
4.635100,58.179219
4.635200,58.178767
4.635300,58.179252
4.635400,58.179238
4.635500,58.179067
4.635600,58.179065
4.635700,58.178706
4.635800,58.179343
4.635900,58.178896
4.636000,58.180114
4.636100,58.179044
4.636200,58.179337
4.636300,58.179721
4.636400,58.179011
4.636500,58.179409
4.636600,58.177229
4.636700,58.177066
4.636800,58.176512
4.636900,58.175231
4.637000,58.176425
4.637100,58.176557
4.637200,58.179367
4.637300,58.174261
4.637400,58.177517
4.637500,58.175776
4.637600,58.179881
4.637700,58.173287
4.637800,58.182072
4.637900,58.187901
4.638000,58.180931
4.638100,58.185088
4.638200,58.185902
4.638300,58.184410
4.638400,58.185659
4.638500,58.169421
4.638600,58.169934
4.638700,58.179583
4.638800,58.174490
4.638900,58.174360
4.639000,58.178053
4.639100,58.179919
4.639200,58.178996
4.639300,58.178928
4.639400,58.178769
4.639500,58.178557
4.639600,58.179488
4.639700,58.180204
4.639800,58.180455
4.639900,58.180243
4.640000,58.180176
4.640100,58.179780
4.640200,58.179240
4.640300,58.179621
4.640400,58.179559
4.640500,58.179061
4.640600,58.179238
4.640700,58.178873
4.640800,58.178821
4.640900,58.179031
4.641000,58.178324
4.641100,58.178745
4.641200,58.178775
4.641300,58.179022
4.641400,58.178945
4.641500,58.178528
4.641600,58.178603
4.641700,58.177944
4.641800,58.178232
4.641900,58.178335
4.642000,58.178507
4.642100,58.178417
4.642200,58.177896
4.642300,58.177736
4.642400,58.178076
4.642500,58.178304
4.642600,58.177899
4.642700,58.177737
4.642800,58.177344
4.642900,58.177687
4.643000,58.177583
4.643100,58.177535
4.643200,58.177590
4.643300,58.177430
4.643400,58.176668
4.643500,58.177390
4.643600,58.177728
4.643700,58.178117
4.643800,58.177580
4.643900,58.177171
4.644000,58.177364
4.644100,58.177585
4.644200,58.176720
4.644300,58.177321
4.644400,58.176661
4.644500,58.176678
4.644600,58.176605
4.644700,58.177406
4.644800,58.176740
4.644900,58.177747
4.645000,58.176008
4.645100,58.178396
4.645200,58.177795
4.645300,58.177655
4.645400,58.177500
4.645500,58.176599
4.645600,58.174486
4.645700,58.175778
4.645800,58.176838
4.645900,58.173994
4.646000,58.179715
4.646100,58.175533
4.646200,58.178783
4.646300,58.177725
4.646400,58.183404
4.646500,58.180716
4.646600,58.178850
4.646700,58.186840
4.646800,58.177723
4.646900,58.171707
4.647000,58.182604
4.647100,58.171652
4.647200,58.189334
4.647300,58.201738
4.647400,58.212960
4.647500,58.202734
4.647600,58.197300
4.647700,58.198301
4.647800,58.197995
4.647900,58.198007
4.648000,58.198084
4.648100,58.198415
4.648200,58.197941
4.648300,58.198509
4.648400,58.198682
4.648500,58.197569
4.648600,58.197826
4.648700,58.198509
4.648800,58.197772
4.648900,58.197710
4.649000,58.197702
4.649100,58.197739
4.649200,58.197698
4.649300,58.197825
4.649400,58.197723
4.649500,58.197490
4.649600,58.196860
4.649700,58.196849
4.649800,58.197361
4.649900,58.197470
4.650000,58.197151
4.650100,58.197155
4.650200,58.196975
4.650300,58.197381
4.650400,58.197083
4.650500,58.196849
4.650600,58.196826
4.650700,58.197300
4.650800,58.196758
4.650900,58.196816
4.651000,58.196798
4.651100,58.197013
4.651200,58.196944
4.651300,58.196754
4.651400,58.196722
4.651500,58.196431
4.651600,58.196251
4.651700,58.196500
4.651800,58.196235
4.651900,58.196087
4.652000,58.196566
4.652100,58.195602
4.652200,58.195560
4.652300,58.195692
4.652400,58.196149
4.652500,58.196018
4.652600,58.196044
4.652700,58.195574
4.652800,58.195040
4.652900,58.196449
4.653000,58.196075
4.653100,58.195225
4.653200,58.195388
4.653300,58.196803
4.653400,58.196090
4.653500,58.195181
4.653600,58.196668
4.653700,58.197364
4.653800,58.196875
4.653900,58.194148
4.654000,58.197526
4.654100,58.194254
4.654200,58.195135
4.654300,58.191426
4.654400,58.193431
4.654500,58.193644
4.654600,58.192349
4.654700,58.189918
4.654800,58.188460
4.654900,58.196529
4.655000,58.187855
4.655100,58.185387
4.655200,58.198387
4.655300,58.195739
4.655400,58.200378
4.655500,58.193656
4.655600,58.182970
4.655700,58.185228
4.655800,58.166935
4.655900,58.167623
4.656000,58.152184
4.656100,58.163686
4.656200,58.159180
4.656300,58.161017
4.656400,58.161065
4.656500,58.160999
4.656600,58.161110
4.656700,58.160489
4.656800,58.160507
4.656900,58.162168
4.657000,58.162322
4.657100,58.161523
4.657200,58.161126
4.657300,58.160195
4.657400,58.159418
4.657500,58.159693
4.657600,58.159766
4.657700,58.159841
4.657800,58.159625
4.657900,58.160213
4.658000,58.160068
4.658100,58.159915
4.658200,58.159637
4.658300,58.159446
4.658400,58.159715
4.658500,58.159539
4.658600,58.159685
4.658700,58.159831
4.658800,58.159603
4.658900,58.158978
4.659000,58.159471
4.659100,58.159340
4.659200,58.159213
4.659300,58.159445
4.659400,58.159106
4.659500,58.159107
4.659600,58.158542
4.659700,58.158612
4.659800,58.158622
4.659900,58.158466
4.660000,58.158547
4.660100,58.158580
4.660200,58.158634
4.660300,58.158613
4.660400,58.158669
4.660500,58.158618
4.660600,58.158403
4.660700,58.158059
4.660800,58.157952
4.660900,58.158644
4.661000,58.158231
4.661100,58.158060
4.661200,58.157834
4.661300,58.157737
4.661400,58.158111
4.661500,58.157420
4.661600,58.158428
4.661700,58.158485
4.661800,58.158077
4.661900,58.157857
4.662000,58.157922
4.662100,58.157796
4.662200,58.157904
4.662300,58.157037
4.662400,58.156566
4.662500,58.153905
4.662600,58.156234
4.662700,58.156267
4.662800,58.158802
4.662900,58.158298
4.663000,58.154615
4.663100,58.157656
4.663200,58.154557
4.663300,58.155639
4.663400,58.157462
4.663500,58.161557
4.663600,58.159859
4.663700,58.156645
4.663800,58.169064
4.663900,58.173672
4.664000,58.163043
4.664100,58.151854
4.664200,58.141127
4.664300,58.126515
4.664400,58.141335
4.664500,58.140371
4.664600,58.145777
4.664700,58.144602
4.664800,58.144602
4.664900,58.144415
4.665000,58.143259
4.665100,58.143231
4.665200,58.142860
4.665300,58.144016
4.665400,58.143221
4.665500,58.143317
4.665600,58.143641
4.665700,58.142051
4.665800,58.142081
4.665900,58.142916
4.666000,58.143378
4.666100,58.143120
4.666200,58.142712
4.666300,58.142535
4.666400,58.142639
4.666500,58.142888
4.666600,58.142642
4.666700,58.142537
4.666800,58.142827
4.666900,58.142488
4.667000,58.142163
4.667100,58.141986
4.667200,58.142143
4.667300,58.142049
4.667400,58.142085
4.667500,58.141957
4.667600,58.141766
4.667700,58.142089
4.667800,58.142013
4.667900,58.141628
4.668000,58.141909
4.668100,58.141751
4.668200,58.141271
4.668300,58.141490
4.668400,58.141114
4.668500,58.141371
4.668600,58.141155
4.668700,58.141554
4.668800,58.141276
4.668900,58.141136
4.669000,58.141288
4.669100,58.140941
4.669200,58.141416
4.669300,58.141800
4.669400,58.140981
4.669500,58.140956
4.669600,58.140208
4.669700,58.140635
4.669800,58.140931
4.669900,58.140509
4.670000,58.140834
4.670100,58.140781
4.670200,58.141045
4.670300,58.140474
4.670400,58.140110
4.670500,58.139840
4.670600,58.139324
4.670700,58.140737
4.670800,58.139373
4.670900,58.137272
4.671000,58.138407
4.671100,58.141102
4.671200,58.143847
4.671300,58.142307
4.671400,58.140649
4.671500,58.140632
4.671600,58.143147
4.671700,58.141707
4.671800,58.138523
4.671900,58.141941
4.672000,58.141263
4.672100,58.137868
4.672200,58.136966
4.672300,58.147986
4.672400,58.135184
4.672500,58.149003
4.672600,58.141187
4.672700,58.155915
4.672800,58.176398
4.672900,58.151809
4.673000,58.153567
4.673100,58.166086
4.673200,58.168961
4.673300,58.167266
4.673400,58.172797
4.673500,58.172853
4.673600,58.170790
4.673700,58.170761
4.673800,58.170964
4.673900,58.170380
4.674000,58.170136
4.674100,58.168959
4.674200,58.167476
4.674300,58.168036
4.674400,58.168499
4.674500,58.169754
4.674600,58.170168
4.674700,58.170523
4.674800,58.170611
4.674900,58.171074
4.675000,58.170467
4.675100,58.170250
4.675200,58.170405
4.675300,58.169594
4.675400,58.169905
4.675500,58.169954
4.675600,58.169764
4.675700,58.169816
4.675800,58.169771
4.675900,58.169963
4.676000,58.169896
4.676100,58.169505
4.676200,58.169727
4.676300,58.169568
4.676400,58.169465
4.676500,58.169641
4.676600,58.169681
4.676700,58.169186
4.676800,58.169014
4.676900,58.168996
4.677000,58.169153
4.677100,58.168700
4.677200,58.168764
4.677300,58.168856
4.677400,58.168828
4.677500,58.168683
4.677600,58.168556
4.677700,58.169184
4.677800,58.168962
4.677900,58.168245
4.678000,58.168374
4.678100,58.168504
4.678200,58.169295
4.678300,58.169230
4.678400,58.168506
4.678500,58.168090
4.678600,58.168674
4.678700,58.168653
4.678800,58.168780
4.678900,58.168516
4.679000,58.168017
4.679100,58.169861
4.679200,58.168781
4.679300,58.168220
4.679400,58.170115
4.679500,58.169886
4.679600,58.167447
4.679700,58.169365
4.679800,58.169070
4.679900,58.170538
4.680000,58.169891
4.680100,58.166867
4.680200,58.164473
4.680300,58.163626
4.680400,58.168583
4.680500,58.171114
4.680600,58.172639
4.680700,58.164025
4.680800,58.161220
4.680900,58.161984
4.681000,58.164338
4.681100,58.163766
4.681200,58.162270
4.681300,58.157254
4.681400,58.151314
4.681500,58.151174
4.681600,58.161796
4.681700,58.147141
4.681800,58.147538
4.681900,58.140494
4.682000,58.140317
4.682100,58.143889
4.682200,58.144191
4.682300,58.144250
4.682400,58.144854
4.682500,58.143889
4.682600,58.144178
4.682700,58.142603
4.682800,58.144024
4.682900,58.143106
4.683000,58.143604
4.683100,58.143648
4.683200,58.144167
4.683300,58.143938
4.683400,58.143220
4.683500,58.143579
4.683600,58.143569
4.683700,58.143008
4.683800,58.142837
4.683900,58.142401
4.684000,58.142556
4.684100,58.142441
4.684200,58.142404
4.684300,58.142681
4.684400,58.142377
4.684500,58.142574
4.684600,58.142725
4.684700,58.142801
4.684800,58.142817
4.684900,58.142622
4.685000,58.142932
4.685100,58.142489
4.685200,58.142373
4.685300,58.142528
4.685400,58.142214
4.685500,58.141608
4.685600,58.141381
4.685700,58.142046
4.685800,58.141928
4.685900,58.141804
4.686000,58.141421
4.686100,58.141641
4.686200,58.141630
4.686300,58.141665
4.686400,58.141842
4.686500,58.141563
4.686600,58.141841
4.686700,58.141896
4.686800,58.141509
4.686900,58.141359
4.687000,58.141260
4.687100,58.141329
4.687200,58.140808
4.687300,58.140750
4.687400,58.140943
4.687500,58.141663
4.687600,58.141432
4.687700,58.140985
4.687800,58.141350
4.687900,58.139709
4.688000,58.141978
4.688100,58.141150
4.688200,58.140029
4.688300,58.139675
4.688400,58.142762
4.688500,58.142615
4.688600,58.143749
4.688700,58.143021
4.688800,58.142068
4.688900,58.144903
4.689000,58.145282
4.689100,58.144238
4.689200,58.137241
4.689300,58.144971
4.689400,58.139644
4.689500,58.143241
4.689600,58.137896
4.689700,58.146976
4.689800,58.152794
4.689900,58.155674
4.690000,58.160409
4.690100,58.180156
4.690200,58.165015
4.690300,58.164680
4.690400,58.172712
4.690500,58.168920
4.690600,58.173796
4.690700,58.171620
4.690800,58.171701
4.690900,58.171541
4.691000,58.171886
4.691100,58.172828
4.691200,58.171113
4.691300,58.171672
4.691400,58.172784
4.691500,58.172580
4.691600,58.172810
4.691700,58.171904
4.691800,58.172182
4.691900,58.172302
4.692000,58.172710
4.692100,58.172387
4.692200,58.172257
4.692300,58.172047
4.692400,58.171883
4.692500,58.171634
4.692600,58.171937
4.692700,58.172006
4.692800,58.172183
4.692900,58.171991
4.693000,58.171737
4.693100,58.171644
4.693200,58.171148
4.693300,58.171042
4.693400,58.171362
4.693500,58.171560
4.693600,58.171353
4.693700,58.171245
4.693800,58.171532
4.693900,58.171197
4.694000,58.171169
4.694100,58.171089
4.694200,58.171277
4.694300,58.171215
4.694400,58.171504
4.694500,58.170825
4.694600,58.170896
4.694700,58.171397
4.694800,58.171379
4.694900,58.170972
4.695000,58.170855
4.695100,58.170469
4.695200,58.170609
4.695300,58.170360
4.695400,58.170180
4.695500,58.170540
4.695600,58.171634
4.695700,58.170446
4.695800,58.170414
4.695900,58.170650
4.696000,58.170364
4.696100,58.170336
4.696200,58.169919
4.696300,58.169640
4.696400,58.169506
4.696500,58.170094
4.696600,58.172159
4.696700,58.169755
4.696800,58.170315
4.696900,58.168731
4.697000,58.167960
4.697100,58.170733
4.697200,58.169750
4.697300,58.168665
4.697400,58.164548
4.697500,58.164492
4.697600,58.162402
4.697700,58.166770
4.697800,58.168774
4.697900,58.175545
4.698000,58.176023
4.698100,58.180589
4.698200,58.175881
4.698300,58.181188
4.698400,58.176352
4.698500,58.175713
4.698600,58.196920
4.698700,58.181328
4.698800,58.191283
4.698900,58.173240
4.699000,58.161147
4.699100,58.157733
4.699200,58.160093
4.699300,58.163708
4.699400,58.162859
4.699500,58.162883
4.699600,58.163169
4.699700,58.162259
4.699800,58.162414
4.699900,58.162079
4.700000,58.161523
4.700100,58.161908
4.700200,58.161542
4.700300,58.161607
4.700400,58.161593
4.700500,58.161328
4.700600,58.161853
4.700700,58.161721
4.700800,58.161702
4.700900,58.161544
4.701000,58.161537
4.701100,58.160997
4.701200,58.161290
4.701300,58.161407
4.701400,58.161238
4.701500,58.161372
4.701600,58.161279
4.701700,58.161090
4.701800,58.161040
4.701900,58.161087
4.702000,58.160858
4.702100,58.161058
4.702200,58.160674
4.702300,58.160618
4.702400,58.160143
4.702500,58.160200
4.702600,58.160219
4.702700,58.160013
4.702800,58.160284
4.702900,58.160218
4.703000,58.159432
4.703100,58.159335
4.703200,58.160054
4.703300,58.159986
4.703400,58.159418
4.703500,58.160086
4.703600,58.160060
4.703700,58.160330
4.703800,58.159843
4.703900,58.159788
4.704000,58.159553
4.704100,58.160003
4.704200,58.160051
4.704300,58.159953
4.704400,58.159016
4.704500,58.159624
4.704600,58.159461
4.704700,58.159191
4.704800,58.159683
4.704900,58.159847
4.705000,58.159132
4.705100,58.159435
4.705200,58.159502
4.705300,58.158844
4.705400,58.159742
4.705500,58.157549
4.705600,58.159037
4.705700,58.158390
4.705800,58.158689
4.705900,58.161481
4.706000,58.160619
4.706100,58.159125
4.706200,58.162152
4.706300,58.155170
4.706400,58.160643
4.706500,58.160500
4.706600,58.166605
4.706700,58.168411
4.706800,58.160462
4.706900,58.150673
4.707000,58.151391
4.707100,58.137124
4.707200,58.126870
4.707300,58.108292
4.707400,58.095615
4.707500,58.110737
4.707600,58.110924
4.707700,58.117794
4.707800,58.121013
4.707900,58.121040
4.708000,58.120478
4.708100,58.120342
4.708200,58.120743
4.708300,58.121316
4.708400,58.120752
4.708500,58.119894
4.708600,58.121363
4.708700,58.119667
4.708800,58.119432
4.708900,58.119258
4.709000,58.119650
4.709100,58.120579
4.709200,58.120422
4.709300,58.119926
4.709400,58.119752
4.709500,58.119396
4.709600,58.119341
4.709700,58.119675
4.709800,58.119798
4.709900,58.119840
4.710000,58.119971
4.710100,58.119663
4.710200,58.119230
4.710300,58.119138
4.710400,58.119179
4.710500,58.119509
4.710600,58.119502
4.710700,58.119378
4.710800,58.119145
4.710900,58.119073
4.711000,58.118987
4.711100,58.119141
4.711200,58.119303
4.711300,58.119232
4.711400,58.118786
4.711500,58.118998
4.711600,58.119136
4.711700,58.118916
4.711800,58.118255
4.711900,58.118303
4.712000,58.118125
4.712100,58.118541
4.712200,58.118399
4.712300,58.118986
4.712400,58.118396
4.712500,58.118998
4.712600,58.118617
4.712700,58.117959
4.712800,58.117659
4.712900,58.118077
4.713000,58.117329
4.713100,58.117328
4.713200,58.117638
4.713300,58.117021
4.713400,58.118126
4.713500,58.116995
4.713600,58.117285
4.713700,58.119104
4.713800,58.119277
4.713900,58.117622
4.714000,58.120108
4.714100,58.118831
4.714200,58.117587
4.714300,58.117086
4.714400,58.115820
4.714500,58.117295
4.714600,58.117953
4.714700,58.120136
4.714800,58.114863
4.714900,58.118224
4.715000,58.123942
4.715100,58.130958
4.715200,58.123003
4.715300,58.123553
4.715400,58.120541
4.715500,58.115224
4.715600,58.123309
4.715700,58.115970
4.715800,58.114026
4.715900,58.108707
4.716000,58.128025
4.716100,58.136404
4.716200,58.129264
4.716300,58.129348
4.716400,58.133028
4.716500,58.134357
4.716600,58.134694
4.716700,58.134663
4.716800,58.134283
4.716900,58.135362
4.717000,58.136885
4.717100,58.138163
4.717200,58.137832
4.717300,58.137992
4.717400,58.137654
4.717500,58.136796
4.717600,58.135761
4.717700,58.136318
4.717800,58.135333
4.717900,58.135448
4.718000,58.135972
4.718100,58.135785
4.718200,58.135800
4.718300,58.135494
4.718400,58.135427
4.718500,58.135794
4.718600,58.135529
4.718700,58.135271
4.718800,58.135721
4.718900,58.135913
4.719000,58.135501
4.719100,58.135668
4.719200,58.135488
4.719300,58.135115
4.719400,58.135447
4.719500,58.135216
4.719600,58.134651
4.719700,58.135023
4.719800,58.134836
4.719900,58.134997
4.720000,58.134886
4.720100,58.134619
4.720200,58.135133
4.720300,58.135184
4.720400,58.134773
4.720500,58.134466
4.720600,58.134545
4.720700,58.135007
4.720800,58.134784
4.720900,58.135028
4.721000,58.134429
4.721100,58.134384
4.721200,58.134889
4.721300,58.134246
4.721400,58.133070
4.721500,58.134241
4.721600,58.133569
4.721700,58.134149
4.721800,58.134536
4.721900,58.135371
4.722000,58.133838
4.722100,58.133749
4.722200,58.134890
4.722300,58.134036
4.722400,58.133482
4.722500,58.134634
4.722600,58.134326
4.722700,58.132509
4.722800,58.132150
4.722900,58.132595
4.723000,58.135163
4.723100,58.132705
4.723200,58.133047
4.723300,58.131726
4.723400,58.133250
4.723500,58.136130
4.723600,58.133673
4.723700,58.133379
4.723800,58.134743
4.723900,58.135463
4.724000,58.135548
4.724100,58.120284
4.724200,58.102478
4.724300,58.109454
4.724400,58.091828
4.724500,58.105196
4.724600,58.116330
4.724700,58.115210
4.724800,58.115308
4.724900,58.117286
4.725000,58.118632
4.725100,58.117545
4.725200,58.119400
4.725300,58.119400
4.725400,58.119729
4.725500,58.119385
4.725600,58.119335
4.725700,58.120887
4.725800,58.119880
4.725900,58.121414
4.726000,58.121848
4.726100,58.122290
4.726200,58.121645
4.726300,58.121725
4.726400,58.120916
4.726500,58.120998
4.726600,58.121122
4.726700,58.121178
4.726800,58.121269
4.726900,58.120714
4.727000,58.120921
4.727100,58.120973
4.727200,58.121011
4.727300,58.121108
4.727400,58.121025
4.727500,58.120660
4.727600,58.120734
4.727700,58.120253
4.727800,58.120276
4.727900,58.120686
4.728000,58.120835
4.728100,58.120734
4.728200,58.120503
4.728300,58.120470
4.728400,58.120906
4.728500,58.120507
4.728600,58.120601
4.728700,58.120629
4.728800,58.120274
4.728900,58.120448
4.729000,58.120806
4.729100,58.120474
4.729200,58.120555
4.729300,58.120457
4.729400,58.120044
4.729500,58.119200
4.729600,58.119258
4.729700,58.120228
4.729800,58.119813
4.729900,58.119025
4.730000,58.118971
4.730100,58.118671
4.730200,58.119863
4.730300,58.119996
4.730400,58.119628
4.730500,58.119342
4.730600,58.119769
4.730700,58.120064
4.730800,58.119023
4.730900,58.117823
4.731000,58.118875
4.731100,58.119344
4.731200,58.118921
4.731300,58.117369
4.731400,58.117839
4.731500,58.121104
4.731600,58.122197
4.731700,58.118331
4.731800,58.117752
4.731900,58.115509
4.732000,58.112639
4.732100,58.116161
4.732200,58.122842
4.732300,58.131230
4.732400,58.138229
4.732500,58.144085
4.732600,58.148834
4.732700,58.150620
4.732800,58.153137
4.732900,58.157873
4.733000,58.152648
4.733100,58.158044
4.733200,58.151712
4.733300,58.134902
4.733400,58.143327
4.733500,58.141087
4.733600,58.148423
4.733700,58.148952
4.733800,58.147709
4.733900,58.147731
4.734000,58.147406
4.734100,58.147470
4.734200,58.147077
4.734300,58.146824
4.734400,58.146767
4.734500,58.145227
4.734600,58.145816
4.734700,58.145633
4.734800,58.145461
4.734900,58.145527
4.735000,58.146184
4.735100,58.145135
4.735200,58.145047
4.735300,58.144979
4.735400,58.145209
4.735500,58.145213
4.735600,58.145349
4.735700,58.145101
4.735800,58.145098
4.735900,58.144634
4.736000,58.144981
4.736100,58.144559
4.736200,58.144485
4.736300,58.144410
4.736400,58.144230
4.736500,58.144662
4.736600,58.144755
4.736700,58.144871
4.736800,58.144851
4.736900,58.144282
4.737000,58.144367
4.737100,58.144188
4.737200,58.144285
4.737300,58.144146
4.737400,58.144090
4.737500,58.143839
4.737600,58.143972
4.737700,58.144323
4.737800,58.144164
4.737900,58.144235
4.738000,58.144600
4.738100,58.143913
4.738200,58.143682
4.738300,58.144218
4.738400,58.143719
4.738500,58.143098
4.738600,58.142757
4.738700,58.143019
4.738800,58.143566
4.738900,58.143175
4.739000,58.144327
4.739100,58.144381
4.739200,58.145340
4.739300,58.144594
4.739400,58.144897
4.739500,58.142787
4.739600,58.141873
4.739700,58.141679
4.739800,58.142137
4.739900,58.141492
4.740000,58.140954
4.740100,58.142014
4.740200,58.139326
4.740300,58.139289
4.740400,58.142650
4.740500,58.143519
4.740600,58.143994
4.740700,58.149271
4.740800,58.148258
4.740900,58.151340
4.741000,58.142830
4.741100,58.132550
4.741200,58.133219
4.741300,58.116641
4.741400,58.115208
4.741500,58.123157
4.741600,58.112958
4.741700,58.100269
4.741800,58.118274
4.741900,58.118088
4.742000,58.115235
4.742100,58.111808
4.742200,58.107051
4.742300,58.108265
4.742400,58.109510
4.742500,58.109491
4.742600,58.109497
4.742700,58.108476
4.742800,58.108527
4.742900,58.108418
4.743000,58.108731
4.743100,58.108621
4.743200,58.109365
4.743300,58.108496
4.743400,58.109514
4.743500,58.110122
4.743600,58.110379
4.743700,58.110008
4.743800,58.110032
4.743900,58.109366
4.744000,58.109230
4.744100,58.109334
4.744200,58.109414
4.744300,58.108969
4.744400,58.109209
4.744500,58.108928
4.744600,58.108715
4.744700,58.108747
4.744800,58.108938
4.744900,58.108833
4.745000,58.108758
4.745100,58.108800
4.745200,58.109097
4.745300,58.108746
4.745400,58.108632
4.745500,58.109022
4.745600,58.109077
4.745700,58.108710
4.745800,58.108625
4.745900,58.108529
4.746000,58.108658
4.746100,58.108284
4.746200,58.107759
4.746300,58.108155
4.746400,58.108269
4.746500,58.108199
4.746600,58.108235
4.746700,58.107590
4.746800,58.108537
4.746900,58.108247
4.747000,58.107624
4.747100,58.106566
4.747200,58.107320
4.747300,58.107362
4.747400,58.107709
4.747500,58.107884
4.747600,58.107920
4.747700,58.108682
4.747800,58.108127
4.747900,58.108257
4.748000,58.108110
4.748100,58.108257
4.748200,58.107954
4.748300,58.105806
4.748400,58.106824
4.748500,58.106078
4.748600,58.109097
4.748700,58.110436
4.748800,58.107371
4.748900,58.104980
4.749000,58.104203
4.749100,58.104910
4.749200,58.106938
4.749300,58.112100
4.749400,58.114920
4.749500,58.112464
4.749600,58.119102
4.749700,58.114660
4.749800,58.111473
4.749900,58.125380
4.750000,58.131150
4.750100,58.151694
4.750200,58.152373
4.750300,58.161371
4.750400,58.161955
4.750500,58.152932
4.750600,58.155826
4.750700,58.157063
4.750800,58.159734
4.750900,58.159872
4.751000,58.159459
4.751100,58.159331
4.751200,58.160118
4.751300,58.161071
4.751400,58.161322
4.751500,58.159529
4.751600,58.160529
4.751700,58.160662
4.751800,58.160566
4.751900,58.159424
4.752000,58.158972
4.752100,58.158879
4.752200,58.158874
4.752300,58.158807
4.752400,58.158765
4.752500,58.158988
4.752600,58.158639
4.752700,58.158433
4.752800,58.158662
4.752900,58.158837
4.753000,58.158614
4.753100,58.158620
4.753200,58.158479
4.753300,58.158435
4.753400,58.158305
4.753500,58.158668
4.753600,58.158337
4.753700,58.157929
4.753800,58.158151
4.753900,58.158173
4.754000,58.158369
4.754100,58.158143
4.754200,58.158324
4.754300,58.158500
4.754400,58.157862
4.754500,58.157804
4.754600,58.157872
4.754700,58.157306
4.754800,58.157803
4.754900,58.157098
4.755000,58.157642
4.755100,58.157878
4.755200,58.157558
4.755300,58.157827
4.755400,58.157889
4.755500,58.157552
4.755600,58.158395
4.755700,58.157516
4.755800,58.156977
4.755900,58.157521
4.756000,58.156967
4.756100,58.158317
4.756200,58.157482
4.756300,58.157934
4.756400,58.158853
4.756500,58.157182
4.756600,58.158605
4.756700,58.157131
4.756800,58.155246
4.756900,58.156157
4.757000,58.157657
4.757100,58.157917
4.757200,58.156586
4.757300,58.155415
4.757400,58.156691
4.757500,58.155373
4.757600,58.155761
4.757700,58.158873
4.757800,58.157906
4.757900,58.151677
4.758000,58.149747
4.758100,58.144709
4.758200,58.153917
4.758300,58.161746
4.758400,58.151416
4.758500,58.145061
4.758600,58.131886
4.758700,58.121365
4.758800,58.130048
4.758900,58.151528
4.759000,58.136633
4.759100,58.139328
4.759200,58.136721
4.759300,58.131390
4.759400,58.127132
4.759500,58.128862
4.759600,58.129421
4.759700,58.129135
4.759800,58.129027
4.759900,58.128865
4.760000,58.127338
4.760100,58.127103
4.760200,58.127189
4.760300,58.127676
4.760400,58.128351
4.760500,58.129523
4.760600,58.129972
4.760700,58.128922
4.760800,58.128428
4.760900,58.128989
4.761000,58.129175
4.761100,58.128462
4.761200,58.128541
4.761300,58.128326
4.761400,58.128213
4.761500,58.128313
4.761600,58.128142
4.761700,58.128160
4.761800,58.128155
4.761900,58.127662
4.762000,58.127806
4.762100,58.127903
4.762200,58.127894
4.762300,58.127595
4.762400,58.127589
4.762500,58.127518
4.762600,58.127387
4.762700,58.127552
4.762800,58.127633
4.762900,58.127612
4.763000,58.127390
4.763100,58.127632
4.763200,58.127476
4.763300,58.127438
4.763400,58.127519
4.763500,58.128010
4.763600,58.127633
4.763700,58.127453
4.763800,58.127322
4.763900,58.127268
4.764000,58.126610
4.764100,58.126866
4.764200,58.126729
4.764300,58.127005
4.764400,58.126960
4.764500,58.127294
4.764600,58.127714
4.764700,58.127491
4.764800,58.126893
4.764900,58.126351
4.765000,58.125132
4.765100,58.125467
4.765200,58.125396
4.765300,58.126075
4.765400,58.126241
4.765500,58.127131
4.765600,58.125262
4.765700,58.124695
4.765800,58.125840
4.765900,58.128479
4.766000,58.128825
4.766100,58.126999
4.766200,58.125481
4.766300,58.123034
4.766400,58.122241
4.766500,58.129368
4.766600,58.131491
4.766700,58.122395
4.766800,58.123770
4.766900,58.125850
4.767000,58.135537
4.767100,58.119302
4.767200,58.115935
4.767300,58.132353
4.767400,58.111642
4.767500,58.113609
4.767600,58.109628
4.767700,58.117964
4.767800,58.110204
4.767900,58.110862
4.768000,58.114304
4.768100,58.111557
4.768200,58.112154
4.768300,58.111993
4.768400,58.111977
4.768500,58.112384
4.768600,58.111619
4.768700,58.113256
4.768800,58.112623
4.768900,58.112730
4.769000,58.112549
4.769100,58.112551
4.769200,58.112335
4.769300,58.112223
4.769400,58.112387
4.769500,58.112775
4.769600,58.112512
4.769700,58.111788
4.769800,58.111964
4.769900,58.112229
4.770000,58.111790
4.770100,58.111890
4.770200,58.112001
4.770300,58.111971
4.770400,58.111483
4.770500,58.111383
4.770600,58.111723
4.770700,58.111633
4.770800,58.111571
4.770900,58.111609
4.771000,58.111536
4.771100,58.111241
4.771200,58.111363
4.771300,58.111078
4.771400,58.110899
4.771500,58.110923
4.771600,58.110849
4.771700,58.111005
4.771800,58.111195
4.771900,58.110997
4.772000,58.110963
4.772100,58.110676
4.772200,58.110933
4.772300,58.110607
4.772400,58.110186
4.772500,58.110075
4.772600,58.110340
4.772700,58.110716
4.772800,58.110378
4.772900,58.110051
4.773000,58.110411
4.773100,58.110943
4.773200,58.110932
4.773300,58.110166
4.773400,58.110619
4.773500,58.110581
4.773600,58.109896
4.773700,58.108220
4.773800,58.110187
4.773900,58.110956
4.774000,58.110412
4.774100,58.111465
4.774200,58.109037
4.774300,58.108552
4.774400,58.109891
4.774500,58.112636
4.774600,58.109734
4.774700,58.110411
4.774800,58.110702
4.774900,58.108013
4.775000,58.104874
4.775100,58.108885
4.775200,58.101773
4.775300,58.100689
4.775400,58.102671
4.775500,58.103334
4.775600,58.112958
4.775700,58.116048
4.775800,58.098490
4.775900,58.114226
4.776000,58.131081
4.776100,58.140858
4.776200,58.157984
4.776300,58.139870
4.776400,58.131566
4.776500,58.123942
4.776600,58.127679
4.776700,58.130967
4.776800,58.130763
4.776900,58.130801
4.777000,58.131596
4.777100,58.130387
4.777200,58.131247
4.777300,58.130592
4.777400,58.130744
4.777500,58.132011
4.777600,58.130494
4.777700,58.131298
4.777800,58.130563
4.777900,58.130463
4.778000,58.130812
4.778100,58.130227
4.778200,58.130323
4.778300,58.130649
4.778400,58.130425
4.778500,58.130291
4.778600,58.130791
4.778700,58.130089
4.778800,58.130036
4.778900,58.130134
4.779000,58.130139
4.779100,58.129640
4.779200,58.129727
4.779300,58.129902
4.779400,58.129574
4.779500,58.129868
4.779600,58.129718
4.779700,58.129524
4.779800,58.129631
4.779900,58.129546
4.780000,58.129301
4.780100,58.129633
4.780200,58.129407
4.780300,58.129850
4.780400,58.129514
4.780500,58.129511
4.780600,58.129188
4.780700,58.129652
4.780800,58.128974
4.780900,58.128555
4.781000,58.129061
4.781100,58.129018
4.781200,58.129325
4.781300,58.129210
4.781400,58.129287
4.781500,58.129105
4.781600,58.129245
4.781700,58.128975
4.781800,58.127845
4.781900,58.128555
4.782000,58.129411
4.782100,58.129115
4.782200,58.128241
4.782300,58.127436
4.782400,58.126676
4.782500,58.127910
4.782600,58.126758
4.782700,58.126102
4.782800,58.125118
4.782900,58.124887
4.783000,58.126453
4.783100,58.127548
4.783200,58.126466
4.783300,58.125529
4.783400,58.127674
4.783500,58.129003
4.783600,58.125049
4.783700,58.131285
4.783800,58.132583
4.783900,58.128475
4.784000,58.124464
4.784100,58.130788
4.784200,58.120474
4.784300,58.109863
4.784400,58.119349
4.784500,58.115924
4.784600,58.109943
4.784700,58.105863
4.784800,58.089100
4.784900,58.085577
4.785000,58.090106
4.785100,58.093429
4.785200,58.094218
4.785300,58.092006
4.785400,58.092382
4.785500,58.092394
4.785600,58.092344
4.785700,58.090838
4.785800,58.091802
4.785900,58.092522
4.786000,58.092764
4.786100,58.091182
4.786200,58.091517
4.786300,58.092079
4.786400,58.091928
4.786500,58.092028
4.786600,58.091370
4.786700,58.091478
4.786800,58.091396
4.786900,58.090706
4.787000,58.090465
4.787100,58.090445
4.787200,58.090606
4.787300,58.090629
4.787400,58.090721
4.787500,58.090905
4.787600,58.090685
4.787700,58.090677
4.787800,58.090296
4.787900,58.090463
4.788000,58.090783
4.788100,58.090409
4.788200,58.090335
4.788300,58.090511
4.788400,58.090746
4.788500,58.090433
4.788600,58.089802
4.788700,58.090058
4.788800,58.090248
4.788900,58.089915
4.789000,58.089788
4.789100,58.089524
4.789200,58.089945
4.789300,58.089764
4.789400,58.089496
4.789500,58.089582
4.789600,58.089797
4.789700,58.089219
4.789800,58.089556
4.789900,58.089767
4.790000,58.089216
4.790100,58.089151
4.790200,58.090050
4.790300,58.089397
4.790400,58.089257
4.790500,58.088904
4.790600,58.089385
4.790700,58.089523
4.790800,58.089474
4.790900,58.088628
4.791000,58.088742
4.791100,58.087895
4.791200,58.087499
4.791300,58.089620
4.791400,58.089914
4.791500,58.092047
4.791600,58.091356
4.791700,58.090795
4.791800,58.092279
4.791900,58.089841
4.792000,58.088802
4.792100,58.087268
4.792200,58.087532
4.792300,58.090145
4.792400,58.086665
4.792500,58.079356
4.792600,58.087167
4.792700,58.076878
4.792800,58.089151
4.792900,58.105252
4.793000,58.097141
4.793100,58.088837
4.793200,58.078366
4.793300,58.098904
4.793400,58.105072
4.793500,58.105996
4.793600,58.111001
4.793700,58.112297
4.793800,58.109211
4.793900,58.108083
4.794000,58.108631
4.794100,58.108582
4.794200,58.109281
4.794300,58.109029
4.794400,58.107851
4.794500,58.107086
4.794600,58.108705
4.794700,58.108824
4.794800,58.109681
4.794900,58.108329
4.795000,58.108643
4.795100,58.108073
4.795200,58.107804
4.795300,58.108175
4.795400,58.107982
4.795500,58.107854
4.795600,58.107356
4.795700,58.107769
4.795800,58.107547
4.795900,58.107862
4.796000,58.107780
4.796100,58.107635
4.796200,58.107284
4.796300,58.107706
4.796400,58.107764
4.796500,58.107211
4.796600,58.107396
4.796700,58.107662
4.796800,58.107607
4.796900,58.107338
4.797000,58.107448
4.797100,58.106877
4.797200,58.106876
4.797300,58.106864
4.797400,58.106471
4.797500,58.106637
4.797600,58.107019
4.797700,58.106911
4.797800,58.107014
4.797900,58.107056
4.798000,58.107198
4.798100,58.106294
4.798200,58.106038
4.798300,58.106546
4.798400,58.106317
4.798500,58.105841
4.798600,58.106886
4.798700,58.106757
4.798800,58.107017
4.798900,58.105972
4.799000,58.105843
4.799100,58.105734
4.799200,58.105457
4.799300,58.106314
4.799400,58.106321
4.799500,58.105892
4.799600,58.105314
4.799700,58.105587
4.799800,58.105258
4.799900,58.105096
4.800000,58.104338
4.800100,58.105303
4.800200,58.105479
4.800300,58.105460
4.800400,58.102906
4.800500,58.104645
4.800600,58.106863
4.800700,58.102372
4.800800,58.102619
4.800900,58.103964
4.801000,58.103762
4.801100,58.108845
4.801200,58.107388
4.801300,58.107405
4.801400,58.093959
4.801500,58.096398
4.801600,58.078407
4.801700,58.067503
4.801800,58.067172
4.801900,58.066827
4.802000,58.081830
4.802100,58.091608
4.802200,58.094982
4.802300,58.095966
4.802400,58.091969
4.802500,58.094778
4.802600,58.092769
4.802700,58.092785
4.802800,58.093351
4.802900,58.093674
4.803000,58.095442
4.803100,58.095249
4.803200,58.096200
4.803300,58.096086
4.803400,58.095240
4.803500,58.094292
4.803600,58.094326
4.803700,58.094279
4.803800,58.094472
4.803900,58.094347
4.804000,58.094000
4.804100,58.093738
4.804200,58.093503
4.804300,58.094083
4.804400,58.094120
4.804500,58.094402
4.804600,58.093899
4.804700,58.094054
4.804800,58.094105
4.804900,58.093602
4.805000,58.093581
4.805100,58.093592
4.805200,58.093634
4.805300,58.093933
4.805400,58.094134
4.805500,58.093537
4.805600,58.093289
4.805700,58.093213
4.805800,58.092779
4.805900,58.093197
4.806000,58.092998
4.806100,58.092722
4.806200,58.092713
4.806300,58.093040
4.806400,58.093060
4.806500,58.093223
4.806600,58.093137
4.806700,58.093408
4.806800,58.093269
4.806900,58.092414
4.807000,58.092001
4.807100,58.092044
4.807200,58.092045
4.807300,58.092546
4.807400,58.092111
4.807500,58.093217
4.807600,58.092010
4.807700,58.091631
4.807800,58.092269
4.807900,58.093108
4.808000,58.092890
4.808100,58.093000
4.808200,58.092354
4.808300,58.092807
4.808400,58.091178
4.808500,58.093231
4.808600,58.092203
4.808700,58.091083
4.808800,58.090775
4.808900,58.090742
4.809000,58.091609
4.809100,58.093654
4.809200,58.093062
4.809300,58.090812
4.809400,58.091616
4.809500,58.095061
4.809600,58.099858
4.809700,58.098136
4.809800,58.101851
4.809900,58.096128
4.810000,58.089611
4.810100,58.103100
4.810200,58.086699
4.810300,58.084117
4.810400,58.083266
4.810500,58.067392
4.810600,58.087627
4.810700,58.080006
4.810800,58.080645
4.810900,58.079151
4.811000,58.076244
4.811100,58.076419
4.811200,58.078201
4.811300,58.078798
4.811400,58.078578
4.811500,58.078566
4.811600,58.079412
4.811700,58.079746
4.811800,58.079373
4.811900,58.080235
4.812000,58.080898
4.812100,58.080646
4.812200,58.080424
4.812300,58.079964
4.812400,58.080756
4.812500,58.080522
4.812600,58.080401
4.812700,58.080228
4.812800,58.080076
4.812900,58.079927
4.813000,58.079820
4.813100,58.080156
4.813200,58.079880
4.813300,58.079348
4.813400,58.079733
4.813500,58.079767
4.813600,58.079498
4.813700,58.079212
4.813800,58.079394
4.813900,58.078932
4.814000,58.079406
4.814100,58.079025
4.814200,58.078961
4.814300,58.078935
4.814400,58.079088
4.814500,58.079294
4.814600,58.078995
4.814700,58.079369
4.814800,58.079034
4.814900,58.079170
4.815000,58.079133
4.815100,58.078456
4.815200,58.078637
4.815300,58.078964
4.815400,58.078238
4.815500,58.078062
4.815600,58.077946
4.815700,58.078300
4.815800,58.078403
4.815900,58.078344
4.816000,58.078685
4.816100,58.078395
4.816200,58.078011
4.816300,58.077852
4.816400,58.077513
4.816500,58.078134
4.816600,58.077751
4.816700,58.076965
4.816800,58.078213
4.816900,58.078330
4.817000,58.076389
4.817100,58.077004
4.817200,58.078307
4.817300,58.078071
4.817400,58.080449
4.817500,58.079138
4.817600,58.082440
4.817700,58.080442
4.817800,58.080634
4.817900,58.079232
4.818000,58.076229
4.818100,58.071853
4.818200,58.075414
4.818300,58.079332
4.818400,58.080721
4.818500,58.077171
4.818600,58.089042
4.818700,58.094516
4.818800,58.094527
4.818900,58.096828
4.819000,58.106402
4.819100,58.083642
4.819200,58.087288
4.819300,58.077796
4.819400,58.077514
4.819500,58.083922
4.819600,58.087651
4.819700,58.086462
4.819800,58.085796
4.819900,58.086032
4.820000,58.086350
4.820100,58.086210
4.820200,58.085131
4.820300,58.084539
4.820400,58.085254
4.820500,58.086646
4.820600,58.086289
4.820700,58.084905
4.820800,58.084903
4.820900,58.083812
4.821000,58.083728
4.821100,58.084173
4.821200,58.085014
4.821300,58.085063
4.821400,58.085077
4.821500,58.084364
4.821600,58.084302
4.821700,58.084459
4.821800,58.083906
4.821900,58.084074
4.822000,58.084188
4.822100,58.083898
4.822200,58.083819
4.822300,58.084105
4.822400,58.084117
4.822500,58.084386
4.822600,58.083707
4.822700,58.083804
4.822800,58.083682
4.822900,58.083568
4.823000,58.083177
4.823100,58.083411
4.823200,58.083319
4.823300,58.083415
4.823400,58.083357
4.823500,58.083744
4.823600,58.083035
4.823700,58.083320
4.823800,58.083370
4.823900,58.083438
4.824000,58.083302
4.824100,58.083262
4.824200,58.083252
4.824300,58.083113
4.824400,58.083084
4.824500,58.082742
4.824600,58.082733
4.824700,58.082190
4.824800,58.083472
4.824900,58.083371
4.825000,58.082826
4.825100,58.081377
4.825200,58.081737
4.825300,58.083352
4.825400,58.082304
4.825500,58.082447
4.825600,58.082019
4.825700,58.081087
4.825800,58.081611
4.825900,58.081949
4.826000,58.083697
4.826100,58.082805
4.826200,58.082650
4.826300,58.083718
4.826400,58.084466
4.826500,58.081409
4.826600,58.086285
4.826700,58.089143
4.826800,58.083068
4.826900,58.077072
4.827000,58.085417
4.827100,58.091179
4.827200,58.103821
4.827300,58.115391
4.827400,58.098776
4.827500,58.091540
4.827600,58.108300
4.827700,58.091906
4.827800,58.104965
4.827900,58.125296
4.828000,58.124147
4.828100,58.120998
4.828200,58.122290
4.828300,58.123917
4.828400,58.122747
4.828500,58.122246
4.828600,58.122390
4.828700,58.121719
4.828800,58.121547
4.828900,58.122408
4.829000,58.122225
4.829100,58.122017
4.829200,58.120554
4.829300,58.120170
4.829400,58.119751
4.829500,58.119376
4.829600,58.120245
4.829700,58.120325
4.829800,58.120920
4.829900,58.120595
4.830000,58.120492
4.830100,58.120535
4.830200,58.120536
4.830300,58.120738
4.830400,58.120734
4.830500,58.120117
4.830600,58.119877
4.830700,58.119989
4.830800,58.119606
4.830900,58.119884
4.831000,58.119782
4.831100,58.119331
4.831200,58.119428
4.831300,58.119511
4.831400,58.119590
4.831500,58.119592
4.831600,58.119366
4.831700,58.119686
4.831800,58.119288
4.831900,58.119374
4.832000,58.119497
4.832100,58.119703
4.832200,58.119395
4.832300,58.118823
4.832400,58.119235
4.832500,58.118985
4.832600,58.118966
4.832700,58.118286
4.832800,58.117768
4.832900,58.118797
4.833000,58.118796
4.833100,58.119019
4.833200,58.119607
4.833300,58.119416
4.833400,58.118515
4.833500,58.118777
4.833600,58.118806
4.833700,58.118195
4.833800,58.116470
4.833900,58.118186
4.834000,58.118768
4.834100,58.119207
4.834200,58.119187
4.834300,58.118464
4.834400,58.115849
4.834500,58.118082
4.834600,58.117383
4.834700,58.120078
4.834800,58.118903
4.834900,58.118770
4.835000,58.116293
4.835100,58.113268
4.835200,58.114029
4.835300,58.111828
4.835400,58.115013
4.835500,58.113498
4.835600,58.120627
4.835700,58.127709
4.835800,58.114277
4.835900,58.121122
4.836000,58.112991
4.836100,58.099930
4.836200,58.084315
4.836300,58.088812
4.836400,58.067608
4.836500,58.060858
4.836600,58.054604
4.836700,58.054146
4.836800,58.057599
4.836900,58.058371
4.837000,58.061272
4.837100,58.060471
4.837200,58.060241
4.837300,58.059525
4.837400,58.059802
4.837500,58.060967
4.837600,58.061495
4.837700,58.061676
4.837800,58.061164
4.837900,58.061688
4.838000,58.061246
4.838100,58.060807
4.838200,58.060325
4.838300,58.060960
4.838400,58.060888
4.838500,58.061422
4.838600,58.060555
4.838700,58.060579
4.838800,58.061096
4.838900,58.060838
4.839000,58.060442
4.839100,58.060604
4.839200,58.059924
4.839300,58.059757
4.839400,58.059970
4.839500,58.059976
4.839600,58.059801
4.839700,58.059977
4.839800,58.060023
4.839900,58.059655
4.840000,58.060021
4.840100,58.059472
4.840200,58.059890
4.840300,58.059935
4.840400,58.059485
4.840500,58.059910
4.840600,58.059734
4.840700,58.059363
4.840800,58.059477
4.840900,58.059768
4.841000,58.059588
4.841100,58.059087
4.841200,58.058530
4.841300,58.058840
4.841400,58.058774
4.841500,58.059022
4.841600,58.058821
4.841700,58.059235
4.841800,58.058126
4.841900,58.058260
4.842000,58.058679
4.842100,58.058664
4.842200,58.057809
4.842300,58.058697
4.842400,58.058062
4.842500,58.058610
4.842600,58.058518
4.842700,58.058739
4.842800,58.057797
4.842900,58.058284
4.843000,58.059112
4.843100,58.056628
4.843200,58.055834
4.843300,58.058378
4.843400,58.058500
4.843500,58.058701
4.843600,58.061488
4.843700,58.064745
4.843800,58.060923
4.843900,58.062882
4.844000,58.066220
4.844100,58.059227
4.844200,58.052840
4.844300,58.060211
4.844400,58.062107
4.844500,58.048019
4.844600,58.050816
4.844700,58.048686
4.844800,58.050539
4.844900,58.047448
4.845000,58.028125
4.845100,58.033266
4.845200,58.040536
4.845300,58.037240
4.845400,58.039891
4.845500,58.043065
4.845600,58.044842
4.845700,58.043135
4.845800,58.043097
4.845900,58.042999
4.846000,58.042444
4.846100,58.043083
4.846200,58.041459
4.846300,58.040445
4.846400,58.040222
4.846500,58.041029
4.846600,58.040985
4.846700,58.040993
4.846800,58.041514
4.846900,58.041229
4.847000,58.040792
4.847100,58.040926
4.847200,58.040861
4.847300,58.041003
4.847400,58.040514
4.847500,58.040881
4.847600,58.040645
4.847700,58.040533
4.847800,58.040382
4.847900,58.040503
4.848000,58.040702
4.848100,58.041015
4.848200,58.040771
4.848300,58.040401
4.848400,58.040698
4.848500,58.040760
4.848600,58.040407
4.848700,58.040226
4.848800,58.040076
4.848900,58.040296
4.849000,58.039545
4.849100,58.039666
4.849200,58.039801
4.849300,58.039694
4.849400,58.039833
4.849500,58.040013
4.849600,58.039150
4.849700,58.039647
4.849800,58.039701
4.849900,58.039776
4.850000,58.039215
4.850100,58.039703
4.850200,58.039330
4.850300,58.039307
4.850400,58.039510
4.850500,58.038533
4.850600,58.038174
4.850700,58.039208
4.850800,58.039064
4.850900,58.039152
4.851000,58.039597
4.851100,58.038844
4.851200,58.037886
4.851300,58.038559
4.851400,58.038458
4.851500,58.037766
4.851600,58.039708
4.851700,58.039954
4.851800,58.042111
4.851900,58.042700
4.852000,58.042292
4.852100,58.041618
4.852200,58.040699
4.852300,58.038906
4.852400,58.037795
4.852500,58.035543
4.852600,58.032617
4.852700,58.035257
4.852800,58.043671
4.852900,58.048951
4.853000,58.051513
4.853100,58.059762
4.853200,58.051997
4.853300,58.063569
4.853400,58.056960
4.853500,58.054065
4.853600,58.071526
4.853700,58.090637
4.853800,58.082136
4.853900,58.070713
4.854000,58.067889
4.854100,58.072772
4.854200,58.076344
4.854300,58.075645
4.854400,58.075465
4.854500,58.075377
4.854600,58.075154
4.854700,58.073859
4.854800,58.073518
4.854900,58.072425
4.855000,58.072826
4.855100,58.073165
4.855200,58.073583
4.855300,58.074136
4.855400,58.073822
4.855500,58.072978
4.855600,58.073134
4.855700,58.073011
4.855800,58.073690
4.855900,58.073556
4.856000,58.072940
4.856100,58.072818
4.856200,58.073295
4.856300,58.073346
4.856400,58.073172
4.856500,58.072813
4.856600,58.073326
4.856700,58.072782
4.856800,58.072964
4.856900,58.072732
4.857000,58.072847
4.857100,58.073019
4.857200,58.073202
4.857300,58.072968
4.857400,58.072678
4.857500,58.072562
4.857600,58.072455
4.857700,58.072822
4.857800,58.072265
4.857900,58.072221
4.858000,58.072062
4.858100,58.071954
4.858200,58.071874
4.858300,58.072171
4.858400,58.072153
4.858500,58.072253
4.858600,58.072089
4.858700,58.071998
4.858800,58.072613
4.858900,58.072316
4.859000,58.071551
4.859100,58.071362
4.859200,58.071665
4.859300,58.071505
4.859400,58.071733
4.859500,58.072018
4.859600,58.071082
4.859700,58.070272
4.859800,58.072160
4.859900,58.071606
4.860000,58.070397
4.860100,58.071432
4.860200,58.070202
4.860300,58.071138
4.860400,58.071784
4.860500,58.070690
4.860600,58.067184
4.860700,58.068726
4.860800,58.072357
4.860900,58.071276
4.861000,58.073010
4.861100,58.074120
4.861200,58.068503
4.861300,58.068066
4.861400,58.068963
4.861500,58.078452
4.861600,58.083895
4.861700,58.079387
4.861800,58.087289
4.861900,58.088991
4.862000,58.081891
4.862100,58.085515
4.862200,58.094528
4.862300,58.114250
4.862400,58.109258
4.862500,58.109025
4.862600,58.108789
4.862700,58.105161
4.862800,58.103601
4.862900,58.104188
4.863000,58.104295
4.863100,58.103782
4.863200,58.102549
4.863300,58.104148
4.863400,58.102578
4.863500,58.102757
4.863600,58.102511
4.863700,58.101137
4.863800,58.101949
4.863900,58.102788
4.864000,58.103158
4.864100,58.102729
4.864200,58.102931
4.864300,58.102666
4.864400,58.102371
4.864500,58.102396
4.864600,58.102353
4.864700,58.102385
4.864800,58.102318
4.864900,58.102507
4.865000,58.102790
4.865100,58.102183
4.865200,58.102278
4.865300,58.102194
4.865400,58.102480
4.865500,58.102486
4.865600,58.102136
4.865700,58.101840
4.865800,58.102114
4.865900,58.102078
4.866000,58.101964
4.866100,58.101826
4.866200,58.101783
4.866300,58.101757
4.866400,58.101739
4.866500,58.101488
4.866600,58.101915
4.866700,58.101989
4.866800,58.101605
4.866900,58.101670
4.867000,58.101480
4.867100,58.101010
4.867200,58.101579
4.867300,58.101133
4.867400,58.101723
4.867500,58.102025
4.867600,58.101648
4.867700,58.100931
4.867800,58.101734
4.867900,58.101708
4.868000,58.101523
4.868100,58.100963
4.868200,58.100608
4.868300,58.101156
4.868400,58.101460
4.868500,58.101099
4.868600,58.100431
4.868700,58.099989
4.868800,58.098954
4.868900,58.100470
4.869000,58.097774
4.869100,58.098179
4.869200,58.101637
4.869300,58.100535
4.869400,58.102257
4.869500,58.098397
4.869600,58.093203
4.869700,58.097491
4.869800,58.092146
4.869900,58.093450
4.870000,58.087144
4.870100,58.094931
4.870200,58.096242
4.870300,58.082842
4.870400,58.091990
4.870500,58.091617
4.870600,58.101978
4.870700,58.090531
4.870800,58.073966
4.870900,58.082891
4.871000,58.083130
4.871100,58.077264
4.871200,58.067581
4.871300,58.072812
4.871400,58.072609
4.871500,58.071459
4.871600,58.071406
4.871700,58.070515
4.871800,58.070450
4.871900,58.070299
4.872000,58.070540
4.872100,58.069992
4.872200,58.070171
4.872300,58.070706
4.872400,58.070723
4.872500,58.069585
4.872600,58.070388
4.872700,58.070031
4.872800,58.070798
4.872900,58.070136
4.873000,58.069841
4.873100,58.069341
4.873200,58.069843
4.873300,58.069543
4.873400,58.069654
4.873500,58.069799
4.873600,58.069486
4.873700,58.069400
4.873800,58.069601
4.873900,58.069740
4.874000,58.069354
4.874100,58.069326
4.874200,58.069373
4.874300,58.069041
4.874400,58.069082
4.874500,58.068892
4.874600,58.068880
4.874700,58.069186
4.874800,58.069108
4.874900,58.069207
4.875000,58.068905
4.875100,58.069004
4.875200,58.068831
4.875300,58.069011
4.875400,58.068753
4.875500,58.068377
4.875600,58.068642
4.875700,58.068403
4.875800,58.067627
4.875900,58.068212
4.876000,58.067246
4.876100,58.068301
4.876200,58.068348
4.876300,58.068764
4.876400,58.068627
4.876500,58.068193
4.876600,58.068648
4.876700,58.068042
4.876800,58.068216
4.876900,58.068297
4.877000,58.067995
4.877100,58.068857
4.877200,58.068090
4.877300,58.067421
4.877400,58.068201
4.877500,58.066893
4.877600,58.066919
4.877700,58.068234
4.877800,58.068793
4.877900,58.068052
4.878000,58.066748
4.878100,58.064018
4.878200,58.062005
4.878300,58.066257
4.878400,58.065122
4.878500,58.072059
4.878600,58.071342
4.878700,58.068451
4.878800,58.070313
4.878900,58.075643
4.879000,58.064218
4.879100,58.054482
4.879200,58.042580
4.879300,58.048096
4.879400,58.044959
4.879500,58.057451
4.879600,58.052354
4.879700,58.057759
4.879800,58.063637
4.879900,58.057488
4.880000,58.060990
4.880100,58.059688
4.880200,58.059667
4.880300,58.059787
4.880400,58.059278
4.880500,58.060167
4.880600,58.059816
4.880700,58.058860
4.880800,58.058647
4.880900,58.059767
4.881000,58.060556
4.881100,58.060429
4.881200,58.059970
4.881300,58.059170
4.881400,58.059867
4.881500,58.059536
4.881600,58.059377
4.881700,58.059359
4.881800,58.059207
4.881900,58.059109
4.882000,58.059110
4.882100,58.059361
4.882200,58.058986
4.882300,58.059141
4.882400,58.058688
4.882500,58.058731
4.882600,58.059122
4.882700,58.058950
4.882800,58.058512
4.882900,58.058292
4.883000,58.058459
4.883100,58.058498
4.883200,58.058551
4.883300,58.057970
4.883400,58.058240
4.883500,58.058463
4.883600,58.058205
4.883700,58.058091
4.883800,58.057942
4.883900,58.058317
4.884000,58.058086
4.884100,58.057470
4.884200,58.057956
4.884300,58.058030
4.884400,58.058111
4.884500,58.057153
4.884600,58.057553
4.884700,58.057588
4.884800,58.057449
4.884900,58.057857
4.885000,58.057741
4.885100,58.057652
4.885200,58.057870
4.885300,58.057420
4.885400,58.057503
4.885500,58.058179
4.885600,58.056719
4.885700,58.058471
4.885800,58.058963
4.885900,58.058072
4.886000,58.058928
4.886100,58.057502
4.886200,58.056477
4.886300,58.056692
4.886400,58.056760
4.886500,58.056496
4.886600,58.054373
4.886700,58.055713
4.886800,58.054972
4.886900,58.060731
4.887000,58.060794
4.887100,58.054268
4.887200,58.046594
4.887300,58.045430
4.887400,58.047622
4.887500,58.046771
4.887600,58.040713
4.887700,58.056109
4.887800,58.070864
4.887900,58.060221
4.888000,58.055169
4.888100,58.041781
4.888200,58.056606
4.888300,58.059205
4.888400,58.049862
4.888500,58.052681
4.888600,58.051976
4.888700,58.051661
4.888800,58.051676
4.888900,58.052315
4.889000,58.052697
4.889100,58.051750
4.889200,58.052624
4.889300,58.053977
4.889400,58.052865
4.889500,58.052411
4.889600,58.052991
4.889700,58.052063
4.889800,58.052020
4.889900,58.051984
4.890000,58.051646
4.890100,58.051475
4.890200,58.051745
4.890300,58.051719
4.890400,58.051716
4.890500,58.051829
4.890600,58.051833
4.890700,58.051844
4.890800,58.051800
4.890900,58.051709
4.891000,58.051626
4.891100,58.051370
4.891200,58.051141
4.891300,58.051270
4.891400,58.051250
4.891500,58.051338
4.891600,58.051258
4.891700,58.051075
4.891800,58.051120
4.891900,58.050965
4.892000,58.051254
4.892100,58.051117
4.892200,58.050543
4.892300,58.050310
4.892400,58.050984
4.892500,58.050612
4.892600,58.050668
4.892700,58.050891
4.892800,58.050708
4.892900,58.050482
4.893000,58.049921
4.893100,58.050570
4.893200,58.050532
4.893300,58.050355
4.893400,58.050185
4.893500,58.050616
4.893600,58.050619
4.893700,58.050297
4.893800,58.050361
4.893900,58.049903
4.894000,58.049792
4.894100,58.050544
4.894200,58.049895
4.894300,58.051536
4.894400,58.050613
4.894500,58.049485
4.894600,58.050128
4.894700,58.049725
4.894800,58.048907
4.894900,58.051537
4.895000,58.048359
4.895100,58.048075
4.895200,58.046118
4.895300,58.047050
4.895400,58.042685
4.895500,58.046615
4.895600,58.045440
4.895700,58.041247
4.895800,58.044121
4.895900,58.045097
4.896000,58.052605
4.896100,58.055985
4.896200,58.047716
4.896300,58.045785
4.896400,58.037180
4.896500,58.015022
4.896600,58.013737
4.896700,58.018200
4.896800,58.017313
4.896900,58.028912
4.897000,58.032144
4.897100,58.032919
4.897200,58.036502
4.897300,58.034579
4.897400,58.034533
4.897500,58.034846
4.897600,58.033309
4.897700,58.034960
4.897800,58.035336
4.897900,58.035744
4.898000,58.034369
4.898100,58.035431
4.898200,58.035135
4.898300,58.034840
4.898400,58.034598
4.898500,58.035413
4.898600,58.035291
4.898700,58.034849
4.898800,58.035183
4.898900,58.034806
4.899000,58.034691
4.899100,58.034535
4.899200,58.034688
4.899300,58.034614
4.899400,58.034666
4.899500,58.034126
4.899600,58.034170
4.899700,58.034217
4.899800,58.033897
4.899900,58.034065
4.900000,58.033997
4.900100,58.033971
4.900200,58.033760
4.900300,58.033312
4.900400,58.033491
4.900500,58.033957
4.900600,58.033251
4.900700,58.033852
4.900800,58.033836
4.900900,58.033896
4.901000,58.033325
4.901100,58.033592
4.901200,58.033201
4.901300,58.032840
4.901400,58.033128
4.901500,58.033428
4.901600,58.033547
4.901700,58.033099
4.901800,58.033562
4.901900,58.033594
4.902000,58.032672
4.902100,58.032905
4.902200,58.033118
4.902300,58.033728
4.902400,58.033184
4.902500,58.033169
4.902600,58.033438
4.902700,58.033846
4.902800,58.033434
4.902900,58.032590
4.903000,58.032443
4.903100,58.033613
4.903200,58.031869
4.903300,58.031854
4.903400,58.031330
4.903500,58.029202
4.903600,58.029057
4.903700,58.031162
4.903800,58.032995
4.903900,58.034256
4.904000,58.035874
4.904100,58.033649
4.904200,58.030884
4.904300,58.034983
4.904400,58.033291
4.904500,58.034323
4.904600,58.032996
4.904700,58.024290
4.904800,58.013221
4.904900,58.006645
4.905000,57.994281
4.905100,58.014340
4.905200,58.022113
4.905300,58.017534
4.905400,58.021454
4.905500,58.035098
4.905600,58.022886
4.905700,58.018491
4.905800,58.022540
4.905900,58.020420
4.906000,58.020066
4.906100,58.020252
4.906200,58.020230
4.906300,58.019436
4.906400,58.021148
4.906500,58.019210
4.906600,58.018553
4.906700,58.018477
4.906800,58.018254
4.906900,58.017864
4.907000,58.016936
4.907100,58.017093
4.907200,58.017947
4.907300,58.017938
4.907400,58.017559
4.907500,58.016919
4.907600,58.016817
4.907700,58.017073
4.907800,58.017107
4.907900,58.016751
4.908000,58.016923
4.908100,58.016737
4.908200,58.016606
4.908300,58.016541
4.908400,58.017023
4.908500,58.016758
4.908600,58.017069
4.908700,58.016598
4.908800,58.017019
4.908900,58.016414
4.909000,58.016413
4.909100,58.016745
4.909200,58.016664
4.909300,58.016563
4.909400,58.016214
4.909500,58.016004
4.909600,58.015991
4.909700,58.015990
4.909800,58.015721
4.909900,58.015996
4.910000,58.015920
4.910100,58.015954
4.910200,58.015738
4.910300,58.015670
4.910400,58.015347
4.910500,58.015247
4.910600,58.015347
4.910700,58.015376
4.910800,58.015707
4.910900,58.014400
4.911000,58.015705
4.911100,58.014865
4.911200,58.014968
4.911300,58.015272
4.911400,58.014535
4.911500,58.014914
4.911600,58.014739
4.911700,58.014760
4.911800,58.016606
4.911900,58.015103
4.912000,58.016318
4.912100,58.016728
4.912200,58.014536
4.912300,58.012509
4.912400,58.012179
4.912500,58.012325
4.912600,58.014250
4.912700,58.017469
4.912800,58.021008
4.912900,58.024252
4.913000,58.021456
4.913100,58.022921
4.913200,58.033403
4.913300,58.036607
4.913400,58.046976
4.913500,58.030184
4.913600,58.030593
4.913700,58.035428
4.913800,58.040455
4.913900,58.032628
4.914000,58.024334
4.914100,58.034521
4.914200,58.044714
4.914300,58.042845
4.914400,58.041939
4.914500,58.042419
4.914600,58.041766
4.914700,58.041672
4.914800,58.040891
4.914900,58.039777
4.915000,58.040155
4.915100,58.039154
4.915200,58.040765
4.915300,58.040305
4.915400,58.039675
4.915500,58.039776
4.915600,58.039284
4.915700,58.039016
4.915800,58.039871
4.915900,58.039560
4.916000,58.039622
4.916100,58.039346
4.916200,58.039296
4.916300,58.039135
4.916400,58.039308
4.916500,58.039138
4.916600,58.039172
4.916700,58.038650
4.916800,58.039171
4.916900,58.038888
4.917000,58.038699
4.917100,58.038575
4.917200,58.038294
4.917300,58.038541
4.917400,58.038492
4.917500,58.038992
4.917600,58.038453
4.917700,58.038796
4.917800,58.038325
4.917900,58.038299
4.918000,58.037822
4.918100,58.037925
4.918200,58.038134
4.918300,58.038481
4.918400,58.037900
4.918500,58.038088
4.918600,58.037729
4.918700,58.037894
4.918800,58.038023
4.918900,58.038162
4.919000,58.037817
4.919100,58.037668
4.919200,58.037502
4.919300,58.038069
4.919400,58.038045
4.919500,58.037776
4.919600,58.038146
4.919700,58.037743
4.919800,58.037977
4.919900,58.037968
4.920000,58.037355
4.920100,58.038364
4.920200,58.037671
4.920300,58.037381
4.920400,58.038249
4.920500,58.037713
4.920600,58.036489
4.920700,58.033830
4.920800,58.030898
4.920900,58.034471
4.921000,58.037095
4.921100,58.034522
4.921200,58.033667
4.921300,58.032033
4.921400,58.033304
4.921500,58.036721
4.921600,58.032671
4.921700,58.030962
4.921800,58.032711
4.921900,58.030232
4.922000,58.027858
4.922100,58.026624
4.922200,58.035621
4.922300,58.017948
4.922400,58.005353
4.922500,58.009328
4.922600,58.025725
4.922700,58.041104
4.922800,58.036374
4.922900,58.032498
4.923000,58.031808
4.923100,58.033692
4.923200,58.032315
4.923300,58.032239
4.923400,58.032321
4.923500,58.031724
4.923600,58.033246
4.923700,58.033432
4.923800,58.031842
4.923900,58.032558
4.924000,58.033287
4.924100,58.032077
4.924200,58.032287
4.924300,58.032261
4.924400,58.031716
4.924500,58.031897
4.924600,58.032590
4.924700,58.032637
4.924800,58.032496
4.924900,58.032240
4.925000,58.032134
4.925100,58.032182
4.925200,58.032156
4.925300,58.032363
4.925400,58.032013
4.925500,58.032181
4.925600,58.032403
4.925700,58.031813
4.925800,58.031869
4.925900,58.031938
4.926000,58.031998
4.926100,58.032154
4.926200,58.031861
4.926300,58.031507
4.926400,58.032047
4.926500,58.031485
4.926600,58.031801
4.926700,58.031762
4.926800,58.031285
4.926900,58.031253
4.927000,58.031305
4.927100,58.031168
4.927200,58.031491
4.927300,58.031163
4.927400,58.031268
4.927500,58.030997
4.927600,58.031233
4.927700,58.030543
4.927800,58.030888
4.927900,58.030515
4.928000,58.030883
4.928100,58.031001
4.928200,58.031618
4.928300,58.031595
4.928400,58.031400
4.928500,58.031180
4.928600,58.030854
4.928700,58.030435
4.928800,58.029579
4.928900,58.029793
4.929000,58.030295
4.929100,58.029914
4.929200,58.030534
4.929300,58.031812
4.929400,58.031076
4.929500,58.031073
4.929600,58.032978
4.929700,58.028964
4.929800,58.028411
4.929900,58.027463
4.930000,58.028604
4.930100,58.027029
4.930200,58.032909
4.930300,58.029815
4.930400,58.027562
4.930500,58.021024
4.930600,58.034774
4.930700,58.032978
4.930800,58.037554
4.930900,58.034915
4.931000,58.018069
4.931100,58.027971
4.931200,58.029967
4.931300,58.047762
4.931400,58.056112
4.931500,58.056562
4.931600,58.051194
4.931700,58.050823
4.931800,58.050647
4.931900,58.050641
4.932000,58.051150
4.932100,58.050162
4.932200,58.051725
4.932300,58.051105
4.932400,58.050025
4.932500,58.051158
4.932600,58.050657
4.932700,58.049812
4.932800,58.049915
4.932900,58.049819
4.933000,58.050351
4.933100,58.050553
4.933200,58.050197
4.933300,58.050221
4.933400,58.050069
4.933500,58.050185
4.933600,58.049586
4.933700,58.049577
4.933800,58.049979
4.933900,58.049684
4.934000,58.050057
4.934100,58.049469
4.934200,58.049883
4.934300,58.049667
4.934400,58.049911
4.934500,58.049250
4.934600,58.049185
4.934700,58.049275
4.934800,58.049129
4.934900,58.049015
4.935000,58.049441
4.935100,58.049322
4.935200,58.049555
4.935300,58.049287
4.935400,58.049322
4.935500,58.049008
4.935600,58.048700
4.935700,58.049006
4.935800,58.048617
4.935900,58.048827
4.936000,58.049258
4.936100,58.049142
4.936200,58.048888
4.936300,58.048785
4.936400,58.048649
4.936500,58.048727
4.936600,58.048705
4.936700,58.049095
4.936800,58.048734
4.936900,58.049315
4.937000,58.048753
4.937100,58.048307
4.937200,58.047762
4.937300,58.047632
4.937400,58.047542
4.937500,58.048164
4.937600,58.047204
4.937700,58.047951
4.937800,58.046537
4.937900,58.047342
4.938000,58.047486
4.938100,58.046609
4.938200,58.049073
4.938300,58.051000
4.938400,58.046685
4.938500,58.048033
4.938600,58.046289
4.938700,58.043304
4.938800,58.047443
4.938900,58.038762
4.939000,58.044038
4.939100,58.049414
4.939200,58.062947
4.939300,58.070910
4.939400,58.062198
4.939500,58.065441
4.939600,58.043183
4.939700,58.025703
4.939800,58.005133
4.939900,58.022203
4.940000,58.020653
4.940100,58.031224
4.940200,58.032479
4.940300,58.031971
4.940400,58.030989
4.940500,58.031013
4.940600,58.031277
4.940700,58.030681
4.940800,58.029298
4.940900,58.029091
4.941000,58.029427
4.941100,58.029164
4.941200,58.029102
4.941300,58.030252
4.941400,58.029186
4.941500,58.029520
4.941600,58.029465
4.941700,58.029260
4.941800,58.029997
4.941900,58.029590
4.942000,58.029404
4.942100,58.029073
4.942200,58.028832
4.942300,58.028850
4.942400,58.028874
4.942500,58.029448
4.942600,58.029225
4.942700,58.029162
4.942800,58.028597
4.942900,58.028657
4.943000,58.028968
4.943100,58.028411
4.943200,58.028378
4.943300,58.028643
4.943400,58.028147
4.943500,58.028474
4.943600,58.028638
4.943700,58.028671
4.943800,58.028199
4.943900,58.028124
4.944000,58.028528
4.944100,58.027992
4.944200,58.028201
4.944300,58.028224
4.944400,58.028004
4.944500,58.027693
4.944600,58.027674
4.944700,58.027795
4.944800,58.027795
4.944900,58.028227
4.945000,58.027404
4.945100,58.028119
4.945200,58.028039
4.945300,58.027525
4.945400,58.027319
4.945500,58.027346
4.945600,58.027995
4.945700,58.028034
4.945800,58.026436
4.945900,58.027519
4.946000,58.027803
4.946100,58.027428
4.946200,58.027760
4.946300,58.026299
4.946400,58.026784
4.946500,58.024321
4.946600,58.026358
4.946700,58.026387
4.946800,58.026834
4.946900,58.030640
4.947000,58.027628
4.947100,58.027551
4.947200,58.026663
4.947300,58.028381
4.947400,58.028647
4.947500,58.030258
4.947600,58.025843
4.947700,58.024702
4.947800,58.028065
4.947900,58.027746
4.948000,58.034546
4.948100,58.053171
4.948200,58.059783
4.948300,58.063609
4.948400,58.044337
4.948500,58.060175
4.948600,58.051726
4.948700,58.052971
4.948800,58.055057
4.948900,58.056798
4.949000,58.054854
4.949100,58.054708
4.949200,58.054671
4.949300,58.054104
4.949400,58.054408
4.949500,58.055042
4.949600,58.054383
4.949700,58.053559
4.949800,58.053989
4.949900,58.054095
4.950000,58.054159
4.950100,58.053373
4.950200,58.052872
4.950300,58.052849
4.950400,58.053053
4.950500,58.052852
4.950600,58.052592
4.950700,58.052586
4.950800,58.052622
4.950900,58.052737
4.951000,58.052409
4.951100,58.052715
4.951200,58.053037
4.951300,58.052590
4.951400,58.052431
4.951500,58.052469
4.951600,58.052053
4.951700,58.052483
4.951800,58.052082
4.951900,58.052099
4.952000,58.051848
4.952100,58.051872
4.952200,58.052477
4.952300,58.052355
4.952400,58.052084
4.952500,58.051909
4.952600,58.051820
4.952700,58.051717
4.952800,58.051149
4.952900,58.051903
4.953000,58.051949
4.953100,58.051617
4.953200,58.051558
4.953300,58.051517
4.953400,58.051193
4.953500,58.051455
4.953600,58.051372
4.953700,58.051992
4.953800,58.051179
4.953900,58.050836
4.954000,58.050895
4.954100,58.051058
4.954200,58.051188
4.954300,58.050721
4.954400,58.050389
4.954500,58.051566
4.954600,58.051597
4.954700,58.051704
4.954800,58.051229
4.954900,58.050193
4.955000,58.051284
4.955100,58.050721
4.955200,58.049836
4.955300,58.049760
4.955400,58.050933
4.955500,58.053806
4.955600,58.053050
4.955700,58.053561
4.955800,58.048563
4.955900,58.043837
4.956000,58.043684
4.956100,58.046862
4.956200,58.040517
4.956300,58.042502
4.956400,58.038774
4.956500,58.054805
4.956600,58.040507
4.956700,58.019467
4.956800,58.004717
4.956900,57.987956
4.957000,57.968173
4.957100,57.969365
4.957200,57.986563
4.957300,57.984077
4.957400,57.979123
4.957500,57.979465
4.957600,57.981530
4.957700,57.982384
4.957800,57.982529
4.957900,57.982730
4.958000,57.982083
4.958100,57.981072
4.958200,57.980300
4.958300,57.981490
4.958400,57.980336
4.958500,57.980946
4.958600,57.981996
4.958700,57.981827
4.958800,57.981933
4.958900,57.980905
4.959000,57.981464
4.959100,57.982063
4.959200,57.981151
4.959300,57.981101
4.959400,57.981501
4.959500,57.981171
4.959600,57.981494
4.959700,57.980949
4.959800,57.981046
4.959900,57.981102
4.960000,57.981092
4.960100,57.980836
4.960200,57.980821
4.960300,57.980457
4.960400,57.980962
4.960500,57.980713
4.960600,57.980573
4.960700,57.980473
4.960800,57.980390
4.960900,57.980372
4.961000,57.980096
4.961100,57.980027
4.961200,57.980611
4.961300,57.980543
4.961400,57.980214
4.961500,57.980176
4.961600,57.980159
4.961700,57.980010
4.961800,57.979801
4.961900,57.980436
4.962000,57.980767
4.962100,57.980155
4.962200,57.980038
4.962300,57.979130
4.962400,57.979789
4.962500,57.979978
4.962600,57.980225
4.962700,57.979508
4.962800,57.978683
4.962900,57.978718
4.963000,57.979634
4.963100,57.977973
4.963200,57.979788
4.963300,57.980624
4.963400,57.981018
4.963500,57.980170
4.963600,57.980534
4.963700,57.978786
4.963800,57.978306
4.963900,57.980320
4.964000,57.979486
4.964100,57.979069
4.964200,57.981190
4.964300,57.980719
4.964400,57.981442
4.964500,57.978319
4.964600,57.981784
4.964700,57.986061
4.964800,57.980543
4.964900,57.982652
4.965000,57.992019
4.965100,57.999153
4.965200,57.996939
4.965300,57.984366
4.965400,57.990219
4.965500,57.976098
4.965600,57.994838
4.965700,58.004516
4.965800,58.003769
4.965900,58.010281
4.966000,58.013655
4.966100,58.011601
4.966200,58.012784
4.966300,58.013932
4.966400,58.013825
4.966500,58.013726
4.966600,58.014988
4.966700,58.013852
4.966800,58.013965
4.966900,58.013662
4.967000,58.014794
4.967100,58.014975
4.967200,58.015067
4.967300,58.014284
4.967400,58.014464
4.967500,58.014234
4.967600,58.014124
4.967700,58.014054
4.967800,58.013864
4.967900,58.014153
4.968000,58.014151
4.968100,58.013873
4.968200,58.014029
4.968300,58.013929
4.968400,58.013851
4.968500,58.013484
4.968600,58.013306
4.968700,58.013542
4.968800,58.013785
4.968900,58.013705
4.969000,58.013603
4.969100,58.013856
4.969200,58.013696
4.969300,58.013545
4.969400,58.013397
4.969500,58.013242
4.969600,58.013260
4.969700,58.013389
4.969800,58.013707
4.969900,58.013091
4.970000,58.013220
4.970100,58.013492
4.970200,58.012911
4.970300,58.012773
4.970400,58.012600
4.970500,58.012348
4.970600,58.013303
4.970700,58.013375
4.970800,58.012659
4.970900,58.012471
4.971000,58.011982
4.971100,58.012119
4.971200,58.012924
4.971300,58.013099
4.971400,58.014027
4.971500,58.013331
4.971600,58.012496
4.971700,58.012210
4.971800,58.011000
4.971900,58.011274
4.972000,58.012021
4.972100,58.014145
4.972200,58.013114
4.972300,58.013253
4.972400,58.013445
4.972500,58.012275
4.972600,58.013446
4.972700,58.012497
4.972800,58.012158
4.972900,58.010710
4.973000,58.010569
4.973100,58.014558
4.973200,58.021572
4.973300,58.017906
4.973400,58.014698
4.973500,58.005433
4.973600,58.015710
4.973700,58.002701
4.973800,58.002065
4.973900,58.016725
4.974000,58.032487
4.974100,58.041270
4.974200,58.042990
4.974300,58.035840
4.974400,58.046208
4.974500,58.044506
4.974600,58.049804
4.974700,58.044978
4.974800,58.045927
4.974900,58.045666
4.975000,58.045817
4.975100,58.045503
4.975200,58.045878
4.975300,58.045037
4.975400,58.046302
4.975500,58.046771
4.975600,58.046906
4.975700,58.046274
4.975800,58.046009
4.975900,58.046085
4.976000,58.045871
4.976100,58.045718
4.976200,58.045773
4.976300,58.045523
4.976400,58.044773
4.976500,58.045029
4.976600,58.044981
4.976700,58.044944
4.976800,58.044991
4.976900,58.045340
4.977000,58.045064
4.977100,58.045238
4.977200,58.045043
4.977300,58.045108
4.977400,58.044938
4.977500,58.045056
4.977600,58.045177
4.977700,58.044988
4.977800,58.044352
4.977900,58.044552
4.978000,58.044781
4.978100,58.044697
4.978200,58.044376
4.978300,58.044828
4.978400,58.044051
4.978500,58.044376
4.978600,58.044513
4.978700,58.044868
4.978800,58.044669
4.978900,58.044045
4.979000,58.044691
4.979100,58.044716
4.979200,58.044348
4.979300,58.043965
4.979400,58.043602
4.979500,58.043614
4.979600,58.042914
4.979700,58.043583
4.979800,58.043797
4.979900,58.044068
4.980000,58.044150
4.980100,58.043826
4.980200,58.043067
4.980300,58.042907
4.980400,58.043237
4.980500,58.042879
4.980600,58.042524
4.980700,58.041945
4.980800,58.044422
4.980900,58.043065
4.981000,58.045199
4.981100,58.043584
4.981200,58.044670
4.981300,58.043483
4.981400,58.044189
4.981500,58.042981
4.981600,58.042077
4.981700,58.036445
4.981800,58.041437
4.981900,58.042321
4.982000,58.045414
4.982100,58.046963
4.982200,58.036313
4.982300,58.029547
4.982400,58.039593
4.982500,58.031764
4.982600,58.032157
4.982700,58.032183
4.982800,58.012139
4.982900,58.025928
4.983000,58.019057
4.983100,58.018969
4.983200,58.025435
4.983300,58.021946
4.983400,58.023606
4.983500,58.022700
4.983600,58.023071
4.983700,58.023616
4.983800,58.021995
4.983900,58.021310
4.984000,58.021842
4.984100,58.022335
4.984200,58.021048
4.984300,58.021760
4.984400,58.021316
4.984500,58.020237
4.984600,58.020835
4.984700,58.020287
4.984800,58.020229
4.984900,58.020334
4.985000,58.019948
4.985100,58.019988
4.985200,58.019694
4.985300,58.020120
4.985400,58.020213
4.985500,58.020156
4.985600,58.019927
4.985700,58.020039
4.985800,58.020107
4.985900,58.020140
4.986000,58.019908
4.986100,58.020135
4.986200,58.019830
4.986300,58.019862
4.986400,58.019857
4.986500,58.019448
4.986600,58.019452
4.986700,58.019459
4.986800,58.019703
4.986900,58.019669
4.987000,58.019618
4.987100,58.019739
4.987200,58.019322
4.987300,58.019179
4.987400,58.018844
4.987500,58.019065
4.987600,58.018549
4.987700,58.018896
4.987800,58.019656
4.987900,58.019801
4.988000,58.019110
4.988100,58.018709
4.988200,58.019499
4.988300,58.019519
4.988400,58.019205
4.988500,58.019145
4.988600,58.018884
4.988700,58.017447
4.988800,58.018341
4.988900,58.018382
4.989000,58.018424
4.989100,58.017644
4.989200,58.017227
4.989300,58.018624
4.989400,58.019634
4.989500,58.020274
4.989600,58.019905
4.989700,58.018114
4.989800,58.016742
4.989900,58.019063
4.990000,58.020324
4.990100,58.018874
4.990200,58.018863
4.990300,58.020636
4.990400,58.016090
4.990500,58.012496
4.990600,58.017606
4.990700,58.015871
4.990800,58.010825
4.990900,58.012255
4.991000,58.015507
4.991100,58.009988
4.991200,58.000589
4.991300,58.023361
4.991400,58.012684
4.991500,58.023156
4.991600,58.004835
4.991700,58.013882
4.991800,58.013273
4.991900,58.011530
4.992000,58.007708
4.992100,58.007531
4.992200,58.007479
4.992300,58.007093
4.992400,58.005852
4.992500,58.004892
4.992600,58.006374
4.992700,58.006353
4.992800,58.005912
4.992900,58.006570
4.993000,58.006864
4.993100,58.005711
4.993200,58.005503
4.993300,58.005293
4.993400,58.005256
4.993500,58.005163
4.993600,58.005726
4.993700,58.004949
4.993800,58.005134
4.993900,58.004770
4.994000,58.004990
4.994100,58.005197
4.994200,58.004983
4.994300,58.004896
4.994400,58.004893
4.994500,58.004455
4.994600,58.004633
4.994700,58.004711
4.994800,58.004566
4.994900,58.004685
4.995000,58.004707
4.995100,58.004745
4.995200,58.004517
4.995300,58.004120
4.995400,58.004306
4.995500,58.003821
4.995600,58.004054
4.995700,58.004133
4.995800,58.004296
4.995900,58.003975
4.996000,58.003777
4.996100,58.003702
4.996200,58.003753
4.996300,58.004061
4.996400,58.003568
4.996500,58.003469
4.996600,58.003221
4.996700,58.003548
4.996800,58.003867
4.996900,58.003438
4.997000,58.004344
4.997100,58.003160
4.997200,58.002360
4.997300,58.002757
4.997400,58.003041
4.997500,58.003856
4.997600,58.004102
4.997700,58.004761
4.997800,58.003426
4.997900,58.003397
4.998000,58.001704
4.998100,58.002326
4.998200,58.001940
4.998300,58.003128
4.998400,58.001146
4.998500,58.003153
4.998600,58.003483
4.998700,58.003781
4.998800,58.004636
4.998900,58.007980
4.999000,58.005985
4.999100,58.002638
4.999200,57.995462
4.999300,57.998533
4.999400,58.000041
4.999500,57.996532
4.999600,57.997755
4.999700,57.994006
4.999800,58.002626
4.999900,58.004772
