t,f_hat
2.500000,60.011094
2.500100,60.006956
2.500200,60.011616
2.500300,60.005906
2.500400,60.002425
2.500500,60.007165
2.500600,60.011323
2.500700,60.008345
2.500800,60.007804
2.500900,60.007195
2.501000,60.007262
2.501100,60.007118
2.501200,60.006582
2.501300,60.006257
2.501400,60.007796
2.501500,60.007623
2.501600,60.007417
2.501700,60.008007
2.501800,60.007394
2.501900,60.007396
2.502000,60.006982
2.502100,60.006802
2.502200,60.007036
2.502300,60.007481
2.502400,60.007311
2.502500,60.007266
2.502600,60.006751
2.502700,60.006417
2.502800,60.006643
2.502900,60.006777
2.503000,60.006921
2.503100,60.006713
2.503200,60.007128
2.503300,60.006685
2.503400,60.006402
2.503500,60.006577
2.503600,60.006576
2.503700,60.006701
2.503800,60.006717
2.503900,60.006448
2.504000,60.006214
2.504100,60.006557
2.504200,60.006939
2.504300,60.007302
2.504400,60.006676
2.504500,60.006660
2.504600,60.006680
2.504700,60.006915
2.504800,60.006742
2.504900,60.007029
2.505000,60.006719
2.505100,60.005988
2.505200,60.006280
2.505300,60.006647
2.505400,60.006800
2.505500,60.007431
2.505600,60.006743
2.505700,60.006075
2.505800,60.006475
2.505900,60.005794
2.506000,60.006543
2.506100,60.006021
2.506200,60.005684
2.506300,60.004443
2.506400,60.003892
2.506500,60.005497
2.506600,60.005713
2.506700,60.005182
2.506800,60.005408
2.506900,60.008090
2.507000,60.003418
2.507100,60.005356
2.507200,60.002683
2.507300,59.999174
2.507400,60.007274
2.507500,60.004799
2.507600,60.002751
2.507700,60.005178
2.507800,60.000968
2.507900,59.985531
2.508000,59.992394
2.508100,60.009951
2.508200,59.996871
2.508300,60.003645
2.508400,59.997418
2.508500,59.988149
2.508600,59.990289
2.508700,60.001114
2.508800,60.003018
2.508900,60.002205
2.509000,60.000515
2.509100,60.000104
2.509200,60.000161
2.509300,60.000189
2.509400,60.000481
2.509500,60.001832
2.509600,60.001454
2.509700,60.001334
2.509800,60.002088
2.509900,60.002263
2.510000,60.002079
2.510100,60.001988
2.510200,60.001491
2.510300,60.001480
2.510400,60.001252
2.510500,60.000862
2.510600,60.000141
2.510700,60.000838
2.510800,60.001061
2.510900,60.000922
2.511000,60.001018
2.511100,60.000994
2.511200,60.000994
2.511300,60.000987
2.511400,60.000979
2.511500,60.000981
2.511600,60.000992
2.511700,60.000978
2.511800,60.000956
2.511900,60.000969
2.512000,60.000973
2.512100,60.000972
2.512200,60.000946
2.512300,60.000931
2.512400,60.000943
2.512500,60.000914
2.512600,60.000866
2.512700,60.000846
2.512800,60.000890
2.512900,60.000913
2.513000,60.000925
2.513100,60.000871
2.513200,60.000876
2.513300,60.000856
2.513400,60.000852
2.513500,60.000768
2.513600,60.000739
2.513700,60.000769
2.513800,60.000839
2.513900,60.000771
2.514000,60.000707
2.514100,60.000791
2.514200,60.000826
2.514300,60.000771
2.514400,60.000722
2.514500,60.000799
2.514600,60.000779
2.514700,60.000782
2.514800,60.000759
2.514900,60.000699
2.515000,60.000685
2.515100,60.000630
2.515200,60.000708
2.515300,60.000642
2.515400,60.000612
2.515500,60.000545
2.515600,60.000571
2.515700,60.000544
2.515800,60.000563
2.515900,60.000495
2.516000,60.000488
2.516100,60.000374
2.516200,60.000375
2.516300,60.000408
2.516400,60.000567
2.516500,60.000550
2.516600,60.000498
2.516700,60.000653
2.516800,60.000732
2.516900,60.000653
2.517000,60.000677
2.517100,60.000634
2.517200,60.000426
2.517300,60.000368
2.517400,60.000603
2.517500,60.000468
2.517600,60.000595
2.517700,60.000870
2.517800,60.001019
2.517900,60.001222
2.518000,60.001449
2.518100,60.001459
2.518200,60.001513
2.518300,60.001426
2.518400,60.001452
2.518500,60.001657
2.518600,60.001609
2.518700,60.001668
2.518800,60.001728
2.518900,60.001688
2.519000,60.001672
2.519100,60.001686
2.519200,60.001686
2.519300,60.001689
2.519400,60.001701
2.519500,60.001684
2.519600,60.001711
2.519700,60.001705
2.519800,60.001750
2.519900,60.001775
2.520000,60.001780
2.520100,60.001729
2.520200,60.001641
2.520300,60.001597
2.520400,60.001584
2.520500,60.001572
2.520600,60.001495
2.520700,60.001490
2.520800,60.001515
2.520900,60.001399
2.521000,60.001491
2.521100,60.001605
2.521200,60.001554
2.521300,60.001527
2.521400,60.001441
2.521500,60.001358
2.521600,60.001098
2.521700,60.001210
2.521800,60.001011
2.521900,60.001162
2.522000,60.001131
2.522100,60.001257
2.522200,60.001112
2.522300,60.001395
2.522400,60.001314
2.522500,60.001027
2.522600,60.001063
2.522700,60.001207
2.522800,60.000972
2.522900,60.001121
2.523000,60.001006
2.523100,60.001308
2.523200,60.001260
2.523300,60.001407
2.523400,60.001516
2.523500,60.001531
2.523600,60.000854
2.523700,60.000792
2.523800,60.000661
2.523900,60.000647
2.524000,60.001177
2.524100,60.001368
2.524200,60.001624
2.524300,60.001591
2.524400,60.001307
2.524500,60.000643
2.524600,60.000737
2.524700,60.000751
2.524800,60.000762
2.524900,60.000757
2.525000,60.001023
2.525100,60.000982
2.525200,60.001376
2.525300,60.001883
2.525400,60.002698
2.525500,60.002472
2.525600,60.003071
2.525700,60.002446
2.525800,60.001536
2.525900,60.001027
2.526000,60.001031
2.526100,60.001178
2.526200,60.001808
2.526300,60.001663
2.526400,60.001296
2.526500,60.000896
2.526600,60.000926
2.526700,60.001138
2.526800,60.001279
2.526900,60.001465
2.527000,60.001559
2.527100,60.001636
2.527200,60.001628
2.527300,60.001641
2.527400,60.001628
2.527500,60.001665
2.527600,60.001601
2.527700,60.001626
2.527800,60.001641
2.527900,60.001674
2.528000,60.001711
2.528100,60.001449
2.528200,60.001359
2.528300,60.001390
2.528400,60.001143
2.528500,60.001095
2.528600,60.001043
2.528700,60.001109
2.528800,60.000984
2.528900,60.000955
2.529000,60.000961
2.529100,60.001151
2.529200,60.000841
2.529300,60.001062
2.529400,60.001237
2.529500,60.001663
2.529600,60.001446
2.529700,60.001512
2.529800,60.001413
2.529900,60.001481
2.530000,60.001685
2.530100,60.001549
2.530200,60.001291
2.530300,60.001074
2.530400,60.000746
2.530500,60.000462
2.530600,59.999864
2.530700,59.999626
2.530800,59.999940
2.530900,59.999930
2.531000,59.999501
2.531100,59.999013
2.531200,59.998878
2.531300,59.999218
2.531400,60.000024
2.531500,59.999936
2.531600,60.000379
2.531700,60.000346
2.531800,60.000395
2.531900,59.999288
2.532000,59.999381
2.532100,59.997913
2.532200,59.998585
2.532300,59.999255
2.532400,60.000659
2.532500,59.999517
2.532600,59.999819
2.532700,59.999556
2.532800,59.999309
2.532900,60.000368
2.533000,60.000226
2.533100,60.000228
2.533200,59.999462
2.533300,60.000668
2.533400,59.999401
2.533500,59.997371
2.533600,59.996821
2.533700,59.994815
2.533800,59.993873
2.533900,59.991629
2.534000,59.993309
2.534100,59.990632
2.534200,59.990457
2.534300,59.990456
2.534400,59.991778
2.534500,59.993915
2.534600,59.993746
2.534700,59.993983
2.534800,59.993784
2.534900,59.994528
2.535000,59.994829
2.535100,59.994735
2.535200,59.994729
2.535300,59.994808
2.535400,59.994789
2.535500,59.994709
2.535600,59.994847
2.535700,59.994770
2.535800,59.994657
2.535900,59.994676
2.536000,59.994892
2.536100,59.995222
2.536200,59.994555
2.536300,59.993894
2.536400,59.994766
2.536500,59.995094
2.536600,59.994625
2.536700,59.994527
2.536800,59.995124
2.536900,59.994611
2.537000,59.994407
2.537100,59.994182
2.537200,59.994029
2.537300,59.993858
2.537400,59.993751
2.537500,59.993921
2.537600,59.994002
2.537700,59.994602
2.537800,59.994967
2.537900,59.995029
2.538000,59.994457
2.538100,59.994586
2.538200,59.994067
2.538300,59.994259
2.538400,59.993780
2.538500,59.993823
2.538600,59.993979
2.538700,59.994310
2.538800,59.994009
2.538900,59.993772
2.539000,59.993519
2.539100,59.993118
2.539200,59.993057
2.539300,59.993742
2.539400,59.993285
2.539500,59.993171
2.539600,59.993003
2.539700,59.993004
2.539800,59.993826
2.539900,59.992179
2.540000,59.991200
2.540100,59.991496
2.540200,59.992355
2.540300,59.991219
2.540400,59.991594
2.540500,59.991667
2.540600,59.992582
2.540700,59.992391
2.540800,59.992539
2.540900,59.994070
2.541000,59.995286
2.541100,59.993392
2.541200,59.994305
2.541300,59.992552
2.541400,59.994893
2.541500,59.994716
2.541600,59.992466
2.541700,59.991861
2.541800,59.993835
2.541900,59.990315
2.542000,59.992279
2.542100,59.996678
2.542200,59.996360
2.542300,59.992758
2.542400,59.993553
2.542500,59.991842
2.542600,59.990096
2.542700,59.990030
2.542800,59.989251
2.542900,59.989282
2.543000,59.989219
2.543100,59.989239
2.543200,59.989380
2.543300,59.989400
2.543400,59.989400
2.543500,59.989323
2.543600,59.989167
2.543700,59.989274
2.543800,59.989032
2.543900,59.989526
2.544000,59.989774
2.544100,59.989452
2.544200,59.989371
2.544300,59.989014
2.544400,59.989006
2.544500,59.988752
2.544600,59.988839
2.544700,59.988626
2.544800,59.988249
2.544900,59.988091
2.545000,59.987981
2.545100,59.988322
2.545200,59.988308
2.545300,59.988881
2.545400,59.988602
2.545500,59.988097
2.545600,59.988055
2.545700,59.988509
2.545800,59.988538
2.545900,59.988018
2.546000,59.988063
2.546100,59.987652
2.546200,59.987714
2.546300,59.987848
2.546400,59.987668
2.546500,59.987298
2.546600,59.987440
2.546700,59.987573
2.546800,59.987810
2.546900,59.987594
2.547000,59.987687
2.547100,59.987815
2.547200,59.987521
2.547300,59.988048
2.547400,59.988062
2.547500,59.987938
2.547600,59.987412
2.547700,59.988197
2.547800,59.988994
2.547900,59.989905
2.548000,59.989778
2.548100,59.988998
2.548200,59.987669
2.548300,59.988034
2.548400,59.988929
2.548500,59.988353
2.548600,59.989142
2.548700,59.988485
2.548800,59.988674
2.548900,59.992122
2.549000,59.996218
2.549100,59.998064
2.549200,59.994909
2.549300,59.992890
2.549400,59.993845
2.549500,59.989247
2.549600,59.991391
2.549700,59.995116
2.549800,59.987660
2.549900,59.990548
2.550000,59.986947
2.550100,59.987206
2.550200,59.994774
2.550300,60.001722
2.550400,60.003873
2.550500,59.998709
2.550600,60.000052
2.550700,60.003037
2.550800,60.005520
2.550900,60.004291
2.551000,60.004429
2.551100,60.004983
2.551200,60.004659
2.551300,60.004235
2.551400,60.004177
2.551500,60.004124
2.551600,60.004316
2.551700,60.004420
2.551800,60.003875
2.551900,60.003898
2.552000,60.003776
2.552100,60.003819
2.552200,60.003552
2.552300,60.003551
2.552400,60.003366
2.552500,60.003391
2.552600,60.003496
2.552700,60.003712
2.552800,60.004148
2.552900,60.004056
2.553000,60.004173
2.553100,60.003812
2.553200,60.003733
2.553300,60.003971
2.553400,60.003811
2.553500,60.003642
2.553600,60.003506
2.553700,60.003575
2.553800,60.003397
2.553900,60.003473
2.554000,60.003392
2.554100,60.003568
2.554200,60.003843
2.554300,60.003426
2.554400,60.003714
2.554500,60.003700
2.554600,60.003310
2.554700,60.003879
2.554800,60.003798
2.554900,60.003868
2.555000,60.004153
2.555100,60.003750
2.555200,60.004189
2.555300,60.004142
2.555400,60.004202
2.555500,60.003513
2.555600,60.002428
2.555700,60.001985
2.555800,60.002277
2.555900,60.002378
2.556000,60.003248
2.556100,60.002154
2.556200,60.002325
2.556300,60.003244
2.556400,60.004731
2.556500,60.003361
2.556600,60.002335
2.556700,60.001571
2.556800,60.001670
2.556900,60.002090
2.557000,60.000948
2.557100,60.001091
2.557200,59.999894
2.557300,60.000242
2.557400,60.003398
2.557500,60.005431
2.557600,60.005317
2.557700,60.006238
2.557800,60.006964
2.557900,60.016153
2.558000,60.009109
2.558100,60.005980
2.558200,59.999626
2.558300,59.998571
2.558400,59.999745
2.558500,60.001134
2.558600,60.005600
2.558700,60.001707
2.558800,60.002041
2.558900,60.002706
2.559000,60.005729
2.559100,60.004521
2.559200,60.005377
2.559300,60.003697
2.559400,60.003064
2.559500,60.003362
2.559600,60.003297
2.559700,60.003595
2.559800,60.003268
2.559900,60.003144
2.560000,60.003566
2.560100,60.003022
2.560200,60.002868
2.560300,60.002436
2.560400,60.003146
2.560500,60.003935
2.560600,60.004046
2.560700,60.004071
2.560800,60.004094
2.560900,60.004226
2.561000,60.003876
2.561100,60.003465
2.561200,60.003459
2.561300,60.003410
2.561400,60.003807
2.561500,60.003673
2.561600,60.003981
2.561700,60.004120
2.561800,60.004113
2.561900,60.003586
2.562000,60.003852
2.562100,60.003430
2.562200,60.002487
2.562300,60.002282
2.562400,60.002843
2.562500,60.003529
2.562600,60.002957
2.562700,60.003866
2.562800,60.003241
2.562900,60.003479
2.563000,60.002934
2.563100,60.002931
2.563200,60.003124
2.563300,60.002973
2.563400,60.003574
2.563500,60.003632
2.563600,60.003648
2.563700,60.003017
2.563800,60.002983
2.563900,60.002360
2.564000,60.003455
2.564100,60.003266
2.564200,60.002814
2.564300,60.003420
2.564400,60.002925
2.564500,60.002387
2.564600,60.002703
2.564700,60.002875
2.564800,60.002942
2.564900,60.002137
2.565000,60.002045
2.565100,59.999616
2.565200,60.000009
2.565300,60.001387
2.565400,60.002586
2.565500,59.999321
2.565600,60.003261
2.565700,60.004840
2.565800,60.004875
2.565900,60.001921
2.566000,60.000712
2.566100,59.997385
2.566200,59.996137
2.566300,59.995785
2.566400,59.987303
2.566500,59.980578
2.566600,59.974780
2.566700,59.977716
2.566800,59.996291
2.566900,59.984239
2.567000,59.984427
2.567100,59.987239
2.567200,59.992129
2.567300,59.988823
2.567400,59.988361
2.567500,59.988607
2.567600,59.988972
2.567700,59.988924
2.567800,59.989015
2.567900,59.989582
2.568000,59.989666
2.568100,59.989366
2.568200,59.988938
2.568300,59.988601
2.568400,59.988991
2.568500,59.989265
2.568600,59.989001
2.568700,59.987953
2.568800,59.988086
2.568900,59.988582
2.569000,59.988210
2.569100,59.988607
2.569200,59.988321
2.569300,59.989110
2.569400,59.988837
2.569500,59.988899
2.569600,59.989335
2.569700,59.988669
2.569800,59.988566
2.569900,59.988701
2.570000,59.988390
2.570100,59.988430
2.570200,59.988976
2.570300,59.988565
2.570400,59.988786
2.570500,59.988747
2.570600,59.988248
2.570700,59.988596
2.570800,59.988417
2.570900,59.988837
2.571000,59.988550
2.571100,59.988288
2.571200,59.988795
2.571300,59.988644
2.571400,59.988730
2.571500,59.988871
2.571600,59.988846
2.571700,59.988827
2.571800,59.989020
2.571900,59.989131
2.572000,59.988933
2.572100,59.988968
2.572200,59.988626
2.572300,59.988344
2.572400,59.988413
2.572500,59.988751
2.572600,59.988535
2.572700,59.988284
2.572800,59.988306
2.572900,59.988384
2.573000,59.988152
2.573100,59.988464
2.573200,59.988396
2.573300,59.988912
2.573400,59.988572
2.573500,59.988818
2.573600,59.989149
2.573700,59.988836
2.573800,59.988297
2.573900,59.988506
2.574000,59.989940
2.574100,59.990815
2.574200,59.991431
2.574300,59.992160
2.574400,59.991652
2.574500,59.989734
2.574600,59.988029
2.574700,59.986154
2.574800,59.986728
2.574900,59.988943
2.575000,59.987484
2.575100,59.987142
2.575200,59.987122
2.575300,59.986927
2.575400,59.989707
2.575500,59.993073
2.575600,59.996140
2.575700,59.995456
2.575800,59.997084
2.575900,59.998027
2.576000,59.997013
2.576100,59.997132
2.576200,59.996200
2.576300,59.995816
2.576400,59.995764
2.576500,59.995904
2.576600,59.995958
2.576700,59.995990
2.576800,59.996016
2.576900,59.995947
2.577000,59.996066
2.577100,59.996105
2.577200,59.996045
2.577300,59.996027
2.577400,59.995529
2.577500,59.995816
2.577600,59.995783
2.577700,59.995524
2.577800,59.995711
2.577900,59.995342
2.578000,59.995470
2.578100,59.995376
2.578200,59.995237
2.578300,59.995291
2.578400,59.995507
2.578500,59.995522
2.578600,59.995567
2.578700,59.995720
2.578800,59.996293
2.578900,59.996167
2.579000,59.996317
2.579100,59.996243
2.579200,59.995959
2.579300,59.996090
2.579400,59.996122
2.579500,59.996286
2.579600,59.996393
2.579700,59.996011
2.579800,59.996020
2.579900,59.995359
2.580000,59.995224
2.580100,59.995555
2.580200,59.996087
2.580300,59.996167
2.580400,59.996112
2.580500,59.996119
2.580600,59.995397
2.580700,59.995663
2.580800,59.995997
2.580900,59.995974
2.581000,59.996377
2.581100,59.996257
2.581200,59.996563
2.581300,59.995923
2.581400,59.996580
2.581500,59.998168
2.581600,59.997698
2.581700,59.997210
2.581800,59.995468
2.581900,59.996589
2.582000,59.997676
2.582100,59.997039
2.582200,59.998283
2.582300,59.997115
2.582400,59.996171
2.582500,59.995501
2.582600,59.995931
2.582700,59.997699
2.582800,59.992503
2.582900,59.993362
2.583000,59.995584
2.583100,59.991352
2.583200,59.989494
2.583300,59.992679
2.583400,59.993307
2.583500,59.993361
2.583600,59.994433
2.583700,59.989231
2.583800,59.995093
2.583900,59.991979
2.584000,59.993104
2.584100,59.992341
2.584200,59.992628
2.584300,59.993791
2.584400,59.994678
2.584500,59.993860
2.584600,59.994256
2.584700,59.994260
2.584800,59.994239
2.584900,59.994009
2.585000,59.993971
2.585100,59.993959
2.585200,59.994408
2.585300,59.994312
2.585400,59.994723
2.585500,59.994541
2.585600,59.994338
2.585700,59.994163
2.585800,59.994176
2.585900,59.994212
2.586000,59.994993
2.586100,59.994826
2.586200,59.994809
2.586300,59.994954
2.586400,59.994858
2.586500,59.995022
2.586600,59.995075
2.586700,59.994737
2.586800,59.995007
2.586900,59.995028
2.587000,59.995681
2.587100,59.995508
2.587200,59.994737
2.587300,59.994473
2.587400,59.994422
2.587500,59.994552
2.587600,59.994753
2.587700,59.994957
2.587800,59.994118
2.587900,59.993965
2.588000,59.994321
2.588100,59.994292
2.588200,59.994760
2.588300,59.994669
2.588400,59.994433
2.588500,59.993925
2.588600,59.994555
2.588700,59.995225
2.588800,59.995949
2.588900,59.995696
2.589000,59.995538
2.589100,59.995878
2.589200,59.995580
2.589300,59.993976
2.589400,59.995846
2.589500,59.997217
2.589600,59.995873
2.589700,59.996851
2.589800,59.995101
2.589900,59.994594
2.590000,59.995149
2.590100,59.993983
2.590200,59.992634
2.590300,59.992330
2.590400,59.991277
2.590500,59.989768
2.590600,59.987824
2.590700,59.988975
2.590800,59.989767
2.590900,59.992954
2.591000,59.992179
2.591100,59.999787
2.591200,59.997890
2.591300,59.995267
2.591400,60.002118
2.591500,59.995089
2.591600,59.997626
2.591700,59.995252
2.591800,59.985126
2.591900,59.990288
2.592000,59.989253
2.592100,59.990646
2.592200,59.992378
2.592300,59.996263
2.592400,59.996558
2.592500,59.995215
2.592600,59.994635
2.592700,59.993237
2.592800,59.993385
2.592900,59.993414
2.593000,59.993296
2.593100,59.993794
2.593200,59.993089
2.593300,59.993025
2.593400,59.992103
2.593500,59.992838
2.593600,59.993119
2.593700,59.992449
2.593800,59.992846
2.593900,59.992789
2.594000,59.992834
2.594100,59.992395
2.594200,59.992347
2.594300,59.992444
2.594400,59.992228
2.594500,59.992663
2.594600,59.992418
2.594700,59.992437
2.594800,59.992576
2.594900,59.992511
2.595000,59.992462
2.595100,59.992368
2.595200,59.992806
2.595300,59.992415
2.595400,59.992381
2.595500,59.992721
2.595600,59.992734
2.595700,59.992317
2.595800,59.993002
2.595900,59.992733
2.596000,59.992950
2.596100,59.992771
2.596200,59.992570
2.596300,59.992662
2.596400,59.992946
2.596500,59.992775
2.596600,59.992515
2.596700,59.992379
2.596800,59.991980
2.596900,59.991564
2.597000,59.992292
2.597100,59.992619
2.597200,59.992016
2.597300,59.992483
2.597400,59.992757
2.597500,59.991474
2.597600,59.992944
2.597700,59.992958
2.597800,59.993579
2.597900,59.992059
2.598000,59.992747
2.598100,59.993263
2.598200,59.995966
2.598300,59.993122
2.598400,59.991615
2.598500,59.991003
2.598600,59.994085
2.598700,59.993518
2.598800,59.993952
2.598900,59.995342
2.599000,59.994616
2.599100,59.996771
2.599200,59.994646
2.599300,59.999169
2.599400,59.996192
2.599500,59.991259
2.599600,59.995125
2.599700,60.000685
2.599800,60.003010
2.599900,60.000889
2.600000,60.006889
2.600100,60.013361
2.600200,60.027698
2.600300,60.018684
2.600400,60.017630
2.600500,60.014126
2.600600,60.010374
2.600700,60.011675
2.600800,60.013993
2.600900,60.014128
2.601000,60.014193
2.601100,60.014594
2.601200,60.014135
2.601300,60.013926
2.601400,60.014706
2.601500,60.013706
2.601600,60.013709
2.601700,60.012803
2.601800,60.013266
2.601900,60.013920
2.602000,60.014302
2.602100,60.014700
2.602200,60.014455
2.602300,60.014665
2.602400,60.014534
2.602500,60.015355
2.602600,60.014827
2.602700,60.014907
2.602800,60.014438
2.602900,60.014118
2.603000,60.014241
2.603100,60.014285
2.603200,60.014398
2.603300,60.014381
2.603400,60.014131
2.603500,60.014146
2.603600,60.013929
2.603700,60.014541
2.603800,60.014173
2.603900,60.014149
2.604000,60.013851
2.604100,60.013985
2.604200,60.013920
2.604300,60.013997
2.604400,60.014381
2.604500,60.014027
2.604600,60.014349
2.604700,60.014307
2.604800,60.014408
2.604900,60.014405
2.605000,60.014600
2.605100,60.014697
2.605200,60.014488
2.605300,60.015619
2.605400,60.014487
2.605500,60.012998
2.605600,60.012082
2.605700,60.011752
2.605800,60.013564
2.605900,60.015202
2.606000,60.013312
2.606100,60.014440
2.606200,60.013964
2.606300,60.015127
2.606400,60.016028
2.606500,60.016576
2.606600,60.015779
2.606700,60.015158
2.606800,60.013506
2.606900,60.013554
2.607000,60.013411
2.607100,60.015001
2.607200,60.012486
2.607300,60.014565
2.607400,60.012987
2.607500,60.014315
2.607600,60.009120
2.607700,60.007837
2.607800,60.005167
2.607900,60.008995
2.608000,60.019199
2.608100,60.006442
2.608200,59.995515
2.608300,59.988460
2.608400,59.995859
2.608500,60.003067
2.608600,60.003550
2.608700,59.998583
2.608800,59.994917
2.608900,59.998377
2.609000,60.001247
2.609100,59.999069
2.609200,59.999116
2.609300,59.999015
2.609400,59.999021
2.609500,59.997705
2.609600,59.999105
2.609700,59.999803
2.609800,59.999244
2.609900,60.000158
2.610000,60.000672
2.610100,60.000838
2.610200,59.999816
2.610300,59.999945
2.610400,60.000567
2.610500,60.000088
2.610600,60.000234
2.610700,60.000246
2.610800,60.000397
2.610900,59.999730
2.611000,59.999851
2.611100,59.999799
2.611200,59.999952
2.611300,60.000208
2.611400,60.000170
2.611500,60.000227
2.611600,60.000037
2.611700,59.999968
2.611800,60.000273
2.611900,60.000289
2.612000,60.000346
2.612100,60.000239
2.612200,59.999999
2.612300,59.999704
2.612400,59.999854
2.612500,59.999727
2.612600,60.000043
2.612700,59.999883
2.612800,59.999904
2.612900,59.999588
2.613000,60.000031
2.613100,60.000374
2.613200,60.000540
2.613300,60.000206
2.613400,59.999616
2.613500,59.999195
2.613600,60.000150
2.613700,59.999313
2.613800,59.999057
2.613900,59.999792
2.614000,60.000878
2.614100,60.000389
2.614200,60.000245
2.614300,60.001359
2.614400,60.000768
2.614500,59.999945
2.614600,59.999948
2.614700,60.000460
2.614800,60.001060
2.614900,60.000346
2.615000,60.001746
2.615100,60.001348
2.615200,59.998093
2.615300,59.999736
2.615400,59.998941
2.615500,59.999812
2.615600,59.993755
2.615700,59.989581
2.615800,59.995745
2.615900,59.999433
2.616000,59.999191
2.616100,59.997249
2.616200,59.993011
2.616300,59.991522
2.616400,59.978449
2.616500,59.980482
2.616600,59.999393
2.616700,59.981061
2.616800,59.972623
2.616900,59.978967
2.617000,59.980881
2.617100,59.991222
2.617200,59.992885
2.617300,59.994304
2.617400,59.992590
2.617500,59.992300
2.617600,59.992597
2.617700,59.993455
2.617800,59.991610
2.617900,59.992393
2.618000,59.992977
2.618100,59.992967
2.618200,59.993056
2.618300,59.992684
2.618400,59.992500
2.618500,59.992365
2.618600,59.992284
2.618700,59.992112
2.618800,59.991810
2.618900,59.992041
2.619000,59.991940
2.619100,59.992365
2.619200,59.992388
2.619300,59.992539
2.619400,59.991931
2.619500,59.992370
2.619600,59.992324
2.619700,59.991984
2.619800,59.992395
2.619900,59.992278
2.620000,59.992365
2.620100,59.992443
2.620200,59.992907
2.620300,59.992409
2.620400,59.992450
2.620500,59.992589
2.620600,59.992766
2.620700,59.992486
2.620800,59.992287
2.620900,59.992516
2.621000,59.991996
2.621100,59.992158
2.621200,59.991999
2.621300,59.992528
2.621400,59.992337
2.621500,59.992526
2.621600,59.992245
2.621700,59.991720
2.621800,59.992921
2.621900,59.993229
2.622000,59.993193
2.622100,59.992775
2.622200,59.992515
2.622300,59.991899
2.622400,59.991617
2.622500,59.992955
2.622600,59.992002
2.622700,59.992541
2.622800,59.992906
2.622900,59.993440
2.623000,59.993435
2.623100,59.992801
2.623200,59.991660
2.623300,59.993743
2.623400,59.993907
2.623500,59.994392
2.623600,59.993261
2.623700,59.989656
2.623800,59.987871
2.623900,59.988121
2.624000,59.994389
2.624100,59.997179
2.624200,60.000558
2.624300,59.997181
2.624400,59.995325
2.624500,60.003924
2.624600,59.990123
2.624700,59.976925
2.624800,59.974619
2.624900,59.970830
2.625000,59.957394
2.625100,59.962013
2.625200,59.956430
2.625300,59.959368
2.625400,59.965418
2.625500,59.964132
2.625600,59.962696
2.625700,59.964781
2.625800,59.964243
2.625900,59.963907
2.626000,59.963562
2.626100,59.964015
2.626200,59.964689
2.626300,59.963534
2.626400,59.963655
2.626500,59.963318
2.626600,59.963082
2.626700,59.963741
2.626800,59.964191
2.626900,59.964232
2.627000,59.963773
2.627100,59.964015
2.627200,59.963553
2.627300,59.963324
2.627400,59.963903
2.627500,59.963992
2.627600,59.963719
2.627700,59.963778
2.627800,59.963576
2.627900,59.963190
2.628000,59.963248
2.628100,59.963609
2.628200,59.963129
2.628300,59.963387
2.628400,59.963507
2.628500,59.963377
2.628600,59.963973
2.628700,59.963388
2.628800,59.963782
2.628900,59.963685
2.629000,59.963478
2.629100,59.963133
2.629200,59.962874
2.629300,59.963477
2.629400,59.963581
2.629500,59.963468
2.629600,59.963226
2.629700,59.963419
2.629800,59.963287
2.629900,59.963357
2.630000,59.963477
2.630100,59.963331
2.630200,59.963853
2.630300,59.963651
2.630400,59.964494
2.630500,59.964313
2.630600,59.963445
2.630700,59.964109
2.630800,59.963250
2.630900,59.964687
2.631000,59.964390
2.631100,59.965584
2.631200,59.964812
2.631300,59.963752
2.631400,59.964574
2.631500,59.963811
2.631600,59.963947
2.631700,59.962070
2.631800,59.962397
2.631900,59.963822
2.632000,59.961310
2.632100,59.962400
2.632200,59.967058
2.632300,59.961975
2.632400,59.967916
2.632500,59.964552
2.632600,59.967491
2.632700,59.962820
2.632800,59.953901
2.632900,59.956494
2.633000,59.969307
2.633100,59.979142
2.633200,59.958347
2.633300,59.959452
2.633400,59.979865
2.633500,59.980301
2.633600,59.989799
2.633700,59.992902
2.633800,59.996649
2.633900,59.991346
2.634000,59.990397
2.634100,59.990997
2.634200,59.990888
2.634300,59.991513
2.634400,59.990754
2.634500,59.989889
2.634600,59.990413
2.634700,59.991228
2.634800,59.992134
2.634900,59.992278
2.635000,59.991475
2.635100,59.992066
2.635200,59.992009
2.635300,59.991579
2.635400,59.992061
2.635500,59.992520
2.635600,59.993070
2.635700,59.992524
2.635800,59.992076
2.635900,59.992254
2.636000,59.992665
2.636100,59.992281
2.636200,59.992577
2.636300,59.992188
2.636400,59.992357
2.636500,59.992106
2.636600,59.991933
2.636700,59.991909
2.636800,59.992285
2.636900,59.992420
2.637000,59.992079
2.637100,59.992569
2.637200,59.992208
2.637300,59.992127
2.637400,59.991730
2.637500,59.992508
2.637600,59.992164
2.637700,59.992339
2.637800,59.992259
2.637900,59.991783
2.638000,59.992721
2.638100,59.992588
2.638200,59.992709
2.638300,59.992799
2.638400,59.992780
2.638500,59.992347
2.638600,59.992103
2.638700,59.992564
2.638800,59.992519
2.638900,59.992771
2.639000,59.993288
2.639100,59.992426
2.639200,59.992739
2.639300,59.992342
2.639400,59.992556
2.639500,59.991691
2.639600,59.991689
2.639700,59.992532
2.639800,59.993441
2.639900,59.993329
2.640000,59.994427
2.640100,59.994722
2.640200,59.992468
2.640300,59.992385
2.640400,59.993360
2.640500,59.988807
2.640600,59.988371
2.640700,59.993375
2.640800,59.996911
2.640900,59.998058
2.641000,60.000470
2.641100,60.000776
2.641200,59.996682
2.641300,59.997336
2.641400,60.011244
2.641500,60.007522
2.641600,60.008669
2.641700,59.994225
2.641800,60.015468
2.641900,60.008408
2.642000,60.013335
2.642100,60.021967
2.642200,60.028273
2.642300,60.024398
2.642400,60.022813
2.642500,60.022813
2.642600,60.023030
2.642700,60.021646
2.642800,60.021907
2.642900,60.020684
2.643000,60.021355
2.643100,60.021153
2.643200,60.021802
2.643300,60.021831
2.643400,60.021676
2.643500,60.021831
2.643600,60.022608
2.643700,60.022047
2.643800,60.022363
2.643900,60.021828
2.644000,60.021918
2.644100,60.021558
2.644200,60.021930
2.644300,60.022410
2.644400,60.022183
2.644500,60.022654
2.644600,60.022265
2.644700,60.022229
2.644800,60.021799
2.644900,60.021972
2.645000,60.022002
2.645100,60.022399
2.645200,60.022525
2.645300,60.022332
2.645400,60.022283
2.645500,60.022001
2.645600,60.021948
2.645700,60.022118
2.645800,60.022167
2.645900,60.022348
2.646000,60.022097
2.646100,60.022293
2.646200,60.022630
2.646300,60.021828
2.646400,60.021704
2.646500,60.022228
2.646600,60.021887
2.646700,60.022116
2.646800,60.021435
2.646900,60.022529
2.647000,60.021924
2.647100,60.022242
2.647200,60.023441
2.647300,60.022704
2.647400,60.023139
2.647500,60.023718
2.647600,60.023792
2.647700,60.023168
2.647800,60.022741
2.647900,60.022517
2.648000,60.023518
2.648100,60.024106
2.648200,60.024951
2.648300,60.022893
2.648400,60.023666
2.648500,60.022731
2.648600,60.022722
2.648700,60.024439
2.648800,60.028893
2.648900,60.028618
2.649000,60.023418
2.649100,60.023842
2.649200,60.029237
2.649300,60.027032
2.649400,60.028524
2.649500,60.023210
2.649600,60.012699
2.649700,60.005717
2.649800,59.989750
2.649900,60.004870
2.650000,60.014377
2.650100,60.007992
2.650200,60.026799
2.650300,60.016340
2.650400,60.013811
2.650500,60.010118
2.650600,60.014722
2.650700,60.014021
2.650800,60.014424
2.650900,60.014378
2.651000,60.014153
2.651100,60.014844
2.651200,60.016250
2.651300,60.016683
2.651400,60.016952
2.651500,60.016855
2.651600,60.016967
2.651700,60.016280
2.651800,60.015253
2.651900,60.015768
2.652000,60.015989
2.652100,60.016001
2.652200,60.016624
2.652300,60.015854
2.652400,60.015843
2.652500,60.016006
2.652600,60.016470
2.652700,60.016274
2.652800,60.015844
2.652900,60.015566
2.653000,60.015322
2.653100,60.015820
2.653200,60.016143
2.653300,60.016100
2.653400,60.015777
2.653500,60.015824
2.653600,60.015659
2.653700,60.016116
2.653800,60.016082
2.653900,60.016745
2.654000,60.016022
2.654100,60.016256
2.654200,60.016384
2.654300,60.016622
2.654400,60.016211
2.654500,60.015847
2.654600,60.016172
2.654700,60.016223
2.654800,60.015746
2.654900,60.015459
2.655000,60.015459
2.655100,60.016552
2.655200,60.016401
2.655300,60.016936
2.655400,60.016300
2.655500,60.016188
2.655600,60.016230
2.655700,60.016228
2.655800,60.016286
2.655900,60.015890
2.656000,60.015566
2.656100,60.016431
2.656200,60.015491
2.656300,60.016564
2.656400,60.018123
2.656500,60.018278
2.656600,60.017354
2.656700,60.014916
2.656800,60.013132
2.656900,60.011890
2.657000,60.012904
2.657100,60.014988
2.657200,60.020415
2.657300,60.018202
2.657400,60.011223
2.657500,60.012767
2.657600,60.008915
2.657700,60.010994
2.657800,60.015844
2.657900,60.003166
2.658000,60.006712
2.658100,60.001173
2.658200,60.015470
2.658300,60.020327
2.658400,60.015923
2.658500,60.012096
2.658600,60.010480
2.658700,60.020834
2.658800,60.015491
2.658900,60.010436
2.659000,60.011154
2.659100,60.011338
2.659200,60.011117
2.659300,60.011877
2.659400,60.010709
2.659500,60.010702
2.659600,60.012315
2.659700,60.014219
2.659800,60.014843
2.659900,60.014583
2.660000,60.013341
2.660100,60.012988
2.660200,60.013188
2.660300,60.013000
2.660400,60.013200
2.660500,60.013037
2.660600,60.012654
2.660700,60.012800
2.660800,60.012564
2.660900,60.013036
2.661000,60.013254
2.661100,60.013471
2.661200,60.013315
2.661300,60.013498
2.661400,60.013549
2.661500,60.013490
2.661600,60.013552
2.661700,60.013121
2.661800,60.013257
2.661900,60.013450
2.662000,60.013807
2.662100,60.013428
2.662200,60.013091
2.662300,60.013058
2.662400,60.012983
2.662500,60.013289
2.662600,60.013148
2.662700,60.013290
2.662800,60.013220
2.662900,60.013292
2.663000,60.013233
2.663100,60.013196
2.663200,60.013742
2.663300,60.013354
2.663400,60.013209
2.663500,60.013142
2.663600,60.012730
2.663700,60.013409
2.663800,60.013821
2.663900,60.013718
2.664000,60.013000
2.664100,60.012989
2.664200,60.013025
2.664300,60.013024
2.664400,60.014413
2.664500,60.012609
2.664600,60.013143
2.664700,60.014943
2.664800,60.014455
2.664900,60.014179
2.665000,60.013540
2.665100,60.012196
2.665200,60.011409
2.665300,60.014508
2.665400,60.016296
2.665500,60.016658
2.665600,60.016009
2.665700,60.016818
2.665800,60.012496
2.665900,60.019326
2.666000,60.011711
2.666100,60.000602
2.666200,60.005096
2.666300,60.010980
2.666400,60.000316
2.666500,59.983931
2.666600,59.990369
2.666700,59.989062
2.666800,59.982596
2.666900,59.995733
2.667000,59.998648
2.667100,59.999676
2.667200,60.002486
2.667300,60.000067
2.667400,59.999270
2.667500,59.999283
2.667600,60.000111
2.667700,59.999692
2.667800,60.000391
2.667900,60.000398
2.668000,59.999999
2.668100,59.999506
2.668200,59.999215
2.668300,59.999688
2.668400,59.999691
2.668500,59.999309
2.668600,59.998868
2.668700,59.999291
2.668800,59.999680
2.668900,59.999601
2.669000,59.999794
2.669100,59.999831
2.669200,59.999928
2.669300,59.999325
2.669400,59.999141
2.669500,59.999419
2.669600,59.999316
2.669700,59.999464
2.669800,59.999041
2.669900,59.998926
2.670000,59.999529
2.670100,59.999064
2.670200,59.999252
2.670300,59.999172
2.670400,59.998855
2.670500,59.999213
2.670600,59.999718
2.670700,59.999643
2.670800,59.999374
2.670900,59.999494
2.671000,59.999297
2.671100,59.999053
2.671200,59.998675
2.671300,59.999159
2.671400,59.998877
2.671500,59.999390
2.671600,59.999236
2.671700,59.999533
2.671800,59.999638
2.671900,59.998938
2.672000,59.998836
2.672100,59.998757
2.672200,59.999149
2.672300,59.998953
2.672400,59.999647
2.672500,59.999073
2.672600,59.997898
2.672700,59.998239
2.672800,60.000170
2.672900,60.000659
2.673000,60.001894
2.673100,60.001806
2.673200,59.999423
2.673300,59.999318
2.673400,59.998982
2.673500,59.999743
2.673600,60.000430
2.673700,59.996503
2.673800,60.000395
2.673900,60.000830
2.674000,59.999428
2.674100,59.995122
2.674200,59.997529
2.674300,59.999616
2.674400,60.004571
2.674500,60.006629
2.674600,60.004274
2.674700,60.006934
2.674800,60.016639
2.674900,60.036644
2.675000,60.045108
2.675100,60.056783
2.675200,60.057230
2.675300,60.049606
2.675400,60.052647
2.675500,60.047494
2.675600,60.046649
2.675700,60.047295
2.675800,60.047150
2.675900,60.046963
2.676000,60.046976
2.676100,60.047006
2.676200,60.046105
2.676300,60.046655
2.676400,60.047076
2.676500,60.048133
2.676600,60.046769
2.676700,60.046738
2.676800,60.045887
2.676900,60.046132
2.677000,60.046584
2.677100,60.047371
2.677200,60.047008
2.677300,60.046611
2.677400,60.046633
2.677500,60.046093
2.677600,60.046425
2.677700,60.046546
2.677800,60.046410
2.677900,60.046446
2.678000,60.046831
2.678100,60.046606
2.678200,60.046504
2.678300,60.046688
2.678400,60.046125
2.678500,60.046646
2.678600,60.046703
2.678700,60.047019
2.678800,60.046870
2.678900,60.046326
2.679000,60.046552
2.679100,60.047266
2.679200,60.046553
2.679300,60.046752
2.679400,60.046561
2.679500,60.046577
2.679600,60.046784
2.679700,60.046159
2.679800,60.046608
2.679900,60.046174
2.680000,60.046733
2.680100,60.046750
2.680200,60.046725
2.680300,60.046734
2.680400,60.046451
2.680500,60.047258
2.680600,60.046997
2.680700,60.047300
2.680800,60.046555
2.680900,60.047064
2.681000,60.047706
2.681100,60.046457
2.681200,60.044978
2.681300,60.045234
2.681400,60.045765
2.681500,60.045783
2.681600,60.046538
2.681700,60.045278
2.681800,60.042516
2.681900,60.045124
2.682000,60.049247
2.682100,60.046546
2.682200,60.049473
2.682300,60.046455
2.682400,60.043404
2.682500,60.040508
2.682600,60.033444
2.682700,60.043213
2.682800,60.054334
2.682900,60.058866
2.683000,60.042812
2.683100,60.028672
2.683200,60.018047
2.683300,60.006327
2.683400,60.008267
2.683500,59.999966
2.683600,60.006640
2.683700,60.008168
2.683800,60.000380
2.683900,59.997444
2.684000,59.998274
2.684100,59.999204
2.684200,59.999187
2.684300,59.999696
2.684400,60.000042
2.684500,59.999401
2.684600,59.998909
2.684700,59.999579
2.684800,60.000133
2.684900,60.000980
2.685000,60.000332
2.685100,60.000536
2.685200,60.000688
2.685300,60.000466
2.685400,60.000929
2.685500,60.000383
2.685600,60.000587
2.685700,60.000464
2.685800,60.000434
2.685900,60.000574
2.686000,60.000682
2.686100,60.000263
2.686200,60.000127
2.686300,59.999923
2.686400,59.999852
2.686500,60.000515
2.686600,60.000459
2.686700,60.000682
2.686800,60.000519
2.686900,60.000107
2.687000,60.000139
2.687100,60.000238
2.687200,60.000378
2.687300,60.000714
2.687400,60.000859
2.687500,60.000209
2.687600,60.000572
2.687700,60.000125
2.687800,60.000290
2.687900,60.000205
2.688000,60.000508
2.688100,60.000660
2.688200,60.000115
2.688300,60.000329
2.688400,60.000595
2.688500,60.000334
2.688600,60.000987
2.688700,60.001147
2.688800,59.999864
2.688900,60.000813
2.689000,60.000465
2.689100,60.000134
2.689200,60.000306
2.689300,60.000654
2.689400,60.000227
2.689500,60.000543
2.689600,59.999932
2.689700,60.001875
2.689800,59.999584
2.689900,60.000533
2.690000,60.001407
2.690100,60.000024
2.690200,60.000967
2.690300,60.000112
2.690400,59.998661
2.690500,59.997534
2.690600,59.996794
2.690700,59.996486
2.690800,59.998942
2.690900,59.995451
2.691000,59.997581
2.691100,59.988463
2.691200,60.002529
2.691300,59.988405
2.691400,59.997655
2.691500,59.994037
2.691600,59.990950
2.691700,60.010297
2.691800,59.988506
2.691900,59.995354
2.692000,59.982886
2.692100,59.980762
2.692200,59.978239
2.692300,59.976739
2.692400,59.976345
2.692500,59.976342
2.692600,59.976161
2.692700,59.975632
2.692800,59.974318
2.692900,59.974246
2.693000,59.973816
2.693100,59.973307
2.693200,59.972930
2.693300,59.973599
2.693400,59.974186
2.693500,59.973346
2.693600,59.973685
2.693700,59.973657
2.693800,59.974348
2.693900,59.973984
2.694000,59.973843
2.694100,59.973917
2.694200,59.973803
2.694300,59.974126
2.694400,59.973729
2.694500,59.973370
2.694600,59.973340
2.694700,59.973602
2.694800,59.973443
2.694900,59.973848
2.695000,59.973428
2.695100,59.973892
2.695200,59.973763
2.695300,59.973220
2.695400,59.973518
2.695500,59.973098
2.695600,59.973314
2.695700,59.973617
2.695800,59.973674
2.695900,59.973555
2.696000,59.973136
2.696100,59.973947
2.696200,59.973194
2.696300,59.973544
2.696400,59.973842
2.696500,59.973564
2.696600,59.973728
2.696700,59.973298
2.696800,59.973694
2.696900,59.973640
2.697000,59.973586
2.697100,59.974010
2.697200,59.974173
2.697300,59.973295
2.697400,59.974211
2.697500,59.973951
2.697600,59.973336
2.697700,59.973934
2.697800,59.974886
2.697900,59.974126
2.698000,59.973479
2.698100,59.973268
2.698200,59.974271
2.698300,59.975842
2.698400,59.975198
2.698500,59.975107
2.698600,59.972826
2.698700,59.971946
2.698800,59.974045
2.698900,59.975873
2.699000,59.977898
2.699100,59.979869
2.699200,59.983847
2.699300,59.981453
2.699400,59.978479
2.699500,59.969858
2.699600,59.973426
2.699700,59.984684
2.699800,59.976316
2.699900,59.982199
2.700000,59.994817
2.700100,59.981960
2.700200,59.985242
2.700300,59.993215
2.700400,59.987340
2.700500,59.991440
2.700600,59.990164
2.700700,59.989715
2.700800,59.989730
2.700900,59.990093
2.701000,59.989394
2.701100,59.989654
2.701200,59.989691
2.701300,59.988748
2.701400,59.988314
2.701500,59.989616
2.701600,59.988838
2.701700,59.988758
2.701800,59.989018
2.701900,59.988761
2.702000,59.989039
2.702100,59.989122
2.702200,59.988923
2.702300,59.989005
2.702400,59.988997
2.702500,59.989029
2.702600,59.988963
2.702700,59.988925
2.702800,59.988644
2.702900,59.988566
2.703000,59.988863
2.703100,59.988766
2.703200,59.988708
2.703300,59.988305
2.703400,59.988874
2.703500,59.988935
2.703600,59.988961
2.703700,59.989249
2.703800,59.989164
2.703900,59.989222
2.704000,59.989332
2.704100,59.989036
2.704200,59.988902
2.704300,59.989170
2.704400,59.988949
2.704500,59.988794
2.704600,59.988525
2.704700,59.989044
2.704800,59.988391
2.704900,59.988917
2.705000,59.988497
2.705100,59.988243
2.705200,59.989298
2.705300,59.988973
2.705400,59.988304
2.705500,59.988973
2.705600,59.989097
2.705700,59.989480
2.705800,59.989526
2.705900,59.990313
2.706000,59.989904
2.706100,59.988946
2.706200,59.987487
2.706300,59.988819
2.706400,59.988899
2.706500,59.991433
2.706600,59.993016
2.706700,59.992215
2.706800,59.989044
2.706900,59.990962
2.707000,59.991653
2.707100,59.987114
2.707200,59.984089
2.707300,59.985632
2.707400,59.985865
2.707500,59.992769
2.707600,59.993962
2.707700,59.991636
2.707800,59.981346
2.707900,59.983797
2.708000,59.998544
2.708100,59.984311
2.708200,59.993684
2.708300,60.006895
2.708400,60.021588
2.708500,60.007162
2.708600,60.001015
2.708700,59.995785
2.708800,59.988910
2.708900,59.989035
2.709000,59.990600
2.709100,59.990946
2.709200,59.991015
2.709300,59.989755
2.709400,59.991046
2.709500,59.990925
2.709600,59.990678
2.709700,59.989728
2.709800,59.989385
2.709900,59.989308
2.710000,59.989945
2.710100,59.990350
2.710200,59.990475
2.710300,59.990651
2.710400,59.990920
2.710500,59.990842
2.710600,59.990069
2.710700,59.990400
2.710800,59.990462
2.710900,59.990803
2.711000,59.990519
2.711100,59.990092
2.711200,59.989700
2.711300,59.990254
2.711400,59.990716
2.711500,59.990428
2.711600,59.990506
2.711700,59.990174
2.711800,59.990072
2.711900,59.989995
2.712000,59.989886
2.712100,59.989822
2.712200,59.990106
2.712300,59.990449
2.712400,59.990621
2.712500,59.990338
2.712600,59.990300
2.712700,59.990473
2.712800,59.990566
2.712900,59.990294
2.713000,59.990910
2.713100,59.990310
2.713200,59.990511
2.713300,59.990122
2.713400,59.990881
2.713500,59.990463
2.713600,59.990468
2.713700,59.989385
2.713800,59.990732
2.713900,59.989647
2.714000,59.990780
2.714100,59.990299
2.714200,59.990449
2.714300,59.990664
2.714400,59.992464
2.714500,59.991932
2.714600,59.992328
2.714700,59.992054
2.714800,59.991561
2.714900,59.989291
2.715000,59.990100
2.715100,59.990429
2.715200,59.989386
2.715300,59.988129
2.715400,59.990173
2.715500,59.988239
2.715600,59.982909
2.715700,59.989717
2.715800,59.990534
2.715900,59.996305
2.716000,59.990423
2.716100,59.980442
2.716200,59.982396
2.716300,59.987239
2.716400,60.002140
2.716500,60.008032
2.716600,60.030094
2.716700,60.028634
2.716800,60.026400
2.716900,60.023644
2.717000,60.015156
2.717100,60.011782
2.717200,60.014621
2.717300,60.014763
2.717400,60.014779
2.717500,60.014855
2.717600,60.014883
2.717700,60.014885
2.717800,60.014890
2.717900,60.014902
2.718000,60.014895
2.718100,60.014913
2.718200,60.014967
2.718300,60.015002
2.718400,60.015099
2.718500,60.015126
2.718600,60.015150
2.718700,60.015138
2.718800,60.015235
2.718900,60.015126
2.719000,60.015156
2.719100,60.015136
2.719200,60.015199
2.719300,60.015164
2.719400,60.015235
2.719500,60.015328
2.719600,60.015300
2.719700,60.015284
2.719800,60.015345
2.719900,60.015312
2.720000,60.015370
2.720100,60.015417
2.720200,60.015328
2.720300,60.015389
2.720400,60.015353
2.720500,60.015356
2.720600,60.015375
2.720700,60.015477
2.720800,60.015485
2.720900,60.015390
2.721000,60.015322
2.721100,60.015436
2.721200,60.015468
2.721300,60.015372
2.721400,60.015454
2.721500,60.015469
2.721600,60.015504
2.721700,60.015453
2.721800,60.015380
2.721900,60.015375
2.722000,60.015493
2.722100,60.015536
2.722200,60.015511
2.722300,60.015487
2.722400,60.015533
2.722500,60.015461
2.722600,60.015529
2.722700,60.015584
2.722800,60.015836
2.722900,60.016049
2.723000,60.016068
2.723100,60.016036
2.723200,60.016237
2.723300,60.015972
2.723400,60.015965
2.723500,60.015412
2.723600,60.015269
2.723700,60.015294
2.723800,60.015006
2.723900,60.014902
2.724000,60.015464
2.724100,60.015544
2.724200,60.016023
2.724300,60.015315
2.724400,60.015817
2.724500,60.016044
2.724600,60.017100
2.724700,60.016657
2.724800,60.016107
2.724900,60.014231
2.725000,60.011506
2.725100,60.011017
2.725200,60.010514
2.725300,60.009961
2.725400,60.009620
2.725500,60.010906
2.725600,60.009953
2.725700,60.009848
2.725800,60.009321
2.725900,60.008026
2.726000,60.007640
2.726100,60.008642
2.726200,60.007929
2.726300,60.007697
2.726400,60.007807
2.726500,60.007878
2.726600,60.007935
2.726700,60.007938
2.726800,60.007873
2.726900,60.007941
2.727000,60.007892
2.727100,60.008132
2.727200,60.008097
2.727300,60.007817
2.727400,60.008019
2.727500,60.008243
2.727600,60.008349
2.727700,60.008012
2.727800,60.008751
2.727900,60.008651
2.728000,60.008428
2.728100,60.008481
2.728200,60.008465
2.728300,60.008234
2.728400,60.008726
2.728500,60.008502
2.728600,60.008414
2.728700,60.008415
2.728800,60.008642
2.728900,60.008440
2.729000,60.008782
2.729100,60.009054
2.729200,60.008560
2.729300,60.008584
2.729400,60.008518
2.729500,60.008316
2.729600,60.008468
2.729700,60.008328
2.729800,60.008266
2.729900,60.008441
2.730000,60.008075
2.730100,60.008743
2.730200,60.008761
2.730300,60.008752
2.730400,60.008349
2.730500,60.008692
2.730600,60.008596
2.730700,60.008180
2.730800,60.007893
2.730900,60.008550
2.731000,60.008534
2.731100,60.009614
2.731200,60.008178
2.731300,60.008692
2.731400,60.008401
2.731500,60.008530
2.731600,60.008803
2.731700,60.008739
2.731800,60.008379
2.731900,60.009765
2.732000,60.009768
2.732100,60.010548
2.732200,60.010200
2.732300,60.008729
2.732400,60.007185
2.732500,60.007501
2.732600,60.010524
2.732700,60.007719
2.732800,60.006391
2.732900,60.006384
2.733000,60.004486
2.733100,60.005454
2.733200,60.005564
2.733300,60.007100
2.733400,60.006960
2.733500,60.006553
2.733600,60.002446
2.733700,59.998043
2.733800,59.991428
2.733900,59.992360
2.734000,59.992602
2.734100,59.993589
2.734200,59.993068
2.734300,59.991955
2.734400,59.992175
2.734500,59.992512
2.734600,59.991804
2.734700,59.991977
2.734800,59.991966
2.734900,59.991952
2.735000,59.991402
2.735100,59.991719
2.735200,59.991319
2.735300,59.991171
2.735400,59.991323
2.735500,59.991463
2.735600,59.991148
2.735700,59.991458
2.735800,59.991684
2.735900,59.991414
2.736000,59.991973
2.736100,59.991491
2.736200,59.991848
2.736300,59.991968
2.736400,59.991764
2.736500,59.991650
2.736600,59.991518
2.736700,59.991641
2.736800,59.991677
2.736900,59.991384
2.737000,59.991613
2.737100,59.991390
2.737200,59.991525
2.737300,59.991527
2.737400,59.991331
2.737500,59.991521
2.737600,59.991692
2.737700,59.991545
2.737800,59.991080
2.737900,59.991339
2.738000,59.991770
2.738100,59.992153
2.738200,59.992207
2.738300,59.992302
2.738400,59.992420
2.738500,59.992107
2.738600,59.991870
2.738700,59.992418
2.738800,59.992443
2.738900,59.992941
2.739000,59.993628
2.739100,59.993567
2.739200,59.993196
2.739300,59.991920
2.739400,59.991923
2.739500,59.992220
2.739600,59.994484
2.739700,59.993557
2.739800,59.994329
2.739900,59.995104
2.740000,59.996159
2.740100,59.995125
2.740200,59.994270
2.740300,59.993093
2.740400,59.993817
2.740500,59.996052
2.740600,59.995545
2.740700,59.993888
2.740800,59.991358
2.740900,59.986820
2.741000,59.980362
2.741100,59.985148
2.741200,59.982825
2.741300,59.988088
2.741400,59.990826
2.741500,59.999364
2.741600,59.997029
2.741700,59.997968
2.741800,59.993343
2.741900,59.991197
2.742000,60.001922
2.742100,59.995670
2.742200,59.996596
2.742300,59.998612
2.742400,59.996480
2.742500,59.997073
2.742600,59.997706
2.742700,59.996855
2.742800,59.997014
2.742900,59.997037
2.743000,59.996924
2.743100,59.996786
2.743200,59.996794
2.743300,59.996688
2.743400,59.997092
2.743500,59.997814
2.743600,59.997612
2.743700,59.997824
2.743800,59.997679
2.743900,59.997093
2.744000,59.996224
2.744100,59.997041
2.744200,59.996564
2.744300,59.996482
2.744400,59.997537
2.744500,59.997647
2.744600,59.997542
2.744700,59.997602
2.744800,59.997914
2.744900,59.997593
2.745000,59.997008
2.745100,59.997327
2.745200,59.997417
2.745300,59.997326
2.745400,59.997084
2.745500,59.997349
2.745600,59.997462
2.745700,59.997493
2.745800,59.996934
2.745900,59.996902
2.746000,59.996980
2.746100,59.997074
2.746200,59.997227
2.746300,59.997574
2.746400,59.997811
2.746500,59.997561
2.746600,59.997996
2.746700,59.997369
2.746800,59.997084
2.746900,59.996552
2.747000,59.997846
2.747100,59.998262
2.747200,59.997923
2.747300,59.998741
2.747400,59.998487
2.747500,59.997750
2.747600,59.997516
2.747700,59.997489
2.747800,59.997069
2.747900,59.996790
2.748000,59.996311
2.748100,59.997116
2.748200,59.999198
2.748300,59.999157
2.748400,59.997808
2.748500,59.999032
2.748600,59.996636
2.748700,59.996375
2.748800,59.998135
2.748900,59.996562
2.749000,59.996753
2.749100,60.000846
2.749200,60.001589
2.749300,60.002016
2.749400,60.004869
2.749500,60.004130
2.749600,60.018881
2.749700,60.011489
2.749800,60.010143
2.749900,60.013645
2.750000,60.021408
2.750100,60.018882
2.750200,60.021879
2.750300,60.016081
2.750400,60.007730
2.750500,60.009138
2.750600,60.009054
2.750700,60.008625
2.750800,60.009695
2.750900,60.010468
2.751000,60.010512
2.751100,60.010595
2.751200,60.010723
2.751300,60.009789
2.751400,60.009686
2.751500,60.010163
2.751600,60.009869
2.751700,60.010351
2.751800,60.009286
2.751900,60.008986
2.752000,60.009880
2.752100,60.009221
2.752200,60.009673
2.752300,60.010235
2.752400,60.010380
2.752500,60.009919
2.752600,60.009936
2.752700,60.010139
2.752800,60.010484
2.752900,60.009990
2.753000,60.009933
2.753100,60.009834
2.753200,60.009649
2.753300,60.010256
2.753400,60.010172
2.753500,60.010277
2.753600,60.010459
2.753700,60.010489
2.753800,60.010527
2.753900,60.010123
2.754000,60.010281
2.754100,60.010254
2.754200,60.010222
2.754300,60.010028
2.754400,60.010816
2.754500,60.010790
2.754600,60.010797
2.754700,60.011007
2.754800,60.010353
2.754900,60.010199
2.755000,60.009510
2.755100,60.009995
2.755200,60.009900
2.755300,60.010315
2.755400,60.010452
2.755500,60.011171
2.755600,60.010502
2.755700,60.011426
2.755800,60.010712
2.755900,60.010985
2.756000,60.011818
2.756100,60.011542
2.756200,60.012673
2.756300,60.011597
2.756400,60.011207
2.756500,60.011262
2.756600,60.010749
2.756700,60.009399
2.756800,60.010254
2.756900,60.010511
2.757000,60.006550
2.757100,60.007408
2.757200,60.005675
2.757300,60.007466
2.757400,60.013137
2.757500,60.016575
2.757600,60.011001
2.757700,60.011574
2.757800,60.015931
2.757900,60.023186
2.758000,60.017641
2.758100,60.011927
2.758200,60.013260
2.758300,60.000790
2.758400,59.997799
2.758500,60.004184
2.758600,60.009051
2.758700,60.000774
2.758800,60.003533
2.758900,60.000970
2.759000,60.001385
2.759100,60.001805
2.759200,60.001823
2.759300,60.001873
2.759400,60.001984
2.759500,60.001928
2.759600,60.002766
2.759700,60.002844
2.759800,60.002962
2.759900,60.001915
2.760000,60.002361
2.760100,60.002841
2.760200,60.003214
2.760300,60.002190
2.760400,60.002299
2.760500,60.001855
2.760600,60.001288
2.760700,60.001057
2.760800,60.000820
2.760900,60.001354
2.761000,60.001351
2.761100,60.001791
2.761200,60.001921
2.761300,60.002144
2.761400,60.001483
2.761500,60.001519
2.761600,60.002112
2.761700,60.001329
2.761800,60.001266
2.761900,60.001887
2.762000,60.001301
2.762100,60.001476
2.762200,60.001394
2.762300,60.001344
2.762400,60.001588
2.762500,60.001631
2.762600,60.002002
2.762700,60.002006
2.762800,60.002223
2.762900,60.002241
2.763000,60.001841
2.763100,60.001967
2.763200,60.002750
2.763300,60.002376
2.763400,60.002017
2.763500,60.002354
2.763600,60.002421
2.763700,60.001818
2.763800,60.002062
2.763900,60.002558
2.764000,60.001882
2.764100,60.001512
2.764200,60.001514
2.764300,60.001763
2.764400,60.001719
2.764500,60.003165
2.764600,60.003102
2.764700,60.002789
2.764800,60.001359
2.764900,59.999160
2.765000,59.999086
2.765100,60.000138
2.765200,59.999959
2.765300,60.004499
2.765400,60.002734
2.765500,60.003832
2.765600,60.003907
2.765700,60.004362
2.765800,60.001857
2.765900,60.007408
2.766000,59.998315
2.766100,60.000617
2.766200,60.008165
2.766300,60.019343
2.766400,60.017685
2.766500,60.020146
2.766600,60.021230
2.766700,60.027510
2.766800,60.014869
2.766900,60.032091
2.767000,60.023955
2.767100,60.018887
2.767200,60.026184
2.767300,60.024563
2.767400,60.022871
2.767500,60.022912
2.767600,60.022847
2.767700,60.023944
2.767800,60.022106
2.767900,60.023473
2.768000,60.023221
2.768100,60.023296
2.768200,60.022783
2.768300,60.023087
2.768400,60.021972
2.768500,60.022461
2.768600,60.022119
2.768700,60.022440
2.768800,60.022077
2.768900,60.022566
2.769000,60.022455
2.769100,60.022282
2.769200,60.022246
2.769300,60.022467
2.769400,60.022602
2.769500,60.022647
2.769600,60.021963
2.769700,60.022590
2.769800,60.022656
2.769900,60.022842
2.770000,60.022144
2.770100,60.022411
2.770200,60.022099
2.770300,60.022570
2.770400,60.022343
2.770500,60.022523
2.770600,60.022493
2.770700,60.022024
2.770800,60.022242
2.770900,60.022287
2.771000,60.022583
2.771100,60.021924
2.771200,60.022192
2.771300,60.022584
2.771400,60.022770
2.771500,60.021816
2.771600,60.022123
2.771700,60.022218
2.771800,60.022424
2.771900,60.022554
2.772000,60.023104
2.772100,60.022987
2.772200,60.021752
2.772300,60.021399
2.772400,60.021699
2.772500,60.020617
2.772600,60.021610
2.772700,60.022641
2.772800,60.023347
2.772900,60.022957
2.773000,60.023215
2.773100,60.023994
2.773200,60.022374
2.773300,60.023844
2.773400,60.023866
2.773500,60.026338
2.773600,60.025532
2.773700,60.022803
2.773800,60.023138
2.773900,60.017984
2.774000,60.015805
2.774100,60.019871
2.774200,60.021772
2.774300,60.027886
2.774400,60.022794
2.774500,60.021826
2.774600,60.019133
2.774700,60.029569
2.774800,60.023932
2.774900,60.039302
2.775000,60.037105
2.775100,60.020614
2.775200,60.017411
2.775300,60.013173
2.775400,59.999467
2.775500,60.008422
2.775600,60.009225
2.775700,60.009058
2.775800,60.009180
2.775900,60.009219
2.776000,60.009501
2.776100,60.007831
2.776200,60.008127
2.776300,60.009008
2.776400,60.007328
2.776500,60.006342
2.776600,60.007437
2.776700,60.008279
2.776800,60.008202
2.776900,60.007926
2.777000,60.008210
2.777100,60.008458
2.777200,60.008636
2.777300,60.008395
2.777400,60.007844
2.777500,60.007765
2.777600,60.008340
2.777700,60.008722
2.777800,60.008544
2.777900,60.008548
2.778000,60.008457
2.778100,60.008483
2.778200,60.007944
2.778300,60.008140
2.778400,60.008111
2.778500,60.008647
2.778600,60.008559
2.778700,60.008294
2.778800,60.008252
2.778900,60.007872
2.779000,60.008216
2.779100,60.007945
2.779200,60.007863
2.779300,60.007705
2.779400,60.007815
2.779500,60.008089
2.779600,60.008441
2.779700,60.008157
2.779800,60.007882
2.779900,60.008240
2.780000,60.007568
2.780100,60.007675
2.780200,60.008178
2.780300,60.008094
2.780400,60.007656
2.780500,60.006727
2.780600,60.008285
2.780700,60.008520
2.780800,60.006952
2.780900,60.008181
2.781000,60.008726
2.781100,60.008717
2.781200,60.008581
2.781300,60.008929
2.781400,60.009716
2.781500,60.007585
2.781600,60.007341
2.781700,60.008664
2.781800,60.009838
2.781900,60.011193
2.782000,60.009188
2.782100,60.011682
2.782200,60.014526
2.782300,60.009729
2.782400,60.011100
2.782500,60.008139
2.782600,60.015475
2.782700,60.011902
2.782800,60.018404
2.782900,60.017878
2.783000,60.013425
2.783100,60.005349
2.783200,59.983960
2.783300,59.992890
2.783400,60.005138
2.783500,60.010996
2.783600,60.019511
2.783700,60.007538
2.783800,59.999523
2.783900,60.003336
2.784000,60.003596
2.784100,60.005101
2.784200,60.004928
2.784300,60.005262
2.784400,60.005218
2.784500,60.004612
2.784600,60.006388
2.784700,60.005636
2.784800,60.005041
2.784900,60.004480
2.785000,60.004678
2.785100,60.004713
2.785200,60.004643
2.785300,60.004423
2.785400,60.004892
2.785500,60.004700
2.785600,60.004939
2.785700,60.005293
2.785800,60.004471
2.785900,60.005032
2.786000,60.005350
2.786100,60.004875
2.786200,60.004958
2.786300,60.004738
2.786400,60.004767
2.786500,60.005389
2.786600,60.005484
2.786700,60.005006
2.786800,60.004653
2.786900,60.004532
2.787000,60.004976
2.787100,60.004779
2.787200,60.004927
2.787300,60.005468
2.787400,60.004836
2.787500,60.004692
2.787600,60.004808
2.787700,60.004585
2.787800,60.004742
2.787900,60.004629
2.788000,60.005530
2.788100,60.005774
2.788200,60.004984
2.788300,60.004760
2.788400,60.004610
2.788500,60.005108
2.788600,60.005335
2.788700,60.004466
2.788800,60.004714
2.788900,60.004986
2.789000,60.004460
2.789100,60.004365
2.789200,60.003744
2.789300,60.004320
2.789400,60.004446
2.789500,60.005378
2.789600,60.005566
2.789700,60.005416
2.789800,60.002898
2.789900,60.003347
2.790000,60.004427
2.790100,60.007737
2.790200,60.005111
2.790300,60.007042
2.790400,60.004604
2.790500,60.005159
2.790600,60.001287
2.790700,60.003705
2.790800,60.002047
2.790900,60.010093
2.791000,60.009890
2.791100,60.000831
2.791200,60.010169
2.791300,60.009768
2.791400,60.001513
2.791500,59.995090
2.791600,59.997657
2.791700,59.997453
2.791800,59.995657
2.791900,59.976597
2.792000,59.974746
2.792100,59.971561
2.792200,59.968875
2.792300,59.967589
2.792400,59.967673
2.792500,59.967836
2.792600,59.967134
2.792700,59.965948
2.792800,59.966758
2.792900,59.968463
2.793000,59.968094
2.793100,59.968374
2.793200,59.966917
2.793300,59.965936
2.793400,59.965461
2.793500,59.966490
2.793600,59.966697
2.793700,59.966689
2.793800,59.966261
2.793900,59.966612
2.794000,59.966863
2.794100,59.966684
2.794200,59.966846
2.794300,59.966660
2.794400,59.966500
2.794500,59.966658
2.794600,59.966742
2.794700,59.967042
2.794800,59.966751
2.794900,59.966843
2.795000,59.966748
2.795100,59.966760
2.795200,59.966591
2.795300,59.966607
2.795400,59.966572
2.795500,59.966541
2.795600,59.966567
2.795700,59.966636
2.795800,59.966522
2.795900,59.966384
2.796000,59.966694
2.796100,59.967002
2.796200,59.966848
2.796300,59.967058
2.796400,59.966938
2.796500,59.966152
2.796600,59.966633
2.796700,59.967662
2.796800,59.967152
2.796900,59.966786
2.797000,59.966146
2.797100,59.966599
2.797200,59.965912
2.797300,59.966446
2.797400,59.966593
2.797500,59.966957
2.797600,59.966913
2.797700,59.965415
2.797800,59.965341
2.797900,59.964353
2.798000,59.964994
2.798100,59.967150
2.798200,59.967227
2.798300,59.968117
2.798400,59.967654
2.798500,59.967994
2.798600,59.969175
2.798700,59.968072
2.798800,59.969238
2.798900,59.967726
2.799000,59.969345
2.799100,59.969974
2.799200,59.969963
2.799300,59.967683
2.799400,59.965477
2.799500,59.965993
2.799600,59.964099
2.799700,59.968323
2.799800,59.951351
2.799900,59.949638
2.800000,59.928945
2.800100,59.937767
2.800200,59.958163
2.800300,59.972705
2.800400,59.966726
2.800500,59.964662
2.800600,59.963427
2.800700,59.961425
2.800800,59.961689
2.800900,59.961556
2.801000,59.961163
2.801100,59.961160
2.801200,59.962074
2.801300,59.962020
2.801400,59.962433
2.801500,59.962233
2.801600,59.962388
2.801700,59.962886
2.801800,59.962808
2.801900,59.962154
2.802000,59.962399
2.802100,59.961998
2.802200,59.962183
2.802300,59.962537
2.802400,59.962547
2.802500,59.962491
2.802600,59.962509
2.802700,59.962758
2.802800,59.962832
2.802900,59.962352
2.803000,59.962373
2.803100,59.962282
2.803200,59.961925
2.803300,59.962319
2.803400,59.962238
2.803500,59.962168
2.803600,59.961970
2.803700,59.962007
2.803800,59.962389
2.803900,59.962290
2.804000,59.962583
2.804100,59.962116
2.804200,59.962081
2.804300,59.962261
2.804400,59.961879
2.804500,59.962501
2.804600,59.962760
2.804700,59.963222
2.804800,59.962415
2.804900,59.962413
2.805000,59.962874
2.805100,59.963121
2.805200,59.962493
2.805300,59.962422
2.805400,59.962310
2.805500,59.962451
2.805600,59.962703
2.805700,59.961695
2.805800,59.963078
2.805900,59.962902
2.806000,59.961810
2.806100,59.961473
2.806200,59.962758
2.806300,59.961294
2.806400,59.963086
2.806500,59.961323
2.806600,59.961579
2.806700,59.964030
2.806800,59.963544
2.806900,59.963178
2.807000,59.961171
2.807100,59.964886
2.807200,59.961212
2.807300,59.961212
2.807400,59.964330
2.807500,59.962959
2.807600,59.970685
2.807700,59.971573
2.807800,59.963864
2.807900,59.970976
2.808000,59.967464
2.808100,59.977038
2.808200,59.971880
2.808300,59.991072
2.808400,59.992585
2.808500,59.991523
2.808600,60.009553
2.808700,59.995203
2.808800,59.986033
2.808900,59.984603
2.809000,59.987191
2.809100,59.987547
2.809200,59.987542
2.809300,59.987402
2.809400,59.988255
2.809500,59.987229
2.809600,59.985526
2.809700,59.984534
2.809800,59.985371
2.809900,59.986940
2.810000,59.985638
2.810100,59.985091
2.810200,59.985612
2.810300,59.986028
2.810400,59.985909
2.810500,59.985732
2.810600,59.986008
2.810700,59.985991
2.810800,59.985852
2.810900,59.985639
2.811000,59.985956
2.811100,59.986084
2.811200,59.985980
2.811300,59.986546
2.811400,59.986180
2.811500,59.986530
2.811600,59.986272
2.811700,59.986723
2.811800,59.986018
2.811900,59.986217
2.812000,59.985724
2.812100,59.986090
2.812200,59.985780
2.812300,59.985950
2.812400,59.986047
2.812500,59.985871
2.812600,59.985900
2.812700,59.985794
2.812800,59.985642
2.812900,59.986161
2.813000,59.986084
2.813100,59.986145
2.813200,59.986336
2.813300,59.986292
2.813400,59.986454
2.813500,59.986192
2.813600,59.986084
2.813700,59.986296
2.813800,59.985985
2.813900,59.985861
2.814000,59.985933
2.814100,59.985053
2.814200,59.985492
2.814300,59.986008
2.814400,59.986057
2.814500,59.986793
2.814600,59.986243
2.814700,59.986839
2.814800,59.987724
2.814900,59.986856
2.815000,59.984601
2.815100,59.986855
2.815200,59.987133
2.815300,59.984653
2.815400,59.984009
2.815500,59.984152
2.815600,59.983299
2.815700,59.988365
2.815800,59.992229
2.815900,59.985701
2.816000,59.991050
2.816100,60.001524
2.816200,60.011394
2.816300,60.015225
2.816400,60.005812
2.816500,60.020672
2.816600,60.037097
2.816700,60.022321
2.816800,60.013930
2.816900,60.030783
2.817000,60.039346
2.817100,60.037555
2.817200,60.044598
2.817300,60.042412
2.817400,60.041969
2.817500,60.041691
2.817600,60.042178
2.817700,60.042291
2.817800,60.040434
2.817900,60.040832
2.818000,60.039593
2.818100,60.040970
2.818200,60.040916
2.818300,60.040276
2.818400,60.040850
2.818500,60.041134
2.818600,60.041125
2.818700,60.041138
2.818800,60.041149
2.818900,60.041163
2.819000,60.041176
2.819100,60.041182
2.819200,60.041180
2.819300,60.041191
2.819400,60.041192
2.819500,60.041221
2.819600,60.041214
2.819700,60.041221
2.819800,60.041224
2.819900,60.041226
2.820000,60.041217
2.820100,60.041197
2.820200,60.041209
2.820300,60.041214
2.820400,60.041206
2.820500,60.041201
2.820600,60.041191
2.820700,60.041189
2.820800,60.041180
2.820900,60.041157
2.821000,60.041140
2.821100,60.041165
2.821200,60.041207
2.821300,60.041206
2.821400,60.041192
2.821500,60.041207
2.821600,60.041189
2.821700,60.041199
2.821800,60.041216
2.821900,60.041244
2.822000,60.041226
2.822100,60.041244
2.822200,60.041230
2.822300,60.041233
2.822400,60.041196
2.822500,60.041170
2.822600,60.041182
2.822700,60.041228
2.822800,60.041235
2.822900,60.041218
2.823000,60.041261
2.823100,60.041280
2.823200,60.041289
2.823300,60.041260
2.823400,60.041199
2.823500,60.041210
2.823600,60.041220
2.823700,60.041234
2.823800,60.041237
2.823900,60.041229
2.824000,60.041165
2.824100,60.041172
2.824200,60.041205
2.824300,60.041203
2.824400,60.041085
2.824500,60.041106
2.824600,60.041168
2.824700,60.041143
2.824800,60.041109
2.824900,60.041154
2.825000,60.041117
2.825100,60.041178
2.825200,60.041168
2.825300,60.041094
2.825400,60.041149
2.825500,60.041103
2.825600,60.041086
2.825700,60.040850
2.825800,60.040619
2.825900,60.040513
2.826000,60.040608
2.826100,60.040444
2.826200,60.040427
2.826300,60.040464
2.826400,60.040396
2.826500,60.040409
2.826600,60.040251
2.826700,60.040306
2.826800,60.040250
2.826900,60.040234
2.827000,60.040178
2.827100,60.040217
2.827200,60.040230
2.827300,60.040280
2.827400,60.040278
2.827500,60.040298
2.827600,60.040305
2.827700,60.040318
2.827800,60.040327
2.827900,60.040323
2.828000,60.040320
2.828100,60.040338
2.828200,60.040329
2.828300,60.040354
2.828400,60.040400
2.828500,60.040412
2.828600,60.040426
2.828700,60.040432
2.828800,60.040482
2.828900,60.040438
2.829000,60.040452
2.829100,60.040415
2.829200,60.040401
2.829300,60.040393
2.829400,60.040306
2.829500,60.040352
2.829600,60.040352
2.829700,60.040406
2.829800,60.040496
2.829900,60.040649
2.830000,60.040758
2.830100,60.040750
2.830200,60.040779
2.830300,60.040691
2.830400,60.040839
2.830500,60.040792
2.830600,60.040919
2.830700,60.041009
2.830800,60.040957
2.830900,60.040872
2.831000,60.040936
2.831100,60.040869
2.831200,60.040799
2.831300,60.040930
2.831400,60.040909
2.831500,60.040912
2.831600,60.040734
2.831700,60.040952
2.831800,60.040838
2.831900,60.041026
2.832000,60.041028
2.832100,60.040761
2.832200,60.040464
2.832300,60.040013
2.832400,60.040144
2.832500,60.039866
2.832600,60.040067
2.832700,60.040250
2.832800,60.039913
2.832900,60.039917
2.833000,60.039908
2.833100,60.039665
2.833200,60.039170
2.833300,60.038047
2.833400,60.037803
2.833500,60.037792
2.833600,60.037391
2.833700,60.037222
2.833800,60.036891
2.833900,60.036780
2.834000,60.036443
2.834100,60.036212
2.834200,60.035708
2.834300,60.035063
2.834400,60.034854
2.834500,60.034581
2.834600,60.034665
2.834700,60.034317
2.834800,60.034121
2.834900,60.033651
2.835000,60.033619
2.835100,60.033569
2.835200,60.033716
2.835300,60.033668
2.835400,60.033667
2.835500,60.033627
2.835600,60.033628
2.835700,60.033635
2.835800,60.033615
2.835900,60.033647
2.836000,60.033636
2.836100,60.033572
2.836200,60.033551
2.836300,60.033505
2.836400,60.033635
2.836500,60.033458
2.836600,60.033555
2.836700,60.033792
2.836800,60.033650
2.836900,60.033651
2.837000,60.033800
2.837100,60.033870
2.837200,60.033959
2.837300,60.033877
2.837400,60.033794
2.837500,60.033703
2.837600,60.033185
2.837700,60.033077
2.837800,60.032967
2.837900,60.032801
2.838000,60.033010
2.838100,60.033016
2.838200,60.032983
2.838300,60.033246
2.838400,60.033123
2.838500,60.033111
2.838600,60.032735
2.838700,60.032888
2.838800,60.033286
2.838900,60.033157
2.839000,60.032937
2.839100,60.032935
2.839200,60.032432
2.839300,60.032127
2.839400,60.031930
2.839500,60.031883
2.839600,60.032293
2.839700,60.032560
2.839800,60.031921
2.839900,60.032755
2.840000,60.032358
2.840100,60.032306
2.840200,60.031880
2.840300,60.030776
2.840400,60.030217
2.840500,60.029568
2.840600,60.028653
2.840700,60.028090
2.840800,60.026646
2.840900,60.026801
2.841000,60.026210
2.841100,60.025766
2.841200,60.024871
2.841300,60.025749
2.841400,60.027684
2.841500,60.026741
2.841600,60.024942
2.841700,60.024895
2.841800,60.022765
2.841900,60.022357
2.842000,60.019953
2.842100,60.016410
2.842200,60.014779
2.842300,60.013335
2.842400,60.011525
2.842500,60.010867
2.842600,60.010451
2.842700,60.009042
2.842800,60.008291
2.842900,60.007826
2.843000,60.007430
2.843100,60.006987
2.843200,60.007307
2.843300,60.007096
2.843400,60.007144
2.843500,60.007179
2.843600,60.007132
2.843700,60.007132
2.843800,60.007039
2.843900,60.007067
2.844000,60.007135
2.844100,60.006990
2.844200,60.007030
2.844300,60.007455
2.844400,60.007613
2.844500,60.007357
2.844600,60.007494
2.844700,60.007442
2.844800,60.007457
2.844900,60.007203
2.845000,60.007170
2.845100,60.006642
2.845200,60.006452
2.845300,60.006133
2.845400,60.006325
2.845500,60.005904
2.845600,60.005592
2.845700,60.005747
2.845800,60.006225
2.845900,60.006704
2.846000,60.006810
2.846100,60.006399
2.846200,60.006257
2.846300,60.006198
2.846400,60.006195
2.846500,60.006285
2.846600,60.006212
2.846700,60.006975
2.846800,60.007063
2.846900,60.007114
2.847000,60.007250
2.847100,60.006813
2.847200,60.006406
2.847300,60.006743
2.847400,60.006685
2.847500,60.006466
2.847600,60.006398
2.847700,60.006437
2.847800,60.006184
2.847900,60.006314
2.848000,60.006381
2.848100,60.007060
2.848200,60.006920
2.848300,60.006209
2.848400,60.005674
2.848500,60.004068
2.848600,60.004308
2.848700,60.003351
2.848800,60.002631
2.848900,60.002066
2.849000,60.001492
2.849100,60.001089
2.849200,60.000467
2.849300,60.001108
2.849400,59.999149
2.849500,59.999377
2.849600,60.001372
2.849700,60.000545
2.849800,59.996858
2.849900,59.997800
2.850000,59.993553
2.850100,59.990075
2.850200,59.991799
2.850300,59.986323
2.850400,59.985067
2.850500,59.991032
2.850600,59.989181
2.850700,59.985539
2.850800,59.989222
2.850900,59.989297
2.851000,59.987853
2.851100,59.986444
2.851200,59.984450
2.851300,59.984214
2.851400,59.983569
2.851500,59.983698
2.851600,59.983643
2.851700,59.983633
2.851800,59.983428
2.851900,59.983388
2.852000,59.983034
2.852100,59.982783
2.852200,59.982929
2.852300,59.983102
2.852400,59.982697
2.852500,59.982366
2.852600,59.981899
2.852700,59.982144
2.852800,59.981907
2.852900,59.981940
2.853000,59.982346
2.853100,59.982152
2.853200,59.982478
2.853300,59.982644
2.853400,59.982653
2.853500,59.982671
2.853600,59.982715
2.853700,59.982057
2.853800,59.982294
2.853900,59.982375
2.854000,59.982734
2.854100,59.983340
2.854200,59.983151
2.854300,59.982712
2.854400,59.983261
2.854500,59.982929
2.854600,59.983000
2.854700,59.982928
2.854800,59.982977
2.854900,59.982733
2.855000,59.982572
2.855100,59.982792
2.855200,59.982402
2.855300,59.982731
2.855400,59.982696
2.855500,59.983005
2.855600,59.983573
2.855700,59.983028
2.855800,59.982600
2.855900,59.983475
2.856000,59.982700
2.856100,59.983064
2.856200,59.982501
2.856300,59.983086
2.856400,59.983793
2.856500,59.983828
2.856600,59.982884
2.856700,59.984138
2.856800,59.984915
2.856900,59.986034
2.857000,59.985888
2.857100,59.986007
2.857200,59.986437
2.857300,59.989939
2.857400,59.988112
2.857500,59.987630
2.857600,59.986181
2.857700,59.987502
2.857800,59.986771
2.857900,59.989810
2.858000,59.991688
2.858100,59.987888
2.858200,59.989141
2.858300,59.985085
2.858400,59.988901
2.858500,59.989368
2.858600,59.993646
2.858700,59.988470
2.858800,59.987687
2.858900,59.990967
2.859000,59.992230
2.859100,59.990167
2.859200,59.991185
2.859300,59.992707
2.859400,59.993090
2.859500,59.993558
2.859600,59.993764
2.859700,59.993770
2.859800,59.993791
2.859900,59.993803
2.860000,59.993740
2.860100,59.993765
2.860200,59.993490
2.860300,59.993131
2.860400,59.993010
2.860500,59.992975
2.860600,59.993472
2.860700,59.993094
2.860800,59.993700
2.860900,59.993877
2.861000,59.993727
2.861100,59.993665
2.861200,59.993840
2.861300,59.994425
2.861400,59.994575
2.861500,59.994460
2.861600,59.994469
2.861700,59.994099
2.861800,59.994045
2.861900,59.994016
2.862000,59.994182
2.862100,59.994436
2.862200,59.994446
2.862300,59.994459
2.862400,59.994957
2.862500,59.994339
2.862600,59.994350
2.862700,59.994509
2.862800,59.995004
2.862900,59.994330
2.863000,59.994058
2.863100,59.994584
2.863200,59.994662
2.863300,59.994136
2.863400,59.992890
2.863500,59.993070
2.863600,59.993021
2.863700,59.993139
2.863800,59.994506
2.863900,59.994230
2.864000,59.994328
2.864100,59.995150
2.864200,59.994906
2.864300,59.994772
2.864400,59.994778
2.864500,59.995199
2.864600,59.993677
2.864700,59.992849
2.864800,59.992758
2.864900,59.994411
2.865000,59.996052
2.865100,59.994503
2.865200,59.994040
2.865300,59.995260
2.865400,59.994194
2.865500,59.994011
2.865600,59.993871
2.865700,59.994650
2.865800,59.991884
2.865900,59.992666
2.866000,59.994301
2.866100,59.990374
2.866200,59.992932
2.866300,59.996964
2.866400,60.000481
2.866500,60.001681
2.866600,60.003495
2.866700,60.000672
2.866800,59.998038
2.866900,59.995356
2.867000,60.001499
2.867100,59.995239
2.867200,59.993236
2.867300,59.994042
2.867400,59.996682
2.867500,59.996277
2.867600,59.995129
2.867700,59.995009
2.867800,59.995274
2.867900,59.995321
2.868000,59.995327
2.868100,59.995392
2.868200,59.995701
2.868300,59.995016
2.868400,59.995356
2.868500,59.994501
2.868600,59.994304
2.868700,59.994830
2.868800,59.994661
2.868900,59.995388
2.869000,59.995215
2.869100,59.994568
2.869200,59.994329
2.869300,59.994461
2.869400,59.994274
2.869500,59.994331
2.869600,59.994555
2.869700,59.994098
2.869800,59.993683
2.869900,59.993779
2.870000,59.994182
2.870100,59.994720
2.870200,59.994554
2.870300,59.994614
2.870400,59.994729
2.870500,59.994428
2.870600,59.994438
2.870700,59.994415
2.870800,59.994118
2.870900,59.994081
2.871000,59.994848
2.871100,59.994136
2.871200,59.994400
2.871300,59.994372
2.871400,59.994558
2.871500,59.994554
2.871600,59.995438
2.871700,59.994984
2.871800,59.995429
2.871900,59.994927
2.872000,59.993732
2.872100,59.993509
2.872200,59.993471
2.872300,59.993414
2.872400,59.993254
2.872500,59.993080
2.872600,59.993957
2.872700,59.992523
2.872800,59.992130
2.872900,59.992663
2.873000,59.993291
2.873100,59.994165
2.873200,59.992934
2.873300,59.993518
2.873400,59.993898
2.873500,59.994662
2.873600,59.994136
2.873700,59.991774
2.873800,59.994436
2.873900,59.991077
2.874000,59.992625
2.874100,59.990973
2.874200,59.991188
2.874300,59.994276
2.874400,59.989092
2.874500,59.985193
2.874600,59.995518
2.874700,59.978092
2.874800,59.981556
2.874900,59.986855
2.875000,59.981410
2.875100,59.986897
2.875200,59.993885
2.875300,59.990813
2.875400,59.991788
2.875500,59.984918
2.875600,59.982364
2.875700,59.981051
2.875800,59.979861
2.875900,59.980691
2.876000,59.980792
2.876100,59.980828
2.876200,59.980875
2.876300,59.981575
2.876400,59.980608
2.876500,59.979727
2.876600,59.980024
2.876700,59.980007
2.876800,59.981099
2.876900,59.980420
2.877000,59.980461
2.877100,59.980123
2.877200,59.979854
2.877300,59.980053
2.877400,59.979774
2.877500,59.980393
2.877600,59.979994
2.877700,59.980335
2.877800,59.980100
2.877900,59.980669
2.878000,59.980614
2.878100,59.980041
2.878200,59.980186
2.878300,59.979742
2.878400,59.980082
2.878500,59.979661
2.878600,59.979992
2.878700,59.979724
2.878800,59.979954
2.878900,59.979979
2.879000,59.979935
2.879100,59.979553
2.879200,59.980425
2.879300,59.980620
2.879400,59.980323
2.879500,59.980288
2.879600,59.980341
2.879700,59.980162
2.879800,59.979821
2.879900,59.979974
2.880000,59.980440
2.880100,59.980579
2.880200,59.980137
2.880300,59.979749
2.880400,59.980151
2.880500,59.980773
2.880600,59.980519
2.880700,59.980262
2.880800,59.980772
2.880900,59.979487
2.881000,59.979498
2.881100,59.978888
2.881200,59.980877
2.881300,59.979570
2.881400,59.977926
2.881500,59.978038
2.881600,59.980416
2.881700,59.981349
2.881800,59.981756
2.881900,59.977597
2.882000,59.978193
2.882100,59.976102
2.882200,59.978587
2.882300,59.978048
2.882400,59.979501
2.882500,59.974771
2.882600,59.985212
2.882700,59.983492
2.882800,59.991274
2.882900,59.978046
2.883000,59.983889
2.883100,59.986632
2.883200,59.979458
2.883300,59.975331
2.883400,59.969987
2.883500,59.976170
2.883600,59.969321
2.883700,59.967322
2.883800,59.966355
2.883900,59.965956
2.884000,59.968794
2.884100,59.965759
2.884200,59.965840
2.884300,59.965846
2.884400,59.964947
2.884500,59.963440
2.884600,59.964231
2.884700,59.964651
2.884800,59.965845
2.884900,59.964304
2.885000,59.963743
2.885100,59.963415
2.885200,59.964118
2.885300,59.963069
2.885400,59.963232
2.885500,59.963768
2.885600,59.963884
2.885700,59.963551
2.885800,59.963562
2.885900,59.963292
2.886000,59.963766
2.886100,59.963509
2.886200,59.963616
2.886300,59.963101
2.886400,59.963203
2.886500,59.963389
2.886600,59.963422
2.886700,59.963734
2.886800,59.963374
2.886900,59.963668
2.887000,59.964387
2.887100,59.964273
2.887200,59.963809
2.887300,59.963893
2.887400,59.963882
2.887500,59.963427
2.887600,59.963225
2.887700,59.963285
2.887800,59.962877
2.887900,59.963624
2.888000,59.963438
2.888100,59.963299
2.888200,59.963731
2.888300,59.963964
2.888400,59.963571
2.888500,59.963274
2.888600,59.963796
2.888700,59.963964
2.888800,59.963651
2.888900,59.964306
2.889000,59.965099
2.889100,59.964002
2.889200,59.963099
2.889300,59.962318
2.889400,59.963696
2.889500,59.962925
2.889600,59.964586
2.889700,59.964942
2.889800,59.963776
2.889900,59.963698
2.890000,59.964042
2.890100,59.963470
2.890200,59.962862
2.890300,59.964270
2.890400,59.962425
2.890500,59.961165
2.890600,59.967546
2.890700,59.968289
2.890800,59.965287
2.890900,59.968803
2.891000,59.974606
2.891100,59.982587
2.891200,59.976660
2.891300,59.975335
2.891400,59.974578
2.891500,59.970981
2.891600,59.982986
2.891700,59.979710
2.891800,59.977215
2.891900,59.997900
2.892000,60.001782
2.892100,60.003563
2.892200,60.009355
2.892300,60.007014
2.892400,60.007428
2.892500,60.007321
2.892600,60.007186
2.892700,60.006832
2.892800,60.007484
2.892900,60.008296
2.893000,60.009970
2.893100,60.010759
2.893200,60.010527
2.893300,60.008912
2.893400,60.009848
2.893500,60.010268
2.893600,60.010484
2.893700,60.009920
2.893800,60.008973
2.893900,60.009362
2.894000,60.009290
2.894100,60.009337
2.894200,60.009653
2.894300,60.009535
2.894400,60.009512
2.894500,60.009441
2.894600,60.009230
2.894700,60.009526
2.894800,60.009934
2.894900,60.009763
2.895000,60.009680
2.895100,60.009622
2.895200,60.009646
2.895300,60.009430
2.895400,60.009771
2.895500,60.009469
2.895600,60.009795
2.895700,60.009824
2.895800,60.009353
2.895900,60.009042
2.896000,60.009417
2.896100,60.009671
2.896200,60.009759
2.896300,60.009788
2.896400,60.009966
2.896500,60.009726
2.896600,60.009453
2.896700,60.009648
2.896800,60.010087
2.896900,60.010386
2.897000,60.009469
2.897100,60.009648
2.897200,60.009494
2.897300,60.009535
2.897400,60.009499
2.897500,60.010437
2.897600,60.009647
2.897700,60.009908
2.897800,60.011299
2.897900,60.010736
2.898000,60.009366
2.898100,60.009234
2.898200,60.007882
2.898300,60.009030
2.898400,60.007754
2.898500,60.007241
2.898600,60.010556
2.898700,60.009585
2.898800,60.009541
2.898900,60.010695
2.899000,60.005687
2.899100,60.008506
2.899200,60.011209
2.899300,60.019406
2.899400,60.016993
2.899500,60.018303
2.899600,60.024637
2.899700,60.028247
2.899800,60.013190
2.899900,60.026351
2.900000,60.016824
2.900100,60.013306
2.900200,60.010490
2.900300,59.995521
2.900400,60.006345
2.900500,60.007826
2.900600,60.008706
2.900700,60.010168
2.900800,60.010123
2.900900,60.009705
2.901000,60.010709
2.901100,60.008829
2.901200,60.008429
2.901300,60.009049
2.901400,60.010062
2.901500,60.009799
2.901600,60.010466
2.901700,60.010891
2.901800,60.011177
2.901900,60.010265
2.902000,60.010636
2.902100,60.010918
2.902200,60.010075
2.902300,60.010612
2.902400,60.010800
2.902500,60.010217
2.902600,60.010466
2.902700,60.010302
2.902800,60.010418
2.902900,60.010563
2.903000,60.010633
2.903100,60.010392
2.903200,60.010648
2.903300,60.010325
2.903400,60.010383
2.903500,60.009981
2.903600,60.010411
2.903700,60.010852
2.903800,60.010307
2.903900,60.010493
2.904000,60.010404
2.904100,60.010576
2.904200,60.010531
2.904300,60.010489
2.904400,60.010448
2.904500,60.010239
2.904600,60.010152
2.904700,60.010247
2.904800,60.010130
2.904900,60.010659
2.905000,60.010564
2.905100,60.010944
2.905200,60.011253
2.905300,60.010404
2.905400,60.010040
2.905500,60.010181
2.905600,60.010181
2.905700,60.010815
2.905800,60.010468
2.905900,60.010098
2.906000,60.010657
2.906100,60.011591
2.906200,60.011017
2.906300,60.010061
2.906400,60.009083
2.906500,60.011130
2.906600,60.011812
2.906700,60.008919
2.906800,60.008438
2.906900,60.010225
2.907000,60.014327
2.907100,60.016155
2.907200,60.011732
2.907300,60.012960
2.907400,60.009594
2.907500,60.009737
2.907600,60.003927
2.907700,60.003462
2.907800,60.004658
2.907900,60.009459
2.908000,60.003580
2.908100,60.006003
2.908200,60.016721
2.908300,60.027009
2.908400,60.020106
2.908500,60.016858
2.908600,60.011812
2.908700,60.010754
2.908800,60.018733
2.908900,60.022643
2.909000,60.020452
2.909100,60.020632
2.909200,60.020569
2.909300,60.020319
2.909400,60.021523
2.909500,60.022398
2.909600,60.021468
2.909700,60.020979
2.909800,60.020631
2.909900,60.021454
2.910000,60.021190
2.910100,60.021195
2.910200,60.021421
2.910300,60.022168
2.910400,60.021819
2.910500,60.021780
2.910600,60.022339
2.910700,60.022449
2.910800,60.021965
2.910900,60.021822
2.911000,60.021928
2.911100,60.021303
2.911200,60.021551
2.911300,60.022073
2.911400,60.021745
2.911500,60.021729
2.911600,60.021488
2.911700,60.021946
2.911800,60.021823
2.911900,60.022219
2.912000,60.021581
2.912100,60.021695
2.912200,60.021824
2.912300,60.022349
2.912400,60.022289
2.912500,60.022580
2.912600,60.022191
2.912700,60.021988
2.912800,60.021853
2.912900,60.021950
2.913000,60.022195
2.913100,60.022233
2.913200,60.021982
2.913300,60.022218
2.913400,60.021885
2.913500,60.022230
2.913600,60.021525
2.913700,60.021388
2.913800,60.022117
2.913900,60.021481
2.914000,60.022172
2.914100,60.021639
2.914200,60.022202
2.914300,60.021826
2.914400,60.021653
2.914500,60.020934
2.914600,60.021283
2.914700,60.021599
2.914800,60.022254
2.914900,60.021590
2.915000,60.021617
2.915100,60.020887
2.915200,60.019672
2.915300,60.020747
2.915400,60.019580
2.915500,60.022709
2.915600,60.020938
2.915700,60.022295
2.915800,60.022124
2.915900,60.014014
2.916000,60.024124
2.916100,60.014856
2.916200,60.012298
2.916300,60.010693
2.916400,59.997333
2.916500,59.997743
2.916600,59.978651
2.916700,60.000565
2.916800,60.023770
2.916900,60.014594
2.917000,60.006430
2.917100,60.007825
2.917200,60.002480
2.917300,60.003317
2.917400,60.003077
2.917500,60.003148
2.917600,60.003518
2.917700,60.004436
2.917800,60.004075
2.917900,60.003097
2.918000,60.003357
2.918100,60.004385
2.918200,60.004714
2.918300,60.004189
2.918400,60.004630
2.918500,60.003951
2.918600,60.004245
2.918700,60.004453
2.918800,60.004522
2.918900,60.004474
2.919000,60.004208
2.919100,60.004316
2.919200,60.004416
2.919300,60.004408
2.919400,60.004542
2.919500,60.004506
2.919600,60.004173
2.919700,60.004116
2.919800,60.004033
2.919900,60.004618
2.920000,60.004568
2.920100,60.004343
2.920200,60.004140
2.920300,60.004308
2.920400,60.004407
2.920500,60.004604
2.920600,60.004349
2.920700,60.004554
2.920800,60.004168
2.920900,60.003577
2.921000,60.003491
2.921100,60.003447
2.921200,60.004069
2.921300,60.004581
2.921400,60.004346
2.921500,60.003789
2.921600,60.003820
2.921700,60.003899
2.921800,60.003586
2.921900,60.004646
2.922000,60.004477
2.922100,60.004537
2.922200,60.004548
2.922300,60.004421
2.922400,60.004171
2.922500,60.004404
2.922600,60.003778
2.922700,60.004818
2.922800,60.006234
2.922900,60.004976
2.923000,60.004052
2.923100,60.003854
2.923200,60.004732
2.923300,60.002416
2.923400,60.003748
2.923500,60.002050
2.923600,60.002871
2.923700,60.002886
2.923800,60.004713
2.923900,60.000775
2.924000,59.997036
2.924100,59.999425
2.924200,60.002489
2.924300,60.011330
2.924400,60.011631
2.924500,60.012990
2.924600,60.007169
2.924700,60.008889
2.924800,60.000336
2.924900,60.012646
2.925000,60.018768
2.925100,60.015674
2.925200,60.021054
2.925300,60.024209
2.925400,60.029200
2.925500,60.029328
2.925600,60.028478
2.925700,60.027363
2.925800,60.027352
2.925900,60.028212
2.926000,60.027143
2.926100,60.028797
2.926200,60.029190
2.926300,60.027436
2.926400,60.027137
2.926500,60.027862
2.926600,60.027151
2.926700,60.027480
2.926800,60.026974
2.926900,60.027492
2.927000,60.027725
2.927100,60.027898
2.927200,60.027704
2.927300,60.027905
2.927400,60.027672
2.927500,60.027770
2.927600,60.027753
2.927700,60.027294
2.927800,60.027482
2.927900,60.027657
2.928000,60.027902
2.928100,60.028048
2.928200,60.028086
2.928300,60.027489
2.928400,60.027288
2.928500,60.027635
2.928600,60.027554
2.928700,60.027597
2.928800,60.028028
2.928900,60.027412
2.929000,60.027293
2.929100,60.027604
2.929200,60.027308
2.929300,60.027755
2.929400,60.027455
2.929500,60.027747
2.929600,60.027215
2.929700,60.027171
2.929800,60.027528
2.929900,60.027122
2.930000,60.027730
2.930100,60.028053
2.930200,60.027869
2.930300,60.027537
2.930400,60.027264
2.930500,60.028507
2.930600,60.028080
2.930700,60.028115
2.930800,60.027092
2.930900,60.026503
2.931000,60.026772
2.931100,60.028022
2.931200,60.027659
2.931300,60.028016
2.931400,60.028873
2.931500,60.027994
2.931600,60.027410
2.931700,60.027523
2.931800,60.028218
2.931900,60.029349
2.932000,60.026150
2.932100,60.025047
2.932200,60.021086
2.932300,60.024358
2.932400,60.026934
2.932500,60.020324
2.932600,60.022737
2.932700,60.025867
2.932800,60.014510
2.932900,60.025630
2.933000,60.020204
2.933100,60.017470
2.933200,60.017209
2.933300,60.019392
2.933400,60.013801
2.933500,60.021174
2.933600,60.012970
2.933700,60.010735
2.933800,60.005875
2.933900,60.005287
2.934000,60.006644
2.934100,60.006422
2.934200,60.006842
2.934300,60.005568
2.934400,60.005375
2.934500,60.006493
2.934600,60.007552
2.934700,60.007314
2.934800,60.006254
2.934900,60.006155
2.935000,60.005525
2.935100,60.005922
2.935200,60.005710
2.935300,60.004777
2.935400,60.004921
2.935500,60.005432
2.935600,60.005093
2.935700,60.005235
2.935800,60.005532
2.935900,60.005360
2.936000,60.005351
2.936100,60.005348
2.936200,60.005238
2.936300,60.005321
2.936400,60.005383
2.936500,60.005782
2.936600,60.005680
2.936700,60.005614
2.936800,60.005402
2.936900,60.005686
2.937000,60.005113
2.937100,60.005667
2.937200,60.005359
2.937300,60.005572
2.937400,60.005140
2.937500,60.005072
2.937600,60.005594
2.937700,60.005839
2.937800,60.005213
2.937900,60.005354
2.938000,60.005144
2.938100,60.005306
2.938200,60.004907
2.938300,60.004810
2.938400,60.004960
2.938500,60.004921
2.938600,60.005131
2.938700,60.005617
2.938800,60.004431
2.938900,60.005272
2.939000,60.005847
2.939100,60.004990
2.939200,60.005088
2.939300,60.005112
2.939400,60.004228
2.939500,60.004466
2.939600,60.004833
2.939700,60.005248
2.939800,60.007429
2.939900,60.007598
2.940000,60.006661
2.940100,60.006348
2.940200,60.006682
2.940300,60.002896
2.940400,60.001381
2.940500,60.001763
2.940600,60.006688
2.940700,60.000802
2.940800,60.005472
2.940900,60.000410
2.941000,60.000233
2.941100,60.004168
2.941200,60.003097
2.941300,60.017658
2.941400,60.025471
2.941500,60.041216
2.941600,60.019154
2.941700,60.007554
2.941800,60.024616
2.941900,60.012858
2.942000,60.019052
2.942100,60.021564
2.942200,60.025026
2.942300,60.021864
2.942400,60.020875
2.942500,60.020748
2.942600,60.020959
2.942700,60.021434
2.942800,60.021990
2.942900,60.021330
2.943000,60.021408
2.943100,60.020926
2.943200,60.020573
2.943300,60.020576
2.943400,60.021215
2.943500,60.021062
2.943600,60.020948
2.943700,60.021217
2.943800,60.020552
2.943900,60.020786
2.944000,60.021544
2.944100,60.020973
2.944200,60.020634
2.944300,60.020848
2.944400,60.020594
2.944500,60.020803
2.944600,60.020412
2.944700,60.020503
2.944800,60.020771
2.944900,60.020501
2.945000,60.020246
2.945100,60.020336
2.945200,60.020356
2.945300,60.020433
2.945400,60.020918
2.945500,60.020776
2.945600,60.020404
2.945700,60.020350
2.945800,60.020293
2.945900,60.020218
2.946000,60.020145
2.946100,60.020570
2.946200,60.020492
2.946300,60.020380
2.946400,60.021101
2.946500,60.020232
2.946600,60.020913
2.946700,60.020092
2.946800,60.020109
2.946900,60.019893
2.947000,60.020793
2.947100,60.020332
2.947200,60.020934
2.947300,60.019625
2.947400,60.020204
2.947500,60.019859
2.947600,60.019179
2.947700,60.020682
2.947800,60.020779
2.947900,60.020714
2.948000,60.021927
2.948100,60.020370
2.948200,60.020770
2.948300,60.020358
2.948400,60.020015
2.948500,60.017151
2.948600,60.019638
2.948700,60.019794
2.948800,60.016147
2.948900,60.015157
2.949000,60.012424
2.949100,60.012516
2.949200,60.013392
2.949300,60.019580
2.949400,60.013389
2.949500,60.003964
2.949600,59.988501
2.949700,59.984577
2.949800,59.979862
2.949900,59.961764
2.950000,59.980451
2.950100,59.984878
2.950200,59.976170
2.950300,59.966420
2.950400,59.963413
2.950500,59.964625
2.950600,59.963563
2.950700,59.963430
2.950800,59.963023
2.950900,59.963081
2.951000,59.963027
2.951100,59.961627
2.951200,59.960920
2.951300,59.961677
2.951400,59.961341
2.951500,59.961456
2.951600,59.962627
2.951700,59.962195
2.951800,59.961152
2.951900,59.961181
2.952000,59.961071
2.952100,59.961027
2.952200,59.961082
2.952300,59.961365
2.952400,59.961459
2.952500,59.961630
2.952600,59.960972
2.952700,59.961193
2.952800,59.961759
2.952900,59.961119
2.953000,59.961594
2.953100,59.960985
2.953200,59.961131
2.953300,59.961104
2.953400,59.960914
2.953500,59.960558
2.953600,59.960749
2.953700,59.960575
2.953800,59.960993
2.953900,59.961196
2.954000,59.960804
2.954100,59.960717
2.954200,59.961432
2.954300,59.961099
2.954400,59.961073
2.954500,59.961026
2.954600,59.960836
2.954700,59.961274
2.954800,59.961503
2.954900,59.961254
2.955000,59.960448
2.955100,59.960645
2.955200,59.960505
2.955300,59.961067
2.955400,59.961393
2.955500,59.961578
2.955600,59.960912
2.955700,59.960531
2.955800,59.960432
2.955900,59.960341
2.956000,59.960978
2.956100,59.960164
2.956200,59.961718
2.956300,59.960564
2.956400,59.959313
2.956500,59.960440
2.956600,59.959206
2.956700,59.957742
2.956800,59.961043
2.956900,59.963332
2.957000,59.963251
2.957100,59.961344
2.957200,59.961597
2.957300,59.961907
2.957400,59.955460
2.957500,59.958673
2.957600,59.966381
2.957700,59.963406
2.957800,59.968655
2.957900,59.959642
2.958000,59.975597
2.958100,59.958352
2.958200,59.964300
2.958300,59.968672
2.958400,59.983880
2.958500,59.988114
2.958600,59.999399
2.958700,60.013365
2.958800,60.013171
2.958900,60.010108
2.959000,60.008011
2.959100,60.007128
2.959200,60.007155
2.959300,60.007460
2.959400,60.007322
2.959500,60.007462
2.959600,60.006608
2.959700,60.006953
2.959800,60.007692
2.959900,60.007648
2.960000,60.006918
2.960100,60.007369
2.960200,60.007129
2.960300,60.007302
2.960400,60.007018
2.960500,60.007186
2.960600,60.007129
2.960700,60.007152
2.960800,60.006994
2.960900,60.006967
2.961000,60.006858
2.961100,60.007103
2.961200,60.007027
2.961300,60.006817
2.961400,60.007120
2.961500,60.006957
2.961600,60.007130
2.961700,60.006918
2.961800,60.006531
2.961900,60.006513
2.962000,60.006867
2.962100,60.006777
2.962200,60.007092
2.962300,60.006691
2.962400,60.006665
2.962500,60.006828
2.962600,60.006915
2.962700,60.006973
2.962800,60.007162
2.962900,60.007254
2.963000,60.006874
2.963100,60.006276
2.963200,60.006375
2.963300,60.006558
2.963400,60.007085
2.963500,60.006771
2.963600,60.006364
2.963700,60.006618
2.963800,60.006828
2.963900,60.005708
2.964000,60.006078
2.964100,60.006155
2.964200,60.006112
2.964300,60.005388
2.964400,60.006280
2.964500,60.005570
2.964600,60.007171
2.964700,60.008208
2.964800,60.006555
2.964900,60.007014
2.965000,60.007554
2.965100,60.006913
2.965200,60.003852
2.965300,60.007755
2.965400,60.007991
2.965500,60.004869
2.965600,59.999385
2.965700,60.001302
2.965800,60.005786
2.965900,59.997456
2.966000,60.007794
2.966100,60.005439
2.966200,60.003042
2.966300,59.996398
2.966400,59.980879
2.966500,59.990812
2.966600,59.969221
2.966700,59.959763
2.966800,59.969824
2.966900,59.962107
2.967000,59.965161
2.967100,59.963414
2.967200,59.970385
2.967300,59.966384
2.967400,59.965429
2.967500,59.965371
2.967600,59.965984
2.967700,59.965108
2.967800,59.965849
2.967900,59.964236
2.968000,59.963817
2.968100,59.963914
2.968200,59.963025
2.968300,59.962984
2.968400,59.963605
2.968500,59.963109
2.968600,59.963501
2.968700,59.963876
2.968800,59.963757
2.968900,59.963283
2.969000,59.963496
2.969100,59.963665
2.969200,59.963751
2.969300,59.963698
2.969400,59.963420
2.969500,59.963662
2.969600,59.963667
2.969700,59.963472
2.969800,59.963672
2.969900,59.963365
2.970000,59.963653
2.970100,59.963237
2.970200,59.963368
2.970300,59.962951
2.970400,59.963453
2.970500,59.963685
2.970600,59.963431
2.970700,59.963172
2.970800,59.963278
2.970900,59.963303
2.971000,59.963330
2.971100,59.963577
2.971200,59.963693
2.971300,59.963238
2.971400,59.963650
2.971500,59.963629
2.971600,59.962919
2.971700,59.962949
2.971800,59.963102
2.971900,59.963188
2.972000,59.962797
2.972100,59.963410
2.972200,59.963611
2.972300,59.963808
2.972400,59.963195
2.972500,59.963489
2.972600,59.961883
2.972700,59.962924
2.972800,59.963653
2.972900,59.964167
2.973000,59.963729
2.973100,59.965321
2.973200,59.964383
2.973300,59.963404
2.973400,59.961683
2.973500,59.959039
2.973600,59.961718
2.973700,59.961602
2.973800,59.961674
2.973900,59.963178
2.974000,59.963323
2.974100,59.969956
2.974200,59.973878
2.974300,59.970772
2.974400,59.966195
2.974500,59.972511
2.974600,59.970917
2.974700,59.969716
2.974800,59.975551
2.974900,59.987847
2.975000,59.998801
2.975100,59.999961
2.975200,59.996246
2.975300,59.995560
2.975400,60.003114
2.975500,60.002184
2.975600,60.003222
2.975700,60.004723
2.975800,60.004754
2.975900,60.005076
2.976000,60.006270
2.976100,60.007922
2.976200,60.008488
2.976300,60.006609
2.976400,60.007462
2.976500,60.005913
2.976600,60.007103
2.976700,60.005880
2.976800,60.005611
2.976900,60.005950
2.977000,60.005874
2.977100,60.006673
2.977200,60.006116
2.977300,60.006154
2.977400,60.006460
2.977500,60.006000
2.977600,60.005773
2.977700,60.005852
2.977800,60.005865
2.977900,60.006384
2.978000,60.006489
2.978100,60.005959
2.978200,60.006099
2.978300,60.005993
2.978400,60.006029
2.978500,60.006192
2.978600,60.006406
2.978700,60.006118
2.978800,60.006376
2.978900,60.006224
2.979000,60.006324
2.979100,60.006405
2.979200,60.006342
2.979300,60.006406
2.979400,60.006276
2.979500,60.005941
2.979600,60.005658
2.979700,60.006215
2.979800,60.006023
2.979900,60.006953
2.980000,60.007168
2.980100,60.006846
2.980200,60.005795
2.980300,60.005979
2.980400,60.005674
2.980500,60.005834
2.980600,60.005771
2.980700,60.005781
2.980800,60.005865
2.980900,60.006464
2.981000,60.006576
2.981100,60.006631
2.981200,60.005671
2.981300,60.005627
2.981400,60.003395
2.981500,60.003421
2.981600,60.004860
2.981700,60.005232
2.981800,60.005226
2.981900,60.001913
2.982000,60.005579
2.982100,60.003558
2.982200,60.008538
2.982300,60.011501
2.982400,60.008928
2.982500,60.007953
2.982600,60.002739
2.982700,59.999972
2.982800,59.998315
2.982900,60.009433
2.983000,60.016834
2.983100,60.030361
2.983200,60.045874
2.983300,60.064311
2.983400,60.042888
2.983500,60.022990
2.983600,60.024908
2.983700,60.036753
2.983800,60.027556
2.983900,60.031830
2.984000,60.029124
2.984100,60.029971
2.984200,60.029953
2.984300,60.029559
2.984400,60.030148
2.984500,60.031132
2.984600,60.029309
2.984700,60.028602
2.984800,60.027801
2.984900,60.028632
2.985000,60.028429
2.985100,60.027983
2.985200,60.028435
2.985300,60.028488
2.985400,60.028833
2.985500,60.028105
2.985600,60.028308
2.985700,60.028585
2.985800,60.028384
2.985900,60.028107
2.986000,60.028142
2.986100,60.028193
2.986200,60.028263
2.986300,60.028025
2.986400,60.028256
2.986500,60.028427
2.986600,60.028448
2.986700,60.028070
2.986800,60.028242
2.986900,60.028117
2.987000,60.027824
2.987100,60.027830
2.987200,60.028386
2.987300,60.027922
2.987400,60.028083
2.987500,60.028008
2.987600,60.027980
2.987700,60.028809
2.987800,60.028123
2.987900,60.028910
2.988000,60.029243
2.988100,60.028410
2.988200,60.027909
2.988300,60.028352
2.988400,60.027683
2.988500,60.027859
2.988600,60.027651
2.988700,60.027663
2.988800,60.027889
2.988900,60.027799
2.989000,60.028294
2.989100,60.028059
2.989200,60.028064
2.989300,60.028781
2.989400,60.028291
2.989500,60.028724
2.989600,60.028643
2.989700,60.027219
2.989800,60.029792
2.989900,60.029190
2.990000,60.027514
2.990100,60.030466
2.990200,60.027887
2.990300,60.024655
2.990400,60.028448
2.990500,60.025171
2.990600,60.028163
2.990700,60.029751
2.990800,60.026972
2.990900,60.022608
2.991000,60.024935
2.991100,60.013679
2.991200,60.017910
2.991300,60.023529
2.991400,60.011075
2.991500,60.004129
2.991600,59.985431
2.991700,59.973717
2.991800,59.959066
2.991900,59.958810
2.992000,59.963187
2.992100,59.958353
2.992200,59.965463
2.992300,59.963954
2.992400,59.965327
2.992500,59.965129
2.992600,59.964896
2.992700,59.965413
2.992800,59.963740
2.992900,59.963976
2.993000,59.964972
2.993100,59.964120
2.993200,59.965580
2.993300,59.965015
2.993400,59.964814
2.993500,59.965878
2.993600,59.964988
2.993700,59.965556
2.993800,59.964985
2.993900,59.964683
2.994000,59.964886
2.994100,59.965283
2.994200,59.964920
2.994300,59.964737
2.994400,59.964864
2.994500,59.965096
2.994600,59.965206
2.994700,59.964916
2.994800,59.964597
2.994900,59.964521
2.995000,59.964572
2.995100,59.964775
2.995200,59.965002
2.995300,59.964646
2.995400,59.964414
2.995500,59.964331
2.995600,59.964309
2.995700,59.964344
2.995800,59.964431
2.995900,59.964636
2.996000,59.964913
2.996100,59.964230
2.996200,59.963911
2.996300,59.964590
2.996400,59.964549
2.996500,59.964551
2.996600,59.964225
2.996700,59.964467
2.996800,59.964755
2.996900,59.964888
2.997000,59.964913
2.997100,59.965169
2.997200,59.964663
2.997300,59.964420
2.997400,59.965046
2.997500,59.964737
2.997600,59.964448
2.997700,59.964600
2.997800,59.963433
2.997900,59.963686
2.998000,59.965305
2.998100,59.964082
2.998200,59.965062
2.998300,59.967252
2.998400,59.964631
2.998500,59.965131
2.998600,59.964379
2.998700,59.961112
2.998800,59.965877
2.998900,59.968700
2.999000,59.969035
2.999100,59.966662
2.999200,59.972006
2.999300,59.967845
2.999400,59.966566
2.999500,59.962341
2.999600,59.973154
2.999700,59.975604
2.999800,59.966377
2.999900,59.979967
3.000000,59.964442
3.000100,59.973686
3.000200,59.984879
3.000300,59.994219
3.000400,59.999623
3.000500,60.005886
3.000600,60.006334
3.000700,60.004556
3.000800,60.005178
3.000900,60.005366
3.001000,60.006325
3.001100,60.007496
3.001200,60.008017
3.001300,60.006561
3.001400,60.005986
3.001500,60.005615
3.001600,60.006849
3.001700,60.006106
3.001800,60.006056
3.001900,60.006485
3.002000,60.006176
3.002100,60.005857
3.002200,60.006457
3.002300,60.006121
3.002400,60.005942
3.002500,60.006586
3.002600,60.005928
3.002700,60.006446
3.002800,60.006355
3.002900,60.006239
3.003000,60.005827
3.003100,60.006015
3.003200,60.006076
3.003300,60.006140
3.003400,60.006261
3.003500,60.005961
3.003600,60.006164
3.003700,60.006037
3.003800,60.005989
3.003900,60.006389
3.004000,60.006497
3.004100,60.006901
3.004200,60.006152
3.004300,60.006453
3.004400,60.006256
3.004500,60.006661
3.004600,60.006255
3.004700,60.005905
3.004800,60.006267
3.004900,60.006184
3.005000,60.006487
3.005100,60.005869
3.005200,60.006685
3.005300,60.006124
3.005400,60.005553
3.005500,60.005865
3.005600,60.005907
3.005700,60.006772
3.005800,60.006235
3.005900,60.005465
3.006000,60.006318
3.006100,60.006804
3.006200,60.005289
3.006300,60.004781
3.006400,60.003476
3.006500,60.005913
3.006600,60.008623
3.006700,60.009238
3.006800,60.008627
3.006900,60.009297
3.007000,60.006671
3.007100,60.005959
3.007200,60.005793
3.007300,60.007662
3.007400,60.010373
3.007500,60.009727
3.007600,60.003608
3.007700,59.999867
3.007800,60.010963
3.007900,60.020146
3.008000,60.004901
3.008100,60.012827
3.008200,60.013936
3.008300,59.996045
3.008400,60.012351
3.008500,60.010145
3.008600,60.008947
3.008700,60.011609
3.008800,60.007741
3.008900,60.011212
3.009000,60.008503
3.009100,60.009527
3.009200,60.009517
3.009300,60.009330
3.009400,60.009793
3.009500,60.009051
3.009600,60.010129
3.009700,60.009715
3.009800,60.009039
3.009900,60.008912
3.010000,60.009146
3.010100,60.009122
3.010200,60.008616
3.010300,60.008956
3.010400,60.009337
3.010500,60.008756
3.010600,60.008584
3.010700,60.009016
3.010800,60.008813
3.010900,60.009072
3.011000,60.008995
3.011100,60.008963
3.011200,60.008501
3.011300,60.008667
3.011400,60.008875
3.011500,60.008747
3.011600,60.008800
3.011700,60.009051
3.011800,60.008496
3.011900,60.008395
3.012000,60.008849
3.012100,60.008569
3.012200,60.008375
3.012300,60.008628
3.012400,60.008593
3.012500,60.008846
3.012600,60.008614
3.012700,60.008791
3.012800,60.008403
3.012900,60.008754
3.013000,60.008873
3.013100,60.008406
3.013200,60.008611
3.013300,60.008256
3.013400,60.008749
3.013500,60.008396
3.013600,60.007901
3.013700,60.008644
3.013800,60.008916
3.013900,60.008120
3.014000,60.008696
3.014100,60.007458
3.014200,60.008505
3.014300,60.008282
3.014400,60.008846
3.014500,60.008779
3.014600,60.009249
3.014700,60.008977
3.014800,60.010636
3.014900,60.009068
3.015000,60.008062
3.015100,60.008620
3.015200,60.010694
3.015300,60.008462
3.015400,60.010160
3.015500,60.006769
3.015600,60.012853
3.015700,60.010613
3.015800,60.013110
3.015900,60.014096
3.016000,60.010613
3.016100,60.007508
3.016200,60.011969
3.016300,60.015012
3.016400,60.020439
3.016500,60.012819
3.016600,59.994535
3.016700,59.988060
3.016800,59.984478
3.016900,59.983079
3.017000,59.987014
3.017100,59.992939
3.017200,59.998782
3.017300,59.997778
3.017400,59.997736
3.017500,59.997704
3.017600,59.997092
3.017700,59.997026
3.017800,59.997783
3.017900,59.998443
3.018000,59.997629
3.018100,59.998395
3.018200,59.998533
3.018300,59.998683
3.018400,59.997967
3.018500,59.997600
3.018600,59.998109
3.018700,59.998238
3.018800,59.997905
3.018900,59.997344
3.019000,59.997873
3.019100,59.998055
3.019200,59.998088
3.019300,59.997837
3.019400,59.997694
3.019500,59.998020
3.019600,59.997377
3.019700,59.997579
3.019800,59.997636
3.019900,59.997455
3.020000,59.997534
3.020100,59.997812
3.020200,59.997540
3.020300,59.996897
3.020400,59.997123
3.020500,59.997810
3.020600,59.997436
3.020700,59.997728
3.020800,59.997786
3.020900,59.997746
3.021000,59.997760
3.021100,59.997719
3.021200,59.997566
3.021300,59.997397
3.021400,59.997730
3.021500,59.997108
3.021600,59.997511
3.021700,59.998093
3.021800,59.997980
3.021900,59.997181
3.022000,59.996795
3.022100,59.997302
3.022200,59.997430
3.022300,59.996862
3.022400,59.996984
3.022500,59.997674
3.022600,59.997172
3.022700,59.998976
3.022800,59.998300
3.022900,59.997402
3.023000,59.995858
3.023100,59.995535
3.023200,59.997904
3.023300,59.998118
3.023400,59.997113
3.023500,59.997527
3.023600,60.000125
3.023700,60.001745
3.023800,60.001725
3.023900,59.999099
3.024000,59.998010
3.024100,59.992104
3.024200,59.990248
3.024300,59.991724
3.024400,59.986376
3.024500,59.980442
3.024600,59.981998
3.024700,59.991591
3.024800,60.000694
3.024900,60.000502
3.025000,60.000569
3.025100,60.000538
3.025200,60.000577
3.025300,60.000590
3.025400,60.000727
3.025500,60.000894
3.025600,60.001051
3.025700,60.000927
3.025800,60.000920
3.025900,60.001093
3.026000,60.001044
3.026100,60.000805
3.026200,60.000716
3.026300,60.000372
3.026400,60.000340
3.026500,60.000464
3.026600,60.000295
3.026700,60.000551
3.026800,60.000269
3.026900,60.000118
3.027000,60.000116
3.027100,59.999757
3.027200,59.999581
3.027300,59.999630
3.027400,59.999788
3.027500,59.999662
3.027600,59.999544
3.027700,59.999650
3.027800,59.999698
3.027900,59.999603
3.028000,59.999599
3.028100,59.999556
3.028200,59.999587
3.028300,59.999578
3.028400,59.999455
3.028500,59.999465
3.028600,59.999459
3.028700,59.999452
3.028800,59.999482
3.028900,59.999481
3.029000,59.999489
3.029100,59.999500
3.029200,59.999491
3.029300,59.999494
3.029400,59.999493
3.029500,59.999490
3.029600,59.999482
3.029700,59.999501
3.029800,59.999500
3.029900,59.999520
3.030000,59.999493
3.030100,59.999518
3.030200,59.999536
3.030300,59.999544
3.030400,59.999550
3.030500,59.999594
3.030600,59.999603
3.030700,59.999575
3.030800,59.999484
3.030900,59.999515
3.031000,59.999503
3.031100,59.999338
3.031200,59.999286
3.031300,59.999240
3.031400,59.999225
3.031500,59.999360
3.031600,59.999250
3.031700,59.999252
3.031800,59.999368
3.031900,59.999366
3.032000,59.999216
3.032100,59.999214
3.032200,59.999369
3.032300,59.999293
3.032400,59.999143
3.032500,59.999103
3.032600,59.999167
3.032700,59.999070
3.032800,59.998900
3.032900,59.998782
3.033000,59.999076
3.033100,59.999307
3.033200,59.999093
3.033300,59.999403
3.033400,59.999264
3.033500,59.999182
3.033600,59.999802
3.033700,59.999565
3.033800,59.999059
3.033900,59.998719
3.034000,59.998328
3.034100,59.998617
3.034200,59.999231
3.034300,59.998970
3.034400,59.999042
3.034500,59.999539
3.034600,59.998935
3.034700,59.998917
3.034800,59.999080
3.034900,59.999326
3.035000,59.999426
3.035100,59.999593
3.035200,59.999694
3.035300,59.999586
3.035400,59.999603
3.035500,59.999560
3.035600,59.999575
3.035700,59.999573
3.035800,59.999573
3.035900,59.999573
3.036000,59.999512
3.036100,59.999487
3.036200,59.999593
3.036300,59.999536
3.036400,59.999499
3.036500,59.999515
3.036600,59.999443
3.036700,59.999449
3.036800,59.999393
3.036900,59.999407
3.037000,59.999654
3.037100,59.999558
3.037200,59.999957
3.037300,59.999857
3.037400,59.999603
3.037500,59.999662
3.037600,59.999643
3.037700,59.999658
3.037800,59.999481
3.037900,59.999364
3.038000,59.999230
3.038100,59.999465
3.038200,59.999436
3.038300,59.999120
3.038400,59.999234
3.038500,59.999325
3.038600,59.999538
3.038700,59.999469
3.038800,59.999554
3.038900,59.999379
3.039000,59.998979
3.039100,59.998907
3.039200,59.998871
3.039300,59.998634
3.039400,59.998774
3.039500,59.998745
3.039600,59.998268
3.039700,59.998196
3.039800,59.997760
3.039900,59.998227
3.040000,59.998351
3.040100,59.998678
3.040200,59.998274
3.040300,59.998398
3.040400,59.998343
3.040500,59.998457
3.040600,59.998053
3.040700,59.997346
3.040800,59.997111
3.040900,59.997008
3.041000,59.996124
3.041100,59.996125
3.041200,59.995800
3.041300,59.996345
3.041400,59.995881
3.041500,59.994715
3.041600,59.994899
3.041700,59.995200
3.041800,59.996290
3.041900,59.995852
3.042000,59.993562
3.042100,59.993639
3.042200,59.993428
3.042300,59.995290
3.042400,59.995539
3.042500,59.996454
3.042600,59.997357
3.042700,59.997469
3.042800,59.997723
3.042900,59.997958
3.043000,59.998203
3.043100,59.997582
3.043200,59.997077
3.043300,59.996596
3.043400,59.997091
3.043500,59.997048
3.043600,59.997052
3.043700,59.997070
3.043800,59.997067
3.043900,59.997163
3.044000,59.997161
3.044100,59.997035
3.044200,59.997002
3.044300,59.997053
3.044400,59.997187
3.044500,59.997186
3.044600,59.997235
3.044700,59.996910
3.044800,59.997153
3.044900,59.996681
3.045000,59.996679
3.045100,59.996374
3.045200,59.996542
3.045300,59.996866
3.045400,59.996873
3.045500,59.996461
3.045600,59.996624
3.045700,59.996762
3.045800,59.996713
3.045900,59.996887
3.046000,59.996581
3.046100,59.996242
3.046200,59.996041
3.046300,59.995831
3.046400,59.995562
3.046500,59.995401
3.046600,59.995986
3.046700,59.995898
3.046800,59.995884
3.046900,59.996455
3.047000,59.996624
3.047100,59.996069
3.047200,59.996108
3.047300,59.995731
3.047400,59.995233
3.047500,59.995039
3.047600,59.995834
3.047700,59.996227
3.047800,59.995880
3.047900,59.995836
3.048000,59.995624
3.048100,59.995074
3.048200,59.995419
3.048300,59.996266
3.048400,59.996366
3.048500,59.996173
3.048600,59.996774
3.048700,59.996143
3.048800,59.996794
3.048900,59.996186
3.049000,59.995960
3.049100,59.994623
3.049200,59.997647
3.049300,59.997783
3.049400,59.998556
3.049500,59.997247
3.049600,59.997817
3.049700,59.997690
3.049800,59.996059
3.049900,59.995341
3.050000,59.994081
3.050100,59.992877
3.050200,59.993159
3.050300,59.990641
3.050400,59.991650
3.050500,59.991102
3.050600,59.993861
3.050700,59.991307
3.050800,59.992173
3.050900,59.994775
3.051000,59.996965
3.051100,59.996815
3.051200,59.996455
3.051300,59.997226
3.051400,59.997495
3.051500,59.997372
3.051600,59.997161
3.051700,59.997028
3.051800,59.997026
3.051900,59.997047
3.052000,59.996974
3.052100,59.996748
3.052200,59.996779
3.052300,59.996425
3.052400,59.996077
3.052500,59.996132
3.052600,59.995943
3.052700,59.996086
3.052800,59.996201
3.052900,59.996206
3.053000,59.996710
3.053100,59.996955
3.053200,59.997421
3.053300,59.996846
3.053400,59.997138
3.053500,59.996838
3.053600,59.996965
3.053700,59.997207
3.053800,59.997304
3.053900,59.996877
3.054000,59.997230
3.054100,59.996847
3.054200,59.995931
3.054300,59.997300
3.054400,59.996507
3.054500,59.996803
3.054600,59.996621
3.054700,59.996807
3.054800,59.996640
3.054900,59.997358
3.055000,59.997490
3.055100,59.997814
3.055200,59.997466
3.055300,59.997026
3.055400,59.997221
3.055500,59.996612
3.055600,59.996486
3.055700,59.996487
3.055800,59.997910
3.055900,59.997112
3.056000,59.997337
3.056100,59.996624
3.056200,59.996656
3.056300,59.995286
3.056400,59.995588
3.056500,59.995149
3.056600,59.995546
3.056700,59.995540
3.056800,59.994665
3.056900,59.995655
3.057000,59.993250
3.057100,59.995809
3.057200,59.997300
3.057300,59.996296
3.057400,59.993921
3.057500,59.994195
3.057600,59.995138
3.057700,59.996536
3.057800,59.996665
3.057900,59.990226
3.058000,59.989288
3.058100,59.985464
3.058200,59.986405
3.058300,59.985596
3.058400,59.984599
3.058500,59.986825
3.058600,59.987012
3.058700,59.989537
3.058800,59.990872
3.058900,59.992162
3.059000,59.989063
3.059100,59.990144
3.059200,59.993000
3.059300,59.993900
3.059400,59.995091
3.059500,59.995557
3.059600,59.994649
3.059700,59.994451
3.059800,59.994452
3.059900,59.994440
3.060000,59.994819
3.060100,59.994855
3.060200,59.994886
3.060300,59.994438
3.060400,59.994232
3.060500,59.994148
3.060600,59.994361
3.060700,59.994609
3.060800,59.995555
3.060900,59.995597
3.061000,59.995155
3.061100,59.995420
3.061200,59.995290
3.061300,59.995411
3.061400,59.994860
3.061500,59.994648
3.061600,59.994732
3.061700,59.995169
3.061800,59.994748
3.061900,59.994842
3.062000,59.995248
3.062100,59.995154
3.062200,59.994735
3.062300,59.995160
3.062400,59.994992
3.062500,59.994256
3.062600,59.994423
3.062700,59.995565
3.062800,59.995406
3.062900,59.995125
3.063000,59.994689
3.063100,59.994661
3.063200,59.994312
3.063300,59.993898
3.063400,59.994215
3.063500,59.994330
3.063600,59.994900
3.063700,59.994059
3.063800,59.994392
3.063900,59.994605
3.064000,59.995271
3.064100,59.995985
3.064200,59.995272
3.064300,59.995047
3.064400,59.994021
3.064500,59.993791
3.064600,59.992836
3.064700,59.994137
3.064800,59.994619
3.064900,59.995406
3.065000,59.997289
3.065100,59.997174
3.065200,59.996546
3.065300,59.995305
3.065400,59.994885
3.065500,59.995009
3.065600,59.995359
3.065700,59.996644
3.065800,59.997230
3.065900,59.998845
3.066000,59.999591
3.066100,60.000548
3.066200,59.999884
3.066300,60.000559
3.066400,59.999265
3.066500,59.996245
3.066600,60.008417
3.066700,60.006311
3.066800,60.009997
3.066900,60.016715
3.067000,60.014507
3.067100,60.013743
3.067200,60.015575
3.067300,60.014946
3.067400,60.012563
3.067500,60.015664
3.067600,60.015748
3.067700,60.015557
3.067800,60.015190
3.067900,60.015235
3.068000,60.015312
3.068100,60.015294
3.068200,60.015474
3.068300,60.015037
3.068400,60.015109
3.068500,60.015714
3.068600,60.015282
3.068700,60.014776
3.068800,60.015219
3.068900,60.015168
3.069000,60.014967
3.069100,60.015257
3.069200,60.014504
3.069300,60.014637
3.069400,60.014466
3.069500,60.014259
3.069600,60.014341
3.069700,60.014270
3.069800,60.014282
3.069900,60.014557
3.070000,60.015335
3.070100,60.015288
3.070200,60.015066
3.070300,60.014936
3.070400,60.015007
3.070500,60.014488
3.070600,60.014428
3.070700,60.014307
3.070800,60.014551
3.070900,60.014508
3.071000,60.014914
3.071100,60.014868
3.071200,60.014582
3.071300,60.015081
3.071400,60.014961
3.071500,60.014766
3.071600,60.015078
3.071700,60.015777
3.071800,60.015479
3.071900,60.014777
3.072000,60.014100
3.072100,60.014002
3.072200,60.013696
3.072300,60.013492
3.072400,60.014947
3.072500,60.015317
3.072600,60.015032
3.072700,60.014173
3.072800,60.014447
3.072900,60.013569
3.073000,60.015283
3.073100,60.014256
3.073200,60.014285
3.073300,60.015972
3.073400,60.012198
3.073500,60.013590
3.073600,60.011834
3.073700,60.013396
3.073800,60.014441
3.073900,60.016650
3.074000,60.016575
3.074100,60.017253
3.074200,60.010257
3.074300,60.005390
3.074400,60.009037
3.074500,60.006848
3.074600,60.000971
3.074700,60.003511
3.074800,60.007627
3.074900,60.010602
3.075000,60.023351
3.075100,60.022511
3.075200,60.004077
3.075300,59.997000
3.075400,59.995807
3.075500,59.997228
3.075600,59.996097
3.075700,59.999589
3.075800,59.997376
3.075900,59.998727
3.076000,59.998272
3.076100,59.998256
3.076200,59.998436
3.076300,59.998308
3.076400,59.998988
3.076500,59.997656
3.076600,59.997000
3.076700,59.996452
3.076800,59.996944
3.076900,59.997391
3.077000,59.996631
3.077100,59.996939
3.077200,59.997138
3.077300,59.997159
3.077400,59.996748
3.077500,59.996732
3.077600,59.996788
3.077700,59.997112
3.077800,59.996967
3.077900,59.997034
3.078000,59.997061
3.078100,59.996755
3.078200,59.997457
3.078300,59.997136
3.078400,59.996605
3.078500,59.997566
3.078600,59.997627
3.078700,59.997674
3.078800,59.997035
3.078900,59.997211
3.079000,59.997751
3.079100,59.997957
3.079200,59.996845
3.079300,59.997460
3.079400,59.997620
3.079500,59.997563
3.079600,59.997181
3.079700,59.996816
3.079800,59.996657
3.079900,59.997565
3.080000,59.997731
3.080100,59.997669
3.080200,59.997045
3.080300,59.997291
3.080400,59.997549
3.080500,59.997732
3.080600,59.997440
3.080700,59.997062
3.080800,59.996498
3.080900,59.997746
3.081000,59.996014
3.081100,59.997442
3.081200,59.996496
3.081300,59.996125
3.081400,59.996889
3.081500,59.998186
3.081600,59.996558
3.081700,59.996493
3.081800,59.995946
3.081900,59.997819
3.082000,59.993533
3.082100,59.995826
3.082200,59.996068
3.082300,59.993525
3.082400,59.990134
3.082500,59.996996
3.082600,59.992681
3.082700,59.990259
3.082800,59.992724
3.082900,59.999530
3.083000,59.994812
3.083100,59.981076
3.083200,59.981702
3.083300,59.982688
3.083400,60.003389
3.083500,60.008033
3.083600,60.000573
3.083700,59.993320
3.083800,59.991117
3.083900,59.985280
3.084000,59.986180
3.084100,59.989292
3.084200,59.989318
3.084300,59.989302
3.084400,59.989321
3.084500,59.988726
3.084600,59.989841
3.084700,59.989135
3.084800,59.989182
3.084900,59.989177
3.085000,59.989195
3.085100,59.989665
3.085200,59.990077
3.085300,59.990703
3.085400,59.990727
3.085500,59.991476
3.085600,59.990272
3.085700,59.990144
3.085800,59.990358
3.085900,59.990376
3.086000,59.990561
3.086100,59.990338
3.086200,59.990183
3.086300,59.990576
3.086400,59.990194
3.086500,59.990096
3.086600,59.989837
3.086700,59.990088
3.086800,59.989884
3.086900,59.990076
3.087000,59.989979
3.087100,59.989708
3.087200,59.990116
3.087300,59.989826
3.087400,59.989969
3.087500,59.990110
3.087600,59.989715
3.087700,59.989756
3.087800,59.989449
3.087900,59.989600
3.088000,59.989360
3.088100,59.989561
3.088200,59.989385
3.088300,59.990510
3.088400,59.990029
3.088500,59.990127
3.088600,59.989692
3.088700,59.990198
3.088800,59.990947
3.088900,59.990541
3.089000,59.990097
3.089100,59.989667
3.089200,59.990231
3.089300,59.990591
3.089400,59.988518
3.089500,59.989573
3.089600,59.989031
3.089700,59.989569
3.089800,59.990456
3.089900,59.993134
3.090000,59.993107
3.090100,59.993325
3.090200,59.991064
3.090300,59.989489
3.090400,59.988498
3.090500,59.986688
3.090600,59.983406
3.090700,59.981122
3.090800,59.988529
3.090900,59.997172
3.091000,59.992616
3.091100,59.995899
3.091200,59.989103
3.091300,59.997609
3.091400,59.987324
3.091500,59.978257
3.091600,60.001349
3.091700,60.005548
3.091800,60.007303
3.091900,60.011756
3.092000,60.015421
3.092100,60.012623
3.092200,60.014236
3.092300,60.009971
3.092400,60.009317
3.092500,60.009668
3.092600,60.009538
3.092700,60.009660
3.092800,60.009908
3.092900,60.010367
3.093000,60.011217
3.093100,60.010206
3.093200,60.009486
3.093300,60.009247
3.093400,60.009425
3.093500,60.009265
3.093600,60.009620
3.093700,60.009757
3.093800,60.009763
3.093900,60.009925
3.094000,60.010467
3.094100,60.010197
3.094200,60.010192
3.094300,60.009994
3.094400,60.010083
3.094500,60.009613
3.094600,60.010301
3.094700,60.010236
3.094800,60.009838
3.094900,60.009765
3.095000,60.009795
3.095100,60.009867
3.095200,60.009926
3.095300,60.009907
3.095400,60.010096
3.095500,60.010347
3.095600,60.010321
3.095700,60.010250
3.095800,60.010018
3.095900,60.009885
3.096000,60.009664
3.096100,60.009725
3.096200,60.009111
3.096300,60.009247
3.096400,60.009799
3.096500,60.010483
3.096600,60.010118
3.096700,60.010519
3.096800,60.010095
3.096900,60.009954
3.097000,60.009680
3.097100,60.010996
3.097200,60.011509
3.097300,60.010422
3.097400,60.009101
3.097500,60.008960
3.097600,60.009896
3.097700,60.010384
3.097800,60.009744
3.097900,60.009983
3.098000,60.009862
3.098100,60.010377
3.098200,60.010985
3.098300,60.008978
3.098400,60.010999
3.098500,60.008183
3.098600,60.008218
3.098700,60.010889
3.098800,60.010802
3.098900,60.012356
3.099000,60.011246
3.099100,60.003303
3.099200,60.005748
3.099300,60.007820
3.099400,59.997409
3.099500,60.004550
3.099600,60.013693
3.099700,60.019921
3.099800,60.035056
3.099900,60.012882
3.100000,60.011721
3.100100,59.998104
3.100200,59.990194
3.100300,59.993588
3.100400,59.996639
3.100500,60.001954
3.100600,60.002510
3.100700,60.002742
3.100800,60.002340
3.100900,60.002350
3.101000,60.001584
3.101100,60.003179
3.101200,60.002489
3.101300,60.002351
3.101400,60.001491
3.101500,60.001118
3.101600,60.000908
3.101700,60.001458
3.101800,60.001213
3.101900,60.001031
3.102000,60.001335
3.102100,60.001602
3.102200,60.001520
3.102300,60.001523
3.102400,60.001968
3.102500,60.001654
3.102600,60.001725
3.102700,60.001638
3.102800,60.001759
3.102900,60.002022
3.103000,60.001709
3.103100,60.001458
3.103200,60.001490
3.103300,60.001503
3.103400,60.001286
3.103500,60.001331
3.103600,60.001272
3.103700,60.001631
3.103800,60.001531
3.103900,60.002114
3.104000,60.001543
3.104100,60.001573
3.104200,60.001895
3.104300,60.001107
3.104400,60.001148
3.104500,60.001758
3.104600,60.001324
3.104700,60.000619
3.104800,60.001114
3.104900,60.001368
3.105000,60.001390
3.105100,60.001504
3.105200,60.001987
3.105300,60.002178
3.105400,60.001466
3.105500,60.000399
3.105600,60.001947
3.105700,60.002493
3.105800,60.001497
3.105900,60.000875
3.106000,60.000643
3.106100,60.001732
3.106200,60.002475
3.106300,60.001487
3.106400,60.002109
3.106500,60.002870
3.106600,59.999997
3.106700,60.002149
3.106800,60.000258
3.106900,59.997574
3.107000,59.999526
3.107100,60.001092
3.107200,60.001155
3.107300,60.003975
3.107400,60.002855
3.107500,60.005240
3.107600,60.007209
3.107700,60.009128
3.107800,59.996396
3.107900,60.004326
3.108000,60.014480
3.108100,60.011330
3.108200,60.003170
3.108300,60.014530
3.108400,60.020845
3.108500,60.021437
3.108600,60.014496
3.108700,60.022509
3.108800,60.020951
3.108900,60.021039
3.109000,60.021327
3.109100,60.021924
3.109200,60.022238
3.109300,60.022257
3.109400,60.021191
3.109500,60.021182
3.109600,60.022260
3.109700,60.023791
3.109800,60.022881
3.109900,60.024040
3.110000,60.025099
3.110100,60.024412
3.110200,60.024067
3.110300,60.023468
3.110400,60.023556
3.110500,60.023289
3.110600,60.023423
3.110700,60.023379
3.110800,60.023536
3.110900,60.023660
3.111000,60.023113
3.111100,60.023520
3.111200,60.023695
3.111300,60.023661
3.111400,60.023837
3.111500,60.023826
3.111600,60.023757
3.111700,60.024248
3.111800,60.023569
3.111900,60.023602
3.112000,60.023586
3.112100,60.023407
3.112200,60.023641
3.112300,60.023570
3.112400,60.023731
3.112500,60.023434
3.112600,60.023069
3.112700,60.023909
3.112800,60.023368
3.112900,60.023631
3.113000,60.023746
3.113100,60.024036
3.113200,60.023442
3.113300,60.023775
3.113400,60.024270
3.113500,60.024119
3.113600,60.023577
3.113700,60.022878
3.113800,60.023305
3.113900,60.023159
3.114000,60.024414
3.114100,60.022974
3.114200,60.022852
3.114300,60.022433
3.114400,60.023832
3.114500,60.023034
3.114600,60.023137
3.114700,60.023471
3.114800,60.023196
3.114900,60.023995
3.115000,60.023943
3.115100,60.024428
3.115200,60.025649
3.115300,60.022599
3.115400,60.019536
3.115500,60.021184
3.115600,60.024080
3.115700,60.018496
3.115800,60.017293
3.115900,60.025868
3.116000,60.031900
3.116100,60.023210
3.116200,60.016150
3.116300,60.008982
3.116400,60.000203
3.116500,60.003544
3.116600,60.008711
3.116700,60.016658
3.116800,59.999430
3.116900,59.981635
3.117000,59.978939
3.117100,59.983522
3.117200,59.976402
3.117300,59.977637
3.117400,59.976963
3.117500,59.976943
3.117600,59.976125
3.117700,59.975983
3.117800,59.976006
3.117900,59.974629
3.118000,59.975210
3.118100,59.974665
3.118200,59.974813
3.118300,59.974520
3.118400,59.974540
3.118500,59.974202
3.118600,59.974687
3.118700,59.974239
3.118800,59.974657
3.118900,59.974481
3.119000,59.975019
3.119100,59.975171
3.119200,59.974499
3.119300,59.974606
3.119400,59.974737
3.119500,59.974720
3.119600,59.974614
3.119700,59.974705
3.119800,59.974668
3.119900,59.974762
3.120000,59.974687
3.120100,59.974468
3.120200,59.974161
3.120300,59.974303
3.120400,59.974369
3.120500,59.974574
3.120600,59.974919
3.120700,59.974589
3.120800,59.973954
3.120900,59.974462
3.121000,59.974242
3.121100,59.974311
3.121200,59.974063
3.121300,59.974420
3.121400,59.974608
3.121500,59.974668
3.121600,59.974494
3.121700,59.974250
3.121800,59.974318
3.121900,59.974230
3.122000,59.974306
3.122100,59.974344
3.122200,59.973990
3.122300,59.974196
3.122400,59.974292
3.122500,59.974442
3.122600,59.974458
3.122700,59.974954
3.122800,59.974392
3.122900,59.974516
3.123000,59.974402
3.123100,59.975698
3.123200,59.973696
3.123300,59.972750
3.123400,59.976202
3.123500,59.976658
3.123600,59.976666
3.123700,59.975882
3.123800,59.974812
3.123900,59.979252
3.124000,59.980135
3.124100,59.986159
3.124200,59.985007
3.124300,59.977899
3.124400,59.983135
3.124500,59.973261
3.124600,59.987245
3.124700,59.993799
3.124800,59.986173
3.124900,59.986407
3.125000,59.975938
3.125100,59.991337
3.125200,59.988574
3.125300,59.990458
3.125400,59.985711
3.125500,59.992280
3.125600,59.992045
3.125700,59.991524
3.125800,59.991527
3.125900,59.991152
3.126000,59.990659
3.126100,59.989670
3.126200,59.989709
3.126300,59.989844
3.126400,59.989020
3.126500,59.989585
3.126600,59.990242
3.126700,59.989494
3.126800,59.989394
3.126900,59.989576
3.127000,59.989385
3.127100,59.989039
3.127200,59.989108
3.127300,59.988908
3.127400,59.989538
3.127500,59.989948
3.127600,59.989430
3.127700,59.989448
3.127800,59.989290
3.127900,59.989388
3.128000,59.989459
3.128100,59.989358
3.128200,59.989363
3.128300,59.989355
3.128400,59.989146
3.128500,59.989111
3.128600,59.989273
3.128700,59.989415
3.128800,59.989726
3.128900,59.989729
3.129000,59.989483
3.129100,59.989658
3.129200,59.989149
3.129300,59.989248
3.129400,59.989575
3.129500,59.989260
3.129600,59.988653
3.129700,59.988333
3.129800,59.989255
3.129900,59.989256
3.130000,59.989359
3.130100,59.990118
3.130200,59.989673
3.130300,59.988941
3.130400,59.989081
3.130500,59.988730
3.130600,59.988890
3.130700,59.990026
3.130800,59.989571
3.130900,59.990200
3.131000,59.990496
3.131100,59.990428
3.131200,59.990598
3.131300,59.989565
3.131400,59.990867
3.131500,59.990863
3.131600,59.990898
3.131700,59.991365
3.131800,59.990844
3.131900,59.991548
3.132000,59.991519
3.132100,59.991201
3.132200,59.989812
3.132300,59.990740
3.132400,59.987732
3.132500,59.989571
3.132600,59.994659
3.132700,59.992472
3.132800,59.991835
3.132900,59.978098
3.133000,59.984933
3.133100,59.983940
3.133200,59.968342
3.133300,59.991188
3.133400,59.977724
3.133500,59.995093
3.133600,60.008597
3.133700,59.995913
3.133800,59.995656
3.133900,59.995057
3.134000,59.996558
3.134100,59.996617
3.134200,59.996027
3.134300,59.996592
3.134400,59.997419
3.134500,59.997481
3.134600,59.998540
3.134700,59.999093
3.134800,59.998611
3.134900,59.998778
3.135000,59.998192
3.135100,59.998275
3.135200,59.998484
3.135300,59.999247
3.135400,59.998867
3.135500,59.998903
3.135600,59.998912
3.135700,59.998400
3.135800,59.998329
3.135900,59.998648
3.136000,59.998522
3.136100,59.998773
3.136200,59.998607
3.136300,59.998259
3.136400,59.998489
3.136500,59.998708
3.136600,59.998902
3.136700,59.998885
3.136800,59.998900
3.136900,59.999117
3.137000,59.998747
3.137100,59.998809
3.137200,59.998918
3.137300,59.998593
3.137400,59.998468
3.137500,59.998658
3.137600,59.998641
3.137700,59.998482
3.137800,59.998673
3.137900,59.999025
3.138000,59.999079
3.138100,59.998529
3.138200,59.998718
3.138300,59.998722
3.138400,59.999103
3.138500,59.999006
3.138600,59.999181
3.138700,59.998995
3.138800,59.999162
3.138900,59.998395
3.139000,59.998489
3.139100,59.998816
3.139200,59.998223
3.139300,59.998448
3.139400,59.998240
3.139500,59.997488
3.139600,59.999419
3.139700,59.999062
3.139800,59.997971
3.139900,59.999596
3.140000,59.998144
3.140100,59.999459
3.140200,59.996227
3.140300,60.000142
3.140400,59.998753
3.140500,59.999913
3.140600,60.002526
3.140700,60.002118
3.140800,60.004016
3.140900,60.011932
3.141000,60.003481
3.141100,60.002421
3.141200,59.989214
3.141300,59.975374
3.141400,59.986070
3.141500,59.991475
3.141600,60.011888
3.141700,60.016322
3.141800,60.020564
3.141900,60.004259
3.142000,60.016867
3.142100,60.006837
3.142200,60.006131
3.142300,60.009245
3.142400,60.008492
3.142500,60.008411
3.142600,60.008950
3.142700,60.008238
3.142800,60.008924
3.142900,60.009522
3.143000,60.009782
3.143100,60.008619
3.143200,60.008278
3.143300,60.008717
3.143400,60.008951
3.143500,60.009236
3.143600,60.008811
3.143700,60.009077
3.143800,60.009046
3.143900,60.008706
3.144000,60.008448
3.144100,60.008689
3.144200,60.008854
3.144300,60.008919
3.144400,60.008913
3.144500,60.009115
3.144600,60.008862
3.144700,60.008748
3.144800,60.008770
3.144900,60.009222
3.145000,60.009773
3.145100,60.009111
3.145200,60.008789
3.145300,60.009033
3.145400,60.008919
3.145500,60.009111
3.145600,60.009001
3.145700,60.008309
3.145800,60.008736
3.145900,60.008476
3.146000,60.008898
3.146100,60.008892
3.146200,60.008780
3.146300,60.008965
3.146400,60.009318
3.146500,60.008501
3.146600,60.009491
3.146700,60.008795
3.146800,60.008894
3.146900,60.009212
3.147000,60.009465
3.147100,60.009497
3.147200,60.009768
3.147300,60.009633
3.147400,60.009163
3.147500,60.009726
3.147600,60.009019
3.147700,60.007903
3.147800,60.008844
3.147900,60.008723
3.148000,60.007870
3.148100,60.007128
3.148200,60.009691
3.148300,60.008929
3.148400,60.008987
3.148500,60.010385
3.148600,60.010545
3.148700,60.009320
3.148800,60.013359
3.148900,60.013240
3.149000,60.014853
3.149100,60.020661
3.149200,60.017517
3.149300,60.024113
3.149400,60.018381
3.149500,60.011217
3.149600,60.013570
3.149700,60.012573
3.149800,60.002454
3.149900,59.984446
3.150000,59.978104
3.150100,59.979631
3.150200,59.972077
3.150300,59.988089
3.150400,59.981804
3.150500,59.983703
3.150600,59.984773
3.150700,59.986353
3.150800,59.986533
3.150900,59.986441
3.151000,59.986556
3.151100,59.987026
3.151200,59.986922
3.151300,59.986900
3.151400,59.988395
3.151500,59.987517
3.151600,59.987141
3.151700,59.987161
3.151800,59.986621
3.151900,59.987333
3.152000,59.986940
3.152100,59.986735
3.152200,59.986835
3.152300,59.987001
3.152400,59.987041
3.152500,59.986995
3.152600,59.987143
3.152700,59.987417
3.152800,59.986893
3.152900,59.986936
3.153000,59.986878
3.153100,59.987511
3.153200,59.987165
3.153300,59.987242
3.153400,59.987658
3.153500,59.987553
3.153600,59.987434
3.153700,59.987472
3.153800,59.986952
3.153900,59.986636
3.154000,59.986598
3.154100,59.987311
3.154200,59.987061
3.154300,59.987289
3.154400,59.987447
3.154500,59.986707
3.154600,59.986928
3.154700,59.986964
3.154800,59.987124
3.154900,59.987304
3.155000,59.987489
3.155100,59.987873
3.155200,59.987578
3.155300,59.987942
3.155400,59.987016
3.155500,59.987411
3.155600,59.988001
3.155700,59.988462
3.155800,59.986972
3.155900,59.988084
3.156000,59.988391
3.156100,59.987079
3.156200,59.987394
3.156300,59.987393
3.156400,59.987561
3.156500,59.987023
3.156600,59.986542
3.156700,59.988934
3.156800,59.986786
3.156900,59.987804
3.157000,59.983578
3.157100,59.988454
3.157200,59.987333
3.157300,59.983596
3.157400,59.987244
3.157500,59.992535
3.157600,59.995625
3.157700,59.994740
3.157800,59.998716
3.157900,60.000391
3.158000,60.015527
3.158100,60.028726
3.158200,60.038831
3.158300,60.060856
3.158400,60.040248
3.158500,60.048030
3.158600,60.041775
3.158700,60.034288
3.158800,60.025525
3.158900,60.030497
3.159000,60.031039
3.159100,60.030993
3.159200,60.030901
3.159300,60.031352
3.159400,60.030080
3.159500,60.031100
3.159600,60.029547
3.159700,60.029638
3.159800,60.029366
3.159900,60.029311
3.160000,60.029941
3.160100,60.029771
3.160200,60.030436
3.160300,60.030564
3.160400,60.030208
3.160500,60.029731
3.160600,60.029452
3.160700,60.029668
3.160800,60.029764
3.160900,60.030298
3.161000,60.030392
3.161100,60.030002
3.161200,60.029669
3.161300,60.029669
3.161400,60.029756
3.161500,60.029580
3.161600,60.029564
3.161700,60.029503
3.161800,60.029377
3.161900,60.029698
3.162000,60.029872
3.162100,60.029650
3.162200,60.029263
3.162300,60.029902
3.162400,60.029722
3.162500,60.029968
3.162600,60.029947
3.162700,60.030368
3.162800,60.029872
3.162900,60.030209
3.163000,60.029708
3.163100,60.030660
3.163200,60.030197
3.163300,60.030481
3.163400,60.030024
3.163500,60.029974
3.163600,60.030265
3.163700,60.029896
3.163800,60.029218
3.163900,60.030429
3.164000,60.029292
3.164100,60.030463
3.164200,60.029829
3.164300,60.030982
3.164400,60.029980
3.164500,60.029567
3.164600,60.031512
3.164700,60.031241
3.164800,60.031433
3.164900,60.031954
3.165000,60.030622
3.165100,60.032132
3.165200,60.032219
3.165300,60.028316
3.165400,60.027391
3.165500,60.029571
3.165600,60.031491
3.165700,60.027574
3.165800,60.024587
3.165900,60.023547
3.166000,60.025581
3.166100,60.019546
3.166200,60.024760
3.166300,60.025990
3.166400,60.031048
3.166500,60.045936
3.166600,60.055445
3.166700,60.052205
3.166800,60.049188
3.166900,60.037961
3.167000,60.042898
3.167100,60.043392
3.167200,60.043583
3.167300,60.041015
3.167400,60.040996
3.167500,60.041064
3.167600,60.041327
3.167700,60.041508
3.167800,60.041161
3.167900,60.040815
3.168000,60.042060
3.168100,60.041606
3.168200,60.040898
3.168300,60.041331
3.168400,60.041852
3.168500,60.041109
3.168600,60.041018
3.168700,60.041069
3.168800,60.041053
3.168900,60.041122
3.169000,60.041105
3.169100,60.040807
3.169200,60.040688
3.169300,60.041145
3.169400,60.041256
3.169500,60.041232
3.169600,60.041145
3.169700,60.041160
3.169800,60.041114
3.169900,60.041116
3.170000,60.041067
3.170100,60.041164
3.170200,60.041188
3.170300,60.041220
3.170400,60.041155
3.170500,60.041075
3.170600,60.040838
3.170700,60.041021
3.170800,60.041235
3.170900,60.041042
3.171000,60.041293
3.171100,60.041055
3.171200,60.041057
3.171300,60.041279
3.171400,60.040753
3.171500,60.040910
3.171600,60.040817
3.171700,60.041304
3.171800,60.041061
3.171900,60.041334
3.172000,60.041210
3.172100,60.041447
3.172200,60.041440
3.172300,60.042213
3.172400,60.041268
3.172500,60.040594
3.172600,60.040978
3.172700,60.041040
3.172800,60.041156
3.172900,60.041144
3.173000,60.041126
3.173100,60.041163
3.173200,60.041167
3.173300,60.041129
3.173400,60.041054
3.173500,60.040849
3.173600,60.041007
3.173700,60.040928
3.173800,60.040935
3.173900,60.040995
3.174000,60.041156
3.174100,60.040988
3.174200,60.040955
3.174300,60.040763
3.174400,60.040524
3.174500,60.040518
3.174600,60.040197
3.174700,60.039735
3.174800,60.039092
3.174900,60.038543
3.175000,60.038255
3.175100,60.037698
3.175200,60.037714
3.175300,60.037440
3.175400,60.036680
3.175500,60.035579
3.175600,60.034945
3.175700,60.035178
3.175800,60.034503
3.175900,60.033895
3.176000,60.033771
3.176100,60.033655
3.176200,60.032905
3.176300,60.032443
3.176400,60.032513
3.176500,60.032742
3.176600,60.032810
3.176700,60.032873
3.176800,60.032788
3.176900,60.032744
3.177000,60.032711
3.177100,60.032728
3.177200,60.032739
3.177300,60.032816
3.177400,60.032801
3.177500,60.032859
3.177600,60.032933
3.177700,60.032896
3.177800,60.032906
3.177900,60.032873
3.178000,60.032852
3.178100,60.032765
3.178200,60.032735
3.178300,60.032855
3.178400,60.032904
3.178500,60.032910
3.178600,60.032918
3.178700,60.032872
3.178800,60.033007
3.178900,60.032947
3.179000,60.032699
3.179100,60.032633
3.179200,60.032346
3.179300,60.032419
3.179400,60.032346
3.179500,60.032283
3.179600,60.032169
3.179700,60.032057
3.179800,60.032280
3.179900,60.032294
3.180000,60.032211
3.180100,60.031947
3.180200,60.031845
3.180300,60.031861
3.180400,60.031844
3.180500,60.032161
3.180600,60.031911
3.180700,60.032096
3.180800,60.032648
3.180900,60.032391
3.181000,60.032388
3.181100,60.032447
3.181200,60.032345
3.181300,60.031793
3.181400,60.031396
3.181500,60.031528
3.181600,60.031866
3.181700,60.032180
3.181800,60.032402
3.181900,60.032043
3.182000,60.030959
3.182100,60.030406
3.182200,60.029568
3.182300,60.028379
3.182400,60.028723
3.182500,60.029718
3.182600,60.029543
3.182700,60.028093
3.182800,60.028268
3.182900,60.028081
3.183000,60.026227
3.183100,60.026881
3.183200,60.026025
3.183300,60.026217
3.183400,60.025869
3.183500,60.022301
3.183600,60.020794
3.183700,60.022076
3.183800,60.023837
3.183900,60.023628
3.184000,60.023697
3.184100,60.021482
3.184200,60.021720
3.184300,60.022292
3.184400,60.021137
3.184500,60.020485
3.184600,60.019559
3.184700,60.019736
3.184800,60.019365
3.184900,60.019422
3.185000,60.019318
3.185100,60.019322
3.185200,60.019301
3.185300,60.019713
3.185400,60.019496
3.185500,60.019859
3.185600,60.019785
3.185700,60.019672
3.185800,60.019860
3.185900,60.019785
3.186000,60.019679
3.186100,60.019614
3.186200,60.019578
3.186300,60.019276
3.186400,60.019030
3.186500,60.018799
3.186600,60.018784
3.186700,60.019136
3.186800,60.019036
3.186900,60.019341
3.187000,60.019324
3.187100,60.019575
3.187200,60.018961
3.187300,60.018953
3.187400,60.018994
3.187500,60.018668
3.187600,60.019518
3.187700,60.019081
3.187800,60.019696
3.187900,60.019495
3.188000,60.019350
3.188100,60.019801
3.188200,60.019604
3.188300,60.019269
3.188400,60.019201
3.188500,60.019179
3.188600,60.019432
3.188700,60.019539
3.188800,60.018671
3.188900,60.018788
3.189000,60.018802
3.189100,60.019147
3.189200,60.018664
3.189300,60.018520
3.189400,60.018426
3.189500,60.017822
3.189600,60.017672
3.189700,60.018212
3.189800,60.018342
3.189900,60.017980
3.190000,60.019241
3.190100,60.018609
3.190200,60.017335
3.190300,60.017547
3.190400,60.017158
3.190500,60.013636
3.190600,60.014493
3.190700,60.015818
3.190800,60.013647
3.190900,60.014058
3.191000,60.011892
3.191100,60.009511
3.191200,60.004627
3.191300,60.003482
3.191400,60.002782
3.191500,60.002897
3.191600,60.001513
3.191700,59.998589
3.191800,60.006146
3.191900,59.999197
3.192000,60.002205
3.192100,59.998892
3.192200,60.002519
3.192300,59.997356
3.192400,59.996634
3.192500,59.993631
3.192600,59.993569
3.192700,59.993093
3.192800,59.993463
3.192900,59.993562
3.193000,59.993812
3.193100,59.993895
3.193200,59.993905
3.193300,59.994212
3.193400,59.994414
3.193500,59.994188
3.193600,59.994578
3.193700,59.994419
3.193800,59.994418
3.193900,59.994712
3.194000,59.994942
3.194100,59.995527
3.194200,59.995457
3.194300,59.995194
3.194400,59.995378
3.194500,59.995294
3.194600,59.995554
3.194700,59.995105
3.194800,59.994778
3.194900,59.994957
3.195000,59.995315
3.195100,59.995552
3.195200,59.995150
3.195300,59.995083
3.195400,59.994733
3.195500,59.994866
3.195600,59.995008
3.195700,59.994738
3.195800,59.994532
3.195900,59.994756
3.196000,59.994998
3.196100,59.995261
3.196200,59.994898
3.196300,59.994846
3.196400,59.994584
3.196500,59.994447
3.196600,59.994552
3.196700,59.995111
3.196800,59.994113
3.196900,59.994047
3.197000,59.994805
3.197100,59.994775
3.197200,59.994572
3.197300,59.994910
3.197400,59.996430
3.197500,59.996057
3.197600,59.995881
3.197700,59.995631
3.197800,59.995082
3.197900,59.994973
3.198000,59.994152
3.198100,59.994773
3.198200,59.994979
3.198300,59.994041
3.198400,59.992304
3.198500,59.994835
3.198600,59.993292
3.198700,59.992823
3.198800,59.989938
3.198900,59.990549
3.199000,59.987948
3.199100,59.985377
3.199200,59.984394
3.199300,59.987331
3.199400,59.988200
3.199500,59.995443
3.199600,59.991019
3.199700,59.989493
3.199800,59.977028
3.199900,59.982235
3.200000,59.981943
3.200100,59.986169
3.200200,59.974175
3.200300,59.975324
3.200400,59.980964
3.200500,59.977656
3.200600,59.977622
3.200700,59.973794
3.200800,59.972791
3.200900,59.971323
3.201000,59.970272
3.201100,59.970219
3.201200,59.970442
3.201300,59.970395
3.201400,59.970222
3.201500,59.969991
3.201600,59.970005
3.201700,59.969702
3.201800,59.970665
3.201900,59.971383
3.202000,59.970629
3.202100,59.970582
3.202200,59.970116
3.202300,59.969937
3.202400,59.970089
3.202500,59.969597
3.202600,59.969793
3.202700,59.970064
3.202800,59.970838
3.202900,59.970358
3.203000,59.970390
3.203100,59.970009
3.203200,59.969877
3.203300,59.970242
3.203400,59.970017
3.203500,59.970141
3.203600,59.970765
3.203700,59.970699
3.203800,59.970189
3.203900,59.970235
3.204000,59.969779
3.204100,59.970434
3.204200,59.970325
3.204300,59.970499
3.204400,59.970925
3.204500,59.971145
3.204600,59.971257
3.204700,59.970935
3.204800,59.971366
3.204900,59.970470
3.205000,59.970166
3.205100,59.970244
3.205200,59.970587
3.205300,59.969443
3.205400,59.969987
3.205500,59.970103
3.205600,59.970203
3.205700,59.970289
3.205800,59.971176
3.205900,59.971406
3.206000,59.971421
3.206100,59.969786
3.206200,59.970773
3.206300,59.970681
3.206400,59.969829
3.206500,59.970434
3.206600,59.971695
3.206700,59.969389
3.206800,59.968444
3.206900,59.968422
3.207000,59.968717
3.207100,59.971831
3.207200,59.972694
3.207300,59.973872
3.207400,59.975017
3.207500,59.975998
3.207600,59.981745
3.207700,59.977813
3.207800,59.969866
3.207900,59.973553
3.208000,59.968527
3.208100,59.968774
3.208200,59.970298
3.208300,59.975975
3.208400,59.986967
3.208500,59.970055
3.208600,59.954355
3.208700,59.955955
3.208800,59.961940
3.208900,59.969321
3.209000,59.970217
3.209100,59.969471
3.209200,59.969032
3.209300,59.969203
3.209400,59.968973
3.209500,59.969001
3.209600,59.968783
3.209700,59.968688
3.209800,59.969154
3.209900,59.968863
3.210000,59.968818
3.210100,59.968877
3.210200,59.967644
3.210300,59.968045
3.210400,59.967523
3.210500,59.967460
3.210600,59.968038
3.210700,59.968026
3.210800,59.968410
3.210900,59.968174
3.211000,59.968473
3.211100,59.967713
3.211200,59.968160
3.211300,59.967815
3.211400,59.967879
3.211500,59.968320
3.211600,59.968406
3.211700,59.968579
3.211800,59.967754
3.211900,59.967870
3.212000,59.968400
3.212100,59.968547
3.212200,59.968178
3.212300,59.967960
3.212400,59.967904
3.212500,59.967915
3.212600,59.968469
3.212700,59.968138
3.212800,59.967772
3.212900,59.967696
3.213000,59.968099
3.213100,59.968010
3.213200,59.968096
3.213300,59.968265
3.213400,59.968006
3.213500,59.968346
3.213600,59.968428
3.213700,59.968895
3.213800,59.967852
3.213900,59.969161
3.214000,59.968250
3.214100,59.968624
3.214200,59.968608
3.214300,59.969592
3.214400,59.968459
3.214500,59.967870
3.214600,59.968984
3.214700,59.969789
3.214800,59.971007
3.214900,59.969940
3.215000,59.968225
3.215100,59.969026
3.215200,59.969633
3.215300,59.970784
3.215400,59.973113
3.215500,59.968404
3.215600,59.967995
3.215700,59.964390
3.215800,59.964062
3.215900,59.959438
3.216000,59.959613
3.216100,59.967720
3.216200,59.960598
3.216300,59.977719
3.216400,59.993727
3.216500,59.977931
3.216600,59.983204
3.216700,59.972778
3.216800,59.980977
3.216900,59.995012
3.217000,59.994995
3.217100,60.004008
3.217200,60.000014
3.217300,59.996518
3.217400,59.993959
3.217500,59.994675
3.217600,59.994622
3.217700,59.994778
3.217800,59.995084
3.217900,59.995535
3.218000,59.995879
3.218100,59.995368
3.218200,59.993824
3.218300,59.994000
3.218400,59.993270
3.218500,59.994128
3.218600,59.993884
3.218700,59.994207
3.218800,59.994159
3.218900,59.993643
3.219000,59.993935
3.219100,59.994323
3.219200,59.994521
3.219300,59.994325
3.219400,59.994615
3.219500,59.994150
3.219600,59.993894
3.219700,59.994265
3.219800,59.994254
3.219900,59.994394
3.220000,59.994271
3.220100,59.994291
3.220200,59.994629
3.220300,59.994119
3.220400,59.993974
3.220500,59.994063
3.220600,59.994236
3.220700,59.994603
3.220800,59.994121
3.220900,59.994578
3.221000,59.994079
3.221100,59.993858
3.221200,59.994372
3.221300,59.994552
3.221400,59.994629
3.221500,59.994834
3.221600,59.994794
3.221700,59.994335
3.221800,59.994382
3.221900,59.994488
3.222000,59.995655
3.222100,59.994512
3.222200,59.994176
3.222300,59.994264
3.222400,59.993549
3.222500,59.994576
3.222600,59.993495
3.222700,59.992951
3.222800,59.993899
3.222900,59.994407
3.223000,59.995225
3.223100,59.995714
3.223200,59.996975
3.223300,59.996713
3.223400,59.997380
3.223500,59.997796
3.223600,59.997633
3.223700,59.995329
3.223800,59.993363
3.223900,59.992043
3.224000,59.992582
3.224100,59.995106
3.224200,59.997677
3.224300,59.990749
3.224400,59.989969
3.224500,59.998494
3.224600,59.997533
3.224700,59.990716
3.224800,59.987427
3.224900,59.969405
3.225000,59.974158
3.225100,59.987289
3.225200,59.976307
3.225300,59.975051
3.225400,59.983595
3.225500,59.992404
3.225600,59.987842
3.225700,59.989161
3.225800,59.988838
3.225900,59.988829
3.226000,59.988567
3.226100,59.989696
3.226200,59.991019
3.226300,59.990861
3.226400,59.991513
3.226500,59.990630
3.226600,59.990623
3.226700,59.989773
3.226800,59.990047
3.226900,59.989958
3.227000,59.989966
3.227100,59.990443
3.227200,59.990496
3.227300,59.990795
3.227400,59.990722
3.227500,59.990385
3.227600,59.990560
3.227700,59.990261
3.227800,59.990151
3.227900,59.990145
3.228000,59.990059
3.228100,59.990281
3.228200,59.990198
3.228300,59.990909
3.228400,59.990677
3.228500,59.990329
3.228600,59.990622
3.228700,59.990476
3.228800,59.990579
3.228900,59.990788
3.229000,59.990279
3.229100,59.990492
3.229200,59.990254
3.229300,59.990567
3.229400,59.990671
3.229500,59.990180
3.229600,59.990173
3.229700,59.990878
3.229800,59.990813
3.229900,59.991122
3.230000,59.990146
3.230100,59.990029
3.230200,59.990403
3.230300,59.990325
3.230400,59.990572
3.230500,59.991091
3.230600,59.990717
3.230700,59.990372
3.230800,59.989415
3.230900,59.988722
3.231000,59.990777
3.231100,59.991608
3.231200,59.991489
3.231300,59.991159
3.231400,59.992440
3.231500,59.993066
3.231600,59.991741
3.231700,59.993009
3.231800,59.991895
3.231900,59.989748
3.232000,59.992100
3.232100,59.992226
3.232200,59.991534
3.232300,59.991233
3.232400,59.993125
3.232500,59.987896
3.232600,59.986368
3.232700,59.996609
3.232800,59.986038
3.232900,59.986873
3.233000,59.993892
3.233100,59.995152
3.233200,59.997405
3.233300,60.000349
3.233400,59.983843
3.233500,59.999870
3.233600,60.008399
3.233700,60.006248
3.233800,60.006350
3.233900,60.007313
3.234000,60.007994
3.234100,60.007495
3.234200,60.007897
3.234300,60.007551
3.234400,60.007189
3.234500,60.007687
3.234600,60.007499
3.234700,60.006553
3.234800,60.007064
3.234900,60.006342
3.235000,60.006749
3.235100,60.006802
3.235200,60.007393
3.235300,60.006779
3.235400,60.006916
3.235500,60.007533
3.235600,60.007244
3.235700,60.007213
3.235800,60.007644
3.235900,60.007692
3.236000,60.007202
3.236100,60.007651
3.236200,60.007640
3.236300,60.007700
3.236400,60.007503
3.236500,60.007338
3.236600,60.007247
3.236700,60.007124
3.236800,60.006898
3.236900,60.007068
3.237000,60.006751
3.237100,60.007097
3.237200,60.007357
3.237300,60.007439
3.237400,60.007513
3.237500,60.007458
3.237600,60.007652
3.237700,60.007477
3.237800,60.007529
3.237900,60.007247
3.238000,60.007857
3.238100,60.007451
3.238200,60.007517
3.238300,60.007084
3.238400,60.007469
3.238500,60.007615
3.238600,60.007474
3.238700,60.006700
3.238800,60.007220
3.238900,60.007264
3.239000,60.007046
3.239100,60.008063
3.239200,60.008446
3.239300,60.007709
3.239400,60.007676
3.239500,60.007200
3.239600,60.007572
3.239700,60.008308
3.239800,60.007556
3.239900,60.006839
3.240000,60.008251
3.240100,60.010490
3.240200,60.006950
3.240300,60.007328
3.240400,60.007722
3.240500,60.009199
3.240600,60.014043
3.240700,60.016816
3.240800,60.009408
3.240900,60.000163
3.241000,60.002650
3.241100,59.990908
3.241200,59.993821
3.241300,60.008725
3.241400,60.013555
3.241500,60.026066
3.241600,60.038605
3.241700,60.034740
3.241800,60.029475
3.241900,60.028693
3.242000,60.041231
3.242100,60.031532
3.242200,60.027774
3.242300,60.028435
3.242400,60.028033
3.242500,60.027531
3.242600,60.027966
3.242700,60.027569
3.242800,60.029041
3.242900,60.028709
3.243000,60.027840
3.243100,60.026379
3.243200,60.026876
3.243300,60.028079
3.243400,60.027610
3.243500,60.027527
3.243600,60.027832
3.243700,60.027840
3.243800,60.028474
3.243900,60.028266
3.244000,60.027949
3.244100,60.028437
3.244200,60.028081
3.244300,60.028135
3.244400,60.028043
3.244500,60.027611
3.244600,60.027649
3.244700,60.027903
3.244800,60.028270
3.244900,60.027653
3.245000,60.027821
3.245100,60.027791
3.245200,60.027582
3.245300,60.027769
3.245400,60.027899
3.245500,60.027731
3.245600,60.027805
3.245700,60.027435
3.245800,60.027697
3.245900,60.027521
3.246000,60.027817
3.246100,60.028149
3.246200,60.028646
3.246300,60.028651
3.246400,60.028626
3.246500,60.028581
3.246600,60.027892
3.246700,60.028109
3.246800,60.028399
3.246900,60.028523
3.247000,60.028349
3.247100,60.027808
3.247200,60.028157
3.247300,60.027990
3.247400,60.028103
3.247500,60.029104
3.247600,60.029677
3.247700,60.029093
3.247800,60.027224
3.247900,60.028559
3.248000,60.028089
3.248100,60.028911
3.248200,60.028306
3.248300,60.026561
3.248400,60.027758
3.248500,60.024328
3.248600,60.027328
3.248700,60.027229
3.248800,60.027489
3.248900,60.029444
3.249000,60.024031
3.249100,60.023802
3.249200,60.023008
3.249300,60.022716
3.249400,60.020952
3.249500,60.031428
3.249600,60.035464
3.249700,60.049454
3.249800,60.032955
3.249900,60.020564
3.250000,60.019933
3.250100,60.009784
3.250200,60.011603
3.250300,60.022057
3.250400,60.018449
3.250500,60.015264
3.250600,60.010935
3.250700,60.010163
3.250800,60.010181
3.250900,60.009420
3.251000,60.009256
3.251100,60.008395
3.251200,60.008706
3.251300,60.008030
3.251400,60.009120
3.251500,60.009520
3.251600,60.008801
3.251700,60.008909
3.251800,60.008403
3.251900,60.008838
3.252000,60.008801
3.252100,60.009259
3.252200,60.009136
3.252300,60.009139
3.252400,60.009360
3.252500,60.009217
3.252600,60.008740
3.252700,60.009013
3.252800,60.008973
3.252900,60.009376
3.253000,60.009130
3.253100,60.009405
3.253200,60.009326
3.253300,60.009337
3.253400,60.009058
3.253500,60.009126
3.253600,60.009233
3.253700,60.009142
3.253800,60.009210
3.253900,60.009105
3.254000,60.009131
3.254100,60.009121
3.254200,60.009152
3.254300,60.009406
3.254400,60.009265
3.254500,60.009054
3.254600,60.009296
3.254700,60.009401
3.254800,60.009379
3.254900,60.009317
3.255000,60.009381
3.255100,60.009056
3.255200,60.009251
3.255300,60.009285
3.255400,60.009899
3.255500,60.010013
3.255600,60.009400
3.255700,60.009006
3.255800,60.009218
3.255900,60.009243
3.256000,60.010592
3.256100,60.010305
3.256200,60.009585
3.256300,60.011820
3.256400,60.009542
3.256500,60.010763
3.256600,60.010627
3.256700,60.012899
3.256800,60.010912
3.256900,60.008850
3.257000,60.009416
3.257100,60.004705
3.257200,60.007908
3.257300,60.008809
3.257400,60.008182
3.257500,60.005918
3.257600,60.006384
3.257700,60.004882
3.257800,60.009017
3.257900,59.996184
3.258000,59.983608
3.258100,59.994582
3.258200,59.987536
3.258300,59.999351
3.258400,60.007669
3.258500,60.015129
3.258600,60.019953
3.258700,60.008859
3.258800,60.008166
3.258900,60.012270
3.259000,60.010539
3.259100,60.010557
3.259200,60.010298
3.259300,60.011307
3.259400,60.011309
3.259500,60.012985
3.259600,60.014578
3.259700,60.014370
3.259800,60.014868
3.259900,60.013455
3.260000,60.013601
3.260100,60.014204
3.260200,60.014156
3.260300,60.014099
3.260400,60.014269
3.260500,60.013490
3.260600,60.013837
3.260700,60.014091
3.260800,60.013897
3.260900,60.013529
3.261000,60.013556
3.261100,60.014068
3.261200,60.013589
3.261300,60.013932
3.261400,60.013583
3.261500,60.013507
3.261600,60.013524
3.261700,60.013419
3.261800,60.013618
3.261900,60.013811
3.262000,60.014104
3.262100,60.013437
3.262200,60.013848
3.262300,60.013377
3.262400,60.013703
3.262500,60.013585
3.262600,60.013718
3.262700,60.013909
3.262800,60.014054
3.262900,60.014012
3.263000,60.014026
3.263100,60.013558
3.263200,60.013506
3.263300,60.013759
3.263400,60.013252
3.263500,60.013731
3.263600,60.014031
3.263700,60.013576
3.263800,60.013549
3.263900,60.014581
3.264000,60.014334
3.264100,60.014074
3.264200,60.014109
3.264300,60.014468
3.264400,60.013872
3.264500,60.013263
3.264600,60.013565
3.264700,60.013915
3.264800,60.014001
3.264900,60.013213
3.265000,60.013071
3.265100,60.010301
3.265200,60.009411
3.265300,60.009314
3.265400,60.008581
3.265500,60.012763
3.265600,60.017166
3.265700,60.014330
3.265800,60.013799
3.265900,60.010094
3.266000,60.002395
3.266100,59.991307
3.266200,59.994416
3.266300,60.003132
3.266400,60.000989
3.266500,60.002972
3.266600,60.016393
3.266700,60.023869
3.266800,60.016620
3.266900,60.000676
3.267000,59.992670
3.267100,59.993630
3.267200,59.992096
3.267300,59.990112
3.267400,59.990272
3.267500,59.990035
3.267600,59.989138
3.267700,59.989647
3.267800,59.989059
3.267900,59.990754
3.268000,59.991336
3.268100,59.991057
3.268200,59.991277
3.268300,59.991170
3.268400,59.991436
3.268500,59.991272
3.268600,59.991642
3.268700,59.990794
3.268800,59.990964
3.268900,59.991689
3.269000,59.990836
3.269100,59.990819
3.269200,59.990950
3.269300,59.991135
3.269400,59.990922
3.269500,59.990899
3.269600,59.990961
3.269700,59.990769
3.269800,59.991218
3.269900,59.990932
3.270000,59.990741
3.270100,59.990938
3.270200,59.991210
3.270300,59.990982
3.270400,59.990723
3.270500,59.990816
3.270600,59.990532
3.270700,59.990913
3.270800,59.990889
3.270900,59.990576
3.271000,59.990576
3.271100,59.990493
3.271200,59.991112
3.271300,59.991099
3.271400,59.990573
3.271500,59.991362
3.271600,59.991264
3.271700,59.991284
3.271800,59.990996
3.271900,59.990350
3.272000,59.990859
3.272100,59.991263
3.272200,59.991591
3.272300,59.991204
3.272400,59.990746
3.272500,59.991111
3.272600,59.991329
3.272700,59.990276
3.272800,59.991507
3.272900,59.990834
3.273000,59.990050
3.273100,59.988493
3.273200,59.991115
3.273300,59.992770
3.273400,59.990605
3.273500,59.989519
3.273600,59.992645
3.273700,59.994866
3.273800,59.995841
3.273900,59.992116
3.274000,59.986900
3.274100,59.991907
3.274200,59.992102
3.274300,59.988987
3.274400,59.999591
3.274500,60.002261
3.274600,59.993112
3.274700,60.000762
3.274800,60.001001
3.274900,59.994744
3.275000,59.998011
3.275100,60.019273
3.275200,60.009037
3.275300,60.008754
3.275400,60.008807
3.275500,60.003053
3.275600,60.004194
3.275700,60.006182
3.275800,60.005263
3.275900,60.005333
3.276000,60.004854
3.276100,60.004994
3.276200,60.004120
3.276300,60.003364
3.276400,60.003975
3.276500,60.004806
3.276600,60.004521
3.276700,60.004629
3.276800,60.004637
3.276900,60.005058
3.277000,60.005153
3.277100,60.004905
3.277200,60.005006
3.277300,60.005127
3.277400,60.004925
3.277500,60.004602
3.277600,60.004753
3.277700,60.004485
3.277800,60.004730
3.277900,60.004297
3.278000,60.004361
3.278100,60.004342
3.278200,60.004452
3.278300,60.004509
3.278400,60.004588
3.278500,60.004947
3.278600,60.005331
3.278700,60.004644
3.278800,60.004718
3.278900,60.004922
3.279000,60.005266
3.279100,60.005118
3.279200,60.004833
3.279300,60.004164
3.279400,60.004515
3.279500,60.004480
3.279600,60.004932
3.279700,60.004580
3.279800,60.005140
3.279900,60.005025
3.280000,60.004626
3.280100,60.005001
3.280200,60.005107
3.280300,60.004613
3.280400,60.004730
3.280500,60.004638
3.280600,60.005067
3.280700,60.005395
3.280800,60.005214
3.280900,60.006058
3.281000,60.004888
3.281100,60.003890
3.281200,60.004360
3.281300,60.005643
3.281400,60.005523
3.281500,60.003895
3.281600,60.003438
3.281700,60.006150
3.281800,60.004576
3.281900,60.002406
3.282000,59.998049
3.282100,60.003034
3.282200,60.004433
3.282300,60.006716
3.282400,60.009467
3.282500,60.013300
3.282600,60.008708
3.282700,60.010440
3.282800,60.013734
3.282900,60.012265
3.283000,60.004140
3.283100,59.984985
3.283200,59.999216
3.283300,59.986435
3.283400,59.975271
3.283500,59.971417
3.283600,59.985325
3.283700,59.992122
3.283800,59.992751
3.283900,59.991965
3.284000,59.991018
3.284100,59.991728
3.284200,59.991776
3.284300,59.991774
3.284400,59.992404
3.284500,59.992629
3.284600,59.993254
3.284700,59.993662
3.284800,59.994551
3.284900,59.994274
3.285000,59.993508
3.285100,59.994385
3.285200,59.994028
3.285300,59.993094
3.285400,59.993846
3.285500,59.993654
3.285600,59.993111
3.285700,59.993375
3.285800,59.993111
3.285900,59.993092
3.286000,59.993183
3.286100,59.993025
3.286200,59.993535
3.286300,59.993301
3.286400,59.993628
3.286500,59.993892
3.286600,59.993510
3.286700,59.993648
3.286800,59.993257
3.286900,59.992997
3.287000,59.993325
3.287100,59.993375
3.287200,59.993559
3.287300,59.993489
3.287400,59.993319
3.287500,59.993629
3.287600,59.993900
3.287700,59.993678
3.287800,59.993362
3.287900,59.993249
3.288000,59.993439
3.288100,59.993371
3.288200,59.993144
3.288300,59.993043
3.288400,59.992915
3.288500,59.993395
3.288600,59.992786
3.288700,59.992872
3.288800,59.992919
3.288900,59.992948
3.289000,59.992890
3.289100,59.992895
3.289200,59.992889
3.289300,59.992985
3.289400,59.992965
3.289500,59.992961
3.289600,59.992821
3.289700,59.992930
3.289800,59.993156
3.289900,59.993230
3.290000,59.993260
3.290100,59.993206
3.290200,59.993434
3.290300,59.993463
3.290400,59.995468
3.290500,59.995695
3.290600,59.995678
3.290700,59.995365
3.290800,59.995508
3.290900,59.995532
3.291000,59.995396
3.291100,59.995478
3.291200,59.995142
3.291300,59.995608
3.291400,59.995845
3.291500,59.995246
3.291600,59.994581
3.291700,59.993560
3.291800,59.993354
3.291900,59.993956
3.292000,59.994548
3.292100,59.994512
3.292200,59.994808
3.292300,59.994638
3.292400,59.993817
3.292500,59.993401
3.292600,59.992931
3.292700,59.992416
3.292800,59.992591
3.292900,59.992675
3.293000,59.992714
3.293100,59.992708
3.293200,59.992951
3.293300,59.993073
3.293400,59.992915
3.293500,59.992985
3.293600,59.992981
3.293700,59.992984
3.293800,59.993019
3.293900,59.993047
3.294000,59.993031
3.294100,59.992943
3.294200,59.992984
3.294300,59.993053
3.294400,59.992921
3.294500,59.992814
3.294600,59.992813
3.294700,59.993062
3.294800,59.993091
3.294900,59.992757
3.295000,59.992875
3.295100,59.992755
3.295200,59.992752
3.295300,59.992769
3.295400,59.992713
3.295500,59.992775
3.295600,59.992907
3.295700,59.992613
3.295800,59.992787
3.295900,59.993118
3.296000,59.993202
3.296100,59.992823
3.296200,59.992520
3.296300,59.992458
3.296400,59.992619
3.296500,59.992897
3.296600,59.992991
3.296700,59.993013
3.296800,59.992920
3.296900,59.993037
3.297000,59.993248
3.297100,59.993138
3.297200,59.992502
3.297300,59.992699
3.297400,59.992698
3.297500,59.992474
3.297600,59.991964
3.297700,59.992244
3.297800,59.992447
3.297900,59.992918
3.298000,59.993199
3.298100,59.993408
3.298200,59.992927
3.298300,59.992754
3.298400,59.993325
3.298500,59.994127
3.298600,59.994854
3.298700,59.994854
3.298800,59.995393
3.298900,59.995819
3.299000,59.994756
3.299100,59.994144
3.299200,59.994956
3.299300,59.994469
3.299400,59.995211
3.299500,59.997565
3.299600,59.996566
3.299700,60.000194
3.299800,59.999974
3.299900,59.999225
3.300000,59.994686
3.300100,59.994655
3.300200,59.999380
3.300300,60.001152
3.300400,60.000352
3.300500,60.001622
3.300600,60.000425
3.300700,59.999661
3.300800,60.001855
3.300900,60.002072
3.301000,60.003116
3.301100,60.003275
3.301200,60.003209
3.301300,60.003618
3.301400,60.003346
3.301500,60.003278
3.301600,60.003132
3.301700,60.003127
3.301800,60.002931
3.301900,60.003023
3.302000,60.003139
3.302100,60.002933
3.302200,60.003388
3.302300,60.004063
3.302400,60.004624
3.302500,60.004701
3.302600,60.004418
3.302700,60.004356
3.302800,60.003945
3.302900,60.004169
3.303000,60.003938
3.303100,60.003778
3.303200,60.004081
3.303300,60.004563
3.303400,60.004137
3.303500,60.003452
3.303600,60.003798
3.303700,60.003907
3.303800,60.004304
3.303900,60.004371
3.304000,60.004796
3.304100,60.005123
3.304200,60.004606
3.304300,60.004865
3.304400,60.004970
3.304500,60.004934
3.304600,60.005017
3.304700,60.004212
3.304800,60.004156
3.304900,60.004544
3.305000,60.004694
3.305100,60.004854
3.305200,60.005281
3.305300,60.004877
3.305400,60.005074
3.305500,60.004383
3.305600,60.004813
3.305700,60.004977
3.305800,60.004931
3.305900,60.004861
3.306000,60.005360
3.306100,60.005166
3.306200,60.004646
3.306300,60.004263
3.306400,60.004446
3.306500,60.004227
3.306600,60.006260
3.306700,60.004700
3.306800,60.004337
3.306900,60.004056
3.307000,60.002422
3.307100,60.001466
3.307200,59.999601
3.307300,59.998174
3.307400,59.998530
3.307500,59.999484
3.307600,60.000077
3.307700,60.001857
3.307800,60.002714
3.307900,60.003704
3.308000,60.004143
3.308100,60.000817
3.308200,60.009530
3.308300,60.014434
3.308400,60.010708
3.308500,60.009754
3.308600,60.007804
3.308700,60.008820
3.308800,60.012574
3.308900,60.014997
3.309000,60.011766
3.309100,60.009113
3.309200,60.008404
3.309300,60.007059
3.309400,60.007316
3.309500,60.007676
3.309600,60.007343
3.309700,60.007359
3.309800,60.007252
3.309900,60.007238
3.310000,60.007790
3.310100,60.008429
3.310200,60.008904
3.310300,60.008336
3.310400,60.008502
3.310500,60.007726
3.310600,60.007849
3.310700,60.008128
3.310800,60.007914
3.310900,60.007813
3.311000,60.008507
3.311100,60.008139
3.311200,60.007399
3.311300,60.007871
3.311400,60.007547
3.311500,60.007616
3.311600,60.007412
3.311700,60.007552
3.311800,60.007448
3.311900,60.008009
3.312000,60.007820
3.312100,60.007806
3.312200,60.008080
3.312300,60.008109
3.312400,60.007663
3.312500,60.007738
3.312600,60.007772
3.312700,60.007431
3.312800,60.008015
3.312900,60.008841
3.313000,60.007833
3.313100,60.007900
3.313200,60.007482
3.313300,60.007215
3.313400,60.007411
3.313500,60.007655
3.313600,60.008296
3.313700,60.008570
3.313800,60.008479
3.313900,60.008749
3.314000,60.008241
3.314100,60.007859
3.314200,60.007365
3.314300,60.007692
3.314400,60.007841
3.314500,60.008434
3.314600,60.007891
3.314700,60.007760
3.314800,60.007444
3.314900,60.007795
3.315000,60.007661
3.315100,60.007771
3.315200,60.008238
3.315300,60.006812
3.315400,60.005200
3.315500,60.003286
3.315600,60.004782
3.315700,60.003719
3.315800,60.007936
3.315900,60.012901
3.316000,60.013937
3.316100,60.009659
3.316200,60.016293
3.316300,60.016294
3.316400,60.014075
3.316500,60.010078
3.316600,60.013344
3.316700,60.011636
3.316800,60.010847
3.316900,60.007857
3.317000,60.007366
3.317100,60.004415
3.317200,60.001374
3.317300,59.995228
3.317400,59.997770
3.317500,60.000468
3.317600,60.000415
3.317700,60.000193
3.317800,60.000066
3.317900,60.000038
3.318000,60.000186
3.318100,59.999678
3.318200,59.999989
3.318300,59.999974
3.318400,59.998750
3.318500,59.999174
3.318600,59.999224
3.318700,59.999481
3.318800,59.999550
3.318900,59.999858
3.319000,59.998807
3.319100,59.999001
3.319200,59.999216
3.319300,59.999201
3.319400,59.998963
3.319500,59.999522
3.319600,59.998969
3.319700,59.998973
3.319800,59.999027
3.319900,59.999067
3.320000,59.999051
3.320100,59.999059
3.320200,59.999068
3.320300,59.999167
3.320400,59.999655
3.320500,59.999462
3.320600,59.999110
3.320700,59.999231
3.320800,59.999525
3.320900,59.999457
3.321000,59.999557
3.321100,59.999092
3.321200,59.999116
3.321300,59.999211
3.321400,59.999186
3.321500,59.998549
3.321600,59.999033
3.321700,59.998468
3.321800,59.999115
3.321900,59.999139
3.322000,59.999072
3.322100,59.999104
3.322200,59.999373
3.322300,60.000254
3.322400,59.999149
3.322500,59.998786
3.322600,59.998951
3.322700,59.997726
3.322800,59.999601
3.322900,59.998985
3.323000,60.000028
3.323100,59.999547
3.323200,59.999615
3.323300,60.002108
3.323400,60.000977
3.323500,60.000662
3.323600,60.000682
3.323700,60.003495
3.323800,60.004452
3.323900,59.998957
3.324000,59.997633
3.324100,60.002019
3.324200,60.003984
3.324300,60.000916
3.324400,60.002546
3.324500,60.003042
3.324600,60.004249
3.324700,59.996982
3.324800,59.999363
3.324900,59.997336
3.325000,59.999324
3.325100,59.990876
3.325200,59.984990
3.325300,59.991573
3.325400,59.994645
3.325500,59.992546
3.325600,59.995155
3.325700,59.998703
3.325800,59.999436
3.325900,59.999537
3.326000,59.999308
3.326100,59.999561
3.326200,59.999612
3.326300,60.000360
3.326400,60.000329
3.326500,60.001659
3.326600,60.000173
3.326700,59.999396
3.326800,59.999325
3.326900,59.999589
3.327000,59.999863
3.327100,59.999375
3.327200,59.999494
3.327300,59.999628
3.327400,59.999880
3.327500,60.000217
3.327600,59.999981
3.327700,60.000109
3.327800,60.000054
3.327900,60.000113
3.328000,59.999947
3.328100,60.000008
3.328200,60.000019
3.328300,59.999916
3.328400,59.999769
3.328500,59.999927
3.328600,60.000022
3.328700,60.000110
3.328800,60.000012
3.328900,59.999931
3.329000,59.999867
3.329100,59.999887
3.329200,59.999982
3.329300,60.000072
3.329400,60.000189
3.329500,60.000244
3.329600,60.000192
3.329700,60.000034
3.329800,59.999677
3.329900,59.999909
3.330000,60.000110
3.330100,60.000255
3.330200,60.000239
3.330300,60.000040
3.330400,60.000338
3.330500,60.000140
3.330600,60.000129
3.330700,59.999966
3.330800,59.999575
3.330900,59.999600
3.331000,59.998952
3.331100,59.999018
3.331200,59.999218
3.331300,59.999340
3.331400,59.999036
3.331500,59.999023
3.331600,59.999681
3.331700,59.999524
3.331800,59.998970
3.331900,59.999504
3.332000,59.999839
3.332100,59.998991
3.332200,59.999536
3.332300,59.999087
3.332400,59.998308
3.332500,59.997630
3.332600,59.995606
3.332700,59.994443
3.332800,59.993699
3.332900,59.992321
3.333000,59.990089
3.333100,59.989059
3.333200,59.986741
3.333300,59.987990
3.333400,59.982714
3.333500,59.987031
3.333600,59.988210
3.333700,59.984994
3.333800,59.985497
3.333900,59.982994
3.334000,59.978755
3.334100,59.978319
3.334200,59.978463
3.334300,59.978380
3.334400,59.978239
3.334500,59.978877
3.334600,59.978580
3.334700,59.978646
3.334800,59.978640
3.334900,59.978400
3.335000,59.978296
3.335100,59.978737
3.335200,59.979008
3.335300,59.979188
3.335400,59.979549
3.335500,59.979333
3.335600,59.979648
3.335700,59.980150
3.335800,59.980071
3.335900,59.980249
3.336000,59.980218
3.336100,59.979948
3.336200,59.979875
3.336300,59.979951
3.336400,59.979788
3.336500,59.979953
3.336600,59.980255
3.336700,59.980249
3.336800,59.980330
3.336900,59.979958
3.337000,59.980156
3.337100,59.980199
3.337200,59.980125
3.337300,59.979893
3.337400,59.980012
3.337500,59.980065
3.337600,59.979934
3.337700,59.979807
3.337800,59.979723
3.337900,59.979932
3.338000,59.980053
3.338100,59.979924
3.338200,59.980059
3.338300,59.979917
3.338400,59.979913
3.338500,59.979833
3.338600,59.979835
3.338700,59.980049
3.338800,59.979880
3.338900,59.980117
3.339000,59.980273
3.339100,59.980278
3.339200,59.980329
3.339300,59.980088
3.339400,59.980195
3.339500,59.979875
3.339600,59.979727
3.339700,59.979644
3.339800,59.979516
3.339900,59.979405
3.340000,59.978647
3.340100,59.978825
3.340200,59.978870
3.340300,59.979431
3.340400,59.980246
3.340500,59.979698
3.340600,59.979710
3.340700,59.980491
3.340800,59.979756
3.340900,59.977745
3.341000,59.978140
3.341100,59.977349
3.341200,59.977849
3.341300,59.980342
3.341400,59.980402
3.341500,59.977378
3.341600,59.978893
3.341700,59.977486
3.341800,59.978100
3.341900,59.979555
3.342000,59.980224
3.342100,59.979828
3.342200,59.984022
3.342300,59.986234
3.342400,59.982953
3.342500,59.983067
3.342600,59.981402
3.342700,59.983942
3.342800,59.982881
3.342900,59.982892
3.343000,59.982204
3.343100,59.982007
3.343200,59.982074
3.343300,59.981985
3.343400,59.981967
3.343500,59.982094
3.343600,59.981952
3.343700,59.981516
3.343800,59.981556
3.343900,59.981518
3.344000,59.981726
3.344100,59.981226
3.344200,59.981179
3.344300,59.980952
3.344400,59.981169
3.344500,59.980997
3.344600,59.981200
3.344700,59.981039
3.344800,59.981326
3.344900,59.981853
3.345000,59.981965
3.345100,59.981621
3.345200,59.981191
3.345300,59.981401
3.345400,59.981635
3.345500,59.981818
3.345600,59.982168
3.345700,59.982062
3.345800,59.982110
3.345900,59.982085
3.346000,59.982181
3.346100,59.982517
3.346200,59.982822
3.346300,59.982437
3.346400,59.982785
3.346500,59.983176
3.346600,59.983335
3.346700,59.983556
3.346800,59.982973
3.346900,59.983123
3.347000,59.982265
3.347100,59.982374
3.347200,59.982011
3.347300,59.982841
3.347400,59.983047
3.347500,59.982522
3.347600,59.983197
3.347700,59.982845
3.347800,59.982057
3.347900,59.982289
3.348000,59.982951
3.348100,59.983007
3.348200,59.981553
3.348300,59.982660
3.348400,59.981054
3.348500,59.980264
3.348600,59.981155
3.348700,59.980560
3.348800,59.980669
3.348900,59.982946
3.349000,59.983846
3.349100,59.983927
3.349200,59.985804
3.349300,59.987341
3.349400,59.985701
3.349500,59.986848
3.349600,59.986884
3.349700,59.982799
3.349800,59.986620
3.349900,59.989976
3.350000,59.987419
3.350100,59.983599
3.350200,59.984316
3.350300,59.982992
3.350400,59.991467
3.350500,59.992416
3.350600,59.994339
3.350700,59.993607
3.350800,59.993554
3.350900,59.990970
3.351000,59.990337
3.351100,59.990222
3.351200,59.989799
3.351300,59.990152
3.351400,59.990226
3.351500,59.990097
3.351600,59.990109
3.351700,59.990269
3.351800,59.990693
3.351900,59.990912
3.352000,59.990950
3.352100,59.990825
3.352200,59.990699
3.352300,59.991047
3.352400,59.991052
3.352500,59.990882
3.352600,59.990907
3.352700,59.990798
3.352800,59.991091
3.352900,59.991565
3.353000,59.991142
3.353100,59.991197
3.353200,59.991161
3.353300,59.991094
3.353400,59.991144
3.353500,59.990843
3.353600,59.991184
3.353700,59.990816
3.353800,59.990941
3.353900,59.991197
3.354000,59.991312
3.354100,59.991075
3.354200,59.990378
3.354300,59.991074
3.354400,59.990484
3.354500,59.990366
3.354600,59.990414
3.354700,59.990456
3.354800,59.990931
3.354900,59.991329
3.355000,59.991423
3.355100,59.991618
3.355200,59.990672
3.355300,59.991347
3.355400,59.991567
3.355500,59.991894
3.355600,59.992151
3.355700,59.992246
3.355800,59.991943
3.355900,59.991950
3.356000,59.991202
3.356100,59.990441
3.356200,59.991074
3.356300,59.990290
3.356400,59.989645
3.356500,59.991540
3.356600,59.991055
3.356700,59.991424
3.356800,59.993050
3.356900,59.995789
3.357000,59.996405
3.357100,59.995855
3.357200,59.997251
3.357300,59.993440
3.357400,59.997260
3.357500,59.996198
3.357600,59.997725
3.357700,60.000459
3.357800,59.998961
3.357900,60.001531
3.358000,60.001187
3.358100,59.992586
3.358200,59.992002
3.358300,59.994488
3.358400,59.993910
3.358500,59.990381
3.358600,59.985373
3.358700,59.988298
3.358800,59.983947
3.358900,59.977869
3.359000,59.978983
3.359100,59.976989
3.359200,59.977947
3.359300,59.979153
3.359400,59.980808
3.359500,59.980642
3.359600,59.980505
3.359700,59.980310
3.359800,59.981016
3.359900,59.980894
3.360000,59.980180
3.360100,59.979845
3.360200,59.979755
3.360300,59.980460
3.360400,59.980360
3.360500,59.980489
3.360600,59.979640
3.360700,59.980354
3.360800,59.979462
3.360900,59.979613
3.361000,59.979528
3.361100,59.979012
3.361200,59.979002
3.361300,59.979354
3.361400,59.979946
3.361500,59.979921
3.361600,59.980136
3.361700,59.980077
3.361800,59.979883
3.361900,59.980436
3.362000,59.979750
3.362100,59.980128
3.362200,59.980073
3.362300,59.980294
3.362400,59.980171
3.362500,59.979848
3.362600,59.979671
3.362700,59.979886
3.362800,59.980096
3.362900,59.979402
3.363000,59.979581
3.363100,59.980072
3.363200,59.979482
3.363300,59.979734
3.363400,59.979586
3.363500,59.980094
3.363600,59.980135
3.363700,59.980068
3.363800,59.980208
3.363900,59.980550
3.364000,59.980022
3.364100,59.980629
3.364200,59.981125
3.364300,59.979698
3.364400,59.979193
3.364500,59.978828
3.364600,59.979355
3.364700,59.980745
3.364800,59.981323
3.364900,59.981162
3.365000,59.980009
3.365100,59.978316
3.365200,59.979532
3.365300,59.984948
3.365400,59.982039
3.365500,59.987546
3.365600,59.987218
3.365700,59.988479
3.365800,59.988333
3.365900,59.984463
3.366000,59.979050
3.366100,59.988491
3.366200,59.983860
3.366300,59.980568
3.366400,59.995970
3.366500,59.986482
3.366600,59.979329
3.366700,59.988540
3.366800,59.990747
3.366900,59.985627
3.367000,59.993935
3.367100,59.986137
3.367200,59.990889
3.367300,59.989816
3.367400,59.992395
3.367500,59.992405
3.367600,59.992902
3.367700,59.993094
3.367800,59.993409
3.367900,59.993502
3.368000,59.993011
3.368100,59.992735
3.368200,59.992353
3.368300,59.992611
3.368400,59.992243
3.368500,59.991931
3.368600,59.991656
3.368700,59.992395
3.368800,59.992582
3.368900,59.992150
3.369000,59.992296
3.369100,59.992473
3.369200,59.991891
3.369300,59.992312
3.369400,59.992176
3.369500,59.992114
3.369600,59.992570
3.369700,59.992495
3.369800,59.992382
3.369900,59.992509
3.370000,59.992375
3.370100,59.992380
3.370200,59.992160
3.370300,59.992488
3.370400,59.992662
3.370500,59.992446
3.370600,59.992611
3.370700,59.992749
3.370800,59.992415
3.370900,59.992638
3.371000,59.992843
3.371100,59.992757
3.371200,59.992708
3.371300,59.992575
3.371400,59.993342
3.371500,59.993490
3.371600,59.992562
3.371700,59.992887
3.371800,59.993020
3.371900,59.993105
3.372000,59.992968
3.372100,59.992667
3.372200,59.993360
3.372300,59.993547
3.372400,59.993024
3.372500,59.991967
3.372600,59.992320
3.372700,59.993407
3.372800,59.992790
3.372900,59.993374
3.373000,59.992965
3.373100,59.993128
3.373200,59.995198
3.373300,59.994508
3.373400,59.991252
3.373500,59.991340
3.373600,59.990632
3.373700,59.991498
3.373800,59.994004
3.373900,59.990594
3.374000,59.995382
3.374100,59.996868
3.374200,59.996463
3.374300,60.002380
3.374400,59.997816
3.374500,59.998875
3.374600,59.998193
3.374700,60.004522
3.374800,60.006659
3.374900,60.025363
3.375000,60.032642
3.375100,60.032931
3.375200,60.019189
3.375300,60.015465
3.375400,60.024724
3.375500,60.019227
3.375600,60.018391
3.375700,60.023695
3.375800,60.023805
3.375900,60.024243
3.376000,60.024031
3.376100,60.024006
3.376200,60.024580
3.376300,60.023892
3.376400,60.023925
3.376500,60.023426
3.376600,60.024016
3.376700,60.024027
3.376800,60.023474
3.376900,60.023926
3.377000,60.023662
3.377100,60.024063
3.377200,60.024349
3.377300,60.023617
3.377400,60.022593
3.377500,60.022919
3.377600,60.023536
3.377700,60.023319
3.377800,60.023377
3.377900,60.023179
3.378000,60.023468
3.378100,60.023443
3.378200,60.023410
3.378300,60.023159
3.378400,60.023389
3.378500,60.023488
3.378600,60.023321
3.378700,60.023857
3.378800,60.023848
3.378900,60.023719
3.379000,60.023681
3.379100,60.023625
3.379200,60.023670
3.379300,60.023549
3.379400,60.023028
3.379500,60.023382
3.379600,60.022520
3.379700,60.023099
3.379800,60.023103
3.379900,60.024080
3.380000,60.023828
3.380100,60.023183
3.380200,60.023424
3.380300,60.023227
3.380400,60.023916
3.380500,60.024037
3.380600,60.023895
3.380700,60.023524
3.380800,60.023247
3.380900,60.022797
3.381000,60.024342
3.381100,60.023734
3.381200,60.023768
3.381300,60.024133
3.381400,60.021240
3.381500,60.023062
3.381600,60.025435
3.381700,60.023801
3.381800,60.023802
3.381900,60.025791
3.382000,60.025268
3.382100,60.022742
3.382200,60.020353
3.382300,60.022991
3.382400,60.025618
3.382500,60.017983
3.382600,60.018712
3.382700,60.023166
3.382800,60.023492
3.382900,60.028227
3.383000,60.030082
3.383100,60.033492
3.383200,60.043541
3.383300,60.023992
3.383400,60.000689
3.383500,60.005044
3.383600,60.019256
3.383700,60.005850
3.383800,59.993911
3.383900,59.997440
3.384000,59.997453
3.384100,59.997313
3.384200,59.997381
3.384300,59.997060
3.384400,59.997070
3.384500,59.997310
3.384600,59.996416
3.384700,59.997318
3.384800,59.997670
3.384900,59.996498
3.385000,59.995987
3.385100,59.996035
3.385200,59.995909
3.385300,59.996185
3.385400,59.995988
3.385500,59.994889
3.385600,59.995037
3.385700,59.995378
3.385800,59.995883
3.385900,59.995816
3.386000,59.995506
3.386100,59.995658
3.386200,59.995315
3.386300,59.995723
3.386400,59.995849
3.386500,59.995715
3.386600,59.995990
3.386700,59.995739
3.386800,59.995653
3.386900,59.994988
3.387000,59.995602
3.387100,59.995361
3.387200,59.995480
3.387300,59.995324
3.387400,59.995856
3.387500,59.995617
3.387600,59.995632
3.387700,59.995960
3.387800,59.996131
3.387900,59.995823
3.388000,59.995712
3.388100,59.995632
3.388200,59.995501
3.388300,59.994884
3.388400,59.995656
3.388500,59.995189
3.388600,59.995207
3.388700,59.995383
3.388800,59.994894
3.388900,59.996268
3.389000,59.997421
3.389100,59.997133
3.389200,59.995918
3.389300,59.995328
3.389400,59.996725
3.389500,59.995468
3.389600,59.996544
3.389700,59.997063
3.389800,59.995765
3.389900,59.993596
3.390000,59.994245
3.390100,59.995227
3.390200,59.995671
3.390300,59.994471
3.390400,59.996777
3.390500,59.994577
3.390600,59.994773
3.390700,59.999191
3.390800,60.000533
3.390900,59.994519
3.391000,59.992066
3.391100,60.004202
3.391200,60.003924
3.391300,60.005323
3.391400,60.014820
3.391500,60.009934
3.391600,59.996090
3.391700,59.996013
3.391800,59.994849
3.391900,60.014386
3.392000,60.003585
3.392100,59.991776
3.392200,59.996442
3.392300,59.997705
3.392400,59.997214
3.392500,59.997325
3.392600,59.997090
3.392700,59.996748
3.392800,59.996958
3.392900,59.997541
3.393000,59.995626
3.393100,59.994908
3.393200,59.995853
3.393300,59.996656
3.393400,59.996123
3.393500,59.996189
3.393600,59.996042
3.393700,59.996128
3.393800,59.996416
3.393900,59.996427
3.394000,59.996307
3.394100,59.995594
3.394200,59.995988
3.394300,59.996469
3.394400,59.996122
3.394500,59.996184
3.394600,59.996595
3.394700,59.996594
3.394800,59.996471
3.394900,59.996249
3.395000,59.996733
3.395100,59.995986
3.395200,59.996158
3.395300,59.996067
3.395400,59.996015
3.395500,59.996115
3.395600,59.996020
3.395700,59.996586
3.395800,59.996689
3.395900,59.996637
3.396000,59.996374
3.396100,59.996312
3.396200,59.996241
3.396300,59.996255
3.396400,59.996442
3.396500,59.995778
3.396600,59.996211
3.396700,59.996367
3.396800,59.996502
3.396900,59.995960
3.397000,59.995499
3.397100,59.994929
3.397200,59.996101
3.397300,59.995780
3.397400,59.996609
3.397500,59.995869
3.397600,59.997233
3.397700,59.996898
3.397800,59.996701
3.397900,59.996076
3.398000,59.996519
3.398100,59.996453
3.398200,59.997555
3.398300,59.997813
3.398400,59.997919
3.398500,59.995153
3.398600,59.991829
3.398700,59.989804
3.398800,59.993710
3.398900,59.996362
3.399000,59.999787
3.399100,60.003061
3.399200,60.006477
3.399300,59.999159
3.399400,60.006015
3.399500,59.998091
3.399600,60.011003
3.399700,60.008468
3.399800,60.018795
3.399900,60.025919
3.400000,60.025861
3.400100,60.023050
3.400200,60.017917
3.400300,60.013031
3.400400,60.003470
3.400500,60.011088
3.400600,60.011081
3.400700,60.013910
3.400800,60.013305
3.400900,60.013152
3.401000,60.013254
3.401100,60.013745
3.401200,60.014418
3.401300,60.014455
3.401400,60.013595
3.401500,60.013047
3.401600,60.012695
3.401700,60.013044
3.401800,60.012632
3.401900,60.012553
3.402000,60.012957
3.402100,60.013525
3.402200,60.013391
3.402300,60.012558
3.402400,60.012652
3.402500,60.012866
3.402600,60.012642
3.402700,60.012665
3.402800,60.012274
3.402900,60.012639
3.403000,60.012614
3.403100,60.012984
3.403200,60.013010
3.403300,60.013065
3.403400,60.012910
3.403500,60.013113
3.403600,60.012553
3.403700,60.012590
3.403800,60.013118
3.403900,60.012645
3.404000,60.013189
3.404100,60.013051
3.404200,60.012652
3.404300,60.012884
3.404400,60.012854
3.404500,60.012886
3.404600,60.012374
3.404700,60.011957
3.404800,60.012166
3.404900,60.012032
3.405000,60.012587
3.405100,60.013381
3.405200,60.013598
3.405300,60.012770
3.405400,60.013342
3.405500,60.012862
3.405600,60.013735
3.405700,60.012638
3.405800,60.013695
3.405900,60.013473
3.406000,60.014234
3.406100,60.012885
3.406200,60.013285
3.406300,60.012189
3.406400,60.013134
3.406500,60.011790
3.406600,60.010482
3.406700,60.012720
3.406800,60.011107
3.406900,60.012898
3.407000,60.012392
3.407100,60.011502
3.407200,60.011972
3.407300,60.013958
3.407400,60.012634
3.407500,60.010857
3.407600,60.008423
3.407700,60.008566
3.407800,60.001286
3.407900,60.006724
3.408000,60.012762
3.408100,60.020849
3.408200,60.038366
3.408300,60.016411
3.408400,60.014932
3.408500,60.009427
3.408600,60.010858
3.408700,60.017923
3.408800,60.010740
3.408900,60.014726
3.409000,60.012581
3.409100,60.013286
3.409200,60.013244
3.409300,60.013811
3.409400,60.013517
3.409500,60.014340
3.409600,60.014515
3.409700,60.014518
3.409800,60.013405
3.409900,60.012847
3.410000,60.012990
3.410100,60.012760
3.410200,60.012512
3.410300,60.012629
3.410400,60.012580
3.410500,60.012851
3.410600,60.012693
3.410700,60.012450
3.410800,60.012459
3.410900,60.012856
3.411000,60.012940
3.411100,60.012516
3.411200,60.012890
3.411300,60.012449
3.411400,60.012981
3.411500,60.012865
3.411600,60.012757
3.411700,60.012840
3.411800,60.012603
3.411900,60.012540
3.412000,60.012441
3.412100,60.012664
3.412200,60.013212
3.412300,60.012629
3.412400,60.012464
3.412500,60.012454
3.412600,60.012694
3.412700,60.012282
3.412800,60.012571
3.412900,60.012173
3.413000,60.012923
3.413100,60.012831
3.413200,60.012870
3.413300,60.013519
3.413400,60.012695
3.413500,60.012623
3.413600,60.012816
3.413700,60.012395
3.413800,60.012758
3.413900,60.012407
3.414000,60.012287
3.414100,60.011684
3.414200,60.012839
3.414300,60.012492
3.414400,60.011529
3.414500,60.012818
3.414600,60.013864
3.414700,60.012504
3.414800,60.011688
3.414900,60.010760
3.415000,60.013587
3.415100,60.014737
3.415200,60.013168
3.415300,60.013230
3.415400,60.017002
3.415500,60.014472
3.415600,60.013987
3.415700,60.012824
3.415800,60.010546
3.415900,60.017042
3.416000,60.013531
3.416100,60.017513
3.416200,60.006219
3.416300,60.005198
3.416400,60.003743
3.416500,60.000472
3.416600,59.995857
3.416700,60.010637
3.416800,60.014840
3.416900,60.005991
3.417000,59.998530
3.417100,60.009325
3.417200,60.004924
3.417300,60.003753
3.417400,60.004532
3.417500,60.004536
3.417600,60.004185
3.417700,60.004763
3.417800,60.005875
3.417900,60.005520
3.418000,60.004554
3.418100,60.004530
3.418200,60.003564
3.418300,60.004022
3.418400,60.005233
3.418500,60.005364
3.418600,60.005307
3.418700,60.005120
3.418800,60.004717
3.418900,60.004885
3.419000,60.004934
3.419100,60.005662
3.419200,60.004857
3.419300,60.004707
3.419400,60.004430
3.419500,60.004384
3.419600,60.004521
3.419700,60.004752
3.419800,60.004971
3.419900,60.005027
3.420000,60.004658
3.420100,60.004457
3.420200,60.004638
3.420300,60.004612
3.420400,60.004599
3.420500,60.004538
3.420600,60.004943
3.420700,60.004840
3.420800,60.005120
3.420900,60.004705
3.421000,60.004860
3.421100,60.004518
3.421200,60.004684
3.421300,60.004323
3.421400,60.005047
3.421500,60.004660
3.421600,60.004490
3.421700,60.005094
3.421800,60.004247
3.421900,60.005010
3.422000,60.004651
3.422100,60.004513
3.422200,60.004135
3.422300,60.004253
3.422400,60.004062
3.422500,60.003872
3.422600,60.003686
3.422700,60.004100
3.422800,60.002689
3.422900,60.002117
3.423000,60.004453
3.423100,60.003776
3.423200,60.005081
3.423300,60.004603
3.423400,60.007233
3.423500,60.007222
3.423600,60.006035
3.423700,60.006715
3.423800,60.007762
3.423900,60.006946
3.424000,60.008021
3.424100,60.005849
3.424200,60.001940
3.424300,59.997891
3.424400,60.006454
3.424500,59.999938
3.424600,60.005473
3.424700,59.998189
3.424800,59.994178
3.424900,60.004715
3.425000,59.996132
3.425100,60.002999
3.425200,60.007124
3.425300,60.014278
3.425400,60.010776
3.425500,60.018451
3.425600,60.014853
3.425700,60.013555
3.425800,60.013520
3.425900,60.013689
3.426000,60.013081
3.426100,60.014113
3.426200,60.012218
3.426300,60.012314
3.426400,60.013181
3.426500,60.013295
3.426600,60.013374
3.426700,60.013657
3.426800,60.012567
3.426900,60.012863
3.427000,60.012236
3.427100,60.012114
3.427200,60.012248
3.427300,60.012080
3.427400,60.011944
3.427500,60.012101
3.427600,60.012334
3.427700,60.011799
3.427800,60.011779
3.427900,60.012177
3.428000,60.012216
3.428100,60.011643
3.428200,60.011973
3.428300,60.012157
3.428400,60.012144
3.428500,60.012236
3.428600,60.012225
3.428700,60.011957
3.428800,60.012074
3.428900,60.011911
3.429000,60.012054
3.429100,60.012520
3.429200,60.011782
3.429300,60.012283
3.429400,60.011707
3.429500,60.012262
3.429600,60.012441
3.429700,60.012106
3.429800,60.012220
3.429900,60.012034
3.430000,60.011982
3.430100,60.011842
3.430200,60.012438
3.430300,60.012522
3.430400,60.011771
3.430500,60.011468
3.430600,60.011092
3.430700,60.011521
3.430800,60.011713
3.430900,60.012366
3.431000,60.013215
3.431100,60.011698
3.431200,60.011389
3.431300,60.011777
3.431400,60.009809
3.431500,60.011281
3.431600,60.012835
3.431700,60.012390
3.431800,60.013020
3.431900,60.012552
3.432000,60.010396
3.432100,60.010166
3.432200,60.014944
3.432300,60.010242
3.432400,60.003735
3.432500,60.010104
3.432600,60.007890
3.432700,60.004712
3.432800,59.992797
3.432900,59.991777
3.433000,59.986308
3.433100,59.995056
3.433200,60.009890
3.433300,60.003710
3.433400,59.999845
3.433500,60.005291
3.433600,60.004190
3.433700,60.000005
3.433800,59.994377
3.433900,59.988524
3.434000,59.990345
3.434100,59.990178
3.434200,59.990097
3.434300,59.989508
3.434400,59.990429
3.434500,59.989924
3.434600,59.989636
3.434700,59.989575
3.434800,59.989623
3.434900,59.990321
3.435000,59.989829
3.435100,59.990527
3.435200,59.990579
3.435300,59.989555
3.435400,59.989559
3.435500,59.989923
3.435600,59.990357
3.435700,59.990552
3.435800,59.989838
3.435900,59.990337
3.436000,59.990045
3.436100,59.989756
3.436200,59.989554
3.436300,59.989618
3.436400,59.990122
3.436500,59.989732
3.436600,59.989904
3.436700,59.990051
3.436800,59.989798
3.436900,59.990328
3.437000,59.990406
3.437100,59.989810
3.437200,59.989686
3.437300,59.989800
3.437400,59.989493
3.437500,59.989465
3.437600,59.989439
3.437700,59.989683
3.437800,59.989219
3.437900,59.989337
3.438000,59.989481
3.438100,59.990156
3.438200,59.989826
3.438300,59.989698
3.438400,59.989730
3.438500,59.990126
3.438600,59.989116
3.438700,59.989501
3.438800,59.989866
3.438900,59.989822
3.439000,59.989421
3.439100,59.988985
3.439200,59.988976
3.439300,59.988026
3.439400,59.988996
3.439500,59.990892
3.439600,59.990478
3.439700,59.989356
3.439800,59.990323
3.439900,59.988891
3.440000,59.989831
3.440100,59.991254
3.440200,59.992262
3.440300,59.989299
3.440400,59.989125
3.440500,59.990642
3.440600,59.989869
3.440700,59.995675
3.440800,59.993120
3.440900,59.989282
3.441000,59.989009
3.441100,59.998585
3.441200,59.985382
3.441300,59.997813
3.441400,59.986722
3.441500,59.966312
3.441600,59.987318
3.441700,59.995092
3.441800,59.982796
3.441900,59.982715
3.442000,59.977503
3.442100,59.971098
3.442200,59.973191
3.442300,59.974389
3.442400,59.974416
3.442500,59.974553
3.442600,59.974281
3.442700,59.974047
3.442800,59.972954
3.442900,59.973693
3.443000,59.975233
3.443100,59.975690
3.443200,59.976430
3.443300,59.976168
3.443400,59.974815
3.443500,59.974482
3.443600,59.974995
3.443700,59.974211
3.443800,59.974432
3.443900,59.974248
3.444000,59.974755
3.444100,59.975368
3.444200,59.975088
3.444300,59.974674
3.444400,59.974661
3.444500,59.974718
3.444600,59.974888
3.444700,59.975195
3.444800,59.974640
3.444900,59.974880
3.445000,59.974661
3.445100,59.974426
3.445200,59.974764
3.445300,59.974540
3.445400,59.974480
3.445500,59.974706
3.445600,59.974822
3.445700,59.974699
3.445800,59.974825
3.445900,59.975088
3.446000,59.974981
3.446100,59.974954
3.446200,59.974768
3.446300,59.974546
3.446400,59.974478
3.446500,59.974390
3.446600,59.974271
3.446700,59.974147
3.446800,59.974517
3.446900,59.974076
3.447000,59.973909
3.447100,59.975206
3.447200,59.975042
3.447300,59.975245
3.447400,59.974536
3.447500,59.974891
3.447600,59.975330
3.447700,59.975920
3.447800,59.974790
3.447900,59.975565
3.448000,59.976425
3.448100,59.974266
3.448200,59.976492
3.448300,59.975181
3.448400,59.973081
3.448500,59.971749
3.448600,59.971848
3.448700,59.973191
3.448800,59.970532
3.448900,59.973673
3.449000,59.975387
3.449100,59.969993
3.449200,59.975828
3.449300,59.971342
3.449400,59.961949
3.449500,59.970774
3.449600,59.982824
3.449700,59.998570
3.449800,59.998232
3.449900,59.989276
3.450000,59.982808
3.450100,59.999151
3.450200,60.016540
3.450300,60.000722
3.450400,59.996651
3.450500,59.999900
3.450600,59.996174
3.450700,59.998003
3.450800,59.997613
3.450900,59.997462
3.451000,59.998127
3.451100,59.998726
3.451200,59.998198
3.451300,59.997593
3.451400,59.996170
3.451500,59.995211
3.451600,59.995796
3.451700,59.996589
3.451800,59.995894
3.451900,59.996059
3.452000,59.995807
3.452100,59.996403
3.452200,59.996450
3.452300,59.996149
3.452400,59.996185
3.452500,59.996487
3.452600,59.996295
3.452700,59.996343
3.452800,59.996370
3.452900,59.996344
3.453000,59.996246
3.453100,59.995990
3.453200,59.996353
3.453300,59.996130
3.453400,59.996251
3.453500,59.996261
3.453600,59.995976
3.453700,59.995707
3.453800,59.996055
3.453900,59.996413
3.454000,59.996298
3.454100,59.995936
3.454200,59.996302
3.454300,59.996030
3.454400,59.996492
3.454500,59.996448
3.454600,59.996341
3.454700,59.996473
3.454800,59.996427
3.454900,59.995896
3.455000,59.995699
3.455100,59.995855
3.455200,59.996211
3.455300,59.996201
3.455400,59.995828
3.455500,59.995244
3.455600,59.995550
3.455700,59.996117
3.455800,59.996251
3.455900,59.995793
3.456000,59.995617
3.456100,59.996968
3.456200,59.996647
3.456300,59.996030
3.456400,59.996214
3.456500,59.998723
3.456600,59.996137
3.456700,59.995739
3.456800,59.994915
3.456900,59.995498
3.457000,59.996124
3.457100,59.997425
3.457200,59.997677
3.457300,59.996570
3.457400,59.991369
3.457500,59.988669
3.457600,59.988917
3.457700,59.987857
3.457800,59.995899
3.457900,60.000384
3.458000,60.016354
3.458100,60.030684
3.458200,60.041789
3.458300,60.045958
3.458400,60.052953
3.458500,60.049254
3.458600,60.046529
3.458700,60.039184
3.458800,60.032234
3.458900,60.036102
3.459000,60.033545
3.459100,60.033551
3.459200,60.032964
3.459300,60.032499
3.459400,60.033440
3.459500,60.032946
3.459600,60.032995
3.459700,60.032031
3.459800,60.032921
3.459900,60.032699
3.460000,60.031840
3.460100,60.031881
3.460200,60.031799
3.460300,60.031382
3.460400,60.032140
3.460500,60.031297
3.460600,60.031822
3.460700,60.032110
3.460800,60.031579
3.460900,60.031292
3.461000,60.031371
3.461100,60.031445
3.461200,60.031525
3.461300,60.031159
3.461400,60.031516
3.461500,60.031349
3.461600,60.031444
3.461700,60.031406
3.461800,60.031354
3.461900,60.031583
3.462000,60.031638
3.462100,60.031420
3.462200,60.031305
3.462300,60.031730
3.462400,60.031666
3.462500,60.031498
3.462600,60.031638
3.462700,60.032105
3.462800,60.031908
3.462900,60.031634
3.463000,60.032014
3.463100,60.031951
3.463200,60.032165
3.463300,60.031446
3.463400,60.031589
3.463500,60.031000
3.463600,60.031321
3.463700,60.030637
3.463800,60.031570
3.463900,60.032079
3.464000,60.031810
3.464100,60.031961
3.464200,60.031905
3.464300,60.031797
3.464400,60.031236
3.464500,60.031797
3.464600,60.030047
3.464700,60.032088
3.464800,60.031438
3.464900,60.031501
3.465000,60.030843
3.465100,60.032660
3.465200,60.032386
3.465300,60.031649
3.465400,60.034035
3.465500,60.029340
3.465600,60.023686
3.465700,60.017673
3.465800,60.019053
3.465900,60.021713
3.466000,60.031656
3.466100,60.027526
3.466200,60.019954
3.466300,60.004845
3.466400,59.990207
3.466500,59.992700
3.466600,60.013327
3.466700,60.009979
3.466800,60.010733
3.466900,59.996384
3.467000,59.990630
3.467100,59.993866
3.467200,59.997247
3.467300,59.997424
3.467400,59.997502
3.467500,59.997620
3.467600,59.998122
3.467700,59.999766
3.467800,59.999770
3.467900,59.999729
3.468000,59.997949
3.468100,59.998048
3.468200,59.997326
3.468300,59.997254
3.468400,59.997801
3.468500,59.997406
3.468600,59.997444
3.468700,59.997623
3.468800,59.997854
3.468900,59.997691
3.469000,59.997864
3.469100,59.997749
3.469200,59.997857
3.469300,59.997561
3.469400,59.997711
3.469500,59.997660
3.469600,59.998007
3.469700,59.997906
3.469800,59.997719
3.469900,59.998029
3.470000,59.997850
3.470100,59.997627
3.470200,59.997649
3.470300,59.997427
3.470400,59.997681
3.470500,59.997301
3.470600,59.997959
3.470700,59.997754
3.470800,59.997307
3.470900,59.997182
3.471000,59.997475
3.471100,59.997487
3.471200,59.997823
3.471300,59.997630
3.471400,59.997623
3.471500,59.997883
3.471600,59.997442
3.471700,59.997209
3.471800,59.997183
3.471900,59.997184
3.472000,59.996840
3.472100,59.997899
3.472200,59.996964
3.472300,59.997008
3.472400,59.997822
3.472500,59.998035
3.472600,59.996433
3.472700,59.997707
3.472800,59.997370
3.472900,59.996941
3.473000,59.998188
3.473100,59.998543
3.473200,59.996774
3.473300,59.995268
3.473400,59.994780
3.473500,59.997303
3.473600,59.997300
3.473700,59.998415
3.473800,60.000960
3.473900,60.002061
3.474000,59.998660
3.474100,59.998114
3.474200,60.005432
3.474300,59.997953
3.474400,59.994943
3.474500,60.000792
3.474600,59.988573
3.474700,59.989673
3.474800,59.985414
3.474900,59.986094
3.475000,59.984481
3.475100,59.984819
3.475200,59.997844
3.475300,59.985532
3.475400,59.977369
3.475500,59.985298
3.475600,59.981637
3.475700,59.983419
3.475800,59.983481
3.475900,59.983177
3.476000,59.984210
3.476100,59.983926
3.476200,59.984362
3.476300,59.982537
3.476400,59.983470
3.476500,59.983646
3.476600,59.984384
3.476700,59.983204
3.476800,59.983407
3.476900,59.983474
3.477000,59.983995
3.477100,59.983477
3.477200,59.982994
3.477300,59.983661
3.477400,59.983532
3.477500,59.983576
3.477600,59.983538
3.477700,59.983858
3.477800,59.983163
3.477900,59.983060
3.478000,59.983150
3.478100,59.983554
3.478200,59.983456
3.478300,59.983064
3.478400,59.983108
3.478500,59.983391
3.478600,59.983009
3.478700,59.983193
3.478800,59.983020
3.478900,59.983145
3.479000,59.983454
3.479100,59.983098
3.479200,59.982825
3.479300,59.983144
3.479400,59.982995
3.479500,59.983294
3.479600,59.983028
3.479700,59.982809
3.479800,59.983263
3.479900,59.983102
3.480000,59.983600
3.480100,59.982612
3.480200,59.982875
3.480300,59.983127
3.480400,59.982005
3.480500,59.982893
3.480600,59.982599
3.480700,59.982669
3.480800,59.982204
3.480900,59.982810
3.481000,59.983239
3.481100,59.983222
3.481200,59.983705
3.481300,59.982478
3.481400,59.982865
3.481500,59.982981
3.481600,59.983690
3.481700,59.983671
3.481800,59.980338
3.481900,59.980845
3.482000,59.984821
3.482100,59.987277
3.482200,59.988026
3.482300,59.989632
3.482400,59.988303
3.482500,59.988098
3.482600,59.980272
3.482700,59.982514
3.482800,59.973204
3.482900,59.967785
3.483000,59.973946
3.483100,59.977977
3.483200,59.977229
3.483300,59.984617
3.483400,59.981778
3.483500,60.003051
3.483600,60.000963
3.483700,60.010659
3.483800,60.003539
3.483900,59.998057
3.484000,60.000787
3.484100,60.000337
3.484200,60.000314
3.484300,59.999822
3.484400,60.001407
3.484500,60.001892
3.484600,60.001468
3.484700,60.000606
3.484800,60.000218
3.484900,60.001456
3.485000,60.000938
3.485100,60.000250
3.485200,59.999538
3.485300,60.000164
3.485400,60.000188
3.485500,59.999959
3.485600,60.000121
3.485700,60.000382
3.485800,60.000342
3.485900,60.000788
3.486000,60.000644
3.486100,60.000552
3.486200,60.000370
3.486300,60.000353
3.486400,60.000356
3.486500,60.000358
3.486600,60.000357
3.486700,60.000362
3.486800,60.000359
3.486900,60.000355
3.487000,60.000355
3.487100,60.000362
3.487200,60.000361
3.487300,60.000357
3.487400,60.000359
3.487500,60.000351
3.487600,60.000362
3.487700,60.000359
3.487800,60.000357
3.487900,60.000336
3.488000,60.000320
3.488100,60.000305
3.488200,60.000312
3.488300,60.000315
3.488400,60.000333
3.488500,60.000336
3.488600,60.000311
3.488700,60.000310
3.488800,60.000252
3.488900,60.000247
3.489000,60.000244
3.489100,60.000249
3.489200,60.000227
3.489300,60.000229
3.489400,60.000251
3.489500,60.000270
3.489600,60.000239
3.489700,60.000234
3.489800,60.000285
3.489900,60.000285
3.490000,60.000289
3.490100,60.000248
3.490200,60.000199
3.490300,60.000201
3.490400,60.000241
3.490500,60.000203
3.490600,60.000167
3.490700,60.000210
3.490800,60.000213
3.490900,60.000222
3.491000,60.000217
3.491100,60.000258
3.491200,60.000268
3.491300,60.000237
3.491400,60.000256
3.491500,60.000297
3.491600,60.000390
3.491700,60.000484
3.491800,60.000503
3.491900,60.000632
3.492000,60.000663
3.492100,60.000740
3.492200,60.000676
3.492300,60.000797
3.492400,60.000957
3.492500,60.000997
3.492600,60.000969
3.492700,60.000919
3.492800,60.001041
3.492900,60.000847
3.493000,60.000844
3.493100,60.000867
3.493200,60.000888
3.493300,60.000925
3.493400,60.001010
3.493500,60.000877
3.493600,60.000967
3.493700,60.000918
3.493800,60.000965
3.493900,60.001006
3.494000,60.001038
3.494100,60.001053
3.494200,60.001050
3.494300,60.001052
3.494400,60.001057
3.494500,60.001040
3.494600,60.001043
3.494700,60.001041
3.494800,60.001057
3.494900,60.001084
3.495000,60.001051
3.495100,60.001069
3.495200,60.001051
3.495300,60.001038
3.495400,60.001042
3.495500,60.001065
3.495600,60.001026
3.495700,60.000925
3.495800,60.000871
3.495900,60.000919
3.496000,60.000935
3.496100,60.000889
3.496200,60.000983
3.496300,60.000917
3.496400,60.000810
3.496500,60.000796
3.496600,60.000751
3.496700,60.000757
3.496800,60.000839
3.496900,60.000710
3.497000,60.000671
3.497100,60.000566
3.497200,60.000664
3.497300,60.000632
3.497400,60.000637
3.497500,60.000645
3.497600,60.000641
3.497700,60.000669
3.497800,60.000690
3.497900,60.000822
3.498000,60.000858
3.498100,60.000715
3.498200,60.000660
3.498300,60.000623
3.498400,60.000523
3.498500,60.000478
3.498600,60.000334
3.498700,60.000496
3.498800,60.000718
3.498900,60.000717
3.499000,60.000050
3.499100,59.999864
3.499200,59.999888
3.499300,59.999804
3.499400,59.999689
3.499500,59.999665
3.499600,59.999994
3.499700,60.000457
3.499800,59.999519
3.499900,60.000050
3.500000,59.999452
3.500100,59.998977
3.500200,59.998932
3.500300,59.999137
3.500400,59.999768
3.500500,59.999807
3.500600,59.999942
3.500700,60.000799
3.500800,60.000819
3.500900,60.000958
3.501000,60.001451
3.501100,60.001790
3.501200,60.002688
3.501300,60.002685
3.501400,60.002250
3.501500,60.001934
3.501600,60.002394
3.501700,60.002394
3.501800,60.002525
3.501900,60.002554
3.502000,60.002606
3.502100,60.002641
3.502200,60.002643
3.502300,60.002636
3.502400,60.002648
3.502500,60.002682
3.502600,60.002552
3.502700,60.002605
3.502800,60.002686
3.502900,60.002540
3.503000,60.002465
3.503100,60.002620
3.503200,60.002655
3.503300,60.002613
3.503400,60.002823
3.503500,60.002581
3.503600,60.002574
3.503700,60.002746
3.503800,60.002665
3.503900,60.002778
3.504000,60.002708
3.504100,60.002617
3.504200,60.002812
3.504300,60.002725
3.504400,60.002686
3.504500,60.002535
3.504600,60.002277
3.504700,60.002200
3.504800,60.002038
3.504900,60.001949
3.505000,60.001764
3.505100,60.001692
3.505200,60.001549
3.505300,60.001350
3.505400,60.001236
3.505500,60.001269
3.505600,60.001230
3.505700,60.001172
3.505800,60.001047
3.505900,60.000861
3.506000,60.001306
3.506100,60.001304
3.506200,60.001683
3.506300,60.001200
3.506400,60.001123
3.506500,60.001187
3.506600,60.001529
3.506700,60.001910
3.506800,60.001758
3.506900,60.001504
3.507000,60.001135
3.507100,60.000121
3.507200,59.999770
3.507300,59.999269
3.507400,59.999842
3.507500,60.001022
3.507600,60.001745
3.507700,60.001999
3.507800,60.002738
3.507900,60.002083
3.508000,60.001821
3.508100,59.999765
3.508200,59.998247
3.508300,59.999921
3.508400,60.000667
3.508500,60.002081
3.508600,60.002544
3.508700,60.001985
3.508800,60.001992
3.508900,60.000914
3.509000,60.001828
3.509100,60.000506
3.509200,60.001255
3.509300,59.999849
3.509400,59.999712
3.509500,59.999368
3.509600,59.999149
3.509700,59.998833
3.509800,59.999176
3.509900,59.999406
3.510000,59.999262
3.510100,59.999354
3.510200,59.999490
3.510300,59.999496
3.510400,59.999469
3.510500,59.999558
3.510600,59.999391
3.510700,59.999402
3.510800,59.999262
3.510900,59.999118
3.511000,59.998598
3.511100,59.998630
3.511200,59.998446
3.511300,59.998498
3.511400,59.998427
3.511500,59.998176
3.511600,59.998229
3.511700,59.998171
3.511800,59.998097
3.511900,59.998156
3.512000,59.998082
3.512100,59.998204
3.512200,59.998425
3.512300,59.998688
3.512400,59.998105
3.512500,59.998070
3.512600,59.998442
3.512700,59.998771
3.512800,59.998593
3.512900,59.998370
3.513000,59.998080
3.513100,59.998154
3.513200,59.998222
3.513300,59.998015
3.513400,59.998073
3.513500,59.998016
3.513600,59.998349
3.513700,59.998526
3.513800,59.998747
3.513900,59.997882
3.514000,59.998074
3.514100,59.998156
3.514200,59.998357
3.514300,59.998293
3.514400,59.998391
3.514500,59.998280
3.514600,59.999694
3.514700,59.998717
3.514800,59.999040
3.514900,60.000512
3.515000,60.000329
3.515100,60.000045
3.515200,59.999783
3.515300,60.000317
3.515400,60.001840
3.515500,60.002346
3.515600,60.001421
3.515700,59.999762
3.515800,59.998517
3.515900,60.000385
3.516000,59.996798
3.516100,59.994124
3.516200,59.994733
3.516300,59.991345
3.516400,59.989496
3.516500,59.988503
3.516600,59.990230
3.516700,59.987454
3.516800,59.985476
3.516900,59.986522
3.517000,59.986473
3.517100,59.985987
3.517200,59.987667
3.517300,59.988256
3.517400,59.988677
3.517500,59.991697
3.517600,59.990414
3.517700,59.988985
3.517800,59.990247
3.517900,59.990203
3.518000,59.990939
3.518100,59.990975
3.518200,59.990877
3.518300,59.990813
3.518400,59.990804
3.518500,59.990677
3.518600,59.990493
3.518700,59.990430
3.518800,59.990065
3.518900,59.990123
3.519000,59.990344
3.519100,59.990520
3.519200,59.990674
3.519300,59.991280
3.519400,59.991404
3.519500,59.991559
3.519600,59.990780
3.519700,59.990025
3.519800,59.990006
3.519900,59.990003
3.520000,59.990225
3.520100,59.990672
3.520200,59.990376
3.520300,59.990226
3.520400,59.990222
3.520500,59.990972
3.520600,59.990263
3.520700,59.990292
3.520800,59.990374
3.520900,59.990249
3.521000,59.990428
3.521100,59.990205
3.521200,59.989929
3.521300,59.989461
3.521400,59.989415
3.521500,59.989459
3.521600,59.989809
3.521700,59.990107
3.521800,59.990868
3.521900,59.991026
3.522000,59.990836
3.522100,59.990406
3.522200,59.991335
3.522300,59.991244
3.522400,59.990706
3.522500,59.989379
3.522600,59.989127
3.522700,59.989854
3.522800,59.989953
3.522900,59.989682
3.523000,59.990544
3.523100,59.991937
3.523200,59.992091
3.523300,59.990229
3.523400,59.989901
3.523500,59.990647
3.523600,59.991574
3.523700,59.992528
3.523800,59.990998
3.523900,59.991813
3.524000,59.990105
3.524100,59.990084
3.524200,59.990026
3.524300,59.991108
3.524400,59.992448
3.524500,59.988531
3.524600,59.985397
3.524700,59.987572
3.524800,59.989155
3.524900,59.991405
3.525000,59.990357
3.525100,59.994434
3.525200,59.991852
3.525300,59.990781
3.525400,59.998088
3.525500,59.992737
3.525600,59.995061
3.525700,59.999318
3.525800,59.997461
3.525900,59.995937
3.526000,59.995788
3.526100,59.995706
3.526200,59.995592
3.526300,59.995701
3.526400,59.995722
3.526500,59.995633
3.526600,59.995442
3.526700,59.996023
3.526800,59.996137
3.526900,59.996045
3.527000,59.995653
3.527100,59.995363
3.527200,59.994377
3.527300,59.995575
3.527400,59.995350
3.527500,59.995366
3.527600,59.995220
3.527700,59.995385
3.527800,59.996091
3.527900,59.995380
3.528000,59.995284
3.528100,59.995187
3.528200,59.995427
3.528300,59.995281
3.528400,59.995343
3.528500,59.995619
3.528600,59.995514
3.528700,59.995817
3.528800,59.995606
3.528900,59.995551
3.529000,59.995608
3.529100,59.995805
3.529200,59.995797
3.529300,59.995402
3.529400,59.994723
3.529500,59.995137
3.529600,59.995490
3.529700,59.995547
3.529800,59.995413
3.529900,59.995649
3.530000,59.995595
3.530100,59.995781
3.530200,59.995037
3.530300,59.994566
3.530400,59.994619
3.530500,59.994307
3.530600,59.994452
3.530700,59.994451
3.530800,59.993883
3.530900,59.993339
3.531000,59.993211
3.531100,59.994256
3.531200,59.994322
3.531300,59.994014
3.531400,59.994895
3.531500,59.995258
3.531600,59.996025
3.531700,59.995258
3.531800,59.992959
3.531900,59.992903
3.532000,59.994926
3.532100,59.995926
3.532200,59.995426
3.532300,59.989832
3.532400,59.988861
3.532500,59.988954
3.532600,59.986746
3.532700,59.988676
3.532800,59.996637
3.532900,60.001718
3.533000,60.005130
3.533100,60.001444
3.533200,60.004871
3.533300,60.015531
3.533400,60.005188
3.533500,60.014268
3.533600,60.008406
3.533700,60.007463
3.533800,60.009526
3.533900,60.012199
3.534000,60.014114
3.534100,60.013518
3.534200,60.013744
3.534300,60.012141
3.534400,60.011825
3.534500,60.011846
3.534600,60.011811
3.534700,60.011975
3.534800,60.011944
3.534900,60.011426
3.535000,60.011551
3.535100,60.011580
3.535200,60.011792
3.535300,60.012040
3.535400,60.011304
3.535500,60.010866
3.535600,60.010886
3.535700,60.011704
3.535800,60.011741
3.535900,60.011527
3.536000,60.011277
3.536100,60.011302
3.536200,60.011248
3.536300,60.010952
3.536400,60.011317
3.536500,60.011294
3.536600,60.010753
3.536700,60.011038
3.536800,60.011044
3.536900,60.011043
3.537000,60.011306
3.537100,60.011246
3.537200,60.011229
3.537300,60.011458
3.537400,60.011893
3.537500,60.011739
3.537600,60.011352
3.537700,60.011669
3.537800,60.010998
3.537900,60.011416
3.538000,60.011100
3.538100,60.010724
3.538200,60.010587
3.538300,60.011376
3.538400,60.011317
3.538500,60.012121
3.538600,60.011877
3.538700,60.011693
3.538800,60.012193
3.538900,60.010968
3.539000,60.011243
3.539100,60.011158
3.539200,60.011367
3.539300,60.011310
3.539400,60.009765
3.539500,60.009885
3.539600,60.009584
3.539700,60.010111
3.539800,60.011195
3.539900,60.008984
3.540000,60.009504
3.540100,60.008881
3.540200,60.007220
3.540300,60.010017
3.540400,60.007727
3.540500,60.011781
3.540600,60.009349
3.540700,60.009124
3.540800,60.010139
3.540900,60.008641
3.541000,60.013907
3.541100,60.011120
3.541200,60.008410
3.541300,60.003612
3.541400,60.001390
3.541500,60.013411
3.541600,59.992690
3.541700,59.983749
3.541800,59.972481
3.541900,59.967040
3.542000,59.966073
3.542100,59.970633
3.542200,59.972587
3.542300,59.977600
3.542400,59.975939
3.542500,59.977160
3.542600,59.977772
3.542700,59.977785
3.542800,59.978081
3.542900,59.978909
3.543000,59.979030
3.543100,59.978471
3.543200,59.977620
3.543300,59.977081
3.543400,59.977993
3.543500,59.978284
3.543600,59.978369
3.543700,59.978652
3.543800,59.978640
3.543900,59.978226
3.544000,59.978125
3.544100,59.977653
3.544200,59.977669
3.544300,59.977878
3.544400,59.978102
3.544500,59.977541
3.544600,59.977854
3.544700,59.977773
3.544800,59.977999
3.544900,59.977579
3.545000,59.978101
3.545100,59.978433
3.545200,59.977851
3.545300,59.977850
3.545400,59.977328
3.545500,59.977096
3.545600,59.977420
3.545700,59.977435
3.545800,59.977155
3.545900,59.977132
3.546000,59.977929
3.546100,59.977577
3.546200,59.977897
3.546300,59.977443
3.546400,59.978535
3.546500,59.978257
3.546600,59.977715
3.546700,59.977577
3.546800,59.977295
3.546900,59.977918
3.547000,59.978951
3.547100,59.978300
3.547200,59.978565
3.547300,59.978011
3.547400,59.977988
3.547500,59.977297
3.547600,59.977009
3.547700,59.978864
3.547800,59.977042
3.547900,59.977752
3.548000,59.978074
3.548100,59.977712
3.548200,59.977923
3.548300,59.975881
3.548400,59.978075
3.548500,59.976151
3.548600,59.978233
3.548700,59.983214
3.548800,59.982764
3.548900,59.977763
3.549000,59.980359
3.549100,59.982581
3.549200,59.979262
3.549300,59.985262
3.549400,59.996770
3.549500,59.989913
3.549600,59.987892
3.549700,59.979566
3.549800,59.981915
3.549900,60.001965
3.550000,60.003076
3.550100,60.007354
3.550200,60.012571
3.550300,60.009725
3.550400,60.007779
3.550500,60.016960
3.550600,60.015575
3.550700,60.015501
3.550800,60.014939
3.550900,60.014981
3.551000,60.014834
3.551100,60.014763
3.551200,60.014952
3.551300,60.015256
3.551400,60.015512
3.551500,60.015509
3.551600,60.015418
3.551700,60.014470
3.551800,60.014908
3.551900,60.014862
3.552000,60.014755
3.552100,60.015017
3.552200,60.015514
3.552300,60.014834
3.552400,60.014445
3.552500,60.014568
3.552600,60.015002
3.552700,60.015476
3.552800,60.015411
3.552900,60.014623
3.553000,60.014401
3.553100,60.015130
3.553200,60.015074
3.553300,60.015029
3.553400,60.015155
3.553500,60.014687
3.553600,60.015192
3.553700,60.015068
3.553800,60.014915
3.553900,60.015022
3.554000,60.015035
3.554100,60.014966
3.554200,60.014728
3.554300,60.015081
3.554400,60.014836
3.554500,60.014613
3.554600,60.014377
3.554700,60.014489
3.554800,60.015164
3.554900,60.014860
3.555000,60.014297
3.555100,60.014576
3.555200,60.015383
3.555300,60.014788
3.555400,60.015001
3.555500,60.015345
3.555600,60.015077
3.555700,60.014829
3.555800,60.014449
3.555900,60.015708
3.556000,60.014886
3.556100,60.014549
3.556200,60.012218
3.556300,60.012480
3.556400,60.011636
3.556500,60.012413
3.556600,60.013402
3.556700,60.016838
3.556800,60.013442
3.556900,60.012400
3.557000,60.011047
3.557100,60.010500
3.557200,60.012038
3.557300,60.009532
3.557400,60.010672
3.557500,60.008677
3.557600,60.013250
3.557700,60.018771
3.557800,60.025949
3.557900,60.028123
3.558000,60.037387
3.558100,60.017056
3.558200,60.017910
3.558300,60.026936
3.558400,60.015023
3.558500,60.012951
3.558600,60.007636
3.558700,60.017890
3.558800,60.009897
3.558900,60.008707
3.559000,60.011122
3.559100,60.011936
3.559200,60.011824
3.559300,60.011594
3.559400,60.011302
3.559500,60.012101
3.559600,60.013335
3.559700,60.011579
3.559800,60.012094
3.559900,60.010713
3.560000,60.011688
3.560100,60.011440
3.560200,60.011295
3.560300,60.011076
3.560400,60.010773
3.560500,60.011613
3.560600,60.011451
3.560700,60.011017
3.560800,60.010794
3.560900,60.010912
3.561000,60.010793
3.561100,60.010901
3.561200,60.010681
3.561300,60.010926
3.561400,60.011164
3.561500,60.011038
3.561600,60.011005
3.561700,60.010824
3.561800,60.011190
3.561900,60.011496
3.562000,60.011657
3.562100,60.011123
3.562200,60.011196
3.562300,60.010866
3.562400,60.011089
3.562500,60.010891
3.562600,60.010825
3.562700,60.011270
3.562800,60.010980
3.562900,60.010436
3.563000,60.010912
3.563100,60.010882
3.563200,60.011271
3.563300,60.010832
3.563400,60.010901
3.563500,60.011121
3.563600,60.010169
3.563700,60.010558
3.563800,60.010421
3.563900,60.011911
3.564000,60.010902
3.564100,60.010411
3.564200,60.011782
3.564300,60.011508
3.564400,60.010872
3.564500,60.009504
3.564600,60.008939
3.564700,60.008974
3.564800,60.011528
3.564900,60.014068
3.565000,60.011184
3.565100,60.009768
3.565200,60.009706
3.565300,60.010268
3.565400,60.012488
3.565500,60.007092
3.565600,60.003264
3.565700,60.009277
3.565800,60.003319
3.565900,59.998331
3.566000,59.999402
3.566100,59.999367
3.566200,60.007462
3.566300,60.009246
3.566400,60.015976
3.566500,60.036996
3.566600,60.045127
3.566700,60.047882
3.566800,60.039984
3.566900,60.021770
3.567000,60.018062
3.567100,60.024576
3.567200,60.017243
3.567300,60.014179
3.567400,60.016229
3.567500,60.016339
3.567600,60.016679
3.567700,60.016549
3.567800,60.016469
3.567900,60.017380
3.568000,60.016808
3.568100,60.015685
3.568200,60.015660
3.568300,60.016040
3.568400,60.015592
3.568500,60.015815
3.568600,60.015671
3.568700,60.015452
3.568800,60.015629
3.568900,60.015537
3.569000,60.015132
3.569100,60.015152
3.569200,60.014874
3.569300,60.014797
3.569400,60.015078
3.569500,60.015182
3.569600,60.015032
3.569700,60.015527
3.569800,60.015668
3.569900,60.015429
3.570000,60.015440
3.570100,60.014754
3.570200,60.015113
3.570300,60.015233
3.570400,60.015463
3.570500,60.015116
3.570600,60.014974
3.570700,60.015691
3.570800,60.015556
3.570900,60.015706
3.571000,60.015309
3.571100,60.015647
3.571200,60.015525
3.571300,60.015419
3.571400,60.015399
3.571500,60.014695
3.571600,60.015485
3.571700,60.015368
3.571800,60.015343
3.571900,60.015211
3.572000,60.016289
3.572100,60.015226
3.572200,60.015597
3.572300,60.015143
3.572400,60.014681
3.572500,60.014858
3.572600,60.014134
3.572700,60.015463
3.572800,60.016241
3.572900,60.016924
3.573000,60.015839
3.573100,60.015318
3.573200,60.014916
3.573300,60.013407
3.573400,60.013932
3.573500,60.011258
3.573600,60.013904
3.573700,60.012789
3.573800,60.010191
3.573900,60.005713
3.574000,60.012389
3.574100,60.012627
3.574200,60.016487
3.574300,60.015728
3.574400,60.015989
3.574500,60.002510
3.574600,59.986903
3.574700,59.986930
3.574800,59.973142
3.574900,59.975360
3.575000,59.990239
3.575100,59.977841
3.575200,59.960445
3.575300,59.954602
3.575400,59.959870
3.575500,59.965360
3.575600,59.969943
3.575700,59.970050
3.575800,59.969615
3.575900,59.969404
3.576000,59.969813
3.576100,59.970586
3.576200,59.972031
3.576300,59.972739
3.576400,59.972989
3.576500,59.972862
3.576600,59.973224
3.576700,59.973336
3.576800,59.972261
3.576900,59.971882
3.577000,59.971901
3.577100,59.972144
3.577200,59.972341
3.577300,59.972462
3.577400,59.972357
3.577500,59.971959
3.577600,59.972074
3.577700,59.971846
3.577800,59.972376
3.577900,59.971997
3.578000,59.972108
3.578100,59.972107
3.578200,59.971784
3.578300,59.971906
3.578400,59.972078
3.578500,59.971994
3.578600,59.971906
3.578700,59.972022
3.578800,59.972102
3.578900,59.971794
3.579000,59.972359
3.579100,59.972287
3.579200,59.971976
3.579300,59.971876
3.579400,59.972265
3.579500,59.972224
3.579600,59.972779
3.579700,59.972104
3.579800,59.972115
3.579900,59.971969
3.580000,59.972032
3.580100,59.971931
3.580200,59.972242
3.580300,59.972272
3.580400,59.972674
3.580500,59.972666
3.580600,59.972002
3.580700,59.971726
3.580800,59.971825
3.580900,59.972845
3.581000,59.971497
3.581100,59.973025
3.581200,59.972976
3.581300,59.970883
3.581400,59.970230
3.581500,59.970673
3.581600,59.970003
3.581700,59.971362
3.581800,59.971241
3.581900,59.972578
3.582000,59.972798
3.582100,59.969714
3.582200,59.968739
3.582300,59.974578
3.582400,59.975760
3.582500,59.977620
3.582600,59.981331
3.582700,59.976607
3.582800,59.983541
3.582900,59.978818
3.583000,59.975546
3.583100,59.991545
3.583200,60.005052
3.583300,60.023092
3.583400,60.034418
3.583500,60.019588
3.583600,60.031958
3.583700,60.038480
3.583800,60.033541
3.583900,60.035184
3.584000,60.032422
3.584100,60.032038
3.584200,60.031942
3.584300,60.032135
3.584400,60.031429
3.584500,60.032147
3.584600,60.031320
3.584700,60.031205
3.584800,60.030861
3.584900,60.031077
3.585000,60.030876
3.585100,60.030449
3.585200,60.030188
3.585300,60.029818
3.585400,60.029681
3.585500,60.030383
3.585600,60.029808
3.585700,60.030030
3.585800,60.030508
3.585900,60.030648
3.586000,60.030579
3.586100,60.030248
3.586200,60.030182
3.586300,60.030501
3.586400,60.030877
3.586500,60.030610
3.586600,60.030901
3.586700,60.031076
3.586800,60.030855
3.586900,60.030677
3.587000,60.030572
3.587100,60.030280
3.587200,60.030414
3.587300,60.030659
3.587400,60.031104
3.587500,60.030577
3.587600,60.030647
3.587700,60.031072
3.587800,60.030794
3.587900,60.031168
3.588000,60.030790
3.588100,60.030121
3.588200,60.030274
3.588300,60.030299
3.588400,60.030276
3.588500,60.030776
3.588600,60.030726
3.588700,60.031042
3.588800,60.031247
3.588900,60.031596
3.589000,60.031706
3.589100,60.031758
3.589200,60.032018
3.589300,60.031589
3.589400,60.030618
3.589500,60.030487
3.589600,60.031472
3.589700,60.030396
3.589800,60.029988
3.589900,60.029656
3.590000,60.031116
3.590100,60.030869
3.590200,60.032485
3.590300,60.028815
3.590400,60.029628
3.590500,60.025712
3.590600,60.027406
3.590700,60.027172
3.590800,60.033445
3.590900,60.040418
3.591000,60.032260
3.591100,60.042452
3.591200,60.028919
3.591300,60.046151
3.591400,60.037535
3.591500,60.040139
3.591600,60.060101
3.591700,60.082051
3.591800,60.059671
3.591900,60.042733
3.592000,60.042675
3.592100,60.046359
3.592200,60.043618
3.592300,60.046306
3.592400,60.046404
3.592500,60.046578
3.592600,60.045848
3.592700,60.046780
3.592800,60.046310
3.592900,60.045243
3.593000,60.045649
3.593100,60.044997
3.593200,60.044630
3.593300,60.045134
3.593400,60.045085
3.593500,60.045783
3.593600,60.045241
3.593700,60.045266
3.593800,60.045611
3.593900,60.044958
3.594000,60.045154
3.594100,60.044567
3.594200,60.044797
3.594300,60.044999
3.594400,60.045532
3.594500,60.045151
3.594600,60.045053
3.594700,60.044783
3.594800,60.045054
3.594900,60.045079
3.595000,60.044682
3.595100,60.044801
3.595200,60.045223
3.595300,60.045209
3.595400,60.045155
3.595500,60.045350
3.595600,60.045000
3.595700,60.044814
3.595800,60.045278
3.595900,60.045139
3.596000,60.045124
3.596100,60.044965
3.596200,60.045717
3.596300,60.045646
3.596400,60.045176
3.596500,60.045004
3.596600,60.045711
3.596700,60.045631
3.596800,60.045161
3.596900,60.044953
3.597000,60.044823
3.597100,60.045026
3.597200,60.045536
3.597300,60.044795
3.597400,60.045155
3.597500,60.043869
3.597600,60.044632
3.597700,60.042792
3.597800,60.044977
3.597900,60.045023
3.598000,60.043355
3.598100,60.045817
3.598200,60.043623
3.598300,60.044659
3.598400,60.042396
3.598500,60.042809
3.598600,60.042674
3.598700,60.045651
3.598800,60.041630
3.598900,60.041478
3.599000,60.035105
3.599100,60.039338
3.599200,60.037819
3.599300,60.039456
3.599400,60.047320
3.599500,60.034192
3.599600,60.034187
3.599700,60.019333
3.599800,60.021733
3.599900,60.015853
3.600000,60.017217
3.600100,60.006837
3.600200,59.990157
3.600300,59.990638
3.600400,59.979076
3.600500,59.983201
3.600600,59.984212
3.600700,59.985742
3.600800,59.985132
3.600900,59.984798
3.601000,59.985750
3.601100,59.986033
3.601200,59.986101
3.601300,59.986803
3.601400,59.988143
3.601500,59.987874
3.601600,59.986566
3.601700,59.986890
3.601800,59.986062
3.601900,59.986816
3.602000,59.986199
3.602100,59.986080
3.602200,59.986063
3.602300,59.985729
3.602400,59.985598
3.602500,59.985603
3.602600,59.985856
3.602700,59.985919
3.602800,59.986243
3.602900,59.986089
3.603000,59.985954
3.603100,59.985790
3.603200,59.985714
3.603300,59.986010
3.603400,59.986034
3.603500,59.985859
3.603600,59.986182
3.603700,59.986012
3.603800,59.985929
3.603900,59.985663
3.604000,59.985880
3.604100,59.986014
3.604200,59.985775
3.604300,59.985317
3.604400,59.985680
3.604500,59.985907
3.604600,59.985821
3.604700,59.986285
3.604800,59.986297
3.604900,59.985712
3.605000,59.985665
3.605100,59.985667
3.605200,59.985660
3.605300,59.985666
3.605400,59.985668
3.605500,59.985708
3.605600,59.985708
3.605700,59.985734
3.605800,59.985754
3.605900,59.985772
3.606000,59.985769
3.606100,59.985795
3.606200,59.985770
3.606300,59.985744
3.606400,59.985765
3.606500,59.985736
3.606600,59.985637
3.606700,59.985636
3.606800,59.985660
3.606900,59.985623
3.607000,59.985555
3.607100,59.985573
3.607200,59.985556
3.607300,59.985490
3.607400,59.985571
3.607500,59.985550
3.607600,59.985511
3.607700,59.985671
3.607800,59.985663
3.607900,59.985541
3.608000,59.985770
3.608100,59.985852
3.608200,59.985833
3.608300,59.986027
3.608400,59.985930
3.608500,59.985605
3.608600,59.985640
3.608700,59.985840
3.608800,59.985818
3.608900,59.985827
3.609000,59.985685
3.609100,59.985587
3.609200,59.985705
3.609300,59.985649
3.609400,59.985702
3.609500,59.985860
3.609600,59.986031
3.609700,59.986079
3.609800,59.986096
3.609900,59.986083
3.610000,59.985992
3.610100,59.986112
3.610200,59.986138
3.610300,59.986087
3.610400,59.986077
3.610500,59.986083
3.610600,59.986023
3.610700,59.986006
3.610800,59.986015
3.610900,59.986012
3.611000,59.986000
3.611100,59.986018
3.611200,59.986019
3.611300,59.986008
3.611400,59.985977
3.611500,59.985952
3.611600,59.985927
3.611700,59.985871
3.611800,59.985892
3.611900,59.985936
3.612000,59.985923
3.612100,59.985920
3.612200,59.986006
3.612300,59.985987
3.612400,59.985906
3.612500,59.985911
3.612600,59.985847
3.612700,59.985696
3.612800,59.985732
3.612900,59.985824
3.613000,59.985864
3.613100,59.985855
3.613200,59.985923
3.613300,59.985914
3.613400,59.985991
3.613500,59.986057
3.613600,59.986038
3.613700,59.986031
3.613800,59.985871
3.613900,59.985758
3.614000,59.985668
3.614100,59.985719
3.614200,59.985906
3.614300,59.985878
3.614400,59.985949
3.614500,59.985449
3.614600,59.985620
3.614700,59.985785
3.614800,59.985992
3.614900,59.985815
3.615000,59.985518
3.615100,59.985846
3.615200,59.985871
3.615300,59.985875
3.615400,59.985321
3.615500,59.985441
3.615600,59.985001
3.615700,59.985085
3.615800,59.984209
3.615900,59.984101
3.616000,59.984326
3.616100,59.983904
3.616200,59.984106
3.616300,59.982844
3.616400,59.982436
3.616500,59.981722
3.616600,59.982105
3.616700,59.982123
3.616800,59.982742
3.616900,59.983087
3.617000,59.983345
3.617100,59.983560
3.617200,59.984771
3.617300,59.983028
3.617400,59.982249
3.617500,59.981707
3.617600,59.980664
3.617700,59.980581
3.617800,59.980707
3.617900,59.980914
3.618000,59.981514
3.618100,59.981574
3.618200,59.981636
3.618300,59.981621
3.618400,59.981805
3.618500,59.981712
3.618600,59.981561
3.618700,59.981648
3.618800,59.981670
3.618900,59.981666
3.619000,59.981658
3.619100,59.981750
3.619200,59.981742
3.619300,59.981799
3.619400,59.981843
3.619500,59.981963
3.619600,59.981794
3.619700,59.981672
3.619800,59.981451
3.619900,59.981770
3.620000,59.981449
3.620100,59.982067
3.620200,59.982428
3.620300,59.982212
3.620400,59.981536
3.620500,59.981649
3.620600,59.981618
3.620700,59.981339
3.620800,59.981158
3.620900,59.981267
3.621000,59.981424
3.621100,59.981454
3.621200,59.981617
3.621300,59.981417
3.621400,59.981640
3.621500,59.981414
3.621600,59.981522
3.621700,59.981590
3.621800,59.981324
3.621900,59.981522
3.622000,59.981787
3.622100,59.982260
3.622200,59.981819
3.622300,59.981510
3.622400,59.981315
3.622500,59.981304
3.622600,59.981370
3.622700,59.981275
3.622800,59.981176
3.622900,59.981690
3.623000,59.981652
3.623100,59.982116
3.623200,59.982521
3.623300,59.981918
3.623400,59.981493
3.623500,59.982397
3.623600,59.982866
3.623700,59.982312
3.623800,59.983126
3.623900,59.981261
3.624000,59.982895
3.624100,59.983081
3.624200,59.983609
3.624300,59.983560
3.624400,59.982944
3.624500,59.983010
3.624600,59.983156
3.624700,59.981299
3.624800,59.978491
3.624900,59.979801
3.625000,59.979444
3.625100,59.979366
3.625200,59.978393
3.625300,59.977666
3.625400,59.976688
3.625500,59.979711
3.625600,59.981110
3.625700,59.981197
3.625800,59.980763
3.625900,59.980635
3.626000,59.980048
3.626100,59.979781
3.626200,59.978846
3.626300,59.978328
3.626400,59.977638
3.626500,59.978384
3.626600,59.978751
3.626700,59.979082
3.626800,59.979051
3.626900,59.979048
3.627000,59.979110
3.627100,59.979199
3.627200,59.979289
3.627300,59.979043
3.627400,59.979125
3.627500,59.979487
3.627600,59.979369
3.627700,59.979539
3.627800,59.979130
3.627900,59.978968
3.628000,59.978438
3.628100,59.978418
3.628200,59.978264
3.628300,59.977894
3.628400,59.978290
3.628500,59.978270
3.628600,59.978264
3.628700,59.978188
3.628800,59.978057
3.628900,59.978398
3.629000,59.978959
3.629100,59.979097
3.629200,59.979086
3.629300,59.978966
3.629400,59.979304
3.629500,59.979304
3.629600,59.979192
3.629700,59.979549
3.629800,59.979517
3.629900,59.979174
3.630000,59.978686
3.630100,59.979611
3.630200,59.979588
3.630300,59.979274
3.630400,59.979003
3.630500,59.978036
3.630600,59.978677
3.630700,59.978514
3.630800,59.978547
3.630900,59.978835
3.631000,59.978309
3.631100,59.979417
3.631200,59.979393
3.631300,59.978908
3.631400,59.978971
3.631500,59.979091
3.631600,59.979953
3.631700,59.979865
3.631800,59.979647
3.631900,59.981669
3.632000,59.982915
3.632100,59.982364
3.632200,59.983342
3.632300,59.981504
3.632400,59.981213
3.632500,59.979941
3.632600,59.979355
3.632700,59.981377
3.632800,59.981746
3.632900,59.981718
3.633000,59.981826
3.633100,59.981917
3.633200,59.982022
3.633300,59.982026
3.633400,59.982043
3.633500,59.981956
3.633600,59.982033
3.633700,59.982074
3.633800,59.982142
3.633900,59.982089
3.634000,59.982002
3.634100,59.982219
3.634200,59.982271
3.634300,59.982342
3.634400,59.982096
3.634500,59.982183
3.634600,59.982352
3.634700,59.982736
3.634800,59.982408
3.634900,59.982389
3.635000,59.981974
3.635100,59.982125
3.635200,59.982221
3.635300,59.982500
3.635400,59.982630
3.635500,59.982622
3.635600,59.982666
3.635700,59.982714
3.635800,59.982868
3.635900,59.982885
3.636000,59.982890
3.636100,59.982836
3.636200,59.983052
3.636300,59.983128
3.636400,59.983301
3.636500,59.983299
3.636600,59.983269
3.636700,59.983323
3.636800,59.983259
3.636900,59.983246
3.637000,59.983262
3.637100,59.983239
3.637200,59.983230
3.637300,59.983224
3.637400,59.983219
3.637500,59.983211
3.637600,59.983191
3.637700,59.983177
3.637800,59.983158
3.637900,59.983215
3.638000,59.983176
3.638100,59.983219
3.638200,59.983147
3.638300,59.983277
3.638400,59.983220
3.638500,59.983167
3.638600,59.983284
3.638700,59.983267
3.638800,59.983257
3.638900,59.983183
3.639000,59.983310
3.639100,59.983389
3.639200,59.983444
3.639300,59.983407
3.639400,59.983503
3.639500,59.983346
3.639600,59.983370
3.639700,59.983363
3.639800,59.983232
3.639900,59.983295
3.640000,59.983161
3.640100,59.982900
3.640200,59.983239
3.640300,59.983166
3.640400,59.983372
3.640500,59.983814
3.640600,59.984056
3.640700,59.983974
3.640800,59.984049
3.640900,59.983850
3.641000,59.983827
3.641100,59.983995
3.641200,59.984431
3.641300,59.984584
3.641400,59.984803
3.641500,59.985406
3.641600,59.985514
3.641700,59.985444
3.641800,59.985856
3.641900,59.985908
3.642000,59.985730
3.642100,59.985762
3.642200,59.985866
3.642300,59.985478
3.642400,59.986139
3.642500,59.985549
3.642600,59.986175
3.642700,59.986869
3.642800,59.986317
3.642900,59.986696
3.643000,59.987172
3.643100,59.987552
3.643200,59.987307
3.643300,59.987470
3.643400,59.986954
3.643500,59.986868
3.643600,59.986611
3.643700,59.986650
3.643800,59.986526
3.643900,59.986451
3.644000,59.986523
3.644100,59.986588
3.644200,59.986542
3.644300,59.986535
3.644400,59.986519
3.644500,59.986448
3.644600,59.986438
3.644700,59.986420
3.644800,59.986349
3.644900,59.986398
3.645000,59.986421
3.645100,59.986269
3.645200,59.986191
3.645300,59.986253
3.645400,59.986207
3.645500,59.986188
3.645600,59.986362
3.645700,59.986353
3.645800,59.986383
3.645900,59.986326
3.646000,59.986367
3.646100,59.986310
3.646200,59.986333
3.646300,59.986652
3.646400,59.986406
3.646500,59.986203
3.646600,59.986565
3.646700,59.986958
3.646800,59.986892
3.646900,59.986787
3.647000,59.986642
3.647100,59.986556
3.647200,59.986231
3.647300,59.986056
3.647400,59.986424
3.647500,59.986139
3.647600,59.986638
3.647700,59.986614
3.647800,59.986961
3.647900,59.987281
3.648000,59.986780
3.648100,59.986898
3.648200,59.986575
3.648300,59.987957
3.648400,59.987784
3.648500,59.987545
3.648600,59.987934
3.648700,59.988172
3.648800,59.987921
3.648900,59.989016
3.649000,59.989054
3.649100,59.988378
3.649200,59.988515
3.649300,59.987686
3.649400,59.988467
3.649500,59.988683
3.649600,59.988485
3.649700,59.988831
3.649800,59.988523
3.649900,59.989334
3.650000,59.989245
3.650100,59.989794
3.650200,59.989477
3.650300,59.989431
3.650400,59.991080
3.650500,59.991302
3.650600,59.992096
3.650700,59.992088
3.650800,59.992197
3.650900,59.992114
3.651000,59.992925
3.651100,59.993216
3.651200,59.992442
3.651300,59.993197
3.651400,59.993584
3.651500,59.993911
3.651600,59.994168
3.651700,59.993778
3.651800,59.993576
3.651900,59.993240
3.652000,59.993305
3.652100,59.993191
3.652200,59.993171
3.652300,59.993165
3.652400,59.993159
3.652500,59.993162
3.652600,59.993307
3.652700,59.993395
3.652800,59.993303
3.652900,59.993200
3.653000,59.993153
3.653100,59.993298
3.653200,59.993352
3.653300,59.993162
3.653400,59.993060
3.653500,59.993127
3.653600,59.992987
3.653700,59.992704
3.653800,59.992785
3.653900,59.992424
3.654000,59.992191
3.654100,59.992342
3.654200,59.992058
3.654300,59.992304
3.654400,59.992331
3.654500,59.992440
3.654600,59.993035
3.654700,59.992598
3.654800,59.992861
3.654900,59.992673
3.655000,59.992817
3.655100,59.992806
3.655200,59.992923
3.655300,59.992828
3.655400,59.993277
3.655500,59.993135
3.655600,59.993664
3.655700,59.993923
3.655800,59.994214
3.655900,59.994645
3.656000,59.995021
3.656100,59.995816
3.656200,59.996580
3.656300,59.996128
3.656400,59.996196
3.656500,59.995650
3.656600,59.996317
3.656700,59.995995
3.656800,59.996011
3.656900,59.995306
3.657000,59.992755
3.657100,59.993828
3.657200,59.991891
3.657300,59.991582
3.657400,59.991447
3.657500,59.991900
3.657600,59.994703
3.657700,59.994984
3.657800,59.995727
3.657900,59.996410
3.658000,59.996182
3.658100,59.998926
3.658200,59.999534
3.658300,59.998413
3.658400,59.997722
3.658500,59.998110
3.658600,59.996194
3.658700,59.999373
3.658800,60.000150
3.658900,59.999771
3.659000,60.000711
3.659100,60.001556
3.659200,59.998851
3.659300,59.998872
3.659400,59.998324
3.659500,59.999225
3.659600,60.000265
3.659700,59.999217
3.659800,59.999371
3.659900,59.999037
3.660000,59.999129
3.660100,59.998865
3.660200,59.998825
3.660300,59.998816
3.660400,59.998672
3.660500,59.998673
3.660600,59.998675
3.660700,59.998767
3.660800,59.998795
3.660900,59.998996
3.661000,59.998316
3.661100,59.998201
3.661200,59.998907
3.661300,59.999110
3.661400,59.998916
3.661500,59.998287
3.661600,59.998684
3.661700,59.998661
3.661800,59.998799
3.661900,59.998842
3.662000,59.999004
3.662100,59.999227
3.662200,59.999535
3.662300,59.998896
3.662400,59.998794
3.662500,59.998741
3.662600,59.998469
3.662700,59.999017
3.662800,59.999122
3.662900,59.999167
3.663000,59.998686
3.663100,59.998573
3.663200,59.998408
3.663300,59.998525
3.663400,59.998637
3.663500,59.998854
3.663600,59.998455
3.663700,59.998227
3.663800,59.998494
3.663900,59.998264
3.664000,59.999026
3.664100,59.998504
3.664200,59.999002
3.664300,59.999030
3.664400,59.999671
3.664500,59.999776
3.664600,59.999438
3.664700,59.999214
3.664800,59.998508
3.664900,59.997476
3.665000,59.998617
3.665100,59.999934
3.665200,59.998430
3.665300,59.996917
3.665400,59.997122
3.665500,60.000258
3.665600,60.002012
3.665700,60.003038
3.665800,60.001015
3.665900,59.997275
3.666000,59.998416
3.666100,60.000168
3.666200,59.999653
3.666300,59.999331
3.666400,59.996303
3.666500,59.995452
3.666600,59.994114
3.666700,59.992678
3.666800,59.994151
3.666900,59.995263
3.667000,59.994208
3.667100,59.994231
3.667200,59.996289
3.667300,59.994648
3.667400,59.994078
3.667500,59.993749
3.667600,59.994148
3.667700,59.993700
3.667800,59.994198
3.667900,59.993936
3.668000,59.994213
3.668100,59.993826
3.668200,59.993733
3.668300,59.993739
3.668400,59.993639
3.668500,59.993508
3.668600,59.993335
3.668700,59.993258
3.668800,59.992957
3.668900,59.992326
3.669000,59.992759
3.669100,59.993222
3.669200,59.993498
3.669300,59.993449
3.669400,59.993151
3.669500,59.993963
3.669600,59.994119
3.669700,59.994179
3.669800,59.994095
3.669900,59.994195
3.670000,59.993829
3.670100,59.994186
3.670200,59.994059
3.670300,59.994661
3.670400,59.993708
3.670500,59.993689
3.670600,59.993947
3.670700,59.993649
3.670800,59.994192
3.670900,59.994115
3.671000,59.994154
3.671100,59.994131
3.671200,59.994502
3.671300,59.993924
3.671400,59.994742
3.671500,59.994922
3.671600,59.994642
3.671700,59.994376
3.671800,59.994482
3.671900,59.995232
3.672000,59.995091
3.672100,59.994424
3.672200,59.994310
3.672300,59.994654
3.672400,59.994285
3.672500,59.995043
3.672600,59.995041
3.672700,59.993690
3.672800,59.994913
3.672900,59.994640
3.673000,59.994253
3.673100,59.996212
3.673200,59.995020
3.673300,59.995028
3.673400,59.994744
3.673500,59.992320
3.673600,59.991687
3.673700,59.993007
3.673800,59.992492
3.673900,59.994839
3.674000,59.997190
3.674100,59.996498
3.674200,59.997610
3.674300,59.996513
3.674400,59.996921
3.674500,59.996179
3.674600,59.993384
3.674700,59.991830
3.674800,59.991493
3.674900,59.991166
3.675000,59.995190
3.675100,59.994074
3.675200,59.988757
3.675300,59.989847
3.675400,59.988004
3.675500,59.989597
3.675600,59.985652
3.675700,59.987330
3.675800,59.986845
3.675900,59.985520
3.676000,59.985385
3.676100,59.986341
3.676200,59.986678
3.676300,59.986315
3.676400,59.986298
3.676500,59.986201
3.676600,59.985774
3.676700,59.986141
3.676800,59.986290
3.676900,59.986005
3.677000,59.986273
3.677100,59.985800
3.677200,59.985941
3.677300,59.986271
3.677400,59.986101
3.677500,59.986201
3.677600,59.986017
3.677700,59.985889
3.677800,59.985513
3.677900,59.985736
3.678000,59.986094
3.678100,59.985781
3.678200,59.985808
3.678300,59.985669
3.678400,59.986180
3.678500,59.985996
3.678600,59.986336
3.678700,59.986226
3.678800,59.985622
3.678900,59.985947
3.679000,59.986103
3.679100,59.986555
3.679200,59.986648
3.679300,59.987274
3.679400,59.987341
3.679500,59.986902
3.679600,59.986843
3.679700,59.986349
3.679800,59.986798
3.679900,59.986872
3.680000,59.986906
3.680100,59.986788
3.680200,59.986845
3.680300,59.986790
3.680400,59.987114
3.680500,59.986849
3.680600,59.985282
3.680700,59.984975
3.680800,59.985207
3.680900,59.986922
3.681000,59.987110
3.681100,59.986708
3.681200,59.986655
3.681300,59.987010
3.681400,59.987984
3.681500,59.989725
3.681600,59.990128
3.681700,59.989502
3.681800,59.986829
3.681900,59.985860
3.682000,59.986745
3.682100,59.989020
3.682200,59.988004
3.682300,59.987275
3.682400,59.987763
3.682500,59.990297
3.682600,59.991702
3.682700,59.997676
3.682800,60.001820
3.682900,60.005533
3.683000,60.004249
3.683100,60.010709
3.683200,60.028366
3.683300,60.025762
3.683400,60.025938
3.683500,60.028151
3.683600,60.033512
3.683700,60.021759
3.683800,60.025433
3.683900,60.028529
3.684000,60.029345
3.684100,60.028613
3.684200,60.028087
3.684300,60.027059
3.684400,60.027504
3.684500,60.027544
3.684600,60.027424
3.684700,60.027658
3.684800,60.027673
3.684900,60.028078
3.685000,60.027978
3.685100,60.027854
3.685200,60.028279
3.685300,60.027745
3.685400,60.026659
3.685500,60.026866
3.685600,60.028038
3.685700,60.028780
3.685800,60.028916
3.685900,60.028751
3.686000,60.028100
3.686100,60.027785
3.686200,60.028305
3.686300,60.028535
3.686400,60.028514
3.686500,60.027962
3.686600,60.028002
3.686700,60.028308
3.686800,60.028017
3.686900,60.028188
3.687000,60.028093
3.687100,60.027837
3.687200,60.028041
3.687300,60.028141
3.687400,60.028168
3.687500,60.028291
3.687600,60.028332
3.687700,60.028819
3.687800,60.028900
3.687900,60.028113
3.688000,60.028463
3.688100,60.028615
3.688200,60.028666
3.688300,60.028541
3.688400,60.028466
3.688500,60.028451
3.688600,60.028971
3.688700,60.028413
3.688800,60.028041
3.688900,60.028895
3.689000,60.028678
3.689100,60.027910
3.689200,60.027786
3.689300,60.027781
3.689400,60.028040
3.689500,60.027637
3.689600,60.027121
3.689700,60.027017
3.689800,60.025989
3.689900,60.026908
3.690000,60.027628
3.690100,60.027565
3.690200,60.027520
3.690300,60.029144
3.690400,60.031571
3.690500,60.028263
3.690600,60.028173
3.690700,60.026683
3.690800,60.023013
3.690900,60.026824
3.691000,60.021099
3.691100,60.024557
3.691200,60.018170
3.691300,60.014583
3.691400,60.014890
3.691500,60.025618
3.691600,60.022171
3.691700,60.012149
3.691800,60.001591
3.691900,59.996517
3.692000,60.001132
3.692100,59.991901
3.692200,59.994557
3.692300,59.993815
3.692400,59.995179
3.692500,59.995764
3.692600,59.995710
3.692700,59.995709
3.692800,59.995043
3.692900,59.995259
3.693000,59.996631
3.693100,59.996424
3.693200,59.996062
3.693300,59.996262
3.693400,59.995811
3.693500,59.995776
3.693600,59.996569
3.693700,59.996393
3.693800,59.995899
3.693900,59.995674
3.694000,59.996726
3.694100,59.996474
3.694200,59.996134
3.694300,59.995829
3.694400,59.995827
3.694500,59.995914
3.694600,59.995907
3.694700,59.995505
3.694800,59.995552
3.694900,59.995675
3.695000,59.996080
3.695100,59.996055
3.695200,59.996309
3.695300,59.996403
3.695400,59.996701
3.695500,59.996797
3.695600,59.996329
3.695700,59.996680
3.695800,59.996681
3.695900,59.996295
3.696000,59.996709
3.696100,59.996947
3.696200,59.996060
3.696300,59.996071
3.696400,59.996428
3.696500,59.996146
3.696600,59.996423
3.696700,59.996318
3.696800,59.996927
3.696900,59.996923
3.697000,59.995714
3.697100,59.995334
3.697200,59.995474
3.697300,59.996026
3.697400,59.996922
3.697500,59.997523
3.697600,59.996991
3.697700,59.997919
3.697800,59.996484
3.697900,59.997093
3.698000,59.995884
3.698100,59.995642
3.698200,59.997695
3.698300,59.997049
3.698400,59.996544
3.698500,59.997657
3.698600,59.993919
3.698700,59.994131
3.698800,59.996306
3.698900,59.997347
3.699000,59.998015
3.699100,60.005226
3.699200,60.001130
3.699300,60.006123
3.699400,60.007510
3.699500,59.999085
3.699600,60.007323
3.699700,60.006472
3.699800,59.999804
3.699900,59.995000
3.700000,60.009952
3.700100,59.996932
3.700200,59.998509
3.700300,60.008310
3.700400,60.002848
3.700500,60.007145
3.700600,60.004774
3.700700,60.004033
3.700800,60.003669
3.700900,60.003632
3.701000,60.004011
3.701100,60.004114
3.701200,60.003744
3.701300,60.002363
3.701400,60.003226
3.701500,60.003273
3.701600,60.003518
3.701700,60.003354
3.701800,60.002481
3.701900,60.002313
3.702000,60.002088
3.702100,60.003006
3.702200,60.002473
3.702300,60.002558
3.702400,60.002518
3.702500,60.002716
3.702600,60.002847
3.702700,60.003240
3.702800,60.002780
3.702900,60.002906
3.703000,60.003246
3.703100,60.002656
3.703200,60.002359
3.703300,60.002833
3.703400,60.002690
3.703500,60.002674
3.703600,60.002514
3.703700,60.002807
3.703800,60.003402
3.703900,60.003447
3.704000,60.002876
3.704100,60.003138
3.704200,60.002817
3.704300,60.002117
3.704400,60.002253
3.704500,60.002383
3.704600,60.002877
3.704700,60.002472
3.704800,60.002677
3.704900,60.002685
3.705000,60.003400
3.705100,60.003146
3.705200,60.003663
3.705300,60.003260
3.705400,60.003439
3.705500,60.003399
3.705600,60.002999
3.705700,60.003046
3.705800,60.002272
3.705900,60.001274
3.706000,60.002214
3.706100,60.003242
3.706200,60.003247
3.706300,60.001831
3.706400,60.003078
3.706500,60.005094
3.706600,60.004708
3.706700,60.001318
3.706800,60.001711
3.706900,60.005836
3.707000,60.001237
3.707100,60.003978
3.707200,60.003037
3.707300,60.006788
3.707400,60.013225
3.707500,60.009427
3.707600,60.007326
3.707700,59.997649
3.707800,60.004263
3.707900,59.994521
3.708000,59.992010
3.708100,60.001491
3.708200,60.019054
3.708300,60.022577
3.708400,60.020354
3.708500,60.019396
3.708600,60.019733
3.708700,60.014226
3.708800,60.004970
3.708900,60.004374
3.709000,60.005908
3.709100,60.007275
3.709200,60.007268
3.709300,60.007688
3.709400,60.007949
3.709500,60.008035
3.709600,60.008212
3.709700,60.007254
3.709800,60.005889
3.709900,60.006816
3.710000,60.006994
3.710100,60.006816
3.710200,60.006595
3.710300,60.006887
3.710400,60.007664
3.710500,60.007051
3.710600,60.007445
3.710700,60.006972
3.710800,60.007099
3.710900,60.007323
3.711000,60.007108
3.711100,60.006832
3.711200,60.007493
3.711300,60.006986
3.711400,60.007089
3.711500,60.006894
3.711600,60.007027
3.711700,60.006976
3.711800,60.007033
3.711900,60.007333
3.712000,60.007023
3.712100,60.007127
3.712200,60.007027
3.712300,60.007110
3.712400,60.006508
3.712500,60.007094
3.712600,60.007258
3.712700,60.007173
3.712800,60.007493
3.712900,60.006836
3.713000,60.006400
3.713100,60.006934
3.713200,60.007307
3.713300,60.007550
3.713400,60.007993
3.713500,60.006889
3.713600,60.007421
3.713700,60.007363
3.713800,60.006629
3.713900,60.006982
3.714000,60.007369
3.714100,60.008509
3.714200,60.009024
3.714300,60.009030
3.714400,60.008632
3.714500,60.008020
3.714600,60.008173
3.714700,60.008384
3.714800,60.008959
3.714900,60.007222
3.715000,60.007205
3.715100,60.005220
3.715200,60.007092
3.715300,60.006541
3.715400,60.008819
3.715500,60.006618
3.715600,60.008293
3.715700,60.002747
3.715800,60.004147
3.715900,60.006370
3.716000,60.009395
3.716100,60.008186
3.716200,59.998053
3.716300,60.000246
3.716400,59.995268
3.716500,59.999767
3.716600,60.011267
3.716700,60.026769
3.716800,60.028631
3.716900,60.022077
3.717000,60.021505
3.717100,60.020406
3.717200,60.022660
3.717300,60.022877
3.717400,60.022579
3.717500,60.022646
3.717600,60.022720
3.717700,60.022573
3.717800,60.024023
3.717900,60.023989
3.718000,60.023133
3.718100,60.024173
3.718200,60.022879
3.718300,60.024066
3.718400,60.024054
3.718500,60.023698
3.718600,60.023297
3.718700,60.023878
3.718800,60.023727
3.718900,60.023309
3.719000,60.023718
3.719100,60.023235
3.719200,60.023597
3.719300,60.023607
3.719400,60.023873
3.719500,60.023700
3.719600,60.023640
3.719700,60.023570
3.719800,60.023460
3.719900,60.023464
3.720000,60.023260
3.720100,60.023513
3.720200,60.023881
3.720300,60.024021
3.720400,60.023775
3.720500,60.023734
3.720600,60.023539
3.720700,60.023395
3.720800,60.023601
3.720900,60.023937
3.721000,60.023527
3.721100,60.022965
3.721200,60.023609
3.721300,60.023811
3.721400,60.024022
3.721500,60.024351
3.721600,60.024056
3.721700,60.023950
3.721800,60.023968
3.721900,60.023446
3.722000,60.023998
3.722100,60.024101
3.722200,60.022890
3.722300,60.022721
3.722400,60.023900
3.722500,60.022822
3.722600,60.023080
3.722700,60.024271
3.722800,60.024546
3.722900,60.023649
3.723000,60.023862
3.723100,60.025306
3.723200,60.024561
3.723300,60.022453
3.723400,60.024748
3.723500,60.021557
3.723600,60.022005
3.723700,60.024993
3.723800,60.024838
3.723900,60.020833
3.724000,60.014337
3.724100,60.011653
3.724200,60.020639
3.724300,60.023075
3.724400,60.021837
3.724500,60.025072
3.724600,60.032092
3.724700,60.030377
3.724800,60.045619
3.724900,60.037026
3.725000,60.020045
3.725100,60.018451
3.725200,60.033616
3.725300,60.023722
3.725400,60.028876
3.725500,60.034223
3.725600,60.029423
3.725700,60.029609
3.725800,60.029468
3.725900,60.029445
3.726000,60.029729
3.726100,60.031391
3.726200,60.031083
3.726300,60.031237
3.726400,60.031367
3.726500,60.031246
3.726600,60.030857
3.726700,60.030944
3.726800,60.031350
3.726900,60.031054
3.727000,60.030571
3.727100,60.031403
3.727200,60.031613
3.727300,60.031524
3.727400,60.030765
3.727500,60.031197
3.727600,60.030646
3.727700,60.031056
3.727800,60.030793
3.727900,60.031067
3.728000,60.030873
3.728100,60.030818
3.728200,60.030616
3.728300,60.030480
3.728400,60.030541
3.728500,60.030371
3.728600,60.030767
3.728700,60.031037
3.728800,60.030957
3.728900,60.031069
3.729000,60.030546
3.729100,60.031117
3.729200,60.031107
3.729300,60.030929
3.729400,60.031305
3.729500,60.031246
3.729600,60.031032
3.729700,60.031150
3.729800,60.030201
3.729900,60.030878
3.730000,60.030682
3.730100,60.031290
3.730200,60.031144
3.730300,60.030973
3.730400,60.030814
3.730500,60.031546
3.730600,60.030701
3.730700,60.031007
3.730800,60.030809
3.730900,60.031328
3.731000,60.031649
3.731100,60.029749
3.731200,60.030267
3.731300,60.031302
3.731400,60.030368
3.731500,60.031141
3.731600,60.032514
3.731700,60.031209
3.731800,60.032774
3.731900,60.032037
3.732000,60.033030
3.732100,60.029207
3.732200,60.027205
3.732300,60.025832
3.732400,60.027772
3.732500,60.020661
3.732600,60.021306
3.732700,60.021943
3.732800,60.010232
3.732900,59.998102
3.733000,60.004495
3.733100,59.998300
3.733200,59.987036
3.733300,59.973451
3.733400,59.979229
3.733500,59.966768
3.733600,59.955998
3.733700,59.965511
3.733800,59.958546
3.733900,59.959138
3.734000,59.958821
3.734100,59.958317
3.734200,59.958485
3.734300,59.957883
3.734400,59.957111
3.734500,59.958624
3.734600,59.958231
3.734700,59.957337
3.734800,59.956815
3.734900,59.957103
3.735000,59.957378
3.735100,59.957241
3.735200,59.957315
3.735300,59.957718
3.735400,59.957680
3.735500,59.957853
3.735600,59.957928
3.735700,59.957404
3.735800,59.957621
3.735900,59.957181
3.736000,59.957428
3.736100,59.957668
3.736200,59.957551
3.736300,59.957523
3.736400,59.957063
3.736500,59.957089
3.736600,59.957502
3.736700,59.957388
3.736800,59.957341
3.736900,59.957350
3.737000,59.957191
3.737100,59.956904
3.737200,59.957283
3.737300,59.957021
3.737400,59.957291
3.737500,59.957206
3.737600,59.957411
3.737700,59.957033
3.737800,59.957210
3.737900,59.957425
3.738000,59.957582
3.738100,59.957208
3.738200,59.957628
3.738300,59.957603
3.738400,59.957202
3.738500,59.956977
3.738600,59.956200
3.738700,59.957468
3.738800,59.957717
3.738900,59.957839
3.739000,59.958018
3.739100,59.958470
3.739200,59.957146
3.739300,59.957166
3.739400,59.957782
3.739500,59.956638
3.739600,59.956774
3.739700,59.957706
3.739800,59.959805
3.739900,59.958152
3.740000,59.959264
3.740100,59.957627
3.740200,59.958823
3.740300,59.958660
3.740400,59.956878
3.740500,59.960009
3.740600,59.956313
3.740700,59.951632
3.740800,59.958044
3.740900,59.952838
3.741000,59.949243
3.741100,59.959874
3.741200,59.961616
3.741300,59.967440
3.741400,59.968261
3.741500,59.954126
3.741600,59.961871
3.741700,59.971344
3.741800,59.965520
3.741900,59.954102
3.742000,59.963621
3.742100,59.953440
3.742200,59.955431
3.742300,59.957206
3.742400,59.958339
3.742500,59.958373
3.742600,59.958830
3.742700,59.957393
3.742800,59.958762
3.742900,59.958473
3.743000,59.958584
3.743100,59.957990
3.743200,59.957727
3.743300,59.958021
3.743400,59.958292
3.743500,59.958840
3.743600,59.958313
3.743700,59.958011
3.743800,59.958163
3.743900,59.958423
3.744000,59.958740
3.744100,59.959478
3.744200,59.959129
3.744300,59.958811
3.744400,59.959048
3.744500,59.958952
3.744600,59.959055
3.744700,59.958900
3.744800,59.958714
3.744900,59.958935
3.745000,59.958546
3.745100,59.958228
3.745200,59.958751
3.745300,59.959308
3.745400,59.958927
3.745500,59.958714
3.745600,59.958732
3.745700,59.958628
3.745800,59.958319
3.745900,59.958683
3.746000,59.958339
3.746100,59.958528
3.746200,59.958348
3.746300,59.958961
3.746400,59.959033
3.746500,59.958771
3.746600,59.958851
3.746700,59.958520
3.746800,59.958977
3.746900,59.959507
3.747000,59.958508
3.747100,59.959401
3.747200,59.959681
3.747300,59.958425
3.747400,59.959068
3.747500,59.959388
3.747600,59.959265
3.747700,59.960435
3.747800,59.960028
3.747900,59.960357
3.748000,59.960290
3.748100,59.959753
3.748200,59.960803
3.748300,59.959939
3.748400,59.958897
3.748500,59.958157
3.748600,59.961274
3.748700,59.959378
3.748800,59.963247
3.748900,59.960212
3.749000,59.959392
3.749100,59.956349
3.749200,59.962904
3.749300,59.969266
3.749400,59.961771
3.749500,59.969681
3.749600,59.970617
3.749700,59.970361
3.749800,59.975093
3.749900,59.977216
3.750000,59.997819
3.750100,60.004237
3.750200,60.014575
3.750300,60.020949
3.750400,60.017931
3.750500,60.020669
3.750600,60.023845
3.750700,60.022297
3.750800,60.021906
3.750900,60.021966
3.751000,60.021735
3.751100,60.021571
3.751200,60.020709
3.751300,60.020415
3.751400,60.021452
3.751500,60.020949
3.751600,60.021315
3.751700,60.021000
3.751800,60.020926
3.751900,60.021810
3.752000,60.022397
3.752100,60.021674
3.752200,60.021322
3.752300,60.021889
3.752400,60.021477
3.752500,60.021600
3.752600,60.022199
3.752700,60.022029
3.752800,60.021570
3.752900,60.021914
3.753000,60.021707
3.753100,60.021809
3.753200,60.021790
3.753300,60.022051
3.753400,60.022188
3.753500,60.022077
3.753600,60.021967
3.753700,60.021769
3.753800,60.022047
3.753900,60.021749
3.754000,60.021908
3.754100,60.021780
3.754200,60.022027
3.754300,60.022076
3.754400,60.022434
3.754500,60.021694
3.754600,60.021743
3.754700,60.021447
3.754800,60.021764
3.754900,60.021711
3.755000,60.022136
3.755100,60.022620
3.755200,60.021557
3.755300,60.022853
3.755400,60.022845
3.755500,60.022404
3.755600,60.022498
3.755700,60.021966
3.755800,60.022188
3.755900,60.022262
3.756000,60.022426
3.756100,60.023559
3.756200,60.023399
3.756300,60.021305
3.756400,60.022457
3.756500,60.023257
3.756600,60.022891
3.756700,60.025525
3.756800,60.025936
3.756900,60.023482
3.757000,60.021461
3.757100,60.022568
3.757200,60.024242
3.757300,60.024673
3.757400,60.029078
3.757500,60.026578
3.757600,60.027678
3.757700,60.018168
3.757800,60.006475
3.757900,59.996564
3.758000,60.010627
3.758100,60.023006
3.758200,60.028457
3.758300,60.021751
3.758400,60.024561
3.758500,60.009173
3.758600,60.012309
3.758700,60.020164
3.758800,60.017217
3.758900,60.019899
3.759000,60.019065
3.759100,60.018962
3.759200,60.019014
3.759300,60.018412
3.759400,60.020012
3.759500,60.020515
3.759600,60.020349
3.759700,60.021679
3.759800,60.021939
3.759900,60.021446
3.760000,60.020564
3.760100,60.020939
3.760200,60.021020
3.760300,60.020770
3.760400,60.020092
3.760500,60.020648
3.760600,60.020211
3.760700,60.020267
3.760800,60.020390
3.760900,60.020330
3.761000,60.020614
3.761100,60.020324
3.761200,60.019910
3.761300,60.019986
3.761400,60.020529
3.761500,60.020237
3.761600,60.020337
3.761700,60.020499
3.761800,60.020342
3.761900,60.020543
3.762000,60.020489
3.762100,60.020200
3.762200,60.020331
3.762300,60.020703
3.762400,60.020706
3.762500,60.020342
3.762600,60.020661
3.762700,60.021006
3.762800,60.021011
3.762900,60.020306
3.763000,60.020137
3.763100,60.020799
3.763200,60.020733
3.763300,60.020611
3.763400,60.020063
3.763500,60.020314
3.763600,60.019841
3.763700,60.019794
3.763800,60.020286
3.763900,60.020536
3.764000,60.020721
3.764100,60.021177
3.764200,60.020466
3.764300,60.019672
3.764400,60.019329
3.764500,60.019558
3.764600,60.020698
3.764700,60.020280
3.764800,60.020087
3.764900,60.022877
3.765000,60.023272
3.765100,60.020355
3.765200,60.019479
3.765300,60.018100
3.765400,60.022403
3.765500,60.021157
3.765600,60.021885
3.765700,60.020269
3.765800,60.018167
3.765900,60.019674
3.766000,60.020645
3.766100,60.011476
3.766200,60.005341
3.766300,59.998185
3.766400,59.994902
3.766500,59.976932
3.766600,59.972586
3.766700,59.993635
3.766800,59.985239
3.766900,59.979484
3.767000,59.969297
3.767100,59.975227
3.767200,59.979375
3.767300,59.975501
3.767400,59.974965
3.767500,59.975029
3.767600,59.974680
3.767700,59.973492
3.767800,59.974434
3.767900,59.972672
3.768000,59.974006
3.768100,59.973117
3.768200,59.973495
3.768300,59.973478
3.768400,59.973730
3.768500,59.973553
3.768600,59.973970
3.768700,59.974244
3.768800,59.974609
3.768900,59.974133
3.769000,59.974228
3.769100,59.974508
3.769200,59.974335
3.769300,59.973922
3.769400,59.973874
3.769500,59.973627
3.769600,59.974155
3.769700,59.974456
3.769800,59.973979
3.769900,59.973856
3.770000,59.973868
3.770100,59.973683
3.770200,59.974247
3.770300,59.974247
3.770400,59.974189
3.770500,59.974047
3.770600,59.973759
3.770700,59.973945
3.770800,59.973748
3.770900,59.973744
3.771000,59.974469
3.771100,59.973844
3.771200,59.973749
3.771300,59.974170
3.771400,59.974276
3.771500,59.974576
3.771600,59.974367
3.771700,59.974467
3.771800,59.973917
3.771900,59.973857
3.772000,59.973842
3.772100,59.974207
3.772200,59.974352
3.772300,59.974414
3.772400,59.974261
3.772500,59.975212
3.772600,59.974279
3.772700,59.975474
3.772800,59.974994
3.772900,59.975139
3.773000,59.974516
3.773100,59.974827
3.773200,59.976192
3.773300,59.974053
3.773400,59.972592
3.773500,59.975354
3.773600,59.973558
3.773700,59.969962
3.773800,59.967379
3.773900,59.970331
3.774000,59.969656
3.774100,59.968781
3.774200,59.973141
3.774300,59.981549
3.774400,59.990612
3.774500,59.987466
3.774600,59.989770
3.774700,59.991061
3.774800,59.989158
3.774900,60.005998
3.775000,59.989732
3.775100,59.997636
3.775200,60.010637
3.775300,59.998409
3.775400,59.992588
3.775500,59.998352
3.775600,59.995905
3.775700,59.997123
3.775800,59.997088
3.775900,59.997058
3.776000,59.997727
3.776100,59.998607
3.776200,59.996782
3.776300,59.997798
3.776400,59.996718
3.776500,59.996602
3.776600,59.996864
3.776700,59.996878
3.776800,59.997005
3.776900,59.996084
3.777000,59.996756
3.777100,59.997006
3.777200,59.996707
3.777300,59.996563
3.777400,59.996793
3.777500,59.996149
3.777600,59.996518
3.777700,59.996602
3.777800,59.996656
3.777900,59.996300
3.778000,59.996781
3.778100,59.997003
3.778200,59.996792
3.778300,59.996741
3.778400,59.996687
3.778500,59.996788
3.778600,59.996616
3.778700,59.996523
3.778800,59.996806
3.778900,59.996267
3.779000,59.996600
3.779100,59.997054
3.779200,59.996840
3.779300,59.996735
3.779400,59.996542
3.779500,59.996708
3.779600,59.996822
3.779700,59.996399
3.779800,59.996845
3.779900,59.996933
3.780000,59.996669
3.780100,59.997023
3.780200,59.996849
3.780300,59.996558
3.780400,59.996417
3.780500,59.996784
3.780600,59.996396
3.780700,59.996589
3.780800,59.997055
3.780900,59.996455
3.781000,59.997235
3.781100,59.998934
3.781200,59.999551
3.781300,59.998064
3.781400,59.998042
3.781500,59.996770
3.781600,59.997494
3.781700,59.997410
3.781800,59.995863
3.781900,59.995133
3.782000,59.994257
3.782100,59.995684
3.782200,60.000978
3.782300,60.000191
3.782400,59.998672
3.782500,60.002862
3.782600,60.001111
3.782700,60.006498
3.782800,60.007735
3.782900,60.002318
3.783000,59.987332
3.783100,59.990838
3.783200,59.999964
3.783300,59.979902
3.783400,59.999503
3.783500,60.000996
3.783600,60.004591
3.783700,60.008090
3.783800,60.003315
3.783900,60.001298
3.784000,60.000600
3.784100,60.001126
3.784200,60.000869
3.784300,60.002041
3.784400,60.003654
3.784500,60.002292
3.784600,60.002410
3.784700,60.002053
3.784800,60.001639
3.784900,60.001454
3.785000,60.001110
3.785100,60.000761
3.785200,60.000837
3.785300,60.000439
3.785400,60.001233
3.785500,60.001161
3.785600,60.001555
3.785700,60.001620
3.785800,60.001708
3.785900,60.001513
3.786000,60.001645
3.786100,60.001400
3.786200,60.002041
3.786300,60.001750
3.786400,60.001624
3.786500,60.001615
3.786600,60.001607
3.786700,60.001373
3.786800,60.001466
3.786900,60.001354
3.787000,60.001894
3.787100,60.001411
3.787200,60.001068
3.787300,60.000640
3.787400,60.001204
3.787500,60.001076
3.787600,60.001772
3.787700,60.001133
3.787800,60.001125
3.787900,60.001433
3.788000,60.001756
3.788100,60.001835
3.788200,60.001427
3.788300,60.001455
3.788400,60.002016
3.788500,60.001661
3.788600,60.001593
3.788700,60.002079
3.788800,60.001639
3.788900,60.001326
3.789000,60.002177
3.789100,60.002575
3.789200,60.001419
3.789300,60.002025
3.789400,60.001288
3.789500,60.002235
3.789600,60.001331
3.789700,60.000568
3.789800,60.000856
3.789900,60.000692
3.790000,60.001757
3.790100,60.000353
3.790200,60.001742
3.790300,60.001613
3.790400,60.002499
3.790500,60.002291
3.790600,60.006248
3.790700,60.006090
3.790800,60.003787
3.790900,60.001453
3.791000,59.996385
3.791100,59.990792
3.791200,59.980983
3.791300,59.984391
3.791400,59.997082
3.791500,59.992346
3.791600,59.988414
3.791700,59.989659
3.791800,59.993678
3.791900,59.992136
3.792000,60.003739
3.792100,59.998568
3.792200,60.001617
3.792300,60.000265
3.792400,60.001998
3.792500,60.001741
3.792600,60.001221
3.792700,60.002498
3.792800,60.002723
3.792900,60.002777
3.793000,60.003852
3.793100,60.003252
3.793200,60.003421
3.793300,60.002905
3.793400,60.003715
3.793500,60.004803
3.793600,60.004058
3.793700,60.003912
3.793800,60.003793
3.793900,60.004011
3.794000,60.004216
3.794100,60.004121
3.794200,60.004411
3.794300,60.004737
3.794400,60.004493
3.794500,60.004259
3.794600,60.004227
3.794700,60.004782
3.794800,60.004283
3.794900,60.004347
3.795000,60.004479
3.795100,60.003922
3.795200,60.003889
3.795300,60.003848
3.795400,60.004165
3.795500,60.004354
3.795600,60.004279
3.795700,60.004548
3.795800,60.004369
3.795900,60.004788
3.796000,60.004084
3.796100,60.004133
3.796200,60.004367
3.796300,60.004302
3.796400,60.004312
3.796500,60.004289
3.796600,60.003786
3.796700,60.003746
3.796800,60.003803
3.796900,60.004758
3.797000,60.004570
3.797100,60.004470
3.797200,60.003880
3.797300,60.003597
3.797400,60.004168
3.797500,60.003591
3.797600,60.003426
3.797700,60.003922
3.797800,60.003453
3.797900,60.005425
3.798000,60.003332
3.798100,60.004974
3.798200,60.005101
3.798300,60.003309
3.798400,60.003699
3.798500,60.004135
3.798600,60.004870
3.798700,60.005130
3.798800,60.007551
3.798900,60.007709
3.799000,60.005341
3.799100,59.999854
3.799200,59.999826
3.799300,60.003967
3.799400,60.005250
3.799500,60.008969
3.799600,59.996413
3.799700,59.987753
3.799800,59.989706
3.799900,60.001256
3.800000,59.996832
3.800100,59.994034
3.800200,59.985897
3.800300,59.978857
3.800400,59.984223
3.800500,59.989816
3.800600,59.991357
3.800700,59.990796
3.800800,59.990979
3.800900,59.991352
3.801000,59.992570
3.801100,59.992191
3.801200,59.992969
3.801300,59.994772
3.801400,59.992965
3.801500,59.992478
3.801600,59.992639
3.801700,59.992495
3.801800,59.993122
3.801900,59.993963
3.802000,59.993324
3.802100,59.993450
3.802200,59.993385
3.802300,59.993121
3.802400,59.993105
3.802500,59.993246
3.802600,59.993574
3.802700,59.993130
3.802800,59.992977
3.802900,59.992730
3.803000,59.993062
3.803100,59.992592
3.803200,59.993183
3.803300,59.993006
3.803400,59.993304
3.803500,59.993067
3.803600,59.993195
3.803700,59.993067
3.803800,59.993044
3.803900,59.993107
3.804000,59.992762
3.804100,59.992732
3.804200,59.993180
3.804300,59.992873
3.804400,59.992501
3.804500,59.992879
3.804600,59.993301
3.804700,59.992796
3.804800,59.992824
3.804900,59.992960
3.805000,59.993295
3.805100,59.993831
3.805200,59.993125
3.805300,59.993474
3.805400,59.993094
3.805500,59.993143
3.805600,59.993738
3.805700,59.993247
3.805800,59.992297
3.805900,59.992757
3.806000,59.992402
3.806100,59.992858
3.806200,59.992677
3.806300,59.994688
3.806400,59.994406
3.806500,59.994934
3.806600,59.992702
3.806700,59.992481
3.806800,59.990660
3.806900,59.992386
3.807000,59.994847
3.807100,59.992391
3.807200,59.990877
3.807300,59.995382
3.807400,59.998447
3.807500,60.003008
3.807600,59.997988
3.807700,59.996241
3.807800,60.000706
3.807900,60.014050
3.808000,60.012294
3.808100,60.003342
3.808200,59.999108
3.808300,60.008583
3.808400,59.989615
3.808500,59.994198
3.808600,59.988578
3.808700,59.990033
3.808800,59.985381
3.808900,59.987282
3.809000,59.988333
3.809100,59.988486
3.809200,59.988135
3.809300,59.988177
3.809400,59.987911
3.809500,59.987654
3.809600,59.988984
3.809700,59.988552
3.809800,59.987852
3.809900,59.987639
3.810000,59.988028
3.810100,59.988544
3.810200,59.989276
3.810300,59.988588
3.810400,59.988720
3.810500,59.988453
3.810600,59.988828
3.810700,59.988986
3.810800,59.988619
3.810900,59.988438
3.811000,59.988161
3.811100,59.988555
3.811200,59.988325
3.811300,59.988195
3.811400,59.988459
3.811500,59.988343
3.811600,59.988511
3.811700,59.988257
3.811800,59.988150
3.811900,59.988504
3.812000,59.988358
3.812100,59.988031
3.812200,59.988334
3.812300,59.988233
3.812400,59.988754
3.812500,59.988776
3.812600,59.988642
3.812700,59.988915
3.812800,59.988136
3.812900,59.988782
3.813000,59.988576
3.813100,59.987963
3.813200,59.988808
3.813300,59.988806
3.813400,59.988256
3.813500,59.988377
3.813600,59.988830
3.813700,59.989299
3.813800,59.988536
3.813900,59.988939
3.814000,59.989537
3.814100,59.988219
3.814200,59.989048
3.814300,59.988347
3.814400,59.987331
3.814500,59.989237
3.814600,59.989616
3.814700,59.990193
3.814800,59.987879
3.814900,59.987791
3.815000,59.988637
3.815100,59.989323
3.815200,59.989185
3.815300,59.988099
3.815400,59.987306
3.815500,59.984124
3.815600,59.989753
3.815700,59.983798
3.815800,59.983818
3.815900,59.986159
3.816000,59.992828
3.816100,59.987407
3.816200,59.995772
3.816300,59.986063
3.816400,59.996997
3.816500,59.986211
3.816600,59.968528
3.816700,59.980512
3.816800,59.987080
3.816900,59.970144
3.817000,59.976985
3.817100,59.967345
3.817200,59.974893
3.817300,59.979231
3.817400,59.978720
3.817500,59.978615
3.817600,59.978880
3.817700,59.978682
3.817800,59.978457
3.817900,59.978475
3.818000,59.978421
3.818100,59.978938
3.818200,59.978522
3.818300,59.979909
3.818400,59.979360
3.818500,59.979682
3.818600,59.979167
3.818700,59.979091
3.818800,59.979937
3.818900,59.979175
3.819000,59.979563
3.819100,59.979360
3.819200,59.979100
3.819300,59.979440
3.819400,59.979284
3.819500,59.979653
3.819600,59.979727
3.819700,59.979701
3.819800,59.979481
3.819900,59.979188
3.820000,59.979311
3.820100,59.979162
3.820200,59.978942
3.820300,59.979304
3.820400,59.979516
3.820500,59.978836
3.820600,59.979300
3.820700,59.979237
3.820800,59.979463
3.820900,59.979588
3.821000,59.979083
3.821100,59.979173
3.821200,59.978514
3.821300,59.978863
3.821400,59.979538
3.821500,59.979333
3.821600,59.979006
3.821700,59.979010
3.821800,59.979584
3.821900,59.979406
3.822000,59.979782
3.822100,59.979451
3.822200,59.979337
3.822300,59.979538
3.822400,59.979603
3.822500,59.980794
3.822600,59.979976
3.822700,59.980632
3.822800,59.978826
3.822900,59.980324
3.823000,59.980175
3.823100,59.981589
3.823200,59.982387
3.823300,59.980543
3.823400,59.979400
3.823500,59.978077
3.823600,59.977889
3.823700,59.978483
3.823800,59.977051
3.823900,59.975746
3.824000,59.980528
3.824100,59.978596
3.824200,59.980607
3.824300,59.978139
3.824400,59.988384
3.824500,59.983325
3.824600,59.997495
3.824700,60.001404
3.824800,60.015041
3.824900,60.003178
3.825000,60.016789
3.825100,60.032334
3.825200,60.035649
3.825300,60.024119
3.825400,60.029020
3.825500,60.027715
3.825600,60.030239
3.825700,60.027816
3.825800,60.027726
3.825900,60.027444
3.826000,60.027358
3.826100,60.028793
3.826200,60.028322
3.826300,60.028213
3.826400,60.029930
3.826500,60.030478
3.826600,60.029221
3.826700,60.028106
3.826800,60.027472
3.826900,60.027607
3.827000,60.027594
3.827100,60.028049
3.827200,60.027295
3.827300,60.027799
3.827400,60.027211
3.827500,60.027847
3.827600,60.027849
3.827700,60.027919
3.827800,60.027691
3.827900,60.027674
3.828000,60.027805
3.828100,60.027811
3.828200,60.027632
3.828300,60.027861
3.828400,60.028291
3.828500,60.027908
3.828600,60.027958
3.828700,60.027802
3.828800,60.027742
3.828900,60.027812
3.829000,60.027697
3.829100,60.027735
3.829200,60.027499
3.829300,60.028191
3.829400,60.027802
3.829500,60.027957
3.829600,60.028065
3.829700,60.027734
3.829800,60.028040
3.829900,60.028483
3.830000,60.028172
3.830100,60.027908
3.830200,60.028102
3.830300,60.027851
3.830400,60.028343
3.830500,60.028481
3.830600,60.028319
3.830700,60.028542
3.830800,60.027998
3.830900,60.028403
3.831000,60.028299
3.831100,60.028301
3.831200,60.027872
3.831300,60.029339
3.831400,60.029108
3.831500,60.028255
3.831600,60.028255
3.831700,60.028975
3.831800,60.027617
3.831900,60.029122
3.832000,60.027818
3.832100,60.023224
3.832200,60.025650
3.832300,60.030593
3.832400,60.028264
3.832500,60.035037
3.832600,60.028259
3.832700,60.025883
3.832800,60.026409
3.832900,60.015423
3.833000,60.013231
3.833100,60.009918
3.833200,60.011475
3.833300,59.989250
3.833400,59.972394
3.833500,59.984046
3.833600,59.973298
3.833700,59.976414
3.833800,59.971245
3.833900,59.972491
3.834000,59.975473
3.834100,59.975639
3.834200,59.975629
3.834300,59.974559
3.834400,59.974287
3.834500,59.975887
3.834600,59.977309
3.834700,59.977543
3.834800,59.975994
3.834900,59.976388
3.835000,59.977340
3.835100,59.978087
3.835200,59.976972
3.835300,59.977131
3.835400,59.977410
3.835500,59.976844
3.835600,59.977135
3.835700,59.977027
3.835800,59.977032
3.835900,59.976897
3.836000,59.977258
3.836100,59.977452
3.836200,59.976773
3.836300,59.977006
3.836400,59.976927
3.836500,59.976908
3.836600,59.977114
3.836700,59.976667
3.836800,59.976919
3.836900,59.976931
3.837000,59.976771
3.837100,59.976775
3.837200,59.976646
3.837300,59.976598
3.837400,59.976849
3.837500,59.976829
3.837600,59.976640
3.837700,59.976369
3.837800,59.976460
3.837900,59.976636
3.838000,59.976888
3.838100,59.977252
3.838200,59.977024
3.838300,59.977954
3.838400,59.977012
3.838500,59.977233
3.838600,59.977213
3.838700,59.977119
3.838800,59.976997
3.838900,59.977474
3.839000,59.976938
3.839100,59.976692
3.839200,59.976375
3.839300,59.976470
3.839400,59.976855
3.839500,59.976876
3.839600,59.976510
3.839700,59.976741
3.839800,59.975471
3.839900,59.978140
3.840000,59.978140
3.840100,59.978709
3.840200,59.978210
3.840300,59.979387
3.840400,59.976925
3.840500,59.980841
3.840600,59.980599
3.840700,59.984189
3.840800,59.984831
3.840900,59.982751
3.841000,59.981707
3.841100,59.984743
3.841200,59.986442
3.841300,59.984765
3.841400,59.985987
3.841500,59.990130
3.841600,59.985677
3.841700,60.000386
3.841800,60.001832
3.841900,59.999831
3.842000,60.012406
3.842100,60.009827
3.842200,60.007233
3.842300,60.011231
3.842400,60.011801
3.842500,60.011821
3.842600,60.012261
3.842700,60.012691
3.842800,60.011465
3.842900,60.013183
3.843000,60.012877
3.843100,60.012367
3.843200,60.013234
3.843300,60.013098
3.843400,60.013862
3.843500,60.012733
3.843600,60.012367
3.843700,60.012622
3.843800,60.013044
3.843900,60.013041
3.844000,60.013005
3.844100,60.012808
3.844200,60.012626
3.844300,60.012331
3.844400,60.012832
3.844500,60.013249
3.844600,60.013466
3.844700,60.012794
3.844800,60.012902
3.844900,60.012898
3.845000,60.012940
3.845100,60.012916
3.845200,60.012576
3.845300,60.013123
3.845400,60.012914
3.845500,60.012800
3.845600,60.012714
3.845700,60.013247
3.845800,60.012744
3.845900,60.012728
3.846000,60.012407
3.846100,60.012821
3.846200,60.013628
3.846300,60.013150
3.846400,60.013102
3.846500,60.013332
3.846600,60.013187
3.846700,60.013173
3.846800,60.013283
3.846900,60.013276
3.847000,60.013697
3.847100,60.013521
3.847200,60.013480
3.847300,60.013223
3.847400,60.013526
3.847500,60.012909
3.847600,60.013052
3.847700,60.012640
3.847800,60.012836
3.847900,60.013766
3.848000,60.013513
3.848100,60.012837
3.848200,60.013481
3.848300,60.013425
3.848400,60.012805
3.848500,60.011439
3.848600,60.011227
3.848700,60.011084
3.848800,60.011929
3.848900,60.012008
3.849000,60.012610
3.849100,60.017288
3.849200,60.020396
3.849300,60.018528
3.849400,60.020324
3.849500,60.014029
3.849600,60.006403
3.849700,60.007642
3.849800,60.002391
3.849900,59.981173
3.850000,59.967284
3.850100,59.953361
3.850200,59.946216
3.850300,59.946053
3.850400,59.939611
3.850500,59.946065
3.850600,59.950347
3.850700,59.949605
3.850800,59.949937
3.850900,59.949452
3.851000,59.949013
3.851100,59.949569
3.851200,59.951115
3.851300,59.951570
3.851400,59.950865
3.851500,59.950853
3.851600,59.950477
3.851700,59.950626
3.851800,59.950497
3.851900,59.950424
3.852000,59.950909
3.852100,59.950589
3.852200,59.950816
3.852300,59.950921
3.852400,59.950521
3.852500,59.950259
3.852600,59.950834
3.852700,59.950461
3.852800,59.950569
3.852900,59.950482
3.853000,59.950237
3.853100,59.950453
3.853200,59.950328
3.853300,59.950271
3.853400,59.950273
3.853500,59.950751
3.853600,59.950431
3.853700,59.950570
3.853800,59.950699
3.853900,59.950541
3.854000,59.950386
3.854100,59.950796
3.854200,59.950543
3.854300,59.951042
3.854400,59.950504
3.854500,59.950154
3.854600,59.950001
3.854700,59.950807
3.854800,59.950828
3.854900,59.951005
3.855000,59.950399
3.855100,59.950932
3.855200,59.950693
3.855300,59.950254
3.855400,59.950444
3.855500,59.950944
3.855600,59.950144
3.855700,59.950433
3.855800,59.950188
3.855900,59.950957
3.856000,59.950963
3.856100,59.950307
3.856200,59.951655
3.856300,59.950576
3.856400,59.952759
3.856500,59.951395
3.856600,59.951805
3.856700,59.951763
3.856800,59.953637
3.856900,59.954000
3.857000,59.953136
3.857100,59.951635
3.857200,59.954545
3.857300,59.949629
3.857400,59.951202
3.857500,59.956053
3.857600,59.956893
3.857700,59.958886
3.857800,59.969556
3.857900,59.973557
3.858000,59.986635
3.858100,59.982669
3.858200,59.979890
3.858300,59.996210
3.858400,60.004045
3.858500,60.013597
3.858600,60.025677
3.858700,60.031091
3.858800,60.029518
3.858900,60.024796
3.859000,60.027228
3.859100,60.028251
3.859200,60.028215
3.859300,60.029113
3.859400,60.027337
3.859500,60.027449
3.859600,60.028193
3.859700,60.028342
3.859800,60.028225
3.859900,60.028455
3.860000,60.028522
3.860100,60.029135
3.860200,60.029096
3.860300,60.029812
3.860400,60.029723
3.860500,60.029938
3.860600,60.030418
3.860700,60.029880
3.860800,60.029888
3.860900,60.029475
3.861000,60.029674
3.861100,60.029853
3.861200,60.029696
3.861300,60.029786
3.861400,60.030046
3.861500,60.030408
3.861600,60.029762
3.861700,60.029530
3.861800,60.029275
3.861900,60.029380
3.862000,60.029698
3.862100,60.029631
3.862200,60.029700
3.862300,60.029981
3.862400,60.029696
3.862500,60.029531
3.862600,60.030189
3.862700,60.030009
3.862800,60.029281
3.862900,60.029572
3.863000,60.029736
3.863100,60.029675
3.863200,60.029939
3.863300,60.030447
3.863400,60.030331
3.863500,60.029842
3.863600,60.030106
3.863700,60.030838
3.863800,60.031048
3.863900,60.030300
3.864000,60.030226
3.864100,60.030773
3.864200,60.029603
3.864300,60.030267
3.864400,60.030551
3.864500,60.030661
3.864600,60.030636
3.864700,60.030449
3.864800,60.029402
3.864900,60.032135
3.865000,60.031029
3.865100,60.029593
3.865200,60.027091
3.865300,60.027185
3.865400,60.029284
3.865500,60.028914
3.865600,60.031547
3.865700,60.032333
3.865800,60.034577
3.865900,60.033319
3.866000,60.026297
3.866100,60.032788
3.866200,60.030937
3.866300,60.037709
3.866400,60.042436
3.866500,60.035293
3.866600,60.013881
3.866700,60.025073
3.866800,60.025163
3.866900,60.027947
3.867000,60.039588
3.867100,60.037664
3.867200,60.036115
3.867300,60.036459
3.867400,60.036275
3.867500,60.036162
3.867600,60.036054
3.867700,60.036742
3.867800,60.037578
3.867900,60.038354
3.868000,60.038792
3.868100,60.038135
3.868200,60.038476
3.868300,60.037183
3.868400,60.036242
3.868500,60.036906
3.868600,60.037898
3.868700,60.038294
3.868800,60.037971
3.868900,60.037523
3.869000,60.037588
3.869100,60.037813
3.869200,60.037561
3.869300,60.037487
3.869400,60.037692
3.869500,60.037731
3.869600,60.037814
3.869700,60.037631
3.869800,60.037665
3.869900,60.037240
3.870000,60.037834
3.870100,60.037669
3.870200,60.037748
3.870300,60.037697
3.870400,60.037446
3.870500,60.037745
3.870600,60.037807
3.870700,60.037383
3.870800,60.037441
3.870900,60.037885
3.871000,60.038214
3.871100,60.037794
3.871200,60.037852
3.871300,60.037617
3.871400,60.037514
3.871500,60.037533
3.871600,60.037976
3.871700,60.037766
3.871800,60.037363
3.871900,60.037686
3.872000,60.037028
3.872100,60.037570
3.872200,60.038018
3.872300,60.037638
3.872400,60.037710
3.872500,60.037211
3.872600,60.037729
3.872700,60.037178
3.872800,60.038486
3.872900,60.039958
3.873000,60.039305
3.873100,60.039414
3.873200,60.039821
3.873300,60.039092
3.873400,60.036216
3.873500,60.039825
3.873600,60.041201
3.873700,60.040210
3.873800,60.039655
3.873900,60.039038
3.874000,60.035247
3.874100,60.042222
3.874200,60.034929
3.874300,60.029426
3.874400,60.028828
3.874500,60.031439
3.874600,60.044799
3.874700,60.027304
3.874800,60.013991
3.874900,60.006558
3.875000,60.005618
3.875100,59.985004
3.875200,59.973263
3.875300,59.965043
3.875400,59.967293
3.875500,59.966404
3.875600,59.968508
3.875700,59.967016
3.875800,59.967402
3.875900,59.966836
3.876000,59.967364
3.876100,59.966340
3.876200,59.966398
3.876300,59.966600
3.876400,59.965746
3.876500,59.966531
3.876600,59.967279
3.876700,59.966924
3.876800,59.967189
3.876900,59.966686
3.877000,59.967255
3.877100,59.967347
3.877200,59.967291
3.877300,59.967229
3.877400,59.966562
3.877500,59.967151
3.877600,59.966564
3.877700,59.966784
3.877800,59.966540
3.877900,59.966458
3.878000,59.966738
3.878100,59.966781
3.878200,59.966631
3.878300,59.966587
3.878400,59.966643
3.878500,59.966505
3.878600,59.966450
3.878700,59.966539
3.878800,59.966287
3.878900,59.966575
3.879000,59.966897
3.879100,59.966613
3.879200,59.967011
3.879300,59.966445
3.879400,59.966320
3.879500,59.966355
3.879600,59.966612
3.879700,59.966303
3.879800,59.966037
3.879900,59.966699
3.880000,59.966539
3.880100,59.966283
3.880200,59.966893
3.880300,59.966788
3.880400,59.967447
3.880500,59.967064
3.880600,59.966863
3.880700,59.967002
3.880800,59.967225
3.880900,59.967029
3.881000,59.967669
3.881100,59.967253
3.881200,59.966687
3.881300,59.967602
3.881400,59.966672
3.881500,59.966012
3.881600,59.963234
3.881700,59.966275
3.881800,59.966287
3.881900,59.967671
3.882000,59.967003
3.882100,59.968506
3.882200,59.970941
3.882300,59.976292
3.882400,59.973097
3.882500,59.979492
3.882600,59.977911
3.882700,59.967874
3.882800,59.973644
3.882900,59.975564
3.883000,59.963649
3.883100,59.967298
3.883200,59.972236
3.883300,59.982506
3.883400,59.992909
3.883500,60.014728
3.883600,60.004012
3.883700,60.014291
3.883800,60.010433
3.883900,60.014660
3.884000,60.017709
3.884100,60.016927
3.884200,60.017352
3.884300,60.017540
3.884400,60.016418
3.884500,60.018211
3.884600,60.019954
3.884700,60.018030
3.884800,60.019308
3.884900,60.019033
3.885000,60.019345
3.885100,60.018762
3.885200,60.018351
3.885300,60.018653
3.885400,60.018677
3.885500,60.018441
3.885600,60.018292
3.885700,60.018102
3.885800,60.018174
3.885900,60.018196
3.886000,60.018277
3.886100,60.018035
3.886200,60.018652
3.886300,60.018583
3.886400,60.018388
3.886500,60.018510
3.886600,60.018384
3.886700,60.018630
3.886800,60.018393
3.886900,60.018685
3.887000,60.018412
3.887100,60.018707
3.887200,60.018051
3.887300,60.018195
3.887400,60.018687
3.887500,60.018339
3.887600,60.018749
3.887700,60.018394
3.887800,60.018375
3.887900,60.018613
3.888000,60.018937
3.888100,60.018609
3.888200,60.018800
3.888300,60.018272
3.888400,60.018240
3.888500,60.018294
3.888600,60.018487
3.888700,60.018327
3.888800,60.018135
3.888900,60.018306
3.889000,60.018300
3.889100,60.018483
3.889200,60.018238
3.889300,60.018932
3.889400,60.018639
3.889500,60.019539
3.889600,60.018476
3.889700,60.018216
3.889800,60.017010
3.889900,60.018149
3.890000,60.019686
3.890100,60.018785
3.890200,60.017376
3.890300,60.021353
3.890400,60.023404
3.890500,60.021689
3.890600,60.019165
3.890700,60.013896
3.890800,60.017953
3.890900,60.019956
3.891000,60.021066
3.891100,60.012603
3.891200,60.007198
3.891300,60.013889
3.891400,60.028415
3.891500,60.028990
3.891600,60.009174
3.891700,60.013311
3.891800,60.022535
3.891900,60.035974
3.892000,60.030289
3.892100,60.029470
3.892200,60.022309
3.892300,60.023756
3.892400,60.023795
3.892500,60.023753
3.892600,60.023156
3.892700,60.022515
3.892800,60.023129
3.892900,60.024779
3.893000,60.024275
3.893100,60.022974
3.893200,60.023324
3.893300,60.023852
3.893400,60.022725
3.893500,60.022080
3.893600,60.022946
3.893700,60.022876
3.893800,60.023547
3.893900,60.023750
3.894000,60.023975
3.894100,60.023693
3.894200,60.023353
3.894300,60.023287
3.894400,60.023469
3.894500,60.023577
3.894600,60.023268
3.894700,60.023009
3.894800,60.023609
3.894900,60.023196
3.895000,60.023140
3.895100,60.023248
3.895200,60.023114
3.895300,60.023538
3.895400,60.023391
3.895500,60.023475
3.895600,60.023388
3.895700,60.023429
3.895800,60.023219
3.895900,60.023406
3.896000,60.022691
3.896100,60.023170
3.896200,60.022904
3.896300,60.023425
3.896400,60.023237
3.896500,60.022913
3.896600,60.023309
3.896700,60.023097
3.896800,60.023210
3.896900,60.023755
3.897000,60.024149
3.897100,60.023710
3.897200,60.023110
3.897300,60.023252
3.897400,60.023126
3.897500,60.022404
3.897600,60.022388
3.897700,60.023002
3.897800,60.023751
3.897900,60.023107
3.898000,60.023763
3.898100,60.023806
3.898200,60.021408
3.898300,60.023149
3.898400,60.023258
3.898500,60.022725
3.898600,60.022849
3.898700,60.022552
3.898800,60.026015
3.898900,60.029679
3.899000,60.028062
3.899100,60.032778
3.899200,60.036183
3.899300,60.027994
3.899400,60.020986
3.899500,60.027107
3.899600,60.011690
3.899700,59.997806
3.899800,59.997570
3.899900,60.016152
3.900000,60.036810
3.900100,60.015170
3.900200,60.024440
3.900300,60.020218
3.900400,60.026674
3.900500,60.023653
3.900600,60.021516
3.900700,60.019262
3.900800,60.019424
3.900900,60.019644
3.901000,60.020120
3.901100,60.019051
3.901200,60.017081
3.901300,60.018826
3.901400,60.017924
3.901500,60.019544
3.901600,60.019556
3.901700,60.018835
3.901800,60.017651
3.901900,60.017980
3.902000,60.018292
3.902100,60.018341
3.902200,60.018779
3.902300,60.018988
3.902400,60.018757
3.902500,60.018506
3.902600,60.017984
3.902700,60.018373
3.902800,60.018438
3.902900,60.018207
3.903000,60.018227
3.903100,60.018101
3.903200,60.018356
3.903300,60.018066
3.903400,60.018256
3.903500,60.018351
3.903600,60.018326
3.903700,60.018621
3.903800,60.018391
3.903900,60.018215
3.904000,60.018297
3.904100,60.018569
3.904200,60.017981
3.904300,60.018294
3.904400,60.018138
3.904500,60.018030
3.904600,60.018809
3.904700,60.018365
3.904800,60.018050
3.904900,60.018352
3.905000,60.018410
3.905100,60.018588
3.905200,60.018324
3.905300,60.018151
3.905400,60.017634
3.905500,60.018868
3.905600,60.017655
3.905700,60.017700
3.905800,60.018267
3.905900,60.018711
3.906000,60.019777
3.906100,60.018968
3.906200,60.018583
3.906300,60.019852
3.906400,60.019977
3.906500,60.018078
3.906600,60.021004
3.906700,60.021209
3.906800,60.021164
3.906900,60.020721
3.907000,60.016949
3.907100,60.015985
3.907200,60.011353
3.907300,60.009407
3.907400,60.016055
3.907500,60.019020
3.907600,60.010627
3.907700,60.009660
3.907800,60.019210
3.907900,60.012514
3.908000,60.010921
3.908100,60.001561
3.908200,60.007414
3.908300,60.016536
3.908400,60.001554
3.908500,59.997553
3.908600,59.981306
3.908700,59.972934
3.908800,59.979592
3.908900,59.985313
3.909000,59.985790
3.909100,59.985929
3.909200,59.985924
3.909300,59.986073
3.909400,59.985750
3.909500,59.986578
3.909600,59.986704
3.909700,59.985982
3.909800,59.987057
3.909900,59.986501
3.910000,59.986188
3.910100,59.986559
3.910200,59.986027
3.910300,59.985649
3.910400,59.985028
3.910500,59.985373
3.910600,59.985761
3.910700,59.985940
3.910800,59.986375
3.910900,59.986264
3.911000,59.985984
3.911100,59.986252
3.911200,59.986935
3.911300,59.986603
3.911400,59.986401
3.911500,59.986246
3.911600,59.986423
3.911700,59.986180
3.911800,59.985739
3.911900,59.985620
3.912000,59.986028
3.912100,59.986186
3.912200,59.986168
3.912300,59.986389
3.912400,59.986137
3.912500,59.986055
3.912600,59.985625
3.912700,59.986035
3.912800,59.985871
3.912900,59.986059
3.913000,59.985455
3.913100,59.985577
3.913200,59.985086
3.913300,59.985663
3.913400,59.985947
3.913500,59.985501
3.913600,59.986491
3.913700,59.986647
3.913800,59.986387
3.913900,59.985930
3.914000,59.985741
3.914100,59.985414
3.914200,59.985662
3.914300,59.986653
3.914400,59.985195
3.914500,59.985548
3.914600,59.984587
3.914700,59.984189
3.914800,59.983999
3.914900,59.984194
3.915000,59.986420
3.915100,59.989034
3.915200,59.987196
3.915300,59.987839
3.915400,59.983976
3.915500,59.979209
3.915600,59.977794
3.915700,59.983330
3.915800,59.984660
3.915900,59.981002
3.916000,59.984210
3.916100,59.988681
3.916200,59.996198
3.916300,59.986209
3.916400,59.993438
3.916500,59.983851
3.916600,59.989884
3.916700,59.979973
3.916800,59.970452
3.916900,59.972095
3.917000,59.968264
3.917100,59.965150
3.917200,59.965001
3.917300,59.963055
3.917400,59.964487
3.917500,59.964623
3.917600,59.963950
3.917700,59.965128
3.917800,59.964722
3.917900,59.963527
3.918000,59.963788
3.918100,59.963947
3.918200,59.965442
3.918300,59.965798
3.918400,59.966561
3.918500,59.966422
3.918600,59.966027
3.918700,59.965776
3.918800,59.965223
3.918900,59.965084
3.919000,59.965406
3.919100,59.965833
3.919200,59.965173
3.919300,59.965089
3.919400,59.965445
3.919500,59.965323
3.919600,59.965188
3.919700,59.965606
3.919800,59.965876
3.919900,59.965728
3.920000,59.965084
3.920100,59.965447
3.920200,59.965815
3.920300,59.965805
3.920400,59.965661
3.920500,59.965289
3.920600,59.965316
3.920700,59.965206
3.920800,59.964887
3.920900,59.965559
3.921000,59.965567
3.921100,59.965942
3.921200,59.965908
3.921300,59.965066
3.921400,59.965157
3.921500,59.964527
3.921600,59.965402
3.921700,59.965083
3.921800,59.965356
3.921900,59.965045
3.922000,59.965554
3.922100,59.965497
3.922200,59.966023
3.922300,59.965300
3.922400,59.966188
3.922500,59.966512
3.922600,59.966722
3.922700,59.965086
3.922800,59.965651
3.922900,59.965365
3.923000,59.966740
3.923100,59.967250
3.923200,59.966944
3.923300,59.964503
3.923400,59.966973
3.923500,59.966655
3.923600,59.964849
3.923700,59.963401
3.923800,59.962791
3.923900,59.961040
3.924000,59.962372
3.924100,59.962715
3.924200,59.963819
3.924300,59.966266
3.924400,59.975021
3.924500,59.966070
3.924600,59.972078
3.924700,59.983152
3.924800,59.992933
3.924900,59.996161
3.925000,59.999393
3.925100,59.997676
3.925200,60.018054
3.925300,60.024903
3.925400,60.023590
3.925500,60.021108
3.925600,60.021062
3.925700,60.020132
3.925800,60.019961
3.925900,60.019726
3.926000,60.020116
3.926100,60.019594
3.926200,60.020509
3.926300,60.018736
3.926400,60.019734
3.926500,60.018319
3.926600,60.018524
3.926700,60.018997
3.926800,60.019564
3.926900,60.019862
3.927000,60.019421
3.927100,60.020109
3.927200,60.019314
3.927300,60.019506
3.927400,60.018861
3.927500,60.019280
3.927600,60.018965
3.927700,60.018774
3.927800,60.019210
3.927900,60.019308
3.928000,60.019144
3.928100,60.018780
3.928200,60.018912
3.928300,60.019170
3.928400,60.019211
3.928500,60.018949
3.928600,60.019072
3.928700,60.019098
3.928800,60.019226
3.928900,60.019475
3.929000,60.019430
3.929100,60.018919
3.929200,60.019289
3.929300,60.018834
3.929400,60.019283
3.929500,60.019136
3.929600,60.019238
3.929700,60.019288
3.929800,60.019276
3.929900,60.018981
3.930000,60.019008
3.930100,60.019076
3.930200,60.018536
3.930300,60.019137
3.930400,60.019373
3.930500,60.019918
3.930600,60.019978
3.930700,60.019631
3.930800,60.020222
3.930900,60.020088
3.931000,60.019539
3.931100,60.019585
3.931200,60.019636
3.931300,60.019310
3.931400,60.018432
3.931500,60.018614
3.931600,60.016436
3.931700,60.017724
3.931800,60.014655
3.931900,60.015519
3.932000,60.017461
3.932100,60.019213
3.932200,60.021896
3.932300,60.022895
3.932400,60.020733
3.932500,60.015481
3.932600,60.007637
3.932700,60.019181
3.932800,60.025183
3.932900,60.036860
3.933000,60.020972
3.933100,60.020973
3.933200,60.026233
3.933300,60.042993
3.933400,60.021539
3.933500,60.035619
3.933600,60.016827
3.933700,60.031430
3.933800,60.029142
3.933900,60.028883
3.934000,60.027509
3.934100,60.027652
3.934200,60.027618
3.934300,60.027701
3.934400,60.027863
3.934500,60.026192
3.934600,60.028009
3.934700,60.028583
3.934800,60.027930
3.934900,60.028568
3.935000,60.028340
3.935100,60.029499
3.935200,60.028770
3.935300,60.028681
3.935400,60.028838
3.935500,60.028839
3.935600,60.028275
3.935700,60.028498
3.935800,60.028398
3.935900,60.028702
3.936000,60.028602
3.936100,60.028342
3.936200,60.028605
3.936300,60.028606
3.936400,60.029012
3.936500,60.028461
3.936600,60.028471
3.936700,60.028506
3.936800,60.028482
3.936900,60.028108
3.937000,60.028695
3.937100,60.028588
3.937200,60.028617
3.937300,60.028495
3.937400,60.028887
3.937500,60.028782
3.937600,60.028734
3.937700,60.028414
3.937800,60.027879
3.937900,60.028766
3.938000,60.028254
3.938100,60.028864
3.938200,60.028351
3.938300,60.028540
3.938400,60.028701
3.938500,60.028939
3.938600,60.029159
3.938700,60.029030
3.938800,60.028236
3.938900,60.027506
3.939000,60.027489
3.939100,60.028467
3.939200,60.028584
3.939300,60.028523
3.939400,60.028857
3.939500,60.028506
3.939600,60.027982
3.939700,60.027390
3.939800,60.027693
3.939900,60.027895
3.940000,60.027870
3.940100,60.030140
3.940200,60.028023
3.940300,60.025745
3.940400,60.021516
3.940500,60.023877
3.940600,60.028662
3.940700,60.024681
3.940800,60.023804
3.940900,60.025808
3.941000,60.019154
3.941100,60.017670
3.941200,60.020513
3.941300,60.023103
3.941400,60.016901
3.941500,60.006796
3.941600,60.008205
3.941700,60.010726
3.941800,60.014143
3.941900,60.008052
3.942000,59.994662
3.942100,59.991898
3.942200,59.990332
3.942300,59.993415
3.942400,59.993524
3.942500,59.993694
3.942600,59.993806
3.942700,59.994671
3.942800,59.993235
3.942900,59.994464
3.943000,59.995132
3.943100,59.993457
3.943200,59.993557
3.943300,59.993480
3.943400,59.994303
3.943500,59.994530
3.943600,59.995430
3.943700,59.994482
3.943800,59.995023
3.943900,59.994159
3.944000,59.994315
3.944100,59.994039
3.944200,59.993596
3.944300,59.993731
3.944400,59.993725
3.944500,59.994050
3.944600,59.994119
3.944700,59.994045
3.944800,59.994130
3.944900,59.994595
3.945000,59.994404
3.945100,59.994337
3.945200,59.994058
3.945300,59.993800
3.945400,59.993732
3.945500,59.994232
3.945600,59.994069
3.945700,59.993876
3.945800,59.993867
3.945900,59.993957
3.946000,59.994385
3.946100,59.994241
3.946200,59.993935
3.946300,59.994045
3.946400,59.994814
3.946500,59.994154
3.946600,59.993791
3.946700,59.993997
3.946800,59.993429
3.946900,59.992964
3.947000,59.993583
3.947100,59.994625
3.947200,59.993584
3.947300,59.994047
3.947400,59.993744
3.947500,59.994060
3.947600,59.993408
3.947700,59.994273
3.947800,59.992475
3.947900,59.993158
3.948000,59.993948
3.948100,59.993239
3.948200,59.994793
3.948300,59.994220
3.948400,59.994459
3.948500,59.993706
3.948600,59.993620
3.948700,59.993775
3.948800,59.989068
3.948900,59.992749
3.949000,59.994902
3.949100,59.990234
3.949200,59.992289
3.949300,59.984363
3.949400,59.986349
3.949500,59.983632
3.949600,59.996415
3.949700,59.994651
3.949800,59.980870
3.949900,59.987355
3.950000,60.000181
3.950100,59.978881
3.950200,59.986999
3.950300,59.970410
3.950400,59.974509
3.950500,59.977579
3.950600,59.976225
3.950700,59.978673
3.950800,59.978233
3.950900,59.978380
3.951000,59.977502
3.951100,59.977133
3.951200,59.978471
3.951300,59.979829
3.951400,59.977897
3.951500,59.977468
3.951600,59.978042
3.951700,59.977894
3.951800,59.977944
3.951900,59.978838
3.952000,59.978587
3.952100,59.978443
3.952200,59.978774
3.952300,59.978329
3.952400,59.978276
3.952500,59.978316
3.952600,59.978479
3.952700,59.978678
3.952800,59.978303
3.952900,59.978377
3.953000,59.978413
3.953100,59.978226
3.953200,59.978148
3.953300,59.978277
3.953400,59.978026
3.953500,59.977963
3.953600,59.978235
3.953700,59.977601
3.953800,59.977617
3.953900,59.978087
3.954000,59.978317
3.954100,59.978154
3.954200,59.977780
3.954300,59.978280
3.954400,59.978285
3.954500,59.977708
3.954600,59.977957
3.954700,59.978159
3.954800,59.978267
3.954900,59.978111
3.955000,59.977713
3.955100,59.978225
3.955200,59.978279
3.955300,59.978170
3.955400,59.978115
3.955500,59.977946
3.955600,59.977549
3.955700,59.977125
3.955800,59.978513
3.955900,59.978057
3.956000,59.978922
3.956100,59.978440
3.956200,59.978019
3.956300,59.976262
3.956400,59.977887
3.956500,59.977510
3.956600,59.979066
3.956700,59.978555
3.956800,59.977508
3.956900,59.978769
3.957000,59.978835
3.957100,59.981027
3.957200,59.979960
3.957300,59.978511
3.957400,59.976412
3.957500,59.971752
3.957600,59.969723
3.957700,59.961671
3.957800,59.971100
3.957900,59.983294
3.958000,59.977748
3.958100,59.979565
3.958200,59.967786
3.958300,59.976018
3.958400,59.977358
3.958500,59.978214
3.958600,59.978034
3.958700,59.974321
3.958800,59.974759
3.958900,59.974587
3.959000,59.975129
3.959100,59.974983
3.959200,59.974776
3.959300,59.974737
3.959400,59.974339
3.959500,59.974255
3.959600,59.973001
3.959700,59.972301
3.959800,59.972862
3.959900,59.974273
3.960000,59.973168
3.960100,59.974274
3.960200,59.974108
3.960300,59.974300
3.960400,59.974037
3.960500,59.974454
3.960600,59.974031
3.960700,59.974261
3.960800,59.973885
3.960900,59.974301
3.961000,59.974025
3.961100,59.974234
3.961200,59.974410
3.961300,59.974011
3.961400,59.973816
3.961500,59.973303
3.961600,59.973637
3.961700,59.973623
3.961800,59.973873
3.961900,59.974052
3.962000,59.973697
3.962100,59.973804
3.962200,59.973589
3.962300,59.973626
3.962400,59.973838
3.962500,59.974162
3.962600,59.974372
3.962700,59.974211
3.962800,59.973978
3.962900,59.973624
3.963000,59.973569
3.963100,59.974226
3.963200,59.973882
3.963300,59.973831
3.963400,59.974243
3.963500,59.973192
3.963600,59.973320
3.963700,59.974125
3.963800,59.973111
3.963900,59.973462
3.964000,59.974385
3.964100,59.973677
3.964200,59.974675
3.964300,59.974176
3.964400,59.975403
3.964500,59.974091
3.964600,59.971986
3.964700,59.972910
3.964800,59.974144
3.964900,59.973178
3.965000,59.971717
3.965100,59.972438
3.965200,59.973227
3.965300,59.974953
3.965400,59.977008
3.965500,59.976849
3.965600,59.978218
3.965700,59.977100
3.965800,59.977369
3.965900,59.979955
3.966000,59.983431
3.966100,59.991275
3.966200,59.989419
3.966300,60.000373
3.966400,59.985866
3.966500,59.988363
3.966600,59.979155
3.966700,59.974157
3.966800,59.971148
3.966900,59.986809
3.967000,59.996690
3.967100,60.000273
3.967200,60.005168
3.967300,60.004280
3.967400,60.006295
3.967500,60.005876
3.967600,60.005593
3.967700,60.006160
3.967800,60.005106
3.967900,60.005262
3.968000,60.006039
3.968100,60.007604
3.968200,60.007093
3.968300,60.006903
3.968400,60.008191
3.968500,60.007916
3.968600,60.007953
3.968700,60.007885
3.968800,60.007532
3.968900,60.007140
3.969000,60.007272
3.969100,60.007042
3.969200,60.007085
3.969300,60.007040
3.969400,60.007307
3.969500,60.007088
3.969600,60.007479
3.969700,60.007315
3.969800,60.007733
3.969900,60.007460
3.970000,60.007308
3.970100,60.007576
3.970200,60.007481
3.970300,60.007544
3.970400,60.008047
3.970500,60.007495
3.970600,60.007609
3.970700,60.007579
3.970800,60.007307
3.970900,60.006952
3.971000,60.007173
3.971100,60.007272
3.971200,60.006658
3.971300,60.007278
3.971400,60.007019
3.971500,60.006824
3.971600,60.006849
3.971700,60.007718
3.971800,60.006937
3.971900,60.006945
3.972000,60.007127
3.972100,60.007981
3.972200,60.006770
3.972300,60.007030
3.972400,60.007088
3.972500,60.007413
3.972600,60.006797
3.972700,60.007474
3.972800,60.009386
3.972900,60.007599
3.973000,60.008864
3.973100,60.010053
3.973200,60.008571
3.973300,60.006920
3.973400,60.005765
3.973500,60.007039
3.973600,60.010989
3.973700,60.010375
3.973800,60.008666
3.973900,60.011440
3.974000,60.011223
3.974100,60.013062
3.974200,60.011739
3.974300,60.011923
3.974400,60.001167
3.974500,60.005663
3.974600,60.011040
3.974700,60.027554
3.974800,60.044586
3.974900,60.030696
3.975000,60.039705
3.975100,60.032971
3.975200,60.030989
3.975300,60.032097
3.975400,60.032170
3.975500,60.034981
3.975600,60.032505
3.975700,60.032978
3.975800,60.033182
3.975900,60.032652
3.976000,60.033842
3.976100,60.034214
3.976200,60.033983
3.976300,60.035118
3.976400,60.033286
3.976500,60.033119
3.976600,60.032259
3.976700,60.032129
3.976800,60.033262
3.976900,60.032765
3.977000,60.032808
3.977100,60.032447
3.977200,60.033009
3.977300,60.032818
3.977400,60.032599
3.977500,60.032282
3.977600,60.031963
3.977700,60.032465
3.977800,60.032115
3.977900,60.032520
3.978000,60.032685
3.978100,60.032441
3.978200,60.032149
3.978300,60.032423
3.978400,60.032714
3.978500,60.032696
3.978600,60.032623
3.978700,60.032415
3.978800,60.032298
3.978900,60.032160
3.979000,60.032133
3.979100,60.032098
3.979200,60.032913
3.979300,60.033013
3.979400,60.033342
3.979500,60.032938
3.979600,60.032684
3.979700,60.033130
3.979800,60.032566
3.979900,60.031824
3.980000,60.031621
3.980100,60.032168
3.980200,60.031998
3.980300,60.031054
3.980400,60.032420
3.980500,60.032644
3.980600,60.032027
3.980700,60.032582
3.980800,60.032345
3.980900,60.033154
3.981000,60.032814
3.981100,60.032251
3.981200,60.031163
3.981300,60.033296
3.981400,60.033287
3.981500,60.032509
3.981600,60.031307
3.981700,60.032157
3.981800,60.033793
3.981900,60.034568
3.982000,60.033486
3.982100,60.032844
3.982200,60.037045
3.982300,60.037850
3.982400,60.035752
3.982500,60.032486
3.982600,60.025979
3.982700,60.022428
3.982800,60.011518
3.982900,60.017626
3.983000,60.014202
3.983100,60.015839
3.983200,60.014401
3.983300,59.999886
3.983400,59.983275
3.983500,59.979659
3.983600,59.965696
3.983700,59.968169
3.983800,59.972433
3.983900,59.974314
3.984000,59.974351
3.984100,59.974007
3.984200,59.974070
3.984300,59.973628
3.984400,59.972524
3.984500,59.972340
3.984600,59.971615
3.984700,59.971889
3.984800,59.972259
3.984900,59.972319
3.985000,59.971007
3.985100,59.972047
3.985200,59.971657
3.985300,59.972049
3.985400,59.971679
3.985500,59.972007
3.985600,59.971994
3.985700,59.971933
3.985800,59.972424
3.985900,59.972120
3.986000,59.971973
3.986100,59.971400
3.986200,59.971664
3.986300,59.971842
3.986400,59.971637
3.986500,59.971821
3.986600,59.971791
3.986700,59.972104
3.986800,59.972252
3.986900,59.971844
3.987000,59.971456
3.987100,59.971942
3.987200,59.972532
3.987300,59.971969
3.987400,59.971413
3.987500,59.971981
3.987600,59.971799
3.987700,59.971983
3.987800,59.971352
3.987900,59.971792
3.988000,59.971967
3.988100,59.972155
3.988200,59.971228
3.988300,59.970940
3.988400,59.971028
3.988500,59.971801
3.988600,59.971393
3.988700,59.971161
3.988800,59.970883
3.988900,59.972197
3.989000,59.972502
3.989100,59.972166
3.989200,59.970775
3.989300,59.969902
3.989400,59.970963
3.989500,59.970820
3.989600,59.972808
3.989700,59.972762
3.989800,59.972759
3.989900,59.972748
3.990000,59.972739
3.990100,59.972724
3.990200,59.972717
3.990300,59.972720
3.990400,59.972735
3.990500,59.972717
3.990600,59.972717
3.990700,59.972715
3.990800,59.972716
3.990900,59.972638
3.991000,59.972648
3.991100,59.972643
3.991200,59.972660
3.991300,59.972666
3.991400,59.972712
3.991500,59.972724
3.991600,59.972772
3.991700,59.972773
3.991800,59.972844
3.991900,59.972815
3.992000,59.972826
3.992100,59.972843
3.992200,59.972879
3.992300,59.972927
3.992400,59.972931
3.992500,59.973005
3.992600,59.973032
3.992700,59.973121
3.992800,59.973134
3.992900,59.973157
3.993000,59.973152
3.993100,59.973062
3.993200,59.973147
3.993300,59.973246
3.993400,59.973329
3.993500,59.973440
3.993600,59.973539
3.993700,59.973629
3.993800,59.973686
3.993900,59.973730
3.994000,59.973801
3.994100,59.973811
3.994200,59.973846
3.994300,59.973830
3.994400,59.973789
3.994500,59.973785
3.994600,59.973772
3.994700,59.973751
3.994800,59.973742
3.994900,59.973737
3.995000,59.973738
3.995100,59.973736
3.995200,59.973729
3.995300,59.973719
3.995400,59.973711
3.995500,59.973690
3.995600,59.973695
3.995700,59.973690
3.995800,59.973673
3.995900,59.973635
3.996000,59.973644
3.996100,59.973629
3.996200,59.973618
3.996300,59.973531
3.996400,59.973524
3.996500,59.973499
3.996600,59.973488
3.996700,59.973486
3.996800,59.973447
3.996900,59.973402
3.997000,59.973317
3.997100,59.973346
3.997200,59.973371
3.997300,59.973394
3.997400,59.973343
3.997500,59.973291
3.997600,59.973279
3.997700,59.973317
3.997800,59.973210
3.997900,59.973248
3.998000,59.973216
3.998100,59.973196
3.998200,59.973305
3.998300,59.973359
3.998400,59.973306
3.998500,59.973380
3.998600,59.973426
3.998700,59.973541
3.998800,59.973482
3.998900,59.973386
3.999000,59.973302
3.999100,59.973529
3.999200,59.973804
3.999300,59.973551
3.999400,59.973430
3.999500,59.973423
3.999600,59.973494
3.999700,59.973670
3.999800,59.973946
3.999900,59.973966
4.000000,59.974150
4.000100,59.974420
4.000200,59.974487
4.000300,59.974619
4.000400,59.974747
4.000500,59.975035
4.000600,59.975199
4.000700,59.975652
4.000800,59.975958
4.000900,59.976237
4.001000,59.976467
4.001100,59.976288
4.001200,59.976224
4.001300,59.976692
4.001400,59.977050
4.001500,59.977012
4.001600,59.976844
4.001700,59.977188
4.001800,59.977315
4.001900,59.977344
4.002000,59.977343
4.002100,59.977297
4.002200,59.977394
4.002300,59.977544
4.002400,59.977583
4.002500,59.977621
4.002600,59.977611
4.002700,59.977607
4.002800,59.977592
4.002900,59.977563
4.003000,59.977564
4.003100,59.977542
4.003200,59.977582
4.003300,59.977631
4.003400,59.977581
4.003500,59.977627
4.003600,59.977647
4.003700,59.977678
4.003800,59.977738
4.003900,59.977725
4.004000,59.977713
4.004100,59.977964
4.004200,59.978149
4.004300,59.978141
4.004400,59.978029
4.004500,59.978094
4.004600,59.978239
4.004700,59.978123
4.004800,59.978193
4.004900,59.978261
4.005000,59.978155
4.005100,59.978118
4.005200,59.978212
4.005300,59.978201
4.005400,59.977903
4.005500,59.977937
4.005600,59.977893
4.005700,59.977995
4.005800,59.978047
4.005900,59.977975
4.006000,59.978332
4.006100,59.978469
4.006200,59.978464
4.006300,59.978286
4.006400,59.978336
4.006500,59.978168
4.006600,59.977937
4.006700,59.977969
4.006800,59.977888
4.006900,59.978052
4.007000,59.978052
4.007100,59.978144
4.007200,59.977845
4.007300,59.977487
4.007400,59.977478
4.007500,59.978048
4.007600,59.977154
4.007700,59.977136
4.007800,59.976793
4.007900,59.977608
4.008000,59.977817
4.008100,59.978610
4.008200,59.978894
4.008300,59.979114
4.008400,59.978905
4.008500,59.978652
4.008600,59.980520
4.008700,59.980534
4.008800,59.981226
4.008900,59.981098
4.009000,59.982756
4.009100,59.982874
4.009200,59.983044
4.009300,59.983841
4.009400,59.984233
4.009500,59.984864
4.009600,59.986363
4.009700,59.986988
4.009800,59.987461
4.009900,59.987248
4.010000,59.987200
4.010100,59.987173
4.010200,59.987598
4.010300,59.987734
4.010400,59.987781
4.010500,59.987741
4.010600,59.987736
4.010700,59.987726
4.010800,59.987743
4.010900,59.987709
4.011000,59.987690
4.011100,59.987836
4.011200,59.987775
4.011300,59.987855
4.011400,59.987674
4.011500,59.987651
4.011600,59.987570
4.011700,59.987550
4.011800,59.987641
4.011900,59.987947
4.012000,59.987949
4.012100,59.987668
4.012200,59.987994
4.012300,59.987885
4.012400,59.987487
4.012500,59.987431
4.012600,59.987507
4.012700,59.987819
4.012800,59.987667
4.012900,59.987309
4.013000,59.987199
4.013100,59.987077
4.013200,59.986799
4.013300,59.986898
4.013400,59.987390
4.013500,59.987847
4.013600,59.987201
4.013700,59.986972
4.013800,59.987206
4.013900,59.987566
4.014000,59.987199
4.014100,59.987280
4.014200,59.987001
4.014300,59.986796
4.014400,59.987471
4.014500,59.987662
4.014600,59.988029
4.014700,59.988301
4.014800,59.988676
4.014900,59.988365
4.015000,59.988144
4.015100,59.989062
4.015200,59.989348
4.015300,59.988483
4.015400,59.987261
4.015500,59.988724
4.015600,59.991013
4.015700,59.990526
4.015800,59.990239
4.015900,59.989871
4.016000,59.989909
4.016100,59.989199
4.016200,59.990579
4.016300,59.989101
4.016400,59.991208
4.016500,59.991530
4.016600,59.992736
4.016700,59.993444
4.016800,59.992096
4.016900,59.992849
4.017000,59.994615
4.017100,59.996224
4.017200,59.996266
4.017300,59.996584
4.017400,59.999846
4.017500,59.999705
4.017600,60.001845
4.017700,60.002549
4.017800,60.004180
4.017900,60.005258
4.018000,60.005450
4.018100,60.004932
4.018200,60.005085
4.018300,60.004776
4.018400,60.004602
4.018500,60.004801
4.018600,60.004738
4.018700,60.004737
4.018800,60.004786
4.018900,60.004783
4.019000,60.004867
4.019100,60.004861
4.019200,60.004967
4.019300,60.004712
4.019400,60.004434
4.019500,60.005046
4.019600,60.004862
4.019700,60.004972
4.019800,60.004866
4.019900,60.005148
4.020000,60.004777
4.020100,60.004763
4.020200,60.004608
4.020300,60.005018
4.020400,60.004995
4.020500,60.005327
4.020600,60.005464
4.020700,60.004653
4.020800,60.004338
4.020900,60.004346
4.021000,60.003558
4.021100,60.003783
4.021200,60.003821
4.021300,60.003636
4.021400,60.003757
4.021500,60.003717
4.021600,60.004205
4.021700,60.004685
4.021800,60.005087
4.021900,60.004700
4.022000,60.003957
4.022100,60.004248
4.022200,60.004202
4.022300,60.004423
4.022400,60.003546
4.022500,60.003847
4.022600,60.003376
4.022700,60.003501
4.022800,60.003878
4.022900,60.002899
4.023000,60.003351
4.023100,60.003246
4.023200,60.003308
4.023300,60.002939
4.023400,60.003031
4.023500,60.003345
4.023600,60.002849
4.023700,60.004390
4.023800,60.004500
4.023900,60.005076
4.024000,60.003933
4.024100,60.001681
4.024200,60.000205
4.024300,60.002751
4.024400,60.005891
4.024500,60.007952
4.024600,60.010023
4.024700,60.010339
4.024800,60.008101
4.024900,60.006969
4.025000,60.007795
4.025100,60.005751
4.025200,60.006717
4.025300,60.006453
4.025400,60.006407
4.025500,60.004299
4.025600,59.999875
4.025700,60.004589
4.025800,60.002517
4.025900,60.003352
4.026000,60.005154
4.026100,60.005112
4.026200,60.005712
4.026300,60.006201
4.026400,60.006787
4.026500,60.006387
4.026600,60.006508
4.026700,60.006478
4.026800,60.006455
4.026900,60.006418
4.027000,60.006499
4.027100,60.006312
4.027200,60.006241
4.027300,60.006337
4.027400,60.006008
4.027500,60.006051
4.027600,60.006351
4.027700,60.006000
4.027800,60.005817
4.027900,60.005845
4.028000,60.006076
4.028100,60.005806
4.028200,60.005222
4.028300,60.005120
4.028400,60.005688
4.028500,60.005264
4.028600,60.005663
4.028700,60.005905
4.028800,60.006338
4.028900,60.005774
4.029000,60.005409
4.029100,60.005824
4.029200,60.005495
4.029300,60.005444
4.029400,60.006522
4.029500,60.006552
4.029600,60.006763
4.029700,60.006873
4.029800,60.006659
4.029900,60.006541
4.030000,60.006426
4.030100,60.006041
4.030200,60.006447
4.030300,60.005754
4.030400,60.005975
4.030500,60.005790
4.030600,60.005736
4.030700,60.006291
4.030800,60.005367
4.030900,60.006610
4.031000,60.006458
4.031100,60.006046
4.031200,60.006636
4.031300,60.006105
4.031400,60.005907
4.031500,60.005579
4.031600,60.006179
4.031700,60.004503
4.031800,60.006157
4.031900,60.007008
4.032000,60.006815
4.032100,60.006306
4.032200,60.006137
4.032300,60.005843
4.032400,60.005532
4.032500,60.003047
4.032600,60.003261
4.032700,60.005022
4.032800,60.004846
4.032900,60.007840
4.033000,60.011976
4.033100,60.010861
4.033200,60.008337
4.033300,60.010279
4.033400,60.014430
4.033500,60.012261
4.033600,60.010268
4.033700,60.015319
4.033800,60.011605
4.033900,60.014463
4.034000,60.010860
4.034100,60.013280
4.034200,60.015306
4.034300,60.016426
4.034400,60.016802
4.034500,60.016203
4.034600,60.015574
4.034700,60.015532
4.034800,60.015498
4.034900,60.015463
4.035000,60.015319
4.035100,60.015962
4.035200,60.015638
4.035300,60.014840
4.035400,60.014910
4.035500,60.015221
4.035600,60.014694
4.035700,60.015421
4.035800,60.014807
4.035900,60.014549
4.036000,60.014474
4.036100,60.015034
4.036200,60.015599
4.036300,60.015198
4.036400,60.014982
4.036500,60.015539
4.036600,60.015368
4.036700,60.015228
4.036800,60.015147
4.036900,60.015341
4.037000,60.014566
4.037100,60.015322
4.037200,60.015119
4.037300,60.015130
4.037400,60.015042
4.037500,60.015211
4.037600,60.014758
4.037700,60.014692
4.037800,60.014640
4.037900,60.014982
4.038000,60.014964
4.038100,60.015039
4.038200,60.015118
4.038300,60.015644
4.038400,60.015391
4.038500,60.015411
4.038600,60.015097
4.038700,60.015461
4.038800,60.016297
4.038900,60.015695
4.039000,60.015593
4.039100,60.015910
4.039200,60.015368
4.039300,60.015095
4.039400,60.015120
4.039500,60.014368
4.039600,60.014457
4.039700,60.013735
4.039800,60.012774
4.039900,60.013657
4.040000,60.013671
4.040100,60.012983
4.040200,60.011642
4.040300,60.012608
4.040400,60.011999
4.040500,60.012846
4.040600,60.014950
4.040700,60.015578
4.040800,60.016901
4.040900,60.015997
4.041000,60.017594
4.041100,60.010462
4.041200,60.011460
4.041300,60.016793
4.041400,60.009048
4.041500,60.010983
4.041600,60.012835
4.041700,60.013951
4.041800,60.009121
4.041900,60.012560
4.042000,60.016725
4.042100,60.012296
4.042200,60.006042
4.042300,60.007902
4.042400,60.007779
4.042500,60.005920
4.042600,60.006115
4.042700,60.006783
4.042800,60.007068
4.042900,60.007060
4.043000,60.007183
4.043100,60.007420
4.043200,60.007551
4.043300,60.007828
4.043400,60.007864
4.043500,60.006935
4.043600,60.007420
4.043700,60.007295
4.043800,60.007972
4.043900,60.007461
4.044000,60.008025
4.044100,60.008000
4.044200,60.007316
4.044300,60.006583
4.044400,60.006875
4.044500,60.006669
4.044600,60.007207
4.044700,60.007122
4.044800,60.006891
4.044900,60.006769
4.045000,60.006777
4.045100,60.006943
4.045200,60.006524
4.045300,60.007107
4.045400,60.006678
4.045500,60.006799
4.045600,60.007262
4.045700,60.007258
4.045800,60.007551
4.045900,60.007311
4.046000,60.006948
4.046100,60.006903
4.046200,60.006948
4.046300,60.006864
4.046400,60.006738
4.046500,60.006795
4.046600,60.007432
4.046700,60.006953
4.046800,60.007431
4.046900,60.006523
4.047000,60.007422
4.047100,60.007525
4.047200,60.007651
4.047300,60.007581
4.047400,60.007557
4.047500,60.007127
4.047600,60.007320
4.047700,60.006566
4.047800,60.006167
4.047900,60.005651
4.048000,60.006145
4.048100,60.005764
4.048200,60.007010
4.048300,60.007438
4.048400,60.006683
4.048500,60.002562
4.048600,60.003007
4.048700,60.009059
4.048800,60.011626
4.048900,60.012171
4.049000,60.015031
4.049100,60.014688
4.049200,60.009517
4.049300,60.009435
4.049400,60.011364
4.049500,60.017990
4.049600,60.030391
4.049700,60.016903
4.049800,60.011019
4.049900,60.002940
4.050000,60.003345
4.050100,59.997244
4.050200,60.010231
4.050300,60.012361
4.050400,60.012636
4.050500,60.005354
4.050600,60.004432
4.050700,60.005922
4.050800,60.007419
4.050900,60.008401
4.051000,60.008658
4.051100,60.008612
4.051200,60.009153
4.051300,60.009016
4.051400,60.008430
4.051500,60.008643
4.051600,60.009402
4.051700,60.009332
4.051800,60.008479
4.051900,60.008914
4.052000,60.009180
4.052100,60.009379
4.052200,60.008655
4.052300,60.009219
4.052400,60.009026
4.052500,60.009133
4.052600,60.008737
4.052700,60.008095
4.052800,60.008373
4.052900,60.008151
4.053000,60.008570
4.053100,60.008819
4.053200,60.008396
4.053300,60.008610
4.053400,60.008646
4.053500,60.008296
4.053600,60.008520
4.053700,60.008057
4.053800,60.008172
4.053900,60.008415
4.054000,60.009436
4.054100,60.008347
4.054200,60.008853
4.054300,60.008363
4.054400,60.008007
4.054500,60.008164
4.054600,60.008917
4.054700,60.008721
4.054800,60.008379
4.054900,60.008104
4.055000,60.008283
4.055100,60.008435
4.055200,60.008955
4.055300,60.008677
4.055400,60.009339
4.055500,60.010460
4.055600,60.009372
4.055700,60.008668
4.055800,60.009786
4.055900,60.009316
4.056000,60.010132
4.056100,60.010513
4.056200,60.010838
4.056300,60.010524
4.056400,60.009127
4.056500,60.009006
4.056600,60.007770
4.056700,60.005039
4.056800,60.004928
4.056900,60.009346
4.057000,60.008006
4.057100,60.010758
4.057200,60.010982
4.057300,60.003391
4.057400,60.003994
4.057500,60.000451
4.057600,59.995458
4.057700,59.987604
4.057800,59.989820
4.057900,60.000534
4.058000,59.998872
4.058100,59.996650
4.058200,59.989281
4.058300,59.990440
4.058400,59.992778
4.058500,59.987173
4.058600,59.988441
4.058700,59.973314
4.058800,59.970889
4.058900,59.978958
4.059000,59.981149
4.059100,59.981629
4.059200,59.981836
4.059300,59.981813
4.059400,59.981881
4.059500,59.982068
4.059600,59.981935
4.059700,59.982823
4.059800,59.982969
4.059900,59.983260
4.060000,59.982405
4.060100,59.981989
4.060200,59.981993
4.060300,59.982199
4.060400,59.982838
4.060500,59.982280
4.060600,59.982817
4.060700,59.982538
4.060800,59.982760
4.060900,59.982423
4.061000,59.982459
4.061100,59.982448
4.061200,59.982125
4.061300,59.982388
4.061400,59.982920
4.061500,59.982562
4.061600,59.982258
4.061700,59.981872
4.061800,59.982012
4.061900,59.982539
4.062000,59.982290
4.062100,59.982368
4.062200,59.982302
4.062300,59.982379
4.062400,59.982515
4.062500,59.982598
4.062600,59.982907
4.062700,59.982420
4.062800,59.982058
4.062900,59.982367
4.063000,59.982454
4.063100,59.982895
4.063200,59.983408
4.063300,59.982616
4.063400,59.982716
4.063500,59.982946
4.063600,59.981850
4.063700,59.982195
4.063800,59.982826
4.063900,59.983355
4.064000,59.982627
4.064100,59.982705
4.064200,59.983625
4.064300,59.983218
4.064400,59.981565
4.064500,59.981494
4.064600,59.980429
4.064700,59.982007
4.064800,59.984436
4.064900,59.984045
4.065000,59.984543
4.065100,59.985531
4.065200,59.982392
4.065300,59.983201
4.065400,59.982236
4.065500,59.977780
4.065600,59.978902
4.065700,59.982524
4.065800,59.978943
4.065900,59.971265
4.066000,59.972702
4.066100,59.979862
4.066200,59.970060
4.066300,59.972537
4.066400,59.984380
4.066500,60.004761
4.066600,60.013991
4.066700,60.010129
4.066800,60.002821
4.066900,60.009327
4.067000,60.000774
4.067100,60.009665
4.067200,60.006070
4.067300,60.005152
4.067400,60.004360
4.067500,60.004684
4.067600,60.005196
4.067700,60.004387
4.067800,60.003953
4.067900,60.003152
4.068000,60.002006
4.068100,60.003243
4.068200,60.004492
4.068300,60.003659
4.068400,60.003906
4.068500,60.003616
4.068600,60.003657
4.068700,60.003524
4.068800,60.003746
4.068900,60.004073
4.069000,60.003571
4.069100,60.003599
4.069200,60.003233
4.069300,60.003539
4.069400,60.003666
4.069500,60.003921
4.069600,60.003575
4.069700,60.004237
4.069800,60.004065
4.069900,60.003925
4.070000,60.003261
4.070100,60.003913
4.070200,60.003757
4.070300,60.003721
4.070400,60.003343
4.070500,60.003665
4.070600,60.003353
4.070700,60.003736
4.070800,60.003672
4.070900,60.003520
4.071000,60.003664
4.071100,60.003772
4.071200,60.003490
4.071300,60.003264
4.071400,60.003803
4.071500,60.003754
4.071600,60.003827
4.071700,60.003599
4.071800,60.003788
4.071900,60.004708
4.072000,60.004383
4.072100,60.004203
4.072200,60.004422
4.072300,60.003222
4.072400,60.003069
4.072500,60.002575
4.072600,60.002031
4.072700,60.003084
4.072800,60.002797
4.072900,60.005038
4.073000,60.004446
4.073100,60.002822
4.073200,60.003255
4.073300,60.002093
4.073400,60.001498
4.073500,60.001757
4.073600,60.001050
4.073700,60.005815
4.073800,60.005713
4.073900,60.002102
4.074000,60.000966
4.074100,59.997620
4.074200,60.001682
4.074300,59.996891
4.074400,60.001543
4.074500,60.006626
4.074600,60.002061
4.074700,60.001555
4.074800,60.000931
4.074900,60.017028
4.075000,60.012001
4.075100,60.013612
4.075200,60.017441
4.075300,60.013014
4.075400,60.003712
4.075500,60.008742
4.075600,60.010794
4.075700,60.008466
4.075800,60.008753
4.075900,60.008584
4.076000,60.009185
4.076100,60.009524
4.076200,60.008671
4.076300,60.009374
4.076400,60.009975
4.076500,60.008691
4.076600,60.009918
4.076700,60.009606
4.076800,60.009136
4.076900,60.009384
4.077000,60.008865
4.077100,60.009127
4.077200,60.009215
4.077300,60.008601
4.077400,60.008828
4.077500,60.009166
4.077600,60.008832
4.077700,60.008758
4.077800,60.009193
4.077900,60.009029
4.078000,60.009101
4.078100,60.008959
4.078200,60.008439
4.078300,60.008914
4.078400,60.008718
4.078500,60.008705
4.078600,60.008599
4.078700,60.008890
4.078800,60.008624
4.078900,60.008754
4.079000,60.009145
4.079100,60.009083
4.079200,60.008654
4.079300,60.008413
4.079400,60.008487
4.079500,60.008625
4.079600,60.008957
4.079700,60.009007
4.079800,60.008915
4.079900,60.008411
4.080000,60.008553
4.080100,60.009081
4.080200,60.009098
4.080300,60.009275
4.080400,60.009373
4.080500,60.008980
4.080600,60.009160
4.080700,60.008768
4.080800,60.009726
4.080900,60.009357
4.081000,60.007518
4.081100,60.006732
4.081200,60.008151
4.081300,60.007706
4.081400,60.007176
4.081500,60.007112
4.081600,60.010149
4.081700,60.011187
4.081800,60.010792
4.081900,60.010735
4.082000,60.008937
4.082100,60.012209
4.082200,60.008108
4.082300,60.003173
4.082400,60.005478
4.082500,60.003816
4.082600,60.004600
4.082700,60.005455
4.082800,60.010572
4.082900,60.009289
4.083000,60.003582
4.083100,59.997141
4.083200,60.002363
4.083300,60.005046
4.083400,60.002418
4.083500,59.988898
4.083600,59.991802
4.083700,59.989863
4.083800,59.983141
4.083900,59.984460
4.084000,59.984484
4.084100,59.984338
4.084200,59.983889
4.084300,59.982775
4.084400,59.982220
4.084500,59.981499
4.084600,59.982741
4.084700,59.982766
4.084800,59.981943
4.084900,59.982298
4.085000,59.982850
4.085100,59.983459
4.085200,59.983246
4.085300,59.982575
4.085400,59.982347
4.085500,59.982493
4.085600,59.982540
4.085700,59.982869
4.085800,59.983337
4.085900,59.982979
4.086000,59.982722
4.086100,59.982794
4.086200,59.983033
4.086300,59.983309
4.086400,59.983003
4.086500,59.983174
4.086600,59.982883
4.086700,59.982657
4.086800,59.983174
4.086900,59.983289
4.087000,59.982922
4.087100,59.983107
4.087200,59.983136
4.087300,59.982908
4.087400,59.982769
4.087500,59.982683
4.087600,59.982819
4.087700,59.982545
4.087800,59.982624
4.087900,59.982861
4.088000,59.982714
4.088100,59.983110
4.088200,59.982917
4.088300,59.982335
4.088400,59.983284
4.088500,59.983795
4.088600,59.983695
4.088700,59.982709
4.088800,59.982292
4.088900,59.982200
4.089000,59.982198
4.089100,59.982294
4.089200,59.983918
4.089300,59.983133
4.089400,59.982448
4.089500,59.981285
4.089600,59.981433
4.089700,59.981471
4.089800,59.981402
4.089900,59.981917
4.090000,59.982148
4.090100,59.984692
4.090200,59.985250
4.090300,59.983145
4.090400,59.979816
4.090500,59.984123
4.090600,59.981010
4.090700,59.986969
4.090800,59.982421
4.090900,59.990242
4.091000,59.988944
4.091100,59.994270
4.091200,59.997029
4.091300,59.984428
4.091400,60.002344
4.091500,60.023534
4.091600,60.013994
4.091700,60.002873
4.091800,60.014241
4.091900,60.012807
4.092000,59.999425
4.092100,60.007582
4.092200,60.011234
4.092300,60.011748
4.092400,60.011511
4.092500,60.011547
4.092600,60.011631
4.092700,60.011153
4.092800,60.010912
4.092900,60.009995
4.093000,60.011237
4.093100,60.011352
4.093200,60.011530
4.093300,60.011313
4.093400,60.011217
4.093500,60.011411
4.093600,60.011407
4.093700,60.011408
4.093800,60.011404
4.093900,60.011090
4.094000,60.010973
4.094100,60.011400
4.094200,60.011280
4.094300,60.011544
4.094400,60.011398
4.094500,60.011245
4.094600,60.011249
4.094700,60.010973
4.094800,60.011127
4.094900,60.011078
4.095000,60.011558
4.095100,60.011551
4.095200,60.011377
4.095300,60.011512
4.095400,60.011363
4.095500,60.011262
4.095600,60.011305
4.095700,60.011617
4.095800,60.011988
4.095900,60.011265
4.096000,60.011294
4.096100,60.011346
4.096200,60.011676
4.096300,60.011116
4.096400,60.011215
4.096500,60.010872
4.096600,60.010929
4.096700,60.011851
4.096800,60.011656
4.096900,60.011731
4.097000,60.011569
4.097100,60.011450
4.097200,60.012785
4.097300,60.012192
4.097400,60.011480
4.097500,60.013161
4.097600,60.011404
4.097700,60.012078
4.097800,60.013127
4.097900,60.012498
4.098000,60.012944
4.098100,60.012009
4.098200,60.012871
4.098300,60.013614
4.098400,60.012268
4.098500,60.015597
4.098600,60.012030
4.098700,60.009281
4.098800,60.007619
4.098900,60.013315
4.099000,60.009692
4.099100,60.005021
4.099200,60.006906
4.099300,60.014847
4.099400,60.014177
4.099500,60.006347
4.099600,60.008662
4.099700,60.020130
4.099800,60.005652
4.099900,60.006593
4.100000,59.991715
4.100100,59.997547
4.100200,59.998696
4.100300,59.983696
4.100400,59.980939
4.100500,59.987898
4.100600,59.993032
4.100700,59.993089
4.100800,59.993671
4.100900,59.993956
4.101000,59.993170
4.101100,59.993832
4.101200,59.993731
4.101300,59.994240
4.101400,59.994654
4.101500,59.994285
4.101600,59.995321
4.101700,59.994922
4.101800,59.994462
4.101900,59.995187
4.102000,59.994557
4.102100,59.994624
4.102200,59.994619
4.102300,59.994919
4.102400,59.994907
4.102500,59.994640
4.102600,59.994428
4.102700,59.994481
4.102800,59.995119
4.102900,59.994827
4.103000,59.994892
4.103100,59.994689
4.103200,59.994667
4.103300,59.995001
4.103400,59.994749
4.103500,59.994457
4.103600,59.994565
4.103700,59.994535
4.103800,59.994585
4.103900,59.994674
4.104000,59.994770
4.104100,59.994615
4.104200,59.995318
4.104300,59.995170
4.104400,59.995006
4.104500,59.995008
4.104600,59.994277
4.104700,59.994456
4.104800,59.994474
4.104900,59.994973
4.105000,59.994602
4.105100,59.994406
4.105200,59.994594
4.105300,59.994818
4.105400,59.994601
4.105500,59.994166
4.105600,59.993494
4.105700,59.994269
4.105800,59.995814
4.105900,59.995559
4.106000,59.994494
4.106100,59.994876
4.106200,59.995937
4.106300,59.995512
4.106400,59.994325
4.106500,59.993665
4.106600,59.993996
4.106700,59.994153
4.106800,59.993660
4.106900,59.994113
4.107000,59.997133
4.107100,59.998033
4.107200,59.997170
4.107300,59.998754
4.107400,59.991876
4.107500,59.985461
4.107600,59.990757
4.107700,59.993760
4.107800,60.000525
4.107900,60.001595
4.108000,59.999870
4.108100,59.995540
4.108200,60.007023
4.108300,59.988032
4.108400,59.990639
4.108500,59.999698
4.108600,59.995664
4.108700,60.005716
4.108800,60.006750
4.108900,60.006257
4.109000,60.003701
4.109100,60.004079
4.109200,60.004517
4.109300,60.004006
4.109400,60.004803
4.109500,60.003101
4.109600,60.004067
4.109700,60.004612
4.109800,60.003150
4.109900,60.003533
4.110000,60.003281
4.110100,60.003653
4.110200,60.003909
4.110300,60.004059
4.110400,60.003898
4.110500,60.004461
4.110600,60.004054
4.110700,60.004117
4.110800,60.003534
4.110900,60.003597
4.111000,60.003469
4.111100,60.003593
4.111200,60.003707
4.111300,60.003724
4.111400,60.004057
4.111500,60.003883
4.111600,60.003465
4.111700,60.003630
4.111800,60.003724
4.111900,60.003898
4.112000,60.003883
4.112100,60.004050
4.112200,60.003359
4.112300,60.003830
4.112400,60.003783
4.112500,60.003954
4.112600,60.003707
4.112700,60.004020
4.112800,60.003557
4.112900,60.003718
4.113000,60.004056
4.113100,60.004466
4.113200,60.004031
4.113300,60.003339
4.113400,60.003161
4.113500,60.004123
4.113600,60.003246
4.113700,60.003722
4.113800,60.003578
4.113900,60.003503
4.114000,60.003028
4.114100,60.003484
4.114200,60.003940
4.114300,60.003593
4.114400,60.004865
4.114500,60.003129
4.114600,60.004511
4.114700,60.004264
4.114800,60.003270
4.114900,60.005075
4.115000,60.005145
4.115100,60.004567
4.115200,60.004696
4.115300,60.003019
4.115400,60.002800
4.115500,59.999143
4.115600,59.998836
4.115700,59.994720
4.115800,59.998361
4.115900,60.006670
4.116000,60.008608
4.116100,60.008024
4.116200,60.015363
4.116300,60.028339
4.116400,60.016071
4.116500,60.019620
4.116600,60.029256
4.116700,60.023875
4.116800,60.034705
4.116900,60.044264
4.117000,60.043906
4.117100,60.034328
4.117200,60.038657
4.117300,60.037117
4.117400,60.036028
4.117500,60.036030
4.117600,60.036168
4.117700,60.036033
4.117800,60.036255
4.117900,60.035297
4.118000,60.034271
4.118100,60.034204
4.118200,60.034189
4.118300,60.034276
4.118400,60.034205
4.118500,60.033531
4.118600,60.033104
4.118700,60.032857
4.118800,60.032875
4.118900,60.033454
4.119000,60.032964
4.119100,60.033518
4.119200,60.033515
4.119300,60.033764
4.119400,60.034152
4.119500,60.033479
4.119600,60.033624
4.119700,60.033650
4.119800,60.033831
4.119900,60.033415
4.120000,60.033509
4.120100,60.033549
4.120200,60.033485
4.120300,60.033571
4.120400,60.033558
4.120500,60.033461
4.120600,60.034158
4.120700,60.033821
4.120800,60.033633
4.120900,60.033947
4.121000,60.033552
4.121100,60.033711
4.121200,60.033534
4.121300,60.033195
4.121400,60.033722
4.121500,60.033213
4.121600,60.033738
4.121700,60.034344
4.121800,60.033314
4.121900,60.033554
4.122000,60.033351
4.122100,60.033472
4.122200,60.032957
4.122300,60.033308
4.122400,60.033314
4.122500,60.033591
4.122600,60.033881
4.122700,60.033627
4.122800,60.034251
4.122900,60.035254
4.123000,60.035017
4.123100,60.032989
4.123200,60.033020
4.123300,60.034552
4.123400,60.033959
4.123500,60.033995
4.123600,60.033881
4.123700,60.034379
4.123800,60.035373
4.123900,60.032358
4.124000,60.036763
4.124100,60.037417
4.124200,60.028850
4.124300,60.019391
4.124400,60.016550
4.124500,60.017476
4.124600,60.023102
4.124700,60.027626
4.124800,60.015057
4.124900,59.997068
4.125000,60.006162
4.125100,60.027776
4.125200,60.034730
4.125300,60.020196
4.125400,60.009502
4.125500,60.015359
4.125600,60.018527
4.125700,60.017798
4.125800,60.017723
4.125900,60.018195
4.126000,60.018866
4.126100,60.020092
4.126200,60.021172
4.126300,60.019383
4.126400,60.018883
4.126500,60.018546
4.126600,60.017893
4.126700,60.018577
4.126800,60.018605
4.126900,60.019120
4.127000,60.018580
4.127100,60.018462
4.127200,60.018723
4.127300,60.018143
4.127400,60.018613
4.127500,60.018680
4.127600,60.018744
4.127700,60.018520
4.127800,60.018270
4.127900,60.018084
4.128000,60.018187
4.128100,60.018306
4.128200,60.018199
4.128300,60.018160
4.128400,60.018444
4.128500,60.018421
4.128600,60.018468
4.128700,60.018498
4.128800,60.018110
4.128900,60.018303
4.129000,60.018459
4.129100,60.018816
4.129200,60.018096
4.129300,60.018212
4.129400,60.018132
4.129500,60.018209
4.129600,60.018054
4.129700,60.018442
4.129800,60.018389
4.129900,60.018292
4.130000,60.018635
4.130100,60.018358
4.130200,60.018805
4.130300,60.018438
4.130400,60.018119
4.130500,60.018600
4.130600,60.018278
4.130700,60.018660
4.130800,60.019650
4.130900,60.019797
4.131000,60.018079
4.131100,60.018220
4.131200,60.018462
4.131300,60.017798
4.131400,60.018228
4.131500,60.016968
4.131600,60.016273
4.131700,60.016587
4.131800,60.016272
4.131900,60.018793
4.132000,60.018378
4.132100,60.018156
4.132200,60.018871
4.132300,60.021262
4.132400,60.023617
4.132500,60.022185
4.132600,60.021721
4.132700,60.019050
4.132800,60.019421
4.132900,60.010797
4.133000,60.010573
4.133100,59.990447
4.133200,59.986989
4.133300,59.996319
4.133400,59.977354
4.133500,59.983676
4.133600,59.978159
4.133700,59.982549
4.133800,59.982547
4.133900,59.984155
4.134000,59.981729
4.134100,59.981419
4.134200,59.980648
4.134300,59.980293
4.134400,59.981172
4.134500,59.982079
4.134600,59.981667
4.134700,59.981455
4.134800,59.980056
4.134900,59.980135
4.135000,59.980383
4.135100,59.980745
4.135200,59.981370
4.135300,59.981169
4.135400,59.981139
4.135500,59.980891
4.135600,59.980553
4.135700,59.980762
4.135800,59.980488
4.135900,59.981002
4.136000,59.980541
4.136100,59.980061
4.136200,59.980160
4.136300,59.979911
4.136400,59.980063
4.136500,59.980312
4.136600,59.980059
4.136700,59.980115
4.136800,59.979967
4.136900,59.980235
4.137000,59.979783
4.137100,59.980132
4.137200,59.980393
4.137300,59.980381
4.137400,59.980618
4.137500,59.980746
4.137600,59.980266
4.137700,59.979655
4.137800,59.980284
4.137900,59.980172
4.138000,59.979936
4.138100,59.980320
4.138200,59.980180
4.138300,59.979906
4.138400,59.980895
4.138500,59.980926
4.138600,59.980999
4.138700,59.980516
4.138800,59.980755
4.138900,59.981345
4.139000,59.981059
4.139100,59.979954
4.139200,59.980582
4.139300,59.981051
4.139400,59.980251
4.139500,59.980060
4.139600,59.979909
4.139700,59.980931
4.139800,59.980145
4.139900,59.979892
4.140000,59.982083
4.140100,59.981023
4.140200,59.981930
4.140300,59.981611
4.140400,59.980216
4.140500,59.975153
4.140600,59.977275
4.140700,59.982666
4.140800,59.985061
4.140900,59.976752
4.141000,59.976818
4.141100,59.975059
4.141200,59.983399
4.141300,59.990500
4.141400,59.974343
4.141500,59.986835
4.141600,59.983079
4.141700,59.971125
4.141800,59.978753
4.141900,59.992354
4.142000,59.986105
4.142100,59.991504
4.142200,59.990876
4.142300,59.990793
4.142400,59.991666
4.142500,59.991816
4.142600,59.991818
4.142700,59.993331
4.142800,59.992625
4.142900,59.992689
4.143000,59.993635
4.143100,59.992804
4.143200,59.993578
4.143300,59.992304
4.143400,59.992594
4.143500,59.992819
4.143600,59.992769
4.143700,59.993122
4.143800,59.992839
4.143900,59.992927
4.144000,59.992685
4.144100,59.992551
4.144200,59.993159
4.144300,59.992731
4.144400,59.992832
4.144500,59.992930
4.144600,59.993052
4.144700,59.992919
4.144800,59.992527
4.144900,59.992609
4.145000,59.992709
4.145100,59.993035
4.145200,59.992690
4.145300,59.992627
4.145400,59.992787
4.145500,59.993061
4.145600,59.993088
4.145700,59.993200
4.145800,59.993189
4.145900,59.992732
4.146000,59.992648
4.146100,59.992820
4.146200,59.992815
4.146300,59.992472
4.146400,59.993279
4.146500,59.993049
4.146600,59.992703
4.146700,59.993401
4.146800,59.992398
4.146900,59.992686
4.147000,59.992815
4.147100,59.992471
4.147200,59.992454
4.147300,59.992805
4.147400,59.992715
4.147500,59.991898
4.147600,59.991811
4.147700,59.991211
4.147800,59.992641
4.147900,59.994074
4.148000,59.992542
4.148100,59.991758
4.148200,59.992528
4.148300,59.993088
4.148400,59.994996
4.148500,59.993634
4.148600,59.996758
4.148700,59.992622
4.148800,59.992966
4.148900,59.994343
4.149000,59.990001
4.149100,59.994206
4.149200,59.994207
4.149300,60.000276
4.149400,59.995792
4.149500,59.982381
4.149600,59.978201
4.149700,59.982908
4.149800,59.987437
4.149900,59.982271
4.150000,60.005569
4.150100,59.993881
4.150200,60.004638
4.150300,59.997819
4.150400,59.993745
4.150500,59.991394
4.150600,59.990695
4.150700,59.990609
4.150800,59.990606
4.150900,59.990365
4.151000,59.991139
4.151100,59.990021
4.151200,59.989486
4.151300,59.989593
4.151400,59.989036
4.151500,59.989145
4.151600,59.989217
4.151700,59.989058
4.151800,59.988860
4.151900,59.989260
4.152000,59.989407
4.152100,59.988787
4.152200,59.988950
4.152300,59.988387
4.152400,59.988979
4.152500,59.989430
4.152600,59.989585
4.152700,59.989669
4.152800,59.989670
4.152900,59.989715
4.153000,59.989341
4.153100,59.989233
4.153200,59.989311
4.153300,59.989354
4.153400,59.989306
4.153500,59.989457
4.153600,59.989143
4.153700,59.989037
4.153800,59.989377
4.153900,59.989022
4.154000,59.989457
4.154100,59.989344
4.154200,59.989539
4.154300,59.989327
4.154400,59.989488
4.154500,59.989190
4.154600,59.988937
4.154700,59.988947
4.154800,59.988638
4.154900,59.988952
4.155000,59.988966
4.155100,59.990030
4.155200,59.989911
4.155300,59.989536
4.155400,59.989259
4.155500,59.989436
4.155600,59.989461
4.155700,59.989196
4.155800,59.987896
4.155900,59.988491
4.156000,59.989289
4.156100,59.989190
4.156200,59.988428
4.156300,59.988702
4.156400,59.989852
4.156500,59.988416
4.156600,59.989665
4.156700,59.990333
4.156800,59.991455
4.156900,59.993715
4.157000,59.992742
4.157100,59.992028
4.157200,59.986854
4.157300,59.992285
4.157400,59.987693
4.157500,59.989373
4.157600,59.990431
4.157700,59.991912
4.157800,59.997289
4.157900,59.997288
4.158000,59.998211
4.158100,60.008353
4.158200,60.029196
4.158300,60.026598
4.158400,60.028198
4.158500,60.024568
4.158600,60.029114
4.158700,60.032356
4.158800,60.037359
4.158900,60.036475
4.159000,60.035977
4.159100,60.035999
4.159200,60.036551
4.159300,60.037259
4.159400,60.036830
4.159500,60.036515
4.159600,60.035691
4.159700,60.037048
4.159800,60.036136
4.159900,60.036994
4.160000,60.036954
4.160100,60.036818
4.160200,60.037255
4.160300,60.037003
4.160400,60.036918
4.160500,60.036944
4.160600,60.036789
4.160700,60.037295
4.160800,60.037438
4.160900,60.037021
4.161000,60.037143
4.161100,60.036974
4.161200,60.037086
4.161300,60.037194
4.161400,60.037361
4.161500,60.036839
4.161600,60.036928
4.161700,60.036553
4.161800,60.036657
4.161900,60.036940
4.162000,60.036869
4.162100,60.036873
4.162200,60.036780
4.162300,60.036895
4.162400,60.037513
4.162500,60.037676
4.162600,60.037032
4.162700,60.036723
4.162800,60.036781
4.162900,60.036334
4.163000,60.037051
4.163100,60.037207
4.163200,60.036838
4.163300,60.037107
4.163400,60.037483
4.163500,60.037895
4.163600,60.037649
4.163700,60.036814
4.163800,60.037581
4.163900,60.037939
4.164000,60.037398
4.164100,60.036308
4.164200,60.036437
4.164300,60.035557
4.164400,60.036576
4.164500,60.036334
4.164600,60.036820
4.164700,60.037153
4.164800,60.038201
4.164900,60.036999
4.165000,60.037894
4.165100,60.038656
4.165200,60.035942
4.165300,60.034889
4.165400,60.037409
4.165500,60.034609
4.165600,60.037421
4.165700,60.036736
4.165800,60.039235
4.165900,60.033029
4.166000,60.034965
4.166100,60.037107
4.166200,60.034132
4.166300,60.030167
4.166400,60.024637
4.166500,60.003728
4.166600,59.993661
4.166700,59.978633
4.166800,59.973204
4.166900,59.964472
4.167000,59.963390
4.167100,59.960861
4.167200,59.959590
4.167300,59.962253
4.167400,59.962271
4.167500,59.962474
4.167600,59.962150
4.167700,59.960888
4.167800,59.961144
4.167900,59.961641
4.168000,59.961553
4.168100,59.961239
4.168200,59.961048
4.168300,59.961101
4.168400,59.960562
4.168500,59.960636
4.168600,59.961450
4.168700,59.960944
4.168800,59.961076
4.168900,59.961056
4.169000,59.960781
4.169100,59.960812
4.169200,59.960810
4.169300,59.960806
4.169400,59.960786
4.169500,59.960784
4.169600,59.960747
4.169700,59.960789
4.169800,59.960826
4.169900,59.960800
4.170000,59.960781
4.170100,59.960805
4.170200,59.960819
4.170300,59.960911
4.170400,59.960842
4.170500,59.960862
4.170600,59.960834
4.170700,59.960905
4.170800,59.960895
4.170900,59.960810
4.171000,59.960860
4.171100,59.960794
4.171200,59.960706
4.171300,59.960691
4.171400,59.960774
4.171500,59.960707
4.171600,59.960750
4.171700,59.960687
4.171800,59.960827
4.171900,59.960902
4.172000,59.960898
4.172100,59.960960
4.172200,59.960938
4.172300,59.960960
4.172400,59.960814
4.172500,59.960766
4.172600,59.960787
4.172700,59.960852
4.172800,59.960736
4.172900,59.960903
4.173000,59.961136
4.173100,59.960998
4.173200,59.960735
4.173300,59.960805
4.173400,59.960800
4.173500,59.960774
4.173600,59.960797
4.173700,59.960837
4.173800,59.961048
4.173900,59.960856
4.174000,59.960362
4.174100,59.960626
4.174200,59.960642
4.174300,59.960472
4.174400,59.960636
4.174500,59.960182
4.174600,59.960688
4.174700,59.961189
4.174800,59.960824
4.174900,59.961398
4.175000,59.961918
4.175100,59.961818
4.175200,59.962416
4.175300,59.961263
4.175400,59.962690
4.175500,59.962783
4.175600,59.962946
4.175700,59.962338
4.175800,59.963329
4.175900,59.963666
4.176000,59.963925
4.176100,59.963182
4.176200,59.963839
4.176300,59.963748
4.176400,59.964243
4.176500,59.964350
4.176600,59.964317
4.176700,59.964232
4.176800,59.964203
4.176900,59.964184
4.177000,59.964126
4.177100,59.964186
4.177200,59.964307
4.177300,59.964365
4.177400,59.964319
4.177500,59.964314
4.177600,59.964236
4.177700,59.964266
4.177800,59.963914
4.177900,59.963982
4.178000,59.963704
4.178100,59.963787
4.178200,59.963843
4.178300,59.963896
4.178400,59.963784
4.178500,59.964066
4.178600,59.964241
4.178700,59.964362
4.178800,59.964555
4.178900,59.964416
4.179000,59.964284
4.179100,59.964500
4.179200,59.964322
4.179300,59.964409
4.179400,59.964476
4.179500,59.964382
4.179600,59.964587
4.179700,59.964586
4.179800,59.964346
4.179900,59.964498
4.180000,59.964478
4.180100,59.964762
4.180200,59.964527
4.180300,59.964642
4.180400,59.964201
4.180500,59.964097
4.180600,59.963534
4.180700,59.963740
4.180800,59.963816
4.180900,59.964688
4.181000,59.964266
4.181100,59.964993
4.181200,59.965585
4.181300,59.965357
4.181400,59.964975
4.181500,59.966183
4.181600,59.966112
4.181700,59.966345
4.181800,59.965298
4.181900,59.965415
4.182000,59.966303
4.182100,59.966803
4.182200,59.967301
4.182300,59.966363
4.182400,59.967182
4.182500,59.968000
4.182600,59.968924
4.182700,59.967535
4.182800,59.968636
4.182900,59.968813
4.183000,59.968895
4.183100,59.967201
4.183200,59.971160
4.183300,59.971232
4.183400,59.968965
4.183500,59.972938
4.183600,59.973684
4.183700,59.970885
4.183800,59.972583
4.183900,59.976542
4.184000,59.977275
4.184100,59.978345
4.184200,59.977945
4.184300,59.978080
4.184400,59.979012
4.184500,59.980179
4.184600,59.979477
4.184700,59.979183
4.184800,59.979308
4.184900,59.979314
4.185000,59.979273
4.185100,59.978960
4.185200,59.979042
4.185300,59.979292
4.185400,59.979398
4.185500,59.979494
4.185600,59.979524
4.185700,59.979105
4.185800,59.978820
4.185900,59.979510
4.186000,59.980320
4.186100,59.980683
4.186200,59.980820
4.186300,59.981305
4.186400,59.981174
4.186500,59.980661
4.186600,59.981264
4.186700,59.981514
4.186800,59.981395
4.186900,59.980737
4.187000,59.981053
4.187100,59.981349
4.187200,59.981111
4.187300,59.980865
4.187400,59.981368
4.187500,59.980977
4.187600,59.980784
4.187700,59.980546
4.187800,59.980406
4.187900,59.980355
4.188000,59.980536
4.188100,59.980535
4.188200,59.980317
4.188300,59.980525
4.188400,59.979983
4.188500,59.980664
4.188600,59.980658
4.188700,59.980816
4.188800,59.981218
4.188900,59.982315
4.189000,59.982868
4.189100,59.982603
4.189200,59.982325
4.189300,59.980899
4.189400,59.981040
4.189500,59.981556
4.189600,59.982711
4.189700,59.983357
4.189800,59.982502
4.189900,59.982493
4.190000,59.981071
4.190100,59.981566
4.190200,59.981862
4.190300,59.982496
4.190400,59.982087
4.190500,59.983433
4.190600,59.982374
4.190700,59.982166
4.190800,59.983188
4.190900,59.984639
4.191000,59.986564
4.191100,59.988514
4.191200,59.985197
4.191300,59.987295
4.191400,59.990392
4.191500,59.986084
4.191600,59.988247
4.191700,59.997478
4.191800,60.001434
4.191900,59.998686
4.192000,59.994461
4.192100,59.997044
4.192200,60.001807
4.192300,59.995408
4.192400,59.995513
4.192500,59.993907
4.192600,59.992210
4.192700,59.993308
4.192800,59.993763
4.192900,59.993751
4.193000,59.993623
4.193100,59.993366
4.193200,59.993870
4.193300,59.994106
4.193400,59.993149
4.193500,59.993377
4.193600,59.992979
4.193700,59.993913
4.193800,59.993581
4.193900,59.993319
4.194000,59.993564
4.194100,59.993301
4.194200,59.993601
4.194300,59.993761
4.194400,59.993583
4.194500,59.993668
4.194600,59.994389
4.194700,59.994105
4.194800,59.993810
4.194900,59.994003
4.195000,59.993908
4.195100,59.994305
4.195200,59.994394
4.195300,59.994142
4.195400,59.994311
4.195500,59.994252
4.195600,59.994083
4.195700,59.993719
4.195800,59.994239
4.195900,59.994272
4.196000,59.994522
4.196100,59.994597
4.196200,59.994841
4.196300,59.994142
4.196400,59.993716
4.196500,59.993944
4.196600,59.994202
4.196700,59.993791
4.196800,59.994000
4.196900,59.994847
4.197000,59.994153
4.197100,59.994268
4.197200,59.994115
4.197300,59.994605
4.197400,59.995271
4.197500,59.994270
4.197600,59.993281
4.197700,59.994566
4.197800,59.994407
4.197900,59.993829
4.198000,59.994579
4.198100,59.994922
4.198200,59.994823
4.198300,59.995756
4.198400,59.993479
4.198500,59.992412
4.198600,59.996560
4.198700,59.996280
4.198800,59.996470
4.198900,59.995824
4.199000,59.997398
4.199100,59.998599
4.199200,59.997006
4.199300,59.996119
4.199400,59.997285
4.199500,59.999829
4.199600,59.997080
4.199700,60.005630
4.199800,60.004063
4.199900,60.000570
4.200000,60.009319
4.200100,59.999211
4.200200,60.001905
4.200300,60.002002
4.200400,60.001424
4.200500,60.005961
4.200600,60.012387
4.200700,60.008892
4.200800,60.010450
4.200900,60.010474
4.201000,60.010316
4.201100,60.010317
4.201200,60.010822
4.201300,60.010982
4.201400,60.010514
4.201500,60.010096
4.201600,60.010891
4.201700,60.010532
4.201800,60.009274
4.201900,60.009818
4.202000,60.009898
4.202100,60.010700
4.202200,60.010723
4.202300,60.010190
4.202400,60.010759
4.202500,60.010484
4.202600,60.010498
4.202700,60.010699
4.202800,60.010901
4.202900,60.011055
4.203000,60.010856
4.203100,60.010646
4.203200,60.010928
4.203300,60.010826
4.203400,60.010893
4.203500,60.010374
4.203600,60.010521
4.203700,60.010698
4.203800,60.010499
4.203900,60.010468
4.204000,60.011060
4.204100,60.010942
4.204200,60.011170
4.204300,60.010366
4.204400,60.010980
4.204500,60.010970
4.204600,60.011057
4.204700,60.011291
4.204800,60.011086
4.204900,60.010765
4.205000,60.010398
4.205100,60.010887
4.205200,60.011502
4.205300,60.011591
4.205400,60.011167
4.205500,60.010806
4.205600,60.010918
4.205700,60.011064
4.205800,60.011131
4.205900,60.011746
4.206000,60.011504
4.206100,60.011672
4.206200,60.011910
4.206300,60.011438
4.206400,60.011237
4.206500,60.010294
4.206600,60.010438
4.206700,60.009597
4.206800,60.010096
4.206900,60.010030
4.207000,60.008800
4.207100,60.010909
4.207200,60.012373
4.207300,60.013372
4.207400,60.016506
4.207500,60.009511
4.207600,60.017494
4.207700,60.025930
4.207800,60.024407
4.207900,60.023736
4.208000,60.018804
4.208100,60.010475
4.208200,60.015972
4.208300,60.010466
4.208400,60.008314
4.208500,60.013242
4.208600,60.002808
4.208700,60.000875
4.208800,60.012121
4.208900,60.015741
4.209000,60.017941
4.209100,60.019931
4.209200,60.019262
4.209300,60.019264
4.209400,60.019619
4.209500,60.018802
4.209600,60.018906
4.209700,60.018996
4.209800,60.019161
4.209900,60.019648
4.210000,60.021231
4.210100,60.021421
4.210200,60.020828
4.210300,60.020541
4.210400,60.020874
4.210500,60.020565
4.210600,60.021135
4.210700,60.020957
4.210800,60.020528
4.210900,60.020605
4.211000,60.020610
4.211100,60.019813
4.211200,60.020011
4.211300,60.020405
4.211400,60.020590
4.211500,60.020428
4.211600,60.020975
4.211700,60.021201
4.211800,60.020917
4.211900,60.021058
4.212000,60.020357
4.212100,60.020532
4.212200,60.020812
4.212300,60.020482
4.212400,60.020201
4.212500,60.020481
4.212600,60.020481
4.212700,60.021096
4.212800,60.020705
4.212900,60.020694
4.213000,60.021103
4.213100,60.021249
4.213200,60.021081
4.213300,60.020005
4.213400,60.020543
4.213500,60.020045
4.213600,60.020313
4.213700,60.021763
4.213800,60.021807
4.213900,60.022739
4.214000,60.021166
4.214100,60.021516
4.214200,60.019975
4.214300,60.019668
4.214400,60.020853
4.214500,60.021983
4.214600,60.022973
4.214700,60.021294
4.214800,60.021908
4.214900,60.019454
4.215000,60.018601
4.215100,60.017766
4.215200,60.018616
4.215300,60.015747
4.215400,60.019545
4.215500,60.018128
4.215600,60.021236
4.215700,60.023714
4.215800,60.020116
4.215900,60.018197
4.216000,60.008523
4.216100,60.015029
4.216200,60.008028
4.216300,59.994593
4.216400,59.989581
4.216500,59.974194
4.216600,59.991836
4.216700,59.991404
4.216800,59.994020
4.216900,59.987279
4.217000,59.986564
4.217100,59.990349
4.217200,59.991690
4.217300,59.991323
4.217400,59.990426
4.217500,59.990344
4.217600,59.990341
4.217700,59.991176
4.217800,59.991217
4.217900,59.990454
4.218000,59.990563
4.218100,59.990269
4.218200,59.990976
4.218300,59.992292
4.218400,59.993092
4.218500,59.991758
4.218600,59.991266
4.218700,59.991904
4.218800,59.992628
4.218900,59.991911
4.219000,59.992031
4.219100,59.991809
4.219200,59.991685
4.219300,59.992225
4.219400,59.991773
4.219500,59.992001
4.219600,59.991764
4.219700,59.991783
4.219800,59.992232
4.219900,59.991773
4.220000,59.991600
4.220100,59.991972
4.220200,59.992208
4.220300,59.992090
4.220400,59.992347
4.220500,59.992181
4.220600,59.991661
4.220700,59.992189
4.220800,59.992039
4.220900,59.991717
4.221000,59.992126
4.221100,59.992188
4.221200,59.992355
4.221300,59.992233
4.221400,59.992462
4.221500,59.992175
4.221600,59.991899
4.221700,59.992242
4.221800,59.992892
4.221900,59.991761
4.222000,59.991908
4.222100,59.991925
4.222200,59.991933
4.222300,59.991499
4.222400,59.991927
4.222500,59.993142
4.222600,59.992851
4.222700,59.991938
4.222800,59.991461
4.222900,59.991494
4.223000,59.993713
4.223100,59.992414
4.223200,59.993313
4.223300,59.992902
4.223400,59.993197
4.223500,59.993271
4.223600,59.995667
4.223700,59.993886
4.223800,59.991768
4.223900,59.993440
4.224000,59.995539
4.224100,59.995261
4.224200,59.995333
4.224300,59.995590
4.224400,59.995262
4.224500,59.994942
4.224600,59.994858
4.224700,59.994243
4.224800,59.994555
4.224900,59.993789
4.225000,59.994253
4.225100,59.994931
4.225200,59.993755
4.225300,59.994270
4.225400,59.993272
4.225500,59.993915
4.225600,59.994155
4.225700,59.994906
4.225800,59.994473
4.225900,59.994230
4.226000,59.994485
4.226100,59.993732
4.226200,59.994380
4.226300,59.993955
4.226400,59.994112
4.226500,59.994160
4.226600,59.994793
4.226700,59.994978
4.226800,59.994907
4.226900,59.994707
4.227000,59.994706
4.227100,59.994737
4.227200,59.994746
4.227300,59.994755
4.227400,59.994692
4.227500,59.994562
4.227600,59.994418
4.227700,59.994516
4.227800,59.994791
4.227900,59.994757
4.228000,59.994726
4.228100,59.994690
4.228200,59.994756
4.228300,59.994777
4.228400,59.994634
4.228500,59.994670
4.228600,59.994954
4.228700,59.994986
4.228800,59.995082
4.228900,59.995109
4.229000,59.995352
4.229100,59.995239
4.229200,59.995080
4.229300,59.995271
4.229400,59.995820
4.229500,59.995567
4.229600,59.995639
4.229700,59.995677
4.229800,59.995973
4.229900,59.995886
4.230000,59.995802
4.230100,59.995460
4.230200,59.995644
4.230300,59.995411
4.230400,59.995301
4.230500,59.995237
4.230600,59.995564
4.230700,59.995106
4.230800,59.994674
4.230900,59.995074
4.231000,59.995561
4.231100,59.995745
4.231200,59.995816
4.231300,59.996056
4.231400,59.996003
4.231500,59.995293
4.231600,59.995293
4.231700,59.995505
4.231800,59.994877
4.231900,59.995376
4.232000,59.996070
4.232100,59.996325
4.232200,59.996953
4.232300,59.996459
4.232400,59.995829
4.232500,59.994913
4.232600,59.995625
4.232700,59.994327
4.232800,59.993305
4.232900,59.996303
4.233000,59.996949
4.233100,59.999891
4.233200,60.002363
4.233300,60.003175
4.233400,60.002070
4.233500,59.997921
4.233600,59.999538
4.233700,59.994929
4.233800,59.993191
4.233900,59.995316
4.234000,59.991126
4.234100,59.991496
4.234200,59.990974
4.234300,59.991374
4.234400,59.990995
4.234500,59.990125
4.234600,59.990366
4.234700,59.990165
4.234800,59.990329
4.234900,59.990489
4.235000,59.990455
4.235100,59.990507
4.235200,59.990588
4.235300,59.990405
4.235400,59.990570
4.235500,59.990703
4.235600,59.991162
4.235700,59.990680
4.235800,59.990935
4.235900,59.991288
4.236000,59.991018
4.236100,59.991409
4.236200,59.991744
4.236300,59.992054
4.236400,59.991227
4.236500,59.991417
4.236600,59.991365
4.236700,59.991355
4.236800,59.991202
4.236900,59.991274
4.237000,59.991251
4.237100,59.991124
4.237200,59.990709
4.237300,59.990924
4.237400,59.991095
4.237500,59.991039
4.237600,59.991659
4.237700,59.991385
4.237800,59.991754
4.237900,59.991225
4.238000,59.991095
4.238100,59.990949
4.238200,59.991865
4.238300,59.991630
4.238400,59.992027
4.238500,59.991432
4.238600,59.991801
4.238700,59.991729
4.238800,59.991548
4.238900,59.992520
4.239000,59.992195
4.239100,59.991616
4.239200,59.990931
4.239300,59.992592
4.239400,59.991574
4.239500,59.992019
4.239600,59.991341
4.239700,59.991109
4.239800,59.991277
4.239900,59.993642
4.240000,59.992683
4.240100,59.992183
4.240200,59.992142
4.240300,59.993795
4.240400,59.992862
4.240500,59.994717
4.240600,59.994762
4.240700,59.992057
4.240800,59.993405
4.240900,59.993254
4.241000,59.994568
4.241100,59.996033
4.241200,59.996277
4.241300,59.990119
4.241400,59.996373
4.241500,59.997209
4.241600,59.998802
4.241700,59.996816
4.241800,59.995648
4.241900,59.994692
4.242000,59.995855
4.242100,59.996891
4.242200,59.999515
4.242300,59.995774
4.242400,59.992411
4.242500,59.995751
4.242600,59.996090
4.242700,59.997144
4.242800,59.997170
4.242900,59.997135
4.243000,59.997150
4.243100,59.997136
4.243200,59.996935
4.243300,59.997188
4.243400,59.997207
4.243500,59.997074
4.243600,59.997524
4.243700,59.997747
4.243800,59.997983
4.243900,59.998072
4.244000,59.997738
4.244100,59.998147
4.244200,59.998030
4.244300,59.997969
4.244400,59.998824
4.244500,59.997813
4.244600,59.998393
4.244700,59.998264
4.244800,59.998304
4.244900,59.998116
4.245000,59.997905
4.245100,59.998399
4.245200,59.998560
4.245300,59.998281
4.245400,59.997857
4.245500,59.997637
4.245600,59.997489
4.245700,59.998323
4.245800,59.997766
4.245900,59.998336
4.246000,59.998140
4.246100,59.998417
4.246200,59.998500
4.246300,59.998233
4.246400,59.998345
4.246500,59.998114
4.246600,59.998886
4.246700,59.998863
4.246800,59.998959
4.246900,59.999285
4.247000,59.998473
4.247100,59.999263
4.247200,59.998779
4.247300,59.998721
4.247400,59.999018
4.247500,60.001052
4.247600,60.001569
4.247700,60.001321
4.247800,60.000212
4.247900,59.998397
4.248000,59.997365
4.248100,59.998380
4.248200,59.998457
4.248300,59.998770
4.248400,60.000561
4.248500,60.000416
4.248600,60.001156
4.248700,60.003420
4.248800,60.001887
4.248900,60.004714
4.249000,60.001789
4.249100,60.002222
4.249200,60.004846
4.249300,60.006349
4.249400,60.007868
4.249500,60.010209
4.249600,60.012427
4.249700,60.012534
4.249800,60.013805
4.249900,60.012090
4.250000,60.010574
4.250100,60.011976
4.250200,60.011637
4.250300,60.008144
4.250400,60.014781
4.250500,60.015920
4.250600,60.018427
4.250700,60.017238
4.250800,60.015220
4.250900,60.015482
4.251000,60.016208
4.251100,60.016434
4.251200,60.016528
4.251300,60.016417
4.251400,60.016889
4.251500,60.017181
4.251600,60.016326
4.251700,60.016323
4.251800,60.016147
4.251900,60.015916
4.252000,60.016677
4.252100,60.016063
4.252200,60.015310
4.252300,60.015682
4.252400,60.016029
4.252500,60.016114
4.252600,60.016499
4.252700,60.016620
4.252800,60.016347
4.252900,60.015938
4.253000,60.015602
4.253100,60.015572
4.253200,60.016195
4.253300,60.016313
4.253400,60.015808
4.253500,60.016197
4.253600,60.015937
4.253700,60.016506
4.253800,60.016428
4.253900,60.016456
4.254000,60.016500
4.254100,60.016112
4.254200,60.016607
4.254300,60.016607
4.254400,60.016615
4.254500,60.016377
4.254600,60.016948
4.254700,60.016580
4.254800,60.016659
4.254900,60.016464
4.255000,60.016356
4.255100,60.015912
4.255200,60.015716
4.255300,60.015490
4.255400,60.015429
4.255500,60.016088
4.255600,60.016974
4.255700,60.016248
4.255800,60.016114
4.255900,60.015377
4.256000,60.015532
4.256100,60.017176
4.256200,60.017261
4.256300,60.017716
4.256400,60.017154
4.256500,60.016668
4.256600,60.016722
4.256700,60.016540
4.256800,60.017177
4.256900,60.019232
4.257000,60.019912
4.257100,60.020413
4.257200,60.018006
4.257300,60.021676
4.257400,60.023125
4.257500,60.016928
4.257600,60.017612
4.257700,60.016869
4.257800,60.015008
4.257900,60.018321
4.258000,60.018367
4.258100,60.013247
4.258200,60.006008
4.258300,60.013852
4.258400,60.017891
4.258500,60.028088
4.258600,60.022276
4.258700,60.012213
4.258800,60.012667
4.258900,60.006998
4.259000,60.005786
4.259100,60.005728
4.259200,60.006579
4.259300,60.006856
4.259400,60.006742
4.259500,60.007829
4.259600,60.007508
4.259700,60.007815
4.259800,60.006388
4.259900,60.007449
4.260000,60.006655
4.260100,60.006727
4.260200,60.006803
4.260300,60.006850
4.260400,60.006813
4.260500,60.007153
4.260600,60.006971
4.260700,60.007309
4.260800,60.007317
4.260900,60.007128
4.261000,60.006901
4.261100,60.007256
4.261200,60.007315
4.261300,60.006601
4.261400,60.006519
4.261500,60.006855
4.261600,60.006850
4.261700,60.006724
4.261800,60.006551
4.261900,60.006339
4.262000,60.006685
4.262100,60.006973
4.262200,60.007095
4.262300,60.006789
4.262400,60.007045
4.262500,60.006923
4.262600,60.006732
4.262700,60.006898
4.262800,60.007181
4.262900,60.006762
4.263000,60.007233
4.263100,60.007015
4.263200,60.007114
4.263300,60.006942
4.263400,60.006902
4.263500,60.007481
4.263600,60.007973
4.263700,60.007062
4.263800,60.007035
4.263900,60.005991
4.264000,60.006294
4.264100,60.008009
4.264200,60.006956
4.264300,60.007358
4.264400,60.008154
4.264500,60.009672
4.264600,60.009275
4.264700,60.008576
4.264800,60.007803
4.264900,60.005503
4.265000,60.004683
4.265100,60.004731
4.265200,60.003126
4.265300,60.006646
4.265400,60.010064
4.265500,60.007279
4.265600,60.006247
4.265700,60.009432
4.265800,60.001520
4.265900,60.002591
4.266000,60.005634
4.266100,60.009600
4.266200,60.002542
4.266300,60.001092
4.266400,60.004194
4.266500,60.008778
4.266600,60.010357
4.266700,59.997209
4.266800,59.992751
4.266900,60.004852
4.267000,59.998526
4.267100,59.994295
4.267200,59.996322
4.267300,59.997101
4.267400,59.996903
4.267500,59.997132
4.267600,59.997188
4.267700,59.996710
4.267800,59.996798
4.267900,59.997254
4.268000,59.997970
4.268100,59.997829
4.268200,59.998564
4.268300,59.997193
4.268400,59.997734
4.268500,59.997656
4.268600,59.996959
4.268700,59.997168
4.268800,59.997432
4.268900,59.997256
4.269000,59.997037
4.269100,59.996909
4.269200,59.997261
4.269300,59.996847
4.269400,59.997537
4.269500,59.997575
4.269600,59.997557
4.269700,59.997741
4.269800,59.997595
4.269900,59.997608
4.270000,59.997578
4.270100,59.997988
4.270200,59.997920
4.270300,59.997667
4.270400,59.998002
4.270500,59.997938
4.270600,59.997727
4.270700,59.997769
4.270800,59.998379
4.270900,59.997805
4.271000,59.997430
4.271100,59.997270
4.271200,59.997710
4.271300,59.997890
4.271400,59.997379
4.271500,59.997407
4.271600,59.997916
4.271700,59.996951
4.271800,59.997721
4.271900,59.997160
4.272000,59.997948
4.272100,59.997605
4.272200,59.997389
4.272300,59.998134
4.272400,59.998258
4.272500,59.997756
4.272600,59.997243
4.272700,59.997901
4.272800,59.996362
4.272900,59.998265
4.273000,59.998733
4.273100,59.999154
4.273200,60.000148
4.273300,59.997159
4.273400,59.996506
4.273500,59.997815
4.273600,59.997546
4.273700,59.999110
4.273800,59.998526
4.273900,60.000866
4.274000,60.000496
4.274100,60.000756
4.274200,59.997292
4.274300,60.000865
4.274400,59.997394
4.274500,59.996202
4.274600,59.994226
4.274700,59.998134
4.274800,60.008261
4.274900,60.008001
4.275000,60.021983
4.275100,60.016422
4.275200,60.002526
4.275300,60.003395
4.275400,60.009995
4.275500,60.016045
4.275600,60.016850
4.275700,60.014270
4.275800,60.014002
4.275900,60.014378
4.276000,60.014351
4.276100,60.013496
4.276200,60.013366
4.276300,60.012726
4.276400,60.012715
4.276500,60.013274
4.276600,60.013498
4.276700,60.013070
4.276800,60.013438
4.276900,60.013384
4.277000,60.013556
4.277100,60.013452
4.277200,60.013278
4.277300,60.013153
4.277400,60.012920
4.277500,60.013624
4.277600,60.013504
4.277700,60.013424
4.277800,60.013269
4.277900,60.013216
4.278000,60.012883
4.278100,60.013196
4.278200,60.013160
4.278300,60.012899
4.278400,60.013326
4.278500,60.013375
4.278600,60.012732
4.278700,60.013319
4.278800,60.013486
4.278900,60.013236
4.279000,60.013235
4.279100,60.013947
4.279200,60.013694
4.279300,60.012918
4.279400,60.013312
4.279500,60.013732
4.279600,60.013616
4.279700,60.013412
4.279800,60.012776
4.279900,60.013123
4.280000,60.012720
4.280100,60.012860
4.280200,60.013382
4.280300,60.014108
4.280400,60.013772
4.280500,60.013872
4.280600,60.012981
4.280700,60.011716
4.280800,60.012575
4.280900,60.012674
4.281000,60.013488
4.281100,60.014284
4.281200,60.013234
4.281300,60.013375
4.281400,60.012447
4.281500,60.012780
4.281600,60.014358
4.281700,60.016212
4.281800,60.015124
4.281900,60.012452
4.282000,60.013909
4.282100,60.016878
4.282200,60.012504
4.282300,60.012809
4.282400,60.017976
4.282500,60.012762
4.282600,60.008657
4.282700,60.016849
4.282800,60.006315
4.282900,60.009220
4.283000,60.006530
4.283100,60.021099
4.283200,60.025796
4.283300,60.019112
4.283400,59.996664
4.283500,59.979207
4.283600,59.981262
4.283700,59.983271
4.283800,59.981526
4.283900,59.983700
4.284000,59.987047
4.284100,59.987466
4.284200,59.987491
4.284300,59.987416
4.284400,59.987573
4.284500,59.986938
4.284600,59.987686
4.284700,59.989490
4.284800,59.989623
4.284900,59.989067
4.285000,59.989040
4.285100,59.988795
4.285200,59.987874
4.285300,59.988394
4.285400,59.988078
4.285500,59.988325
4.285600,59.988507
4.285700,59.988474
4.285800,59.988785
4.285900,59.988541
4.286000,59.988565
4.286100,59.988765
4.286200,59.988692
4.286300,59.988439
4.286400,59.988548
4.286500,59.988035
4.286600,59.988153
4.286700,59.987948
4.286800,59.988213
4.286900,59.988550
4.287000,59.988347
4.287100,59.988194
4.287200,59.988411
4.287300,59.988718
4.287400,59.988733
4.287500,59.988122
4.287600,59.988310
4.287700,59.988409
4.287800,59.988483
4.287900,59.988368
4.288000,59.988738
4.288100,59.988834
4.288200,59.988256
4.288300,59.988854
4.288400,59.988327
4.288500,59.988709
4.288600,59.988868
4.288700,59.988335
4.288800,59.987303
4.288900,59.988058
4.289000,59.988669
4.289100,59.989276
4.289200,59.989009
4.289300,59.988441
4.289400,59.987557
4.289500,59.987949
4.289600,59.988402
4.289700,59.989279
4.289800,59.988805
4.289900,59.988449
4.290000,59.989634
4.290100,59.986851
4.290200,59.987101
4.290300,59.983473
4.290400,59.985015
4.290500,59.990186
4.290600,59.987181
4.290700,59.989434
4.290800,59.988685
4.290900,59.986747
4.291000,59.994220
4.291100,59.989077
4.291200,60.001819
4.291300,59.990043
4.291400,59.979661
4.291500,59.966604
4.291600,59.949190
4.291700,59.956549
4.291800,59.969240
4.291900,59.975096
4.292000,59.977076
4.292100,59.975807
4.292200,59.974800
4.292300,59.977693
4.292400,59.978507
4.292500,59.978538
4.292600,59.979338
4.292700,59.979935
4.292800,59.979243
4.292900,59.979169
4.293000,59.978947
4.293100,59.980264
4.293200,59.979117
4.293300,59.980111
4.293400,59.981099
4.293500,59.980122
4.293600,59.979117
4.293700,59.979667
4.293800,59.979887
4.293900,59.979974
4.294000,59.980129
4.294100,59.980120
4.294200,59.980026
4.294300,59.980027
4.294400,59.979974
4.294500,59.980080
4.294600,59.980111
4.294700,59.979991
4.294800,59.979789
4.294900,59.980061
4.295000,59.979665
4.295100,59.979845
4.295200,59.979864
4.295300,59.979560
4.295400,59.979399
4.295500,59.979863
4.295600,59.979593
4.295700,59.979387
4.295800,59.979831
4.295900,59.979744
4.296000,59.980055
4.296100,59.979671
4.296200,59.979993
4.296300,59.980071
4.296400,59.979607
4.296500,59.980506
4.296600,59.980085
4.296700,59.979853
4.296800,59.979859
4.296900,59.979768
4.297000,59.980878
4.297100,59.980793
4.297200,59.980623
4.297300,59.981182
4.297400,59.980318
4.297500,59.978831
4.297600,59.978904
4.297700,59.978914
4.297800,59.980227
4.297900,59.980358
4.298000,59.979530
4.298100,59.979531
4.298200,59.981394
4.298300,59.982603
4.298400,59.981213
4.298500,59.980971
4.298600,59.980451
4.298700,59.978833
4.298800,59.979218
4.298900,59.984243
4.299000,59.985694
4.299100,59.984786
4.299200,59.989304
4.299300,59.996517
4.299400,60.002814
4.299500,59.999098
4.299600,60.000218
4.299700,59.995781
4.299800,60.000548
4.299900,60.009054
4.300000,60.019337
4.300100,60.011682
4.300200,60.000563
4.300300,59.994314
4.300400,60.006670
4.300500,60.012001
4.300600,60.013390
4.300700,60.010690
4.300800,60.010827
4.300900,60.010601
4.301000,60.010095
4.301100,60.010538
4.301200,60.010029
4.301300,60.010890
4.301400,60.009094
4.301500,60.010201
4.301600,60.008698
4.301700,60.008831
4.301800,60.009346
4.301900,60.009290
4.302000,60.009118
4.302100,60.009230
4.302200,60.009003
4.302300,60.009314
4.302400,60.009227
4.302500,60.009353
4.302600,60.008900
4.302700,60.008788
4.302800,60.008975
4.302900,60.008863
4.303000,60.009337
4.303100,60.008713
4.303200,60.008940
4.303300,60.009389
4.303400,60.009005
4.303500,60.009166
4.303600,60.009380
4.303700,60.009089
4.303800,60.009214
4.303900,60.009275
4.304000,60.009343
4.304100,60.008888
4.304200,60.009136
4.304300,60.009331
4.304400,60.009688
4.304500,60.009806
4.304600,60.009026
4.304700,60.009185
4.304800,60.008936
4.304900,60.009629
4.305000,60.009580
4.305100,60.009491
4.305200,60.009575
4.305300,60.009941
4.305400,60.009887
4.305500,60.009453
4.305600,60.009659
4.305700,60.009909
4.305800,60.008986
4.305900,60.008711
4.306000,60.009542
4.306100,60.009273
4.306200,60.008832
4.306300,60.007562
4.306400,60.007718
4.306500,60.006645
4.306600,60.009332
4.306700,60.008178
4.306800,60.011544
4.306900,60.010167
4.307000,60.008207
4.307100,60.013044
4.307200,60.010987
4.307300,60.011250
4.307400,60.015118
4.307500,60.015046
4.307600,60.016754
4.307700,60.012483
4.307800,60.013265
4.307900,60.002542
4.308000,59.996276
4.308100,59.996936
4.308200,59.984772
4.308300,59.989546
4.308400,59.967953
4.308500,59.988611
4.308600,59.996997
4.308700,60.001992
4.308800,60.007947
4.308900,60.001916
4.309000,60.000016
4.309100,59.999800
4.309200,59.999873
4.309300,59.998820
4.309400,59.999981
4.309500,59.998936
4.309600,59.998630
4.309700,59.999475
4.309800,59.999635
4.309900,59.999568
4.310000,60.000027
4.310100,59.999671
4.310200,59.999268
4.310300,59.999316
4.310400,60.000207
4.310500,59.999583
4.310600,59.999670
4.310700,59.999417
4.310800,59.999331
4.310900,59.999315
4.311000,59.999354
4.311100,59.999163
4.311200,59.999215
4.311300,59.999357
4.311400,59.999140
4.311500,59.999518
4.311600,59.999494
4.311700,59.999709
4.311800,59.999409
4.311900,59.998871
4.312000,59.999402
4.312100,59.999797
4.312200,59.999628
4.312300,59.999677
4.312400,59.999658
4.312500,59.999616
4.312600,59.999566
4.312700,59.999528
4.312800,59.999559
4.312900,59.999515
4.313000,59.999488
4.313100,59.999679
4.313200,59.999429
4.313300,59.999775
4.313400,60.000288
4.313500,59.999806
4.313600,59.999933
4.313700,59.999058
4.313800,59.998920
4.313900,59.999975
4.314000,59.999522
4.314100,59.998538
4.314200,59.999084
4.314300,59.998786
4.314400,60.000395
4.314500,60.001501
4.314600,60.001160
4.314700,60.001322
4.314800,59.999038
4.314900,60.000430
4.315000,60.001078
4.315100,59.999518
4.315200,59.999637
4.315300,59.999848
4.315400,60.002757
4.315500,59.998872
4.315600,59.993618
4.315700,59.992160
4.315800,59.991462
4.315900,59.996071
4.316000,60.004478
4.316100,60.004790
4.316200,60.008490
4.316300,60.005438
4.316400,60.020081
4.316500,60.032664
4.316600,60.034721
4.316700,60.011256
4.316800,60.004947
4.316900,60.000026
4.317000,60.005718
4.317100,59.996617
4.317200,59.999584
4.317300,60.001918
4.317400,60.002189
4.317500,60.002187
4.317600,60.002514
4.317700,60.003469
4.317800,60.001456
4.317900,60.001798
4.318000,60.001828
4.318100,60.002971
4.318200,60.001693
4.318300,60.002720
4.318400,60.002321
4.318500,60.001220
4.318600,60.001328
4.318700,60.001388
4.318800,60.001207
4.318900,60.001573
4.319000,60.001961
4.319100,60.001904
4.319200,60.001557
4.319300,60.001697
4.319400,60.001117
4.319500,60.001527
4.319600,60.001220
4.319700,60.001453
4.319800,60.001616
4.319900,60.001300
4.320000,60.001159
4.320100,60.001612
4.320200,60.001677
4.320300,60.001729
4.320400,60.001939
4.320500,60.001467
4.320600,60.001264
4.320700,60.001465
4.320800,60.001721
4.320900,60.001381
4.321000,60.001440
4.321100,60.001403
4.321200,60.001407
4.321300,60.001689
4.321400,60.001860
4.321500,60.001319
4.321600,60.001389
4.321700,60.001962
4.321800,60.001838
4.321900,60.002304
4.322000,60.002030
4.322100,60.002408
4.322200,60.001841
4.322300,60.001491
4.322400,60.001275
4.322500,60.001778
4.322600,60.002619
4.322700,60.001811
4.322800,60.001850
4.322900,60.000971
4.323000,60.001135
4.323100,59.999190
4.323200,60.000937
4.323300,60.002758
4.323400,60.002619
4.323500,60.001153
4.323600,60.003232
4.323700,60.000300
4.323800,60.001935
4.323900,60.001047
4.324000,59.994943
4.324100,60.000641
4.324200,59.994338
4.324300,59.995995
4.324400,59.991788
4.324500,59.992137
4.324600,59.999726
4.324700,60.001622
4.324800,60.019456
4.324900,60.009213
4.325000,59.995255
4.325100,59.995270
4.325200,60.010069
4.325300,59.994272
4.325400,59.993089
4.325500,59.991855
4.325600,59.988898
4.325700,59.988645
4.325800,59.988634
4.325900,59.987980
4.326000,59.987064
4.326100,59.986307
4.326200,59.986369
4.326300,59.985049
4.326400,59.985587
4.326500,59.986157
4.326600,59.987125
4.326700,59.988409
4.326800,59.988044
4.326900,59.987426
4.327000,59.987176
4.327100,59.987705
4.327200,59.987181
4.327300,59.987059
4.327400,59.986434
4.327500,59.986956
4.327600,59.987224
4.327700,59.986964
4.327800,59.987050
4.327900,59.986923
4.328000,59.987024
4.328100,59.986880
4.328200,59.986866
4.328300,59.986559
4.328400,59.987133
4.328500,59.987076
4.328600,59.987264
4.328700,59.987125
4.328800,59.986947
4.328900,59.986743
4.329000,59.986871
4.329100,59.987237
4.329200,59.987292
4.329300,59.987413
4.329400,59.986949
4.329500,59.986851
4.329600,59.986729
4.329700,59.986842
4.329800,59.987266
4.329900,59.987114
4.330000,59.986875
4.330100,59.986996
4.330200,59.987372
4.330300,59.986702
4.330400,59.987099
4.330500,59.986869
4.330600,59.986941
4.330700,59.986807
4.330800,59.988262
4.330900,59.987654
4.331000,59.987072
4.331100,59.987511
4.331200,59.987748
4.331300,59.988342
4.331400,59.987838
4.331500,59.988080
4.331600,59.988139
4.331700,59.988290
4.331800,59.987922
4.331900,59.986779
4.332000,59.985757
4.332100,59.989956
4.332200,59.991013
4.332300,59.991326
4.332400,59.990310
4.332500,59.989977
4.332600,59.991240
4.332700,59.992451
4.332800,59.987478
4.332900,59.983234
4.333000,59.981614
4.333100,59.993008
4.333200,59.988524
4.333300,59.990518
4.333400,59.970338
4.333500,59.989723
4.333600,59.970661
4.333700,59.976238
4.333800,59.981444
4.333900,59.985555
4.334000,59.987371
4.334100,59.987016
4.334200,59.987429
4.334300,59.987366
4.334400,59.985937
4.334500,59.986651
4.334600,59.987230
4.334700,59.986793
4.334800,59.986684
4.334900,59.986082
4.335000,59.986286
4.335100,59.986361
4.335200,59.986543
4.335300,59.986412
4.335400,59.987246
4.335500,59.986779
4.335600,59.986778
4.335700,59.986827
4.335800,59.986641
4.335900,59.986792
4.336000,59.986561
4.336100,59.986544
4.336200,59.986361
4.336300,59.986102
4.336400,59.986283
4.336500,59.986714
4.336600,59.987167
4.336700,59.987506
4.336800,59.986887
4.336900,59.986920
4.337000,59.986501
4.337100,59.986682
4.337200,59.986775
4.337300,59.986629
4.337400,59.986668
4.337500,59.986324
4.337600,59.986752
4.337700,59.986533
4.337800,59.986912
4.337900,59.986721
4.338000,59.986865
4.338100,59.986880
4.338200,59.987007
4.338300,59.987236
4.338400,59.986635
4.338500,59.987442
4.338600,59.987327
4.338700,59.986250
4.338800,59.987565
4.338900,59.986319
4.339000,59.986544
4.339100,59.987014
4.339200,59.987288
4.339300,59.987653
4.339400,59.987656
4.339500,59.987481
4.339600,59.986593
4.339700,59.987514
4.339800,59.985942
4.339900,59.985318
4.340000,59.986608
4.340100,59.986884
4.340200,59.986756
4.340300,59.990476
4.340400,59.989625
4.340500,59.990987
4.340600,59.988427
4.340700,59.986413
4.340800,59.982933
4.340900,59.983321
4.341000,59.985465
4.341100,59.986992
4.341200,59.976769
4.341300,59.985932
4.341400,60.001441
4.341500,60.015429
4.341600,59.994566
4.341700,60.001240
4.341800,60.023888
4.341900,60.030829
4.342000,60.041578
4.342100,60.031471
4.342200,60.025394
4.342300,60.022139
4.342400,60.021143
4.342500,60.021186
4.342600,60.020740
4.342700,60.021270
4.342800,60.020760
4.342900,60.021613
4.343000,60.020343
4.343100,60.020165
4.343200,60.020544
4.343300,60.021822
4.343400,60.021469
4.343500,60.021492
4.343600,60.021689
4.343700,60.021898
4.343800,60.021624
4.343900,60.021222
4.344000,60.021290
4.344100,60.021042
4.344200,60.021062
4.344300,60.020831
4.344400,60.021289
4.344500,60.021703
4.344600,60.021259
4.344700,60.021115
4.344800,60.021015
4.344900,60.021081
4.345000,60.021277
4.345100,60.021226
4.345200,60.021340
4.345300,60.021434
4.345400,60.021720
4.345500,60.021472
4.345600,60.021341
4.345700,60.021576
4.345800,60.021186
4.345900,60.021260
4.346000,60.021169
4.346100,60.021315
4.346200,60.021427
4.346300,60.021499
4.346400,60.021197
4.346500,60.021812
4.346600,60.021546
4.346700,60.021529
4.346800,60.021628
4.346900,60.021207
4.347000,60.021279
4.347100,60.021911
4.347200,60.021183
4.347300,60.021202
4.347400,60.021284
4.347500,60.022505
4.347600,60.022898
4.347700,60.022044
4.347800,60.021559
4.347900,60.021737
4.348000,60.019609
4.348100,60.019316
4.348200,60.022013
4.348300,60.021146
4.348400,60.019311
4.348500,60.019519
4.348600,60.021483
4.348700,60.021322
4.348800,60.020300
4.348900,60.020799
4.349000,60.020575
4.349100,60.017824
4.349200,60.018325
4.349300,60.012114
4.349400,60.017246
4.349500,60.015693
4.349600,60.020346
4.349700,60.018991
4.349800,60.005137
4.349900,60.011485
4.350000,60.005724
4.350100,60.007665
4.350200,60.006056
4.350300,59.991638
4.350400,59.991678
4.350500,59.997177
4.350600,59.997088
4.350700,59.996844
4.350800,59.996857
4.350900,59.996600
4.351000,59.996567
4.351100,59.997080
4.351200,59.995667
4.351300,59.997147
4.351400,59.998578
4.351500,59.998587
4.351600,59.997991
4.351700,59.998131
4.351800,59.998448
4.351900,59.998414
4.352000,59.998381
4.352100,59.998484
4.352200,59.998320
4.352300,59.997876
4.352400,59.998059
4.352500,59.998062
4.352600,59.998248
4.352700,59.997979
4.352800,59.997736
4.352900,59.997873
4.353000,59.998039
4.353100,59.997724
4.353200,59.997964
4.353300,59.998099
4.353400,59.997735
4.353500,59.997684
4.353600,59.998275
4.353700,59.998134
4.353800,59.998265
4.353900,59.997899
4.354000,59.998165
4.354100,59.998423
4.354200,59.998076
4.354300,59.997642
4.354400,59.997280
4.354500,59.997776
4.354600,59.998287
4.354700,59.997937
4.354800,59.998269
4.354900,59.998263
4.355000,59.997743
4.355100,59.998023
4.355200,59.997919
4.355300,59.997691
4.355400,59.998269
4.355500,59.998886
4.355600,59.998076
4.355700,59.997422
4.355800,59.997890
4.355900,59.997915
4.356000,59.998335
4.356100,59.997425
4.356200,59.998720
4.356300,59.998842
4.356400,59.996710
4.356500,59.998932
4.356600,59.997735
4.356700,59.997708
4.356800,59.997802
4.356900,59.999226
4.357000,60.000306
4.357100,60.000972
4.357200,60.004149
4.357300,59.999240
4.357400,60.005225
4.357500,59.999325
4.357600,59.996567
4.357700,59.991622
4.357800,59.990287
4.357900,59.987614
4.358000,60.000504
4.358100,59.986102
4.358200,59.966784
4.358300,59.967137
4.358400,59.988067
4.358500,59.994465
4.358600,59.983118
4.358700,59.973131
4.358800,59.982442
4.358900,59.983272
4.359000,59.983102
4.359100,59.983262
4.359200,59.983510
4.359300,59.983243
4.359400,59.983064
4.359500,59.983267
4.359600,59.984806
4.359700,59.983543
4.359800,59.983129
4.359900,59.983973
4.360000,59.984115
4.360100,59.984099
4.360200,59.984752
4.360300,59.984707
4.360400,59.984306
4.360500,59.984944
4.360600,59.984782
4.360700,59.984623
4.360800,59.984047
4.360900,59.984450
4.361000,59.984594
4.361100,59.984424
4.361200,59.984078
4.361300,59.984381
4.361400,59.984081
4.361500,59.983912
4.361600,59.984375
4.361700,59.984189
4.361800,59.983862
4.361900,59.984233
4.362000,59.984015
4.362100,59.984383
4.362200,59.984165
4.362300,59.984222
4.362400,59.984113
4.362500,59.984289
4.362600,59.984589
4.362700,59.984546
4.362800,59.983811
4.362900,59.984147
4.363000,59.984335
4.363100,59.984319
4.363200,59.984177
4.363300,59.984556
4.363400,59.983658
4.363500,59.983837
4.363600,59.984253
4.363700,59.984387
4.363800,59.984020
4.363900,59.984854
4.364000,59.984381
4.364100,59.984824
4.364200,59.984327
4.364300,59.984469
4.364400,59.985376
4.364500,59.985473
4.364600,59.984375
4.364700,59.984949
4.364800,59.986255
4.364900,59.984475
4.365000,59.985650
4.365100,59.984777
4.365200,59.983939
4.365300,59.987660
4.365400,59.987845
4.365500,59.987329
4.365600,59.984948
4.365700,59.985837
4.365800,59.986575
4.365900,59.991061
4.366000,59.981606
4.366100,59.975980
4.366200,59.974232
4.366300,59.974157
4.366400,59.966378
4.366500,59.981198
4.366600,59.977777
4.366700,59.969968
4.366800,59.972237
4.366900,59.975678
4.367000,59.971382
4.367100,59.967940
4.367200,59.973345
4.367300,59.974574
4.367400,59.973951
4.367500,59.974001
4.367600,59.973732
4.367700,59.973838
4.367800,59.975564
4.367900,59.975941
4.368000,59.976933
4.368100,59.975234
4.368200,59.975411
4.368300,59.974867
4.368400,59.975167
4.368500,59.975463
4.368600,59.976029
4.368700,59.975061
4.368800,59.975542
4.368900,59.975258
4.369000,59.975533
4.369100,59.976090
4.369200,59.976061
4.369300,59.975514
4.369400,59.975638
4.369500,59.975450
4.369600,59.975530
4.369700,59.975419
4.369800,59.975798
4.369900,59.975966
4.370000,59.975746
4.370100,59.975318
4.370200,59.975652
4.370300,59.975302
4.370400,59.975740
4.370500,59.975506
4.370600,59.975536
4.370700,59.975193
4.370800,59.975195
4.370900,59.975283
4.371000,59.975345
4.371100,59.975384
4.371200,59.975258
4.371300,59.975775
4.371400,59.975170
4.371500,59.975637
4.371600,59.975405
4.371700,59.975621
4.371800,59.975077
4.371900,59.974874
4.372000,59.976014
4.372100,59.975615
4.372200,59.975143
4.372300,59.975549
4.372400,59.975950
4.372500,59.976457
4.372600,59.976474
4.372700,59.976633
4.372800,59.976019
4.372900,59.977261
4.373000,59.975775
4.373100,59.976632
4.373200,59.975622
4.373300,59.977375
4.373400,59.975396
4.373500,59.978694
4.373600,59.975435
4.373700,59.977090
4.373800,59.978383
4.373900,59.979920
4.374000,59.976199
4.374100,59.982543
4.374200,59.980502
4.374300,59.985335
4.374400,59.988781
4.374500,59.991679
4.374600,60.004191
4.374700,59.989889
4.374800,59.991129
4.374900,59.989026
4.375000,60.011413
4.375100,59.990382
4.375200,60.009736
4.375300,60.016490
4.375400,60.021607
4.375500,60.016937
4.375600,60.021024
4.375700,60.021723
4.375800,60.021100
4.375900,60.021305
4.376000,60.020136
4.376100,60.019155
4.376200,60.020831
4.376300,60.020093
4.376400,60.020400
4.376500,60.020147
4.376600,60.020406
4.376700,60.020375
4.376800,60.020633
4.376900,60.019720
4.377000,60.020017
4.377100,60.020180
4.377200,60.020467
4.377300,60.020442
4.377400,60.020308
4.377500,60.019568
4.377600,60.020192
4.377700,60.020373
4.377800,60.020149
4.377900,60.020202
4.378000,60.020036
4.378100,60.020246
4.378200,60.019915
4.378300,60.020118
4.378400,60.020421
4.378500,60.020297
4.378600,60.019867
4.378700,60.020143
4.378800,60.019623
4.378900,60.019680
4.379000,60.020151
4.379100,60.020521
4.379200,60.020225
4.379300,60.020091
4.379400,60.019954
4.379500,60.020055
4.379600,60.020661
4.379700,60.020297
4.379800,60.020643
4.379900,60.020629
4.380000,60.020548
4.380100,60.020346
4.380200,60.019459
4.380300,60.019625
4.380400,60.020092
4.380500,60.020039
4.380600,60.020805
4.380700,60.021021
4.380800,60.019617
4.380900,60.020169
4.381000,60.020728
4.381100,60.021162
4.381200,60.020296
4.381300,60.021758
4.381400,60.020973
4.381500,60.018555
4.381600,60.019478
4.381700,60.018146
4.381800,60.017382
4.381900,60.019645
4.382000,60.022263
4.382100,60.022235
4.382200,60.022235
4.382300,60.022242
4.382400,60.022250
4.382500,60.022265
4.382600,60.022287
4.382700,60.022301
4.382800,60.022313
4.382900,60.022312
4.383000,60.022334
4.383100,60.022324
4.383200,60.022318
4.383300,60.022307
4.383400,60.022331
4.383500,60.022305
4.383600,60.022312
4.383700,60.022317
4.383800,60.022301
4.383900,60.022297
4.384000,60.022342
4.384100,60.022398
4.384200,60.022421
4.384300,60.022442
4.384400,60.022414
4.384500,60.022468
4.384600,60.022500
4.384700,60.022483
4.384800,60.022493
4.384900,60.022458
4.385000,60.022422
4.385100,60.022351
4.385200,60.022323
4.385300,60.022392
4.385400,60.022403
4.385500,60.022387
4.385600,60.022424
4.385700,60.022417
4.385800,60.022389
4.385900,60.022430
4.386000,60.022463
4.386100,60.022524
4.386200,60.022517
4.386300,60.022549
4.386400,60.022557
4.386500,60.022586
4.386600,60.022589
4.386700,60.022560
4.386800,60.022557
4.386900,60.022578
4.387000,60.022585
4.387100,60.022602
4.387200,60.022616
4.387300,60.022617
4.387400,60.022629
4.387500,60.022629
4.387600,60.022640
4.387700,60.022645
4.387800,60.022652
4.387900,60.022658
4.388000,60.022662
4.388100,60.022659
4.388200,60.022667
4.388300,60.022649
4.388400,60.022662
4.388500,60.022666
4.388600,60.022662
4.388700,60.022675
4.388800,60.022653
4.388900,60.022675
4.389000,60.022673
4.389100,60.022667
4.389200,60.022671
4.389300,60.022661
4.389400,60.022725
4.389500,60.022753
4.389600,60.022732
4.389700,60.022693
4.389800,60.022668
4.389900,60.022621
4.390000,60.022654
4.390100,60.022678
4.390200,60.022716
4.390300,60.022745
4.390400,60.022767
4.390500,60.022662
4.390600,60.022590
4.390700,60.022583
4.390800,60.022524
4.390900,60.022573
4.391000,60.022521
4.391100,60.022542
4.391200,60.022515
4.391300,60.022457
4.391400,60.022436
4.391500,60.022421
4.391600,60.022230
4.391700,60.022171
4.391800,60.022190
4.391900,60.022071
4.392000,60.021911
4.392100,60.021912
4.392200,60.021973
4.392300,60.021880
4.392400,60.021912
4.392500,60.022086
4.392600,60.022131
4.392700,60.022201
4.392800,60.022256
4.392900,60.022117
4.393000,60.022024
4.393100,60.021814
4.393200,60.021895
4.393300,60.021646
4.393400,60.021713
4.393500,60.021678
4.393600,60.021590
4.393700,60.021631
4.393800,60.021616
4.393900,60.021620
4.394000,60.021674
4.394100,60.021680
4.394200,60.021700
4.394300,60.021666
4.394400,60.021690
4.394500,60.021715
4.394600,60.021721
4.394700,60.021731
4.394800,60.021730
4.394900,60.021731
4.395000,60.021726
4.395100,60.021722
4.395200,60.021730
4.395300,60.021737
4.395400,60.021711
4.395500,60.021762
4.395600,60.021772
4.395700,60.021862
4.395800,60.021835
4.395900,60.021800
4.396000,60.021834
4.396100,60.021743
4.396200,60.021614
4.396300,60.021625
4.396400,60.021692
4.396500,60.021602
4.396600,60.021579
4.396700,60.021672
4.396800,60.021672
4.396900,60.021494
4.397000,60.021472
4.397100,60.021489
4.397200,60.021570
4.397300,60.021413
4.397400,60.021360
4.397500,60.021405
4.397600,60.021220
4.397700,60.021106
4.397800,60.020846
4.397900,60.020993
4.398000,60.020926
4.398100,60.020833
4.398200,60.020912
4.398300,60.020935
4.398400,60.021213
4.398500,60.021144
4.398600,60.020671
4.398700,60.020649
4.398800,60.020576
4.398900,60.020565
4.399000,60.020267
4.399100,60.020209
4.399200,60.020134
4.399300,60.019867
4.399400,60.019708
4.399500,60.019971
4.399600,60.020403
4.399700,60.020395
4.399800,60.019366
4.399900,60.018836
4.400000,60.018843
4.400100,60.018030
4.400200,60.017821
4.400300,60.017787
4.400400,60.016537
4.400500,60.016137
4.400600,60.015994
4.400700,60.015958
4.400800,60.015542
4.400900,60.014646
4.401000,60.015436
4.401100,60.015463
4.401200,60.015893
4.401300,60.015969
4.401400,60.015486
4.401500,60.015685
4.401600,60.015877
4.401700,60.015911
4.401800,60.015785
4.401900,60.015609
4.402000,60.016020
4.402100,60.015895
4.402200,60.015855
4.402300,60.015992
4.402400,60.016005
4.402500,60.015972
4.402600,60.015977
4.402700,60.015978
4.402800,60.015963
4.402900,60.015967
4.403000,60.015979
4.403100,60.015959
4.403200,60.015862
4.403300,60.015746
4.403400,60.015977
4.403500,60.016132
4.403600,60.016220
4.403700,60.016295
4.403800,60.016529
4.403900,60.016599
4.404000,60.016718
4.404100,60.016677
4.404200,60.016859
4.404300,60.016850
4.404400,60.017034
4.404500,60.017169
4.404600,60.016619
4.404700,60.016449
4.404800,60.016213
4.404900,60.015975
4.405000,60.016157
4.405100,60.016258
4.405200,60.016132
4.405300,60.016125
4.405400,60.015771
4.405500,60.015604
4.405600,60.015243
4.405700,60.015336
4.405800,60.015030
4.405900,60.014710
4.406000,60.014496
4.406100,60.014466
4.406200,60.014424
4.406300,60.014459
4.406400,60.014347
4.406500,60.014487
4.406600,60.014427
4.406700,60.014514
4.406800,60.014085
4.406900,60.013884
4.407000,60.013868
4.407100,60.014870
4.407200,60.014282
4.407300,60.014393
4.407400,60.014398
4.407500,60.014812
4.407600,60.014348
4.407700,60.014473
4.407800,60.016132
4.407900,60.015644
4.408000,60.015666
4.408100,60.016195
4.408200,60.013962
4.408300,60.013983
4.408400,60.013868
4.408500,60.013435
4.408600,60.014432
4.408700,60.014496
4.408800,60.013973
4.408900,60.013662
4.409000,60.014399
4.409100,60.012296
4.409200,60.012367
4.409300,60.011633
4.409400,60.011726
4.409500,60.011178
4.409600,60.011347
4.409700,60.011280
4.409800,60.010491
4.409900,60.010226
4.410000,60.010533
4.410100,60.010971
4.410200,60.011053
4.410300,60.011120
4.410400,60.011030
4.410500,60.010960
4.410600,60.010965
4.410700,60.010927
4.410800,60.010754
4.410900,60.010833
4.411000,60.010737
4.411100,60.010671
4.411200,60.010767
4.411300,60.010617
4.411400,60.010589
4.411500,60.010634
4.411600,60.010646
4.411700,60.010616
4.411800,60.010878
4.411900,60.010695
4.412000,60.010854
4.412100,60.010627
4.412200,60.009989
4.412300,60.009833
4.412400,60.009722
4.412500,60.009337
4.412600,60.009317
4.412700,60.009451
4.412800,60.009440
4.412900,60.009382
4.413000,60.009886
4.413100,60.009026
4.413200,60.008876
4.413300,60.008823
4.413400,60.008288
4.413500,60.009065
4.413600,60.008887
4.413700,60.009291
4.413800,60.009117
4.413900,60.009582
4.414000,60.009547
4.414100,60.008828
4.414200,60.008302
4.414300,60.008273
4.414400,60.008483
4.414500,60.008483
4.414600,60.008811
4.414700,60.009017
4.414800,60.008627
4.414900,60.009210
4.415000,60.008559
4.415100,60.009053
4.415200,60.009282
4.415300,60.008694
4.415400,60.007453
4.415500,60.006140
4.415600,60.004426
4.415700,60.004138
4.415800,60.004086
4.415900,60.004752
4.416000,60.003465
4.416100,60.003816
4.416200,60.006512
4.416300,60.007429
4.416400,60.009029
4.416500,60.007864
4.416600,60.005741
4.416700,60.007849
4.416800,60.009312
4.416900,60.013653
4.417000,60.012682
4.417100,60.011055
4.417200,60.009763
4.417300,60.007102
4.417400,60.008077
4.417500,60.008502
4.417600,60.007416
4.417700,60.006770
4.417800,60.007487
4.417900,60.007295
4.418000,60.007399
4.418100,60.007254
4.418200,60.006903
4.418300,60.006599
4.418400,60.006569
4.418500,60.006733
4.418600,60.006734
4.418700,60.006760
4.418800,60.006742
4.418900,60.006923
4.419000,60.006493
4.419100,60.006517
4.419200,60.007198
4.419300,60.006896
4.419400,60.007091
4.419500,60.006665
4.419600,60.006581
4.419700,60.006679
4.419800,60.007326
4.419900,60.007382
4.420000,60.006951
4.420100,60.006512
4.420200,60.007184
4.420300,60.007008
4.420400,60.006849
4.420500,60.006916
4.420600,60.006939
4.420700,60.006988
4.420800,60.006859
4.420900,60.006388
4.421000,60.005600
4.421100,60.005386
4.421200,60.005749
4.421300,60.005653
4.421400,60.005503
4.421500,60.006310
4.421600,60.006565
4.421700,60.006491
4.421800,60.006199
4.421900,60.006858
4.422000,60.007232
4.422100,60.007249
4.422200,60.006840
4.422300,60.006587
4.422400,60.005896
4.422500,60.005936
4.422600,60.005533
4.422700,60.005698
4.422800,60.005797
4.422900,60.006250
4.423000,60.006980
4.423100,60.005196
4.423200,60.007271
4.423300,60.006613
4.423400,60.005405
4.423500,60.005131
4.423600,60.003772
4.423700,60.002468
4.423800,60.002419
4.423900,60.002176
4.424000,60.001561
4.424100,60.002349
4.424200,60.004149
4.424300,60.002417
4.424400,60.001017
4.424500,60.003293
4.424600,60.004154
4.424700,60.000164
4.424800,60.002455
4.424900,60.002835
4.425000,60.008062
4.425100,60.005795
4.425200,60.004489
4.425300,60.003950
4.425400,60.002822
4.425500,60.005499
4.425600,60.009142
4.425700,60.010404
4.425800,60.012388
4.425900,60.011806
4.426000,60.009725
4.426100,60.010237
4.426200,60.008934
4.426300,60.008959
4.426400,60.008882
4.426500,60.008881
4.426600,60.008853
4.426700,60.008773
4.426800,60.008938
4.426900,60.008864
4.427000,60.008959
4.427100,60.008915
4.427200,60.008629
4.427300,60.009130
4.427400,60.009191
4.427500,60.009371
4.427600,60.009561
4.427700,60.009233
4.427800,60.009084
4.427900,60.008611
4.428000,60.008077
4.428100,60.008666
4.428200,60.008584
4.428300,60.009082
4.428400,60.008903
4.428500,60.008262
4.428600,60.008581
4.428700,60.008694
4.428800,60.008462
4.428900,60.008421
4.429000,60.008226
4.429100,60.007796
4.429200,60.007917
4.429300,60.008168
4.429400,60.008033
4.429500,60.008302
4.429600,60.008513
4.429700,60.008707
4.429800,60.008356
4.429900,60.008797
4.430000,60.008674
4.430100,60.008315
4.430200,60.008431
4.430300,60.008142
4.430400,60.008174
4.430500,60.008200
4.430600,60.006897
4.430700,60.006966
4.430800,60.007666
4.430900,60.007430
4.431000,60.008014
4.431100,60.009600
4.431200,60.008862
4.431300,60.009928
4.431400,60.009824
4.431500,60.008987
4.431600,60.007539
4.431700,60.007039
4.431800,60.005248
4.431900,60.005435
4.432000,60.005706
4.432100,60.006576
4.432200,60.005190
4.432300,60.006657
4.432400,60.006887
4.432500,60.002454
4.432600,59.998977
4.432700,60.002358
4.432800,60.001003
4.432900,60.000987
4.433000,60.000913
4.433100,59.997901
4.433200,60.000668
4.433300,60.004874
4.433400,60.007444
4.433500,60.006206
4.433600,60.003580
4.433700,60.003791
4.433800,59.998496
4.433900,59.996823
4.434000,59.996319
4.434100,59.998491
4.434200,59.999417
4.434300,59.998353
4.434400,59.998313
4.434500,59.998537
4.434600,59.998322
4.434700,59.998321
4.434800,59.998487
4.434900,59.998625
4.435000,59.998655
4.435100,59.998350
4.435200,59.997963
4.435300,59.998842
4.435400,59.998740
4.435500,59.997390
4.435600,59.996768
4.435700,59.997063
4.435800,59.997760
4.435900,59.998092
4.436000,59.997976
4.436100,59.997920
4.436200,59.997367
4.436300,59.996851
4.436400,59.996511
4.436500,59.996643
4.436600,59.997363
4.436700,59.996892
4.436800,59.996336
4.436900,59.996660
4.437000,59.996995
4.437100,59.996944
4.437200,59.996870
4.437300,59.997119
4.437400,59.996968
4.437500,59.996502
4.437600,59.996721
4.437700,59.996652
4.437800,59.997130
4.437900,59.996735
4.438000,59.997268
4.438100,59.997775
4.438200,59.996514
4.438300,59.996981
4.438400,59.996478
4.438500,59.996498
4.438600,59.996572
4.438700,59.996436
4.438800,59.997077
4.438900,59.997416
4.439000,59.997090
4.439100,59.996950
4.439200,59.996183
4.439300,59.995811
4.439400,59.995739
4.439500,59.996619
4.439600,59.994970
4.439700,59.994893
4.439800,59.994825
4.439900,59.995812
4.440000,59.996139
4.440100,59.994654
4.440200,59.995861
4.440300,59.998153
4.440400,59.999357
4.440500,59.997456
4.440600,59.992076
4.440700,59.992680
4.440800,59.992978
4.440900,59.997376
4.441000,60.003276
4.441100,60.004752
4.441200,60.011385
4.441300,60.017020
4.441400,60.021971
4.441500,60.025832
4.441600,60.026491
4.441700,60.028767
4.441800,60.024858
4.441900,60.027747
4.442000,60.029435
4.442100,60.026028
4.442200,60.026574
4.442300,60.022908
4.442400,60.023125
4.442500,60.025720
4.442600,60.026929
4.442700,60.026019
4.442800,60.025925
4.442900,60.026100
4.443000,60.026920
4.443100,60.026195
4.443200,60.024989
4.443300,60.024378
4.443400,60.024060
4.443500,60.023969
4.443600,60.024716
4.443700,60.024057
4.443800,60.024170
4.443900,60.024853
4.444000,60.024124
4.444100,60.023439
4.444200,60.024129
4.444300,60.024067
4.444400,60.024188
4.444500,60.024312
4.444600,60.024606
4.444700,60.024276
4.444800,60.024534
4.444900,60.023934
4.445000,60.023786
4.445100,60.023733
4.445200,60.023901
4.445300,60.024087
4.445400,60.024089
4.445500,60.024131
4.445600,60.023621
4.445700,60.023845
4.445800,60.023668
4.445900,60.023505
4.446000,60.023762
4.446100,60.023879
4.446200,60.024142
4.446300,60.023820
4.446400,60.023746
4.446500,60.023833
4.446600,60.023810
4.446700,60.023721
4.446800,60.023307
4.446900,60.022764
4.447000,60.022790
4.447100,60.022508
4.447200,60.023350
4.447300,60.022362
4.447400,60.023765
4.447500,60.023862
4.447600,60.023443
4.447700,60.024352
4.447800,60.025597
4.447900,60.022559
4.448000,60.022786
4.448100,60.023525
4.448200,60.025459
4.448300,60.025836
4.448400,60.023879
4.448500,60.021435
4.448600,60.020305
4.448700,60.018597
4.448800,60.016427
4.448900,60.020668
4.449000,60.014718
4.449100,60.018521
4.449200,60.011859
4.449300,60.009623
4.449400,60.017729
4.449500,60.017502
4.449600,60.013321
4.449700,60.015938
4.449800,60.004612
4.449900,60.008812
4.450000,59.998111
4.450100,59.985353
4.450200,59.983953
4.450300,59.975867
4.450400,59.966026
4.450500,59.975371
4.450600,59.974306
4.450700,59.980355
4.450800,59.979125
4.450900,59.979638
4.451000,59.979631
4.451100,59.980201
4.451200,59.979979
4.451300,59.980212
4.451400,59.979837
4.451500,59.980759
4.451600,59.979824
4.451700,59.980726
4.451800,59.979937
4.451900,59.979772
4.452000,59.979864
4.452100,59.980072
4.452200,59.979407
4.452300,59.979332
4.452400,59.979566
4.452500,59.979897
4.452600,59.979165
4.452700,59.979368
4.452800,59.978525
4.452900,59.979266
4.453000,59.978958
4.453100,59.979281
4.453200,59.979349
4.453300,59.978895
4.453400,59.978495
4.453500,59.979130
4.453600,59.979300
4.453700,59.979297
4.453800,59.978989
4.453900,59.978626
4.454000,59.979133
4.454100,59.979371
4.454200,59.978787
4.454300,59.979514
4.454400,59.979197
4.454500,59.979158
4.454600,59.978515
4.454700,59.978727
4.454800,59.979017
4.454900,59.978647
4.455000,59.978551
4.455100,59.979926
4.455200,59.979632
4.455300,59.978915
4.455400,59.979785
4.455500,59.979842
4.455600,59.979236
4.455700,59.979171
4.455800,59.978988
4.455900,59.979252
4.456000,59.979642
4.456100,59.977791
4.456200,59.978371
4.456300,59.977025
4.456400,59.978329
4.456500,59.979684
4.456600,59.978908
4.456700,59.978579
4.456800,59.978744
4.456900,59.980962
4.457000,59.979044
4.457100,59.978288
4.457200,59.976831
4.457300,59.977831
4.457400,59.976570
4.457500,59.973627
4.457600,59.981440
4.457700,59.982576
4.457800,59.980079
4.457900,59.996409
4.458000,60.010131
4.458100,60.011657
4.458200,60.030647
4.458300,60.020738
4.458400,60.013836
4.458500,60.018740
4.458600,60.024865
4.458700,60.014404
4.458800,60.016701
4.458900,60.013968
4.459000,60.015015
4.459100,60.016150
4.459200,60.016626
4.459300,60.016554
4.459400,60.016423
4.459500,60.017120
4.459600,60.017973
4.459700,60.017226
4.459800,60.017089
4.459900,60.015898
4.460000,60.016137
4.460100,60.017125
4.460200,60.017078
4.460300,60.017224
4.460400,60.016531
4.460500,60.017401
4.460600,60.017721
4.460700,60.017134
4.460800,60.017246
4.460900,60.017294
4.461000,60.017357
4.461100,60.016739
4.461200,60.016901
4.461300,60.016753
4.461400,60.017219
4.461500,60.017500
4.461600,60.017729
4.461700,60.017286
4.461800,60.017121
4.461900,60.017042
4.462000,60.017322
4.462100,60.017465
4.462200,60.017184
4.462300,60.016883
4.462400,60.016388
4.462500,60.016500
4.462600,60.017171
4.462700,60.016900
4.462800,60.016618
4.462900,60.016555
4.463000,60.016606
4.463100,60.016548
4.463200,60.016753
4.463300,60.017031
4.463400,60.017276
4.463500,60.016938
4.463600,60.016616
4.463700,60.017027
4.463800,60.017551
4.463900,60.017701
4.464000,60.016325
4.464100,60.016433
4.464200,60.017756
4.464300,60.017249
4.464400,60.017692
4.464500,60.017797
4.464600,60.017994
4.464700,60.017581
4.464800,60.018557
4.464900,60.017844
4.465000,60.014649
4.465100,60.014166
4.465200,60.013091
4.465300,60.012791
4.465400,60.010861
4.465500,60.013910
4.465600,60.015605
4.465700,60.012426
4.465800,60.009381
4.465900,60.012595
4.466000,60.008304
4.466100,60.016119
4.466200,60.012744
4.466300,60.005976
4.466400,59.993930
4.466500,59.978061
4.466600,59.982883
4.466700,59.978743
4.466800,59.993781
4.466900,59.999325
4.467000,59.985433
4.467100,59.990397
4.467200,59.984313
4.467300,59.986203
4.467400,59.986044
4.467500,59.985906
4.467600,59.985919
4.467700,59.986008
4.467800,59.986989
4.467900,59.987548
4.468000,59.986704
4.468100,59.987187
4.468200,59.987658
4.468300,59.986868
4.468400,59.985890
4.468500,59.986354
4.468600,59.985303
4.468700,59.985218
4.468800,59.985195
4.468900,59.985935
4.469000,59.986484
4.469100,59.985675
4.469200,59.986152
4.469300,59.986056
4.469400,59.986055
4.469500,59.985591
4.469600,59.985614
4.469700,59.985588
4.469800,59.985562
4.469900,59.985938
4.470000,59.985974
4.470100,59.985829
4.470200,59.985625
4.470300,59.985324
4.470400,59.985361
4.470500,59.985490
4.470600,59.985369
4.470700,59.985531
4.470800,59.985440
4.470900,59.985210
4.471000,59.985290
4.471100,59.984930
4.471200,59.985295
4.471300,59.984995
4.471400,59.985830
4.471500,59.985585
4.471600,59.985373
4.471700,59.985858
4.471800,59.985230
4.471900,59.985291
4.472000,59.986121
4.472100,59.986829
4.472200,59.986982
4.472300,59.986206
4.472400,59.986154
4.472500,59.984897
4.472600,59.985977
4.472700,59.986132
4.472800,59.985973
4.472900,59.985106
4.473000,59.985591
4.473100,59.985986
4.473200,59.983834
4.473300,59.982631
4.473400,59.981659
4.473500,59.982764
4.473600,59.983591
4.473700,59.984864
4.473800,59.983611
4.473900,59.984763
4.474000,59.979758
4.474100,59.979352
4.474200,59.986140
4.474300,59.984375
4.474400,59.985114
4.474500,59.982134
4.474600,59.983773
4.474700,59.984777
4.474800,59.980835
4.474900,59.988390
4.475000,60.009688
4.475100,59.997178
4.475200,60.003838
4.475300,60.002580
4.475400,60.007752
4.475500,60.008133
4.475600,60.006922
4.475700,60.005426
4.475800,60.005422
4.475900,60.005045
4.476000,60.005100
4.476100,60.004481
4.476200,60.004394
4.476300,60.004186
4.476400,60.004266
4.476500,60.005718
4.476600,60.005894
4.476700,60.004815
4.476800,60.004643
4.476900,60.005391
4.477000,60.005062
4.477100,60.004847
4.477200,60.005030
4.477300,60.004614
4.477400,60.004604
4.477500,60.005018
4.477600,60.005158
4.477700,60.004739
4.477800,60.004395
4.477900,60.004776
4.478000,60.004643
4.478100,60.004681
4.478200,60.004678
4.478300,60.004081
4.478400,60.004603
4.478500,60.004532
4.478600,60.005042
4.478700,60.004915
4.478800,60.004745
4.478900,60.004724
4.479000,60.004704
4.479100,60.004356
4.479200,60.004297
4.479300,60.004778
4.479400,60.004367
4.479500,60.004441
4.479600,60.004881
4.479700,60.004556
4.479800,60.004595
4.479900,60.005010
4.480000,60.004265
4.480100,60.005064
4.480200,60.005338
4.480300,60.004855
4.480400,60.004038
4.480500,60.004037
4.480600,60.004707
4.480700,60.003894
4.480800,60.004235
4.480900,60.003552
4.481000,60.003482
4.481100,60.003019
4.481200,60.004483
4.481300,60.004791
4.481400,60.004753
4.481500,60.005821
4.481600,60.004649
4.481700,60.004426
4.481800,60.001876
4.481900,60.000518
4.482000,60.003649
4.482100,60.000703
4.482200,59.999589
4.482300,60.003128
4.482400,60.000305
4.482500,60.000461
4.482600,60.007047
4.482700,60.000801
4.482800,60.011350
4.482900,59.998946
4.483000,59.995101
4.483100,60.001277
4.483200,59.980025
4.483300,59.996932
4.483400,60.008563
4.483500,59.992775
4.483600,59.999160
4.483700,59.985674
4.483800,59.976886
4.483900,59.979841
4.484000,59.978265
4.484100,59.979027
4.484200,59.978894
4.484300,59.979530
4.484400,59.979856
4.484500,59.980744
4.484600,59.979393
4.484700,59.978042
4.484800,59.978074
4.484900,59.977062
4.485000,59.977943
4.485100,59.978215
4.485200,59.978169
4.485300,59.978081
4.485400,59.978085
4.485500,59.978166
4.485600,59.977944
4.485700,59.978374
4.485800,59.978678
4.485900,59.978055
4.486000,59.977975
4.486100,59.978324
4.486200,59.978079
4.486300,59.977853
4.486400,59.977444
4.486500,59.977827
4.486600,59.977687
4.486700,59.978121
4.486800,59.977449
4.486900,59.977740
4.487000,59.977408
4.487100,59.977751
4.487200,59.977985
4.487300,59.977505
4.487400,59.977477
4.487500,59.977738
4.487600,59.977957
4.487700,59.977615
4.487800,59.977575
4.487900,59.977526
4.488000,59.977334
4.488100,59.977221
4.488200,59.977332
4.488300,59.977487
4.488400,59.977880
4.488500,59.977682
4.488600,59.977253
4.488700,59.977362
4.488800,59.977828
4.488900,59.976563
4.489000,59.976757
4.489100,59.977594
4.489200,59.978352
4.489300,59.977550
4.489400,59.977174
4.489500,59.977927
4.489600,59.978709
4.489700,59.978588
4.489800,59.978230
4.489900,59.977161
4.490000,59.976655
4.490100,59.978571
4.490200,59.978479
4.490300,59.976644
4.490400,59.977899
4.490500,59.975717
4.490600,59.972644
4.490700,59.972086
4.490800,59.975469
4.490900,59.983362
4.491000,59.983194
4.491100,59.982064
4.491200,59.973407
4.491300,59.957409
4.491400,59.960693
4.491500,59.972961
4.491600,59.968726
4.491700,59.964674
4.491800,59.963682
4.491900,59.966665
4.492000,59.973633
4.492100,59.981448
4.492200,59.978805
4.492300,59.982536
4.492400,59.981678
4.492500,59.981692
4.492600,59.982802
4.492700,59.983112
4.492800,59.982867
4.492900,59.982310
4.493000,59.982552
4.493100,59.982241
4.493200,59.983654
4.493300,59.984855
4.493400,59.983554
4.493500,59.983273
4.493600,59.983042
4.493700,59.983418
4.493800,59.983450
4.493900,59.982728
4.494000,59.982821
4.494100,59.983198
4.494200,59.983354
4.494300,59.983210
4.494400,59.983140
4.494500,59.983178
4.494600,59.983098
4.494700,59.983142
4.494800,59.983411
4.494900,59.983296
4.495000,59.982824
4.495100,59.982821
4.495200,59.983089
4.495300,59.983461
4.495400,59.983236
4.495500,59.983185
4.495600,59.983199
4.495700,59.982968
4.495800,59.982698
4.495900,59.982876
4.496000,59.982759
4.496100,59.982343
4.496200,59.982531
4.496300,59.982869
4.496400,59.983265
4.496500,59.983337
4.496600,59.983376
4.496700,59.983268
4.496800,59.983285
4.496900,59.983143
4.497000,59.982519
4.497100,59.983169
4.497200,59.982940
4.497300,59.983645
4.497400,59.983042
4.497500,59.983520
4.497600,59.982909
4.497700,59.983411
4.497800,59.981548
4.497900,59.983468
4.498000,59.983776
4.498100,59.981518
4.498200,59.982451
4.498300,59.979667
4.498400,59.980034
4.498500,59.982663
4.498600,59.982855
4.498700,59.984516
4.498800,59.986503
4.498900,59.983604
4.499000,59.980949
4.499100,59.982584
4.499200,59.984766
4.499300,59.985264
4.499400,59.979490
4.499500,59.975011
4.499600,59.982361
4.499700,59.991078
4.499800,59.989739
4.499900,59.995364
4.500000,60.000442
4.500100,59.981104
4.500200,59.996045
4.500300,59.980514
4.500400,59.972790
4.500500,59.976622
4.500600,59.978427
4.500700,59.977379
4.500800,59.977444
4.500900,59.977306
4.501000,59.976064
4.501100,59.976180
4.501200,59.975285
4.501300,59.976763
4.501400,59.976846
4.501500,59.977709
4.501600,59.976323
4.501700,59.976582
4.501800,59.975623
4.501900,59.976087
4.502000,59.975958
4.502100,59.976160
4.502200,59.975725
4.502300,59.976064
4.502400,59.975643
4.502500,59.975918
4.502600,59.975691
4.502700,59.975664
4.502800,59.975417
4.502900,59.975723
4.503000,59.975676
4.503100,59.975490
4.503200,59.975817
4.503300,59.975691
4.503400,59.975518
4.503500,59.975716
4.503600,59.975785
4.503700,59.976056
4.503800,59.975872
4.503900,59.976017
4.504000,59.975405
4.504100,59.975198
4.504200,59.975834
4.504300,59.976025
4.504400,59.975323
4.504500,59.975974
4.504600,59.975438
4.504700,59.975737
4.504800,59.975378
4.504900,59.975269
4.505000,59.975594
4.505100,59.976093
4.505200,59.975435
4.505300,59.975929
4.505400,59.975318
4.505500,59.974970
4.505600,59.975492
4.505700,59.975736
4.505800,59.975765
4.505900,59.976333
4.506000,59.974930
4.506100,59.975294
4.506200,59.976773
4.506300,59.977257
4.506400,59.975089
4.506500,59.976091
4.506600,59.975776
4.506700,59.974982
4.506800,59.973985
4.506900,59.977603
4.507000,59.977867
4.507100,59.975158
4.507200,59.970668
4.507300,59.974605
4.507400,59.968976
4.507500,59.976506
4.507600,59.972364
4.507700,59.977952
4.507800,59.987633
4.507900,59.992462
4.508000,60.004046
4.508100,60.006622
4.508200,59.996243
4.508300,59.996980
4.508400,59.994345
4.508500,60.011530
4.508600,60.004030
4.508700,59.995397
4.508800,60.004106
4.508900,60.001547
4.509000,60.002559
4.509100,60.002799
4.509200,60.002799
4.509300,60.002618
4.509400,60.001912
4.509500,60.001007
4.509600,60.000510
4.509700,59.999526
4.509800,60.000185
4.509900,60.000047
4.510000,60.000278
4.510100,60.000535
4.510200,60.000672
4.510300,60.000137
4.510400,60.000499
4.510500,60.000582
4.510600,60.000753
4.510700,60.000521
4.510800,60.000362
4.510900,60.000296
4.511000,60.000332
4.511100,60.000441
4.511200,60.000329
4.511300,59.999881
4.511400,60.000521
4.511500,60.000345
4.511600,60.000748
4.511700,60.000179
4.511800,60.000150
4.511900,60.000604
4.512000,60.000432
4.512100,60.000353
4.512200,60.000335
4.512300,60.000302
4.512400,60.000104
4.512500,60.000201
4.512600,60.000311
4.512700,59.999794
4.512800,60.000488
4.512900,60.000635
4.513000,60.000152
4.513100,59.999718
4.513200,60.000731
4.513300,60.000212
4.513400,60.001082
4.513500,60.000838
4.513600,60.000867
4.513700,60.000763
4.513800,59.999893
4.513900,59.999842
4.514000,60.000742
4.514100,60.000182
4.514200,59.999897
4.514300,59.999579
4.514400,59.999546
4.514500,60.000556
4.514600,59.998668
4.514700,59.998254
4.514800,60.000960
4.514900,60.000949
4.515000,60.001554
4.515100,59.998732
4.515200,60.000919
4.515300,59.999467
4.515400,60.001021
4.515500,60.001551
4.515600,59.997445
4.515700,60.002074
4.515800,59.997214
4.515900,59.991685
4.516000,59.993619
4.516100,60.000690
4.516200,60.009925
4.516300,60.011394
4.516400,60.022911
4.516500,60.023929
4.516600,60.027451
4.516700,60.034144
4.516800,60.052972
4.516900,60.049960
4.517000,60.044011
4.517100,60.042854
4.517200,60.047001
4.517300,60.045763
4.517400,60.044405
4.517500,60.044420
4.517600,60.044614
4.517700,60.044721
4.517800,60.044508
4.517900,60.044269
4.518000,60.043471
4.518100,60.043255
4.518200,60.043969
4.518300,60.045368
4.518400,60.043934
4.518500,60.044044
4.518600,60.043956
4.518700,60.043666
4.518800,60.043601
4.518900,60.043691
4.519000,60.044055
4.519100,60.043832
4.519200,60.044023
4.519300,60.044012
4.519400,60.043348
4.519500,60.043799
4.519600,60.043403
4.519700,60.043848
4.519800,60.044089
4.519900,60.044228
4.520000,60.043913
4.520100,60.043945
4.520200,60.043730
4.520300,60.043637
4.520400,60.043780
4.520500,60.043621
4.520600,60.043565
4.520700,60.043732
4.520800,60.043909
4.520900,60.043419
4.521000,60.043168
4.521100,60.043853
4.521200,60.043560
4.521300,60.043555
4.521400,60.043135
4.521500,60.043492
4.521600,60.043395
4.521700,60.044055
4.521800,60.043829
4.521900,60.043114
4.522000,60.042780
4.522100,60.044128
4.522200,60.043550
4.522300,60.043413
4.522400,60.042714
4.522500,60.043279
4.522600,60.043234
4.522700,60.042725
4.522800,60.043354
4.522900,60.042694
4.523000,60.043566
4.523100,60.044179
4.523200,60.043332
4.523300,60.045284
4.523400,60.045288
4.523500,60.042870
4.523600,60.046793
4.523700,60.044260
4.523800,60.046384
4.523900,60.043204
4.524000,60.044005
4.524100,60.042814
4.524200,60.043517
4.524300,60.045585
4.524400,60.055805
4.524500,60.060406
4.524600,60.061606
4.524700,60.066958
4.524800,60.061482
4.524900,60.040380
4.525000,60.021185
4.525100,60.024752
4.525200,60.005979
4.525300,60.005484
4.525400,60.017599
4.525500,60.014771
4.525600,60.014490
4.525700,60.013656
4.525800,60.014257
4.525900,60.013961
4.526000,60.014151
4.526100,60.014371
4.526200,60.012619
4.526300,60.013917
4.526400,60.013100
4.526500,60.012499
4.526600,60.012648
4.526700,60.012591
4.526800,60.013099
4.526900,60.012800
4.527000,60.012249
4.527100,60.012679
4.527200,60.012664
4.527300,60.013135
4.527400,60.013224
4.527500,60.012799
4.527600,60.012927
4.527700,60.012593
4.527800,60.012579
4.527900,60.012588
4.528000,60.013221
4.528100,60.013420
4.528200,60.013067
4.528300,60.012787
4.528400,60.012602
4.528500,60.012966
4.528600,60.012958
4.528700,60.013011
4.528800,60.012973
4.528900,60.012708
4.529000,60.012667
4.529100,60.012497
4.529200,60.012905
4.529300,60.012776
4.529400,60.012569
4.529500,60.012323
4.529600,60.012540
4.529700,60.012564
4.529800,60.012375
4.529900,60.012679
4.530000,60.012684
4.530100,60.013143
4.530200,60.012821
4.530300,60.013169
4.530400,60.012287
4.530500,60.011623
4.530600,60.012677
4.530700,60.012863
4.530800,60.012333
4.530900,60.013056
4.531000,60.012887
4.531100,60.012582
4.531200,60.013881
4.531300,60.014333
4.531400,60.013904
4.531500,60.012797
4.531600,60.014158
4.531700,60.013140
4.531800,60.012255
4.531900,60.012818
4.532000,60.015344
4.532100,60.013733
4.532200,60.011523
4.532300,60.011079
4.532400,60.009307
4.532500,60.017141
4.532600,60.012881
4.532700,60.018019
4.532800,60.021634
4.532900,60.014986
4.533000,59.998282
4.533100,59.984667
4.533200,59.999822
4.533300,60.005515
4.533400,59.991319
4.533500,60.005948
4.533600,60.015443
4.533700,60.001893
4.533800,60.003796
4.533900,59.999743
4.534000,59.999910
4.534100,60.000979
4.534200,60.000909
4.534300,60.001022
4.534400,59.999535
4.534500,59.999174
4.534600,59.999588
4.534700,59.998550
4.534800,60.000024
4.534900,59.999814
4.535000,59.999202
4.535100,59.999384
4.535200,59.999005
4.535300,59.999767
4.535400,59.999922
4.535500,60.000013
4.535600,60.000585
4.535700,60.000394
4.535800,59.999862
4.535900,60.000153
4.536000,60.000216
4.536100,60.000399
4.536200,59.999781
4.536300,60.000022
4.536400,59.999573
4.536500,59.999259
4.536600,59.999827
4.536700,59.999869
4.536800,59.999811
4.536900,59.999735
4.537000,59.999779
4.537100,59.999660
4.537200,59.999543
4.537300,59.999669
4.537400,59.999662
4.537500,59.999269
4.537600,59.999736
4.537700,59.999815
4.537800,59.999248
4.537900,59.999275
4.538000,59.999756
4.538100,59.999988
4.538200,59.999944
4.538300,59.999712
4.538400,59.999791
4.538500,59.999374
4.538600,59.999677
4.538700,59.998810
4.538800,59.999293
4.538900,60.000439
4.539000,59.999687
4.539100,59.999691
4.539200,59.998831
4.539300,59.999294
4.539400,59.998758
4.539500,59.999168
4.539600,59.999014
4.539700,59.998742
4.539800,59.998336
4.539900,59.997461
4.540000,59.999448
4.540100,60.000198
4.540200,59.999505
4.540300,59.998074
4.540400,60.001282
4.540500,60.001707
4.540600,60.000560
4.540700,59.993816
4.540800,59.991784
4.540900,60.001057
4.541000,59.993971
4.541100,59.986511
4.541200,59.980244
4.541300,59.980208
4.541400,59.986966
4.541500,60.006652
4.541600,59.995351
4.541700,59.982781
4.541800,59.977228
4.541900,59.981826
4.542000,59.973274
4.542100,59.963540
4.542200,59.969566
4.542300,59.972460
4.542400,59.972328
4.542500,59.972236
4.542600,59.972328
4.542700,59.972561
4.542800,59.970824
4.542900,59.972040
4.543000,59.973611
4.543100,59.973158
4.543200,59.972652
4.543300,59.972377
4.543400,59.972164
4.543500,59.971200
4.543600,59.971921
4.543700,59.971318
4.543800,59.971266
4.543900,59.971861
4.544000,59.971794
4.544100,59.972280
4.544200,59.971969
4.544300,59.971876
4.544400,59.971830
4.544500,59.971540
4.544600,59.971549
4.544700,59.971643
4.544800,59.971670
4.544900,59.971242
4.545000,59.971396
4.545100,59.971358
4.545200,59.971236
4.545300,59.971312
4.545400,59.971606
4.545500,59.971458
4.545600,59.971344
4.545700,59.971614
4.545800,59.971517
4.545900,59.971677
4.546000,59.971723
4.546100,59.971695
4.546200,59.971026
4.546300,59.971368
4.546400,59.971979
4.546500,59.972013
4.546600,59.971999
4.546700,59.971974
4.546800,59.971948
4.546900,59.971906
4.547000,59.971889
4.547100,59.971904
4.547200,59.971866
4.547300,59.971868
4.547400,59.971869
4.547500,59.971805
4.547600,59.971741
4.547700,59.971814
4.547800,59.971709
4.547900,59.971764
4.548000,59.971692
4.548100,59.971615
4.548200,59.971682
4.548300,59.971669
4.548400,59.971627
4.548500,59.971620
4.548600,59.971620
4.548700,59.971657
4.548800,59.971637
4.548900,59.971710
4.549000,59.971720
4.549100,59.971661
4.549200,59.971669
4.549300,59.971500
4.549400,59.971564
4.549500,59.971773
4.549600,59.971938
4.549700,59.971968
4.549800,59.971910
4.549900,59.971893
4.550000,59.972038
4.550100,59.972235
4.550200,59.972331
4.550300,59.972397
4.550400,59.972749
4.550500,59.972800
4.550600,59.972858
4.550700,59.972848
4.550800,59.972886
4.550900,59.972894
4.551000,59.972829
4.551100,59.972940
4.551200,59.973306
4.551300,59.973609
4.551400,59.973803
4.551500,59.974011
4.551600,59.973950
4.551700,59.973945
4.551800,59.973848
4.551900,59.973965
4.552000,59.973929
4.552100,59.973931
4.552200,59.973969
4.552300,59.973968
4.552400,59.973960
4.552500,59.973934
4.552600,59.973898
4.552700,59.973880
4.552800,59.973920
4.552900,59.973896
4.553000,59.973916
4.553100,59.973920
4.553200,59.973878
4.553300,59.973747
4.553400,59.973677
4.553500,59.973624
4.553600,59.973723
4.553700,59.973656
4.553800,59.973552
4.553900,59.973475
4.554000,59.973286
4.554100,59.973213
4.554200,59.973256
4.554300,59.973252
4.554400,59.973282
4.554500,59.973480
4.554600,59.973432
4.554700,59.973343
4.554800,59.973048
4.554900,59.973181
4.555000,59.973420
4.555100,59.973564
4.555200,59.973840
4.555300,59.974208
4.555400,59.974158
4.555500,59.974133
4.555600,59.973828
4.555700,59.973882
4.555800,59.974177
4.555900,59.974172
4.556000,59.973997
4.556100,59.974193
4.556200,59.974129
4.556300,59.974005
4.556400,59.974110
4.556500,59.974321
4.556600,59.973660
4.556700,59.974118
4.556800,59.974883
4.556900,59.974710
4.557000,59.973819
4.557100,59.973941
4.557200,59.973427
4.557300,59.973315
4.557400,59.974317
4.557500,59.974830
4.557600,59.975672
4.557700,59.977690
4.557800,59.977785
4.557900,59.977842
4.558000,59.977975
4.558100,59.977590
4.558200,59.979572
4.558300,59.979536
4.558400,59.978643
4.558500,59.980253
4.558600,59.979703
4.558700,59.981411
4.558800,59.979173
4.558900,59.978769
4.559000,59.979722
4.559100,59.981310
4.559200,59.983464
4.559300,59.984458
4.559400,59.985231
4.559500,59.984745
4.559600,59.985296
4.559700,59.985293
4.559800,59.985203
4.559900,59.985062
4.560000,59.985166
4.560100,59.985124
4.560200,59.985140
4.560300,59.985217
4.560400,59.985223
4.560500,59.985237
4.560600,59.985206
4.560700,59.985176
4.560800,59.985225
4.560900,59.985328
4.561000,59.985374
4.561100,59.985203
4.561200,59.985288
4.561300,59.985386
4.561400,59.985345
4.561500,59.985296
4.561600,59.985250
4.561700,59.984991
4.561800,59.985686
4.561900,59.985248
4.562000,59.985235
4.562100,59.985433
4.562200,59.985373
4.562300,59.985632
4.562400,59.984902
4.562500,59.985173
4.562600,59.985236
4.562700,59.985304
4.562800,59.985229
4.562900,59.984920
4.563000,59.984537
4.563100,59.984228
4.563200,59.984697
4.563300,59.984493
4.563400,59.984551
4.563500,59.984169
4.563600,59.984760
4.563700,59.984647
4.563800,59.984903
4.563900,59.985251
4.564000,59.985855
4.564100,59.986199
4.564200,59.985692
4.564300,59.985409
4.564400,59.985752
4.564500,59.985727
4.564600,59.985276
4.564700,59.984401
4.564800,59.984235
4.564900,59.984280
4.565000,59.986516
4.565100,59.986769
4.565200,59.987415
4.565300,59.987388
4.565400,59.987469
4.565500,59.987440
4.565600,59.986350
4.565700,59.986144
4.565800,59.985426
4.565900,59.981535
4.566000,59.983938
4.566100,59.986178
4.566200,59.987349
4.566300,59.986352
4.566400,59.986987
4.566500,59.988819
4.566600,59.991471
4.566700,59.993387
4.566800,59.996502
4.566900,59.995856
4.567000,60.001569
4.567100,60.002015
4.567200,59.999598
4.567300,60.001052
4.567400,59.999682
4.567500,60.000181
4.567600,59.997290
4.567700,59.999379
4.567800,59.999594
4.567900,59.999617
4.568000,59.999989
4.568100,59.999616
4.568200,59.999574
4.568300,59.999697
4.568400,59.999714
4.568500,59.999745
4.568600,59.999687
4.568700,59.999640
4.568800,59.999605
4.568900,59.999707
4.569000,59.999316
4.569100,59.999470
4.569200,59.999640
4.569300,59.999644
4.569400,59.999753
4.569500,59.999847
4.569600,59.999838
4.569700,59.999907
4.569800,59.999488
4.569900,59.999260
4.570000,59.999128
4.570100,59.998973
4.570200,59.998665
4.570300,59.998746
4.570400,59.998882
4.570500,59.999410
4.570600,59.999457
4.570700,59.999302
4.570800,59.999325
4.570900,59.999315
4.571000,59.999414
4.571100,59.999124
4.571200,59.999662
4.571300,60.000347
4.571400,59.999922
4.571500,59.999553
4.571600,59.999510
4.571700,59.999666
4.571800,59.999574
4.571900,59.999284
4.572000,59.999727
4.572100,59.999134
4.572200,59.998470
4.572300,59.998632
4.572400,59.999644
4.572500,59.999888
4.572600,59.998795
4.572700,59.998171
4.572800,59.998530
4.572900,59.999195
4.573000,60.000955
4.573100,59.999985
4.573200,59.999801
4.573300,60.000124
4.573400,59.999840
4.573500,59.999882
4.573600,59.998201
4.573700,59.999030
4.573800,59.998225
4.573900,59.996101
4.574000,59.997042
4.574100,59.997074
4.574200,60.001112
4.574300,60.002771
4.574400,60.001248
4.574500,59.997634
4.574600,59.995368
4.574700,59.996781
4.574800,59.997562
4.574900,59.997995
4.575000,59.996887
4.575100,60.001661
4.575200,60.004930
4.575300,60.000351
4.575400,60.004261
4.575500,60.006685
4.575600,60.004679
4.575700,60.003925
4.575800,60.003810
4.575900,60.003625
4.576000,60.001828
4.576100,60.002348
4.576200,60.002249
4.576300,60.002131
4.576400,60.002115
4.576500,60.002152
4.576600,60.002075
4.576700,60.001717
4.576800,60.001558
4.576900,60.001081
4.577000,60.001374
4.577100,60.001422
4.577200,60.001679
4.577300,60.001604
4.577400,60.001256
4.577500,60.000756
4.577600,60.001090
4.577700,60.001652
4.577800,60.001456
4.577900,60.001510
4.578000,60.001298
4.578100,60.001277
4.578200,60.001132
4.578300,60.001174
4.578400,60.000866
4.578500,60.000934
4.578600,60.000916
4.578700,60.001108
4.578800,60.001286
4.578900,60.001252
4.579000,60.001674
4.579100,60.001320
4.579200,60.000665
4.579300,60.000847
4.579400,60.000899
4.579500,60.001186
4.579600,60.001325
4.579700,60.001051
4.579800,60.000993
4.579900,60.000922
4.580000,60.000783
4.580100,60.000900
4.580200,60.001883
4.580300,60.001430
4.580400,60.000805
4.580500,60.000745
4.580600,60.000307
4.580700,60.000699
4.580800,60.001318
4.580900,60.001395
4.581000,60.000803
4.581100,60.001022
4.581200,60.000170
4.581300,60.000483
4.581400,59.999348
4.581500,60.000211
4.581600,59.999534
4.581700,59.999644
4.581800,59.998857
4.581900,59.999453
4.582000,60.001068
4.582100,60.003597
4.582200,59.999997
4.582300,59.999690
4.582400,60.000497
4.582500,60.001239
4.582600,60.006527
4.582700,60.009521
4.582800,60.005952
4.582900,60.008003
4.583000,60.008908
4.583100,60.006371
4.583200,60.004338
4.583300,60.007749
4.583400,60.001891
4.583500,59.999526
4.583600,59.994951
4.583700,60.001895
4.583800,60.005798
4.583900,60.006997
4.584000,60.003088
4.584100,60.003826
4.584200,60.005604
4.584300,60.006273
4.584400,60.006348
4.584500,60.006512
4.584600,60.006591
4.584700,60.006335
4.584800,60.006553
4.584900,60.006614
4.585000,60.007207
4.585100,60.006570
4.585200,60.007051
4.585300,60.006759
4.585400,60.006410
4.585500,60.005756
4.585600,60.006829
4.585700,60.007174
4.585800,60.007137
4.585900,60.007241
4.586000,60.006752
4.586100,60.006189
4.586200,60.006332
4.586300,60.006675
4.586400,60.006786
4.586500,60.006507
4.586600,60.006720
4.586700,60.006699
4.586800,60.006850
4.586900,60.007140
4.587000,60.007013
4.587100,60.006615
4.587200,60.006625
4.587300,60.006986
4.587400,60.007267
4.587500,60.006413
4.587600,60.006745
4.587700,60.006906
4.587800,60.006944
4.587900,60.006519
4.588000,60.006614
4.588100,60.006853
4.588200,60.006655
4.588300,60.007011
4.588400,60.007630
4.588500,60.007395
4.588600,60.007192
4.588700,60.005849
4.588800,60.006529
4.588900,60.006455
4.589000,60.006445
4.589100,60.006049
4.589200,60.006553
4.589300,60.007322
4.589400,60.006555
4.589500,60.006276
4.589600,60.005741
4.589700,60.007136
4.589800,60.006923
4.589900,60.006524
4.590000,60.005205
4.590100,60.005800
4.590200,60.004971
4.590300,60.004833
4.590400,60.004829
4.590500,60.008341
4.590600,60.004712
4.590700,60.011054
4.590800,60.009792
4.590900,60.005670
4.591000,60.001537
4.591100,60.007875
4.591200,60.003107
4.591300,60.007368
4.591400,60.007764
4.591500,60.002379
4.591600,60.011906
4.591700,59.996102
4.591800,60.001416
4.591900,60.009885
4.592000,60.011722
4.592100,60.004924
4.592200,60.008184
4.592300,60.007458
4.592400,60.007582
4.592500,60.007603
4.592600,60.007709
4.592700,60.007689
4.592800,60.007603
4.592900,60.007399
4.593000,60.007056
4.593100,60.007568
4.593200,60.007254
4.593300,60.007846
4.593400,60.007965
4.593500,60.007571
4.593600,60.007701
4.593700,60.008298
4.593800,60.008371
4.593900,60.008082
4.594000,60.008137
4.594100,60.007850
4.594200,60.007891
4.594300,60.007692
4.594400,60.008246
4.594500,60.007806
4.594600,60.008336
4.594700,60.007801
4.594800,60.008026
4.594900,60.008349
4.595000,60.008351
4.595100,60.008332
4.595200,60.008200
4.595300,60.008275
4.595400,60.008030
4.595500,60.007522
4.595600,60.008160
4.595700,60.008144
4.595800,60.008138
4.595900,60.008100
4.596000,60.008310
4.596100,60.008020
4.596200,60.007620
4.596300,60.008019
4.596400,60.007412
4.596500,60.007609
4.596600,60.007375
4.596700,60.007093
4.596800,60.007836
4.596900,60.008190
4.597000,60.008902
4.597100,60.009073
4.597200,60.008390
4.597300,60.009004
4.597400,60.008494
4.597500,60.007600
4.597600,60.007587
4.597700,60.008046
4.597800,60.008326
4.597900,60.008449
4.598000,60.007732
4.598100,60.008990
4.598200,60.006889
4.598300,60.006275
4.598400,60.004812
4.598500,60.003828
4.598600,60.004726
4.598700,60.003874
4.598800,60.001709
4.598900,60.008138
4.599000,60.009650
4.599100,60.014884
4.599200,60.011380
4.599300,60.009187
4.599400,60.012307
4.599500,60.003258
4.599600,60.008863
4.599700,60.019880
4.599800,60.018132
4.599900,60.017212
4.600000,60.024702
4.600100,60.022143
4.600200,60.016069
4.600300,60.018182
4.600400,60.016913
4.600500,60.019650
4.600600,60.019855
4.600700,60.018170
4.600800,60.018043
4.600900,60.018054
4.601000,60.018435
4.601100,60.018406
4.601200,60.017251
4.601300,60.016614
4.601400,60.017132
4.601500,60.017485
4.601600,60.018034
4.601700,60.017511
4.601800,60.017300
4.601900,60.017550
4.602000,60.016767
4.602100,60.017770
4.602200,60.017808
4.602300,60.017902
4.602400,60.017833
4.602500,60.017769
4.602600,60.017832
4.602700,60.018226
4.602800,60.018306
4.602900,60.017836
4.603000,60.017110
4.603100,60.017472
4.603200,60.017614
4.603300,60.017434
4.603400,60.017154
4.603500,60.017569
4.603600,60.017447
4.603700,60.017561
4.603800,60.017641
4.603900,60.017125
4.604000,60.016960
4.604100,60.016570
4.604200,60.017217
4.604300,60.017184
4.604400,60.016862
4.604500,60.016847
4.604600,60.017860
4.604700,60.017912
4.604800,60.017536
4.604900,60.017972
4.605000,60.017681
4.605100,60.017213
4.605200,60.018004
4.605300,60.017157
4.605400,60.017235
4.605500,60.017336
4.605600,60.017477
4.605700,60.017378
4.605800,60.018062
4.605900,60.016907
4.606000,60.017410
4.606100,60.017310
4.606200,60.017102
4.606300,60.016996
4.606400,60.016489
4.606500,60.016122
4.606600,60.016421
4.606700,60.013642
4.606800,60.014868
4.606900,60.019435
4.607000,60.015831
4.607100,60.014757
4.607200,60.012898
4.607300,60.014226
4.607400,60.017889
4.607500,60.019222
4.607600,60.019569
4.607700,60.020015
4.607800,60.021986
4.607900,60.010715
4.608000,59.993760
4.608100,60.013803
4.608200,60.017437
4.608300,60.005439
4.608400,60.019333
4.608500,60.015377
4.608600,60.002105
4.608700,59.992826
4.608800,59.991726
4.608900,59.993632
4.609000,59.993615
4.609100,59.993033
4.609200,59.992979
4.609300,59.993240
4.609400,59.992968
4.609500,59.992897
4.609600,59.991132
4.609700,59.991925
4.609800,59.991357
4.609900,59.991684
4.610000,59.992285
4.610100,59.992552
4.610200,59.991671
4.610300,59.991768
4.610400,59.992083
4.610500,59.992105
4.610600,59.991765
4.610700,59.991800
4.610800,59.991632
4.610900,59.991145
4.611000,59.991622
4.611100,59.991495
4.611200,59.991585
4.611300,59.991772
4.611400,59.991963
4.611500,59.991610
4.611600,59.992228
4.611700,59.992064
4.611800,59.991848
4.611900,59.991671
4.612000,59.991368
4.612100,59.991511
4.612200,59.991288
4.612300,59.991667
4.612400,59.991700
4.612500,59.991620
4.612600,59.991912
4.612700,59.991454
4.612800,59.991685
4.612900,59.991913
4.613000,59.991652
4.613100,59.991330
4.613200,59.991467
4.613300,59.991199
4.613400,59.991684
4.613500,59.991821
4.613600,59.990933
4.613700,59.992112
4.613800,59.992131
4.613900,59.992579
4.614000,59.991139
4.614100,59.991790
4.614200,59.992387
4.614300,59.991330
4.614400,59.992878
4.614500,59.992639
4.614600,59.991412
4.614700,59.990547
4.614800,59.991503
4.614900,59.991197
4.615000,59.992118
4.615100,59.994128
4.615200,59.992136
4.615300,59.993943
4.615400,59.994664
4.615500,59.993915
4.615600,59.990628
4.615700,59.995623
4.615800,60.001300
4.615900,59.996101
4.616000,59.985484
4.616100,59.980610
4.616200,59.983709
4.616300,59.979200
4.616400,59.999085
4.616500,59.989482
4.616600,59.983306
4.616700,59.979870
4.616800,59.979460
4.616900,59.994577
4.617000,60.003101
4.617100,60.002428
4.617200,59.995167
4.617300,59.994088
4.617400,59.992227
4.617500,59.992560
4.617600,59.992602
4.617700,59.992370
4.617800,59.992286
4.617900,59.991966
4.618000,59.992972
4.618100,59.991892
4.618200,59.990977
4.618300,59.991358
4.618400,59.991455
4.618500,59.991651
4.618600,59.991720
4.618700,59.991880
4.618800,59.992052
4.618900,59.991599
4.619000,59.991761
4.619100,59.991096
4.619200,59.991324
4.619300,59.991131
4.619400,59.991412
4.619500,59.991252
4.619600,59.991650
4.619700,59.991643
4.619800,59.991699
4.619900,59.991751
4.620000,59.991714
4.620100,59.991501
4.620200,59.991442
4.620300,59.991145
4.620400,59.991617
4.620500,59.991619
4.620600,59.991480
4.620700,59.991293
4.620800,59.991918
4.620900,59.992052
4.621000,59.991354
4.621100,59.992045
4.621200,59.991912
4.621300,59.991702
4.621400,59.991234
4.621500,59.990649
4.621600,59.990844
4.621700,59.991712
4.621800,59.991833
4.621900,59.991715
4.622000,59.991646
4.622100,59.992077
4.622200,59.992918
4.622300,59.992111
4.622400,59.992338
4.622500,59.991697
4.622600,59.992144
4.622700,59.991777
4.622800,59.992485
4.622900,59.993118
4.623000,59.992192
4.623100,59.991095
4.623200,59.992931
4.623300,59.990987
4.623400,59.990061
4.623500,59.990323
4.623600,59.991546
4.623700,59.995586
4.623800,59.991879
4.623900,59.990080
4.624000,59.990070
4.624100,59.983098
4.624200,59.986517
4.624300,59.996333
4.624400,59.995928
4.624500,59.989867
4.624600,59.996851
4.624700,59.996519
4.624800,60.012467
4.624900,59.992196
4.625000,60.001296
4.625100,59.988875
4.625200,59.974301
4.625300,59.989306
4.625400,59.977344
4.625500,59.978842
4.625600,59.983053
4.625700,59.980779
4.625800,59.981240
4.625900,59.981297
4.626000,59.981310
4.626100,59.980511
4.626200,59.980282
4.626300,59.981575
4.626400,59.981224
4.626500,59.979786
4.626600,59.979761
4.626700,59.980334
4.626800,59.979935
4.626900,59.979858
4.627000,59.980286
4.627100,59.980188
4.627200,59.980343
4.627300,59.980517
4.627400,59.979852
4.627500,59.980032
4.627600,59.980401
4.627700,59.979800
4.627800,59.980056
4.627900,59.979858
4.628000,59.980066
4.628100,59.979798
4.628200,59.979660
4.628300,59.979407
4.628400,59.979925
4.628500,59.979981
4.628600,59.980138
4.628700,59.979688
4.628800,59.979751
4.628900,59.979935
4.629000,59.979953
4.629100,59.979619
4.629200,59.979688
4.629300,59.980080
4.629400,59.979997
4.629500,59.980183
4.629600,59.980803
4.629700,59.980680
4.629800,59.980053
4.629900,59.979654
4.630000,59.979749
4.630100,59.979897
4.630200,59.980761
4.630300,59.979720
4.630400,59.979194
4.630500,59.980488
4.630600,59.980245
4.630700,59.979405
4.630800,59.981018
4.630900,59.980648
4.631000,59.980115
4.631100,59.981500
4.631200,59.982584
4.631300,59.981453
4.631400,59.980556
4.631500,59.981082
4.631600,59.980250
4.631700,59.978995
4.631800,59.979229
4.631900,59.982043
4.632000,59.978569
4.632100,59.979622
4.632200,59.982166
4.632300,59.982186
4.632400,59.985260
4.632500,59.988434
4.632600,59.986925
4.632700,59.979757
4.632800,59.977898
4.632900,59.986478
4.633000,59.990684
4.633100,59.988583
4.633200,59.999804
4.633300,60.021720
4.633400,60.011604
4.633500,60.013837
4.633600,60.024412
4.633700,60.027128
4.633800,60.017428
4.633900,60.015087
4.634000,60.014022
4.634100,60.013786
4.634200,60.013718
4.634300,60.013606
4.634400,60.012052
4.634500,60.012006
4.634600,60.012085
4.634700,60.011324
4.634800,60.012185
4.634900,60.012222
4.635000,60.012876
4.635100,60.012038
4.635200,60.012431
4.635300,60.012051
4.635400,60.011335
4.635500,60.011506
4.635600,60.011273
4.635700,60.011840
4.635800,60.011464
4.635900,60.011891
4.636000,60.011176
4.636100,60.011375
4.636200,60.011919
4.636300,60.011778
4.636400,60.011562
4.636500,60.011508
4.636600,60.011709
4.636700,60.011765
4.636800,60.011632
4.636900,60.011880
4.637000,60.011823
4.637100,60.011635
4.637200,60.011056
4.637300,60.011224
4.637400,60.011719
4.637500,60.011419
4.637600,60.011708
4.637700,60.011521
4.637800,60.012384
4.637900,60.011947
4.638000,60.011912
4.638100,60.011494
4.638200,60.011836
4.638300,60.012066
4.638400,60.011176
4.638500,60.011037
4.638600,60.012172
4.638700,60.012031
4.638800,60.012413
4.638900,60.011724
4.639000,60.011425
4.639100,60.010199
4.639200,60.011784
4.639300,60.012331
4.639400,60.012211
4.639500,60.012229
4.639600,60.011211
4.639700,60.010150
4.639800,60.009738
4.639900,60.012454
4.640000,60.013305
4.640100,60.011632
4.640200,60.015008
4.640300,60.013314
4.640400,60.012701
4.640500,60.011409
4.640600,60.007759
4.640700,60.009730
4.640800,60.016304
4.640900,60.016243
4.641000,60.024356
4.641100,60.014767
4.641200,60.021758
4.641300,60.012210
4.641400,60.008434
4.641500,59.999733
4.641600,59.998822
4.641700,59.986761
4.641800,59.982296
4.641900,59.988955
4.642000,60.003657
4.642100,60.001315
4.642200,60.000950
4.642300,60.000121
4.642400,59.998361
4.642500,59.998332
4.642600,59.998494
4.642700,59.998494
4.642800,59.998929
4.642900,59.997905
4.643000,59.997542
4.643100,59.996691
4.643200,59.996083
4.643300,59.996116
4.643400,59.997326
4.643500,59.997052
4.643600,59.996396
4.643700,59.996777
4.643800,59.996900
4.643900,59.996859
4.644000,59.996276
4.644100,59.996089
4.644200,59.996239
4.644300,59.996581
4.644400,59.996226
4.644500,59.996169
4.644600,59.996408
4.644700,59.996483
4.644800,59.996422
4.644900,59.996668
4.645000,59.996950
4.645100,59.996448
4.645200,59.996573
4.645300,59.996631
4.645400,59.996549
4.645500,59.996704
4.645600,59.996829
4.645700,59.996061
4.645800,59.996262
4.645900,59.996458
4.646000,59.996554
4.646100,59.996351
4.646200,59.996036
4.646300,59.995623
4.646400,59.995930
4.646500,59.996092
4.646600,59.996266
4.646700,59.996758
4.646800,59.996820
4.646900,59.997309
4.647000,59.996942
4.647100,59.996718
4.647200,59.996434
4.647300,59.997031
4.647400,59.996247
4.647500,59.997365
4.647600,59.996177
4.647700,59.996456
4.647800,59.996703
4.647900,59.998136
4.648000,59.997211
4.648100,59.998397
4.648200,59.997113
4.648300,59.998096
4.648400,59.997346
4.648500,59.997218
4.648600,59.997609
4.648700,59.995648
4.648800,59.997295
4.648900,59.993082
4.649000,59.999397
4.649100,60.000019
4.649200,59.991722
4.649300,59.988396
4.649400,59.991476
4.649500,59.996872
4.649600,59.990356
4.649700,59.976460
4.649800,59.987404
4.649900,59.972929
4.650000,59.971737
4.650100,59.993965
4.650200,59.986918
4.650300,59.990411
4.650400,59.983061
4.650500,59.981636
4.650600,59.986149
4.650700,59.984581
4.650800,59.984428
4.650900,59.985136
4.651000,59.985121
4.651100,59.984347
4.651200,59.983483
4.651300,59.983301
4.651400,59.982647
4.651500,59.983864
4.651600,59.983889
4.651700,59.983268
4.651800,59.982966
4.651900,59.982641
4.652000,59.982520
4.652100,59.982814
4.652200,59.983040
4.652300,59.983305
4.652400,59.983016
4.652500,59.982820
4.652600,59.983374
4.652700,59.983043
4.652800,59.982997
4.652900,59.982485
4.653000,59.982802
4.653100,59.983060
4.653200,59.983118
4.653300,59.982815
4.653400,59.982983
4.653500,59.982813
4.653600,59.983362
4.653700,59.983041
4.653800,59.982916
4.653900,59.982722
4.654000,59.982866
4.654100,59.982517
4.654200,59.983006
4.654300,59.982936
4.654400,59.983231
4.654500,59.982859
4.654600,59.983041
4.654700,59.983105
4.654800,59.983022
4.654900,59.983240
4.655000,59.983028
4.655100,59.983119
4.655200,59.983664
4.655300,59.983034
4.655400,59.982139
4.655500,59.983449
4.655600,59.983351
4.655700,59.983351
4.655800,59.983101
4.655900,59.982198
4.656000,59.982614
4.656100,59.982384
4.656200,59.983765
4.656300,59.985177
4.656400,59.984366
4.656500,59.985820
4.656600,59.983212
4.656700,59.985295
4.656800,59.983629
4.656900,59.982877
4.657000,59.983891
4.657100,59.983027
4.657200,59.979012
4.657300,59.978916
4.657400,59.975072
4.657500,59.981116
4.657600,59.980501
4.657700,59.990763
4.657800,59.994916
4.657900,60.004714
4.658000,60.018471
4.658100,60.024996
4.658200,60.025568
4.658300,60.037541
4.658400,60.032669
4.658500,60.038425
4.658600,60.025990
4.658700,60.028293
4.658800,60.034969
4.658900,60.033919
4.659000,60.034341
4.659100,60.034276
4.659200,60.034207
4.659300,60.034339
4.659400,60.033682
4.659500,60.034398
4.659600,60.034491
4.659700,60.034989
4.659800,60.035199
4.659900,60.034937
4.660000,60.034900
4.660100,60.034306
4.660200,60.034150
4.660300,60.034007
4.660400,60.034379
4.660500,60.034268
4.660600,60.034754
4.660700,60.034236
4.660800,60.034450
4.660900,60.034979
4.661000,60.034290
4.661100,60.034466
4.661200,60.034460
4.661300,60.034348
4.661400,60.034659
4.661500,60.034745
4.661600,60.034754
4.661700,60.034440
4.661800,60.034668
4.661900,60.035228
4.662000,60.034690
4.662100,60.035035
4.662200,60.035277
4.662300,60.034639
4.662400,60.034749
4.662500,60.034617
4.662600,60.034617
4.662700,60.034448
4.662800,60.034933
4.662900,60.034957
4.663000,60.034618
4.663100,60.034691
4.663200,60.034911
4.663300,60.034527
4.663400,60.034700
4.663500,60.034342
4.663600,60.034976
4.663700,60.034296
4.663800,60.033767
4.663900,60.035066
4.664000,60.035225
4.664100,60.034449
4.664200,60.034200
4.664300,60.034615
4.664400,60.034732
4.664500,60.033524
4.664600,60.034279
4.664700,60.034971
4.664800,60.033748
4.664900,60.033730
4.665000,60.035367
4.665100,60.033358
4.665200,60.035454
4.665300,60.036409
4.665400,60.036545
4.665500,60.035955
4.665600,60.036405
4.665700,60.033482
4.665800,60.033207
4.665900,60.036118
4.666000,60.030001
4.666100,60.041379
4.666200,60.035458
4.666300,60.023986
4.666400,60.016565
4.666500,59.998507
4.666600,59.977404
4.666700,59.988643
4.666800,59.988912
4.666900,59.986036
4.667000,59.997053
4.667100,59.990840
4.667200,59.986092
4.667300,59.989073
4.667400,59.987992
4.667500,59.988038
4.667600,59.988365
4.667700,59.987599
4.667800,59.987033
4.667900,59.986129
4.668000,59.986485
4.668100,59.987074
4.668200,59.986217
4.668300,59.985306
4.668400,59.985965
4.668500,59.986089
4.668600,59.986152
4.668700,59.986009
4.668800,59.985240
4.668900,59.985890
4.669000,59.986398
4.669100,59.986170
4.669200,59.985882
4.669300,59.986227
4.669400,59.986870
4.669500,59.986545
4.669600,59.986104
4.669700,59.986137
4.669800,59.986041
4.669900,59.986347
4.670000,59.986123
4.670100,59.985543
4.670200,59.985753
4.670300,59.985949
4.670400,59.985888
4.670500,59.986009
4.670600,59.986047
4.670700,59.986051
4.670800,59.986645
4.670900,59.986208
4.671000,59.986047
4.671100,59.986281
4.671200,59.985703
4.671300,59.985808
4.671400,59.985901
4.671500,59.986303
4.671600,59.986377
4.671700,59.986571
4.671800,59.986024
4.671900,59.986218
4.672000,59.986334
4.672100,59.986445
4.672200,59.986152
4.672300,59.986591
4.672400,59.985780
4.672500,59.985599
4.672600,59.984969
4.672700,59.985911
4.672800,59.987098
4.672900,59.988062
4.673000,59.986348
4.673100,59.987192
4.673200,59.986865
4.673300,59.986778
4.673400,59.983706
4.673500,59.984545
4.673600,59.988080
4.673700,59.988753
4.673800,59.984153
4.673900,59.986845
4.674000,59.984294
4.674100,59.984562
4.674200,59.983818
4.674300,59.986687
4.674400,59.984699
4.674500,59.996533
4.674600,59.998768
4.674700,60.005358
4.674800,60.018794
4.674900,60.012817
4.675000,60.022327
4.675100,60.006169
4.675200,60.002891
4.675300,60.020336
4.675400,60.018449
4.675500,60.010745
4.675600,60.012469
4.675700,60.014170
4.675800,60.014246
4.675900,60.014262
4.676000,60.013950
4.676100,60.013549
4.676200,60.014903
4.676300,60.013358
4.676400,60.014174
4.676500,60.013170
4.676600,60.013098
4.676700,60.013668
4.676800,60.014254
4.676900,60.013311
4.677000,60.013638
4.677100,60.013425
4.677200,60.013348
4.677300,60.013590
4.677400,60.013692
4.677500,60.013717
4.677600,60.013555
4.677700,60.013031
4.677800,60.013338
4.677900,60.012911
4.678000,60.013518
4.678100,60.013166
4.678200,60.013329
4.678300,60.013363
4.678400,60.013046
4.678500,60.013214
4.678600,60.013549
4.678700,60.013474
4.678800,60.013061
4.678900,60.013152
4.679000,60.013478
4.679100,60.013716
4.679200,60.013477
4.679300,60.013354
4.679400,60.012940
4.679500,60.013465
4.679600,60.013185
4.679700,60.013420
4.679800,60.013118
4.679900,60.013635
4.680000,60.014037
4.680100,60.013001
4.680200,60.013044
4.680300,60.013135
4.680400,60.014043
4.680500,60.013698
4.680600,60.014693
4.680700,60.014190
4.680800,60.013158
4.680900,60.012931
4.681000,60.014776
4.681100,60.014080
4.681200,60.013219
4.681300,60.014673
4.681400,60.012951
4.681500,60.014358
4.681600,60.015118
4.681700,60.014131
4.681800,60.011053
4.681900,60.014334
4.682000,60.015263
4.682100,60.016055
4.682200,60.015823
4.682300,60.015366
4.682400,60.011709
4.682500,60.017876
4.682600,60.016607
4.682700,60.014300
4.682800,60.007260
4.682900,60.009374
4.683000,60.000683
4.683100,60.017677
4.683200,60.014599
4.683300,60.022640
4.683400,60.013289
4.683500,60.005571
4.683600,60.016556
4.683700,60.004821
4.683800,59.999114
4.683900,59.996889
4.684000,59.997281
4.684100,59.998788
4.684200,59.998614
4.684300,59.997964
4.684400,59.996682
4.684500,59.996935
4.684600,59.997033
4.684700,59.996579
4.684800,59.996360
4.684900,59.996783
4.685000,59.996529
4.685100,59.997328
4.685200,59.997022
4.685300,59.996659
4.685400,59.996152
4.685500,59.996317
4.685600,59.996439
4.685700,59.996641
4.685800,59.996682
4.685900,59.996661
4.686000,59.997315
4.686100,59.997050
4.686200,59.996753
4.686300,59.996801
4.686400,59.996914
4.686500,59.996783
4.686600,59.996621
4.686700,59.996847
4.686800,59.996835
4.686900,59.996969
4.687000,59.996741
4.687100,59.996321
4.687200,59.996832
4.687300,59.996725
4.687400,59.997085
4.687500,59.997011
4.687600,59.996715
4.687700,59.996751
4.687800,59.997135
4.687900,59.997091
4.688000,59.996881
4.688100,59.996884
4.688200,59.997466
4.688300,59.996778
4.688400,59.996597
4.688500,59.997715
4.688600,59.996941
4.688700,59.996355
4.688800,59.996839
4.688900,59.996955
4.689000,59.996279
4.689100,59.996256
4.689200,59.996389
4.689300,59.997745
4.689400,59.998016
4.689500,59.997240
4.689600,59.996890
4.689700,59.997184
4.689800,59.997572
4.689900,59.997972
4.690000,59.997403
4.690100,59.998264
4.690200,59.997622
4.690300,59.995371
4.690400,59.996555
4.690500,59.994713
4.690600,59.996388
4.690700,59.989654
4.690800,59.983704
4.690900,59.990330
4.691000,59.996560
4.691100,59.988416
4.691200,59.999845
4.691300,60.005691
4.691400,59.996750
4.691500,59.988893
4.691600,59.999908
4.691700,59.991108
4.691800,59.991410
4.691900,59.994156
4.692000,59.981105
4.692100,59.984534
4.692200,59.983110
4.692300,59.978711
4.692400,59.978818
4.692500,59.979055
4.692600,59.978755
4.692700,59.978814
4.692800,59.978874
4.692900,59.979077
4.693000,59.978205
4.693100,59.979037
4.693200,59.979274
4.693300,59.978384
4.693400,59.978856
4.693500,59.979715
4.693600,59.979192
4.693700,59.978482
4.693800,59.978734
4.693900,59.979230
4.694000,59.978972
4.694100,59.979401
4.694200,59.979173
4.694300,59.979481
4.694400,59.979261
4.694500,59.979290
4.694600,59.978991
4.694700,59.979052
4.694800,59.978866
4.694900,59.979008
4.695000,59.978955
4.695100,59.978881
4.695200,59.978798
4.695300,59.978957
4.695400,59.979129
4.695500,59.978743
4.695600,59.979101
4.695700,59.978528
4.695800,59.978675
4.695900,59.979051
4.696000,59.979182
4.696100,59.978706
4.696200,59.979026
4.696300,59.978756
4.696400,59.978441
4.696500,59.979027
4.696600,59.978959
4.696700,59.978399
4.696800,59.978651
4.696900,59.978450
4.697000,59.979212
4.697100,59.978700
4.697200,59.978816
4.697300,59.977639
4.697400,59.978863
4.697500,59.979021
4.697600,59.979626
4.697700,59.979789
4.697800,59.981048
4.697900,59.979822
4.698000,59.977950
4.698100,59.977131
4.698200,59.978746
4.698300,59.980532
4.698400,59.980188
4.698500,59.978904
4.698600,59.975608
4.698700,59.978652
4.698800,59.977889
4.698900,59.975829
4.699000,59.979722
4.699100,59.983573
4.699200,59.991464
4.699300,59.989175
4.699400,59.987608
4.699500,59.999175
4.699600,60.007698
4.699700,60.021469
4.699800,60.026958
4.699900,60.034810
4.700000,60.046367
4.700100,60.049857
4.700200,60.044851
4.700300,60.059542
4.700400,60.050674
4.700500,60.053868
4.700600,60.051949
4.700700,60.051111
4.700800,60.051005
4.700900,60.050896
4.701000,60.049687
4.701100,60.048462
4.701200,60.049242
4.701300,60.050079
4.701400,60.049419
4.701500,60.049477
4.701600,60.049387
4.701700,60.048242
4.701800,60.049214
4.701900,60.049824
4.702000,60.049561
4.702100,60.049578
4.702200,60.049639
4.702300,60.049099
4.702400,60.049416
4.702500,60.049467
4.702600,60.049559
4.702700,60.049754
4.702800,60.049744
4.702900,60.049300
4.703000,60.049618
4.703100,60.049344
4.703200,60.049806
4.703300,60.049534
4.703400,60.050150
4.703500,60.049493
4.703600,60.049962
4.703700,60.049311
4.703800,60.049111
4.703900,60.049475
4.704000,60.049636
4.704100,60.049683
4.704200,60.049205
4.704300,60.049462
4.704400,60.049720
4.704500,60.049574
4.704600,60.049185
4.704700,60.049584
4.704800,60.049350
4.704900,60.049962
4.705000,60.050174
4.705100,60.049985
4.705200,60.050067
4.705300,60.049554
4.705400,60.049541
4.705500,60.050133
4.705600,60.050110
4.705700,60.048681
4.705800,60.048368
4.705900,60.049613
4.706000,60.050607
4.706100,60.050663
4.706200,60.049499
4.706300,60.048677
4.706400,60.047992
4.706500,60.048522
4.706600,60.048035
4.706700,60.048060
4.706800,60.050609
4.706900,60.049647
4.707000,60.046031
4.707100,60.042614
4.707200,60.047750
4.707300,60.044819
4.707400,60.043534
4.707500,60.043299
4.707600,60.044915
4.707700,60.035395
4.707800,60.039231
4.707900,60.041766
4.708000,60.051944
4.708100,60.037457
4.708200,60.038122
4.708300,60.017096
4.708400,59.997021
4.708500,59.982105
4.708600,59.975586
4.708700,59.981206
4.708800,59.973322
4.708900,59.977150
4.709000,59.975913
4.709100,59.976320
4.709200,59.976301
4.709300,59.975965
4.709400,59.974626
4.709500,59.975093
4.709600,59.974679
4.709700,59.974565
4.709800,59.975432
4.709900,59.976404
4.710000,59.977096
4.710100,59.976474
4.710200,59.976476
4.710300,59.976918
4.710400,59.976840
4.710500,59.976376
4.710600,59.976507
4.710700,59.976522
4.710800,59.976409
4.710900,59.976515
4.711000,59.976927
4.711100,59.976711
4.711200,59.976755
4.711300,59.976092
4.711400,59.976293
4.711500,59.976452
4.711600,59.976282
4.711700,59.976167
4.711800,59.976247
4.711900,59.976297
4.712000,59.976144
4.712100,59.976140
4.712200,59.976073
4.712300,59.976062
4.712400,59.976031
4.712500,59.976059
4.712600,59.976045
4.712700,59.976055
4.712800,59.976205
4.712900,59.976103
4.713000,59.976328
4.713100,59.976283
4.713200,59.976370
4.713300,59.976479
4.713400,59.976436
4.713500,59.976685
4.713600,59.976443
4.713700,59.976509
4.713800,59.976321
4.713900,59.976204
4.714000,59.976318
4.714100,59.976211
4.714200,59.976214
4.714300,59.976357
4.714400,59.976704
4.714500,59.977044
4.714600,59.977369
4.714700,59.977302
4.714800,59.976403
4.714900,59.976119
4.715000,59.976194
4.715100,59.976238
4.715200,59.976975
4.715300,59.976429
4.715400,59.977880
4.715500,59.978600
4.715600,59.978281
4.715700,59.978395
4.715800,59.977026
4.715900,59.978126
4.716000,59.978673
4.716100,59.976222
4.716200,59.974360
4.716300,59.973805
4.716400,59.975684
4.716500,59.972993
4.716600,59.970280
4.716700,59.973413
4.716800,59.972069
4.716900,59.969132
4.717000,59.973558
4.717100,59.977716
4.717200,59.977896
4.717300,59.977073
4.717400,59.975512
4.717500,59.974230
4.717600,59.974522
4.717700,59.974090
4.717800,59.974264
4.717900,59.974281
4.718000,59.974408
4.718100,59.974385
4.718200,59.974421
4.718300,59.974313
4.718400,59.974229
4.718500,59.974339
4.718600,59.974349
4.718700,59.974733
4.718800,59.974900
4.718900,59.974506
4.719000,59.974296
4.719100,59.974150
4.719200,59.974135
4.719300,59.973993
4.719400,59.974382
4.719500,59.974146
4.719600,59.973617
4.719700,59.974167
4.719800,59.974208
4.719900,59.973782
4.720000,59.973529
4.720100,59.974043
4.720200,59.973825
4.720300,59.973095
4.720400,59.973441
4.720500,59.974061
4.720600,59.974364
4.720700,59.974007
4.720800,59.974193
4.720900,59.974295
4.721000,59.974882
4.721100,59.974967
4.721200,59.975227
4.721300,59.974847
4.721400,59.974810
4.721500,59.974751
4.721600,59.974821
4.721700,59.974701
4.721800,59.974312
4.721900,59.974217
4.722000,59.973895
4.722100,59.974196
4.722200,59.973907
4.722300,59.974301
4.722400,59.973448
4.722500,59.973460
4.722600,59.974750
4.722700,59.974441
4.722800,59.975904
4.722900,59.975258
4.723000,59.974903
4.723100,59.976213
4.723200,59.975521
4.723300,59.974436
4.723400,59.976361
4.723500,59.976222
4.723600,59.974757
4.723700,59.975311
4.723800,59.978309
4.723900,59.977223
4.724000,59.976456
4.724100,59.976868
4.724200,59.977526
4.724300,59.976708
4.724400,59.975658
4.724500,59.979570
4.724600,59.978925
4.724700,59.976513
4.724800,59.989226
4.724900,59.993148
4.725000,59.993118
4.725100,59.991669
4.725200,59.993889
4.725300,59.998012
4.725400,59.997776
4.725500,59.998397
4.725600,59.999040
4.725700,59.999057
4.725800,59.998230
4.725900,59.999052
4.726000,60.000708
4.726100,60.000353
4.726200,60.000332
4.726300,60.000473
4.726400,60.000146
4.726500,60.001211
4.726600,60.001342
4.726700,60.001920
4.726800,60.002080
4.726900,60.001194
4.727000,60.001561
4.727100,60.001862
4.727200,60.001934
4.727300,60.002178
4.727400,60.001884
4.727500,60.001948
4.727600,60.002018
4.727700,60.001988
4.727800,60.001994
4.727900,60.002152
4.728000,60.001881
4.728100,60.002202
4.728200,60.001481
4.728300,60.002274
4.728400,60.001902
4.728500,60.001527
4.728600,60.001996
4.728700,60.001762
4.728800,60.001617
4.728900,60.001624
4.729000,60.002141
4.729100,60.001857
4.729200,60.001872
4.729300,60.001283
4.729400,60.001723
4.729500,60.001933
4.729600,60.002021
4.729700,60.002673
4.729800,60.002636
4.729900,60.002619
4.730000,60.002354
4.730100,60.001660
4.730200,60.002357
4.730300,60.002290
4.730400,60.001707
4.730500,60.001561
4.730600,60.001623
4.730700,60.002443
4.730800,60.002483
4.730900,60.002288
4.731000,60.002907
4.731100,60.003560
4.731200,60.002496
4.731300,60.000826
4.731400,60.000630
4.731500,60.000781
4.731600,60.002218
4.731700,60.001240
4.731800,60.001529
4.731900,60.003673
4.732000,60.004228
4.732100,60.004270
4.732200,60.004101
4.732300,60.004399
4.732400,60.004571
4.732500,60.006093
4.732600,59.997028
4.732700,59.994878
4.732800,59.994430
4.732900,59.983083
4.733000,59.980537
4.733100,59.986540
4.733200,59.991775
4.733300,59.982468
4.733400,59.971751
4.733500,59.972664
4.733600,59.962342
4.733700,59.964390
4.733800,59.967572
4.733900,59.962363
4.734000,59.966017
4.734100,59.968364
4.734200,59.969962
4.734300,59.970591
4.734400,59.970462
4.734500,59.970764
4.734600,59.971533
4.734700,59.971783
4.734800,59.972416
4.734900,59.972135
4.735000,59.971292
4.735100,59.970810
4.735200,59.970952
4.735300,59.971239
4.735400,59.971597
4.735500,59.972498
4.735600,59.972894
4.735700,59.972357
4.735800,59.972596
4.735900,59.972331
4.736000,59.971885
4.736100,59.971788
4.736200,59.971398
4.736300,59.971728
4.736400,59.971190
4.736500,59.971516
4.736600,59.971389
4.736700,59.971936
4.736800,59.971583
4.736900,59.971421
4.737000,59.971409
4.737100,59.971599
4.737200,59.971113
4.737300,59.971689
4.737400,59.972017
4.737500,59.971909
4.737600,59.971531
4.737700,59.971612
4.737800,59.971677
4.737900,59.971599
4.738000,59.972477
4.738100,59.972611
4.738200,59.972343
4.738300,59.972109
4.738400,59.972695
4.738500,59.972454
4.738600,59.972656
4.738700,59.972304
4.738800,59.971594
4.738900,59.972060
4.739000,59.972970
4.739100,59.972658
4.739200,59.971915
4.739300,59.972538
4.739400,59.973109
4.739500,59.971245
4.739600,59.971385
4.739700,59.971873
4.739800,59.971677
4.739900,59.971589
4.740000,59.971567
4.740100,59.971953
4.740200,59.969831
4.740300,59.973181
4.740400,59.972483
4.740500,59.977582
4.740600,59.976183
4.740700,59.976900
4.740800,59.983223
4.740900,59.987062
4.741000,59.984101
4.741100,59.983251
4.741200,59.976782
4.741300,59.984444
4.741400,59.985399
4.741500,59.980929
4.741600,59.987769
4.741700,59.997767
4.741800,59.996569
4.741900,60.002044
4.742000,60.005690
4.742100,60.003451
4.742200,60.008068
4.742300,60.009857
4.742400,60.010421
4.742500,60.010402
4.742600,60.010210
4.742700,60.010325
4.742800,60.010479
4.742900,60.010226
4.743000,60.009792
4.743100,60.009859
4.743200,60.010823
4.743300,60.010974
4.743400,60.011488
4.743500,60.010735
4.743600,60.010654
4.743700,60.010929
4.743800,60.010198
4.743900,60.010284
4.744000,60.010364
4.744100,60.010165
4.744200,60.010871
4.744300,60.010573
4.744400,60.010545
4.744500,60.010514
4.744600,60.010503
4.744700,60.010408
4.744800,60.010712
4.744900,60.010997
4.745000,60.010714
4.745100,60.010713
4.745200,60.011059
4.745300,60.010593
4.745400,60.010488
4.745500,60.010253
4.745600,60.010353
4.745700,60.010659
4.745800,60.010716
4.745900,60.010550
4.746000,60.010710
4.746100,60.010768
4.746200,60.010590
4.746300,60.010467
4.746400,60.010644
4.746500,60.010147
4.746600,60.010515
4.746700,60.010648
4.746800,60.011141
4.746900,60.010799
4.747000,60.010661
4.747100,60.010929
4.747200,60.009835
4.747300,60.010030
4.747400,60.011585
4.747500,60.011402
4.747600,60.012614
4.747700,60.011958
4.747800,60.011505
4.747900,60.011443
4.748000,60.012141
4.748100,60.011990
4.748200,60.010884
4.748300,60.010884
4.748400,60.012443
4.748500,60.011000
4.748600,60.012661
4.748700,60.011310
4.748800,60.009605
4.748900,60.005091
4.749000,60.006783
4.749100,60.005100
4.749200,60.002791
4.749300,59.999794
4.749400,60.009388
4.749500,60.005131
4.749600,59.996417
4.749700,59.985426
4.749800,59.992225
4.749900,60.002320
4.750000,60.006973
4.750100,59.999187
4.750200,60.013791
4.750300,60.012812
4.750400,60.015840
4.750500,60.014397
4.750600,60.012962
4.750700,60.012150
4.750800,60.012559
4.750900,60.013025
4.751000,60.013755
4.751100,60.014413
4.751200,60.014646
4.751300,60.015580
4.751400,60.015926
4.751500,60.014372
4.751600,60.015199
4.751700,60.015023
4.751800,60.015448
4.751900,60.014770
4.752000,60.014658
4.752100,60.014767
4.752200,60.014957
4.752300,60.014831
4.752400,60.014637
4.752500,60.015002
4.752600,60.015113
4.752700,60.015330
4.752800,60.015717
4.752900,60.015192
4.753000,60.014970
4.753100,60.015167
4.753200,60.015021
4.753300,60.015347
4.753400,60.015186
4.753500,60.015121
4.753600,60.015260
4.753700,60.015004
4.753800,60.014829
4.753900,60.015269
4.754000,60.014869
4.754100,60.015117
4.754200,60.015417
4.754300,60.015346
4.754400,60.015204
4.754500,60.014645
4.754600,60.014890
4.754700,60.015187
4.754800,60.015077
4.754900,60.015491
4.755000,60.015015
4.755100,60.014474
4.755200,60.015418
4.755300,60.015797
4.755400,60.015650
4.755500,60.015712
4.755600,60.015740
4.755700,60.015366
4.755800,60.015455
4.755900,60.013789
4.756000,60.015028
4.756100,60.015469
4.756200,60.015702
4.756300,60.014531
4.756400,60.015066
4.756500,60.014654
4.756600,60.013803
4.756700,60.016576
4.756800,60.014986
4.756900,60.014294
4.757000,60.016116
4.757100,60.015628
4.757200,60.019163
4.757300,60.020736
4.757400,60.016619
4.757500,60.020565
4.757600,60.022384
4.757700,60.017021
4.757800,60.021935
4.757900,60.012172
4.758000,60.000539
4.758100,60.006961
4.758200,60.000417
4.758300,60.009743
4.758400,60.014103
4.758500,60.031966
4.758600,60.022339
4.758700,60.020729
4.758800,60.018074
4.758900,60.019855
4.759000,60.018282
4.759100,60.018394
4.759200,60.018276
4.759300,60.019530
4.759400,60.019813
4.759500,60.018131
4.759600,60.017995
4.759700,60.017742
4.759800,60.018106
4.759900,60.018332
4.760000,60.019376
4.760100,60.018342
4.760200,60.018244
4.760300,60.018226
4.760400,60.018089
4.760500,60.018037
4.760600,60.018786
4.760700,60.018737
4.760800,60.018614
4.760900,60.018072
4.761000,60.018359
4.761100,60.018030
4.761200,60.018442
4.761300,60.018492
4.761400,60.018316
4.761500,60.018222
4.761600,60.018119
4.761700,60.018638
4.761800,60.018180
4.761900,60.018350
4.762000,60.018060
4.762100,60.018478
4.762200,60.018004
4.762300,60.018535
4.762400,60.018186
4.762500,60.017849
4.762600,60.018407
4.762700,60.018392
4.762800,60.018406
4.762900,60.018876
4.763000,60.019041
4.763100,60.018803
4.763200,60.018353
4.763300,60.018027
4.763400,60.017929
4.763500,60.018363
4.763600,60.018560
4.763700,60.017398
4.763800,60.018300
4.763900,60.018719
4.764000,60.017886
4.764100,60.017798
4.764200,60.018567
4.764300,60.017738
4.764400,60.018862
4.764500,60.019254
4.764600,60.020168
4.764700,60.019572
4.764800,60.019853
4.764900,60.019773
4.765000,60.020856
4.765100,60.019556
4.765200,60.019397
4.765300,60.015362
4.765400,60.015505
4.765500,60.016751
4.765600,60.016374
4.765700,60.018512
4.765800,60.019630
4.765900,60.023629
4.766000,60.014494
4.766100,60.009822
4.766200,60.017160
4.766300,60.006296
4.766400,60.018601
4.766500,60.039383
4.766600,60.023404
4.766700,60.026020
4.766800,60.014631
4.766900,60.019816
4.767000,60.024220
4.767100,60.012965
4.767200,60.015001
4.767300,60.015316
4.767400,60.015368
4.767500,60.015366
4.767600,60.015848
4.767700,60.016183
4.767800,60.014547
4.767900,60.014754
4.768000,60.014274
4.768100,60.015267
4.768200,60.015560
4.768300,60.016537
4.768400,60.015261
4.768500,60.015327
4.768600,60.015046
4.768700,60.015471
4.768800,60.015533
4.768900,60.015066
4.769000,60.014935
4.769100,60.015034
4.769200,60.015025
4.769300,60.015208
4.769400,60.015228
4.769500,60.015105
4.769600,60.014931
4.769700,60.015341
4.769800,60.015025
4.769900,60.015011
4.770000,60.015100
4.770100,60.015149
4.770200,60.015254
4.770300,60.015063
4.770400,60.015208
4.770500,60.015109
4.770600,60.015277
4.770700,60.015022
4.770800,60.015533
4.770900,60.015433
4.771000,60.015497
4.771100,60.015201
4.771200,60.015192
4.771300,60.015433
4.771400,60.015101
4.771500,60.015428
4.771600,60.015522
4.771700,60.015173
4.771800,60.015243
4.771900,60.015023
4.772000,60.015160
4.772100,60.014063
4.772200,60.014679
4.772300,60.015719
4.772400,60.014372
4.772500,60.014512
4.772600,60.015670
4.772700,60.015694
4.772800,60.016797
4.772900,60.016592
4.773000,60.014364
4.773100,60.016578
4.773200,60.016421
4.773300,60.016869
4.773400,60.017234
4.773500,60.013736
4.773600,60.013328
4.773700,60.014455
4.773800,60.013355
4.773900,60.011084
4.774000,60.014862
4.774100,60.014985
4.774200,60.023557
4.774300,60.025914
4.774400,60.023488
4.774500,60.021536
4.774600,60.014717
4.774700,60.031723
4.774800,60.015494
4.774900,60.014463
4.775000,59.990238
4.775100,59.968560
4.775200,59.970706
4.775300,59.979864
4.775400,59.980685
4.775500,59.979648
4.775600,59.981166
4.775700,59.980946
4.775800,59.981093
4.775900,59.981702
4.776000,59.982543
4.776100,59.980721
4.776200,59.980512
4.776300,59.980158
4.776400,59.980361
4.776500,59.979524
4.776600,59.980191
4.776700,59.980820
4.776800,59.980503
4.776900,59.981207
4.777000,59.980987
4.777100,59.980117
4.777200,59.980606
4.777300,59.980694
4.777400,59.980141
4.777500,59.980185
4.777600,59.980402
4.777700,59.980662
4.777800,59.980017
4.777900,59.980151
4.778000,59.980150
4.778100,59.980136
4.778200,59.979944
4.778300,59.980190
4.778400,59.979763
4.778500,59.980133
4.778600,59.980617
4.778700,59.980135
4.778800,59.980314
4.778900,59.980059
4.779000,59.980400
4.779100,59.980218
4.779200,59.980212
4.779300,59.980275
4.779400,59.980177
4.779500,59.979820
4.779600,59.979951
4.779700,59.980064
4.779800,59.980465
4.779900,59.980556
4.780000,59.980283
4.780100,59.980972
4.780200,59.979926
4.780300,59.981124
4.780400,59.980280
4.780500,59.980964
4.780600,59.980250
4.780700,59.980743
4.780800,59.980316
4.780900,59.980914
4.781000,59.979871
4.781100,59.979981
4.781200,59.979091
4.781300,59.980172
4.781400,59.980212
4.781500,59.980499
4.781600,59.978917
4.781700,59.980475
4.781800,59.981548
4.781900,59.978708
4.782000,59.981212
4.782100,59.981594
4.782200,59.979198
4.782300,59.981999
4.782400,59.982580
4.782500,59.976778
4.782600,59.978857
4.782700,59.981118
4.782800,59.978033
4.782900,59.973247
4.783000,59.975568
4.783100,59.989573
4.783200,60.004824
4.783300,59.998736
4.783400,59.999140
4.783500,59.995746
4.783600,60.005047
4.783700,60.007244
4.783800,60.012392
4.783900,60.009773
4.784000,60.008821
4.784100,60.008003
4.784200,60.007936
4.784300,60.007351
4.784400,60.008060
4.784500,60.006235
4.784600,60.007192
4.784700,60.006953
4.784800,60.007168
4.784900,60.008573
4.785000,60.008792
4.785100,60.008912
4.785200,60.008262
4.785300,60.008694
4.785400,60.008868
4.785500,60.008597
4.785600,60.008237
4.785700,60.008292
4.785800,60.008265
4.785900,60.008639
4.786000,60.008165
4.786100,60.008474
4.786200,60.008401
4.786300,60.008233
4.786400,60.008356
4.786500,60.008458
4.786600,60.008534
4.786700,60.008033
4.786800,60.008132
4.786900,60.008075
4.787000,60.008582
4.787100,60.008870
4.787200,60.008730
4.787300,60.008106
4.787400,60.008346
4.787500,60.008672
4.787600,60.008297
4.787700,60.008903
4.787800,60.008628
4.787900,60.009280
4.788000,60.008739
4.788100,60.008867
4.788200,60.008491
4.788300,60.008621
4.788400,60.008541
4.788500,60.008956
4.788600,60.008829
4.788700,60.008206
4.788800,60.008894
4.788900,60.008161
4.789000,60.009173
4.789100,60.007934
4.789200,60.008157
4.789300,60.009840
4.789400,60.010068
4.789500,60.008553
4.789600,60.008659
4.789700,60.009055
4.789800,60.007864
4.789900,60.006803
4.790000,60.006744
4.790100,60.009000
4.790200,60.008405
4.790300,60.010649
4.790400,60.011500
4.790500,60.009941
4.790600,60.009352
4.790700,60.010801
4.790800,60.012468
4.790900,60.013719
4.791000,60.004017
4.791100,60.010409
4.791200,60.013062
4.791300,60.018021
4.791400,60.011163
4.791500,60.010908
4.791600,60.012394
4.791700,60.002044
4.791800,59.997734
4.791900,59.978690
4.792000,59.984087
4.792100,59.982582
4.792200,59.981741
4.792300,59.985272
4.792400,59.984722
4.792500,59.984644
4.792600,59.984979
4.792700,59.984274
4.792800,59.984708
4.792900,59.985523
4.793000,59.985308
4.793100,59.985346
4.793200,59.985107
4.793300,59.983962
4.793400,59.984014
4.793500,59.983792
4.793600,59.983446
4.793700,59.983986
4.793800,59.983375
4.793900,59.983733
4.794000,59.983849
4.794100,59.983509
4.794200,59.982978
4.794300,59.983291
4.794400,59.983237
4.794500,59.983573
4.794600,59.983362
4.794700,59.983220
4.794800,59.983398
4.794900,59.983436
4.795000,59.983568
4.795100,59.983548
4.795200,59.983229
4.795300,59.983418
4.795400,59.983340
4.795500,59.983190
4.795600,59.983364
4.795700,59.983262
4.795800,59.983053
4.795900,59.983162
4.796000,59.983193
4.796100,59.983740
4.796200,59.983513
4.796300,59.983598
4.796400,59.983327
4.796500,59.984018
4.796600,59.983319
4.796700,59.983048
4.796800,59.983438
4.796900,59.983361
4.797000,59.983716
4.797100,59.983015
4.797200,59.983160
4.797300,59.982826
4.797400,59.982320
4.797500,59.983399
4.797600,59.982445
4.797700,59.983632
4.797800,59.984679
4.797900,59.985217
4.798000,59.985344
4.798100,59.984121
4.798200,59.985386
4.798300,59.984851
4.798400,59.986076
4.798500,59.984084
4.798600,59.986061
4.798700,59.984702
4.798800,59.984013
4.798900,59.981581
4.799000,59.984076
4.799100,59.987266
4.799200,59.985874
4.799300,59.983614
4.799400,59.982718
4.799500,59.976748
4.799600,59.972991
4.799700,59.969100
4.799800,59.974307
4.799900,59.982620
4.800000,59.975440
4.800100,59.963271
4.800200,59.973798
4.800300,59.988123
4.800400,59.975668
4.800500,59.977800
4.800600,59.973070
4.800700,59.972987
4.800800,59.972845
4.800900,59.972271
4.801000,59.972786
4.801100,59.971373
4.801200,59.971410
4.801300,59.969756
4.801400,59.969383
4.801500,59.969878
4.801600,59.969844
4.801700,59.970495
4.801800,59.969906
4.801900,59.970532
4.802000,59.970025
4.802100,59.969886
4.802200,59.969436
4.802300,59.970018
4.802400,59.970005
4.802500,59.969866
4.802600,59.970147
4.802700,59.969988
4.802800,59.970427
4.802900,59.969916
4.803000,59.970042
4.803100,59.970142
4.803200,59.969952
4.803300,59.970035
4.803400,59.970184
4.803500,59.970262
4.803600,59.970111
4.803700,59.970032
4.803800,59.969993
4.803900,59.969763
4.804000,59.970156
4.804100,59.969471
4.804200,59.969883
4.804300,59.969840
4.804400,59.970186
4.804500,59.970315
4.804600,59.970094
4.804700,59.969636
4.804800,59.969661
4.804900,59.969605
4.805000,59.969603
4.805100,59.969605
4.805200,59.969610
4.805300,59.969623
4.805400,59.969621
4.805500,59.969641
4.805600,59.969673
4.805700,59.969721
4.805800,59.969786
4.805900,59.969878
4.806000,59.969843
4.806100,59.969891
4.806200,59.969907
4.806300,59.969981
4.806400,59.969998
4.806500,59.970028
4.806600,59.969963
4.806700,59.969972
4.806800,59.970079
4.806900,59.970170
4.807000,59.970215
4.807100,59.970124
4.807200,59.970303
4.807300,59.970237
4.807400,59.970318
4.807500,59.970329
4.807600,59.970394
4.807700,59.970299
4.807800,59.970447
4.807900,59.970695
4.808000,59.970756
4.808100,59.971073
4.808200,59.971140
4.808300,59.971181
4.808400,59.970958
4.808500,59.971330
4.808600,59.971276
4.808700,59.971105
4.808800,59.971116
4.808900,59.970687
4.809000,59.970842
4.809100,59.970791
4.809200,59.970892
4.809300,59.971219
4.809400,59.971213
4.809500,59.971371
4.809600,59.971240
4.809700,59.971323
4.809800,59.971312
4.809900,59.971269
4.810000,59.971162
4.810100,59.971380
4.810200,59.971393
4.810300,59.971377
4.810400,59.971306
4.810500,59.971280
4.810600,59.971276
4.810700,59.971266
4.810800,59.971250
4.810900,59.971234
4.811000,59.971204
4.811100,59.971172
4.811200,59.971194
4.811300,59.971131
4.811400,59.971092
4.811500,59.971047
4.811600,59.971029
4.811700,59.971089
4.811800,59.971278
4.811900,59.971363
4.812000,59.971481
4.812100,59.971610
4.812200,59.971407
4.812300,59.971437
4.812400,59.971575
4.812500,59.971645
4.812600,59.971789
4.812700,59.971731
4.812800,59.971796
4.812900,59.971555
4.813000,59.971525
4.813100,59.971694
4.813200,59.971568
4.813300,59.971723
4.813400,59.971680
4.813500,59.971690
4.813600,59.971672
4.813700,59.971862
4.813800,59.971916
4.813900,59.971832
4.814000,59.971808
4.814100,59.971775
4.814200,59.972093
4.814300,59.972190
4.814400,59.972188
4.814500,59.972478
4.814600,59.972561
4.814700,59.972655
4.814800,59.972366
4.814900,59.972662
4.815000,59.972676
4.815100,59.972545
4.815200,59.972543
4.815300,59.972444
4.815400,59.972852
4.815500,59.972721
4.815600,59.972600
4.815700,59.973183
4.815800,59.973447
4.815900,59.973148
4.816000,59.973487
4.816100,59.973606
4.816200,59.973440
4.816300,59.974382
4.816400,59.974285
4.816500,59.974249
4.816600,59.973647
4.816700,59.973363
4.816800,59.974300
4.816900,59.975707
4.817000,59.975265
4.817100,59.975863
4.817200,59.976176
4.817300,59.977891
4.817400,59.979106
4.817500,59.979880
4.817600,59.980526
4.817700,59.979898
4.817800,59.979969
4.817900,59.979503
4.818000,59.979678
4.818100,59.980182
4.818200,59.979932
4.818300,59.980345
4.818400,59.980410
4.818500,59.980389
4.818600,59.980320
4.818700,59.980323
4.818800,59.980324
4.818900,59.980269
4.819000,59.980323
4.819100,59.980452
4.819200,59.980472
4.819300,59.980667
4.819400,59.980535
4.819500,59.980715
4.819600,59.980194
4.819700,59.980045
4.819800,59.979824
4.819900,59.979844
4.820000,59.980548
4.820100,59.980588
4.820200,59.980634
4.820300,59.980386
4.820400,59.980660
4.820500,59.980591
4.820600,59.980776
4.820700,59.980671
4.820800,59.980846
4.820900,59.980868
4.821000,59.981068
4.821100,59.981600
4.821200,59.981931
4.821300,59.981957
4.821400,59.981492
4.821500,59.981200
4.821600,59.981168
4.821700,59.981378
4.821800,59.981437
4.821900,59.981738
4.822000,59.982382
4.822100,59.982531
4.822200,59.982757
4.822300,59.982499
4.822400,59.983130
4.822500,59.982964
4.822600,59.983114
4.822700,59.983892
4.822800,59.983818
4.822900,59.983317
4.823000,59.983037
4.823100,59.983591
4.823200,59.982633
4.823300,59.983228
4.823400,59.982812
4.823500,59.983537
4.823600,59.983386
4.823700,59.984634
4.823800,59.983545
4.823900,59.982238
4.824000,59.981613
4.824100,59.983521
4.824200,59.982433
4.824300,59.980959
4.824400,59.985368
4.824500,59.986127
4.824600,59.984729
4.824700,59.985667
4.824800,59.984823
4.824900,59.987766
4.825000,59.987449
4.825100,59.990868
4.825200,59.991671
4.825300,59.995214
4.825400,59.995145
4.825500,60.000611
4.825600,59.999372
4.825700,59.996884
4.825800,59.994265
4.825900,59.993309
4.826000,59.992865
4.826100,59.993204
4.826200,59.993509
4.826300,59.993492
4.826400,59.994188
4.826500,59.994066
4.826600,59.994193
4.826700,59.994195
4.826800,59.993952
4.826900,59.993872
4.827000,59.993672
4.827100,59.993713
4.827200,59.993897
4.827300,59.993849
4.827400,59.993697
4.827500,59.994320
4.827600,59.994561
4.827700,59.994182
4.827800,59.994351
4.827900,59.994764
4.828000,59.994971
4.828100,59.994921
4.828200,59.995074
4.828300,59.995464
4.828400,59.995767
4.828500,59.994819
4.828600,59.995678
4.828700,59.995631
4.828800,59.996095
4.828900,59.995414
4.829000,59.994529
4.829100,59.994178
4.829200,59.994350
4.829300,59.994923
4.829400,59.995073
4.829500,59.995157
4.829600,59.995521
4.829700,59.995354
4.829800,59.994586
4.829900,59.995380
4.830000,59.994893
4.830100,59.995043
4.830200,59.995745
4.830300,59.996496
4.830400,59.996183
4.830500,59.996146
4.830600,59.996546
4.830700,59.996635
4.830800,59.996198
4.830900,59.995899
4.831000,59.995776
4.831100,59.995344
4.831200,59.994775
4.831300,59.994795
4.831400,59.994676
4.831500,59.995063
4.831600,59.996717
4.831700,59.996368
4.831800,59.996072
4.831900,59.996408
4.832000,59.995262
4.832100,59.997345
4.832200,59.996645
4.832300,59.996915
4.832400,60.001101
4.832500,60.000387
4.832600,60.000498
4.832700,59.997158
4.832800,59.992432
4.832900,59.995760
4.833000,59.998432
4.833100,59.998286
4.833200,60.002159
4.833300,60.005130
4.833400,60.005269
4.833500,60.001249
4.833600,59.998329
4.833700,60.004038
4.833800,60.001091
4.833900,60.003643
4.834000,60.003879
4.834100,60.001890
4.834200,60.002063
4.834300,60.002582
4.834400,60.004703
4.834500,60.003954
4.834600,60.003967
4.834700,60.003965
4.834800,60.004046
4.834900,60.004150
4.835000,60.004320
4.835100,60.004937
4.835200,60.004120
4.835300,60.004185
4.835400,60.004359
4.835500,60.004250
4.835600,60.004332
4.835700,60.004694
4.835800,60.003975
4.835900,60.003933
4.836000,60.004300
4.836100,60.005111
4.836200,60.004475
4.836300,60.003858
4.836400,60.004036
4.836500,60.003816
4.836600,60.003731
4.836700,60.003707
4.836800,60.004102
4.836900,60.004234
4.837000,60.004157
4.837100,60.004231
4.837200,60.004442
4.837300,60.004286
4.837400,60.004445
4.837500,60.004324
4.837600,60.004877
4.837700,60.004707
4.837800,60.004912
4.837900,60.004409
4.838000,60.004441
4.838100,60.004330
4.838200,60.004064
4.838300,60.004118
4.838400,60.003939
4.838500,60.003237
4.838600,60.003410
4.838700,60.004102
4.838800,60.003624
4.838900,60.004617
4.839000,60.004733
4.839100,60.005029
4.839200,60.004234
4.839300,60.003183
4.839400,60.004978
4.839500,60.004996
4.839600,60.006379
4.839700,60.004970
4.839800,60.005002
4.839900,60.006131
4.840000,60.005506
4.840100,60.006644
4.840200,60.006756
4.840300,60.006489
4.840400,60.007604
4.840500,60.005680
4.840600,60.005001
4.840700,60.008156
4.840800,60.012895
4.840900,60.012795
4.841000,60.009690
4.841100,60.009552
4.841200,60.010155
4.841300,60.007639
4.841400,60.007739
4.841500,60.008305
4.841600,60.011053
4.841700,60.013982
4.841800,60.009066
4.841900,60.015135
4.842000,60.008266
4.842100,60.009100
4.842200,60.012298
4.842300,60.015939
4.842400,60.015791
4.842500,60.013788
4.842600,60.013689
4.842700,60.014350
4.842800,60.014254
4.842900,60.014383
4.843000,60.014334
4.843100,60.014375
4.843200,60.013975
4.843300,60.014238
4.843400,60.014021
4.843500,60.013354
4.843600,60.013757
4.843700,60.013756
4.843800,60.013596
4.843900,60.013876
4.844000,60.014016
4.844100,60.014498
4.844200,60.014359
4.844300,60.013951
4.844400,60.013724
4.844500,60.014154
4.844600,60.013718
4.844700,60.013986
4.844800,60.013693
4.844900,60.013406
4.845000,60.013670
4.845100,60.013867
4.845200,60.013443
4.845300,60.013366
4.845400,60.013926
4.845500,60.014578
4.845600,60.014219
4.845700,60.013453
4.845800,60.013303
4.845900,60.013224
4.846000,60.013616
4.846100,60.013423
4.846200,60.014297
4.846300,60.014371
4.846400,60.013852
4.846500,60.014218
4.846600,60.013497
4.846700,60.013819
4.846800,60.013933
4.846900,60.013747
4.847000,60.013717
4.847100,60.013575
4.847200,60.013965
4.847300,60.013753
4.847400,60.013118
4.847500,60.012251
4.847600,60.014194
4.847700,60.014331
4.847800,60.014813
4.847900,60.013479
4.848000,60.014328
4.848100,60.013560
4.848200,60.011597
4.848300,60.011445
4.848400,60.012111
4.848500,60.011029
4.848600,60.011428
4.848700,60.010496
4.848800,60.013413
4.848900,60.010868
4.849000,60.015555
4.849100,60.015616
4.849200,60.019532
4.849300,60.017271
4.849400,60.008847
4.849500,60.003605
4.849600,60.004488
4.849700,59.997389
4.849800,60.015898
4.849900,60.014139
4.850000,60.023194
4.850100,60.025663
4.850200,60.029359
4.850300,60.025141
4.850400,60.013174
4.850500,60.012840
4.850600,60.007902
4.850700,60.009451
4.850800,60.010620
4.850900,60.010355
4.851000,60.010393
4.851100,60.010344
4.851200,60.010121
4.851300,60.009898
4.851400,60.009048
4.851500,60.009600
4.851600,60.011433
4.851700,60.011363
4.851800,60.011914
4.851900,60.011580
4.852000,60.011372
4.852100,60.010926
4.852200,60.011329
4.852300,60.010833
4.852400,60.011352
4.852500,60.010958
4.852600,60.010976
4.852700,60.010870
4.852800,60.011178
4.852900,60.010572
4.853000,60.010443
4.853100,60.010513
4.853200,60.010832
4.853300,60.011382
4.853400,60.011431
4.853500,60.011107
4.853600,60.011212
4.853700,60.011317
4.853800,60.011346
4.853900,60.011064
4.854000,60.010826
4.854100,60.011350
4.854200,60.011239
4.854300,60.011155
4.854400,60.010620
4.854500,60.010587
4.854600,60.011421
4.854700,60.011009
4.854800,60.011448
4.854900,60.011050
4.855000,60.010347
4.855100,60.010905
4.855200,60.011292
4.855300,60.011334
4.855400,60.011714
4.855500,60.011117
4.855600,60.010722
4.855700,60.011352
4.855800,60.011623
4.855900,60.012222
4.856000,60.011925
4.856100,60.011965
4.856200,60.010839
4.856300,60.011376
4.856400,60.011362
4.856500,60.011873
4.856600,60.011739
4.856700,60.011533
4.856800,60.011990
4.856900,60.014782
4.857000,60.011337
4.857100,60.013654
4.857200,60.012175
4.857300,60.016670
4.857400,60.015242
4.857500,60.019578
4.857600,60.021981
4.857700,60.026640
4.857800,60.019825
4.857900,60.015953
4.858000,60.020593
4.858100,60.018130
4.858200,60.014620
4.858300,60.022171
4.858400,60.020985
4.858500,60.004370
4.858600,60.000558
4.858700,60.007886
4.858800,60.012642
4.858900,60.016322
4.859000,60.014735
4.859100,60.015176
4.859200,60.015119
4.859300,60.015055
4.859400,60.015927
4.859500,60.015179
4.859600,60.014597
4.859700,60.014412
4.859800,60.013744
4.859900,60.013583
4.860000,60.014591
4.860100,60.015509
4.860200,60.015691
4.860300,60.014830
4.860400,60.014864
4.860500,60.014332
4.860600,60.013918
4.860700,60.014122
4.860800,60.014044
4.860900,60.013915
4.861000,60.014201
4.861100,60.014067
4.861200,60.013895
4.861300,60.013998
4.861400,60.014270
4.861500,60.014538
4.861600,60.014085
4.861700,60.013994
4.861800,60.014065
4.861900,60.014161
4.862000,60.014503
4.862100,60.014763
4.862200,60.014474
4.862300,60.014538
4.862400,60.014322
4.862500,60.014861
4.862600,60.014421
4.862700,60.014534
4.862800,60.014362
4.862900,60.014162
4.863000,60.013802
4.863100,60.014063
4.863200,60.013773
4.863300,60.014370
4.863400,60.014573
4.863500,60.015558
4.863600,60.014355
4.863700,60.014675
4.863800,60.014773
4.863900,60.015079
4.864000,60.014710
4.864100,60.015171
4.864200,60.014965
4.864300,60.015378
4.864400,60.016276
4.864500,60.014641
4.864600,60.015062
4.864700,60.013386
4.864800,60.014797
4.864900,60.012975
4.865000,60.013364
4.865100,60.015501
4.865200,60.015138
4.865300,60.014378
4.865400,60.012011
4.865500,60.014123
4.865600,60.020748
4.865700,60.020671
4.865800,60.017631
4.865900,60.014277
4.866000,60.016622
4.866100,60.011508
4.866200,60.005045
4.866300,60.016125
4.866400,60.014880
4.866500,59.999783
4.866600,60.008751
4.866700,60.029359
4.866800,60.027890
4.866900,60.037760
4.867000,60.031270
4.867100,60.028389
4.867200,60.026350
4.867300,60.024311
4.867400,60.025212
4.867500,60.025138
4.867600,60.025149
4.867700,60.023549
4.867800,60.025323
4.867900,60.024043
4.868000,60.024303
4.868100,60.022673
4.868200,60.023676
4.868300,60.024415
4.868400,60.024107
4.868500,60.023995
4.868600,60.024716
4.868700,60.024686
4.868800,60.023877
4.868900,60.024495
4.869000,60.023846
4.869100,60.023877
4.869200,60.023964
4.869300,60.024246
4.869400,60.023549
4.869500,60.023898
4.869600,60.023869
4.869700,60.023992
4.869800,60.023949
4.869900,60.023974
4.870000,60.024150
4.870100,60.024225
4.870200,60.024501
4.870300,60.023802
4.870400,60.024259
4.870500,60.023913
4.870600,60.024293
4.870700,60.023907
4.870800,60.023646
4.870900,60.023671
4.871000,60.024065
4.871100,60.024384
4.871200,60.023730
4.871300,60.023404
4.871400,60.023184
4.871500,60.023734
4.871600,60.024585
4.871700,60.024487
4.871800,60.024045
4.871900,60.024295
4.872000,60.023499
4.872100,60.023195
4.872200,60.023746
4.872300,60.023388
4.872400,60.023858
4.872500,60.023987
4.872600,60.024165
4.872700,60.024672
4.872800,60.025371
4.872900,60.024098
4.873000,60.024324
4.873100,60.024765
4.873200,60.023875
4.873300,60.025231
4.873400,60.025478
4.873500,60.025152
4.873600,60.026134
4.873700,60.025498
4.873800,60.022269
4.873900,60.019220
4.874000,60.019552
4.874100,60.021852
4.874200,60.014383
4.874300,60.009393
4.874400,60.013124
4.874500,60.025560
4.874600,60.022044
4.874700,60.027266
4.874800,60.013251
4.874900,60.029642
4.875000,60.014902
4.875100,60.026623
4.875200,60.024597
4.875300,60.024366
4.875400,60.022533
4.875500,60.017656
4.875600,60.020388
4.875700,60.018930
4.875800,60.019022
4.875900,60.018837
4.876000,60.018187
4.876100,60.019819
4.876200,60.021308
4.876300,60.019212
4.876400,60.020118
4.876500,60.019754
4.876600,60.020080
4.876700,60.019860
4.876800,60.021053
4.876900,60.020456
4.877000,60.020078
4.877100,60.020142
4.877200,60.019850
4.877300,60.020028
4.877400,60.020090
4.877500,60.020157
4.877600,60.020290
4.877700,60.019803
4.877800,60.019945
4.877900,60.019780
4.878000,60.019743
4.878100,60.019816
4.878200,60.019820
4.878300,60.019830
4.878400,60.019961
4.878500,60.020128
4.878600,60.019838
4.878700,60.019599
4.878800,60.019768
4.878900,60.020054
4.879000,60.020072
4.879100,60.019737
4.879200,60.020221
4.879300,60.019998
4.879400,60.019801
4.879500,60.019945
4.879600,60.019659
4.879700,60.019635
4.879800,60.019704
4.879900,60.020274
4.880000,60.019931
4.880100,60.019637
4.880200,60.019995
4.880300,60.019460
4.880400,60.019192
4.880500,60.018704
4.880600,60.019835
4.880700,60.019948
4.880800,60.020187
4.880900,60.019883
4.881000,60.019191
4.881100,60.019964
4.881200,60.020427
4.881300,60.019146
4.881400,60.018849
4.881500,60.019112
4.881600,60.017443
4.881700,60.016523
4.881800,60.014524
4.881900,60.018656
4.882000,60.019267
4.882100,60.019286
4.882200,60.020621
4.882300,60.021144
4.882400,60.019126
4.882500,60.018027
4.882600,60.013126
4.882700,60.009514
4.882800,60.004481
4.882900,59.992777
4.883000,59.995849
4.883100,59.979723
4.883200,59.988900
4.883300,59.990197
4.883400,60.004249
4.883500,59.983619
4.883600,59.975252
4.883700,59.968629
4.883800,59.971199
4.883900,59.974289
4.884000,59.973737
4.884100,59.973787
4.884200,59.974298
4.884300,59.973798
4.884400,59.973147
4.884500,59.971827
4.884600,59.972836
4.884700,59.973439
4.884800,59.973912
4.884900,59.973101
4.885000,59.974040
4.885100,59.973983
4.885200,59.974045
4.885300,59.974593
4.885400,59.974554
4.885500,59.974403
4.885600,59.974273
4.885700,59.974148
4.885800,59.974315
4.885900,59.974443
4.886000,59.974213
4.886100,59.974073
4.886200,59.974435
4.886300,59.974585
4.886400,59.973962
4.886500,59.974121
4.886600,59.974175
4.886700,59.973876
4.886800,59.973887
4.886900,59.973880
4.887000,59.973741
4.887100,59.973903
4.887200,59.973979
4.887300,59.974131
4.887400,59.974222
4.887500,59.974125
4.887600,59.973901
4.887700,59.974037
4.887800,59.973625
4.887900,59.973581
4.888000,59.974015
4.888100,59.973372
4.888200,59.974015
4.888300,59.973927
4.888400,59.973921
4.888500,59.973761
4.888600,59.973577
4.888700,59.974338
4.888800,59.973757
4.888900,59.974180
4.889000,59.974144
4.889100,59.974921
4.889200,59.974131
4.889300,59.974213
4.889400,59.973615
4.889500,59.974455
4.889600,59.975169
4.889700,59.973852
4.889800,59.973563
4.889900,59.974512
4.890000,59.976013
4.890100,59.973837
4.890200,59.972759
4.890300,59.975732
4.890400,59.975331
4.890500,59.980027
4.890600,59.974656
4.890700,59.970183
4.890800,59.974899
4.890900,59.981167
4.891000,59.979770
4.891100,59.967993
4.891200,59.959807
4.891300,59.961830
4.891400,59.965329
4.891500,59.968308
4.891600,59.962041
4.891700,59.958874
4.891800,59.976692
4.891900,59.962178
4.892000,59.955485
4.892100,59.959886
4.892200,59.958126
4.892300,59.958133
4.892400,59.958496
4.892500,59.958261
4.892600,59.957749
4.892700,59.958294
4.892800,59.957595
4.892900,59.956920
4.893000,59.958563
4.893100,59.957527
4.893200,59.958688
4.893300,59.959602
4.893400,59.958426
4.893500,59.957900
4.893600,59.958272
4.893700,59.958637
4.893800,59.958643
4.893900,59.958589
4.894000,59.959189
4.894100,59.959247
4.894200,59.958524
4.894300,59.958354
4.894400,59.958721
4.894500,59.958410
4.894600,59.958856
4.894700,59.958351
4.894800,59.958367
4.894900,59.958952
4.895000,59.958899
4.895100,59.958282
4.895200,59.957994
4.895300,59.958119
4.895400,59.958408
4.895500,59.958690
4.895600,59.958989
4.895700,59.958416
4.895800,59.958163
4.895900,59.958065
4.896000,59.958288
4.896100,59.958180
4.896200,59.957710
4.896300,59.957896
4.896400,59.958258
4.896500,59.958260
4.896600,59.958331
4.896700,59.958319
4.896800,59.957733
4.896900,59.957713
4.897000,59.958000
4.897100,59.958923
4.897200,59.958837
4.897300,59.958549
4.897400,59.958624
4.897500,59.958989
4.897600,59.959356
4.897700,59.958723
4.897800,59.957899
4.897900,59.957536
4.898000,59.959584
4.898100,59.958530
4.898200,59.958933
4.898300,59.959578
4.898400,59.958905
4.898500,59.958247
4.898600,59.956541
4.898700,59.958093
4.898800,59.962097
4.898900,59.964490
4.899000,59.960439
4.899100,59.955276
4.899200,59.957379
4.899300,59.962709
4.899400,59.972870
4.899500,59.965519
4.899600,59.976338
4.899700,59.960467
4.899800,59.965151
4.899900,59.968560
4.900000,59.968148
4.900100,59.982201
4.900200,59.976718
4.900300,59.992016
4.900400,60.005362
4.900500,60.001317
4.900600,59.995801
4.900700,59.997236
4.900800,59.996844
4.900900,59.996773
4.901000,59.997647
4.901100,59.998402
4.901200,59.996961
4.901300,59.996290
4.901400,59.995515
4.901500,59.995722
4.901600,59.995797
4.901700,59.995069
4.901800,59.995542
4.901900,59.995785
4.902000,59.995438
4.902100,59.996385
4.902200,59.996053
4.902300,59.995861
4.902400,59.995987
4.902500,59.996063
4.902600,59.996098
4.902700,59.996164
4.902800,59.996304
4.902900,59.996341
4.903000,59.996038
4.903100,59.996173
4.903200,59.996001
4.903300,59.995821
4.903400,59.995681
4.903500,59.996340
4.903600,59.996254
4.903700,59.995727
4.903800,59.996123
4.903900,59.996419
4.904000,59.996070
4.904100,59.996149
4.904200,59.996250
4.904300,59.996350
4.904400,59.996048
4.904500,59.996086
4.904600,59.996757
4.904700,59.996502
4.904800,59.995570
4.904900,59.996032
4.905000,59.995999
4.905100,59.996354
4.905200,59.996334
4.905300,59.996818
4.905400,59.995654
4.905500,59.995507
4.905600,59.995748
4.905700,59.995208
4.905800,59.995664
4.905900,59.997120
4.906000,59.996179
4.906100,59.996409
4.906200,59.995981
4.906300,59.997053
4.906400,59.997768
4.906500,59.998100
4.906600,59.996974
4.906700,59.997440
4.906800,59.995891
4.906900,59.997699
4.907000,59.995553
4.907100,59.995054
4.907200,59.997377
4.907300,59.998003
4.907400,60.000060
4.907500,60.001393
4.907600,59.994936
4.907700,59.998714
4.907800,59.987856
4.907900,60.000937
4.908000,59.998193
4.908100,60.011676
4.908200,59.996473
4.908300,59.995214
4.908400,60.014064
4.908500,60.014006
4.908600,60.000240
4.908700,60.011263
4.908800,60.017084
4.908900,60.012730
4.909000,60.013895
4.909100,60.012895
4.909200,60.012779
4.909300,60.012017
4.909400,60.012176
4.909500,60.012613
4.909600,60.012775
4.909700,60.012873
4.909800,60.013647
4.909900,60.014894
4.910000,60.013804
4.910100,60.013935
4.910200,60.014243
4.910300,60.013735
4.910400,60.014274
4.910500,60.013589
4.910600,60.013954
4.910700,60.014108
4.910800,60.013325
4.910900,60.012994
4.911000,60.013622
4.911100,60.013147
4.911200,60.013367
4.911300,60.013342
4.911400,60.013182
4.911500,60.013184
4.911600,60.013831
4.911700,60.013578
4.911800,60.013603
4.911900,60.013269
4.912000,60.013110
4.912100,60.013317
4.912200,60.013516
4.912300,60.013170
4.912400,60.013035
4.912500,60.013335
4.912600,60.013555
4.912700,60.013415
4.912800,60.013330
4.912900,60.013550
4.913000,60.013277
4.913100,60.013196
4.913200,60.013631
4.913300,60.013198
4.913400,60.013169
4.913500,60.013512
4.913600,60.013538
4.913700,60.012806
4.913800,60.012865
4.913900,60.013456
4.914000,60.013118
4.914100,60.012402
4.914200,60.012409
4.914300,60.011826
4.914400,60.013566
4.914500,60.012746
4.914600,60.013614
4.914700,60.012119
4.914800,60.010396
4.914900,60.012174
4.915000,60.011154
4.915100,60.010590
4.915200,60.012278
4.915300,60.012011
4.915400,60.011947
4.915500,60.011519
4.915600,60.010630
4.915700,60.010872
4.915800,60.009878
4.915900,60.017929
4.916000,60.018374
4.916100,60.012616
4.916200,60.010316
4.916300,60.026153
4.916400,60.028495
4.916500,60.045843
4.916600,60.029566
4.916700,60.024134
4.916800,60.014016
4.916900,60.015995
4.917000,60.010202
4.917100,60.015953
4.917200,60.019199
4.917300,60.019545
4.917400,60.018514
4.917500,60.018640
4.917600,60.017887
4.917700,60.016903
4.917800,60.017051
4.917900,60.016897
4.918000,60.017792
4.918100,60.017430
4.918200,60.018123
4.918300,60.018608
4.918400,60.019051
4.918500,60.018851
4.918600,60.018380
4.918700,60.019081
4.918800,60.018461
4.918900,60.018141
4.919000,60.017983
4.919100,60.017704
4.919200,60.018015
4.919300,60.017685
4.919400,60.017723
4.919500,60.018089
4.919600,60.018533
4.919700,60.018456
4.919800,60.018730
4.919900,60.018674
4.920000,60.018823
4.920100,60.018187
4.920200,60.017948
4.920300,60.017813
4.920400,60.017531
4.920500,60.017849
4.920600,60.017661
4.920700,60.017887
4.920800,60.018169
4.920900,60.018068
4.921000,60.018697
4.921100,60.018280
4.921200,60.018398
4.921300,60.017957
4.921400,60.018142
4.921500,60.018325
4.921600,60.018063
4.921700,60.018401
4.921800,60.018556
4.921900,60.017873
4.922000,60.017852
4.922100,60.017962
4.922200,60.018153
4.922300,60.018163
4.922400,60.019092
4.922500,60.018433
4.922600,60.018494
4.922700,60.017864
4.922800,60.016779
4.922900,60.018871
4.923000,60.019847
4.923100,60.017640
4.923200,60.018624
4.923300,60.018749
4.923400,60.016523
4.923500,60.018238
4.923600,60.015401
4.923700,60.013835
4.923800,60.017996
4.923900,60.022193
4.924000,60.019946
4.924100,60.020664
4.924200,60.022332
4.924300,60.027036
4.924400,60.032139
4.924500,60.022444
4.924600,60.015559
4.924700,60.011040
4.924800,59.992438
4.924900,59.996127
4.925000,60.003301
4.925100,60.006703
4.925200,60.022545
4.925300,60.022489
4.925400,60.025318
4.925500,60.018292
4.925600,60.019806
4.925700,60.018972
4.925800,60.018984
4.925900,60.019881
4.926000,60.020129
4.926100,60.020462
4.926200,60.019077
4.926300,60.018579
4.926400,60.018113
4.926500,60.018553
4.926600,60.019780
4.926700,60.018670
4.926800,60.018038
4.926900,60.018170
4.927000,60.019066
4.927100,60.018936
4.927200,60.019276
4.927300,60.018636
4.927400,60.018477
4.927500,60.018285
4.927600,60.018149
4.927700,60.018545
4.927800,60.018116
4.927900,60.018456
4.928000,60.018221
4.928100,60.018279
4.928200,60.018220
4.928300,60.018532
4.928400,60.018663
4.928500,60.018646
4.928600,60.018420
4.928700,60.018189
4.928800,60.018126
4.928900,60.018722
4.929000,60.018257
4.929100,60.018183
4.929200,60.018308
4.929300,60.018482
4.929400,60.018481
4.929500,60.018331
4.929600,60.017867
4.929700,60.017778
4.929800,60.017581
4.929900,60.017969
4.930000,60.018062
4.930100,60.018614
4.930200,60.019467
4.930300,60.018883
4.930400,60.017659
4.930500,60.017758
4.930600,60.018473
4.930700,60.019204
4.930800,60.018704
4.930900,60.019155
4.931000,60.017587
4.931100,60.018991
4.931200,60.017274
4.931300,60.017913
4.931400,60.018641
4.931500,60.018199
4.931600,60.015914
4.931700,60.015245
4.931800,60.016597
4.931900,60.015559
4.932000,60.015774
4.932100,60.018383
4.932200,60.018366
4.932300,60.016195
4.932400,60.015444
4.932500,60.012090
4.932600,60.014120
4.932700,60.010485
4.932800,60.006083
4.932900,59.998397
4.933000,59.999887
4.933100,60.008701
4.933200,59.987388
4.933300,59.988790
4.933400,60.002489
4.933500,60.004103
4.933600,60.010073
4.933700,60.002438
4.933800,59.995919
4.933900,59.995693
4.934000,59.994572
4.934100,59.994354
4.934200,59.994383
4.934300,59.993092
4.934400,59.993703
4.934500,59.993247
4.934600,59.995022
4.934700,59.994084
4.934800,59.993960
4.934900,59.994376
4.935000,59.993677
4.935100,59.994053
4.935200,59.993936
4.935300,59.993909
4.935400,59.993401
4.935500,59.993898
4.935600,59.993540
4.935700,59.993187
4.935800,59.993468
4.935900,59.993584
4.936000,59.992980
4.936100,59.993186
4.936200,59.993230
4.936300,59.993459
4.936400,59.993783
4.936500,59.993659
4.936600,59.993430
4.936700,59.993278
4.936800,59.993809
4.936900,59.993601
4.937000,59.993539
4.937100,59.993586
4.937200,59.993894
4.937300,59.993853
4.937400,59.993877
4.937500,59.993567
4.937600,59.993370
4.937700,59.993806
4.937800,59.993598
4.937900,59.993709
4.938000,59.993142
4.938100,59.993660
4.938200,59.993093
4.938300,59.993104
4.938400,59.993685
4.938500,59.993505
4.938600,59.993064
4.938700,59.993429
4.938800,59.993673
4.938900,59.993699
4.939000,59.993758
4.939100,59.993240
4.939200,59.994163
4.939300,59.994115
4.939400,59.993657
4.939500,59.992864
4.939600,59.992917
4.939700,59.991590
4.939800,59.992069
4.939900,59.994611
4.940000,59.994749
4.940100,59.995168
4.940200,59.992388
4.940300,59.993103
4.940400,59.994608
4.940500,59.991845
4.940600,59.996676
4.940700,59.999046
4.940800,59.994524
4.940900,59.998201
4.941000,59.997374
4.941100,60.008144
4.941200,60.010973
4.941300,60.015050
4.941400,60.020916
4.941500,60.016293
4.941600,60.015520
4.941700,60.033984
4.941800,60.029610
4.941900,60.031992
4.942000,60.017295
4.942100,60.021414
4.942200,60.022205
4.942300,60.022123
4.942400,60.021906
4.942500,60.021966
4.942600,60.021112
4.942700,60.020388
4.942800,60.020015
4.942900,60.020976
4.943000,60.021296
4.943100,60.019980
4.943200,60.019856
4.943300,60.019188
4.943400,60.019943
4.943500,60.019904
4.943600,60.020041
4.943700,60.019850
4.943800,60.020004
4.943900,60.020178
4.944000,60.020163
4.944100,60.019985
4.944200,60.019375
4.944300,60.019865
4.944400,60.019498
4.944500,60.019164
4.944600,60.019568
4.944700,60.019836
4.944800,60.019608
4.944900,60.019516
4.945000,60.019952
4.945100,60.019341
4.945200,60.019820
4.945300,60.019839
4.945400,60.019476
4.945500,60.019334
4.945600,60.019559
4.945700,60.019699
4.945800,60.019934
4.945900,60.019183
4.946000,60.019485
4.946100,60.019317
4.946200,60.019341
4.946300,60.019295
4.946400,60.019506
4.946500,60.019134
4.946600,60.019362
4.946700,60.019437
4.946800,60.018430
4.946900,60.019569
4.947000,60.019196
4.947100,60.019325
4.947200,60.019641
4.947300,60.019410
4.947400,60.018642
4.947500,60.018637
4.947600,60.019626
4.947700,60.019089
4.947800,60.018907
4.947900,60.019370
4.948000,60.020357
4.948100,60.019893
4.948200,60.018879
4.948300,60.019705
4.948400,60.020362
4.948500,60.019513
4.948600,60.015976
4.948700,60.015307
4.948800,60.015365
4.948900,60.016260
4.949000,60.021629
4.949100,60.024064
4.949200,60.022862
4.949300,60.016514
4.949400,60.027094
4.949500,60.031448
4.949600,60.020057
4.949700,60.026608
4.949800,60.026325
4.949900,60.020979
4.950000,60.007301
4.950100,60.027188
4.950200,60.033327
4.950300,60.024542
4.950400,60.023514
4.950500,60.024088
4.950600,60.021515
4.950700,60.021069
4.950800,60.021096
4.950900,60.021488
4.951000,60.020253
4.951100,60.019076
4.951200,60.019572
4.951300,60.020586
4.951400,60.019997
4.951500,60.019182
4.951600,60.020366
4.951700,60.019614
4.951800,60.018643
4.951900,60.019107
4.952000,60.020048
4.952100,60.019555
4.952200,60.019701
4.952300,60.019187
4.952400,60.019634
4.952500,60.019483
4.952600,60.019368
4.952700,60.019469
4.952800,60.019668
4.952900,60.019192
4.953000,60.019263
4.953100,60.019019
4.953200,60.019181
4.953300,60.019174
4.953400,60.019333
4.953500,60.019002
4.953600,60.018890
4.953700,60.019058
4.953800,60.019223
4.953900,60.019161
4.954000,60.018785
4.954100,60.019106
4.954200,60.019249
4.954300,60.018832
4.954400,60.019051
4.954500,60.018832
4.954600,60.019099
4.954700,60.019009
4.954800,60.019146
4.954900,60.019143
4.955000,60.019206
4.955100,60.018629
4.955200,60.019336
4.955300,60.018910
4.955400,60.018990
4.955500,60.019207
4.955600,60.018911
4.955700,60.018654
4.955800,60.017887
4.955900,60.018687
4.956000,60.018977
4.956100,60.018798
4.956200,60.019135
4.956300,60.018596
4.956400,60.017635
4.956500,60.020288
4.956600,60.018892
4.956700,60.019278
4.956800,60.016459
4.956900,60.016839
4.957000,60.016481
4.957100,60.021026
4.957200,60.017915
4.957300,60.015521
4.957400,60.015714
4.957500,60.012944
4.957600,60.014566
4.957700,60.008567
4.957800,60.009257
4.957900,60.000722
4.958000,60.003255
4.958100,60.009505
4.958200,59.998812
4.958300,59.991467
4.958400,59.981819
4.958500,59.979965
4.958600,59.981064
4.958700,59.974374
4.958800,59.974932
4.958900,59.970058
4.959000,59.970335
4.959100,59.970027
4.959200,59.969185
4.959300,59.968189
4.959400,59.967206
4.959500,59.968723
4.959600,59.968999
4.959700,59.968759
4.959800,59.967637
4.959900,59.967283
4.960000,59.968322
4.960100,59.967750
4.960200,59.967625
4.960300,59.967681
4.960400,59.967070
4.960500,59.967624
4.960600,59.967558
4.960700,59.967679
4.960800,59.967393
4.960900,59.967582
4.961000,59.967622
4.961100,59.967743
4.961200,59.967380
4.961300,59.967375
4.961400,59.967502
4.961500,59.967451
4.961600,59.967222
4.961700,59.967171
4.961800,59.967247
4.961900,59.967340
4.962000,59.967560
4.962100,59.967481
4.962200,59.967327
4.962300,59.967501
4.962400,59.967546
4.962500,59.967046
4.962600,59.966828
4.962700,59.967435
4.962800,59.967612
4.962900,59.967063
4.963000,59.967228
4.963100,59.966903
4.963200,59.966931
4.963300,59.966758
4.963400,59.967768
4.963500,59.966957
4.963600,59.966713
4.963700,59.966935
4.963800,59.967010
4.963900,59.968214
4.964000,59.967244
4.964100,59.966767
4.964200,59.966843
4.964300,59.966715
4.964400,59.967095
4.964500,59.967297
4.964600,59.965900
4.964700,59.968149
4.964800,59.968323
4.964900,59.968060
4.965000,59.966513
4.965100,59.967736
4.965200,59.968846
4.965300,59.967810
4.965400,59.964743
4.965500,59.967669
4.965600,59.963846
4.965700,59.965011
4.965800,59.964759
4.965900,59.970595
4.966000,59.973153
4.966100,59.972869
4.966200,59.977403
4.966300,59.974093
4.966400,59.966910
4.966500,59.950897
4.966600,59.955693
4.966700,59.964817
4.966800,59.964362
4.966900,59.968282
4.967000,59.971283
4.967100,59.974482
4.967200,59.968839
4.967300,59.967714
4.967400,59.969615
4.967500,59.969580
4.967600,59.969503
4.967700,59.969384
4.967800,59.969390
4.967900,59.969706
4.968000,59.967935
4.968100,59.969160
4.968200,59.967888
4.968300,59.968695
4.968400,59.968675
4.968500,59.968725
4.968600,59.968913
4.968700,59.968430
4.968800,59.968730
4.968900,59.969453
4.969000,59.969067
4.969100,59.968960
4.969200,59.969268
4.969300,59.968824
4.969400,59.968635
4.969500,59.969000
4.969600,59.969202
4.969700,59.969282
4.969800,59.968952
4.969900,59.968961
4.970000,59.968988
4.970100,59.969022
4.970200,59.969125
4.970300,59.968841
4.970400,59.968894
4.970500,59.968598
4.970600,59.968645
4.970700,59.968298
4.970800,59.968385
4.970900,59.968893
4.971000,59.968597
4.971100,59.968861
4.971200,59.968538
4.971300,59.969143
4.971400,59.968963
4.971500,59.968666
4.971600,59.968579
4.971700,59.969346
4.971800,59.968532
4.971900,59.969247
4.972000,59.968520
4.972100,59.969303
4.972200,59.968417
4.972300,59.968387
4.972400,59.968554
4.972500,59.970061
4.972600,59.968905
4.972700,59.968244
4.972800,59.968609
4.972900,59.968041
4.973000,59.968631
4.973100,59.968763
4.973200,59.967894
4.973300,59.969498
4.973400,59.972394
4.973500,59.972046
4.973600,59.970713
4.973700,59.970527
4.973800,59.971304
4.973900,59.969135
4.974000,59.969817
4.974100,59.969552
4.974200,59.961862
4.974300,59.965366
4.974400,59.968529
4.974500,59.978566
4.974600,59.981098
4.974700,59.990433
4.974800,59.985393
4.974900,59.981741
4.975000,59.971584
4.975100,59.972007
4.975200,59.969864
4.975300,59.984372
4.975400,59.979498
4.975500,59.976094
4.975600,59.973524
4.975700,59.975358
4.975800,59.975787
4.975900,59.975884
4.976000,59.975521
4.976100,59.975230
4.976200,59.973612
4.976300,59.974702
4.976400,59.974916
4.976500,59.973526
4.976600,59.974662
4.976700,59.974244
4.976800,59.974088
4.976900,59.973564
4.977000,59.974308
4.977100,59.974740
4.977200,59.974171
4.977300,59.974302
4.977400,59.974466
4.977500,59.974143
4.977600,59.974429
4.977700,59.974537
4.977800,59.974574
4.977900,59.975000
4.978000,59.974532
4.978100,59.973955
4.978200,59.973948
4.978300,59.974121
4.978400,59.973923
4.978500,59.974395
4.978600,59.973928
4.978700,59.973894
4.978800,59.974207
4.978900,59.974008
4.979000,59.973960
4.979100,59.973958
4.979200,59.974258
4.979300,59.973788
4.979400,59.973842
4.979500,59.973573
4.979600,59.973822
4.979700,59.973461
4.979800,59.974097
4.979900,59.974134
4.980000,59.973220
4.980100,59.973829
4.980200,59.974817
4.980300,59.974962
4.980400,59.973976
4.980500,59.974192
4.980600,59.974316
4.980700,59.973760
4.980800,59.974562
4.980900,59.975746
4.981000,59.974358
4.981100,59.973558
4.981200,59.974675
4.981300,59.974474
4.981400,59.975265
4.981500,59.974446
4.981600,59.974406
4.981700,59.974215
4.981800,59.976973
4.981900,59.976737
4.982000,59.979391
4.982100,59.975451
4.982200,59.973374
4.982300,59.969210
4.982400,59.970245
4.982500,59.975486
4.982600,59.979999
4.982700,59.984584
4.982800,59.995303
4.982900,59.989023
4.983000,59.990033
4.983100,60.000594
4.983200,59.998001
4.983300,59.998338
4.983400,60.006704
4.983500,60.008183
4.983600,60.011299
4.983700,60.025898
4.983800,60.027927
4.983900,60.026981
4.984000,60.029390
4.984100,60.029117
4.984200,60.029133
4.984300,60.029471
4.984400,60.029000
4.984500,60.030149
4.984600,60.028953
4.984700,60.029522
4.984800,60.027842
4.984900,60.029411
4.985000,60.029749
4.985100,60.029341
4.985200,60.029894
4.985300,60.029517
4.985400,60.030220
4.985500,60.030677
4.985600,60.030803
4.985700,60.030717
4.985800,60.030006
4.985900,60.030003
4.986000,60.029674
4.986100,60.029510
4.986200,60.029881
4.986300,60.030404
4.986400,60.030221
4.986500,60.030127
4.986600,60.029655
4.986700,60.029841
4.986800,60.030054
4.986900,60.029915
4.987000,60.030020
4.987100,60.030061
4.987200,60.030037
4.987300,60.030128
4.987400,60.030090
4.987500,60.030150
4.987600,60.030108
4.987700,60.030706
4.987800,60.029875
4.987900,60.029672
4.988000,60.030014
4.988100,60.029595
4.988200,60.029903
4.988300,60.029869
4.988400,60.029701
4.988500,60.030716
4.988600,60.030799
4.988700,60.029679
4.988800,60.029532
4.988900,60.030989
4.989000,60.030112
4.989100,60.030033
4.989200,60.029137
4.989300,60.030601
4.989400,60.030511
4.989500,60.031572
4.989600,60.031143
4.989700,60.031004
4.989800,60.030084
4.989900,60.029649
4.990000,60.028521
4.990100,60.027920
4.990200,60.029640
4.990300,60.029465
4.990400,60.031646
4.990500,60.031761
4.990600,60.029267
4.990700,60.027737
4.990800,60.027265
4.990900,60.021236
4.991000,60.014845
4.991100,60.020349
4.991200,60.019671
4.991300,60.015106
4.991400,60.019448
4.991500,60.011048
4.991600,60.003662
4.991700,60.006984
4.991800,60.023190
4.991900,60.033997
4.992000,60.031341
4.992100,60.034370
4.992200,60.032385
4.992300,60.028640
4.992400,60.028633
4.992500,60.028639
4.992600,60.028370
4.992700,60.029788
4.992800,60.029243
4.992900,60.029535
4.993000,60.028696
4.993100,60.029980
4.993200,60.029626
4.993300,60.029265
4.993400,60.029931
4.993500,60.029419
4.993600,60.030361
4.993700,60.030105
4.993800,60.029672
4.993900,60.029503
4.994000,60.029605
4.994100,60.030313
4.994200,60.029869
4.994300,60.029311
4.994400,60.029881
4.994500,60.030160
4.994600,60.029967
4.994700,60.029891
4.994800,60.030316
4.994900,60.029797
4.995000,60.029680
4.995100,60.029440
4.995200,60.029460
4.995300,60.029849
4.995400,60.029532
4.995500,60.029676
4.995600,60.029602
4.995700,60.029390
4.995800,60.029446
4.995900,60.030190
4.996000,60.030071
4.996100,60.029752
4.996200,60.029304
4.996300,60.029188
4.996400,60.029811
4.996500,60.029735
4.996600,60.029906
4.996700,60.029601
4.996800,60.029743
4.996900,60.029474
4.997000,60.029116
4.997100,60.029207
4.997200,60.029937
4.997300,60.029584
4.997400,60.030249
4.997500,60.028947
4.997600,60.030138
4.997700,60.030281
4.997800,60.029227
4.997900,60.027935
4.998000,60.029908
4.998100,60.027822
4.998200,60.029093
4.998300,60.029238
4.998400,60.028934
4.998500,60.030969
4.998600,60.029673
4.998700,60.028147
4.998800,60.028496
4.998900,60.026448
4.999000,60.020041
4.999100,60.019889
4.999200,60.020191
4.999300,60.022892
4.999400,60.020754
4.999500,60.023883
4.999600,60.033995
4.999700,60.046738
4.999800,60.029646
4.999900,60.013144
