t,f_hat
2.500000,60.012824
2.500100,60.012440
2.500200,60.012164
2.500300,60.011651
2.500400,60.011120
2.500500,60.010490
2.500600,60.009785
2.500700,60.009128
2.500800,60.008230
2.500900,60.007885
2.501000,60.007540
2.501100,60.007028
2.501200,60.006275
2.501300,60.005827
2.501400,60.005660
2.501500,60.005301
2.501600,60.004885
2.501700,60.004653
2.501800,60.003703
2.501900,60.003257
2.502000,60.002797
2.502100,60.002461
2.502200,60.001916
2.502300,60.001363
2.502400,60.000849
2.502500,60.001061
2.502600,60.001148
2.502700,60.001431
2.502800,60.002063
2.502900,60.003570
2.503000,60.005510
2.503100,60.007347
2.503200,60.009663
2.503300,60.012471
2.503400,60.013577
2.503500,60.014856
2.503600,60.015443
2.503700,60.016339
2.503800,60.017185
2.503900,60.017440
2.504000,60.016904
2.504100,60.014859
2.504200,60.011677
2.504300,60.006379
2.504400,60.001079
2.504500,59.993917
2.504600,59.986240
2.504700,59.977211
2.504800,59.969195
2.504900,59.961000
2.505000,59.952181
2.505100,59.944247
2.505200,59.937281
2.505300,59.931582
2.505400,59.927000
2.505500,59.925029
2.505600,59.925771
2.505700,59.930374
2.505800,59.935079
2.505900,59.939750
2.506000,59.947260
2.506100,59.957116
2.506200,59.962380
2.506300,59.970110
2.506400,59.972936
2.506500,59.976934
2.506600,59.978253
2.506700,59.978538
2.506800,59.978485
2.506900,59.975562
2.507000,59.972842
2.507100,59.969262
2.507200,59.965684
2.507300,59.963471
2.507400,59.961699
2.507500,59.960688
2.507600,59.959972
2.507700,59.959748
2.507800,59.959847
2.507900,59.959956
2.508000,59.960499
2.508100,59.960475
2.508200,59.960441
2.508300,59.959775
2.508400,59.959422
2.508500,59.958261
2.508600,59.957606
2.508700,59.956802
2.508800,59.955221
2.508900,59.954298
2.509000,59.952913
2.509100,59.951906
2.509200,59.950935
2.509300,59.949689
2.509400,59.949756
2.509500,59.949197
2.509600,59.948686
2.509700,59.947908
2.509800,59.947266
2.509900,59.946224
2.510000,59.945193
2.510100,59.944776
2.510200,59.944168
2.510300,59.944073
2.510400,59.943502
2.510500,59.943197
2.510600,59.943258
2.510700,59.943645
2.510800,59.944077
2.510900,59.944655
2.511000,59.945006
2.511100,59.946194
2.511200,59.948229
2.511300,59.949573
2.511400,59.951368
2.511500,59.954220
2.511600,59.957105
2.511700,59.958723
2.511800,59.959696
2.511900,59.961688
2.512000,59.963673
2.512100,59.964979
2.512200,59.964960
2.512300,59.965121
2.512400,59.962229
2.512500,59.959026
2.512600,59.953164
2.512700,59.948172
2.512800,59.941202
2.512900,59.932070
2.513000,59.921457
2.513100,59.911370
2.513200,59.900773
2.513300,59.893187
2.513400,59.885743
2.513500,59.877477
2.513600,59.871349
2.513700,59.868353
2.513800,59.866898
2.513900,59.870865
2.514000,59.876424
2.514100,59.885307
2.514200,59.898835
2.514300,59.915801
2.514400,59.930935
2.514500,59.943300
2.514600,59.954037
2.514700,59.963297
2.514800,59.969936
2.514900,59.974118
2.515000,59.974297
2.515100,59.973336
2.515200,59.971906
2.515300,59.968414
2.515400,59.965201
2.515500,59.962360
2.515600,59.960406
2.515700,59.958952
2.515800,59.958317
2.515900,59.958304
2.516000,59.958771
2.516100,59.959241
2.516200,59.960039
2.516300,59.960455
2.516400,59.960703
2.516500,59.960792
2.516600,59.960504
2.516700,59.959830
2.516800,59.958902
2.516900,59.958207
2.517000,59.957579
2.517100,59.956214
2.517200,59.954939
2.517300,59.953774
2.517400,59.952896
2.517500,59.952437
2.517600,59.952145
2.517700,59.951772
2.517800,59.951358
2.517900,59.951251
2.518000,59.951042
2.518100,59.950810
2.518200,59.950446
2.518300,59.950032
2.518400,59.950382
2.518500,59.950401
2.518600,59.950264
2.518700,59.949764
2.518800,59.950196
2.518900,59.950029
2.519000,59.950314
2.519100,59.950894
2.519200,59.951450
2.519300,59.953319
2.519400,59.954450
2.519500,59.956327
2.519600,59.957940
2.519700,59.959851
2.519800,59.961961
2.519900,59.964424
2.520000,59.967946
2.520100,59.970878
2.520200,59.972955
2.520300,59.975008
2.520400,59.976036
2.520500,59.977014
2.520600,59.977836
2.520700,59.976607
2.520800,59.973597
2.520900,59.971194
2.521000,59.966203
2.521100,59.959643
2.521200,59.952417
2.521300,59.943846
2.521400,59.935428
2.521500,59.927947
2.521600,59.918222
2.521700,59.908585
2.521800,59.902727
2.521900,59.900925
2.522000,59.896533
2.522100,59.898448
2.522200,59.904838
2.522300,59.917124
2.522400,59.933066
2.522500,59.949463
2.522600,59.965186
2.522700,59.978824
2.522800,59.992994
2.522900,60.008254
2.523000,60.022082
2.523100,60.032481
2.523200,60.038995
2.523300,60.040977
2.523400,60.039789
2.523500,60.037417
2.523600,60.033045
2.523700,60.030022
2.523800,60.027551
2.523900,60.026244
2.524000,60.025382
2.524100,60.025329
2.524200,60.025801
2.524300,60.026614
2.524400,60.027659
2.524500,60.028570
2.524600,60.029363
2.524700,60.030057
2.524800,60.030843
2.524900,60.030760
2.525000,60.030268
2.525100,60.029641
2.525200,60.028896
2.525300,60.028158
2.525400,60.027363
2.525500,60.026183
2.525600,60.025335
2.525700,60.024810
2.525800,60.024255
2.525900,60.023739
2.526000,60.023067
2.526100,60.023009
2.526200,60.022667
2.526300,60.022828
2.526400,60.022764
2.526500,60.022481
2.526600,60.022583
2.526700,60.022876
2.526800,60.023003
2.526900,60.022713
2.527000,60.022877
2.527100,60.022798
2.527200,60.023572
2.527300,60.023854
2.527400,60.023840
2.527500,60.024128
2.527600,60.024893
2.527700,60.026515
2.527800,60.027846
2.527900,60.029619
2.528000,60.031800
2.528100,60.034666
2.528200,60.036160
2.528300,60.039231
2.528400,60.040862
2.528500,60.043728
2.528600,60.046308
2.528700,60.047891
2.528800,60.049551
2.528900,60.050539
2.529000,60.048744
2.529100,60.046418
2.529200,60.043402
2.529300,60.037934
2.529400,60.030828
2.529500,60.024536
2.529600,60.016762
2.529700,60.007253
2.529800,59.998397
2.529900,59.987206
2.530000,59.976466
2.530100,59.969836
2.530200,59.964287
2.530300,59.963743
2.530400,59.965493
2.530500,59.969751
2.530600,59.977734
2.530700,59.991639
2.530800,60.007306
2.530900,60.022420
2.531000,60.038312
2.531100,60.051656
2.531200,60.066308
2.531300,60.077118
2.531400,60.087264
2.531500,60.090972
2.531600,60.089403
2.531700,60.088183
2.531800,60.085960
2.531900,60.082654
2.532000,60.080442
2.532100,60.078954
2.532200,60.078201
2.532300,60.078172
2.532400,60.078845
2.532500,60.079996
2.532600,60.081487
2.532700,60.082990
2.532800,60.084678
2.532900,60.085530
2.533000,60.086168
2.533100,60.085912
2.533200,60.085624
2.533300,60.084941
2.533400,60.083784
2.533500,60.083175
2.533600,60.082570
2.533700,60.081548
2.533800,60.080738
2.533900,60.079925
2.534000,60.079357
2.534100,60.078935
2.534200,60.078255
2.534300,60.077817
2.534400,60.078079
2.534500,60.077554
2.534600,60.077735
2.534700,60.077510
2.534800,60.077939
2.534900,60.078001
2.535000,60.077770
2.535100,60.077686
2.535200,60.077481
2.535300,60.077245
2.535400,60.077031
2.535500,60.076919
2.535600,60.077403
2.535700,60.077763
2.535800,60.077958
2.535900,60.079309
2.536000,60.079738
2.536100,60.081195
2.536200,60.082811
2.536300,60.084299
2.536400,60.086487
2.536500,60.088390
2.536600,60.090538
2.536700,60.093146
2.536800,60.095003
2.536900,60.097001
2.537000,60.098207
2.537100,60.098238
2.537200,60.098141
2.537300,60.096132
2.537400,60.092386
2.537500,60.089059
2.537600,60.082148
2.537700,60.075288
2.537800,60.067219
2.537900,60.060745
2.538000,60.054103
2.538100,60.044381
2.538200,60.036393
2.538300,60.026031
2.538400,60.015200
2.538500,60.004093
2.538600,59.991182
2.538700,59.980105
2.538800,59.977129
2.538900,59.975611
2.539000,59.979763
2.539100,59.991825
2.539200,60.005757
2.539300,60.022140
2.539400,60.036686
2.539500,60.046923
2.539600,60.053271
2.539700,60.058443
2.539800,60.061615
2.539900,60.063402
2.540000,60.062834
2.540100,60.059478
2.540200,60.057332
2.540300,60.054868
2.540400,60.053767
2.540500,60.053491
2.540600,60.053935
2.540700,60.054990
2.540800,60.056664
2.540900,60.058582
2.541000,60.060534
2.541100,60.062589
2.541200,60.063714
2.541300,60.064391
2.541400,60.064206
2.541500,60.063638
2.541600,60.062716
2.541700,60.061866
2.541800,60.060630
2.541900,60.059725
2.542000,60.058203
2.542100,60.057055
2.542200,60.056160
2.542300,60.055618
2.542400,60.054879
2.542500,60.053994
2.542600,60.053114
2.542700,60.052634
2.542800,60.052148
2.542900,60.051821
2.543000,60.051218
2.543100,60.050574
2.543200,60.050298
2.543300,60.050261
2.543400,60.049918
2.543500,60.049755
2.543600,60.049624
2.543700,60.049507
2.543800,60.049114
2.543900,60.048801
2.544000,60.048987
2.544100,60.049542
2.544200,60.050309
2.544300,60.050554
2.544400,60.051741
2.544500,60.053124
2.544600,60.054627
2.544700,60.056947
2.544800,60.058453
2.544900,60.060051
2.545000,60.060932
2.545100,60.062856
2.545200,60.065199
2.545300,60.066670
2.545400,60.067278
2.545500,60.065032
2.545600,60.062641
2.545700,60.057998
2.545800,60.051602
2.545900,60.044459
2.546000,60.037656
2.546100,60.031363
2.546200,60.024144
2.546300,60.017597
2.546400,60.010031
2.546500,60.001864
2.546600,59.994505
2.546700,59.984750
2.546800,59.972660
2.546900,59.957966
2.547000,59.946196
2.547100,59.933697
2.547200,59.930201
2.547300,59.927466
2.547400,59.929976
2.547500,59.935952
2.547600,59.948795
2.547700,59.962024
2.547800,59.972095
2.547900,59.977414
2.548000,59.983340
2.548100,59.985608
2.548200,59.985996
2.548300,59.986305
2.548400,59.984175
2.548500,59.980933
2.548600,59.978375
2.548700,59.977106
2.548800,59.976413
2.548900,59.976647
2.549000,59.977568
2.549100,59.978707
2.549200,59.980557
2.549300,59.982348
2.549400,59.983911
2.549500,59.984744
2.549600,59.985429
2.549700,59.985376
2.549800,59.985097
2.549900,59.984599
2.550000,59.983484
2.550100,59.982611
2.550200,59.981139
2.550300,59.979405
2.550400,59.978293
2.550500,59.976822
2.550600,59.976017
2.550700,59.974532
2.550800,59.973659
2.550900,59.972909
2.551000,59.972761
2.551100,59.974251
2.551200,59.972789
2.551300,59.972224
2.551400,59.971725
2.551500,59.971003
2.551600,59.970589
2.551700,59.969665
2.551800,59.969071
2.551900,59.969203
2.552000,59.969388
2.552100,59.969196
2.552200,59.969123
2.552300,59.969542
2.552400,59.968820
2.552500,59.968706
2.552600,59.969275
2.552700,59.969833
2.552800,59.970915
2.552900,59.972080
2.553000,59.973894
2.553100,59.976408
2.553200,59.979244
2.553300,59.980834
2.553400,59.982901
2.553500,59.984136
2.553600,59.984862
2.553700,59.984591
2.553800,59.985452
2.553900,59.984383
2.554000,59.981701
2.554100,59.978453
2.554200,59.972896
2.554300,59.966853
2.554400,59.959368
2.554500,59.952290
2.554600,59.945803
2.554700,59.938780
2.554800,59.930980
2.554900,59.922647
2.555000,59.913774
2.555100,59.901059
2.555200,59.887368
2.555300,59.879145
2.555400,59.871774
2.555500,59.868508
2.555600,59.869282
2.555700,59.876330
2.555800,59.885744
2.555900,59.898429
2.556000,59.912670
2.556100,59.929077
2.556200,59.940519
2.556300,59.950144
2.556400,59.956844
2.556500,59.960314
2.556600,59.959409
2.556700,59.958007
2.556800,59.955418
2.556900,59.952831
2.557000,59.950841
2.557100,59.949497
2.557200,59.949107
2.557300,59.949488
2.557400,59.950590
2.557500,59.952264
2.557600,59.953947
2.557700,59.955284
2.557800,59.956955
2.557900,59.957793
2.558000,59.958244
2.558100,59.958491
2.558200,59.958359
2.558300,59.957613
2.558400,59.956353
2.558500,59.954858
2.558600,59.953547
2.558700,59.952388
2.558800,59.951501
2.558900,59.949887
2.559000,59.948885
2.559100,59.948002
2.559200,59.947619
2.559300,59.947202
2.559400,59.947174
2.559500,59.946828
2.559600,59.946316
2.559700,59.945994
2.559800,59.946096
2.559900,59.946187
2.560000,59.946308
2.560100,59.946059
2.560200,59.945565
2.560300,59.945897
2.560400,59.945223
2.560500,59.945075
2.560600,59.945553
2.560700,59.946162
2.560800,59.947095
2.560900,59.948339
2.561000,59.949214
2.561100,59.950535
2.561200,59.951956
2.561300,59.954684
2.561400,59.956229
2.561500,59.958149
2.561600,59.960364
2.561700,59.962666
2.561800,59.965954
2.561900,59.966912
2.562000,59.967924
2.562100,59.968523
2.562200,59.968573
2.562300,59.967410
2.562400,59.964522
2.562500,59.960630
2.562600,59.956292
2.562700,59.950367
2.562800,59.942278
2.562900,59.935226
2.563000,59.926389
2.563100,59.917191
2.563200,59.906152
2.563300,59.894857
2.563400,59.882289
2.563500,59.870264
2.563600,59.863661
2.563700,59.865499
2.563800,59.871812
2.563900,59.884330
2.564000,59.895498
2.564100,59.910790
2.564200,59.925853
2.564300,59.942142
2.564400,59.956254
2.564500,59.969082
2.564600,59.983565
2.564700,59.997322
2.564800,60.003794
2.564900,60.006235
2.565000,60.004929
2.565100,60.004544
2.565200,60.001216
2.565300,59.997978
2.565400,59.995651
2.565500,59.994531
2.565600,59.994201
2.565700,59.994530
2.565800,59.995468
2.565900,59.996994
2.566000,59.998531
2.566100,59.999963
2.566200,60.000677
2.566300,60.001288
2.566400,60.001541
2.566500,60.002073
2.566600,60.001269
2.566700,59.999923
2.566800,59.999117
2.566900,59.998403
2.567000,59.997311
2.567100,59.996844
2.567200,59.995839
2.567300,59.995774
2.567400,59.994403
2.567500,59.994062
2.567600,59.994170
2.567700,59.994018
2.567800,59.994114
2.567900,59.994385
2.568000,59.994729
2.568100,59.994659
2.568200,59.994317
2.568300,59.994143
2.568400,59.994266
2.568500,59.994384
2.568600,59.994528
2.568700,59.994929
2.568800,59.995795
2.568900,59.996207
2.569000,59.996824
2.569100,59.996692
2.569200,59.997109
2.569300,59.998412
2.569400,59.999576
2.569500,60.001434
2.569600,60.002544
2.569700,60.004341
2.569800,60.007523
2.569900,60.009351
2.570000,60.011629
2.570100,60.013733
2.570200,60.014977
2.570300,60.015807
2.570400,60.016787
2.570500,60.017683
2.570600,60.016937
2.570700,60.014431
2.570800,60.013051
2.570900,60.006723
2.571000,60.001946
2.571100,59.996092
2.571200,59.988426
2.571300,59.979650
2.571400,59.971250
2.571500,59.962114
2.571600,59.950470
2.571700,59.941845
2.571800,59.933191
2.571900,59.930697
2.572000,59.924995
2.572100,59.930065
2.572200,59.935701
2.572300,59.952680
2.572400,59.967618
2.572500,59.981864
2.572600,59.995494
2.572700,60.011648
2.572800,60.025890
2.572900,60.039935
2.573000,60.050945
2.573100,60.057170
2.573200,60.061864
2.573300,60.060951
2.573400,60.059311
2.573500,60.056695
2.573600,60.053536
2.573700,60.051602
2.573800,60.050809
2.573900,60.050836
2.574000,60.051443
2.574100,60.052653
2.574200,60.054362
2.574300,60.056343
2.574400,60.057855
2.574500,60.059494
2.574600,60.060486
2.574700,60.060306
2.574800,60.060703
2.574900,60.060045
2.575000,60.059190
2.575100,60.058373
2.575200,60.057233
2.575300,60.056362
2.575400,60.055671
2.575500,60.054896
2.575600,60.054444
2.575700,60.053911
2.575800,60.053368
2.575900,60.053266
2.576000,60.053004
2.576100,60.053118
2.576200,60.052640
2.576300,60.052925
2.576400,60.052918
2.576500,60.052930
2.576600,60.052626
2.576700,60.052931
2.576800,60.053098
2.576900,60.052829
2.577000,60.052606
2.577100,60.052296
2.577200,60.052482
2.577300,60.052952
2.577400,60.053460
2.577500,60.053620
2.577600,60.054504
2.577700,60.054704
2.577800,60.056437
2.577900,60.058561
2.578000,60.060264
2.578100,60.062483
2.578200,60.064432
2.578300,60.066532
2.578400,60.068388
2.578500,60.070237
2.578600,60.071796
2.578700,60.072382
2.578800,60.073165
2.578900,60.072663
2.579000,60.070830
2.579100,60.066617
2.579200,60.062500
2.579300,60.056330
2.579400,60.050266
2.579500,60.043812
2.579600,60.037016
2.579700,60.029481
2.579800,60.022174
2.579900,60.014264
2.580000,60.003516
2.580100,59.990560
2.580200,59.978159
2.580300,59.970012
2.580400,59.964401
2.580500,59.962634
2.580600,59.966707
2.580700,59.973925
2.580800,59.985579
2.580900,59.999465
2.581000,60.013054
2.581100,60.027836
2.581200,60.041961
2.581300,60.050781
2.581400,60.059081
2.581500,60.060092
2.581600,60.058124
2.581700,60.056212
2.581800,60.053633
2.581900,60.050738
2.582000,60.049098
2.582100,60.048566
2.582200,60.048826
2.582300,60.049807
2.582400,60.051270
2.582500,60.053335
2.582600,60.054839
2.582700,60.056563
2.582800,60.057788
2.582900,60.058480
2.583000,60.058808
2.583100,60.058621
2.583200,60.057882
2.583300,60.056477
2.583400,60.055652
2.583500,60.054565
2.583600,60.053663
2.583700,60.052699
2.583800,60.051676
2.583900,60.050501
2.584000,60.049621
2.584100,60.049347
2.584200,60.049089
2.584300,60.048325
2.584400,60.048146
2.584500,60.047712
2.584600,60.047559
2.584700,60.047547
2.584800,60.047342
2.584900,60.046893
2.585000,60.046453
2.585100,60.046548
2.585200,60.046348
2.585300,60.046609
2.585400,60.046096
2.585500,60.045754
2.585600,60.045626
2.585700,60.046114
2.585800,60.045924
2.585900,60.046084
2.586000,60.047012
2.586100,60.048776
2.586200,60.050150
2.586300,60.051031
2.586400,60.052554
2.586500,60.053754
2.586600,60.055894
2.586700,60.058208
2.586800,60.059940
2.586900,60.060939
2.587000,60.061142
2.587100,60.060076
2.587200,60.059245
2.587300,60.057861
2.587400,60.052245
2.587500,60.045844
2.587600,60.038850
2.587700,60.032122
2.587800,60.026673
2.587900,60.020302
2.588000,60.014386
2.588100,60.007479
2.588200,60.000766
2.588300,59.991483
2.588400,59.981950
2.588500,59.970136
2.588600,59.955714
2.588700,59.940234
2.588800,59.931216
2.588900,59.925804
2.589000,59.929277
2.589100,59.934036
2.589200,59.941986
2.589300,59.951850
2.589400,59.963323
2.589500,59.975145
2.589600,59.982652
2.589700,59.986909
2.589800,59.987776
2.589900,59.986780
2.590000,59.984443
2.590100,59.981354
2.590200,59.979267
2.590300,59.977717
2.590400,59.976619
2.590500,59.976521
2.590600,59.977212
2.590700,59.978448
2.590800,59.980340
2.590900,59.982277
2.591000,59.983791
2.591100,59.985073
2.591200,59.985599
2.591300,59.985600
2.591400,59.985018
2.591500,59.984413
2.591600,59.983845
2.591700,59.982837
2.591800,59.981587
2.591900,59.980194
2.592000,59.978425
2.592100,59.976686
2.592200,59.975553
2.592300,59.974935
2.592400,59.974283
2.592500,59.973630
2.592600,59.972750
2.592700,59.971768
2.592800,59.971333
2.592900,59.971215
2.593000,59.971770
2.593100,59.971462
2.593200,59.971032
2.593300,59.971130
2.593400,59.970793
2.593500,59.969853
2.593600,59.969677
2.593700,59.969804
2.593800,59.969284
2.593900,59.969367
2.594000,59.969350
2.594100,59.968534
2.594200,59.969477
2.594300,59.970480
2.594400,59.972631
2.594500,59.973304
2.594600,59.974966
2.594700,59.976391
2.594800,59.977933
2.594900,59.980339
2.595000,59.982119
2.595100,59.982996
2.595200,59.983898
2.595300,59.985455
2.595400,59.985224
2.595500,59.984533
2.595600,59.982256
2.595700,59.977245
2.595800,59.972125
2.595900,59.965948
2.596000,59.959382
2.596100,59.952913
2.596200,59.945430
2.596300,59.937509
2.596400,59.930148
2.596500,59.921762
2.596600,59.912502
2.596700,59.901548
2.596800,59.888169
2.596900,59.875327
2.597000,59.866122
2.597100,59.860419
2.597200,59.863570
2.597300,59.868923
2.597400,59.874694
2.597500,59.883777
2.597600,59.900791
2.597700,59.916889
2.597800,59.929278
2.597900,59.941805
2.598000,59.950082
2.598100,59.952598
2.598200,59.954049
2.598300,59.953091
2.598400,59.951444
2.598500,59.948215
2.598600,59.945406
2.598700,59.943897
2.598800,59.943363
2.598900,59.943635
2.599000,59.944575
2.599100,59.946029
2.599200,59.947991
2.599300,59.950312
2.599400,59.952469
2.599500,59.953556
2.599600,59.954426
2.599700,59.954139
2.599800,59.953829
2.599900,59.952512
2.600000,59.951850
2.600100,59.949870
2.600200,59.948671
2.600300,59.947967
2.600400,59.946188
2.600500,59.945409
2.600600,59.944451
2.600700,59.944335
2.600800,59.943498
2.600900,59.942624
2.601000,59.941965
2.601100,59.941768
2.601200,59.941631
2.601300,59.941781
2.601400,59.941431
2.601500,59.941321
2.601600,59.941586
2.601700,59.941400
2.601800,59.941309
2.601900,59.941346
2.602000,59.941415
2.602100,59.941358
2.602200,59.940799
2.602300,59.941343
2.602400,59.942196
2.602500,59.942787
2.602600,59.943755
2.602700,59.944896
2.602800,59.946248
2.602900,59.947822
2.603000,59.948709
2.603100,59.950908
2.603200,59.953088
2.603300,59.954517
2.603400,59.956714
2.603500,59.958146
2.603600,59.959833
2.603700,59.961360
2.603800,59.961846
2.603900,59.960611
2.604000,59.958264
2.604100,59.956510
2.604200,59.951893
2.604300,59.945062
2.604400,59.938494
2.604500,59.930284
2.604600,59.923027
2.604700,59.914499
2.604800,59.903867
2.604900,59.893281
2.605000,59.883128
2.605100,59.872830
2.605200,59.865454
2.605300,59.856365
2.605400,59.858647
2.605500,59.866610
2.605600,59.878022
2.605700,59.893437
2.605800,59.909249
2.605900,59.925739
2.606000,59.938195
2.606100,59.951436
2.606200,59.964710
2.606300,59.979912
2.606400,59.988652
2.606500,59.994442
2.606600,59.996038
2.606700,59.995578
2.606800,59.994392
2.606900,59.991859
2.607000,59.989646
2.607100,59.987855
2.607200,59.986366
2.607300,59.985536
2.607400,59.985369
2.607500,59.985693
2.607600,59.986534
2.607700,59.987493
2.607800,59.988426
2.607900,59.989621
2.608000,59.990308
2.608100,59.990841
2.608200,59.990964
2.608300,59.990731
2.608400,59.990481
2.608500,59.989611
2.608600,59.988944
2.608700,59.988669
2.608800,59.988475
2.608900,59.987497
2.609000,59.986813
2.609100,59.986038
2.609200,59.986095
2.609300,59.985892
2.609400,59.985745
2.609500,59.985745
2.609600,59.985896
2.609700,59.985844
2.609800,59.985864
2.609900,59.985482
2.610000,59.985644
2.610100,59.985430
2.610200,59.985617
2.610300,59.985406
2.610400,59.985879
2.610500,59.986576
2.610600,59.986691
2.610700,59.987042
2.610800,59.987788
2.610900,59.988694
2.611000,59.989684
2.611100,59.991090
2.611200,59.992412
2.611300,59.993630
2.611400,59.995648
2.611500,59.997473
2.611600,59.999552
2.611700,60.001579
2.611800,60.002919
2.611900,60.005564
2.612000,60.006449
2.612100,60.008148
2.612200,60.007854
2.612300,60.007525
2.612400,60.006232
2.612500,60.004005
2.612600,60.001598
2.612700,59.996561
2.612800,59.991550
2.612900,59.984750
2.613000,59.976788
2.613100,59.968138
2.613200,59.958995
2.613300,59.951198
2.613400,59.944445
2.613500,59.938092
2.613600,59.934014
2.613700,59.933264
2.613800,59.940893
2.613900,59.948269
2.614000,59.960219
2.614100,59.971717
2.614200,59.984542
2.614300,59.999078
2.614400,60.013186
2.614500,60.023770
2.614600,60.037211
2.614700,60.046975
2.614800,60.053862
2.614900,60.058794
2.615000,60.058737
2.615100,60.057244
2.615200,60.055500
2.615300,60.054113
2.615400,60.052039
2.615500,60.050197
2.615600,60.049377
2.615700,60.049351
2.615800,60.049996
2.615900,60.051190
2.616000,60.052797
2.616100,60.054231
2.616200,60.055143
2.616300,60.055906
2.616400,60.056502
2.616500,60.056910
2.616600,60.056726
2.616700,60.056230
2.616800,60.055321
2.616900,60.054563
2.617000,60.054146
2.617100,60.053612
2.617200,60.052405
2.617300,60.051975
2.617400,60.051490
2.617500,60.051011
2.617600,60.050091
2.617700,60.049501
2.617800,60.049153
2.617900,60.049187
2.618000,60.049496
2.618100,60.049268
2.618200,60.049736
2.618300,60.049669
2.618400,60.049566
2.618500,60.049688
2.618600,60.049876
2.618700,60.049850
2.618800,60.049528
2.618900,60.049420
2.619000,60.049653
2.619100,60.049885
2.619200,60.050690
2.619300,60.051386
2.619400,60.052741
2.619500,60.054660
2.619600,60.055535
2.619700,60.058279
2.619800,60.060809
2.619900,60.062969
2.620000,60.064850
2.620100,60.066592
2.620200,60.068649
2.620300,60.070629
2.620400,60.071551
2.620500,60.070960
2.620600,60.070452
2.620700,60.069953
2.620800,60.065549
2.620900,60.062078
2.621000,60.055357
2.621100,60.048564
2.621200,60.042173
2.621300,60.034721
2.621400,60.026820
2.621500,60.017871
2.621600,60.007750
2.621700,60.009909
2.621800,60.001093
2.621900,59.994968
2.622000,59.990306
2.622100,59.987751
2.622200,59.991121
2.622300,59.992201
2.622400,59.998375
2.622500,60.005852
2.622600,60.016110
2.622700,60.029121
2.622800,60.040892
2.622900,60.049934
2.623000,60.058935
2.623100,60.066369
2.623200,60.070382
2.623300,60.072015
2.623400,60.070401
2.623500,60.068059
2.623600,60.065462
2.623700,60.062873
2.623800,60.060481
2.623900,60.058692
2.624000,60.057872
2.624100,60.057794
2.624200,60.058171
2.624300,60.058897
2.624400,60.059699
2.624500,60.060465
2.624600,60.060888
2.624700,60.061631
2.624800,60.061515
2.624900,60.061448
2.625000,60.060930
2.625100,60.060118
2.625200,60.059310
2.625300,60.058045
2.625400,60.056854
2.625500,60.055683
2.625600,60.054825
2.625700,60.053916
2.625800,60.053537
2.625900,60.053212
2.626000,60.052763
2.626100,60.052083
2.626200,60.051619
2.626300,60.051590
2.626400,60.051232
2.626500,60.051160
2.626600,60.050482
2.626700,60.050352
2.626800,60.050047
2.626900,60.049954
2.627000,60.049351
2.627100,60.049109
2.627200,60.049327
2.627300,60.049370
2.627400,60.049819
2.627500,60.050133
2.627600,60.050475
2.627700,60.051436
2.627800,60.052673
2.627900,60.054236
2.628000,60.055079
2.628100,60.056560
2.628200,60.057607
2.628300,60.059861
2.628400,60.061533
2.628500,60.063710
2.628600,60.064429
2.628700,60.064802
2.628800,60.064793
2.628900,60.064557
2.629000,60.062405
2.629100,60.058404
2.629200,60.051471
2.629300,60.044016
2.629400,60.037292
2.629500,60.030193
2.629600,60.022645
2.629700,60.015348
2.629800,60.007624
2.629900,59.999391
2.630000,59.989744
2.630100,59.978777
2.630200,59.966339
2.630300,59.958507
2.630400,59.949493
2.630500,59.947747
2.630600,59.947498
2.630700,59.951835
2.630800,59.956335
2.630900,59.965198
2.631000,59.972291
2.631100,59.982944
2.631200,59.991601
2.631300,59.998527
2.631400,60.001658
2.631500,60.003493
2.631600,60.003366
2.631700,60.003039
2.631800,59.999106
2.631900,59.995721
2.632000,59.993496
2.632100,59.991757
2.632200,59.991072
2.632300,59.991023
2.632400,59.991587
2.632500,59.992716
2.632600,59.994191
2.632700,59.995442
2.632800,59.996843
2.632900,59.997710
2.633000,59.997769
2.633100,59.997888
2.633200,59.997403
2.633300,59.996056
2.633400,59.995148
2.633500,59.993863
2.633600,59.992317
2.633700,59.990500
2.633800,59.989383
2.633900,59.988452
2.634000,59.986882
2.634100,59.986080
2.634200,59.985512
2.634300,59.984861
2.634400,59.983722
2.634500,59.983308
2.634600,59.982847
2.634700,59.982552
2.634800,59.982001
2.634900,59.981414
2.635000,59.981129
2.635100,59.981220
2.635200,59.980937
2.635300,59.980350
2.635400,59.979583
2.635500,59.979363
2.635600,59.978519
2.635700,59.978175
2.635800,59.979087
2.635900,59.979417
2.636000,59.980435
2.636100,59.981484
2.636200,59.982896
2.636300,59.984627
2.636400,59.985994
2.636500,59.986875
2.636600,59.989054
2.636700,59.991352
2.636800,59.993132
2.636900,59.993694
2.637000,59.993857
2.637100,59.995114
2.637200,59.994655
2.637300,59.992695
2.637400,59.989432
2.637500,59.982571
2.637600,59.975321
2.637700,59.968428
2.637800,59.960377
2.637900,59.952532
2.638000,59.944608
2.638100,59.936395
2.638200,59.926917
2.638300,59.916642
2.638400,59.905360
2.638500,59.891448
2.638600,59.876747
2.638700,59.874229
2.638800,59.871081
2.638900,59.871641
2.639000,59.873866
2.639100,59.882421
2.639200,59.896213
2.639300,59.911343
2.639400,59.926796
2.639500,59.932176
2.639600,59.941097
2.639700,59.944458
2.639800,59.946744
2.639900,59.946807
2.640000,59.945965
2.640100,59.943353
2.640200,59.939633
2.640300,59.937255
2.640400,59.935541
2.640500,59.934762
2.640600,59.934737
2.640700,59.935410
2.640800,59.936308
2.640900,59.937927
2.641000,59.939677
2.641100,59.940578
2.641200,59.941353
2.641300,59.942519
2.641400,59.942593
2.641500,59.942437
2.641600,59.941428
2.641700,59.940389
2.641800,59.938969
2.641900,59.937215
2.642000,59.935471
2.642100,59.933999
2.642200,59.933025
2.642300,59.932318
2.642400,59.931887
2.642500,59.931326
2.642600,59.930773
2.642700,59.930638
2.642800,59.930846
2.642900,59.930873
2.643000,59.930569
2.643100,59.929990
2.643200,59.929373
2.643300,59.929328
2.643400,59.929144
2.643500,59.928905
2.643600,59.928583
2.643700,59.927832
2.643800,59.927437
2.643900,59.926990
2.644000,59.927750
2.644100,59.928596
2.644200,59.929270
2.644300,59.930402
2.644400,59.931480
2.644500,59.933863
2.644600,59.935881
2.644700,59.937625
2.644800,59.939703
2.644900,59.942456
2.645000,59.946017
2.645100,59.947412
2.645200,59.949345
2.645300,59.950543
2.645400,59.951374
2.645500,59.952553
2.645600,59.949919
2.645700,59.947133
2.645800,59.943887
2.645900,59.940663
2.646000,59.934226
2.646100,59.926508
2.646200,59.919689
2.646300,59.912072
2.646400,59.904625
2.646500,59.895302
2.646600,59.886067
2.646700,59.875958
2.646800,59.866552
2.646900,59.860999
2.647000,59.858221
2.647100,59.861879
2.647200,59.867151
2.647300,59.881496
2.647400,59.898327
2.647500,59.915207
2.647600,59.930026
2.647700,59.942488
2.647800,59.957084
2.647900,59.971144
2.648000,59.982748
2.648100,59.991951
2.648200,59.998046
2.648300,59.998495
2.648400,59.997103
2.648500,59.994640
2.648600,59.992468
2.648700,59.989757
2.648800,59.988318
2.648900,59.987849
2.649000,59.988064
2.649100,59.988831
2.649200,59.990239
2.649300,59.991811
2.649400,59.993871
2.649500,59.995430
2.649600,59.996523
2.649700,59.996268
2.649800,59.996758
2.649900,59.996281
2.650000,59.995949
2.650100,59.995225
2.650200,59.994447
2.650300,59.993703
2.650400,59.992279
2.650500,59.991918
2.650600,59.991549
2.650700,59.991347
2.650800,59.990775
2.650900,59.990060
2.651000,59.989284
2.651100,59.988592
2.651200,59.988259
2.651300,59.988583
2.651400,59.988707
2.651500,59.988564
2.651600,59.988777
2.651700,59.989344
2.651800,59.989505
2.651900,59.989327
2.652000,59.989428
2.652100,59.989054
2.652200,59.988943
2.652300,59.988952
2.652400,59.989444
2.652500,59.990062
2.652600,59.991390
2.652700,59.993131
2.652800,59.994881
2.652900,59.996762
2.653000,59.998866
2.653100,60.000532
2.653200,60.003481
2.653300,60.004347
2.653400,60.006984
2.653500,60.009764
2.653600,60.011760
2.653700,60.013741
2.653800,60.014179
2.653900,60.014403
2.654000,60.013245
2.654100,60.010346
2.654200,60.005739
2.654300,59.999916
2.654400,59.992942
2.654500,59.984906
2.654600,59.977248
2.654700,59.969400
2.654800,59.961414
2.654900,59.950902
2.655000,59.942996
2.655100,59.936145
2.655200,59.933532
2.655300,59.930135
2.655400,59.929978
2.655500,59.935158
2.655600,59.947616
2.655700,59.963433
2.655800,59.980122
2.655900,59.993104
2.656000,60.006592
2.656100,60.018005
2.656200,60.032706
2.656300,60.044963
2.656400,60.054516
2.656500,60.063000
2.656600,60.064321
2.656700,60.065910
2.656800,60.063352
2.656900,60.058680
2.657000,60.055678
2.657100,60.054006
2.657200,60.053087
2.657300,60.053078
2.657400,60.053710
2.657500,60.054967
2.657600,60.056478
2.657700,60.057938
2.657800,60.059138
2.657900,60.059712
2.658000,60.059702
2.658100,60.060508
2.658200,60.060590
2.658300,60.060167
2.658400,60.059545
2.658500,60.058892
2.658600,60.057934
2.658700,60.056919
2.658800,60.056250
2.658900,60.055767
2.659000,60.055127
2.659100,60.054338
2.659200,60.054019
2.659300,60.053739
2.659400,60.053255
2.659500,60.053182
2.659600,60.053675
2.659700,60.053504
2.659800,60.053762
2.659900,60.053230
2.660000,60.053701
2.660100,60.053639
2.660200,60.053101
2.660300,60.053784
2.660400,60.053887
2.660500,60.054273
2.660600,60.054303
2.660700,60.054928
2.660800,60.055659
2.660900,60.056737
2.661000,60.058009
2.661100,60.059871
2.661200,60.061204
2.661300,60.062823
2.661400,60.065411
2.661500,60.066519
2.661600,60.068674
2.661700,60.070109
2.661800,60.071567
2.661900,60.073248
2.662000,60.075586
2.662100,60.075265
2.662200,60.074584
2.662300,60.073398
2.662400,60.069868
2.662500,60.067112
2.662600,60.061777
2.662700,60.054543
2.662800,60.047601
2.662900,60.041101
2.663000,60.034437
2.663100,60.027558
2.663200,60.019867
2.663300,60.009436
2.663400,59.997019
2.663500,59.987251
2.663600,59.976067
2.663700,59.971994
2.663800,59.968170
2.663900,59.974647
2.664000,59.987350
2.664100,60.000159
2.664200,60.016232
2.664300,60.025168
2.664400,60.040110
2.664500,60.052737
2.664600,60.064849
2.664700,60.070527
2.664800,60.075240
2.664900,60.077096
2.665000,60.075501
2.665100,60.072568
2.665200,60.069711
2.665300,60.067639
2.665400,60.066768
2.665500,60.066768
2.665600,60.067462
2.665700,60.068771
2.665800,60.070615
2.665900,60.072843
2.666000,60.074900
2.666100,60.076579
2.666200,60.077768
2.666300,60.077914
2.666400,60.078413
2.666500,60.078261
2.666600,60.077494
2.666700,60.076235
2.666800,60.075285
2.666900,60.073653
2.667000,60.072496
2.667100,60.072051
2.667200,60.070870
2.667300,60.069605
2.667400,60.068608
2.667500,60.067789
2.667600,60.067513
2.667700,60.067366
2.667800,60.067340
2.667900,60.067383
2.668000,60.066530
2.668100,60.066402
2.668200,60.065985
2.668300,60.065119
2.668400,60.065046
2.668500,60.065150
2.668600,60.064697
2.668700,60.064700
2.668800,60.064627
2.668900,60.065331
2.669000,60.065520
2.669100,60.066149
2.669200,60.066835
2.669300,60.067014
2.669400,60.068713
2.669500,60.069410
2.669600,60.070537
2.669700,60.071889
2.669800,60.074170
2.669900,60.075876
2.670000,60.077756
2.670100,60.079602
2.670200,60.080973
2.670300,60.081947
2.670400,60.082731
2.670500,60.081564
2.670600,60.079530
2.670700,60.075923
2.670800,60.070123
2.670900,60.064804
2.671000,60.059318
2.671100,60.052784
2.671200,60.046747
2.671300,60.040344
2.671400,60.033417
2.671500,60.026178
2.671600,60.018038
2.671700,60.009991
2.671800,59.999457
2.671900,59.987300
2.672000,59.972444
2.672100,59.962669
2.672200,59.958721
2.672300,59.956842
2.672400,59.961844
2.672500,59.971821
2.672600,59.984325
2.672700,59.994460
2.672800,60.000775
2.672900,60.013527
2.673000,60.016828
2.673100,60.021632
2.673200,60.020249
2.673300,60.020509
2.673400,60.016170
2.673500,60.013716
2.673600,60.011206
2.673700,60.010096
2.673800,60.009776
2.673900,60.010304
2.674000,60.011394
2.674100,60.013143
2.674200,60.015087
2.674300,60.016428
2.674400,60.018148
2.674500,60.019130
2.674600,60.020673
2.674700,60.020133
2.674800,60.019198
2.674900,60.018430
2.675000,60.016978
2.675100,60.015126
2.675200,60.013730
2.675300,60.012257
2.675400,60.010802
2.675500,60.009525
2.675600,60.008641
2.675700,60.007669
2.675800,60.007048
2.675900,60.006377
2.676000,60.005508
2.676100,60.004898
2.676200,60.004343
2.676300,60.004207
2.676400,60.004228
2.676500,60.004013
2.676600,60.003666
2.676700,60.003365
2.676800,60.002951
2.676900,60.002585
2.677000,60.002565
2.677100,60.002287
2.677200,60.001933
2.677300,60.001088
2.677400,60.001686
2.677500,60.001881
2.677600,60.002110
2.677700,60.003724
2.677800,60.004147
2.677900,60.006306
2.678000,60.007669
2.678100,60.009741
2.678200,60.011024
2.678300,60.013042
2.678400,60.014323
2.678500,60.015214
2.678600,60.016850
2.678700,60.016845
2.678800,60.016175
2.678900,60.014867
2.679000,60.011668
2.679100,60.005875
2.679200,59.999028
2.679300,59.992957
2.679400,59.986690
2.679500,59.979577
2.679600,59.972940
2.679700,59.966120
2.679800,59.958566
2.679900,59.950248
2.680000,59.940784
2.680100,59.927800
2.680200,59.915350
2.680300,59.904849
2.680400,59.893296
2.680500,59.889282
2.680600,59.885204
2.680700,59.888448
2.680800,59.896599
2.680900,59.905599
2.681000,59.916748
2.681100,59.929611
2.681200,59.942313
2.681300,59.947547
2.681400,59.952189
2.681500,59.954188
2.681600,59.954000
2.681700,59.952137
2.681800,59.950398
2.681900,59.947575
2.682000,59.945558
2.682100,59.944838
2.682200,59.944790
2.682300,59.945388
2.682400,59.946761
2.682500,59.948672
2.682600,59.950559
2.682700,59.952161
2.682800,59.954040
2.682900,59.954637
2.683000,59.954624
2.683100,59.953950
2.683200,59.953627
2.683300,59.952609
2.683400,59.951159
2.683500,59.949846
2.683600,59.948311
2.683700,59.947311
2.683800,59.946698
2.683900,59.945444
2.684000,59.945061
2.684100,59.944302
2.684200,59.943403
2.684300,59.943033
2.684400,59.942026
2.684500,59.942079
2.684600,59.941793
2.684700,59.941671
2.684800,59.941010
2.684900,59.940255
2.685000,59.940207
2.685100,59.939988
2.685200,59.939753
2.685300,59.939680
2.685400,59.939382
2.685500,59.939411
2.685600,59.940103
2.685700,59.940622
2.685800,59.941690
2.685900,59.942453
2.686000,59.943316
2.686100,59.944830
2.686200,59.946928
2.686300,59.948786
2.686400,59.950244
2.686500,59.952395
2.686600,59.954450
2.686700,59.956979
2.686800,59.959221
2.686900,59.960140
2.687000,59.961893
2.687100,59.961455
2.687200,59.960750
2.687300,59.959654
2.687400,59.956815
2.687500,59.952677
2.687600,59.946787
2.687700,59.941224
2.687800,59.934538
2.687900,59.926829
2.688000,59.919015
2.688100,59.909181
2.688200,59.900303
2.688300,59.890265
2.688400,59.877638
2.688500,59.869588
2.688600,59.860986
2.688700,59.859974
2.688800,59.860132
2.688900,59.867877
2.689000,59.877044
2.689100,59.893823
2.689200,59.909347
2.689300,59.923544
2.689400,59.939637
2.689500,59.955941
2.689600,59.969566
2.689700,59.976840
2.689800,59.984590
2.689900,59.987195
2.690000,59.986410
2.690100,59.984651
2.690200,59.982342
2.690300,59.979986
2.690400,59.978370
2.690500,59.977857
2.690600,59.978113
2.690700,59.979047
2.690800,59.980475
2.690900,59.982305
2.691000,59.984575
2.691100,59.986695
2.691200,59.987918
2.691300,59.988855
2.691400,59.988448
2.691500,59.987910
2.691600,59.987103
2.691700,59.986570
2.691800,59.986040
2.691900,59.985017
2.692000,59.984123
2.692100,59.982915
2.692200,59.982064
2.692300,59.981300
2.692400,59.981305
2.692500,59.980968
2.692600,59.980856
2.692700,59.980177
2.692800,59.979736
2.692900,59.979253
2.693000,59.979465
2.693100,59.979507
2.693200,59.979545
2.693300,59.980056
2.693400,59.980481
2.693500,59.979589
2.693600,59.980509
2.693700,59.980439
2.693800,59.981411
2.693900,59.981588
2.694000,59.981785
2.694100,59.982342
2.694200,59.983311
2.694300,59.984278
2.694400,59.984929
2.694500,59.986492
2.694600,59.987202
2.694700,59.988717
2.694800,59.991424
2.694900,59.993842
2.695000,59.996501
2.695100,59.998410
2.695200,60.000415
2.695300,60.001473
2.695400,60.002797
2.695500,60.003132
2.695600,60.001016
2.695700,60.002026
2.695800,60.000375
2.695900,59.994721
2.696000,59.989391
2.696100,59.982308
2.696200,59.975053
2.696300,59.967085
2.696400,59.959369
2.696500,59.951070
2.696600,59.940261
2.696700,59.929776
2.696800,59.920969
2.696900,59.914979
2.697000,59.912827
2.697100,59.912506
2.697200,59.920764
2.697300,59.934414
2.697400,59.951604
2.697500,59.965543
2.697600,59.979368
2.697700,59.991098
2.697800,60.003433
2.697900,60.015651
2.698000,60.029545
2.698100,60.036775
2.698200,60.041337
2.698300,60.042558
2.698400,60.042006
2.698500,60.038236
2.698600,60.036487
2.698700,60.034289
2.698800,60.033108
2.698900,60.032702
2.699000,60.032962
2.699100,60.033855
2.699200,60.035081
2.699300,60.036913
2.699400,60.039025
2.699500,60.040528
2.699600,60.041189
2.699700,60.041967
2.699800,60.042276
2.699900,60.041557
2.700000,60.040932
2.700100,60.040185
2.700200,60.039160
2.700300,60.038322
2.700400,60.036749
2.700500,60.036585
2.700600,60.036034
2.700700,60.036044
2.700800,60.036030
2.700900,60.035599
2.701000,60.035005
2.701100,60.034792
2.701200,60.034627
2.701300,60.034330
2.701400,60.034679
2.701500,60.034563
2.701600,60.034627
2.701700,60.034973
2.701800,60.035162
2.701900,60.035027
2.702000,60.034376
2.702100,60.034534
2.702200,60.034705
2.702300,60.035227
2.702400,60.036082
2.702500,60.036993
2.702600,60.037306
2.702700,60.038597
2.702800,60.039699
2.702900,60.040827
2.703000,60.042818
2.703100,60.044926
2.703200,60.046892
2.703300,60.048769
2.703400,60.050303
2.703500,60.052073
2.703600,60.054513
2.703700,60.055152
2.703800,60.055178
2.703900,60.054805
2.704000,60.052137
2.704100,60.049124
2.704200,60.043893
2.704300,60.039095
2.704400,60.032437
2.704500,60.025799
2.704600,60.018656
2.704700,60.009996
2.704800,60.001099
2.704900,59.992749
2.705000,59.982793
2.705100,59.970203
2.705200,59.961301
2.705300,59.952000
2.705400,59.952077
2.705500,59.956185
2.705600,59.966613
2.705700,59.976408
2.705800,59.988441
2.705900,60.005121
2.706000,60.021496
2.706100,60.035434
2.706200,60.048466
2.706300,60.059189
2.706400,60.065072
2.706500,60.067771
2.706600,60.066679
2.706700,60.063289
2.706800,60.060200
2.706900,60.058138
2.707000,60.056633
2.707100,60.056202
2.707200,60.056505
2.707300,60.057542
2.707400,60.059050
2.707500,60.061042
2.707600,60.063261
2.707700,60.065614
2.707800,60.067235
2.707900,60.067942
2.708000,60.068012
2.708100,60.068217
2.708200,60.067716
2.708300,60.067229
2.708400,60.066205
2.708500,60.065250
2.708600,60.064171
2.708700,60.062961
2.708800,60.062071
2.708900,60.061409
2.709000,60.060556
2.709100,60.059763
2.709200,60.058632
2.709300,60.058824
2.709400,60.058349
2.709500,60.058468
2.709600,60.058320
2.709700,60.057856
2.709800,60.057617
2.709900,60.058031
2.710000,60.058060
2.710100,60.057914
2.710200,60.057599
2.710300,60.057394
2.710400,60.056807
2.710500,60.056668
2.710600,60.056977
2.710700,60.056682
2.710800,60.056655
2.710900,60.057141
2.711000,60.058313
2.711100,60.059506
2.711200,60.060292
2.711300,60.062956
2.711400,60.064349
2.711500,60.066717
2.711600,60.068943
2.711700,60.070607
2.711800,60.071481
2.711900,60.072660
2.712000,60.074540
2.712100,60.073990
2.712200,60.073792
2.712300,60.071282
2.712400,60.067955
2.712500,60.062974
2.712600,60.056342
2.712700,60.049835
2.712800,60.044861
2.712900,60.039471
2.713000,60.033748
2.713100,60.027379
2.713200,60.020471
2.713300,60.011427
2.713400,60.002460
2.713500,59.991674
2.713600,59.980029
2.713700,59.968098
2.713800,59.960694
2.713900,59.952324
2.714000,59.952250
2.714100,59.958076
2.714200,59.968308
2.714300,59.978467
2.714400,59.988798
2.714500,59.999566
2.714600,60.004590
2.714700,60.007046
2.714800,60.010721
2.714900,60.009529
2.715000,60.008456
2.715100,60.005635
2.715200,60.004417
2.715300,60.002438
2.715400,60.001496
2.715500,60.001527
2.715600,60.002335
2.715700,60.003662
2.715800,60.005283
2.715900,60.007612
2.716000,60.009329
2.716100,60.011058
2.716200,60.011994
2.716300,60.012127
2.716400,60.012293
2.716500,60.011206
2.716600,60.009374
2.716700,60.008079
2.716800,60.006579
2.716900,60.005039
2.717000,60.003204
2.717100,60.001914
2.717200,60.001017
2.717300,59.999638
2.717400,59.998994
2.717500,59.998258
2.717600,59.997404
2.717700,59.996941
2.717800,59.996089
2.717900,59.995429
2.718000,59.995510
2.718100,59.995337
2.718200,59.995335
2.718300,59.994942
2.718400,59.994460
2.718500,59.994272
2.718600,59.994343
2.718700,59.994296
2.718800,59.993933
2.718900,59.993700
2.719000,59.993198
2.719100,59.993844
2.719200,59.994085
2.719300,59.994920
2.719400,59.996230
2.719500,59.997640
2.719600,59.999549
2.719700,60.001810
2.719800,60.003402
2.719900,60.004597
2.720000,60.004592
2.720100,60.006794
2.720200,60.006870
2.720300,60.006037
2.720400,60.006249
2.720500,60.006588
2.720600,60.003460
2.720700,60.001050
2.720800,59.997136
2.720900,59.991453
2.721000,59.984888
2.721100,59.978238
2.721200,59.971709
2.721300,59.965889
2.721400,59.958926
2.721500,59.952566
2.721600,59.944167
2.721700,59.934484
2.721800,59.923071
2.721900,59.909642
2.722000,59.894223
2.722100,59.884608
2.722200,59.881468
2.722300,59.882342
2.722400,59.887818
2.722500,59.900122
2.722600,59.912004
2.722700,59.924215
2.722800,59.938060
2.722900,59.946821
2.723000,59.954208
2.723100,59.957541
2.723200,59.957202
2.723300,59.955385
2.723400,59.953015
2.723500,59.950091
2.723600,59.947937
2.723700,59.946172
2.723800,59.945532
2.723900,59.945748
2.724000,59.946677
2.724100,59.948145
2.724200,59.949755
2.724300,59.951752
2.724400,59.953172
2.724500,59.953865
2.724600,59.954371
2.724700,59.954556
2.724800,59.953652
2.724900,59.952878
2.725000,59.951910
2.725100,59.951030
2.725200,59.949486
2.725300,59.947946
2.725400,59.946880
2.725500,59.945789
2.725600,59.944193
2.725700,59.943895
2.725800,59.942650
2.725900,59.942018
2.726000,59.941802
2.726100,59.941578
2.726200,59.940604
2.726300,59.940432
2.726400,59.940553
2.726500,59.940319
2.726600,59.940581
2.726700,59.939875
2.726800,59.939941
2.726900,59.939911
2.727000,59.939021
2.727100,59.938846
2.727200,59.939443
2.727300,59.939235
2.727400,59.938840
2.727500,59.939473
2.727600,59.940783
2.727700,59.942562
2.727800,59.944095
2.727900,59.945318
2.728000,59.947443
2.728100,59.948537
2.728200,59.950888
2.728300,59.953039
2.728400,59.951103
2.728500,59.953276
2.728600,59.956056
2.728700,59.958210
2.728800,59.957860
2.728900,59.957181
2.729000,59.955275
2.729100,59.952672
2.729200,59.947504
2.729300,59.941182
2.729400,59.934277
2.729500,59.926109
2.729600,59.918633
2.729700,59.910743
2.729800,59.902574
2.729900,59.891775
2.730000,59.880878
2.730100,59.867346
2.730200,59.859795
2.730300,59.857196
2.730400,59.856879
2.730500,59.863034
2.730600,59.870556
2.730700,59.878271
2.730800,59.895756
2.730900,59.911759
2.731000,59.927409
2.731100,59.941686
2.731200,59.956050
2.731300,59.966228
2.731400,59.972329
2.731500,59.977168
2.731600,59.978085
2.731700,59.977609
2.731800,59.974069
2.731900,59.971933
2.732000,59.969705
2.732100,59.968653
2.732200,59.968306
2.732300,59.968641
2.732400,59.969602
2.732500,59.971097
2.732600,59.972648
2.732700,59.974685
2.732800,59.976356
2.732900,59.976966
2.733000,59.977232
2.733100,59.977091
2.733200,59.976671
2.733300,59.976266
2.733400,59.975480
2.733500,59.974726
2.733600,59.973969
2.733700,59.972936
2.733800,59.971936
2.733900,59.971195
2.734000,59.969917
2.734100,59.969948
2.734200,59.969270
2.734300,59.968581
2.734400,59.968871
2.734500,59.968707
2.734600,59.968512
2.734700,59.968508
2.734800,59.968355
2.734900,59.968756
2.735000,59.968677
2.735100,59.968175
2.735200,59.968758
2.735300,59.968387
2.735400,59.968425
2.735500,59.968339
2.735600,59.967948
2.735700,59.968810
2.735800,59.969648
2.735900,59.971283
2.736000,59.972595
2.736100,59.973473
2.736200,59.975104
2.736300,59.976624
2.736400,59.978424
2.736500,59.980910
2.736600,59.982198
2.736700,59.984455
2.736800,59.986865
2.736900,59.988693
2.737000,59.991049
2.737100,59.992107
2.737200,59.991995
2.737300,59.990778
2.737400,59.988749
2.737500,59.984783
2.737600,59.978375
2.737700,59.971825
2.737800,59.964481
2.737900,59.956002
2.738000,59.947867
2.738100,59.938732
2.738200,59.928403
2.738300,59.917743
2.738400,59.907477
2.738500,59.899816
2.738600,59.897063
2.738700,59.896824
2.738800,59.906277
2.738900,59.915435
2.739000,59.930434
2.739100,59.945199
2.739200,59.958312
2.739300,59.971308
2.739400,59.985288
2.739500,59.997469
2.739600,60.010925
2.739700,60.024307
2.739800,60.031321
2.739900,60.036129
2.740000,60.034233
2.740100,60.032335
2.740200,60.028850
2.740300,60.025941
2.740400,60.023693
2.740500,60.022483
2.740600,60.022199
2.740700,60.022579
2.740800,60.023550
2.740900,60.024944
2.741000,60.026841
2.741100,60.028253
2.741200,60.029629
2.741300,60.030183
2.741400,60.030834
2.741500,60.031264
2.741600,60.031049
2.741700,60.030564
2.741800,60.030089
2.741900,60.028895
2.742000,60.028034
2.742100,60.027220
2.742200,60.026500
2.742300,60.026115
2.742400,60.025498
2.742500,60.024699
2.742600,60.024161
2.742700,60.024179
2.742800,60.024484
2.742900,60.024784
2.743000,60.024858
2.743100,60.024924
2.743200,60.025575
2.743300,60.025446
2.743400,60.025234
2.743500,60.025217
2.743600,60.025502
2.743700,60.024810
2.743800,60.024974
2.743900,60.024925
2.744000,60.025501
2.744100,60.025808
2.744200,60.026454
2.744300,60.027161
2.744400,60.028229
2.744500,60.029636
2.744600,60.031909
2.744700,60.034406
2.744800,60.036601
2.744900,60.038632
2.745000,60.040477
2.745100,60.042757
2.745200,60.044543
2.745300,60.046183
2.745400,60.047685
2.745500,60.047648
2.745600,60.045631
2.745700,60.043949
2.745800,60.042029
2.745900,60.036229
2.746000,60.031675
2.746100,60.024869
2.746200,60.018741
2.746300,60.010650
2.746400,60.001939
2.746500,59.994536
2.746600,59.985976
2.746700,59.975338
2.746800,59.962789
2.746900,59.954115
2.747000,59.944778
2.747100,59.943217
2.747200,59.946415
2.747300,59.955807
2.747400,59.967720
2.747500,59.981880
2.747600,59.995512
2.747700,60.010160
2.747800,60.025484
2.747900,60.038433
2.748000,60.049028
2.748100,60.058382
2.748200,60.059337
2.748300,60.057316
2.748400,60.055440
2.748500,60.052347
2.748600,60.050309
2.748700,60.048658
2.748800,60.048080
2.748900,60.048366
2.749000,60.049251
2.749100,60.050656
2.749200,60.052642
2.749300,60.054865
2.749400,60.056642
2.749500,60.058361
2.749600,60.059017
2.749700,60.059091
2.749800,60.058597
2.749900,60.058511
2.750000,60.058222
2.750100,60.057565
2.750200,60.056442
2.750300,60.055710
2.750400,60.054791
2.750500,60.053893
2.750600,60.053305
2.750700,60.052406
2.750800,60.051609
2.750900,60.050777
2.751000,60.050525
2.751100,60.049776
2.751200,60.049629
2.751300,60.049576
2.751400,60.049223
2.751500,60.049408
2.751600,60.049323
2.751700,60.049414
2.751800,60.049112
2.751900,60.049525
2.752000,60.049165
2.752100,60.049440
2.752200,60.049002
2.752300,60.048643
2.752400,60.048823
2.752500,60.049518
2.752600,60.050315
2.752700,60.051708
2.752800,60.053008
2.752900,60.054392
2.753000,60.055426
2.753100,60.055866
2.753200,60.057988
2.753300,60.060308
2.753400,60.062682
2.753500,60.063940
2.753600,60.065673
2.753700,60.067243
2.753800,60.065847
2.753900,60.063125
2.754000,60.059279
2.754100,60.055776
2.754200,60.049405
2.754300,60.042755
2.754400,60.037047
2.754500,60.030869
2.754600,60.023872
2.754700,60.016511
2.754800,60.009677
2.754900,60.001565
2.755000,59.993789
2.755100,59.981445
2.755200,59.969558
2.755300,59.957496
2.755400,59.943431
2.755500,59.940750
2.755600,59.938817
2.755700,59.939413
2.755800,59.948674
2.755900,59.954985
2.756000,59.964917
2.756100,59.977912
2.756200,59.987910
2.756300,59.996415
2.756400,59.999772
2.756500,60.002252
2.756600,60.000101
2.756700,59.999106
2.756800,59.997326
2.756900,59.995332
2.757000,59.993573
2.757100,59.992989
2.757200,59.993211
2.757300,59.994123
2.757400,59.995496
2.757500,59.997254
2.757600,59.998968
2.757700,60.001223
2.757800,60.002655
2.757900,60.003198
2.758000,60.003609
2.758100,60.003443
2.758200,60.003110
2.758300,60.002083
2.758400,60.001765
2.758500,60.000392
2.758600,59.999018
2.758700,59.997439
2.758800,59.996342
2.758900,59.995275
2.759000,59.994212
2.759100,59.993784
2.759200,59.993147
2.759300,59.992418
2.759400,59.991694
2.759500,59.990750
2.759600,59.990284
2.759700,59.989876
2.759800,59.989428
2.759900,59.989133
2.760000,59.989096
2.760100,59.989002
2.760200,59.988573
2.760300,59.988194
2.760400,59.987384
2.760500,59.987247
2.760600,59.987680
2.760700,59.987625
2.760800,59.987819
2.760900,59.988974
2.761000,59.989542
2.761100,59.990079
2.761200,59.991797
2.761300,59.993120
2.761400,59.994542
2.761500,59.996725
2.761600,59.998396
2.761700,60.000021
2.761800,60.001606
2.761900,60.003553
2.762000,60.004575
2.762100,60.003667
2.762200,60.001918
2.762300,59.998953
2.762400,59.996136
2.762500,59.989891
2.762600,59.984256
2.762700,59.977928
2.762800,59.969625
2.762900,59.963286
2.763000,59.955777
2.763100,59.948466
2.763200,59.940579
2.763300,59.932172
2.763400,59.919907
2.763500,59.908658
2.763600,59.895386
2.763700,59.885015
2.763800,59.876284
2.763900,59.874933
2.764000,59.876486
2.764100,59.884269
2.764200,59.892077
2.764300,59.901325
2.764400,59.914507
2.764500,59.927144
2.764600,59.937532
2.764700,59.945918
2.764800,59.949771
2.764900,59.949072
2.765000,59.947746
2.765100,59.945477
2.765200,59.942758
2.765300,59.941206
2.765400,59.940051
2.765500,59.939792
2.765600,59.940318
2.765700,59.941477
2.765800,59.943229
2.765900,59.945215
2.766000,59.947176
2.766100,59.948578
2.766200,59.949629
2.766300,59.950730
2.766400,59.950228
2.766500,59.949553
2.766600,59.948523
2.766700,59.947787
2.766800,59.946646
2.766900,59.945764
2.767000,59.944316
2.767100,59.943046
2.767200,59.941771
2.767300,59.940644
2.767400,59.940004
2.767500,59.939097
2.767600,59.938760
2.767700,59.938335
2.767800,59.937983
2.767900,59.937614
2.768000,59.937180
2.768100,59.936728
2.768200,59.936611
2.768300,59.936056
2.768400,59.935788
2.768500,59.935918
2.768600,59.935882
2.768700,59.935244
2.768800,59.934907
2.768900,59.935199
2.769000,59.934791
2.769100,59.934387
2.769200,59.935893
2.769300,59.936898
2.769400,59.938386
2.769500,59.939362
2.769600,59.940815
2.769700,59.942868
2.769800,59.944109
2.769900,59.945749
2.770000,59.948044
2.770100,59.951040
2.770200,59.952178
2.770300,59.952530
2.770400,59.953531
2.770500,59.953418
2.770600,59.952828
2.770700,59.950550
2.770800,59.946559
2.770900,59.940531
2.771000,59.933776
2.771100,59.927250
2.771200,59.919659
2.771300,59.911368
2.771400,59.902879
2.771500,59.893598
2.771600,59.881524
2.771700,59.868786
2.771800,59.857185
2.771900,59.845061
2.772000,59.839945
2.772100,59.838764
2.772200,59.845358
2.772300,59.853912
2.772400,59.870632
2.772500,59.884302
2.772600,59.899106
2.772700,59.912725
2.772800,59.926755
2.772900,59.942403
2.773000,59.951511
2.773100,59.957710
2.773200,59.961762
2.773300,59.961712
2.773400,59.959071
2.773500,59.955531
2.773600,59.952429
2.773700,59.950289
2.773800,59.949283
2.773900,59.949173
2.774000,59.949692
2.774100,59.950735
2.774200,59.952378
2.774300,59.953946
2.774400,59.955571
2.774500,59.957049
2.774600,59.958045
2.774700,59.958562
2.774800,59.958025
2.774900,59.957786
2.775000,59.957045
2.775100,59.956070
2.775200,59.955455
2.775300,59.954052
2.775400,59.952851
2.775500,59.951903
2.775600,59.951507
2.775700,59.950674
2.775800,59.950729
2.775900,59.950188
2.776000,59.949762
2.776100,59.949210
2.776200,59.949254
2.776300,59.948907
2.776400,59.949206
2.776500,59.949069
2.776600,59.948813
2.776700,59.949171
2.776800,59.949582
2.776900,59.949431
2.777000,59.949557
2.777100,59.950129
2.777200,59.950937
2.777300,59.950857
2.777400,59.951727
2.777500,59.952431
2.777600,59.953425
2.777700,59.954724
2.777800,59.955632
2.777900,59.956835
2.778000,59.958680
2.778100,59.960999
2.778200,59.962712
2.778300,59.965336
2.778400,59.966930
2.778500,59.969341
2.778600,59.971843
2.778700,59.972366
2.778800,59.973101
2.778900,59.972120
2.779000,59.970226
2.779100,59.968303
2.779200,59.966022
2.779300,59.959645
2.779400,59.952605
2.779500,59.945707
2.779600,59.938586
2.779700,59.929499
2.779800,59.919500
2.779900,59.909889
2.780000,59.898026
2.780100,59.888733
2.780200,59.878846
2.780300,59.874689
2.780400,59.875620
2.780500,59.879146
2.780600,59.888190
2.780700,59.902871
2.780800,59.918682
2.780900,59.929906
2.781000,59.941442
2.781100,59.952478
2.781200,59.964350
2.781300,59.976648
2.781400,59.990342
2.781500,59.998441
2.781600,60.003343
2.781700,60.000176
2.781800,59.998320
2.781900,59.994445
2.782000,59.990746
2.782100,59.988602
2.782200,59.987210
2.782300,59.986783
2.782400,59.987120
2.782500,59.988018
2.782600,59.989467
2.782700,59.990428
2.782800,59.991762
2.782900,59.992765
2.783000,59.993490
2.783100,59.993895
2.783200,59.993674
2.783300,59.992914
2.783400,59.992334
2.783500,59.991831
2.783600,59.990745
2.783700,59.989168
2.783800,59.988798
2.783900,59.988617
2.784000,59.987866
2.784100,59.987264
2.784200,59.986598
2.784300,59.986198
2.784400,59.985999
2.784500,59.986371
2.784600,59.985902
2.784700,59.985874
2.784800,59.986224
2.784900,59.986404
2.785000,59.986408
2.785100,59.987000
2.785200,59.987074
2.785300,59.987204
2.785400,59.987200
2.785500,59.987357
2.785600,59.987565
2.785700,59.988262
2.785800,59.988803
2.785900,59.989483
2.786000,59.990798
2.786100,59.991769
2.786200,59.993951
2.786300,59.996169
2.786400,59.997914
2.786500,60.000412
2.786600,60.002355
2.786700,60.005151
2.786800,60.007264
2.786900,60.009327
2.787000,60.009990
2.787100,60.010919
2.787200,60.012078
2.787300,60.010649
2.787400,60.008157
2.787500,60.005522
2.787600,60.001684
2.787700,59.995244
2.787800,59.989447
2.787900,59.983717
2.788000,59.975801
2.788100,59.968394
2.788200,59.958529
2.788300,59.948538
2.788400,59.935982
2.788500,59.928816
2.788600,59.924251
2.788700,59.921610
2.788800,59.923200
2.788900,59.933000
2.789000,59.947527
2.789100,59.963817
2.789200,59.980071
2.789300,59.992213
2.789400,60.004056
2.789500,60.017021
2.789600,60.029894
2.789700,60.042456
2.789800,60.050144
2.789900,60.055034
2.790000,60.055294
2.790100,60.053368
2.790200,60.050856
2.790300,60.048344
2.790400,60.046225
2.790500,60.045376
2.790600,60.045231
2.790700,60.045760
2.790800,60.046990
2.790900,60.048696
2.791000,60.050345
2.791100,60.051976
2.791200,60.053274
2.791300,60.053729
2.791400,60.054666
2.791500,60.054695
2.791600,60.054586
2.791700,60.053692
2.791800,60.052883
2.791900,60.051893
2.792000,60.051002
2.792100,60.050228
2.792200,60.049422
2.792300,60.048423
2.792400,60.047417
2.792500,60.046726
2.792600,60.046578
2.792700,60.045946
2.792800,60.045674
2.792900,60.045803
2.793000,60.045921
2.793100,60.045518
2.793200,60.045324
2.793300,60.045021
2.793400,60.044918
2.793500,60.045198
2.793600,60.045572
2.793700,60.045456
2.793800,60.045524
2.793900,60.045250
2.794000,60.045703
2.794100,60.046277
2.794200,60.047129
2.794300,60.047463
2.794400,60.048462
2.794500,60.048937
2.794600,60.051144
2.794700,60.052892
2.794800,60.054636
2.794900,60.057127
2.795000,60.059749
2.795100,60.061369
2.795200,60.062779
2.795300,60.063500
2.795400,60.062598
2.795500,60.062402
2.795600,60.062576
2.795700,60.058350
2.795800,60.053966
2.795900,60.047333
2.796000,60.040877
2.796100,60.034561
2.796200,60.028450
2.796300,60.020719
2.796400,60.013582
2.796500,60.006642
2.796600,59.997576
2.796700,59.987516
2.796800,59.976578
2.796900,59.962940
2.797000,59.952052
2.797100,59.941919
2.797200,59.940392
2.797300,59.942952
2.797400,59.946254
2.797500,59.956497
2.797600,59.971567
2.797700,59.983800
2.797800,59.993166
2.797900,60.006837
2.798000,60.015401
2.798100,60.019300
2.798200,60.021090
2.798300,60.020352
2.798400,60.016950
2.798500,60.014715
2.798600,60.012731
2.798700,60.011377
2.798800,60.010942
2.798900,60.011337
2.799000,60.012397
2.799100,60.014012
2.799200,60.016151
2.799300,60.018222
2.799400,60.019919
2.799500,60.021274
2.799600,60.022058
2.799700,60.021890
2.799800,60.021339
2.799900,60.020161
2.800000,60.019361
2.800100,60.018469
2.800200,60.017365
2.800300,60.016370
2.800400,60.015131
2.800500,60.014082
2.800600,60.013090
2.800700,60.012325
2.800800,60.011440
2.800900,60.011189
2.801000,60.010739
2.801100,60.010314
2.801200,60.009054
2.801300,60.008694
2.801400,60.008730
2.801500,60.008491
2.801600,60.008443
2.801700,60.008175
2.801800,60.007331
2.801900,60.007093
2.802000,60.006656
2.802100,60.006231
2.802200,60.007173
2.802300,60.007077
2.802400,60.007094
2.802500,60.007485
2.802600,60.008278
2.802700,60.009198
2.802800,60.010398
2.802900,60.010775
2.803000,60.013111
2.803100,60.015417
2.803200,60.016154
2.803300,60.018560
2.803400,60.020847
2.803500,60.023037
2.803600,60.023388
2.803700,60.023825
2.803800,60.021516
2.803900,60.021116
2.804000,60.018158
2.804100,60.013581
2.804200,60.009051
2.804300,60.002924
2.804400,59.996886
2.804500,59.989798
2.804600,59.983349
2.804700,59.976496
2.804800,59.969380
2.804900,59.962276
2.805000,59.954071
2.805100,59.942435
2.805200,59.930836
2.805300,59.916698
2.805400,59.908731
2.805500,59.905572
2.805600,59.908749
2.805700,59.913671
2.805800,59.919211
2.805900,59.929852
2.806000,59.940778
2.806100,59.954002
2.806200,59.964629
2.806300,59.972885
2.806400,59.979830
2.806500,59.981194
2.806600,59.979381
2.806700,59.977045
2.806800,59.973522
2.806900,59.971785
2.807000,59.969855
2.807100,59.968920
2.807200,59.968964
2.807300,59.969700
2.807400,59.971087
2.807500,59.972738
2.807600,59.974340
2.807700,59.976024
2.807800,59.977005
2.807900,59.978199
2.808000,59.978547
2.808100,59.977873
2.808200,59.976673
2.808300,59.975516
2.808400,59.974267
2.808500,59.973165
2.808600,59.971774
2.808700,59.970319
2.808800,59.969326
2.808900,59.968045
2.809000,59.966874
2.809100,59.966507
2.809200,59.965635
2.809300,59.964794
2.809400,59.964304
2.809500,59.964162
2.809600,59.963533
2.809700,59.963277
2.809800,59.963406
2.809900,59.963233
2.810000,59.963063
2.810100,59.962584
2.810200,59.962879
2.810300,59.962357
2.810400,59.961980
2.810500,59.961664
2.810600,59.962030
2.810700,59.962116
2.810800,59.962278
2.810900,59.962660
2.811000,59.964389
2.811100,59.965641
2.811200,59.966876
2.811300,59.968503
2.811400,59.970122
2.811500,59.972012
2.811600,59.974601
2.811700,59.976492
2.811800,59.978033
2.811900,59.978598
2.812000,59.979721
2.812100,59.979803
2.812200,59.979165
2.812300,59.978031
2.812400,59.975452
2.812500,59.970236
2.812600,59.969809
2.812700,59.968706
2.812800,59.967219
2.812900,59.965150
2.813000,59.962530
2.813100,59.959527
2.813200,59.956986
2.813300,59.954271
2.813400,59.951394
2.813500,59.947779
2.813600,59.945320
2.813700,59.944309
2.813800,59.943762
2.813900,59.944623
2.814000,59.945791
2.814100,59.948062
2.814200,59.951519
2.814300,59.956052
2.814400,59.961072
2.814500,59.966437
2.814600,59.972019
2.814700,59.976314
2.814800,59.981231
2.814900,59.984324
2.815000,59.986675
2.815100,59.987649
2.815200,59.988133
2.815300,59.986980
2.815400,59.985935
2.815500,59.984035
2.815600,59.982071
2.815700,59.980125
2.815800,59.978703
2.815900,59.977618
2.816000,59.976668
2.816100,59.976276
2.816200,59.975894
2.816300,59.975781
2.816400,59.975716
2.816500,59.975716
2.816600,59.975685
2.816700,59.975601
2.816800,59.975524
2.816900,59.975166
2.817000,59.975026
2.817100,59.974637
2.817200,59.974061
2.817300,59.973547
2.817400,59.973044
2.817500,59.972338
2.817600,59.971989
2.817700,59.971674
2.817800,59.970886
2.817900,59.970562
2.818000,59.970507
2.818100,59.970131
2.818200,59.969756
2.818300,59.969670
2.818400,59.969660
2.818500,59.969269
2.818600,59.969175
2.818700,59.968938
2.818800,59.968876
2.818900,59.969043
2.819000,59.969361
2.819100,59.969190
2.819200,59.970098
2.819300,59.970741
2.819400,59.971550
2.819500,59.972616
2.819600,59.974232
2.819700,59.975810
2.819800,59.977617
2.819900,59.979937
2.820000,59.982092
2.820100,59.984408
2.820200,59.986587
2.820300,59.988452
2.820400,59.989327
2.820500,59.990518
2.820600,59.991415
2.820700,59.991747
2.820800,59.990844
2.820900,59.989577
2.821000,59.986148
2.821100,59.983256
2.821200,59.978519
2.821300,59.972913
2.821400,59.967329
2.821500,59.961822
2.821600,59.955452
2.821700,59.950680
2.821800,59.946453
2.821900,59.944590
2.822000,59.942423
2.822100,59.943647
2.822200,59.946530
2.822300,59.950165
2.822400,59.956994
2.822500,59.966547
2.822600,59.979239
2.822700,59.990224
2.822800,60.002192
2.822900,60.014521
2.823000,60.025446
2.823100,60.034240
2.823200,60.040116
2.823300,60.043081
2.823400,60.044419
2.823500,60.045024
2.823600,60.042610
2.823700,60.040312
2.823800,60.037606
2.823900,60.035081
2.824000,60.033169
2.824100,60.031813
2.824200,60.031390
2.824300,60.031341
2.824400,60.031671
2.824500,60.032144
2.824600,60.032725
2.824700,60.033193
2.824800,60.033307
2.824900,60.033120
2.825000,60.032921
2.825100,60.032690
2.825200,60.032553
2.825300,60.031833
2.825400,60.030829
2.825500,60.030139
2.825600,60.029577
2.825700,60.028779
2.825800,60.028336
2.825900,60.027991
2.826000,60.027258
2.826100,60.026606
2.826200,60.026373
2.826300,60.026359
2.826400,60.026291
2.826500,60.025987
2.826600,60.025997
2.826700,60.026006
2.826800,60.025955
2.826900,60.026076
2.827000,60.025558
2.827100,60.025951
2.827200,60.026041
2.827300,60.026719
2.827400,60.027081
2.827500,60.028495
2.827600,60.028982
2.827700,60.030074
2.827800,60.031852
2.827900,60.034106
2.828000,60.036224
2.828100,60.038589
2.828200,60.041159
2.828300,60.044149
2.828400,60.046244
2.828500,60.047982
2.828600,60.050877
2.828700,60.052993
2.828800,60.053254
2.828900,60.054580
2.829000,60.052928
2.829100,60.050587
2.829200,60.048047
2.829300,60.044813
2.829400,60.039209
2.829500,60.031955
2.829600,60.023521
2.829700,60.014429
2.829800,60.004078
2.829900,59.995768
2.830000,59.986295
2.830100,59.979083
2.830200,59.972080
2.830300,59.968327
2.830400,59.968034
2.830500,59.969129
2.830600,59.973641
2.830700,59.982630
2.830800,59.996614
2.830900,60.010743
2.831000,60.027618
2.831100,60.039494
2.831200,60.054828
2.831300,60.068903
2.831400,60.073539
2.831500,60.079655
2.831600,60.079361
2.831700,60.079355
2.831800,60.077007
2.831900,60.074284
2.832000,60.070905
2.832100,60.068477
2.832200,60.066600
2.832300,60.065590
2.832400,60.065329
2.832500,60.065793
2.832600,60.066701
2.832700,60.067443
2.832800,60.068340
2.832900,60.069476
2.833000,60.070329
2.833100,60.070267
2.833200,60.070633
2.833300,60.069892
2.833400,60.069631
2.833500,60.068852
2.833600,60.067762
2.833700,60.066895
2.833800,60.065716
2.833900,60.064770
2.834000,60.063994
2.834100,60.063325
2.834200,60.062226
2.834300,60.061786
2.834400,60.061845
2.834500,60.061001
2.834600,60.060814
2.834700,60.060353
2.834800,60.060020
2.834900,60.059870
2.835000,60.059950
2.835100,60.059464
2.835200,60.059406
2.835300,60.059147
2.835400,60.059320
2.835500,60.059427
2.835600,60.059060
2.835700,60.058850
2.835800,60.059136
2.835900,60.059846
2.836000,60.061052
2.836100,60.062425
2.836200,60.063928
2.836300,60.065438
2.836400,60.067671
2.836500,60.069208
2.836600,60.071196
2.836700,60.072902
2.836800,60.073989
2.836900,60.076794
2.837000,60.078458
2.837100,60.079086
2.837200,60.078417
2.837300,60.076881
2.837400,60.074145
2.837500,60.068146
2.837600,60.062741
2.837700,60.055680
2.837800,60.047815
2.837900,60.038832
2.838000,60.028944
2.838100,60.020287
2.838200,60.009463
2.838300,59.999029
2.838400,59.986926
2.838500,59.973739
2.838600,59.962064
2.838700,59.954129
2.838800,59.949883
2.838900,59.949057
2.839000,59.954614
2.839100,59.962234
2.839200,59.971994
2.839300,59.983451
2.839400,59.993078
2.839500,60.003786
2.839600,60.012985
2.839700,60.020343
2.839800,60.023755
2.839900,60.023140
2.840000,60.022055
2.840100,60.019706
2.840200,60.017403
2.840300,60.014557
2.840400,60.012509
2.840500,60.011343
2.840600,60.010979
2.840700,60.011399
2.840800,60.012233
2.840900,60.013819
2.841000,60.015237
2.841100,60.016308
2.841200,60.017223
2.841300,60.017931
2.841400,60.018306
2.841500,60.018128
2.841600,60.016802
2.841700,60.016141
2.841800,60.014290
2.841900,60.013288
2.842000,60.011937
2.842100,60.011008
2.842200,60.009814
2.842300,60.008905
2.842400,60.008034
2.842500,60.007503
2.842600,60.006876
2.842700,60.006249
2.842800,60.005894
2.842900,60.005038
2.843000,60.004137
2.843100,60.004397
2.843200,60.004384
2.843300,60.004059
2.843400,60.003765
2.843500,60.004390
2.843600,60.004362
2.843700,60.003881
2.843800,60.003991
2.843900,60.004029
2.844000,60.003729
2.844100,60.003283
2.844200,60.003268
2.844300,60.004404
2.844400,60.005053
2.844500,60.005736
2.844600,60.006895
2.844700,60.008257
2.844800,60.009589
2.844900,60.010929
2.845000,60.012991
2.845100,60.014346
2.845200,60.015880
2.845300,60.016824
2.845400,60.016928
2.845500,60.017406
2.845600,60.015904
2.845700,60.012219
2.845800,60.008542
2.845900,60.002690
2.846000,59.996899
2.846100,59.989739
2.846200,59.981877
2.846300,59.974949
2.846400,59.968109
2.846500,59.961132
2.846600,59.953213
2.846700,59.944177
2.846800,59.930491
2.846900,59.916673
2.847000,59.903765
2.847100,59.894561
2.847200,59.890203
2.847300,59.890460
2.847400,59.897818
2.847500,59.903152
2.847600,59.915188
2.847700,59.930386
2.847800,59.943126
2.847900,59.953050
2.848000,59.960596
2.848100,59.961976
2.848200,59.966051
2.848300,59.964104
2.848400,59.961326
2.848500,59.959360
2.848600,59.957116
2.848700,59.954697
2.848800,59.953384
2.848900,59.952980
2.849000,59.953400
2.849100,59.954401
2.849200,59.955607
2.849300,59.957290
2.849400,59.958635
2.849500,59.959674
2.849600,59.959898
2.849700,59.960237
2.849800,59.959997
2.849900,59.958504
2.850000,59.957548
2.850100,59.956121
2.850200,59.954604
2.850300,59.953320
2.850400,59.952391
2.850500,59.951057
2.850600,59.950604
2.850700,59.949695
2.850800,59.949123
2.850900,59.948634
2.851000,59.947437
2.851100,59.946794
2.851200,59.947027
2.851300,59.946677
2.851400,59.946545
2.851500,59.945866
2.851600,59.945812
2.851700,59.945108
2.851800,59.944081
2.851900,59.943360
2.852000,59.942826
2.852100,59.942997
2.852200,59.943097
2.852300,59.943240
2.852400,59.943447
2.852500,59.943949
2.852600,59.945951
2.852700,59.946997
2.852800,59.947857
2.852900,59.949114
2.853000,59.951177
2.853100,59.952431
2.853200,59.954571
2.853300,59.956822
2.853400,59.958967
2.853500,59.960866
2.853600,59.962185
2.853700,59.963502
2.853800,59.962536
2.853900,59.961807
2.854000,59.959901
2.854100,59.955216
2.854200,59.949743
2.854300,59.942519
2.854400,59.935184
2.854500,59.927996
2.854600,59.920427
2.854700,59.911588
2.854800,59.901349
2.854900,59.891656
2.855000,59.880021
2.855100,59.868010
2.855200,59.856468
2.855300,59.851467
2.855400,59.849470
2.855500,59.847984
2.855600,59.850966
2.855700,59.861861
2.855800,59.874426
2.855900,59.891554
2.856000,59.906384
2.856100,59.919216
2.856200,59.932389
2.856300,59.943375
2.856400,59.950998
2.856500,59.955274
2.856600,59.956737
2.856700,59.955021
2.856800,59.952533
2.856900,59.950631
2.857000,59.948404
2.857100,59.946728
2.857200,59.946068
2.857300,59.946192
2.857400,59.947035
2.857500,59.948375
2.857600,59.950227
2.857700,59.952194
2.857800,59.953895
2.857900,59.955194
2.858000,59.956066
2.858100,59.955646
2.858200,59.955012
2.858300,59.954238
2.858400,59.953254
2.858500,59.952274
2.858600,59.951228
2.858700,59.950398
2.858800,59.949799
2.858900,59.949181
2.859000,59.947572
2.859100,59.947006
2.859200,59.946523
2.859300,59.945896
2.859400,59.945765
2.859500,59.945460
2.859600,59.945496
2.859700,59.945422
2.859800,59.945500
2.859900,59.945528
2.860000,59.945446
2.860100,59.945661
2.860200,59.945497
2.860300,59.945561
2.860400,59.945578
2.860500,59.945934
2.860600,59.946537
2.860700,59.947264
2.860800,59.947691
2.860900,59.948158
2.861000,59.949363
2.861100,59.951002
2.861200,59.952903
2.861300,59.954736
2.861400,59.956020
2.861500,59.958212
2.861600,59.961043
2.861700,59.963621
2.861800,59.965390
2.861900,59.967294
2.862000,59.969345
2.862100,59.968929
2.862200,59.968681
2.862300,59.967049
2.862400,59.965891
2.862500,59.961184
2.862600,59.955334
2.862700,59.949723
2.862800,59.942640
2.862900,59.935276
2.863000,59.926241
2.863100,59.916492
2.863200,59.906482
2.863300,59.895693
2.863400,59.885549
2.863500,59.877803
2.863600,59.877998
2.863700,59.876787
2.863800,59.882764
2.863900,59.894792
2.864000,59.909149
2.864100,59.925172
2.864200,59.938431
2.864300,59.952099
2.864400,59.965444
2.864500,59.978815
2.864600,59.991193
2.864700,60.003826
2.864800,60.014659
2.864900,60.019513
2.865000,60.021628
2.865100,60.019076
2.865200,60.016751
2.865300,60.013558
2.865400,60.011138
2.865500,60.009722
2.865600,60.009142
2.865700,60.009290
2.865800,60.010098
2.865900,60.011329
2.866000,60.012616
2.866100,60.014567
2.866200,60.015844
2.866300,60.016461
2.866400,60.017447
2.866500,60.017920
2.866600,60.018172
2.866700,60.017589
2.866800,60.016373
2.866900,60.015397
2.867000,60.014382
2.867100,60.014081
2.867200,60.013348
2.867300,60.012917
2.867400,60.012285
2.867500,60.011619
2.867600,60.010778
2.867700,60.010829
2.867800,60.010798
2.867900,60.010766
2.868000,60.010954
2.868100,60.010779
2.868200,60.010830
2.868300,60.010875
2.868400,60.010801
2.868500,60.011012
2.868600,60.011637
2.868700,60.011711
2.868800,60.011690
2.868900,60.012176
2.869000,60.012619
2.869100,60.013190
2.869200,60.013875
2.869300,60.015156
2.869400,60.016000
2.869500,60.017734
2.869600,60.018811
2.869700,60.021320
2.869800,60.023866
2.869900,60.026255
2.870000,60.028586
2.870100,60.030675
2.870200,60.032982
2.870300,60.035253
2.870400,60.036146
2.870500,60.036617
2.870600,60.035970
2.870700,60.034258
2.870800,60.031960
2.870900,60.029130
2.871000,60.022408
2.871100,60.015971
2.871200,60.007660
2.871300,60.000570
2.871400,59.991835
2.871500,59.983111
2.871600,59.972566
2.871700,59.961397
2.871800,59.949745
2.871900,59.944251
2.872000,59.941794
2.872100,59.944218
2.872200,59.956302
2.872300,59.964548
2.872400,59.978654
2.872500,59.990720
2.872600,60.003953
2.872700,60.016025
2.872800,60.028784
2.872900,60.041874
2.873000,60.056581
2.873100,60.063695
2.873200,60.067222
2.873300,60.069768
2.873400,60.068580
2.873500,60.065046
2.873600,60.061683
2.873700,60.059413
2.873800,60.057779
2.873900,60.056993
2.874000,60.057077
2.874100,60.057843
2.874200,60.059156
2.874300,60.060909
2.874400,60.062801
2.874500,60.064264
2.874600,60.064862
2.874700,60.065318
2.874800,60.065629
2.874900,60.064972
2.875000,60.064258
2.875100,60.062583
2.875200,60.061402
2.875300,60.060456
2.875400,60.059551
2.875500,60.058401
2.875600,60.057385
2.875700,60.056563
2.875800,60.056722
2.875900,60.056562
2.876000,60.055957
2.876100,60.055538
2.876200,60.055844
2.876300,60.055942
2.876400,60.055652
2.876500,60.055907
2.876600,60.056146
2.876700,60.056052
2.876800,60.056506
2.876900,60.056444
2.877000,60.056246
2.877100,60.056781
2.877200,60.056123
2.877300,60.056319
2.877400,60.056734
2.877500,60.057023
2.877600,60.057298
2.877700,60.057624
2.877800,60.059241
2.877900,60.060419
2.878000,60.062113
2.878100,60.065237
2.878200,60.067384
2.878300,60.069554
2.878400,60.070894
2.878500,60.073144
2.878600,60.074859
2.878700,60.074497
2.878800,60.076426
2.878900,60.076852
2.879000,60.073712
2.879100,60.070195
2.879200,60.064405
2.879300,60.057151
2.879400,60.050339
2.879500,60.043668
2.879600,60.035740
2.879700,60.029169
2.879800,60.020566
2.879900,60.011498
2.880000,60.002653
2.880100,59.992519
2.880200,59.978305
2.880300,59.967225
2.880400,59.953668
2.880500,59.949825
2.880600,59.952672
2.880700,59.958579
2.880800,59.974007
2.880900,59.985118
2.881000,60.001218
2.881100,60.015669
2.881200,60.029930
2.881300,60.036445
2.881400,60.043591
2.881500,60.047483
2.881600,60.047605
2.881700,60.045041
2.881800,60.040846
2.881900,60.037949
2.882000,60.036305
2.882100,60.035498
2.882200,60.035567
2.882300,60.036326
2.882400,60.037704
2.882500,60.039481
2.882600,60.041207
2.882700,60.042570
2.882800,60.043785
2.882900,60.044733
2.883000,60.045595
2.883100,60.045921
2.883200,60.045949
2.883300,60.044825
2.883400,60.043457
2.883500,60.041999
2.883600,60.040645
2.883700,60.039483
2.883800,60.038145
2.883900,60.036928
2.884000,60.036385
2.884100,60.035421
2.884200,60.034854
2.884300,60.034256
2.884400,60.033940
2.884500,60.033550
2.884600,60.033815
2.884700,60.033327
2.884800,60.033048
2.884900,60.032775
2.885000,60.032387
2.885100,60.032179
2.885200,60.031466
2.885300,60.031088
2.885400,60.031335
2.885500,60.031660
2.885600,60.031500
2.885700,60.031179
2.885800,60.031346
2.885900,60.031532
2.886000,60.033157
2.886100,60.034373
2.886200,60.035562
2.886300,60.037688
2.886400,60.039985
2.886500,60.041173
2.886600,60.042938
2.886700,60.045596
2.886800,60.046612
2.886900,60.047467
2.887000,60.046212
2.887100,60.045463
2.887200,60.044364
2.887300,60.040940
2.887400,60.035884
2.887500,60.030313
2.887600,60.023541
2.887700,60.016905
2.887800,60.010081
2.887900,60.002412
2.888000,59.996624
2.888100,59.989785
2.888200,59.981725
2.888300,59.972114
2.888400,59.961313
2.888500,59.948734
2.888600,59.935867
2.888700,59.921447
2.888800,59.916444
2.888900,59.913231
2.889000,59.915848
2.889100,59.922147
2.889200,59.930292
2.889300,59.940445
2.889400,59.951778
2.889500,59.960461
2.889600,59.967247
2.889700,59.971473
2.889800,59.974916
2.889900,59.976815
2.890000,59.974276
2.890100,59.970677
2.890200,59.968574
2.890300,59.966211
2.890400,59.964953
2.890500,59.964741
2.890600,59.965326
2.890700,59.966476
2.890800,59.967998
2.890900,59.969729
2.891000,59.971486
2.891100,59.972741
2.891200,59.973361
2.891300,59.972852
2.891400,59.972402
2.891500,59.971911
2.891600,59.971242
2.891700,59.970728
2.891800,59.969163
2.891900,59.967286
2.892000,59.965696
2.892100,59.965060
2.892200,59.963981
2.892300,59.963222
2.892400,59.962580
2.892500,59.962327
2.892600,59.961736
2.892700,59.960928
2.892800,59.960479
2.892900,59.960280
2.893000,59.959882
2.893100,59.959369
2.893200,59.958977
2.893300,59.958802
2.893400,59.958050
2.893500,59.957872
2.893600,59.957600
2.893700,59.957308
2.893800,59.956580
2.893900,59.957465
2.894000,59.957946
2.894100,59.958124
2.894200,59.959325
2.894300,59.959418
2.894400,59.959943
2.894500,59.961216
2.894600,59.962788
2.894700,59.964654
2.894800,59.966493
2.894900,59.968430
2.895000,59.969527
2.895100,59.971841
2.895200,59.973162
2.895300,59.973853
2.895400,59.974428
2.895500,59.974931
2.895600,59.971587
2.895700,59.969733
2.895800,59.965194
2.895900,59.959784
2.896000,59.953213
2.896100,59.946138
2.896200,59.939474
2.896300,59.931599
2.896400,59.924044
2.896500,59.915536
2.896600,59.906068
2.896700,59.896360
2.896800,59.884081
2.896900,59.873098
2.897000,59.866994
2.897100,59.862937
2.897200,59.864672
2.897300,59.874553
2.897400,59.885798
2.897500,59.902952
2.897600,59.916308
2.897700,59.932194
2.897800,59.944388
2.897900,59.956008
2.898000,59.964404
2.898100,59.970728
2.898200,59.971981
2.898300,59.970494
2.898400,59.969035
2.898500,59.965398
2.898600,59.963801
2.898700,59.962370
2.898800,59.961864
2.898900,59.962156
2.899000,59.963156
2.899100,59.964740
2.899200,59.966796
2.899300,59.968453
2.899400,59.969903
2.899500,59.970770
2.899600,59.971831
2.899700,59.972155
2.899800,59.971906
2.899900,59.971518
2.900000,59.970797
2.900100,59.969037
2.900200,59.967961
2.900300,59.966999
2.900400,59.966148
2.900500,59.964972
2.900600,59.964698
2.900700,59.964057
2.900800,59.963723
2.900900,59.963411
2.901000,59.962908
2.901100,59.962377
2.901200,59.962420
2.901300,59.962159
2.901400,59.962138
2.901500,59.962025
2.901600,59.962018
2.901700,59.961434
2.901800,59.961624
2.901900,59.961534
2.902000,59.961606
2.902100,59.961333
2.902200,59.962001
2.902300,59.962735
2.902400,59.963063
2.902500,59.963849
2.902600,59.964277
2.902700,59.964410
2.902800,59.966082
2.902900,59.968259
2.903000,59.970472
2.903100,59.972005
2.903200,59.973842
2.903300,59.976421
2.903400,59.979113
2.903500,59.982163
2.903600,59.983192
2.903700,59.984930
2.903800,59.983995
2.903900,59.983006
2.904000,59.982363
2.904100,59.981638
2.904200,59.979034
2.904300,59.974425
2.904400,59.967538
2.904500,59.960091
2.904600,59.953045
2.904700,59.945996
2.904800,59.937610
2.904900,59.928717
2.905000,59.916996
2.905100,59.905413
2.905200,59.896829
2.905300,59.889429
2.905400,59.891922
2.905500,59.894203
2.905600,59.907810
2.905700,59.925067
2.905800,59.941877
2.905900,59.952848
2.906000,59.967114
2.906100,59.980152
2.906200,59.993232
2.906300,60.007758
2.906400,60.018665
2.906500,60.024480
2.906600,60.026884
2.906700,60.026914
2.906800,60.026021
2.906900,60.023617
2.907000,60.020731
2.907100,60.019493
2.907200,60.018913
2.907300,60.019158
2.907400,60.020015
2.907500,60.021436
2.907600,60.023433
2.907700,60.025506
2.907800,60.027591
2.907900,60.028730
2.908000,60.029280
2.908100,60.029376
2.908200,60.029291
2.908300,60.028916
2.908400,60.028293
2.908500,60.026829
2.908600,60.025797
2.908700,60.025137
2.908800,60.024270
2.908900,60.023579
2.909000,60.023293
2.909100,60.022640
2.909200,60.022256
2.909300,60.022516
2.909400,60.021897
2.909500,60.021938
2.909600,60.021745
2.909700,60.021238
2.909800,60.021826
2.909900,60.021502
2.910000,60.021455
2.910100,60.021006
2.910200,60.020841
2.910300,60.021333
2.910400,60.022370
2.910500,60.022706
2.910600,60.023077
2.910700,60.023388
2.910800,60.024454
2.910900,60.025128
2.911000,60.026361
2.911100,60.028345
2.911200,60.030878
2.911300,60.032119
2.911400,60.034603
2.911500,60.036342
2.911600,60.038011
2.911700,60.040658
2.911800,60.042906
2.911900,60.044091
2.912000,60.044957
2.912100,60.046477
2.912200,60.046024
2.912300,60.045702
2.912400,60.042116
2.912500,60.038627
2.912600,60.034341
2.912700,60.028875
2.912800,60.021909
2.912900,60.015273
2.913000,60.008330
2.913100,59.999258
2.913200,59.989759
2.913300,59.978076
2.913400,59.967840
2.913500,59.955362
2.913600,59.947939
2.913700,59.948850
2.913800,59.950582
2.913900,59.961050
2.914000,59.974602
2.914100,59.987836
2.914200,60.001501
2.914300,60.014495
2.914400,60.027363
2.914500,60.043002
2.914600,60.057619
2.914700,60.068275
2.914800,60.074396
2.914900,60.076543
2.915000,60.076478
2.915100,60.073861
2.915200,60.070551
2.915300,60.068411
2.915400,60.067074
2.915500,60.066517
2.915600,60.066593
2.915700,60.067243
2.915800,60.068466
2.915900,60.070312
2.916000,60.072261
2.916100,60.073699
2.916200,60.074492
2.916300,60.075656
2.916400,60.076582
2.916500,60.076649
2.916600,60.075657
2.916700,60.074672
2.916800,60.074050
2.916900,60.073761
2.917000,60.072852
2.917100,60.072400
2.917200,60.071311
2.917300,60.070671
2.917400,60.069981
2.917500,60.070085
2.917600,60.069803
2.917700,60.069495
2.917800,60.069363
2.917900,60.068433
2.918000,60.068731
2.918100,60.068919
2.918200,60.068710
2.918300,60.068396
2.918400,60.068217
2.918500,60.068104
2.918600,60.067427
2.918700,60.068061
2.918800,60.068133
2.918900,60.068206
2.919000,60.068029
2.919100,60.069126
2.919200,60.069910
2.919300,60.070831
2.919400,60.071589
2.919500,60.073338
2.919600,60.074961
2.919700,60.076949
2.919800,60.078351
2.919900,60.080550
2.920000,60.082551
2.920100,60.084857
2.920200,60.086481
2.920300,60.087808
2.920400,60.087279
2.920500,60.087487
2.920600,60.085237
2.920700,60.081574
2.920800,60.078107
2.920900,60.073337
2.921000,60.066318
2.921100,60.060422
2.921200,60.053820
2.921300,60.046973
2.921400,60.039868
2.921500,60.032377
2.921600,60.023520
2.921700,60.012375
2.921800,60.001427
2.921900,59.988488
2.922000,59.974641
2.922100,59.965779
2.922200,59.963841
2.922300,59.965463
2.922400,59.972467
2.922500,59.983718
2.922600,59.998869
2.922700,60.011126
2.922800,60.024586
2.922900,60.034498
2.923000,60.042362
2.923100,60.045819
2.923200,60.047673
2.923300,60.045787
2.923400,60.043734
2.923500,60.040136
2.923600,60.038184
2.923700,60.037039
2.923800,60.036909
2.923900,60.037543
2.924000,60.038935
2.924100,60.040616
2.924200,60.042408
2.924300,60.044832
2.924400,60.047280
2.924500,60.048780
2.924600,60.048439
2.924700,60.048507
2.924800,60.048469
2.924900,60.047144
2.925000,60.045904
2.925100,60.044626
2.925200,60.043780
2.925300,60.042235
2.925400,60.040941
2.925500,60.039871
2.925600,60.039040
2.925700,60.037729
2.925800,60.036941
2.925900,60.036733
2.926000,60.035918
2.926100,60.035803
2.926200,60.035543
2.926300,60.035108
2.926400,60.034247
2.926500,60.034315
2.926600,60.034204
2.926700,60.033967
2.926800,60.034574
2.926900,60.033945
2.927000,60.033328
2.927100,60.033611
2.927200,60.033546
2.927300,60.033626
2.927400,60.033363
2.927500,60.033779
2.927600,60.034478
2.927700,60.035798
2.927800,60.036374
2.927900,60.037816
2.928000,60.038732
2.928100,60.039861
2.928200,60.042173
2.928300,60.044170
2.928400,60.045664
2.928500,60.048025
2.928600,60.049887
2.928700,60.050134
2.928800,60.049372
2.928900,60.048252
2.929000,60.045471
2.929100,60.041823
2.929200,60.035875
2.929300,60.028837
2.929400,60.023426
2.929500,60.017561
2.929600,60.011422
2.929700,60.004483
2.929800,59.997743
2.929900,59.990367
2.930000,59.982270
2.930100,59.972763
2.930200,59.961610
2.930300,59.946581
2.930400,59.935508
2.930500,59.927995
2.930600,59.924733
2.930700,59.925372
2.930800,59.930552
2.930900,59.939752
2.931000,59.949108
2.931100,59.961985
2.931200,59.970069
2.931300,59.980067
2.931400,59.985479
2.931500,59.988663
2.931600,59.987780
2.931700,59.985351
2.931800,59.982327
2.931900,59.979545
2.932000,59.977824
2.932100,59.977028
2.932200,59.977114
2.932300,59.977901
2.932400,59.979225
2.932500,59.980958
2.932600,59.983003
2.932700,59.984519
2.932800,59.985775
2.932900,59.986337
2.933000,59.986146
2.933100,59.985616
2.933200,59.984865
2.933300,59.984034
2.933400,59.982469
2.933500,59.980949
2.933600,59.979490
2.933700,59.978043
2.933800,59.976976
2.933900,59.975637
2.934000,59.974924
2.934100,59.973867
2.934200,59.972965
2.934300,59.972516
2.934400,59.972203
2.934500,59.971976
2.934600,59.971506
2.934700,59.970877
2.934800,59.970160
2.934900,59.969955
2.935000,59.969565
2.935100,59.968957
2.935200,59.968017
2.935300,59.968124
2.935400,59.967762
2.935500,59.967255
2.935600,59.967354
2.935700,59.967988
2.935800,59.968251
2.935900,59.968721
2.936000,59.969860
2.936100,59.970811
2.936200,59.972759
2.936300,59.974340
2.936400,59.976270
2.936500,59.977978
2.936600,59.979156
2.936700,59.981005
2.936800,59.982469
2.936900,59.984368
2.937000,59.985130
2.937100,59.985020
2.937200,59.983150
2.937300,59.980521
2.937400,59.975798
2.937500,59.969517
2.937600,59.963926
2.937700,59.956254
2.937800,59.948875
2.937900,59.940899
2.938000,59.933111
2.938100,59.925172
2.938200,59.914630
2.938300,59.902458
2.938400,59.890340
2.938500,59.875856
2.938600,59.863062
2.938700,59.851044
2.938800,59.851682
2.938900,59.857586
2.939000,59.866370
2.939100,59.876667
2.939200,59.893631
2.939300,59.910330
2.939400,59.922534
2.939500,59.936661
2.939600,59.947627
2.939700,59.950419
2.939800,59.953481
2.939900,59.954219
2.940000,59.951590
2.940100,59.947542
2.940200,59.944827
2.940300,59.942233
2.940400,59.941320
2.940500,59.940852
2.940600,59.941181
2.940700,59.942092
2.940800,59.943725
2.940900,59.945490
2.941000,59.947379
2.941100,59.949546
2.941200,59.950232
2.941300,59.950948
2.941400,59.951257
2.941500,59.950820
2.941600,59.950441
2.941700,59.949539
2.941800,59.948090
2.941900,59.946552
2.942000,59.947214
2.942100,59.946110
2.942200,59.944953
2.942300,59.943932
2.942400,59.942971
2.942500,59.941896
2.942600,59.941657
2.942700,59.941119
2.942800,59.940381
2.942900,59.940108
2.943000,59.940426
2.943100,59.940120
2.943200,59.939897
2.943300,59.939387
2.943400,59.939093
2.943500,59.938435
2.943600,59.938382
2.943700,59.938613
2.943800,59.938531
2.943900,59.938893
2.944000,59.939046
2.944100,59.939509
2.944200,59.940410
2.944300,59.941249
2.944400,59.942085
2.944500,59.943790
2.944600,59.945070
2.944700,59.947315
2.944800,59.948928
2.944900,59.951224
2.945000,59.953212
2.945100,59.954695
2.945200,59.956371
2.945300,59.958408
2.945400,59.960220
2.945500,59.960749
2.945600,59.960187
2.945700,59.959398
2.945800,59.958078
2.945900,59.954136
2.946000,59.949736
2.946100,59.942752
2.946200,59.936211
2.946300,59.928455
2.946400,59.920493
2.946500,59.911995
2.946600,59.901618
2.946700,59.894493
2.946800,59.888729
2.946900,59.883962
2.947000,59.882501
2.947100,59.887696
2.947200,59.896337
2.947300,59.910359
2.947400,59.925825
2.947500,59.941509
2.947600,59.955748
2.947700,59.968722
2.947800,59.982964
2.947900,59.996785
2.948000,60.009169
2.948100,60.016226
2.948200,60.019963
2.948300,60.020236
2.948400,60.019322
2.948500,60.016162
2.948600,60.014067
2.948700,60.011427
2.948800,60.009634
2.948900,60.008858
2.949000,60.008892
2.949100,60.009570
2.949200,60.010789
2.949300,60.012435
2.949400,60.013831
2.949500,60.014972
2.949600,60.015285
2.949700,60.015632
2.949800,60.015771
2.949900,60.015758
2.950000,60.014784
2.950100,60.014143
2.950200,60.013019
2.950300,60.012456
2.950400,60.011118
2.950500,60.010298
2.950600,60.009363
2.950700,60.008536
2.950800,60.008271
2.950900,60.008232
2.951000,60.008334
2.951100,60.007970
2.951200,60.007678
2.951300,60.007148
2.951400,60.007227
2.951500,60.007462
2.951600,60.007861
2.951700,60.007702
2.951800,60.007792
2.951900,60.008825
2.952000,60.008813
2.952100,60.009394
2.952200,60.009567
2.952300,60.010010
2.952400,60.011035
2.952500,60.012202
2.952600,60.012880
2.952700,60.013762
2.952800,60.015220
2.952900,60.016671
2.953000,60.018721
2.953100,60.020732
2.953200,60.022235
2.953300,60.023401
2.953400,60.025762
2.953500,60.027892
2.953600,60.030001
2.953700,60.031129
2.953800,60.031973
2.953900,60.032850
2.954000,60.033311
2.954100,60.031074
2.954200,60.026915
2.954300,60.021597
2.954400,60.015436
2.954500,60.008227
2.954600,60.000032
2.954700,59.991486
2.954800,59.982629
2.954900,59.973561
2.955000,59.962020
2.955100,59.951384
2.955200,59.945169
2.955300,59.941755
2.955400,59.939684
2.955500,59.944558
2.955600,59.953978
2.955700,59.970197
2.955800,59.985259
2.955900,59.999838
2.956000,60.013067
2.956100,60.029163
2.956200,60.041041
2.956300,60.053876
2.956400,60.064681
2.956500,60.069035
2.956600,60.071378
2.956700,60.070152
2.956800,60.067354
2.956900,60.064869
2.957000,60.062038
2.957100,60.060593
2.957200,60.060060
2.957300,60.060245
2.957400,60.061062
2.957500,60.062468
2.957600,60.063895
2.957700,60.065359
2.957800,60.067458
2.957900,60.067911
2.958000,60.068885
2.958100,60.069340
2.958200,60.068477
2.958300,60.067896
2.958400,60.066690
2.958500,60.065899
2.958600,60.065364
2.958700,60.064568
2.958800,60.063839
2.958900,60.063158
2.959000,60.062899
2.959100,60.062530
2.959200,60.061996
2.959300,60.061726
2.959400,60.061136
2.959500,60.061003
2.959600,60.060367
2.959700,60.060417
2.959800,60.060561
2.959900,60.060281
2.960000,60.060506
2.960100,60.060581
2.960200,60.060090
2.960300,60.060305
2.960400,60.060144
2.960500,60.060619
2.960600,60.061301
2.960700,60.061788
2.960800,60.062712
2.960900,60.062663
2.961000,60.063580
2.961100,60.064864
2.961200,60.066408
2.961300,60.069091
2.961400,60.070373
2.961500,60.071855
2.961600,60.073791
2.961700,60.074901
2.961800,60.077118
2.961900,60.078477
2.962000,60.080044
2.962100,60.079700
2.962200,60.079377
2.962300,60.078060
2.962400,60.075736
2.962500,60.070852
2.962600,60.064526
2.962700,60.058093
2.962800,60.051265
2.962900,60.044342
2.963000,60.037598
2.963100,60.029598
2.963200,60.021128
2.963300,60.010471
2.963400,60.000430
2.963500,59.987668
2.963600,59.976377
2.963700,59.967878
2.963800,59.967859
2.963900,59.967498
2.964000,59.974343
2.964100,59.983499
2.964200,59.996942
2.964300,60.010551
2.964400,60.024829
2.964500,60.038688
2.964600,60.048573
2.964700,60.053762
2.964800,60.055170
2.964900,60.055781
2.965000,60.055157
2.965100,60.052761
2.965200,60.050440
2.965300,60.048487
2.965400,60.047571
2.965500,60.047585
2.965600,60.048291
2.965700,60.049623
2.965800,60.051604
2.965900,60.053705
2.966000,60.055553
2.966100,60.056812
2.966200,60.057586
2.966300,60.057995
2.966400,60.058269
2.966500,60.057878
2.966600,60.057039
2.966700,60.055880
2.966800,60.055335
2.966900,60.054199
2.967000,60.052992
2.967100,60.051759
2.967200,60.050684
2.967300,60.050201
2.967400,60.049609
2.967500,60.049174
2.967600,60.048090
2.967700,60.047613
2.967800,60.047298
2.967900,60.047438
2.968000,60.046801
2.968100,60.046540
2.968200,60.046542
2.968300,60.046700
2.968400,60.046753
2.968500,60.046281
2.968600,60.045906
2.968700,60.046612
2.968800,60.046075
2.968900,60.046080
2.969000,60.046130
2.969100,60.045800
2.969200,60.046566
2.969300,60.046998
2.969400,60.048251
2.969500,60.049125
2.969600,60.050512
2.969700,60.051520
2.969800,60.054027
2.969900,60.055646
2.970000,60.056674
2.970100,60.058504
2.970200,60.059948
2.970300,60.061051
2.970400,60.060927
2.970500,60.059961
2.970600,60.057450
2.970700,60.053457
2.970800,60.048878
2.970900,60.042690
2.971000,60.035895
2.971100,60.029746
2.971200,60.023550
2.971300,60.017257
2.971400,60.010792
2.971500,60.004016
2.971600,59.994688
2.971700,59.985180
2.971800,59.974149
2.971900,59.963291
2.972000,59.949532
2.972100,59.939322
2.972200,59.931642
2.972300,59.929248
2.972400,59.931826
2.972500,59.940260
2.972600,59.945354
2.972700,59.959021
2.972800,59.966267
2.972900,59.975982
2.973000,59.980076
2.973100,59.982625
2.973200,59.983719
2.973300,59.984495
2.973400,59.982105
2.973500,59.979410
2.973600,59.976901
2.973700,59.975985
2.973800,59.975682
2.973900,59.976099
2.974000,59.977143
2.974100,59.978828
2.974200,59.980477
2.974300,59.981578
2.974400,59.983352
2.974500,59.983961
2.974600,59.985046
2.974700,59.984841
2.974800,59.984218
2.974900,59.982869
2.975000,59.982039
2.975100,59.980652
2.975200,59.979394
2.975300,59.978411
2.975400,59.977042
2.975500,59.976123
2.975600,59.974632
2.975700,59.973136
2.975800,59.972414
2.975900,59.972013
2.976000,59.971230
2.976100,59.970639
2.976200,59.970175
2.976300,59.970516
2.976400,59.970828
2.976500,59.970559
2.976600,59.970503
2.976700,59.969691
2.976800,59.970026
2.976900,59.969670
2.977000,59.969244
2.977100,59.969122
2.977200,59.968503
2.977300,59.968672
2.977400,59.968722
2.977500,59.968825
2.977600,59.969119
2.977700,59.970382
2.977800,59.970689
2.977900,59.971654
2.978000,59.972897
2.978100,59.975205
2.978200,59.976731
2.978300,59.978592
2.978400,59.980187
2.978500,59.981498
2.978600,59.982519
2.978700,59.982779
2.978800,59.982471
2.978900,59.980020
2.979000,59.976548
2.979100,59.973038
2.979200,59.966584
2.979300,59.959601
2.979400,59.951751
2.979500,59.945970
2.979600,59.939117
2.979700,59.931987
2.979800,59.924245
2.979900,59.915093
2.980000,59.903616
2.980100,59.889564
2.980200,59.875668
2.980300,59.861334
2.980400,59.859427
2.980500,59.851859
2.980600,59.853838
2.980700,59.862666
2.980800,59.876053
2.980900,59.890997
2.981000,59.907543
2.981100,59.923547
2.981200,59.933465
2.981300,59.942435
2.981400,59.949736
2.981500,59.951893
2.981600,59.951287
2.981700,59.949918
2.981800,59.945932
2.981900,59.942778
2.982000,59.941130
2.982100,59.940350
2.982200,59.940324
2.982300,59.941024
2.982400,59.942328
2.982500,59.944052
2.982600,59.946124
2.982700,59.948099
2.982800,59.949758
2.982900,59.950393
2.983000,59.951124
2.983100,59.951274
2.983200,59.950857
2.983300,59.950523
2.983400,59.949496
2.983500,59.948232
2.983600,59.947120
2.983700,59.945844
2.983800,59.944820
2.983900,59.943661
2.984000,59.942335
2.984100,59.941728
2.984200,59.941484
2.984300,59.941089
2.984400,59.940899
2.984500,59.940687
2.984600,59.939963
2.984700,59.940175
2.984800,59.940313
2.984900,59.940520
2.985000,59.940168
2.985100,59.939934
2.985200,59.939610
2.985300,59.939763
2.985400,59.939224
2.985500,59.938284
2.985600,59.938938
2.985700,59.938850
2.985800,59.939748
2.985900,59.939735
2.986000,59.940861
2.986100,59.942139
2.986200,59.943256
2.986300,59.944716
2.986400,59.947046
2.986500,59.949501
2.986600,59.951838
2.986700,59.953803
2.986800,59.956212
2.986900,59.957283
2.987000,59.959489
2.987100,59.959977
2.987200,59.959380
2.987300,59.957998
2.987400,59.956003
2.987500,59.952081
2.987600,59.947146
2.987700,59.942220
2.987800,59.935098
2.987900,59.927693
2.988000,59.919990
2.988100,59.912160
2.988200,59.902802
2.988300,59.893045
2.988400,59.883975
2.988500,59.873049
2.988600,59.865338
2.988700,59.864127
2.988800,59.867455
2.988900,59.875570
2.989000,59.887585
2.989100,59.900154
2.989200,59.914872
2.989300,59.927964
2.989400,59.943161
2.989500,59.957286
2.989600,59.971193
2.989700,59.981885
2.989800,59.989912
2.989900,59.992561
2.990000,59.994089
2.990100,59.991990
2.990200,59.988902
2.990300,59.986333
2.990400,59.983824
2.990500,59.982497
2.990600,59.981881
2.990700,59.982037
2.990800,59.982856
2.990900,59.984180
2.991000,59.985681
2.991100,59.987228
2.991200,59.988331
2.991300,59.988992
2.991400,59.989536
2.991500,59.989654
2.991600,59.989330
2.991700,59.988763
2.991800,59.987811
2.991900,59.986754
2.992000,59.986016
2.992100,59.985061
2.992200,59.984868
2.992300,59.983706
2.992400,59.983391
2.992500,59.983131
2.992600,59.982995
2.992700,59.983013
2.992800,59.982553
2.992900,59.982468
2.993000,59.982644
2.993100,59.982195
2.993200,59.982215
2.993300,59.982269
2.993400,59.981969
2.993500,59.981980
2.993600,59.982288
2.993700,59.982511
2.993800,59.982467
2.993900,59.982965
2.994000,59.983308
2.994100,59.983999
2.994200,59.984885
2.994300,59.985819
2.994400,59.987346
2.994500,59.988647
2.994600,59.990342
2.994700,59.992122
2.994800,59.994523
2.994900,59.997292
2.995000,59.999407
2.995100,60.002162
2.995200,60.004122
2.995300,60.005513
2.995400,60.006911
2.995500,60.007796
2.995600,60.006877
2.995700,60.004763
2.995800,60.002026
2.995900,59.997762
2.996000,59.992633
2.996100,59.985844
2.996200,59.978189
2.996300,59.969918
2.996400,59.960481
2.996500,59.950251
2.996600,59.941132
2.996700,59.931949
2.996800,59.924140
2.996900,59.916646
2.997000,59.917814
2.997100,59.922445
2.997200,59.930712
2.997300,59.942116
2.997400,59.957052
2.997500,59.970041
2.997600,59.985941
2.997700,59.998409
2.997800,60.010789
2.997900,60.023959
2.998000,60.038769
2.998100,60.048805
2.998200,60.052890
2.998300,60.052294
2.998400,60.051783
2.998500,60.048921
2.998600,60.045685
2.998700,60.042745
2.998800,60.041069
2.998900,60.040463
2.999000,60.040599
2.999100,60.041353
2.999200,60.042686
2.999300,60.044198
2.999400,60.045610
2.999500,60.046747
2.999600,60.047704
2.999700,60.048534
2.999800,60.048697
2.999900,60.048529
3.000000,60.047659
3.000100,60.046848
3.000200,60.045716
3.000300,60.044756
3.000400,60.043730
3.000500,60.043035
3.000600,60.042528
3.000700,60.041591
3.000800,60.041001
3.000900,60.040722
3.001000,60.040666
3.001100,60.040052
3.001200,60.040004
3.001300,60.039492
3.001400,60.040084
3.001500,60.040307
3.001600,60.040449
3.001700,60.040162
3.001800,60.040067
3.001900,60.040652
3.002000,60.040485
3.002100,60.040749
3.002200,60.041338
3.002300,60.041379
3.002400,60.041771
3.002500,60.041998
3.002600,60.043674
3.002700,60.044341
3.002800,60.045403
3.002900,60.046906
3.003000,60.048124
3.003100,60.050605
3.003200,60.052439
3.003300,60.054878
3.003400,60.056239
3.003500,60.058676
3.003600,60.059778
3.003700,60.059588
3.003800,60.058970
3.003900,60.059108
3.004000,60.056900
3.004100,60.054701
3.004200,60.049208
3.004300,60.043008
3.004400,60.035816
3.004500,60.029001
3.004600,60.021797
3.004700,60.013788
3.004800,60.005702
3.004900,59.995940
3.005000,59.983500
3.005100,59.972379
3.005200,59.959890
3.005300,59.948874
3.005400,59.944866
3.005500,59.947264
3.005600,59.949458
3.005700,59.960868
3.005800,59.972167
3.005900,59.985893
3.006000,60.000960
3.006100,60.014493
3.006200,60.027974
3.006300,60.037799
3.006400,60.043640
3.006500,60.046722
3.006600,60.045688
3.006700,60.043154
3.006800,60.040359
3.006900,60.037314
3.007000,60.035558
3.007100,60.034856
3.007200,60.034808
3.007300,60.035421
3.007400,60.036654
3.007500,60.038475
3.007600,60.040512
3.007700,60.042360
3.007800,60.043723
3.007900,60.045351
3.008000,60.046178
3.008100,60.046640
3.008200,60.046007
3.008300,60.044602
3.008400,60.043462
3.008500,60.042448
3.008600,60.041347
3.008700,60.039783
3.008800,60.038527
3.008900,60.037698
3.009000,60.036570
3.009100,60.035810
3.009200,60.035176
3.009300,60.034890
3.009400,60.034638
3.009500,60.034460
3.009600,60.034159
3.009700,60.033835
3.009800,60.034126
3.009900,60.033834
3.010000,60.033785
3.010100,60.033593
3.010200,60.033533
3.010300,60.033211
3.010400,60.033757
3.010500,60.033462
3.010600,60.033727
3.010700,60.033691
3.010800,60.033686
3.010900,60.034090
3.011000,60.035386
3.011100,60.036264
3.011200,60.037080
3.011300,60.038708
3.011400,60.040415
3.011500,60.042043
3.011600,60.044076
3.011700,60.046199
3.011800,60.047977
3.011900,60.049102
3.012000,60.047989
3.012100,60.047601
3.012200,60.046184
3.012300,60.043828
3.012400,60.040495
3.012500,60.035365
3.012600,60.028617
3.012700,60.022084
3.012800,60.015554
3.012900,60.009075
3.013000,60.002588
3.013100,59.996284
3.013200,59.989036
3.013300,59.981850
3.013400,59.972846
3.013500,59.960445
3.013600,59.948762
3.013700,59.941540
3.013800,59.935368
3.013900,59.933343
3.014000,59.938412
3.014100,59.943481
3.014200,59.953965
3.014300,59.963862
3.014400,59.976838
3.014500,59.984650
3.014600,59.992726
3.014700,59.999520
3.014800,59.999670
3.014900,59.998627
3.015000,59.997934
3.015100,59.995451
3.015200,59.992512
3.015300,59.990878
3.015400,59.989984
3.015500,59.989899
3.015600,59.990571
3.015700,59.991935
3.015800,59.993669
3.015900,59.995500
3.016000,59.997180
3.016100,59.998716
3.016200,59.999067
3.016300,59.999517
3.016400,59.999304
3.016500,59.998886
3.016600,59.998008
3.016700,59.996694
3.016800,59.995318
3.016900,59.994104
3.017000,59.992836
3.017100,59.991807
3.017200,59.991306
3.017300,59.990419
3.017400,59.989347
3.017500,59.988644
3.017600,59.987420
3.017700,59.986784
3.017800,59.986279
3.017900,59.985951
3.018000,59.985671
3.018100,59.985184
3.018200,59.984894
3.018300,59.984321
3.018400,59.983951
3.018500,59.983574
3.018600,59.982945
3.018700,59.983062
3.018800,59.982739
3.018900,59.982379
3.019000,59.981931
3.019100,59.982519
3.019200,59.982944
3.019300,59.983482
3.019400,59.984906
3.019500,59.986127
3.019600,59.987217
3.019700,59.989321
3.019800,59.991666
3.019900,59.993297
3.020000,59.995318
3.020100,59.997610
3.020200,59.998776
3.020300,59.999305
3.020400,59.999831
3.020500,59.997663
3.020600,59.995360
3.020700,59.992420
3.020800,59.988430
3.020900,59.981760
3.021000,59.975399
3.021100,59.968076
3.021200,59.961415
3.021300,59.954955
3.021400,59.947588
3.021500,59.938972
3.021600,59.929252
3.021700,59.917276
3.021800,59.905296
3.021900,59.892126
3.022000,59.883842
3.022100,59.877360
3.022200,59.878505
3.022300,59.882786
3.022400,59.890755
3.022500,59.902673
3.022600,59.917265
3.022700,59.933777
3.022800,59.944700
3.022900,59.954230
3.023000,59.963064
3.023100,59.965907
3.023200,59.966898
3.023300,59.964995
3.023400,59.962024
3.023500,59.959854
3.023600,59.957800
3.023700,59.956538
3.023800,59.956124
3.023900,59.956481
3.024000,59.957394
3.024100,59.958881
3.024200,59.960887
3.024300,59.962978
3.024400,59.965125
3.024500,59.966308
3.024600,59.967249
3.024700,59.967324
3.024800,59.966342
3.024900,59.965188
3.025000,59.964197
3.025100,59.963282
3.025200,59.962309
3.025300,59.961068
3.025400,59.959717
3.025500,59.958309
3.025600,59.957045
3.025700,59.956469
3.025800,59.956071
3.025900,59.955795
3.026000,59.956775
3.026100,59.955754
3.026200,59.955080
3.026300,59.954635
3.026400,59.954835
3.026500,59.954575
3.026600,59.954228
3.026700,59.953797
3.026800,59.953596
3.026900,59.953904
3.027000,59.953968
3.027100,59.953961
3.027200,59.953317
3.027300,59.953459
3.027400,59.954067
3.027500,59.955126
3.027600,59.956343
3.027700,59.956848
3.027800,59.958576
3.027900,59.959706
3.028000,59.962077
3.028100,59.963829
3.028200,59.965259
3.028300,59.968572
3.028400,59.970285
3.028500,59.971286
3.028600,59.973178
3.028700,59.972690
3.028800,59.972199
3.028900,59.971661
3.029000,59.969515
3.029100,59.965936
3.029200,59.960860
3.029300,59.955692
3.029400,59.948513
3.029500,59.941693
3.029600,59.934142
3.029700,59.926045
3.029800,59.916069
3.029900,59.906233
3.030000,59.894486
3.030100,59.884879
3.030200,59.877742
3.030300,59.873906
3.030400,59.873685
3.030500,59.879263
3.030600,59.887184
3.030700,59.899258
3.030800,59.913824
3.030900,59.928140
3.031000,59.942135
3.031100,59.955434
3.031200,59.971017
3.031300,59.983396
3.031400,59.993292
3.031500,59.999080
3.031600,59.998983
3.031700,59.998289
3.031800,59.995834
3.031900,59.992101
3.032000,59.989302
3.032100,59.987651
3.032200,59.986966
3.032300,59.986945
3.032400,59.987634
3.032500,59.988726
3.032600,59.990438
3.032700,59.992224
3.032800,59.993115
3.032900,59.993804
3.033000,59.994291
3.033100,59.994902
3.033200,59.994032
3.033300,59.993603
3.033400,59.993146
3.033500,59.992687
3.033600,59.991853
3.033700,59.991108
3.033800,59.989778
3.033900,59.988771
3.034000,59.988718
3.034100,59.988035
3.034200,59.987106
3.034300,59.987059
3.034400,59.987106
3.034500,59.986999
3.034600,59.986930
3.034700,59.987562
3.034800,59.987826
3.034900,59.988548
3.035000,59.987926
3.035100,59.987591
3.035200,59.987897
3.035300,59.987644
3.035400,59.988029
3.035500,59.988330
3.035600,59.988979
3.035700,59.989030
3.035800,59.989170
3.035900,59.990245
3.036000,59.992135
3.036100,59.993582
3.036200,59.994771
3.036300,59.996740
3.036400,59.999041
3.036500,60.002252
3.036600,60.003623
3.036700,60.005762
3.036800,60.007692
3.036900,60.009989
3.037000,60.010511
3.037100,60.010964
3.037200,60.011198
3.037300,60.011614
3.037400,60.009270
3.037500,60.006543
3.037600,60.002685
3.037700,59.996042
3.037800,59.988656
3.037900,59.982575
3.038000,59.973968
3.038100,59.965336
3.038200,59.956503
3.038300,59.945045
3.038400,59.934768
3.038500,59.923917
3.038600,59.920173
3.038700,59.918941
3.038800,59.923515
3.038900,59.933353
3.039000,59.949991
3.039100,59.967156
3.039200,59.981578
3.039300,59.994873
3.039400,60.006692
3.039500,60.019505
3.039600,60.031006
3.039700,60.044747
3.039800,60.052352
3.039900,60.055374
3.040000,60.053698
3.040100,60.052894
3.040200,60.049734
3.040300,60.046994
3.040400,60.044784
3.040500,60.043750
3.040600,60.043377
3.040700,60.043696
3.040800,60.044544
3.040900,60.046070
3.041000,60.047412
3.041100,60.048319
3.041200,60.049734
3.041300,60.050623
3.041400,60.050894
3.041500,60.050656
3.041600,60.050312
3.041700,60.049665
3.041800,60.048993
3.041900,60.047778
3.042000,60.047212
3.042100,60.046687
3.042200,60.045789
3.042300,60.044993
3.042400,60.044788
3.042500,60.044305
3.042600,60.044251
3.042700,60.044247
3.042800,60.043815
3.042900,60.043994
3.043000,60.043761
3.043100,60.044021
3.043200,60.043620
3.043300,60.043571
3.043400,60.044126
3.043500,60.044287
3.043600,60.044428
3.043700,60.044473
3.043800,60.045192
3.043900,60.044958
3.044000,60.045297
3.044100,60.045628
3.044200,60.046023
3.044300,60.046312
3.044400,60.048206
3.044500,60.049703
3.044600,60.051494
3.044700,60.052949
3.044800,60.054324
3.044900,60.056723
3.045000,60.058794
3.045100,60.061525
3.045200,60.063251
3.045300,60.064386
3.045400,60.064642
3.045500,60.064584
3.045600,60.064142
3.045700,60.060819
3.045800,60.056843
3.045900,60.052073
3.046000,60.045313
3.046100,60.038608
3.046200,60.031519
3.046300,60.023331
3.046400,60.015066
3.046500,60.007001
3.046600,59.997872
3.046700,59.987213
3.046800,59.976047
3.046900,59.965631
3.047000,59.959623
3.047100,59.955902
3.047200,59.954257
3.047300,59.962256
3.047400,59.976492
3.047500,59.992983
3.047600,60.008474
3.047700,60.024259
3.047800,60.038408
3.047900,60.048245
3.048000,60.059200
3.048100,60.064800
3.048200,60.065105
3.048300,60.063720
3.048400,60.059367
3.048500,60.056962
3.048600,60.054560
3.048700,60.053218
3.048800,60.052915
3.048900,60.053395
3.049000,60.054383
3.049100,60.055942
3.049200,60.058108
3.049300,60.060478
3.049400,60.061752
3.049500,60.062936
3.049600,60.064046
3.049700,60.064485
3.049800,60.063759
3.049900,60.062788
3.050000,60.062136
3.050100,60.061449
3.050200,60.060230
3.050300,60.059076
3.050400,60.058032
3.050500,60.056869
3.050600,60.056277
3.050700,60.055212
3.050800,60.054832
3.050900,60.054664
3.051000,60.054069
3.051100,60.053597
3.051200,60.053125
3.051300,60.052826
3.051400,60.053136
3.051500,60.052461
3.051600,60.052618
3.051700,60.052887
3.051800,60.052430
3.051900,60.051694
3.052000,60.051802
3.052100,60.051700
3.052200,60.051610
3.052300,60.051940
3.052400,60.051663
3.052500,60.052499
3.052600,60.053413
3.052700,60.054571
3.052800,60.055862
3.052900,60.057319
3.053000,60.058372
3.053100,60.059655
3.053200,60.062571
3.053300,60.063800
3.053400,60.064191
3.053500,60.065641
3.053600,60.066462
3.053700,60.066410
3.053800,60.064822
3.053900,60.064863
3.054000,60.061042
3.054100,60.057514
3.054200,60.051692
3.054300,60.045651
3.054400,60.039597
3.054500,60.032593
3.054600,60.026799
3.054700,60.020141
3.054800,60.013870
3.054900,60.005634
3.055000,59.998108
3.055100,59.989643
3.055200,59.978911
3.055300,59.963892
3.055400,59.954442
3.055500,59.947564
3.055600,59.947482
3.055700,59.948605
3.055800,59.953792
3.055900,59.964184
3.056000,59.971562
3.056100,59.984554
3.056200,59.993523
3.056300,59.996931
3.056400,60.002482
3.056500,60.003992
3.056600,60.002678
3.056700,60.000323
3.056800,59.997630
3.056900,59.995267
3.057000,59.993671
3.057100,59.993005
3.057200,59.993233
3.057300,59.994117
3.057400,59.995340
3.057500,59.996911
3.057600,59.998254
3.057700,60.000341
3.057800,60.001325
3.057900,60.002017
3.058000,60.001989
3.058100,60.001968
3.058200,60.001172
3.058300,60.000712
3.058400,59.999158
3.058500,59.997955
3.058600,59.995879
3.058700,59.994565
3.058800,59.993678
3.058900,59.992029
3.059000,59.990898
3.059100,59.989674
3.059200,59.989122
3.059300,59.989094
3.059400,59.988839
3.059500,59.988309
3.059600,59.987841
3.059700,59.987551
3.059800,59.987266
3.059900,59.987140
3.060000,59.986786
3.060100,59.986253
3.060200,59.985913
3.060300,59.985578
3.060400,59.985463
3.060500,59.985282
3.060600,59.985202
3.060700,59.985260
3.060800,59.985265
3.060900,59.985570
3.061000,59.986002
3.061100,59.987328
3.061200,59.988737
3.061300,59.989875
3.061400,59.992172
3.061500,59.994416
3.061600,59.996273
3.061700,59.997808
3.061800,59.998685
3.061900,59.998691
3.062000,60.000511
3.062100,60.000618
3.062200,59.999572
3.062300,59.995123
3.062400,59.992911
3.062500,59.986502
3.062600,59.979179
3.062700,59.972633
3.062800,59.965436
3.062900,59.958680
3.063000,59.952744
3.063100,59.944808
3.063200,59.937652
3.063300,59.928955
3.063400,59.918041
3.063500,59.905383
3.063600,59.891955
3.063700,59.882309
3.063800,59.876569
3.063900,59.874797
3.064000,59.877477
3.064100,59.886813
3.064200,59.901065
3.064300,59.911666
3.064400,59.926511
3.064500,59.936730
3.064600,59.946494
3.064700,59.951235
3.064800,59.954347
3.064900,59.955025
3.065000,59.954461
3.065100,59.951589
3.065200,59.947871
3.065300,59.945819
3.065400,59.944540
3.065500,59.944303
3.065600,59.944896
3.065700,59.946168
3.065800,59.947757
3.065900,59.949971
3.066000,59.951504
3.066100,59.953048
3.066200,59.953562
3.066300,59.954041
3.066400,59.953602
3.066500,59.953600
3.066600,59.952808
3.066700,59.951486
3.066800,59.950322
3.066900,59.949000
3.067000,59.948230
3.067100,59.946561
3.067200,59.945393
3.067300,59.944301
3.067400,59.943654
3.067500,59.942883
3.067600,59.942594
3.067700,59.942273
3.067800,59.942111
3.067900,59.941968
3.068000,59.941012
3.068100,59.940532
3.068200,59.940569
3.068300,59.940982
3.068400,59.941132
3.068500,59.940056
3.068600,59.939336
3.068700,59.939307
3.068800,59.939401
3.068900,59.940023
3.069000,59.940189
3.069100,59.940222
3.069200,59.940557
3.069300,59.941653
3.069400,59.943174
3.069500,59.944474
3.069600,59.946587
3.069700,59.947864
3.069800,59.950357
3.069900,59.951861
3.070000,59.953569
3.070100,59.954891
3.070200,59.956498
3.070300,59.958723
3.070400,59.959282
3.070500,59.958627
3.070600,59.957439
3.070700,59.956057
3.070800,59.950697
3.070900,59.944354
3.071000,59.938752
3.071100,59.930810
3.071200,59.923309
3.071300,59.915822
3.071400,59.907414
3.071500,59.899930
3.071600,59.888471
3.071700,59.876369
3.071800,59.868257
3.071900,59.859757
3.072000,59.854778
3.072100,59.852494
3.072200,59.859725
3.072300,59.866318
3.072400,59.882893
3.072500,59.899531
3.072600,59.913305
3.072700,59.925720
3.072800,59.939023
3.072900,59.953727
3.073000,59.966815
3.073100,59.976652
3.073200,59.980174
3.073300,59.981999
3.073400,59.978760
3.073500,59.976791
3.073600,59.973713
3.073700,59.971462
3.073800,59.970311
3.073900,59.969939
3.074000,59.970235
3.074100,59.971042
3.074200,59.972486
3.074300,59.974386
3.074400,59.976223
3.074500,59.977798
3.074600,59.979093
3.074700,59.978877
3.074800,59.978486
3.074900,59.978360
3.075000,59.977980
3.075100,59.977510
3.075200,59.976625
3.075300,59.975710
3.075400,59.975165
3.075500,59.974452
3.075600,59.973325
3.075700,59.972486
3.075800,59.972230
3.075900,59.971505
3.076000,59.971874
3.076100,59.971612
3.076200,59.971590
3.076300,59.971857
3.076400,59.971966
3.076500,59.971961
3.076600,59.971698
3.076700,59.971170
3.076800,59.970836
3.076900,59.971524
3.077000,59.972237
3.077100,59.972556
3.077200,59.972821
3.077300,59.972663
3.077400,59.973314
3.077500,59.974173
3.077600,59.975787
3.077700,59.977171
3.077800,59.977810
3.077900,59.979933
3.078000,59.982234
3.078100,59.983595
3.078200,59.985904
3.078300,59.988256
3.078400,59.990340
3.078500,59.992199
3.078600,59.993357
3.078700,59.995120
3.078800,59.995742
3.078900,59.995183
3.079000,59.992992
3.079100,59.990855
3.079200,59.987944
3.079300,59.981420
3.079400,59.974836
3.079500,59.967508
3.079600,59.959987
3.079700,59.950822
3.079800,59.941345
3.079900,59.931360
3.080000,59.920687
3.080100,59.916844
3.080200,59.912467
3.080300,59.910495
3.080400,59.911789
3.080500,59.918286
3.080600,59.933204
3.080700,59.950188
3.080800,59.963406
3.080900,59.979535
3.081000,59.989578
3.081100,60.003908
3.081200,60.017672
3.081300,60.029017
3.081400,60.037769
3.081500,60.046091
3.081600,60.050037
3.081700,60.048420
3.081800,60.045504
3.081900,60.043017
3.082000,60.039849
3.082100,60.038187
3.082200,60.037319
3.082300,60.037296
3.082400,60.037911
3.082500,60.038952
3.082600,60.040605
3.082700,60.042374
3.082800,60.044081
3.082900,60.045177
3.083000,60.045527
3.083100,60.045706
3.083200,60.045695
3.083300,60.045608
3.083400,60.045156
3.083500,60.044483
3.083600,60.043515
3.083700,60.042398
3.083800,60.041555
3.083900,60.040422
3.084000,60.039891
3.084100,60.039531
3.084200,60.039360
3.084300,60.039228
3.084400,60.039241
3.084500,60.039055
3.084600,60.038975
3.084700,60.038546
3.084800,60.038921
3.084900,60.038555
3.085000,60.038422
3.085100,60.038666
3.085200,60.038825
3.085300,60.039330
3.085400,60.039112
3.085500,60.039144
3.085600,60.039503
3.085700,60.040083
3.085800,60.040811
3.085900,60.042016
3.086000,60.041912
3.086100,60.043286
3.086200,60.045141
3.086300,60.046791
3.086400,60.049035
3.086500,60.051051
3.086600,60.053170
3.086700,60.055018
3.086800,60.056959
3.086900,60.058628
3.087000,60.059404
3.087100,60.060163
3.087200,60.060754
3.087300,60.059334
3.087400,60.057023
3.087500,60.053662
3.087600,60.047256
3.087700,60.040500
3.087800,60.032953
3.087900,60.025842
3.088000,60.018861
3.088100,60.011647
3.088200,60.002756
3.088300,59.992529
3.088400,59.981976
3.088500,59.969707
3.088600,59.967581
3.088700,59.961699
3.088800,59.960343
3.088900,59.964656
3.089000,59.975698
3.089100,59.992046
3.089200,60.008693
3.089300,60.024350
3.089400,60.038727
3.089500,60.052254
3.089600,60.064001
3.089700,60.070858
3.089800,60.076544
3.089900,60.075215
3.090000,60.074148
3.090100,60.070447
3.090200,60.067731
3.090300,60.065697
3.090400,60.064887
3.090500,60.064927
3.090600,60.065618
3.090700,60.066955
3.090800,60.068857
3.090900,60.071060
3.091000,60.073055
3.091100,60.074691
3.091200,60.076325
3.091300,60.077295
3.091400,60.077388
3.091500,60.077275
3.091600,60.076484
3.091700,60.075832
3.091800,60.074903
3.091900,60.073422
3.092000,60.072257
3.092100,60.071218
3.092200,60.070477
3.092300,60.070053
3.092400,60.069216
3.092500,60.068412
3.092600,60.067475
3.092700,60.067159
3.092800,60.067231
3.092900,60.066979
3.093000,60.066854
3.093100,60.066535
3.093200,60.066178
3.093300,60.066110
3.093400,60.065528
3.093500,60.065484
3.093600,60.065375
3.093700,60.065002
3.093800,60.064764
3.093900,60.064867
3.094000,60.065517
3.094100,60.065707
3.094200,60.066254
3.094300,60.067661
3.094400,60.068393
3.094500,60.069186
3.094600,60.069941
3.094700,60.072018
3.094800,60.073266
3.094900,60.075470
3.095000,60.077937
3.095100,60.079684
3.095200,60.079632
3.095300,60.081301
3.095400,60.082121
3.095500,60.081401
3.095600,60.079841
3.095700,60.076555
3.095800,60.070593
3.095900,60.063773
3.096000,60.057699
3.096100,60.050396
3.096200,60.043904
3.096300,60.038305
3.096400,60.032324
3.096500,60.025061
3.096600,60.018210
3.096700,60.009391
3.096800,59.998679
3.096900,59.985552
3.097000,59.972767
3.097100,59.967416
3.097200,59.965419
3.097300,59.968851
3.097400,59.973309
3.097500,59.981200
3.097600,59.989067
3.097700,59.995187
3.097800,60.005303
3.097900,60.012903
3.098000,60.017407
3.098100,60.020566
3.098200,60.023305
3.098300,60.023718
3.098400,60.020305
3.098500,60.016881
3.098600,60.014389
3.098700,60.013255
3.098800,60.013071
3.098900,60.013603
3.099000,60.014858
3.099100,60.016180
3.099200,60.017575
3.099300,60.019698
3.099400,60.021122
3.099500,60.022529
3.099600,60.023156
3.099700,60.023294
3.099800,60.023101
3.099900,60.022334
3.100000,60.020646
3.100100,60.019067
3.100200,60.017863
3.100300,60.016459
3.100400,60.015229
3.100500,60.014142
3.100600,60.012411
3.100700,60.011227
3.100800,60.010878
3.100900,60.010453
3.101000,60.009903
3.101100,60.009283
3.101200,60.008559
3.101300,60.007947
3.101400,60.007755
3.101500,60.007201
3.101600,60.006964
3.101700,60.006412
3.101800,60.005841
3.101900,60.005661
3.102000,60.005505
3.102100,60.005014
3.102200,60.005123
3.102300,60.004630
3.102400,60.004194
3.102500,60.005312
3.102600,60.005709
3.102700,60.006705
3.102800,60.007729
3.102900,60.009260
3.103000,60.010899
3.103100,60.013229
3.103200,60.015005
3.103300,60.016373
3.103400,60.018191
3.103500,60.019194
3.103600,60.019707
3.103700,60.020115
3.103800,60.019051
3.103900,60.018113
3.104000,60.015505
3.104100,60.011639
3.104200,60.005830
3.104300,59.999712
3.104400,59.992344
3.104500,59.985989
3.104600,59.979923
3.104700,59.971855
3.104800,59.964614
3.104900,59.955736
3.105000,59.947608
3.105100,59.938836
3.105200,59.925600
3.105300,59.911747
3.105400,59.902793
3.105500,59.895996
3.105600,59.896662
3.105700,59.900468
3.105800,59.906286
3.105900,59.916439
3.106000,59.925214
3.106100,59.937766
3.106200,59.950489
3.106300,59.956188
3.106400,59.960577
3.106500,59.962071
3.106600,59.963700
3.106700,59.960394
3.106800,59.957637
3.106900,59.955950
3.107000,59.954004
3.107100,59.953144
3.107200,59.953186
3.107300,59.953984
3.107400,59.955488
3.107500,59.956970
3.107600,59.959082
3.107700,59.960592
3.107800,59.961715
3.107900,59.962337
3.108000,59.962176
3.108100,59.962933
3.108200,59.961401
3.108300,59.960391
3.108400,59.959311
3.108500,59.957694
3.108600,59.956187
3.108700,59.954334
3.108800,59.952794
3.108900,59.951887
3.109000,59.951343
3.109100,59.950743
3.109200,59.949863
3.109300,59.949497
3.109400,59.948564
3.109500,59.948988
3.109600,59.948747
3.109700,59.948650
3.109800,59.948152
3.109900,59.948297
3.110000,59.947729
3.110100,59.947541
3.110200,59.947146
3.110300,59.946527
3.110400,59.946144
3.110500,59.947050
3.110600,59.946776
3.110700,59.947006
3.110800,59.947527
3.110900,59.948599
3.111000,59.950005
3.111100,59.951357
3.111200,59.953321
3.111300,59.954789
3.111400,59.956820
3.111500,59.959144
3.111600,59.962379
3.111700,59.964139
3.111800,59.964329
3.111900,59.965959
3.112000,59.967416
3.112100,59.968651
3.112200,59.967302
3.112300,59.964651
3.112400,59.960703
3.112500,59.957623
3.112600,59.951903
3.112700,59.944708
3.112800,59.938204
3.112900,59.931293
3.113000,59.924255
3.113100,59.916360
3.113200,59.907654
3.113300,59.896792
3.113400,59.883407
3.113500,59.869832
3.113600,59.865214
3.113700,59.862332
3.113800,59.863487
3.113900,59.871489
3.114000,59.883766
3.114100,59.896992
3.114200,59.914565
3.114300,59.929153
3.114400,59.945494
3.114500,59.960515
3.114600,59.973443
3.114700,59.983047
3.114800,59.984826
3.114900,59.988463
3.115000,59.988521
3.115100,59.986699
3.115200,59.983338
3.115300,59.981413
3.115400,59.980037
3.115500,59.979486
3.115600,59.979782
3.115700,59.980584
3.115800,59.982074
3.115900,59.983882
3.116000,59.986148
3.116100,59.987754
3.116200,59.989237
3.116300,59.989876
3.116400,59.990012
3.116500,59.989771
3.116600,59.989429
3.116700,59.988961
3.116800,59.987872
3.116900,59.986724
3.117000,59.985785
3.117100,59.984384
3.117200,59.983450
3.117300,59.983015
3.117400,59.982170
3.117500,59.981823
3.117600,59.981490
3.117700,59.981195
3.117800,59.980714
3.117900,59.980189
3.118000,59.980199
3.118100,59.980354
3.118200,59.980624
3.118300,59.980490
3.118400,59.980875
3.118500,59.981018
3.118600,59.980658
3.118700,59.980669
3.118800,59.980595
3.118900,59.980846
3.119000,59.982061
3.119100,59.982911
3.119200,59.983729
3.119300,59.985000
3.119400,59.985705
3.119500,59.986799
3.119600,59.988326
3.119700,59.990297
3.119800,59.992234
3.119900,59.994280
3.120000,59.996799
3.120100,59.999098
3.120200,60.001629
3.120300,60.002575
3.120400,60.004625
3.120500,60.004701
3.120600,60.003726
3.120700,60.001097
3.120800,59.999156
3.120900,59.994930
3.121000,59.988707
3.121100,59.981887
3.121200,59.974525
3.121300,59.966920
3.121400,59.958546
3.121500,59.949067
3.121600,59.938197
3.121700,59.925831
3.121800,59.918573
3.121900,59.913597
3.122000,59.912930
3.122100,59.913084
3.122200,59.919475
3.122300,59.932535
3.122400,59.949249
3.122500,59.966487
3.122600,59.978817
3.122700,59.991200
3.122800,60.005086
3.122900,60.018536
3.123000,60.032050
3.123100,60.041046
3.123200,60.045081
3.123300,60.046364
3.123400,60.042841
3.123500,60.040148
3.123600,60.037096
3.123700,60.034837
3.123800,60.033718
3.123900,60.033540
3.124000,60.034039
3.124100,60.034972
3.124200,60.036565
3.124300,60.038594
3.124400,60.040071
3.124500,60.041519
3.124600,60.042258
3.124700,60.042762
3.124800,60.043055
3.124900,60.042392
3.125000,60.041701
3.125100,60.041055
3.125200,60.040068
3.125300,60.038991
3.125400,60.038600
3.125500,60.039040
3.125600,60.038079
3.125700,60.037200
3.125800,60.036256
3.125900,60.036364
3.126000,60.035858
3.126100,60.035374
3.126200,60.035652
3.126300,60.036076
3.126400,60.035887
3.126500,60.036099
3.126600,60.036105
3.126700,60.035975
3.126800,60.036442
3.126900,60.036311
3.127000,60.036747
3.127100,60.036706
3.127200,60.036573
3.127300,60.036973
3.127400,60.037701
3.127500,60.038779
3.127600,60.039859
3.127700,60.040983
3.127800,60.041985
3.127900,60.043635
3.128000,60.044966
3.128100,60.046578
3.128200,60.048412
3.128300,60.050880
3.128400,60.052805
3.128500,60.053920
3.128600,60.055302
3.128700,60.055483
3.128800,60.056529
3.128900,60.055837
3.129000,60.054239
3.129100,60.052036
3.129200,60.046713
3.129300,60.041213
3.129400,60.035195
3.129500,60.027795
3.129600,60.020527
3.129700,60.012868
3.129800,60.003873
3.129900,59.994444
3.130000,59.984211
3.130100,59.971989
3.130200,59.958883
3.130300,59.949833
3.130400,59.946556
3.130500,59.944665
3.130600,59.954603
3.130700,59.969414
3.130800,59.985159
3.130900,60.001758
3.131000,60.016216
3.131100,60.029591
3.131200,60.043760
3.131300,60.054612
3.131400,60.059441
3.131500,60.062202
3.131600,60.061245
3.131700,60.059831
3.131800,60.058192
3.131900,60.055310
3.132000,60.053865
3.132100,60.052971
3.132200,60.053025
3.132300,60.053689
3.132400,60.054911
3.132500,60.056798
3.132600,60.058827
3.132700,60.060776
3.132800,60.062816
3.132900,60.064382
3.133000,60.065275
3.133100,60.064934
3.133200,60.064590
3.133300,60.063895
3.133400,60.063265
3.133500,60.062737
3.133600,60.061550
3.133700,60.060185
3.133800,60.059798
3.133900,60.058924
3.134000,60.058446
3.134100,60.057376
3.134200,60.056943
3.134300,60.056345
3.134400,60.056124
3.134500,60.056248
3.134600,60.055954
3.134700,60.055390
3.134800,60.055165
3.134900,60.054930
3.135000,60.055256
3.135100,60.055477
3.135200,60.054447
3.135300,60.053894
3.135400,60.054016
3.135500,60.053970
3.135600,60.053698
3.135700,60.053998
3.135800,60.054840
3.135900,60.055698
3.136000,60.055809
3.136100,60.056468
3.136200,60.058918
3.136300,60.060170
3.136400,60.061264
3.136500,60.063357
3.136600,60.065219
3.136700,60.067327
3.136800,60.069514
3.136900,60.070957
3.137000,60.070801
3.137100,60.070090
3.137200,60.068839
3.137300,60.066691
3.137400,60.062730
3.137500,60.060149
3.137600,60.054544
3.137700,60.048153
3.137800,60.042092
3.137900,60.036647
3.138000,60.030017
3.138100,60.024156
3.138200,60.017474
3.138300,60.009353
3.138400,59.999450
3.138500,59.988760
3.138600,59.975797
3.138700,59.961325
3.138800,59.955141
3.138900,59.956288
3.139000,59.956941
3.139100,59.962149
3.139200,59.968577
3.139300,59.977341
3.139400,59.988723
3.139500,60.000658
3.139600,60.009753
3.139700,60.013846
3.139800,60.014491
3.139900,60.015278
3.140000,60.013758
3.140100,60.011638
3.140200,60.008927
3.140300,60.007113
3.140400,60.006147
3.140500,60.006089
3.140600,60.006830
3.140700,60.008199
3.140800,60.009439
3.140900,60.010971
3.141000,60.012805
3.141100,60.014363
3.141200,60.014734
3.141300,60.014816
3.141400,60.014615
3.141500,60.014386
3.141600,60.013720
3.141700,60.012337
3.141800,60.011071
3.141900,60.009405
3.142000,60.008342
3.142100,60.006805
3.142200,60.006189
3.142300,60.005432
3.142400,60.004410
3.142500,60.003378
3.142600,60.002686
3.142700,60.001969
3.142800,60.002225
3.142900,60.001451
3.143000,60.000644
3.143100,60.000066
3.143200,60.000167
3.143300,60.000260
3.143400,59.999859
3.143500,59.999865
3.143600,59.998931
3.143700,59.998550
3.143800,59.998152
3.143900,59.997710
3.144000,59.997789
3.144100,59.997921
3.144200,59.998787
3.144300,59.999234
3.144400,59.999433
3.144500,60.001000
3.144600,60.001707
3.144700,60.004253
3.144800,60.007347
3.144900,60.008816
3.145000,60.011100
3.145100,60.012467
3.145200,60.012603
3.145300,60.013171
3.145400,60.012469
3.145500,60.010886
3.145600,60.008111
3.145700,60.004214
3.145800,59.999835
3.145900,59.993386
3.146000,59.986069
3.146100,59.979212
3.146200,59.972132
3.146300,59.965815
3.146400,59.959387
3.146500,59.951791
3.146600,59.943864
3.146700,59.933167
3.146800,59.922386
3.146900,59.908029
3.147000,59.893808
3.147100,59.885334
3.147200,59.880515
3.147300,59.884198
3.147400,59.889097
3.147500,59.898122
3.147600,59.907962
3.147700,59.917833
3.147800,59.930667
3.147900,59.940945
3.148000,59.946209
3.148100,59.950055
3.148200,59.951083
3.148300,59.949794
3.148400,59.948594
3.148500,59.945583
3.148600,59.942896
3.148700,59.941474
3.148800,59.940932
3.148900,59.941088
3.149000,59.942011
3.149100,59.943543
3.149200,59.944827
3.149300,59.946355
3.149400,59.947874
3.149500,59.948970
3.149600,59.950129
3.149700,59.950279
3.149800,59.949687
3.149900,59.949168
3.150000,59.948634
3.150100,59.947691
3.150200,59.945971
3.150300,59.944562
3.150400,59.942826
3.150500,59.941961
3.150600,59.941019
3.150700,59.940120
3.150800,59.939189
3.150900,59.938380
3.151000,59.938086
3.151100,59.937007
3.151200,59.936912
3.151300,59.936841
3.151400,59.936970
3.151500,59.936914
3.151600,59.936396
3.151700,59.935869
3.151800,59.935609
3.151900,59.936012
3.152000,59.935889
3.152100,59.935428
3.152200,59.934761
3.152300,59.935006
3.152400,59.935154
3.152500,59.935690
3.152600,59.936015
3.152700,59.936634
3.152800,59.937943
3.152900,59.939781
3.153000,59.941535
3.153100,59.943184
3.153200,59.945722
3.153300,59.948271
3.153400,59.950433
3.153500,59.952494
3.153600,59.952915
3.153700,59.955234
3.153800,59.954378
3.153900,59.954784
3.154000,59.953216
3.154100,59.949854
3.154200,59.944379
3.154300,59.937786
3.154400,59.930046
3.154500,59.921380
3.154600,59.914859
3.154700,59.906423
3.154800,59.898012
3.154900,59.888985
3.155000,59.879234
3.155100,59.866516
3.155200,59.858477
3.155300,59.853024
3.155400,59.852057
3.155500,59.853733
3.155600,59.862782
3.155700,59.879145
3.155800,59.896485
3.155900,59.913319
3.156000,59.927247
3.156100,59.940915
3.156200,59.956379
3.156300,59.968389
3.156400,59.974934
3.156500,59.976356
3.156600,59.978877
3.156700,59.976600
3.156800,59.973428
3.156900,59.970456
3.157000,59.968510
3.157100,59.967214
3.157200,59.966783
3.157300,59.967098
3.157400,59.968081
3.157500,59.969612
3.157600,59.971550
3.157700,59.973741
3.157800,59.975244
3.157900,59.976253
3.158000,59.976757
3.158100,59.976074
3.158200,59.976123
3.158300,59.975291
3.158400,59.974531
3.158500,59.973052
3.158600,59.971446
3.158700,59.970333
3.158800,59.969866
3.158900,59.969343
3.159000,59.969244
3.159100,59.968646
3.159200,59.967741
3.159300,59.967495
3.159400,59.967529
3.159500,59.967234
3.159600,59.967183
3.159700,59.966663
3.159800,59.966481
3.159900,59.966580
3.160000,59.966946
3.160100,59.966577
3.160200,59.966502
3.160300,59.966469
3.160400,59.966704
3.160500,59.967137
3.160600,59.967394
3.160700,59.967484
3.160800,59.968486
3.160900,59.969559
3.161000,59.970386
3.161100,59.971521
3.161200,59.973152
3.161300,59.974891
3.161400,59.975646
3.161500,59.978668
3.161600,59.980685
3.161700,59.983910
3.161800,59.985050
3.161900,59.986656
3.162000,59.988540
3.162100,59.989078
3.162200,59.989397
3.162300,59.987794
3.162400,59.984478
3.162500,59.980414
3.162600,59.976541
3.162700,59.969943
3.162800,59.962888
3.162900,59.954294
3.163000,59.945104
3.163100,59.936670
3.163200,59.926999
3.163300,59.918013
3.163400,59.905986
3.163500,59.901273
3.163600,59.894806
3.163700,59.895817
3.163800,59.899010
3.163900,59.910309
3.164000,59.924535
3.164100,59.938889
3.164200,59.954006
3.164300,59.966918
3.164400,59.979249
3.164500,59.991404
3.164600,60.005546
3.164700,60.016850
3.164800,60.022534
3.164900,60.027909
3.165000,60.026819
3.165100,60.023862
3.165200,60.021025
3.165300,60.017828
3.165400,60.015966
3.165500,60.014950
3.165600,60.014696
3.165700,60.015115
3.165800,60.016130
3.165900,60.017695
3.166000,60.019372
3.166100,60.021051
3.166200,60.022474
3.166300,60.023521
3.166400,60.023216
3.166500,60.023313
3.166600,60.022802
3.166700,60.022089
3.166800,60.021443
3.166900,60.020388
3.167000,60.019300
3.167100,60.018550
3.167200,60.017941
3.167300,60.017239
3.167400,60.017100
3.167500,60.016594
3.167600,60.016382
3.167700,60.015893
3.167800,60.016092
3.167900,60.016045
3.168000,60.016021
3.168100,60.015398
3.168200,60.015748
3.168300,60.016543
3.168400,60.016298
3.168500,60.015863
3.168600,60.016197
3.168700,60.016597
3.168800,60.016852
3.168900,60.016748
3.169000,60.017691
3.169100,60.018523
3.169200,60.018466
3.169300,60.019718
3.169400,60.021261
3.169500,60.022822
3.169600,60.024957
3.169700,60.026181
3.169800,60.028431
3.169900,60.030729
3.170000,60.032849
3.170100,60.034611
3.170200,60.035851
3.170300,60.037415
3.170400,60.038111
3.170500,60.038742
3.170600,60.036745
3.170700,60.035620
3.170800,60.032477
3.170900,60.028694
3.171000,60.022637
3.171100,60.015327
3.171200,60.008810
3.171300,60.001394
3.171400,59.994341
3.171500,59.986175
3.171600,59.975907
3.171700,59.963388
3.171800,59.952538
3.171900,59.946507
3.172000,59.943957
3.172100,59.946891
3.172200,59.951359
3.172300,59.958091
3.172400,59.972335
3.172500,59.988587
3.172600,60.002620
3.172700,60.018487
3.172800,60.031580
3.172900,60.044260
3.173000,60.053559
3.173100,60.059834
3.173200,60.060836
3.173300,60.060617
3.173400,60.058268
3.173500,60.056023
3.173600,60.054432
3.173700,60.053174
3.173800,60.052933
3.173900,60.053454
3.174000,60.054455
3.174100,60.056120
3.174200,60.057896
3.174300,60.060193
3.174400,60.060511
3.174500,60.061160
3.174600,60.061892
3.174700,60.062457
3.174800,60.062519
3.174900,60.062646
3.175000,60.062436
3.175100,60.061712
3.175200,60.061308
3.175300,60.060686
3.175400,60.059882
3.175500,60.059258
3.175600,60.058746
3.175700,60.058322
3.175800,60.057975
3.175900,60.057477
3.176000,60.057247
3.176100,60.056891
3.176200,60.057118
3.176300,60.056877
3.176400,60.056638
3.176500,60.056303
3.176600,60.056095
3.176700,60.056200
3.176800,60.055878
3.176900,60.056050
3.177000,60.055766
3.177100,60.055783
3.177200,60.055652
3.177300,60.055580
3.177400,60.055553
3.177500,60.055765
3.177600,60.055894
3.177700,60.056263
3.177800,60.056634
3.177900,60.057948
3.178000,60.059115
3.178100,60.059920
3.178200,60.061167
3.178300,60.062772
3.178400,60.064018
3.178500,60.064892
3.178600,60.065917
3.178700,60.066134
3.178800,60.066046
3.178900,60.065415
3.179000,60.065031
3.179100,60.063973
3.179200,60.061546
3.179300,60.058121
3.179400,60.053580
3.179500,60.049364
3.179600,60.043319
3.179700,60.037988
3.179800,60.030662
3.179900,60.022938
3.180000,60.014656
3.180100,60.007446
3.180200,60.000741
3.180300,59.994267
3.180400,59.989593
3.180500,59.987039
3.180600,59.985810
3.180700,59.987093
3.180800,59.990717
3.180900,59.993861
3.181000,59.999572
3.181100,60.005350
3.181200,60.010329
3.181300,60.014564
3.181400,60.018706
3.181500,60.020520
3.181600,60.022239
3.181700,60.021505
3.181800,60.019341
3.181900,60.016619
3.182000,60.014383
3.182100,60.012038
3.182200,60.010266
3.182300,60.008866
3.182400,60.008072
3.182500,60.007874
3.182600,60.008085
3.182700,60.008507
3.182800,60.009088
3.182900,60.009600
3.183000,60.009794
3.183100,60.009970
3.183200,60.010077
3.183300,60.009327
3.183400,60.008540
3.183500,60.007694
3.183600,60.006782
3.183700,60.005497
3.183800,60.004849
3.183900,60.003869
3.184000,60.003001
3.184100,60.002264
3.184200,60.001579
3.184300,60.000880
3.184400,60.000284
3.184500,60.000039
3.184600,59.999239
3.184700,59.998880
3.184800,59.998737
3.184900,59.998760
3.185000,59.998233
3.185100,59.997463
3.185200,59.997041
3.185300,59.996478
3.185400,59.995797
3.185500,59.995489
3.185600,59.994511
3.185700,59.993863
3.185800,59.993643
3.185900,59.994428
3.186000,59.994854
3.186100,59.996024
3.186200,59.996739
3.186300,59.998366
3.186400,59.999586
3.186500,60.001072
3.186600,60.003575
3.186700,60.005756
3.186800,60.007449
3.186900,60.008315
3.187000,60.009119
3.187100,60.009649
3.187200,60.008573
3.187300,60.006506
3.187400,60.003611
3.187500,59.999286
3.187600,59.993353
3.187700,59.985822
3.187800,59.978164
3.187900,59.969941
3.188000,59.961990
3.188100,59.953116
3.188200,59.943916
3.188300,59.933636
3.188400,59.921315
3.188500,59.908108
3.188600,59.897129
3.188700,59.887094
3.188800,59.881184
3.188900,59.878041
3.189000,59.881715
3.189100,59.888816
3.189200,59.895349
3.189300,59.906245
3.189400,59.916616
3.189500,59.924706
3.189600,59.931578
3.189700,59.935680
3.189800,59.938934
3.189900,59.939710
3.190000,59.939189
3.190100,59.935589
3.190200,59.932626
3.190300,59.929475
3.190400,59.926502
3.190500,59.924377
3.190600,59.923273
3.190700,59.923010
3.190800,59.923212
3.190900,59.923808
3.191000,59.924655
3.191100,59.925612
3.191200,59.926285
3.191300,59.926501
3.191400,59.926692
3.191500,59.926110
3.191600,59.925524
3.191700,59.924405
3.191800,59.922893
3.191900,59.921988
3.192000,59.921493
3.192100,59.919965
3.192200,59.918749
3.192300,59.917872
3.192400,59.916964
3.192500,59.916105
3.192600,59.915709
3.192700,59.914591
3.192800,59.914572
3.192900,59.914005
3.193000,59.913881
3.193100,59.913756
3.193200,59.913209
3.193300,59.912792
3.193400,59.912829
3.193500,59.912342
3.193600,59.912575
3.193700,59.911847
3.193800,59.910841
3.193900,59.910297
3.194000,59.910560
3.194100,59.911783
3.194200,59.912142
3.194300,59.912535
3.194400,59.914815
3.194500,59.916513
3.194600,59.917935
3.194700,59.919689
3.194800,59.921668
3.194900,59.923589
3.195000,59.926332
3.195100,59.928337
3.195200,59.930541
3.195300,59.932277
3.195400,59.933547
3.195500,59.933405
3.195600,59.932634
3.195700,59.930137
3.195800,59.926356
3.195900,59.920457
3.196000,59.912911
3.196100,59.905439
3.196200,59.896594
3.196300,59.887088
3.196400,59.877927
3.196500,59.868333
3.196600,59.856833
3.196700,59.844450
3.196800,59.832452
3.196900,59.823828
3.197000,59.818242
3.197100,59.817935
3.197200,59.822619
3.197300,59.830457
3.197400,59.845540
3.197500,59.861357
3.197600,59.877228
3.197700,59.893229
3.197800,59.908828
3.197900,59.923417
3.198000,59.935901
3.198100,59.942101
3.198200,59.948119
3.198300,59.949030
3.198400,59.947122
3.198500,59.944059
3.198600,59.939984
3.198700,59.937250
3.198800,59.935637
3.198900,59.934457
3.199000,59.934212
3.199100,59.934684
3.199200,59.935810
3.199300,59.936952
3.199400,59.938021
3.199500,59.939514
3.199600,59.940408
3.199700,59.940769
3.199800,59.941128
3.199900,59.941022
3.200000,59.940872
3.200100,59.939506
3.200200,59.938339
3.200300,59.936997
3.200400,59.936182
3.200500,59.935256
3.200600,59.934534
3.200700,59.933957
3.200800,59.933145
3.200900,59.932526
3.201000,59.932099
3.201100,59.931779
3.201200,59.931707
3.201300,59.931586
3.201400,59.931446
3.201500,59.931599
3.201600,59.931745
3.201700,59.931667
3.201800,59.931476
3.201900,59.931226
3.202000,59.931133
3.202100,59.931178
3.202200,59.932021
3.202300,59.932283
3.202400,59.933331
3.202500,59.934176
3.202600,59.935777
3.202700,59.936806
3.202800,59.938445
3.202900,59.939422
3.203000,59.941660
3.203100,59.943865
3.203200,59.945655
3.203300,59.948084
3.203400,59.950994
3.203500,59.953510
3.203600,59.955471
3.203700,59.956590
3.203800,59.957472
3.203900,59.958098
3.204000,59.955699
3.204100,59.954937
3.204200,59.951073
3.204300,59.947566
3.204400,59.940930
3.204500,59.933641
3.204600,59.925346
3.204700,59.918250
3.204800,59.908185
3.204900,59.898979
3.205000,59.889782
3.205100,59.882126
3.205200,59.878993
3.205300,59.874614
3.205400,59.877900
3.205500,59.883690
3.205600,59.896372
3.205700,59.912841
3.205800,59.929299
3.205900,59.942117
3.206000,59.953836
3.206100,59.967499
3.206200,59.983049
3.206300,59.994298
3.206400,60.007922
3.206500,60.015567
3.206600,60.021403
3.206700,60.021865
3.206800,60.019319
3.206900,60.016071
3.207000,60.013810
3.207100,60.011212
3.207200,60.009810
3.207300,60.009336
3.207400,60.009493
3.207500,60.010248
3.207600,60.011500
3.207700,60.012673
3.207800,60.013691
3.207900,60.014464
3.208000,60.015365
3.208100,60.015242
3.208200,60.015266
3.208300,60.015413
3.208400,60.014497
3.208500,60.014323
3.208600,60.013532
3.208700,60.012287
3.208800,60.011398
3.208900,60.010792
3.209000,60.011016
3.209100,60.010923
3.209200,60.010389
3.209300,60.009482
3.209400,60.009022
3.209500,60.009061
3.209600,60.009024
3.209700,60.009155
3.209800,60.009214
3.209900,60.009400
3.210000,60.009804
3.210100,60.009888
3.210200,60.010049
3.210300,60.009986
3.210400,60.009969
3.210500,60.010409
3.210600,60.011368
3.210700,60.011948
3.210800,60.012565
3.210900,60.012517
3.211000,60.012845
3.211100,60.014991
3.211200,60.016681
3.211300,60.019061
3.211400,60.021600
3.211500,60.023485
3.211600,60.025341
3.211700,60.027114
3.211800,60.028826
3.211900,60.030133
3.212000,60.031967
3.212100,60.034385
3.212200,60.033705
3.212300,60.032757
3.212400,60.031323
3.212500,60.028335
3.212600,60.023434
3.212700,60.016840
3.212800,60.009342
3.212900,60.002429
3.213000,59.994710
3.213100,59.984738
3.213200,59.976117
3.213300,59.965781
3.213400,59.953910
3.213500,59.944450
3.213600,59.941111
3.213700,59.936971
3.213800,59.939179
3.213900,59.941725
3.214000,59.958291
3.214100,59.972271
3.214200,59.988485
3.214300,60.003190
3.214400,60.015245
3.214500,60.028475
3.214600,60.041203
3.214700,60.051241
3.214800,60.058065
3.214900,60.059817
3.215000,60.060643
3.215100,60.058357
3.215200,60.056154
3.215300,60.053648
3.215400,60.051874
3.215500,60.051226
3.215600,60.051216
3.215700,60.051796
3.215800,60.052867
3.215900,60.054631
3.216000,60.056614
3.216100,60.058163
3.216200,60.059246
3.216300,60.060022
3.216400,60.060518
3.216500,60.060790
3.216600,60.060431
3.216700,60.060274
3.216800,60.059513
3.216900,60.058551
3.217000,60.057228
3.217100,60.056473
3.217200,60.055168
3.217300,60.054340
3.217400,60.053997
3.217500,60.053515
3.217600,60.053706
3.217700,60.053141
3.217800,60.053091
3.217900,60.053174
3.218000,60.052997
3.218100,60.053029
3.218200,60.052687
3.218300,60.052690
3.218400,60.052626
3.218500,60.052190
3.218600,60.052619
3.218700,60.052741
3.218800,60.051961
3.218900,60.052165
3.219000,60.052019
3.219100,60.052477
3.219200,60.053332
3.219300,60.054264
3.219400,60.055782
3.219500,60.056695
3.219600,60.058432
3.219700,60.059792
3.219800,60.062690
3.219900,60.063784
3.220000,60.065361
3.220100,60.067989
3.220200,60.069537
3.220300,60.070308
3.220400,60.070911
3.220500,60.070790
3.220600,60.068545
3.220700,60.065747
3.220800,60.060896
3.220900,60.054383
3.221000,60.047320
3.221100,60.040174
3.221200,60.033563
3.221300,60.027708
3.221400,60.020534
3.221500,60.012887
3.221600,60.005046
3.221700,59.994832
3.221800,59.981523
3.221900,59.968457
3.222000,59.961854
3.222100,59.955072
3.222200,59.951390
3.222300,59.952538
3.222400,59.960626
3.222500,59.971628
3.222600,59.982857
3.222700,59.997354
3.222800,60.011983
3.222900,60.021483
3.223000,60.031841
3.223100,60.038401
3.223200,60.038043
3.223300,60.035917
3.223400,60.033504
3.223500,60.031030
3.223600,60.028625
3.223700,60.027136
3.223800,60.026696
3.223900,60.027063
3.224000,60.028090
3.224100,60.029688
3.224200,60.031736
3.224300,60.033466
3.224400,60.035137
3.224500,60.036132
3.224600,60.036730
3.224700,60.037197
3.224800,60.037033
3.224900,60.036372
3.225000,60.035204
3.225100,60.033586
3.225200,60.032438
3.225300,60.031919
3.225400,60.030807
3.225500,60.029969
3.225600,60.029446
3.225700,60.028022
3.225800,60.027068
3.225900,60.026566
3.226000,60.026129
3.226100,60.025631
3.226200,60.025512
3.226300,60.024981
3.226400,60.024943
3.226500,60.024189
3.226600,60.024470
3.226700,60.024553
3.226800,60.023814
3.226900,60.023387
3.227000,60.022878
3.227100,60.022737
3.227200,60.022695
3.227300,60.022532
3.227400,60.022471
3.227500,60.023298
3.227600,60.023362
3.227700,60.024121
3.227800,60.025612
3.227900,60.027099
3.228000,60.028351
3.228100,60.030699
3.228200,60.032864
3.228300,60.033690
3.228400,60.034888
3.228500,60.036447
3.228600,60.037517
3.228700,60.037395
3.228800,60.036022
3.228900,60.033277
3.229000,60.030616
3.229100,60.025761
3.229200,60.019765
3.229300,60.012236
3.229400,60.005457
3.229500,59.998738
3.229600,59.990942
3.229700,59.984540
3.229800,59.976929
3.229900,59.969698
3.230000,59.961176
3.230100,59.950722
3.230200,59.937649
3.230300,59.923085
3.230400,59.914315
3.230500,59.906690
3.230600,59.909191
3.230700,59.913620
3.230800,59.919652
3.230900,59.928838
3.231000,59.940054
3.231100,59.951411
3.231200,59.959165
3.231300,59.965524
3.231400,59.970417
3.231500,59.971456
3.231600,59.969775
3.231700,59.968001
3.231800,59.965272
3.231900,59.962122
3.232000,59.960529
3.232100,59.959667
3.232200,59.959771
3.232300,59.960570
3.232400,59.961972
3.232500,59.963763
3.232600,59.965382
3.232700,59.967014
3.232800,59.967830
3.232900,59.967941
3.233000,59.967787
3.233100,59.967054
3.233200,59.966786
3.233300,59.965766
3.233400,59.964065
3.233500,59.962961
3.233600,59.961903
3.233700,59.960609
3.233800,59.959629
3.233900,59.958769
3.234000,59.956973
3.234100,59.955930
3.234200,59.955823
3.234300,59.954869
3.234400,59.954423
3.234500,59.954093
3.234600,59.953601
3.234700,59.953098
3.234800,59.952986
3.234900,59.953014
3.235000,59.952539
3.235100,59.952138
3.235200,59.952658
3.235300,59.952446
3.235400,59.951875
3.235500,59.952536
3.235600,59.952420
3.235700,59.952760
3.235800,59.953075
3.235900,59.953716
3.236000,59.954383
3.236100,59.955975
3.236200,59.957093
3.236300,59.958506
3.236400,59.960347
3.236500,59.962152
3.236600,59.963849
3.236700,59.965709
3.236800,59.967675
3.236900,59.970162
3.237000,59.971453
3.237100,59.971798
3.237200,59.971928
3.237300,59.970606
3.237400,59.967012
3.237500,59.961232
3.237600,59.956164
3.237700,59.949282
3.237800,59.942731
3.237900,59.935212
3.238000,59.928892
3.238100,59.921206
3.238200,59.912960
3.238300,59.903297
3.238400,59.892344
3.238500,59.880704
3.238600,59.870341
3.238700,59.865840
3.238800,59.865095
3.238900,59.869652
3.239000,59.879599
3.239100,59.894503
3.239200,59.909164
3.239300,59.925174
3.239400,59.941316
3.239500,59.956038
3.239600,59.968427
3.239700,59.975114
3.239800,59.977346
3.239900,59.978451
3.240000,59.978007
3.240100,59.976610
3.240200,59.973904
3.240300,59.971614
3.240400,59.970077
3.240500,59.969642
3.240600,59.970022
3.240700,59.971085
3.240800,59.972792
3.240900,59.974753
3.241000,59.976602
3.241100,59.977994
3.241200,59.979011
3.241300,59.979485
3.241400,59.980349
3.241500,59.979969
3.241600,59.979367
3.241700,59.978382
3.241800,59.977571
3.241900,59.975910
3.242000,59.974393
3.242100,59.972980
3.242200,59.972313
3.242300,59.971658
3.242400,59.971194
3.242500,59.970960
3.242600,59.970646
3.242700,59.970184
3.242800,59.969663
3.242900,59.969847
3.243000,59.969670
3.243100,59.969248
3.243200,59.969135
3.243300,59.968963
3.243400,59.968779
3.243500,59.968579
3.243600,59.968474
3.243700,59.968651
3.243800,59.968967
3.243900,59.969211
3.244000,59.969585
3.244100,59.970047
3.244200,59.970803
3.244300,59.972355
3.244400,59.973638
3.244500,59.974823
3.244600,59.976604
3.244700,59.978781
3.244800,59.981635
3.244900,59.983706
3.245000,59.985030
3.245100,59.987925
3.245200,59.989483
3.245300,59.991112
3.245400,59.991181
3.245500,59.992359
3.245600,59.990820
3.245700,59.989502
3.245800,59.986300
3.245900,59.980420
3.246000,59.974562
3.246100,59.967707
3.246200,59.960606
3.246300,59.951546
3.246400,59.942853
3.246500,59.934844
3.246600,59.923667
3.246700,59.916068
3.246800,59.906199
3.246900,59.900801
3.247000,59.901029
3.247100,59.904934
3.247200,59.912779
3.247300,59.924935
3.247400,59.939659
3.247500,59.952235
3.247600,59.966270
3.247700,59.977761
3.247800,59.991732
3.247900,60.004081
3.248000,60.018206
3.248100,60.028678
3.248200,60.032807
3.248300,60.033643
3.248400,60.032903
3.248500,60.030513
3.248600,60.026430
3.248700,60.023359
3.248800,60.021623
3.248900,60.020984
3.249000,60.021097
3.249100,60.021890
3.249200,60.023188
3.249300,60.024469
3.249400,60.025940
3.249500,60.027680
3.249600,60.028549
3.249700,60.028902
3.249800,60.028907
3.249900,60.028493
3.250000,60.028855
3.250100,60.027949
3.250200,60.027172
3.250300,60.026454
3.250400,60.025418
3.250500,60.024785
3.250600,60.023905
3.250700,60.022887
3.250800,60.022906
3.250900,60.022924
3.251000,60.022725
3.251100,60.022302
3.251200,60.021943
3.251300,60.021530
3.251400,60.021687
3.251500,60.021861
3.251600,60.021612
3.251700,60.021872
3.251800,60.021826
3.251900,60.021837
3.252000,60.021078
3.252100,60.021477
3.252200,60.021437
3.252300,60.021675
3.252400,60.022488
3.252500,60.023759
3.252600,60.025255
3.252700,60.026733
3.252800,60.028545
3.252900,60.030710
3.253000,60.032250
3.253100,60.034113
3.253200,60.036736
3.253300,60.038276
3.253400,60.041180
3.253500,60.042974
3.253600,60.043783
3.253700,60.043442
3.253800,60.043538
3.253900,60.043440
3.254000,60.043162
3.254100,60.042560
3.254200,60.041586
3.254300,60.039937
3.254400,60.037580
3.254500,60.034384
3.254600,60.031110
3.254700,60.027506
3.254800,60.022772
3.254900,60.018123
3.255000,60.014145
3.255100,60.010870
3.255200,60.008344
3.255300,60.006070
3.255400,60.005952
3.255500,60.007046
3.255600,60.009105
3.255700,60.013062
3.255800,60.018711
3.255900,60.024850
3.256000,60.032871
3.256100,60.041256
3.256200,60.049430
3.256300,60.056004
3.256400,60.063091
3.256500,60.068933
3.256600,60.071896
3.256700,60.074571
3.256800,60.074460
3.256900,60.072572
3.257000,60.070576
3.257100,60.069280
3.257200,60.067411
3.257300,60.065682
3.257400,60.064387
3.257500,60.063794
3.257600,60.063388
3.257700,60.063309
3.257800,60.063450
3.257900,60.063713
3.258000,60.064024
3.258100,60.064097
3.258200,60.064399
3.258300,60.064187
3.258400,60.063934
3.258500,60.063599
3.258600,60.062741
3.258700,60.061733
3.258800,60.061137
3.258900,60.060266
3.259000,60.059690
3.259100,60.058942
3.259200,60.058372
3.259300,60.058277
3.259400,60.057897
3.259500,60.057667
3.259600,60.057401
3.259700,60.056933
3.259800,60.056457
3.259900,60.056276
3.260000,60.055768
3.260100,60.055381
3.260200,60.055530
3.260300,60.055142
3.260400,60.055160
3.260500,60.055174
3.260600,60.055373
3.260700,60.055658
3.260800,60.056227
3.260900,60.056873
3.261000,60.057318
3.261100,60.059111
3.261200,60.061048
3.261300,60.062581
3.261400,60.064122
3.261500,60.064958
3.261600,60.066572
3.261700,60.067766
3.261800,60.069250
3.261900,60.071385
3.262000,60.072024
3.262100,60.073551
3.262200,60.073961
3.262300,60.073177
3.262400,60.070977
3.262500,60.067188
3.262600,60.062890
3.262700,60.056459
3.262800,60.049136
3.262900,60.041817
3.263000,60.032338
3.263100,60.023497
3.263200,60.013444
3.263300,60.003335
3.263400,59.992192
3.263500,59.982069
3.263600,59.975587
3.263700,59.970772
3.263800,59.967469
3.263900,59.966827
3.264000,59.971111
3.264100,59.978928
3.264200,59.984727
3.264300,59.994807
3.264400,60.004596
3.264500,60.014057
3.264600,60.019780
3.264700,60.025566
3.264800,60.030645
3.264900,60.032847
3.265000,60.033654
3.265100,60.030731
3.265200,60.027214
3.265300,60.023827
3.265400,60.021183
3.265500,60.018433
3.265600,60.016844
3.265700,60.016148
3.265800,60.016044
3.265900,60.016473
3.266000,60.017304
3.266100,60.018142
3.266200,60.018754
3.266300,60.019185
3.266400,60.019291
3.266500,60.019454
3.266600,60.019624
3.266700,60.019535
3.266800,60.019323
3.266900,60.019027
3.267000,60.018728
3.267100,60.018305
3.267200,60.017851
3.267300,60.017341
3.267400,60.016829
3.267500,60.016199
3.267600,60.015721
3.267700,60.015098
3.267800,60.014401
3.267900,60.013874
3.268000,60.013431
3.268100,60.012842
3.268200,60.012373
3.268300,60.011705
3.268400,60.011095
3.268500,60.010702
3.268600,60.010176
3.268700,60.009745
3.268800,60.009164
3.268900,60.008766
3.269000,60.008403
3.269100,60.008134
3.269200,60.007912
3.269300,60.007616
3.269400,60.007644
3.269500,60.007585
3.269600,60.007909
3.269700,60.008299
3.269800,60.008592
3.269900,60.008911
3.270000,60.009610
3.270100,60.010041
3.270200,60.010686
3.270300,60.010849
3.270400,60.011158
3.270500,60.011211
3.270600,60.010897
3.270700,60.010725
3.270800,60.009844
3.270900,60.008652
3.271000,60.006976
3.271100,60.004678
3.271200,60.002490
3.271300,59.999789
3.271400,59.996857
3.271500,59.993837
3.271600,59.990747
3.271700,59.987577
3.271800,59.984556
3.271900,59.981764
3.272000,59.979564
3.272100,59.977812
3.272200,59.976703
3.272300,59.976217
3.272400,59.975988
3.272500,59.977293
3.272600,59.978291
3.272700,59.980120
3.272800,59.982214
3.272900,59.983756
3.273000,59.986396
3.273100,59.988700
3.273200,59.989639
3.273300,59.991070
3.273400,59.991082
3.273500,59.990801
3.273600,59.989652
3.273700,59.988540
3.273800,59.987136
3.273900,59.985624
3.274000,59.984324
3.274100,59.982963
3.274200,59.981807
3.274300,59.981104
3.274400,59.980399
3.274500,59.980086
3.274600,59.979964
3.274700,59.979901
3.274800,59.979891
3.274900,59.979873
3.275000,59.979812
3.275100,59.979741
3.275200,59.979460
3.275300,59.979217
3.275400,59.978843
3.275500,59.978288
3.275600,59.977704
3.275700,59.977094
3.275800,59.976477
3.275900,59.975855
3.276000,59.975458
3.276100,59.974831
3.276200,59.974454
3.276300,59.974018
3.276400,59.973444
3.276500,59.973170
3.276600,59.972920
3.276700,59.972200
3.276800,59.971528
3.276900,59.970937
3.277000,59.970599
3.277100,59.970149
3.277200,59.969836
3.277300,59.969581
3.277400,59.969315
3.277500,59.969138
3.277600,59.969020
3.277700,59.969615
3.277800,59.970506
3.277900,59.971354
3.278000,59.972796
3.278100,59.973637
3.278200,59.975140
3.278300,59.976290
3.278400,59.977793
3.278500,59.979514
3.278600,59.980478
3.278700,59.981293
3.278800,59.982007
3.278900,59.982043
3.279000,59.981819
3.279100,59.980847
3.279200,59.979069
3.279300,59.975690
3.279400,59.972187
3.279500,59.967762
3.279600,59.961982
3.279700,59.956780
3.279800,59.950450
3.279900,59.944396
3.280000,59.938958
3.280100,59.933152
3.280200,59.929331
3.280300,59.926092
3.280400,59.924696
3.280500,59.925127
3.280600,59.927716
3.280700,59.931209
3.280800,59.934249
3.280900,59.940632
3.281000,59.946376
3.281100,59.954433
3.281200,59.961228
3.281300,59.967782
3.281400,59.973445
3.281500,59.978019
3.281600,59.980096
3.281700,59.981481
3.281800,59.980165
3.281900,59.979592
3.282000,59.977722
3.282100,59.975839
3.282200,59.972455
3.282300,59.970481
3.282400,59.968161
3.282500,59.966701
3.282600,59.965766
3.282700,59.965210
3.282800,59.964952
3.282900,59.964970
3.283000,59.965000
3.283100,59.965200
3.283200,59.965206
3.283300,59.964992
3.283400,59.964448
3.283500,59.964000
3.283600,59.963489
3.283700,59.962537
3.283800,59.961579
3.283900,59.960750
3.284000,59.959908
3.284100,59.959290
3.284200,59.958843
3.284300,59.958281
3.284400,59.957786
3.284500,59.957030
3.284600,59.956336
3.284700,59.956092
3.284800,59.955914
3.284900,59.955935
3.285000,59.955925
3.285100,59.955643
3.285200,59.955667
3.285300,59.955345
3.285400,59.955621
3.285500,59.955416
3.285600,59.955835
3.285700,59.956203
3.285800,59.956346
3.285900,59.957005
3.286000,59.957927
3.286100,59.959300
3.286200,59.961136
3.286300,59.963126
3.286400,59.965521
3.286500,59.968240
3.286600,59.969901
3.286700,59.972940
3.286800,59.975302
3.286900,59.977272
3.287000,59.979720
3.287100,59.981313
3.287200,59.982639
3.287300,59.983360
3.287400,59.982568
3.287500,59.980070
3.287600,59.976750
3.287700,59.972824
3.287800,59.966944
3.287900,59.960349
3.288000,59.952853
3.288100,59.945164
3.288200,59.937848
3.288300,59.929973
3.288400,59.922423
3.288500,59.919365
3.288600,59.914828
3.288700,59.911597
3.288800,59.911852
3.288900,59.917352
3.289000,59.926121
3.289100,59.937867
3.289200,59.951932
3.289300,59.967289
3.289400,59.982685
3.289500,59.997379
3.289600,60.011267
3.289700,60.020910
3.289800,60.027038
3.289900,60.031286
3.290000,60.033435
3.290100,60.032679
3.290200,60.030842
3.290300,60.027741
3.290400,60.024426
3.290500,60.021828
3.290600,60.019577
3.290700,60.018192
3.290800,60.017262
3.290900,60.016902
3.291000,60.017022
3.291100,60.017310
3.291200,60.017869
3.291300,60.018456
3.291400,60.018967
3.291500,60.019034
3.291600,60.018995
3.291700,60.018854
3.291800,60.018665
3.291900,60.018435
3.292000,60.017640
3.292100,60.016620
3.292200,60.015404
3.292300,60.014554
3.292400,60.014049
3.292500,60.013595
3.292600,60.013233
3.292700,60.012654
3.292800,60.012425
3.292900,60.012236
3.293000,60.012516
3.293100,60.012033
3.293200,60.012038
3.293300,60.012133
3.293400,60.011736
3.293500,60.011377
3.293600,60.011819
3.293700,60.011877
3.293800,60.011760
3.293900,60.011544
3.294000,60.011963
3.294100,60.012515
3.294200,60.013360
3.294300,60.015151
3.294400,60.016395
3.294500,60.018673
3.294600,60.021637
3.294700,60.024381
3.294800,60.026610
3.294900,60.029135
3.295000,60.032034
3.295100,60.034078
3.295200,60.036582
3.295300,60.038827
3.295400,60.040393
3.295500,60.040496
3.295600,60.040454
3.295700,60.039397
3.295800,60.037938
3.295900,60.034754
3.296000,60.028435
3.296100,60.021376
3.296200,60.015080
3.296300,60.008806
3.296400,59.998577
3.296500,59.987467
3.296600,59.978360
3.296700,59.972102
3.296800,59.965074
3.296900,59.961188
3.297000,59.955142
3.297100,59.957668
3.297200,59.959686
3.297300,59.966519
3.297400,59.981352
3.297500,59.991655
3.297600,60.007256
3.297700,60.021777
3.297800,60.035284
3.297900,60.049945
3.298000,60.063306
3.298100,60.069386
3.298200,60.071500
3.298300,60.071596
3.298400,60.069782
3.298500,60.066526
3.298600,60.062596
3.298700,60.059663
3.298800,60.057984
3.298900,60.056836
3.299000,60.056203
3.299100,60.056246
3.299200,60.056895
3.299300,60.057814
3.299400,60.059121
3.299500,60.059742
3.299600,60.060512
3.299700,60.060842
3.299800,60.061061
3.299900,60.061115
3.300000,60.060692
3.300100,60.059744
3.300200,60.058875
3.300300,60.057476
3.300400,60.056729
3.300500,60.056002
3.300600,60.055229
3.300700,60.054353
3.300800,60.053481
3.300900,60.052797
3.301000,60.052327
3.301100,60.051853
3.301200,60.051684
3.301300,60.051545
3.301400,60.051401
3.301500,60.051624
3.301600,60.051334
3.301700,60.051246
3.301800,60.051095
3.301900,60.051171
3.302000,60.051074
3.302100,60.050783
3.302200,60.051234
3.302300,60.051143
3.302400,60.051123
3.302500,60.051517
3.302600,60.053124
3.302700,60.054148
3.302800,60.055488
3.302900,60.057107
3.303000,60.057748
3.303100,60.060770
3.303200,60.062615
3.303300,60.064350
3.303400,60.065788
3.303500,60.068100
3.303600,60.069898
3.303700,60.070761
3.303800,60.072115
3.303900,60.071786
3.304000,60.069557
3.304100,60.064738
3.304200,60.064555
3.304300,60.064354
3.304400,60.064064
3.304500,60.063712
3.304600,60.063128
3.304700,60.062430
3.304800,60.061743
3.304900,60.060917
3.305000,60.060113
3.305100,60.059292
3.305200,60.058602
3.305300,60.057969
3.305400,60.057508
3.305500,60.057308
3.305600,60.057057
3.305700,60.057291
3.305800,60.057564
3.305900,60.058154
3.306000,60.059008
3.306100,60.060017
3.306200,60.060967
3.306300,60.061756
3.306400,60.062759
3.306500,60.063787
3.306600,60.064753
3.306700,60.065541
3.306800,60.065495
3.306900,60.065550
3.307000,60.065328
3.307100,60.065047
3.307200,60.064414
3.307300,60.063702
3.307400,60.062936
3.307500,60.061942
3.307600,60.061316
3.307700,60.060563
3.307800,60.059733
3.307900,60.059355
3.308000,60.059060
3.308100,60.058924
3.308200,60.058980
3.308300,60.059048
3.308400,60.059154
3.308500,60.059284
3.308600,60.059436
3.308700,60.059625
3.308800,60.059832
3.308900,60.059971
3.309000,60.060102
3.309100,60.060174
3.309200,60.060234
3.309300,60.060251
3.309400,60.060241
3.309500,60.060206
3.309600,60.060116
3.309700,60.060071
3.309800,60.059992
3.309900,60.059862
3.310000,60.059676
3.310100,60.059491
3.310200,60.059281
3.310300,60.059022
3.310400,60.058729
3.310500,60.058426
3.310600,60.058214
3.310700,60.058034
3.310800,60.057902
3.310900,60.057889
3.311000,60.057752
3.311100,60.057805
3.311200,60.058009
3.311300,60.058216
3.311400,60.058631
3.311500,60.058915
3.311600,60.059396
3.311700,60.059994
3.311800,60.060476
3.311900,60.060982
3.312000,60.061003
3.312100,60.061035
3.312200,60.061089
3.312300,60.060584
3.312400,60.059758
3.312500,60.058861
3.312600,60.057183
3.312700,60.055475
3.312800,60.053308
3.312900,60.050535
3.313000,60.047219
3.313100,60.043788
3.313200,60.040274
3.313300,60.036914
3.313400,60.033516
3.313500,60.030042
3.313600,60.026631
3.313700,60.023890
3.313800,60.022139
3.313900,60.020907
3.314000,60.020072
3.314100,60.019955
3.314200,60.020690
3.314300,60.021649
3.314400,60.023253
3.314500,60.025407
3.314600,60.027206
3.314700,60.029602
3.314800,60.030680
3.314900,60.031660
3.315000,60.031866
3.315100,60.031627
3.315200,60.030342
3.315300,60.029260
3.315400,60.027701
3.315500,60.025829
3.315600,60.023882
3.315700,60.022272
3.315800,60.020702
3.315900,60.019623
3.316000,60.018609
3.316100,60.018048
3.316200,60.017481
3.316300,60.017181
3.316400,60.017086
3.316500,60.017026
3.316600,60.017032
3.316700,60.017008
3.316800,60.016922
3.316900,60.016747
3.317000,60.016530
3.317100,60.016225
3.317200,60.015839
3.317300,60.015407
3.317400,60.014958
3.317500,60.014379
3.317600,60.013988
3.317700,60.013484
3.317800,60.012901
3.317900,60.012353
3.318000,60.011885
3.318100,60.011332
3.318200,60.010621
3.318300,60.010171
3.318400,60.009585
3.318500,60.008981
3.318600,60.008066
3.318700,60.007163
3.318800,60.006553
3.318900,60.005891
3.319000,60.005069
3.319100,60.004646
3.319200,60.004691
3.319300,60.004554
3.319400,60.004612
3.319500,60.005227
3.319600,60.006297
3.319700,60.007066
3.319800,60.008133
3.319900,60.009391
3.320000,60.010884
3.320100,60.011883
3.320200,60.013401
3.320300,60.014451
3.320400,60.015104
3.320500,60.015332
3.320600,60.015025
3.320700,60.014168
3.320800,60.011506
3.320900,60.008486
3.321000,60.004762
3.321100,59.999354
3.321200,59.993823
3.321300,59.988234
3.321400,59.981986
3.321500,59.975102
3.321600,59.968022
3.321700,59.961222
3.321800,59.954514
3.321900,59.948530
3.322000,59.943937
3.322100,59.940553
3.322200,59.939152
3.322300,59.940707
3.322400,59.943598
3.322500,59.946878
3.322600,59.950720
3.322700,59.957963
3.322800,59.964237
3.322900,59.969599
3.323000,59.974746
3.323100,59.977767
3.323200,59.980180
3.323300,59.982351
3.323400,59.982834
3.323500,59.982668
3.323600,59.981154
3.323700,59.979113
3.323800,59.976873
3.323900,59.973772
3.324000,59.970903
3.324100,59.969018
3.324200,59.967638
3.324300,59.966491
3.324400,59.965748
3.324500,59.965352
3.324600,59.965213
3.324700,59.965229
3.324800,59.965276
3.324900,59.965300
3.325000,59.965328
3.325100,59.964953
3.325200,59.964514
3.325300,59.963853
3.325400,59.963224
3.325500,59.962422
3.325600,59.961656
3.325700,59.961535
3.325800,59.960677
3.325900,59.959302
3.326000,59.958307
3.326100,59.957564
3.326200,59.957184
3.326300,59.956374
3.326400,59.955835
3.326500,59.955878
3.326600,59.955273
3.326700,59.954380
3.326800,59.954343
3.326900,59.954277
3.327000,59.954099
3.327100,59.953917
3.327200,59.953725
3.327300,59.953525
3.327400,59.954211
3.327500,59.954472
3.327600,59.955240
3.327700,59.955914
3.327800,59.957731
3.327900,59.959317
3.328000,59.962512
3.328100,59.965215
3.328200,59.968027
3.328300,59.970253
3.328400,59.972379
3.328500,59.974812
3.328600,59.977151
3.328700,59.979118
3.328800,59.980863
3.328900,59.981343
3.329000,59.981349
3.329100,59.979491
3.329200,59.977664
3.329300,59.974669
3.329400,59.968908
3.329500,59.963380
3.329600,59.958175
3.329700,59.951944
3.329800,59.944011
3.329900,59.936162
3.330000,59.928753
3.330100,59.922242
3.330200,59.918740
3.330300,59.915614
3.330400,59.915277
3.330500,59.916733
3.330600,59.921765
3.330700,59.926497
3.330800,59.936499
3.330900,59.949445
3.331000,59.961320
3.331100,59.973819
3.331200,59.985507
3.331300,59.995709
3.331400,60.004919
3.331500,60.011190
3.331600,60.016592
3.331700,60.017584
3.331800,60.016212
3.331900,60.015032
3.332000,60.013440
3.332100,60.010234
3.332200,60.007429
3.332300,60.005365
3.332400,60.003587
3.332500,60.002334
3.332600,60.001818
3.332700,60.001749
3.332800,60.001983
3.332900,60.002346
3.333000,60.002671
3.333100,60.003166
3.333200,60.003177
3.333300,60.002819
3.333400,60.002216
3.333500,60.001832
3.333600,60.001240
3.333700,59.999793
3.333800,59.999245
3.333900,59.998632
3.334000,59.997688
3.334100,59.996764
3.334200,59.995981
3.334300,59.995798
3.334400,59.995275
3.334500,59.995168
3.334600,59.995626
3.334700,59.995938
3.334800,59.995958
3.334900,59.995664
3.335000,59.995666
3.335100,59.995541
3.335200,59.995606
3.335300,59.995268
3.335400,59.994792
3.335500,59.995006
3.335600,59.994894
3.335700,59.995176
3.335800,59.995967
3.335900,59.997088
3.336000,59.998810
3.336100,60.000426
3.336200,60.002365
3.336300,60.004779
3.336400,60.008126
3.336500,60.010172
3.336600,60.012880
3.336700,60.016171
3.336800,60.018968
3.336900,60.021700
3.337000,60.022805
3.337100,60.023209
3.337200,60.023713
3.337300,60.024026
3.337400,60.023218
3.337500,60.019753
3.337600,60.016103
3.337700,60.012817
3.337800,60.005880
3.337900,59.997608
3.338000,59.989468
3.338100,59.980221
3.338200,59.970214
3.338300,59.962314
3.338400,59.956059
3.338500,59.948673
3.338600,59.942850
3.338700,59.939949
3.338800,59.941462
3.338900,59.946834
3.339000,59.956947
3.339100,59.966961
3.339200,59.981649
3.339300,59.995614
3.339400,60.011287
3.339500,60.024353
3.339600,60.034182
3.339700,60.041696
3.339800,60.046616
3.339900,60.048172
3.340000,60.047843
3.340100,60.047028
3.340200,60.045812
3.340300,60.043555
3.340400,60.041092
3.340500,60.038757
3.340600,60.037015
3.340700,60.036086
3.340800,60.035989
3.340900,60.036379
3.341000,60.037014
3.341100,60.038078
3.341200,60.038958
3.341300,60.039589
3.341400,60.040114
3.341500,60.040253
3.341600,60.039542
3.341700,60.039047
3.341800,60.037726
3.341900,60.036858
3.342000,60.036485
3.342100,60.035667
3.342200,60.034624
3.342300,60.033721
3.342400,60.032971
3.342500,60.032476
3.342600,60.032000
3.342700,60.031565
3.342800,60.031505
3.342900,60.030963
3.343000,60.030879
3.343100,60.030632
3.343200,60.030678
3.343300,60.030809
3.343400,60.030966
3.343500,60.030957
3.343600,60.030815
3.343700,60.031030
3.343800,60.030343
3.343900,60.030040
3.344000,60.030682
3.344100,60.030859
3.344200,60.031015
3.344300,60.031792
3.344400,60.033096
3.344500,60.034027
3.344600,60.035845
3.344700,60.038406
3.344800,60.040549
3.344900,60.043279
3.345000,60.046273
3.345100,60.048557
3.345200,60.051027
3.345300,60.051902
3.345400,60.051791
3.345500,60.050473
3.345600,60.049722
3.345700,60.047939
3.345800,60.045695
3.345900,60.041341
3.346000,60.034675
3.346100,60.026632
3.346200,60.017976
3.346300,60.009188
3.346400,59.999502
3.346500,59.990011
3.346600,59.979171
3.346700,59.967152
3.346800,59.957295
3.346900,59.948252
3.347000,59.938601
3.347100,59.935498
3.347200,59.937177
3.347300,59.944422
3.347400,59.953008
3.347500,59.962755
3.347600,59.974426
3.347700,59.985666
3.347800,59.996005
3.347900,60.006074
3.348000,60.009131
3.348100,60.014421
3.348200,60.015664
3.348300,60.015926
3.348400,60.014287
3.348500,60.010410
3.348600,60.007709
3.348700,60.005174
3.348800,60.003507
3.348900,60.002820
3.349000,60.002831
3.349100,60.003325
3.349200,60.004312
3.349300,60.005624
3.349400,60.006587
3.349500,60.007594
3.349600,60.008176
3.349700,60.008217
3.349800,60.008113
3.349900,60.007717
3.350000,60.006592
3.350100,60.005718
3.350200,60.004554
3.350300,60.003202
3.350400,60.002291
3.350500,60.000881
3.350600,60.000010
3.350700,59.998981
3.350800,59.998581
3.350900,59.997657
3.351000,59.996936
3.351100,59.996530
3.351200,59.996028
3.351300,59.995592
3.351400,59.995530
3.351500,59.994961
3.351600,59.995063
3.351700,59.994424
3.351800,59.993882
3.351900,59.993487
3.352000,59.993203
3.352100,59.993693
3.352200,59.993580
3.352300,59.993922
3.352400,59.994070
3.352500,59.994092
3.352600,59.994738
3.352700,59.995895
3.352800,59.996900
3.352900,59.998199
3.353000,59.999515
3.353100,60.001356
3.353200,60.004032
3.353300,60.005768
3.353400,60.007018
3.353500,60.008163
3.353600,60.009200
3.353700,60.010194
3.353800,60.008979
3.353900,60.008316
3.354000,60.006151
3.354100,60.001100
3.354200,59.994208
3.354300,59.987295
3.354400,59.980115
3.354500,59.972642
3.354600,59.964646
3.354700,59.958343
3.354800,59.950530
3.354900,59.941787
3.355000,59.931966
3.355100,59.919564
3.355200,59.906150
3.355300,59.893537
3.355400,59.884660
3.355500,59.882509
3.355600,59.883973
3.355700,59.888849
3.355800,59.895410
3.355900,59.907011
3.356000,59.917272
3.356100,59.930014
3.356200,59.940677
3.356300,59.946755
3.356400,59.953481
3.356500,59.953326
3.356600,59.954106
3.356700,59.952719
3.356800,59.949363
3.356900,59.946862
3.357000,59.944188
3.357100,59.942660
3.357200,59.941991
3.357300,59.942207
3.357400,59.943158
3.357500,59.944587
3.357600,59.945924
3.357700,59.947254
3.357800,59.948288
3.357900,59.948655
3.358000,59.948904
3.358100,59.948986
3.358200,59.948494
3.358300,59.948149
3.358400,59.946961
3.358500,59.945752
3.358600,59.943994
3.358700,59.943050
3.358800,59.941838
3.358900,59.940060
3.359000,59.938648
3.359100,59.938149
3.359200,59.937202
3.359300,59.936152
3.359400,59.935343
3.359500,59.935014
3.359600,59.934276
3.359700,59.934263
3.359800,59.934207
3.359900,59.934607
3.360000,59.934380
3.360100,59.933761
3.360200,59.932945
3.360300,59.932261
3.360400,59.931854
3.360500,59.931735
3.360600,59.932392
3.360700,59.932591
3.360800,59.933149
3.360900,59.933848
3.361000,59.935528
3.361100,59.936207
3.361200,59.937490
3.361300,59.938586
3.361400,59.939994
3.361500,59.942238
3.361600,59.943847
3.361700,59.945015
3.361800,59.946395
3.361900,59.947644
3.362000,59.948573
3.362100,59.948540
3.362200,59.947322
3.362300,59.945157
3.362400,59.941429
3.362500,59.938685
3.362600,59.931786
3.362700,59.924469
3.362800,59.916347
3.362900,59.908879
3.363000,59.901885
3.363100,59.894171
3.363200,59.884762
3.363300,59.874226
3.363400,59.860742
3.363500,59.847885
3.363600,59.833165
3.363700,59.822873
3.363800,59.820191
3.363900,59.823239
3.364000,59.835816
3.364100,59.848442
3.364200,59.865682
3.364300,59.880725
3.364400,59.896428
3.364500,59.910141
3.364600,59.922615
3.364700,59.931324
3.364800,59.935094
3.364900,59.937932
3.365000,59.938201
3.365100,59.934332
3.365200,59.931912
3.365300,59.929090
3.365400,59.927348
3.365500,59.926429
3.365600,59.926308
3.365700,59.926910
3.365800,59.928125
3.365900,59.929917
3.366000,59.931355
3.366100,59.932865
3.366200,59.934202
3.366300,59.934796
3.366400,59.934562
3.366500,59.934817
3.366600,59.934712
3.366700,59.933426
3.366800,59.933019
3.366900,59.931836
3.367000,59.930569
3.367100,59.929306
3.367200,59.928291
3.367300,59.927212
3.367400,59.926736
3.367500,59.925804
3.367600,59.925609
3.367700,59.924945
3.367800,59.924523
3.367900,59.924130
3.368000,59.924510
3.368100,59.924241
3.368200,59.924288
3.368300,59.924080
3.368400,59.924176
3.368500,59.924112
3.368600,59.924389
3.368700,59.923383
3.368800,59.923426
3.368900,59.923752
3.369000,59.923899
3.369100,59.924799
3.369200,59.924919
3.369300,59.926051
3.369400,59.927230
3.369500,59.928470
3.369600,59.930729
3.369700,59.932651
3.369800,59.935386
3.369900,59.937844
3.370000,59.940277
3.370100,59.941963
3.370200,59.944166
3.370300,59.946316
3.370400,59.947435
3.370500,59.946975
3.370600,59.946862
3.370700,59.944415
3.370800,59.941542
3.370900,59.936759
3.371000,59.930544
3.371100,59.922845
3.371200,59.915469
3.371300,59.907169
3.371400,59.898250
3.371500,59.888238
3.371600,59.876688
3.371700,59.865876
3.371800,59.858171
3.371900,59.851046
3.372000,59.850989
3.372100,59.852696
3.372200,59.859623
3.372300,59.872747
3.372400,59.887776
3.372500,59.904021
3.372600,59.916588
3.372700,59.917015
3.372800,59.917676
3.372900,59.918518
3.373000,59.919304
3.373100,59.920075
3.373200,59.920827
3.373300,59.921335
3.373400,59.921687
3.373500,59.921862
3.373600,59.921858
3.373700,59.921468
3.373800,59.921088
3.373900,59.920527
3.374000,59.919762
3.374100,59.918950
3.374200,59.917963
3.374300,59.917188
3.374400,59.916398
3.374500,59.915782
3.374600,59.915173
3.374700,59.914561
3.374800,59.914072
3.374900,59.913695
3.375000,59.913335
3.375100,59.913249
3.375200,59.913144
3.375300,59.913047
3.375400,59.912971
3.375500,59.912849
3.375600,59.912825
3.375700,59.912794
3.375800,59.912685
3.375900,59.912709
3.376000,59.912714
3.376100,59.912667
3.376200,59.912638
3.376300,59.912592
3.376400,59.912548
3.376500,59.912517
3.376600,59.912492
3.376700,59.912471
3.376800,59.912443
3.376900,59.912461
3.377000,59.912448
3.377100,59.912430
3.377200,59.912432
3.377300,59.912446
3.377400,59.912541
3.377500,59.912665
3.377600,59.912851
3.377700,59.913079
3.377800,59.913367
3.377900,59.913722
3.378000,59.914239
3.378100,59.914709
3.378200,59.915112
3.378300,59.915731
3.378400,59.916258
3.378500,59.916844
3.378600,59.917513
3.378700,59.917990
3.378800,59.918427
3.378900,59.918963
3.379000,59.919314
3.379100,59.919575
3.379200,59.919551
3.379300,59.919373
3.379400,59.919171
3.379500,59.918798
3.379600,59.918282
3.379700,59.917555
3.379800,59.916626
3.379900,59.915677
3.380000,59.914748
3.380100,59.914008
3.380200,59.913321
3.380300,59.913310
3.380400,59.913598
3.380500,59.914261
3.380600,59.914865
3.380700,59.916147
3.380800,59.918278
3.380900,59.920279
3.381000,59.923293
3.381100,59.926136
3.381200,59.929337
3.381300,59.932262
3.381400,59.935330
3.381500,59.937865
3.381600,59.939489
3.381700,59.941142
3.381800,59.941961
3.381900,59.942518
3.382000,59.942080
3.382100,59.941776
3.382200,59.941280
3.382300,59.940548
3.382400,59.939635
3.382500,59.938616
3.382600,59.937912
3.382700,59.937297
3.382800,59.936945
3.382900,59.936549
3.383000,59.936293
3.383100,59.936170
3.383200,59.936047
3.383300,59.936019
3.383400,59.936007
3.383500,59.935988
3.383600,59.935945
3.383700,59.935843
3.383800,59.935786
3.383900,59.935756
3.384000,59.935707
3.384100,59.935481
3.384200,59.935430
3.384300,59.935384
3.384400,59.935274
3.384500,59.935140
3.384600,59.934983
3.384700,59.934884
3.384800,59.934817
3.384900,59.934659
3.385000,59.934797
3.385100,59.935005
3.385200,59.934831
3.385300,59.934947
3.385400,59.935011
3.385500,59.935118
3.385600,59.935207
3.385700,59.935183
3.385800,59.935572
3.385900,59.936351
3.386000,59.937171
3.386100,59.938066
3.386200,59.939556
3.386300,59.940701
3.386400,59.942380
3.386500,59.943856
3.386600,59.945259
3.386700,59.946839
3.386800,59.948646
3.386900,59.950174
3.387000,59.951762
3.387100,59.953650
3.387200,59.954366
3.387300,59.955549
3.387400,59.955692
3.387500,59.955186
3.387600,59.954137
3.387700,59.952629
3.387800,59.950548
3.387900,59.947788
3.388000,59.944816
3.388100,59.941851
3.388200,59.937399
3.388300,59.934342
3.388400,59.931247
3.388500,59.928915
3.388600,59.927309
3.388700,59.925473
3.388800,59.926064
3.388900,59.927138
3.389000,59.929238
3.389100,59.932736
3.389200,59.936960
3.389300,59.942065
3.389400,59.948535
3.389500,59.954049
3.389600,59.960222
3.389700,59.966646
3.389800,59.973088
3.389900,59.976740
3.390000,59.980278
3.390100,59.982556
3.390200,59.983022
3.390300,59.982137
3.390400,59.981254
3.390500,59.979233
3.390600,59.976825
3.390700,59.974506
3.390800,59.972941
3.390900,59.971611
3.391000,59.970563
3.391100,59.970016
3.391200,59.969680
3.391300,59.969461
3.391400,59.969419
3.391500,59.969436
3.391600,59.969431
3.391700,59.969300
3.391800,59.969067
3.391900,59.968784
3.392000,59.968431
3.392100,59.968095
3.392200,59.967505
3.392300,59.966842
3.392400,59.966237
3.392500,59.965929
3.392600,59.965143
3.392700,59.964649
3.392800,59.964244
3.392900,59.964116
3.393000,59.963571
3.393100,59.963297
3.393200,59.962533
3.393300,59.962447
3.393400,59.962058
3.393500,59.961866
3.393600,59.962011
3.393700,59.961770
3.393800,59.961400
3.393900,59.961363
3.394000,59.960998
3.394100,59.961308
3.394200,59.961497
3.394300,59.961986
3.394400,59.963014
3.394500,59.964228
3.394600,59.965704
3.394700,59.967054
3.394800,59.969151
3.394900,59.971180
3.395000,59.972823
3.395100,59.975238
3.395200,59.977361
3.395300,59.979772
3.395400,59.981643
3.395500,59.981755
3.395600,59.981664
3.395700,59.981763
3.395800,59.980171
3.395900,59.976510
3.396000,59.972409
3.396100,59.968436
3.396200,59.961648
3.396300,59.954473
3.396400,59.945610
3.396500,59.937520
3.396600,59.929080
3.396700,59.921860
3.396800,59.914341
3.396900,59.908013
3.397000,59.904638
3.397100,59.903628
3.397200,59.904463
3.397300,59.907748
3.397400,59.913260
3.397500,59.919124
3.397600,59.926918
3.397700,59.936915
3.397800,59.944959
3.397900,59.954718
3.398000,59.964420
3.398100,59.969931
3.398200,59.974310
3.398300,59.976039
3.398400,59.978494
3.398500,59.977166
3.398600,59.976408
3.398700,59.974419
3.398800,59.971079
3.398900,59.966652
3.399000,59.964279
3.399100,59.962757
3.399200,59.961497
3.399300,59.960693
3.399400,59.960294
3.399500,59.960294
3.399600,59.960458
3.399700,59.960615
3.399800,59.960595
3.399900,59.960425
3.400000,59.960162
3.400100,59.959727
3.400200,59.958888
3.400300,59.957850
3.400400,59.956641
3.400500,59.955397
3.400600,59.954548
3.400700,59.953328
3.400800,59.952871
3.400900,59.951388
3.401000,59.950346
3.401100,59.949661
3.401200,59.949054
3.401300,59.948364
3.401400,59.947995
3.401500,59.947371
3.401600,59.947297
3.401700,59.947020
3.401800,59.946412
3.401900,59.945961
3.402000,59.945835
3.402100,59.945985
3.402200,59.945853
3.402300,59.945341
3.402400,59.945343
3.402500,59.945149
3.402600,59.945903
3.402700,59.947599
3.402800,59.948687
3.402900,59.951014
3.403000,59.952652
3.403100,59.955172
3.403200,59.957187
3.403300,59.960511
3.403400,59.962928
3.403500,59.965236
3.403600,59.966677
3.403700,59.968164
3.403800,59.968733
3.403900,59.967935
3.404000,59.966632
3.404100,59.964709
3.404200,59.961617
3.404300,59.957826
3.404400,59.951689
3.404500,59.942883
3.404600,59.932436
3.404700,59.922953
3.404800,59.912813
3.404900,59.902719
3.405000,59.893270
3.405100,59.885408
3.405200,59.881545
3.405300,59.878349
3.405400,59.875368
3.405500,59.877005
3.405600,59.881535
3.405700,59.889397
3.405800,59.902462
3.405900,59.916250
3.406000,59.930930
3.406100,59.945520
3.406200,59.955249
3.406300,59.965207
3.406400,59.974708
3.406500,59.981137
3.406600,59.984077
3.406700,59.983305
3.406800,59.983596
3.406900,59.980097
3.407000,59.975713
3.407100,59.973082
3.407200,59.970120
3.407300,59.968181
3.407400,59.966867
3.407500,59.966208
3.407600,59.966127
3.407700,59.966457
3.407800,59.966744
3.407900,59.967140
3.408000,59.967480
3.408100,59.967669
3.408200,59.967304
3.408300,59.966836
3.408400,59.966279
3.408500,59.965605
3.408600,59.964643
3.408700,59.963313
3.408800,59.962553
3.408900,59.961712
3.409000,59.960477
3.409100,59.959909
3.409200,59.959660
3.409300,59.959023
3.409400,59.958691
3.409500,59.958130
3.409600,59.957796
3.409700,59.957711
3.409800,59.957244
3.409900,59.956916
3.410000,59.956701
3.410100,59.957095
3.410200,59.957303
3.410300,59.957019
3.410400,59.957631
3.410500,59.957538
3.410600,59.957516
3.410700,59.957022
3.410800,59.957844
3.410900,59.959061
3.411000,59.959517
3.411100,59.960867
3.411200,59.963006
3.411300,59.964801
3.411400,59.967977
3.411500,59.970381
3.411600,59.972761
3.411700,59.975182
3.411800,59.977720
3.411900,59.980313
3.412000,59.982593
3.412100,59.984341
3.412200,59.984905
3.412300,59.984656
3.412400,59.982496
3.412500,59.980375
3.412600,59.975773
3.412700,59.971324
3.412800,59.966167
3.412900,59.957354
3.413000,59.949369
3.413100,59.939535
3.413200,59.929856
3.413300,59.920947
3.413400,59.915263
3.413500,59.907383
3.413600,59.905256
3.413700,59.905158
3.413800,59.910297
3.413900,59.920125
3.414000,59.933316
3.414100,59.948727
3.414200,59.963113
3.414300,59.979323
3.414400,59.992454
3.414500,60.008480
3.414600,60.023619
3.414700,60.037540
3.414800,60.048774
3.414900,60.051648
3.415000,60.050586
3.415100,60.048254
3.415200,60.045116
3.415300,60.042626
3.415400,60.039932
3.415500,60.037822
3.415600,60.036473
3.415700,60.035679
3.415800,60.035611
3.415900,60.036117
3.416000,60.037028
3.416100,60.037832
3.416200,60.038493
3.416300,60.039218
3.416400,60.039280
3.416500,60.039334
3.416600,60.038919
3.416700,60.038430
3.416800,60.038178
3.416900,60.037193
3.417000,60.036344
3.417100,60.035651
3.417200,60.035140
3.417300,60.034292
3.417400,60.033684
3.417500,60.032914
3.417600,60.032727
3.417700,60.032408
3.417800,60.031935
3.417900,60.032378
3.418000,60.032459
3.418100,60.032695
3.418200,60.033077
3.418300,60.032706
3.418400,60.032816
3.418500,60.032442
3.418600,60.032766
3.418700,60.033132
3.418800,60.033007
3.418900,60.033373
3.419000,60.034115
3.419100,60.034244
3.419200,60.035161
3.419300,60.036295
3.419400,60.037556
3.419500,60.039336
3.419600,60.041566
3.419700,60.044004
3.419800,60.045978
3.419900,60.047991
3.420000,60.050560
3.420100,60.053315
3.420200,60.055305
3.420300,60.057268
3.420400,60.058769
3.420500,60.059493
3.420600,60.059459
3.420700,60.058822
3.420800,60.055423
3.420900,60.052224
3.421000,60.046089
3.421100,60.040560
3.421200,60.032173
3.421300,60.024184
3.421400,60.015622
3.421500,60.005177
3.421600,59.994213
3.421700,59.983177
3.421800,59.974812
3.421900,59.972202
3.422000,59.970895
3.422100,59.975513
3.422200,59.981310
3.422300,59.992582
3.422400,60.004793
3.422500,60.021391
3.422600,60.033401
3.422700,60.045530
3.422800,60.058439
3.422900,60.072584
3.423000,60.086806
3.423100,60.095821
3.423200,60.100721
3.423300,60.103622
3.423400,60.103119
3.423500,60.101367
3.423600,60.097154
3.423700,60.094199
3.423800,60.091946
3.423900,60.090812
3.424000,60.090493
3.424100,60.090896
3.424200,60.091941
3.424300,60.093131
3.424400,60.094179
3.424500,60.095243
3.424600,60.096156
3.424700,60.096795
3.424800,60.096418
3.424900,60.096703
3.425000,60.096148
3.425100,60.095809
3.425200,60.094942
3.425300,60.093837
3.425400,60.093614
3.425500,60.092636
3.425600,60.091449
3.425700,60.090859
3.425800,60.090512
3.425900,60.090322
3.426000,60.089815
3.426100,60.089501
3.426200,60.089522
3.426300,60.089712
3.426400,60.089844
3.426500,60.090431
3.426600,60.089801
3.426700,60.089238
3.426800,60.088872
3.426900,60.089597
3.427000,60.089830
3.427100,60.089895
3.427200,60.090241
3.427300,60.090639
3.427400,60.091356
3.427500,60.092408
3.427600,60.093095
3.427700,60.093988
3.427800,60.095787
3.427900,60.097163
3.428000,60.099083
3.428100,60.100958
3.428200,60.102879
3.428300,60.104545
3.428400,60.106833
3.428500,60.109306
3.428600,60.110878
3.428700,60.111586
3.428800,60.112088
3.428900,60.111814
3.429000,60.110400
3.429100,60.106596
3.429200,60.101815
3.429300,60.095091
3.429400,60.088791
3.429500,60.080863
3.429600,60.071519
3.429700,60.062638
3.429800,60.053183
3.429900,60.044086
3.430000,60.032050
3.430100,60.018633
3.430200,60.008318
3.430300,59.999293
3.430400,59.993233
3.430500,59.991977
3.430600,59.997940
3.430700,60.007294
3.430800,60.019053
3.430900,60.036091
3.431000,60.050565
3.431100,60.060999
3.431200,60.074445
3.431300,60.082986
3.431400,60.085940
3.431500,60.090039
3.431600,60.086783
3.431700,60.085641
3.431800,60.083480
3.431900,60.081340
3.432000,60.079040
3.432100,60.077951
3.432200,60.077722
3.432300,60.078275
3.432400,60.079437
3.432500,60.080944
3.432600,60.082787
3.432700,60.084081
3.432800,60.085807
3.432900,60.086523
3.433000,60.087251
3.433100,60.087354
3.433200,60.087083
3.433300,60.086455
3.433400,60.085547
3.433500,60.084291
3.433600,60.082746
3.433700,60.081457
3.433800,60.081261
3.433900,60.080356
3.434000,60.079504
3.434100,60.078324
3.434200,60.077679
3.434300,60.077232
3.434400,60.077534
3.434500,60.076725
3.434600,60.076502
3.434700,60.076178
3.434800,60.076044
3.434900,60.075823
3.435000,60.075428
3.435100,60.075428
3.435200,60.075641
3.435300,60.075349
3.435400,60.075231
3.435500,60.075001
3.435600,60.075201
3.435700,60.074954
3.435800,60.075810
3.435900,60.076293
3.436000,60.076674
3.436100,60.077481
3.436200,60.077924
3.436300,60.079844
3.436400,60.081440
3.436500,60.084056
3.436600,60.086322
3.436700,60.087835
3.436800,60.088875
3.436900,60.089469
3.437000,60.089586
3.437100,60.090287
3.437200,60.090633
3.437300,60.087996
3.437400,60.082180
3.437500,60.076901
3.437600,60.070084
3.437700,60.062313
3.437800,60.055621
3.437900,60.049261
3.438000,60.042729
3.438100,60.035397
3.438200,60.028048
3.438300,60.019249
3.438400,60.008285
3.438500,59.995199
3.438600,59.981154
3.438700,59.968838
3.438800,59.962239
3.438900,59.960101
3.439000,59.962933
3.439100,59.967971
3.439200,59.972815
3.439300,59.984468
3.439400,59.994499
3.439500,60.005678
3.439600,60.015122
3.439700,60.017698
3.439800,60.022328
3.439900,60.022832
3.440000,60.022918
3.440100,60.018889
3.440200,60.015714
3.440300,60.013379
3.440400,60.012261
3.440500,60.012154
3.440600,60.012816
3.440700,60.014109
3.440800,60.015965
3.440900,60.018186
3.441000,60.020013
3.441100,60.020786
3.441200,60.021336
3.441300,60.021743
3.441400,60.021019
3.441500,60.020122
3.441600,60.019304
3.441700,60.018310
3.441800,60.016683
3.441900,60.015197
3.442000,60.013915
3.442100,60.013114
3.442200,60.011860
3.442300,60.011086
3.442400,60.010027
3.442500,60.009101
3.442600,60.008266
3.442700,60.007646
3.442800,60.007296
3.442900,60.007256
3.443000,60.006534
3.443100,60.006185
3.443200,60.005389
3.443300,60.005120
3.443400,60.005203
3.443500,60.004959
3.443600,60.004294
3.443700,60.004151
3.443800,60.004491
3.443900,60.004354
3.444000,60.004420
3.444100,60.004473
3.444200,60.005071
3.444300,60.006484
3.444400,60.007504
3.444500,60.008671
3.444600,60.009310
3.444700,60.010821
3.444800,60.012647
3.444900,60.014332
3.445000,60.016035
3.445100,60.017130
3.445200,60.019484
3.445300,60.020132
3.445400,60.020408
3.445500,60.020576
3.445600,60.019385
3.445700,60.013376
3.445800,60.008104
3.445900,60.001226
3.446000,59.994841
3.446100,59.987879
3.446200,59.979130
3.446300,59.970780
3.446400,59.963632
3.446500,59.955297
3.446600,59.946667
3.446700,59.934736
3.446800,59.920389
3.446900,59.905284
3.447000,59.892530
3.447100,59.884576
3.447200,59.883122
3.447300,59.887227
3.447400,59.893831
3.447500,59.907829
3.447600,59.921527
3.447700,59.936888
3.447800,59.949603
3.447900,59.960757
3.448000,59.967918
3.448100,59.972996
3.448200,59.972476
3.448300,59.971256
3.448400,59.968644
3.448500,59.965813
3.448600,59.962851
3.448700,59.961229
3.448800,59.960635
3.448900,59.960797
3.449000,59.961623
3.449100,59.963134
3.449200,59.965049
3.449300,59.967078
3.449400,59.968595
3.449500,59.968852
3.449600,59.969700
3.449700,59.969800
3.449800,59.969370
3.449900,59.968046
3.450000,59.966844
3.450100,59.966081
3.450200,59.964441
3.450300,59.963416
3.450400,59.961930
3.450500,59.961395
3.450600,59.960904
3.450700,59.960052
3.450800,59.959099
3.450900,59.958455
3.451000,59.957790
3.451100,59.957488
3.451200,59.957004
3.451300,59.956966
3.451400,59.956810
3.451500,59.957131
3.451600,59.957242
3.451700,59.957207
3.451800,59.957062
3.451900,59.956368
3.452000,59.957086
3.452100,59.956978
3.452200,59.956448
3.452300,59.956542
3.452400,59.956945
3.452500,59.957412
3.452600,59.958298
3.452700,59.959912
3.452800,59.961381
3.452900,59.962660
3.453000,59.964345
3.453100,59.965900
3.453200,59.967214
3.453300,59.969299
3.453400,59.972640
3.453500,59.974032
3.453600,59.975811
3.453700,59.976282
3.453800,59.977865
3.453900,59.977667
3.454000,59.975786
3.454100,59.971913
3.454200,59.967985
3.454300,59.962566
3.454400,59.955298
3.454500,59.947764
3.454600,59.941146
3.454700,59.933003
3.454800,59.923826
3.454900,59.913710
3.455000,59.901515
3.455100,59.890272
3.455200,59.881664
3.455300,59.874941
3.455400,59.872154
3.455500,59.877103
3.455600,59.891349
3.455700,59.907230
3.455800,59.924344
3.455900,59.940426
3.456000,59.953828
3.456100,59.968220
3.456200,59.981246
3.456300,59.995120
3.456400,60.004945
3.456500,60.007499
3.456600,60.010702
3.456700,60.008841
3.456800,60.005740
3.456900,60.003764
3.457000,60.000985
3.457100,59.999264
3.457200,59.998667
3.457300,59.998839
3.457400,59.999622
3.457500,60.000982
3.457600,60.002708
3.457700,60.004780
3.457800,60.006438
3.457900,60.007836
3.458000,60.008427
3.458100,60.008195
3.458200,60.007780
3.458300,60.007366
3.458400,60.006917
3.458500,60.006062
3.458600,60.004746
3.458700,60.003998
3.458800,60.003116
3.458900,60.001908
3.459000,60.001326
3.459100,60.000560
3.459200,60.000438
3.459300,60.000265
3.459400,60.000323
3.459500,60.000268
3.459600,60.000470
3.459700,60.000228
3.459800,60.000073
3.459900,60.000255
3.460000,60.000433
3.460100,60.000718
3.460200,60.000751
3.460300,60.000723
3.460400,60.000778
3.460500,60.001148
3.460600,60.000912
3.460700,60.001669
3.460800,60.002595
3.460900,60.003554
3.461000,60.004869
3.461100,60.006641
3.461200,60.008518
3.461300,60.010256
3.461400,60.011841
3.461500,60.014248
3.461600,60.016187
3.461700,60.018384
3.461800,60.020456
3.461900,60.022589
3.462000,60.024788
3.462100,60.026230
3.462200,60.026164
3.462300,60.023795
3.462400,60.020144
3.462500,60.016686
3.462600,60.012105
3.462700,60.006642
3.462800,59.999076
3.462900,59.992222
3.463000,59.984160
3.463100,59.974033
3.463200,59.964054
3.463300,59.953314
3.463400,59.944473
3.463500,59.936910
3.463600,59.930151
3.463700,59.929972
3.463800,59.937069
3.463900,59.947759
3.464000,59.965193
3.464100,59.979380
3.464200,59.993905
3.464300,60.006675
3.464400,60.019697
3.464500,60.034230
3.464600,60.046804
3.464700,60.060117
3.464800,60.068540
3.464900,60.072286
3.465000,60.072626
3.465100,60.069927
3.465200,60.067764
3.465300,60.064248
3.465400,60.062194
3.465500,60.061149
3.465600,60.061032
3.465700,60.061519
3.465800,60.062673
3.465900,60.064269
3.466000,60.066221
3.466100,60.068253
3.466200,60.069685
3.466300,60.070608
3.466400,60.070963
3.466500,60.070573
3.466600,60.069524
3.466700,60.069443
3.466800,60.068814
3.466900,60.067718
3.467000,60.066782
3.467100,60.065791
3.467200,60.065070
3.467300,60.064208
3.467400,60.063226
3.467500,60.063002
3.467600,60.063073
3.467700,60.062734
3.467800,60.062336
3.467900,60.062002
3.468000,60.062407
3.468100,60.062738
3.468200,60.062910
3.468300,60.063551
3.468400,60.063357
3.468500,60.063012
3.468600,60.063233
3.468700,60.063296
3.468800,60.063703
3.468900,60.063876
3.469000,60.064926
3.469100,60.065095
3.469200,60.065517
3.469300,60.066913
3.469400,60.068577
3.469500,60.069657
3.469600,60.070656
3.469700,60.072479
3.469800,60.074418
3.469900,60.076255
3.470000,60.079078
3.470100,60.081021
3.470200,60.083347
3.470300,60.084884
3.470400,60.085876
3.470500,60.084857
3.470600,60.083514
3.470700,60.079736
3.470800,60.075204
3.470900,60.069877
3.471000,60.063130
3.471100,60.055905
3.471200,60.049030
3.471300,60.042035
3.471400,60.034229
3.471500,60.025879
3.471600,60.017639
3.471700,60.007776
3.471800,59.995073
3.471900,59.983304
3.472000,59.976483
3.472100,59.973821
3.472200,59.977657
3.472300,59.984330
3.472400,59.991720
3.472500,60.006980
3.472600,60.023226
3.472700,60.038803
3.472800,60.052368
3.472900,60.063446
3.473000,60.072908
3.473100,60.077091
3.473200,60.078114
3.473300,60.076632
3.473400,60.073944
3.473500,60.070335
3.473600,60.068390
3.473700,60.067332
3.473800,60.067194
3.473900,60.067869
3.474000,60.069185
3.474100,60.071043
3.474200,60.073260
3.474300,60.075055
3.474400,60.076735
3.474500,60.077696
3.474600,60.078464
3.474700,60.079327
3.474800,60.079083
3.474900,60.078423
3.475000,60.077364
3.475100,60.076066
3.475200,60.075162
3.475300,60.073869
3.475400,60.073062
3.475500,60.072059
3.475600,60.070995
3.475700,60.069804
3.475800,60.069260
3.475900,60.068441
3.476000,60.068134
3.476100,60.067754
3.476200,60.067964
3.476300,60.067899
3.476400,60.068027
3.476500,60.067909
3.476600,60.067413
3.476700,60.067002
3.476800,60.067103
3.476900,60.067590
3.477000,60.067135
3.477100,60.067416
3.477200,60.067235
3.477300,60.066737
3.477400,60.067262
3.477500,60.068407
3.477600,60.068753
3.477700,60.069169
3.477800,60.070039
3.477900,60.071670
3.478000,60.072908
3.478100,60.074582
3.478200,60.076701
3.478300,60.078163
3.478400,60.080113
3.478500,60.082105
3.478600,60.082323
3.478700,60.083380
3.478800,60.082446
3.478900,60.079886
3.479000,60.076847
3.479100,60.070785
3.479200,60.064377
3.479300,60.057352
3.479400,60.051176
3.479500,60.044536
3.479600,60.038032
3.479700,60.031363
3.479800,60.025146
3.479900,60.018221
3.480000,60.010458
3.480100,60.000210
3.480200,59.987149
3.480300,59.976696
3.480400,59.964463
3.480500,59.954954
3.480600,59.954102
3.480700,59.959979
3.480800,59.964419
3.480900,59.974344
3.481000,59.986427
3.481100,59.998725
3.481200,60.008479
3.481300,60.012609
3.481400,60.013722
3.481500,60.014913
3.481600,60.013880
3.481700,60.012329
3.481800,60.010085
3.481900,60.008024
3.482000,60.006354
3.482100,60.005777
3.482200,60.006049
3.482300,60.007071
3.482400,60.008577
3.482500,60.010323
3.482600,60.011996
3.482700,60.013615
3.482800,60.015179
3.482900,60.015261
3.483000,60.015541
3.483100,60.015034
3.483200,60.013962
3.483300,60.013419
3.483400,60.012329
3.483500,60.010778
3.483600,60.009327
3.483700,60.008369
3.483800,60.006952
3.483900,60.005572
3.484000,60.004731
3.484100,60.003750
3.484200,60.002830
3.484300,60.002223
3.484400,60.002479
3.484500,60.002133
3.484600,60.002235
3.484700,60.001994
3.484800,60.001123
3.484900,60.000899
3.485000,60.000886
3.485100,60.000119
3.485200,59.999464
3.485300,59.999022
3.485400,59.998951
3.485500,59.998535
3.485600,59.998147
3.485700,59.998175
3.485800,59.997996
3.485900,59.998794
3.486000,59.999074
3.486100,60.000302
3.486200,60.001603
3.486300,60.003530
3.486400,60.004158
3.486500,60.005476
3.486600,60.007528
3.486700,60.009041
3.486800,60.010939
3.486900,60.012242
3.487000,60.014038
3.487100,60.013878
3.487200,60.012632
3.487300,60.010381
3.487400,60.006667
3.487500,59.999940
3.487600,59.993207
3.487700,59.987559
3.487800,59.980810
3.487900,59.974568
3.488000,59.966811
3.488100,59.959257
3.488200,59.952169
3.488300,59.941496
3.488400,59.930207
3.488500,59.917127
3.488600,59.902585
3.488700,59.888769
3.488800,59.883556
3.488900,59.881024
3.489000,59.881347
3.489100,59.890023
3.489200,59.900996
3.489300,59.916136
3.489400,59.927340
3.489500,59.936726
3.489600,59.946871
3.489700,59.953188
3.489800,59.955398
3.489900,59.956222
3.490000,59.954574
3.490100,59.951104
3.490200,59.947657
3.490300,59.945413
3.490400,59.944648
3.490500,59.944426
3.490600,59.944955
3.490700,59.946138
3.490800,59.947965
3.490900,59.950223
3.491000,59.951590
3.491100,59.952539
3.491200,59.953769
3.491300,59.954008
3.491400,59.954356
3.491500,59.954006
3.491600,59.952974
3.491700,59.951505
3.491800,59.950362
3.491900,59.948849
3.492000,59.947556
3.492100,59.945919
3.492200,59.945049
3.492300,59.943794
3.492400,59.942861
3.492500,59.942542
3.492600,59.942461
3.492700,59.941668
3.492800,59.941912
3.492900,59.941385
3.493000,59.940956
3.493100,59.941051
3.493200,59.941114
3.493300,59.940663
3.493400,59.940579
3.493500,59.940302
3.493600,59.940301
3.493700,59.940413
3.493800,59.940529
3.493900,59.940150
3.494000,59.940351
3.494100,59.941103
3.494200,59.941481
3.494300,59.941953
3.494400,59.942973
3.494500,59.944671
3.494600,59.946173
3.494700,59.948035
3.494800,59.950335
3.494900,59.952114
3.495000,59.953159
3.495100,59.954870
3.495200,59.956024
3.495300,59.957212
3.495400,59.958574
3.495500,59.958292
3.495600,59.956911
3.495700,59.955404
3.495800,59.952152
3.495900,59.946374
3.496000,59.939474
3.496100,59.933197
3.496200,59.924310
3.496300,59.917650
3.496400,59.910111
3.496500,59.901409
3.496600,59.891012
3.496700,59.878555
3.496800,59.870168
3.496900,59.859932
3.497000,59.853178
3.497100,59.852872
3.497200,59.856071
3.497300,59.863784
3.497400,59.874172
3.497500,59.889281
3.497600,59.901534
3.497700,59.915792
3.497800,59.929110
3.497900,59.944618
3.498000,59.959116
3.498100,59.967034
3.498200,59.971050
3.498300,59.969104
3.498400,59.968239
3.498500,59.966175
3.498600,59.962235
3.498700,59.959778
3.498800,59.958593
3.498900,59.958301
3.499000,59.958630
3.499100,59.959542
3.499200,59.961123
3.499300,59.963063
3.499400,59.964534
3.499500,59.965612
3.499600,59.966527
3.499700,59.967164
3.499800,59.967930
3.499900,59.967372
3.500000,59.966468
3.500100,59.965711
3.500200,59.964179
3.500300,59.963457
3.500400,59.962202
3.500500,59.961482
3.500600,59.960881
3.500700,59.960225
3.500800,59.959588
3.500900,59.959227
3.501000,59.959168
3.501100,59.958770
3.501200,59.958546
3.501300,59.958587
3.501400,59.958455
3.501500,59.958358
3.501600,59.958567
3.501700,59.958356
3.501800,59.957881
3.501900,59.957835
3.502000,59.958604
3.502100,59.959288
3.502200,59.959584
3.502300,59.960119
3.502400,59.960111
3.502500,59.961103
3.502600,59.961784
3.502700,59.962721
3.502800,59.964354
3.502900,59.966038
3.503000,59.968185
3.503100,59.970841
3.503200,59.972851
3.503300,59.974648
3.503400,59.977299
3.503500,59.979453
3.503600,59.981112
3.503700,59.981560
3.503800,59.982222
3.503900,59.981627
3.504000,59.979891
3.504100,59.978234
3.504200,59.976537
3.504300,59.971307
3.504400,59.964621
3.504500,59.958195
3.504600,59.949687
3.504700,59.940427
3.504800,59.931381
3.504900,59.920881
3.505000,59.911038
3.505100,59.900683
3.505200,59.891345
3.505300,59.887940
3.505400,59.890697
3.505500,59.897089
3.505600,59.911431
3.505700,59.926684
3.505800,59.941873
3.505900,59.954499
3.506000,59.966963
3.506100,59.979611
3.506200,59.991929
3.506300,60.004788
3.506400,60.017355
3.506500,60.026417
3.506600,60.027879
3.506700,60.027015
3.506800,60.024783
3.506900,60.021155
3.507000,60.018426
3.507100,60.016331
3.507200,60.015276
3.507300,60.014988
3.507400,60.015416
3.507500,60.016487
3.507600,60.017767
3.507700,60.019510
3.507800,60.020762
3.507900,60.021889
3.508000,60.022434
3.508100,60.022600
3.508200,60.022711
3.508300,60.022149
3.508400,60.021535
3.508500,60.020660
3.508600,60.019289
3.508700,60.018654
3.508800,60.017461
3.508900,60.016658
3.509000,60.016401
3.509100,60.016001
3.509200,60.015447
3.509300,60.015244
3.509400,60.015244
3.509500,60.015560
3.509600,60.015754
3.509700,60.015520
3.509800,60.015624
3.509900,60.015745
3.510000,60.015616
3.510100,60.015320
3.510200,60.015254
3.510300,60.015670
3.510400,60.016004
3.510500,60.016441
3.510600,60.016552
3.510700,60.016738
3.510800,60.017416
3.510900,60.018280
3.511000,60.019238
3.511100,60.021107
3.511200,60.022985
3.511300,60.024835
3.511400,60.026666
3.511500,60.027516
3.511600,60.029169
3.511700,60.031645
3.511800,60.033886
3.511900,60.035228
3.512000,60.036939
3.512100,60.038022
3.512200,60.037985
3.512300,60.036088
3.512400,60.033304
3.512500,60.028735
3.512600,60.024917
3.512700,60.018920
3.512800,60.013647
3.512900,60.005396
3.513000,59.998587
3.513100,59.991011
3.513200,59.979655
3.513300,59.970610
3.513400,59.957737
3.513500,59.946789
3.513600,59.938381
3.513700,59.933402
3.513800,59.933281
3.513900,59.942159
3.514000,59.952575
3.514100,59.966145
3.514200,59.981014
3.514300,59.995183
3.514400,60.007814
3.514500,60.023487
3.514600,60.036657
3.514700,60.044144
3.514800,60.047258
3.514900,60.048342
3.515000,60.048182
3.515100,60.047026
3.515200,60.042734
3.515300,60.040318
3.515400,60.038787
3.515500,60.038294
3.515600,60.038578
3.515700,60.039419
3.515800,60.040783
3.515900,60.042740
3.516000,60.045043
3.516100,60.046435
3.516200,60.048108
3.516300,60.049118
3.516400,60.049411
3.516500,60.049434
3.516600,60.048470
3.516700,60.047337
3.516800,60.046462
3.516900,60.044734
3.517000,60.043496
3.517100,60.042602
3.517200,60.041552
3.517300,60.041034
3.517400,60.040300
3.517500,60.039386
3.517600,60.039216
3.517700,60.038888
3.517800,60.038817
3.517900,60.038278
3.518000,60.038134
3.518100,60.038057
3.518200,60.037726
3.518300,60.037642
3.518400,60.037657
3.518500,60.037930
3.518600,60.038011
3.518700,60.037897
3.518800,60.037360
3.518900,60.037770
3.519000,60.038130
3.519100,60.038170
3.519200,60.038935
3.519300,60.039123
3.519400,60.040481
3.519500,60.041983
3.519600,60.043948
3.519700,60.045551
3.519800,60.046890
3.519900,60.047857
3.520000,60.049839
3.520100,60.051309
3.520200,60.053320
3.520300,60.054227
3.520400,60.054642
3.520500,60.053324
3.520600,60.051722
3.520700,60.047754
3.520800,60.042424
3.520900,60.036083
3.521000,60.028658
3.521100,60.022390
3.521200,60.015981
3.521300,60.009562
3.521400,60.002009
3.521500,59.994764
3.521600,59.985323
3.521700,59.976055
3.521800,59.965703
3.521900,59.953088
3.522000,59.939586
3.522100,59.929284
3.522200,59.926812
3.522300,59.930798
3.522400,59.937357
3.522500,59.945182
3.522600,59.960360
3.522700,59.975369
3.522800,59.985567
3.522900,59.992896
3.523000,60.001317
3.523100,60.005512
3.523200,60.005786
3.523300,60.006172
3.523400,60.003112
3.523500,59.999488
3.523600,59.996845
3.523700,59.995667
3.523800,59.995316
3.523900,59.995741
3.524000,59.996707
3.524100,59.998425
3.524200,60.000498
3.524300,60.002779
3.524400,60.003950
3.524500,60.004957
3.524600,60.005114
3.524700,60.005681
3.524800,60.005508
3.524900,60.004910
3.525000,60.003187
3.525100,60.001845
3.525200,60.000678
3.525300,59.999983
3.525400,59.998561
3.525500,59.997368
3.525600,59.996433
3.525700,59.995438
3.525800,59.994760
3.525900,59.993671
3.526000,59.993501
3.526100,59.993103
3.526200,59.992865
3.526300,59.992457
3.526400,59.992043
3.526500,59.991600
3.526600,59.991127
3.526700,59.990696
3.526800,59.990699
3.526900,59.989855
3.527000,59.990293
3.527100,59.989606
3.527200,59.989056
3.527300,59.989068
3.527400,59.989407
3.527500,59.989587
3.527600,59.989924
3.527700,59.991036
3.527800,59.992217
3.527900,59.993924
3.528000,59.995940
3.528100,59.997408
3.528200,59.999378
3.528300,60.001323
3.528400,60.002843
3.528500,60.004397
3.528600,60.005258
3.528700,60.004740
3.528800,60.004685
3.528900,60.003734
3.529000,60.001859
3.529100,59.997246
3.529200,59.991272
3.529300,59.984677
3.529400,59.977766
3.529500,59.970763
3.529600,59.963198
3.529700,59.955519
3.529800,59.947826
3.529900,59.940379
3.530000,59.931086
3.530100,59.919851
3.530200,59.905449
3.530300,59.892312
3.530400,59.887515
3.530500,59.879373
3.530600,59.882389
3.530700,59.884919
3.530800,59.890856
3.530900,59.899128
3.531000,59.910674
3.531100,59.922521
3.531200,59.933200
3.531300,59.942229
3.531400,59.946990
3.531500,59.949267
3.531600,59.947018
3.531700,59.945718
3.531800,59.942848
3.531900,59.940730
3.532000,59.939107
3.532100,59.938200
3.532200,59.938154
3.532300,59.938894
3.532400,59.940290
3.532500,59.942201
3.532600,59.943565
3.532700,59.945034
3.532800,59.946280
3.532900,59.946739
3.533000,59.946707
3.533100,59.946315
3.533200,59.946174
3.533300,59.945403
3.533400,59.943942
3.533500,59.942639
3.533600,59.941064
3.533700,59.939575
3.533800,59.938543
3.533900,59.937469
3.534000,59.936518
3.534100,59.935678
3.534200,59.935569
3.534300,59.935172
3.534400,59.934889
3.534500,59.934644
3.534600,59.934208
3.534700,59.934401
3.534800,59.934057
3.534900,59.933974
3.535000,59.933186
3.535100,59.933718
3.535200,59.932884
3.535300,59.932700
3.535400,59.932718
3.535500,59.931958
3.535600,59.933074
3.535700,59.933094
3.535800,59.933670
3.535900,59.934398
3.536000,59.935055
3.536100,59.936371
3.536200,59.937303
3.536300,59.939880
3.536400,59.940812
3.536500,59.942812
3.536600,59.945169
3.536700,59.948050
3.536800,59.948453
3.536900,59.950579
3.537000,59.952243
3.537100,59.954076
3.537200,59.953110
3.537300,59.951178
3.537400,59.947758
3.537500,59.944026
3.537600,59.939258
3.537700,59.933445
3.537800,59.925992
3.537900,59.918173
3.538000,59.910477
3.538100,59.902914
3.538200,59.894544
3.538300,59.882998
3.538400,59.871850
3.538500,59.861001
3.538600,59.851722
3.538700,59.841995
3.538800,59.845702
3.538900,59.849776
3.539000,59.859560
3.539100,59.875015
3.539200,59.892411
3.539300,59.904683
3.539400,59.919615
3.539500,59.934645
3.539600,59.949864
3.539700,59.960874
3.539800,59.965967
3.539900,59.971368
3.540000,59.970300
3.540100,59.967915
3.540200,59.964699
3.540300,59.962261
3.540400,59.960431
3.540500,59.959615
3.540600,59.959678
3.540700,59.960462
3.540800,59.961663
3.540900,59.963356
3.541000,59.965483
3.541100,59.967402
3.541200,59.969042
3.541300,59.969910
3.541400,59.970085
3.541500,59.969499
3.541600,59.969261
3.541700,59.968662
3.541800,59.967676
3.541900,59.966716
3.542000,59.965992
3.542100,59.964595
3.542200,59.963620
3.542300,59.963395
3.542400,59.962533
3.542500,59.962082
3.542600,59.961831
3.542700,59.961170
3.542800,59.961253
3.542900,59.961152
3.543000,59.960639
3.543100,59.961182
3.543200,59.960755
3.543300,59.960634
3.543400,59.960393
3.543500,59.961235
3.543600,59.961483
3.543700,59.961420
3.543800,59.960874
3.543900,59.961613
3.544000,59.961669
3.544100,59.962335
3.544200,59.963094
3.544300,59.964433
3.544400,59.965941
3.544500,59.967600
3.544600,59.969487
3.544700,59.972112
3.544800,59.973640
3.544900,59.976142
3.545000,59.978683
3.545100,59.980792
3.545200,59.981711
3.545300,59.983525
3.545400,59.986237
3.545500,59.988193
3.545600,59.986227
3.545700,59.985031
3.545800,59.982114
3.545900,59.977118
3.546000,59.971637
3.546100,59.964461
3.546200,59.956757
3.546300,59.949782
3.546400,59.941378
3.546500,59.932650
3.546600,59.924720
3.546700,59.916199
3.546800,59.906819
3.546900,59.901399
3.547000,59.902366
3.547100,59.905455
3.547200,59.915988
3.547300,59.928429
3.547400,59.942843
3.547500,59.955429
3.547600,59.967371
3.547700,59.979921
3.547800,59.992673
3.547900,60.004266
3.548000,60.017414
3.548100,60.031430
3.548200,60.037339
3.548300,60.039917
3.548400,60.038104
3.548500,60.036074
3.548600,60.032466
3.548700,60.028977
3.548800,60.026804
3.548900,60.025766
3.549000,60.025612
3.549100,60.026197
3.549200,60.027253
3.549300,60.028424
3.549400,60.029656
3.549500,60.030664
3.549600,60.031188
3.549700,60.031347
3.549800,60.031700
3.549900,60.031755
3.550000,60.030443
3.550100,60.029371
3.550200,60.028562
3.550300,60.027557
3.550400,60.026816
3.550500,60.026245
3.550600,60.025425
3.550700,60.024563
3.550800,60.024188
3.550900,60.024132
3.551000,60.023482
3.551100,60.024271
3.551200,60.024578
3.551300,60.024486
3.551400,60.024766
3.551500,60.025173
3.551600,60.025311
3.551700,60.025472
3.551800,60.026409
3.551900,60.026405
3.552000,60.026598
3.552100,60.026367
3.552200,60.026648
3.552300,60.027148
3.552400,60.027382
3.552500,60.027460
3.552600,60.028601
3.552700,60.029795
3.552800,60.031195
3.552900,60.033107
3.553000,60.035931
3.553100,60.038442
3.553200,60.040435
3.553300,60.042615
3.553400,60.043817
3.553500,60.044927
3.553600,60.046536
3.553700,60.047744
3.553800,60.049185
3.553900,60.048445
3.554000,60.046069
3.554100,60.042318
3.554200,60.038492
3.554300,60.033611
3.554400,60.026168
3.554500,60.019522
3.554600,60.011192
3.554700,60.003996
3.554800,59.996515
3.554900,59.988318
3.555000,59.976002
3.555100,59.964787
3.555200,59.955658
3.555300,59.951694
3.555400,59.954811
3.555500,59.959169
3.555600,59.969213
3.555700,59.981329
3.555800,59.997010
3.555900,60.011168
3.556000,60.025796
3.556100,60.040019
3.556200,60.054923
3.556300,60.067518
3.556400,60.076633
3.556500,60.080139
3.556600,60.079222
3.556700,60.078790
3.556800,60.076568
3.556900,60.073823
3.557000,60.071881
3.557100,60.070964
3.557200,60.070833
3.557300,60.071323
3.557400,60.072410
3.557500,60.074124
3.557600,60.076002
3.557700,60.077702
3.557800,60.079381
3.557900,60.080464
3.558000,60.081006
3.558100,60.081790
3.558200,60.082113
3.558300,60.081362
3.558400,60.080837
3.558500,60.079221
3.558600,60.078221
3.558700,60.076659
3.558800,60.076072
3.558900,60.075870
3.559000,60.074864
3.559100,60.073534
3.559200,60.073568
3.559300,60.072874
3.559400,60.072744
3.559500,60.072900
3.559600,60.072408
3.559700,60.072343
3.559800,60.072340
3.559900,60.072225
3.560000,60.072429
3.560100,60.072013
3.560200,60.072298
3.560300,60.071747
3.560400,60.071038
3.560500,60.071014
3.560600,60.071637
3.560700,60.072114
3.560800,60.072216
3.560900,60.073311
3.561000,60.073773
3.561100,60.074806
3.561200,60.076634
3.561300,60.077773
3.561400,60.079013
3.561500,60.079961
3.561600,60.082266
3.561700,60.084020
3.561800,60.085235
3.561900,60.086287
3.562000,60.087462
3.562100,60.088247
3.562200,60.088136
3.562300,60.086012
3.562400,60.082980
3.562500,60.077121
3.562600,60.070883
3.562700,60.064260
3.562800,60.057880
3.562900,60.051687
3.563000,60.045798
3.563100,60.038738
3.563200,60.031907
3.563300,60.023320
3.563400,60.013354
3.563500,59.999705
3.563600,59.985240
3.563700,59.974077
3.563800,59.969421
3.563900,59.966331
3.564000,59.969004
3.564100,59.972591
3.564200,59.981375
3.564300,59.996114
3.564400,60.010165
3.564500,60.020909
3.564600,60.028466
3.564700,60.034040
3.564800,60.035211
3.564900,60.033900
3.565000,60.033743
3.565100,60.029827
3.565200,60.026803
3.565300,60.025616
3.565400,60.024709
3.565500,60.024713
3.565600,60.025509
3.565700,60.026934
3.565800,60.028678
3.565900,60.030613
3.566000,60.032818
3.566100,60.033517
3.566200,60.033979
3.566300,60.034128
3.566400,60.035002
3.566500,60.034133
3.566600,60.032964
3.566700,60.031612
3.566800,60.030663
3.566900,60.029029
3.567000,60.027578
3.567100,60.026675
3.567200,60.025830
3.567300,60.024609
3.567400,60.023714
3.567500,60.022797
3.567600,60.022610
3.567700,60.022094
3.567800,60.022209
3.567900,60.021693
3.568000,60.020835
3.568100,60.019986
3.568200,60.019680
3.568300,60.019378
3.568400,60.019258
3.568500,60.018847
3.568600,60.018785
3.568700,60.018716
3.568800,60.018039
3.568900,60.017778
3.569000,60.017962
3.569100,60.018566
3.569200,60.018288
3.569300,60.019328
3.569400,60.020257
3.569500,60.021372
3.569600,60.023657
3.569700,60.024613
3.569800,60.026972
3.569900,60.029118
3.570000,60.030530
3.570100,60.032503
3.570200,60.032381
3.570300,60.033816
3.570400,60.033241
3.570500,60.031773
3.570600,60.029398
3.570700,60.023719
3.570800,60.017899
3.570900,60.012786
3.571000,60.006981
3.571100,59.998971
3.571200,59.991929
3.571300,59.985904
3.571400,59.979002
3.571500,59.971459
3.571600,59.962986
3.571700,59.953074
3.571800,59.941343
3.571900,59.929026
3.572000,59.913903
3.572100,59.902730
3.572200,59.901127
3.572300,59.902527
3.572400,59.910166
3.572500,59.914101
3.572600,59.927894
3.572700,59.941949
3.572800,59.951213
3.572900,59.963563
3.573000,59.968483
3.573100,59.970093
3.573200,59.970582
3.573300,59.968496
3.573400,59.966108
3.573500,59.963572
3.573600,59.961268
3.573700,59.959782
3.573800,59.959248
3.573900,59.959558
3.574000,59.960553
3.574100,59.961850
3.574200,59.963833
3.574300,59.965633
3.574400,59.967088
3.574500,59.967953
3.574600,59.968675
3.574700,59.968861
3.574800,59.969059
3.574900,59.968502
3.575000,59.966997
3.575100,59.965535
3.575200,59.963837
3.575300,59.962615
3.575400,59.961312
3.575500,59.960035
3.575600,59.959090
3.575700,59.957900
3.575800,59.956929
3.575900,59.956789
3.576000,59.956338
3.576100,59.956084
3.576200,59.955888
3.576300,59.955693
3.576400,59.955147
3.576500,59.954886
3.576600,59.954943
3.576700,59.954546
3.576800,59.954159
3.576900,59.954176
3.577000,59.953986
3.577100,59.953727
3.577200,59.953445
3.577300,59.954001
3.577400,59.954239
3.577500,59.954627
3.577600,59.955737
3.577700,59.956347
3.577800,59.957196
3.577900,59.958113
3.578000,59.960074
3.578100,59.961792
3.578200,59.963256
3.578300,59.965268
3.578400,59.967054
3.578500,59.969524
3.578600,59.971316
3.578700,59.972091
3.578800,59.972221
3.578900,59.970968
3.579000,59.969498
3.579100,59.966961
3.579200,59.960674
3.579300,59.954327
3.579400,59.948738
3.579500,59.941807
3.579600,59.934777
3.579700,59.926023
3.579800,59.915882
3.579900,59.906083
3.580000,59.896232
3.580100,59.883841
3.580200,59.870404
3.580300,59.862260
3.580400,59.855623
3.580500,59.859036
3.580600,59.862761
3.580700,59.871954
3.580800,59.889247
3.580900,59.903691
3.581000,59.917132
3.581100,59.932399
3.581200,59.948072
3.581300,59.962259
3.581400,59.969766
3.581500,59.970690
3.581600,59.972611
3.581700,59.970172
3.581800,59.967149
3.581900,59.963695
3.582000,59.961177
3.582100,59.959854
3.582200,59.959524
3.582300,59.959959
3.582400,59.961027
3.582500,59.962674
3.582600,59.964553
3.582700,59.966040
3.582800,59.967504
3.582900,59.967544
3.583000,59.967353
3.583100,59.967713
3.583200,59.967006
3.583300,59.966786
3.583400,59.965988
3.583500,59.964922
3.583600,59.964349
3.583700,59.963259
3.583800,59.962316
3.583900,59.961425
3.584000,59.960954
3.584100,59.960138
3.584200,59.959243
3.584300,59.958581
3.584400,59.958470
3.584500,59.958455
3.584600,59.958001
3.584700,59.958122
3.584800,59.958249
3.584900,59.958865
3.585000,59.959026
3.585100,59.959188
3.585200,59.959301
3.585300,59.959375
3.585400,59.959045
3.585500,59.958921
3.585600,59.958894
3.585700,59.960116
3.585800,59.960232
3.585900,59.961160
3.586000,59.962540
3.586100,59.963935
3.586200,59.965401
3.586300,59.967931
3.586400,59.969581
3.586500,59.971646
3.586600,59.973111
3.586700,59.975629
3.586800,59.977427
3.586900,59.979394
3.587000,59.980524
3.587100,59.981444
3.587200,59.981630
3.587300,59.980614
3.587400,59.977709
3.587500,59.974317
3.587600,59.970335
3.587700,59.964431
3.587800,59.957059
3.587900,59.950769
3.588000,59.943065
3.588100,59.933386
3.588200,59.923288
3.588300,59.912150
3.588400,59.904858
3.588500,59.899015
3.588600,59.895760
3.588700,59.896048
3.588800,59.897099
3.588900,59.904484
3.589000,59.920616
3.589100,59.934585
3.589200,59.947129
3.589300,59.958523
3.589400,59.971315
3.589500,59.984237
3.589600,59.996923
3.589700,60.010461
3.589800,60.023552
3.589900,60.026985
3.590000,60.027097
3.590100,60.025748
3.590200,60.022642
3.590300,60.018726
3.590400,60.016242
3.590500,60.014866
3.590600,60.014263
3.590700,60.014435
3.590800,60.015237
3.590900,60.016592
3.591000,60.018152
3.591100,60.019846
3.591200,60.021164
3.591300,60.021581
3.591400,60.021714
3.591500,60.022001
3.591600,60.022116
3.591700,60.020885
3.591800,60.020432
3.591900,60.019224
3.592000,60.018398
3.592100,60.017871
3.592200,60.016962
3.592300,60.016257
3.592400,60.015926
3.592500,60.015555
3.592600,60.014677
3.592700,60.014410
3.592800,60.014489
3.592900,60.014484
3.593000,60.015024
3.593100,60.015164
3.593200,60.015613
3.593300,60.015404
3.593400,60.015072
3.593500,60.015242
3.593600,60.015394
3.593700,60.015791
3.593800,60.015602
3.593900,60.015811
3.594000,60.016614
3.594100,60.016874
3.594200,60.017470
3.594300,60.018990
3.594400,60.020275
3.594500,60.021385
3.594600,60.023001
3.594700,60.025241
3.594800,60.027289
3.594900,60.029664
3.595000,60.032262
3.595100,60.033735
3.595200,60.035594
3.595300,60.037379
3.595400,60.037254
3.595500,60.037495
3.595600,60.038093
3.595700,60.037406
3.595800,60.034294
3.595900,60.028142
3.596000,60.022093
3.596100,60.015219
3.596200,60.007569
3.596300,60.000192
3.596400,59.992507
3.596500,59.983446
3.596600,59.972977
3.596700,59.961071
3.596800,59.951676
3.596900,59.944615
3.597000,59.935454
3.597100,59.937200
3.597200,59.941738
3.597300,59.954323
3.597400,59.971707
3.597500,59.986056
3.597600,60.001438
3.597700,60.016248
3.597800,60.029453
3.597900,60.043263
3.598000,60.056527
3.598100,60.063396
3.598200,60.064977
3.598300,60.063717
3.598400,60.060886
3.598500,60.058395
3.598600,60.055967
3.598700,60.054402
3.598800,60.053585
3.598900,60.053667
3.599000,60.054397
3.599100,60.055661
3.599200,60.057497
3.599300,60.059665
3.599400,60.061749
3.599500,60.063208
3.599600,60.064374
3.599700,60.064234
3.599800,60.063924
3.599900,60.064123
3.600000,60.063349
3.600100,60.062354
3.600200,60.061768
3.600300,60.060826
3.600400,60.059613
3.600500,60.058432
3.600600,60.057797
3.600700,60.057101
3.600800,60.057018
3.600900,60.056647
3.601000,60.056558
3.601100,60.056344
3.601200,60.056209
3.601300,60.056042
3.601400,60.056137
3.601500,60.056131
3.601600,60.056352
3.601700,60.056245
3.601800,60.055766
3.601900,60.055884
3.602000,60.055938
3.602100,60.056119
3.602200,60.056357
3.602300,60.056268
3.602400,60.056760
3.602500,60.057341
3.602600,60.057221
3.602700,60.058578
3.602800,60.060204
3.602900,60.061412
3.603000,60.062743
3.603100,60.064602
3.603200,60.066706
3.603300,60.068139
3.603400,60.070040
3.603500,60.070474
3.603600,60.070803
3.603700,60.071888
3.603800,60.070885
3.603900,60.070151
3.604000,60.066816
3.604100,60.063712
3.604200,60.059663
3.604300,60.052665
3.604400,60.046110
3.604500,60.040433
3.604600,60.034341
3.604700,60.027978
3.604800,60.020812
3.604900,60.012731
3.605000,60.003730
3.605100,59.993721
3.605200,59.979201
3.605300,59.967774
3.605400,59.961243
3.605500,59.960605
3.605600,59.959377
3.605700,59.963809
3.605800,59.971317
3.605900,59.981502
3.606000,59.992529
3.606100,60.002549
3.606200,60.014891
3.606300,60.023742
3.606400,60.030047
3.606500,60.031154
3.606600,60.029699
3.606700,60.028663
3.606800,60.026491
3.606900,60.024927
3.607000,60.023483
3.607100,60.023189
3.607200,60.023640
3.607300,60.024802
3.607400,60.026237
3.607500,60.028229
3.607600,60.030329
3.607700,60.032839
3.607800,60.034218
3.607900,60.035268
3.608000,60.035502
3.608100,60.035828
3.608200,60.034893
3.608300,60.033961
3.608400,60.032352
3.608500,60.031171
3.608600,60.029772
3.608700,60.028077
3.608800,60.027294
3.608900,60.026328
3.609000,60.025686
3.609100,60.025627
3.609200,60.025181
3.609300,60.024389
3.609400,60.024000
3.609500,60.023490
3.609600,60.022772
3.609700,60.022510
3.609800,60.021981
3.609900,60.021503
3.610000,60.021373
3.610100,60.021106
3.610200,60.020637
3.610300,60.020237
3.610400,60.019769
3.610500,60.019300
3.610600,60.019706
3.610700,60.020869
3.610800,60.020761
3.610900,60.021452
3.611000,60.022027
3.611100,60.022985
3.611200,60.023510
3.611300,60.025417
3.611400,60.027295
3.611500,60.028688
3.611600,60.029318
3.611700,60.030091
3.611800,60.031018
3.611900,60.031697
3.612000,60.032037
3.612100,60.031601
3.612200,60.031717
3.612300,60.030265
3.612400,60.026540
3.612500,60.023261
3.612600,60.018208
3.612700,60.011784
3.612800,60.005687
3.612900,59.999218
3.613000,59.992973
3.613100,59.986764
3.613200,59.978889
3.613300,59.970937
3.613400,59.961083
3.613500,59.950796
3.613600,59.939889
3.613700,59.932594
3.613800,59.927916
3.613900,59.925827
3.614000,59.926869
3.614100,59.930484
3.614200,59.935481
3.614300,59.942388
3.614400,59.949890
3.614500,59.958551
3.614600,59.962372
3.614700,59.967138
3.614800,59.969650
3.614900,59.969746
3.615000,59.969575
3.615100,59.967240
3.615200,59.965635
3.615300,59.962735
3.615400,59.960170
3.615500,59.958320
3.615600,59.957536
3.615700,59.957386
3.615800,59.957765
3.615900,59.958534
3.616000,59.959462
3.616100,59.960506
3.616200,59.961418
3.616300,59.961611
3.616400,59.961723
3.616500,59.961205
3.616600,59.960661
3.616700,59.959618
3.616800,59.958624
3.616900,59.957242
3.617000,59.955851
3.617100,59.954327
3.617200,59.953471
3.617300,59.951824
3.617400,59.950891
3.617500,59.950086
3.617600,59.949526
3.617700,59.949026
3.617800,59.949010
3.617900,59.948436
3.618000,59.948024
3.618100,59.947463
3.618200,59.947233
3.618300,59.947435
3.618400,59.947156
3.618500,59.946528
3.618600,59.946506
3.618700,59.946374
3.618800,59.946450
3.618900,59.946005
3.619000,59.946012
3.619100,59.945905
3.619200,59.946451
3.619300,59.947581
3.619400,59.948703
3.619500,59.949975
3.619600,59.951061
3.619700,59.952676
3.619800,59.955263
3.619900,59.957474
3.620000,59.958956
3.620100,59.961466
3.620200,59.963862
3.620300,59.965042
3.620400,59.964964
3.620500,59.964602
3.620600,59.962393
3.620700,59.961237
3.620800,59.957670
3.620900,59.951665
3.621000,59.946138
3.621100,59.938381
3.621200,59.930703
3.621300,59.923130
3.621400,59.914258
3.621500,59.904568
3.621600,59.893459
3.621700,59.882763
3.621800,59.869285
3.621900,59.860226
3.622000,59.855603
3.622100,59.851463
3.622200,59.850603
3.622300,59.859253
3.622400,59.869953
3.622500,59.886295
3.622600,59.902088
3.622700,59.917626
3.622800,59.931743
3.622900,59.942777
3.623000,59.952805
3.623100,59.959796
3.623200,59.961148
3.623300,59.962543
3.623400,59.961777
3.623500,59.958403
3.623600,59.955807
3.623700,59.953698
3.623800,59.951885
3.623900,59.951123
3.624000,59.951161
3.624100,59.951829
3.624200,59.953189
3.624300,59.955000
3.624400,59.956276
3.624500,59.957421
3.624600,59.958136
3.624700,59.958196
3.624800,59.958631
3.624900,59.958786
3.625000,59.958022
3.625100,59.956932
3.625200,59.956449
3.625300,59.955680
3.625400,59.954046
3.625500,59.953611
3.625600,59.952580
3.625700,59.951440
3.625800,59.950381
3.625900,59.950290
3.626000,59.949910
3.626100,59.949581
3.626200,59.949324
3.626300,59.949382
3.626400,59.949064
3.626500,59.949075
3.626600,59.948838
3.626700,59.948833
3.626800,59.949160
3.626900,59.948821
3.627000,59.948656
3.627100,59.948636
3.627200,59.949146
3.627300,59.949119
3.627400,59.949540
3.627500,59.950009
3.627600,59.951212
3.627700,59.952813
3.627800,59.953984
3.627900,59.955559
3.628000,59.957323
3.628100,59.958963
3.628200,59.962134
3.628300,59.964804
3.628400,59.967205
3.628500,59.969948
3.628600,59.971252
3.628700,59.972760
3.628800,59.973285
3.628900,59.972986
3.629000,59.971375
3.629100,59.969470
3.629200,59.964403
3.629300,59.960575
3.629400,59.956746
3.629500,59.949780
3.629600,59.941873
3.629700,59.933502
3.629800,59.924362
3.629900,59.914860
3.630000,59.903548
3.630100,59.894618
3.630200,59.890406
3.630300,59.887709
3.630400,59.887453
3.630500,59.895590
3.630600,59.905027
3.630700,59.920778
3.630800,59.933880
3.630900,59.948499
3.631000,59.962092
3.631100,59.975540
3.631200,59.988611
3.631300,60.003807
3.631400,60.017962
3.631500,60.025141
3.631600,60.028162
3.631700,60.025885
3.631800,60.024187
3.631900,60.021334
3.632000,60.018524
3.632100,60.016287
3.632200,60.014908
3.632300,60.014518
3.632400,60.014854
3.632500,60.015809
3.632600,60.017194
3.632700,60.018898
3.632800,60.020377
3.632900,60.021362
3.633000,60.021793
3.633100,60.021707
3.633200,60.021572
3.633300,60.020388
3.633400,60.019984
3.633500,60.018940
3.633600,60.018502
3.633700,60.017538
3.633800,60.016402
3.633900,60.016174
3.634000,60.015291
3.634100,60.014789
3.634200,60.014160
3.634300,60.014464
3.634400,60.014715
3.634500,60.014579
3.634600,60.013931
3.634700,60.013684
3.634800,60.013896
3.634900,60.013978
3.635000,60.014044
3.635100,60.014478
3.635200,60.014540
3.635300,60.015114
3.635400,60.015715
3.635500,60.015770
3.635600,60.016029
3.635700,60.016048
3.635800,60.016629
3.635900,60.018059
3.636000,60.019721
3.636100,60.020751
3.636200,60.022750
3.636300,60.024815
3.636400,60.026394
3.636500,60.027929
3.636600,60.029263
3.636700,60.031933
3.636800,60.034330
3.636900,60.035979
3.637000,60.038085
3.637100,60.039562
3.637200,60.039660
3.637300,60.038323
3.637400,60.035976
3.637500,60.031581
3.637600,60.028297
3.637700,60.022517
3.637800,60.014718
3.637900,60.007842
3.638000,59.999717
3.638100,59.991524
3.638200,59.982098
3.638300,59.970246
3.638400,59.958877
3.638500,59.946599
3.638600,59.939772
3.638700,59.936228
3.638800,59.938645
3.638900,59.944189
3.639000,59.955382
3.639100,59.972431
3.639200,59.987086
3.639300,60.000598
3.639400,60.014305
3.639500,60.029189
3.639600,60.043309
3.639700,60.054191
3.639800,60.059371
3.639900,60.062844
3.640000,60.062163
3.640100,60.059061
3.640200,60.056008
3.640300,60.053025
3.640400,60.051175
3.640500,60.050287
3.640600,60.050301
3.640700,60.051015
3.640800,60.052160
3.640900,60.053906
3.641000,60.056035
3.641100,60.058110
3.641200,60.058837
3.641300,60.059424
3.641400,60.059483
3.641500,60.058791
3.641600,60.058919
3.641700,60.057992
3.641800,60.057256
3.641900,60.056873
3.642000,60.055829
3.642100,60.054630
3.642200,60.053715
3.642300,60.052834
3.642400,60.052004
3.642500,60.051887
3.642600,60.050992
3.642700,60.050826
3.642800,60.050634
3.642900,60.050522
3.643000,60.050873
3.643100,60.050703
3.643200,60.050450
3.643300,60.049928
3.643400,60.049881
3.643500,60.049902
3.643600,60.050086
3.643700,60.049699
3.643800,60.049995
3.643900,60.050662
3.644000,60.051152
3.644100,60.051068
3.644200,60.051493
3.644300,60.052682
3.644400,60.053830
3.644500,60.054102
3.644600,60.055431
3.644700,60.057601
3.644800,60.059646
3.644900,60.061641
3.645000,60.063704
3.645100,60.064769
3.645200,60.066337
3.645300,60.067835
3.645400,60.068225
3.645500,60.067105
3.645600,60.067345
3.645700,60.064231
3.645800,60.058872
3.645900,60.053294
3.646000,60.046690
3.646100,60.040712
3.646200,60.034993
3.646300,60.028507
3.646400,60.021614
3.646500,60.014209
3.646600,60.005821
3.646700,59.995598
3.646800,59.983125
3.646900,59.969007
3.647000,59.960164
3.647100,59.955308
3.647200,59.954303
3.647300,59.957309
3.647400,59.972600
3.647500,59.982799
3.647600,59.997426
3.647700,60.009228
3.647800,60.021618
3.647900,60.030807
3.648000,60.034181
3.648100,60.037164
3.648200,60.039830
3.648300,60.038879
3.648400,60.035726
3.648500,60.033708
3.648600,60.031299
3.648700,60.029995
3.648800,60.029651
3.648900,60.030094
3.649000,60.031260
3.649100,60.032946
3.649200,60.034448
3.649300,60.036046
3.649400,60.037818
3.649500,60.039539
3.649600,60.040073
3.649700,60.040077
3.649800,60.039395
3.649900,60.039024
3.650000,60.037954
3.650100,60.036670
3.650200,60.035780
3.650300,60.034395
3.650400,60.033268
3.650500,60.031967
3.650600,60.031131
3.650700,60.030277
3.650800,60.029627
3.650900,60.029071
3.651000,60.028290
3.651100,60.027527
3.651200,60.027382
3.651300,60.026697
3.651400,60.026979
3.651500,60.026249
3.651600,60.025550
3.651700,60.025659
3.651800,60.025425
3.651900,60.025355
3.652000,60.025443
3.652100,60.025089
3.652200,60.024706
3.652300,60.025010
3.652400,60.024846
3.652500,60.025292
3.652600,60.026642
3.652700,60.026934
3.652800,60.028572
3.652900,60.029154
3.653000,60.030844
3.653100,60.031645
3.653200,60.033709
3.653300,60.035564
3.653400,60.038053
3.653500,60.039220
3.653600,60.039284
3.653700,60.039554
3.653800,60.038303
3.653900,60.037054
3.654000,60.032345
3.654100,60.029591
3.654200,60.022745
3.654300,60.016919
3.654400,60.010459
3.654500,60.004075
3.654600,59.996637
3.654700,59.989007
3.654800,59.981580
3.654900,59.974238
3.655000,59.966157
3.655100,59.954984
3.655200,59.942574
3.655300,59.928819
3.655400,59.916595
3.655500,59.907386
3.655600,59.907870
3.655700,59.910923
3.655800,59.917816
3.655900,59.926356
3.656000,59.936981
3.656100,59.951336
3.656200,59.958945
3.656300,59.963344
3.656400,59.968618
3.656500,59.970541
3.656600,59.969515
3.656700,59.967520
3.656800,59.964917
3.656900,59.962303
3.657000,59.960768
3.657100,59.959994
3.657200,59.960055
3.657300,59.960813
3.657400,59.962293
3.657500,59.964232
3.657600,59.966068
3.657700,59.968033
3.657800,59.969142
3.657900,59.970084
3.658000,59.969880
3.658100,59.969640
3.658200,59.968905
3.658300,59.968109
3.658400,59.966573
3.658500,59.965356
3.658600,59.963958
3.658700,59.962726
3.658800,59.961493
3.658900,59.960538
3.659000,59.959053
3.659100,59.957917
3.659200,59.957541
3.659300,59.957288
3.659400,59.956956
3.659500,59.956469
3.659600,59.956272
3.659700,59.956058
3.659800,59.955707
3.659900,59.955250
3.660000,59.955246
3.660100,59.954974
3.660200,59.954569
3.660300,59.954493
3.660400,59.953568
3.660500,59.953452
3.660600,59.953892
3.660700,59.953969
3.660800,59.954643
3.660900,59.954967
3.661000,59.956440
3.661100,59.957916
3.661200,59.958846
3.661300,59.960627
3.661400,59.962455
3.661500,59.964072
3.661600,59.965600
3.661700,59.967462
3.661800,59.968494
3.661900,59.970176
3.662000,59.971029
3.662100,59.970242
3.662200,59.969329
3.662300,59.967796
3.662400,59.966181
3.662500,59.959771
3.662600,59.952971
3.662700,59.945031
3.662800,59.936967
3.662900,59.930049
3.663000,59.923007
3.663100,59.913640
3.663200,59.904625
3.663300,59.894174
3.663400,59.883111
3.663500,59.871067
3.663600,59.855761
3.663700,59.845501
3.663800,59.843536
3.663900,59.846945
3.664000,59.857227
3.664100,59.870775
3.664200,59.887311
3.664300,59.902730
3.664400,59.918917
3.664500,59.934319
3.664600,59.947446
3.664700,59.953053
3.664800,59.959067
3.664900,59.960194
3.665000,59.960227
3.665100,59.958043
3.665200,59.955794
3.665300,59.953207
3.665400,59.951896
3.665500,59.951474
3.665600,59.951768
3.665700,59.952664
3.665800,59.954170
3.665900,59.956068
3.666000,59.958365
3.666100,59.960175
3.666200,59.961198
3.666300,59.962108
3.666400,59.962551
3.666500,59.962125
3.666600,59.961341
3.666700,59.960374
3.666800,59.959969
3.666900,59.959093
3.667000,59.957940
3.667100,59.957692
3.667200,59.957062
3.667300,59.956062
3.667400,59.955128
3.667500,59.954601
3.667600,59.954166
3.667700,59.953637
3.667800,59.953480
3.667900,59.952877
3.668000,59.952793
3.668100,59.952747
3.668200,59.952602
3.668300,59.952205
3.668400,59.952216
3.668500,59.952413
3.668600,59.952692
3.668700,59.952819
3.668800,59.953102
3.668900,59.953516
3.669000,59.953888
3.669100,59.954659
3.669200,59.955293
3.669300,59.956350
3.669400,59.957320
3.669500,59.958352
3.669600,59.960847
3.669700,59.962667
3.669800,59.965122
3.669900,59.967038
3.670000,59.969214
3.670100,59.971097
3.670200,59.972785
3.670300,59.974441
3.670400,59.976018
3.670500,59.975461
3.670600,59.974228
3.670700,59.972140
3.670800,59.970503
3.670900,59.966321
3.671000,59.960077
3.671100,59.952998
3.671200,59.945494
3.671300,59.938254
3.671400,59.930242
3.671500,59.921270
3.671600,59.911303
3.671700,59.899956
3.671800,59.891416
3.671900,59.881683
3.672000,59.880699
3.672100,59.887198
3.672200,59.897092
3.672300,59.906089
3.672400,59.921132
3.672500,59.936869
3.672600,59.948605
3.672700,59.960412
3.672800,59.972867
3.672900,59.987348
3.673000,60.001941
3.673100,60.012427
3.673200,60.018640
3.673300,60.019927
3.673400,60.017910
3.673500,60.015856
3.673600,60.013816
3.673700,60.010995
3.673800,60.009515
3.673900,60.008899
3.674000,60.008982
3.674100,60.009714
3.674200,60.010855
3.674300,60.012587
3.674400,60.014341
3.674500,60.015633
3.674600,60.016970
3.674700,60.017767
3.674800,60.017999
3.674900,60.017876
3.675000,60.017275
3.675100,60.016339
3.675200,60.015095
3.675300,60.014194
3.675400,60.013166
3.675500,60.012691
3.675600,60.012098
3.675700,60.011934
3.675800,60.011514
3.675900,60.011279
3.676000,60.010635
3.676100,60.010544
3.676200,60.010589
3.676300,60.010845
3.676400,60.010344
3.676500,60.010186
3.676600,60.010470
3.676700,60.010296
3.676800,60.010159
3.676900,60.010528
3.677000,60.010859
3.677100,60.010656
3.677200,60.011356
3.677300,60.011588
3.677400,60.012315
3.677500,60.013430
3.677600,60.014563
3.677700,60.016399
3.677800,60.018075
3.677900,60.019528
3.678000,60.020485
3.678100,60.022849
3.678200,60.024959
3.678300,60.026718
3.678400,60.028730
3.678500,60.031336
3.678600,60.031952
3.678700,60.033675
3.678800,60.034155
3.678900,60.033632
3.679000,60.031595
3.679100,60.030167
3.679200,60.025332
3.679300,60.018846
3.679400,60.011960
3.679500,60.004678
3.679600,59.997361
3.679700,59.988154
3.679800,59.979893
3.679900,59.969479
3.680000,59.961598
3.680100,59.951551
3.680200,59.942401
3.680300,59.940299
3.680400,59.942210
3.680500,59.944367
3.680600,59.954868
3.680700,59.969331
3.680800,59.985244
3.680900,59.999227
3.681000,60.014170
3.681100,60.027366
3.681200,60.039842
3.681300,60.053724
3.681400,60.062782
3.681500,60.064496
3.681600,60.066058
3.681700,60.064785
3.681800,60.062792
3.681900,60.061079
3.682000,60.058720
3.682100,60.057464
3.682200,60.057006
3.682300,60.057355
3.682400,60.058167
3.682500,60.059681
3.682600,60.061678
3.682700,60.064016
3.682800,60.065780
3.682900,60.067648
3.683000,60.067745
3.683100,60.067870
3.683200,60.067491
3.683300,60.066841
3.683400,60.066688
3.683500,60.066004
3.683600,60.064827
3.683700,60.063909
3.683800,60.062570
3.683900,60.062271
3.684000,60.061342
3.684100,60.061051
3.684200,60.060705
3.684300,60.059904
3.684400,60.059526
3.684500,60.059261
3.684600,60.059396
3.684700,60.059448
3.684800,60.059220
3.684900,60.059296
3.685000,60.058899
3.685100,60.058651
3.685200,60.058851
3.685300,60.058982
3.685400,60.059157
3.685500,60.059223
3.685600,60.059731
3.685700,60.060012
3.685800,60.060750
3.685900,60.061630
3.686000,60.063088
3.686100,60.063885
3.686200,60.064375
3.686300,60.065694
3.686400,60.067107
3.686500,60.069388
3.686600,60.071548
3.686700,60.073144
3.686800,60.075509
3.686900,60.076762
3.687000,60.077049
3.687100,60.077890
3.687200,60.076333
3.687300,60.075269
3.687400,60.072354
3.687500,60.066902
3.687600,60.060682
3.687700,60.054257
3.687800,60.046942
3.687900,60.041494
3.688000,60.034774
3.688100,60.027668
3.688200,60.019575
3.688300,60.010794
3.688400,60.000741
3.688500,59.987877
3.688600,59.976171
3.688700,59.967195
3.688800,59.962303
3.688900,59.964322
3.689000,59.969025
3.689100,59.978867
3.689200,59.989197
3.689300,60.003873
3.689400,60.019177
3.689500,60.027500
3.689600,60.034636
3.689700,60.039971
3.689800,60.042200
3.689900,60.044082
3.690000,60.042502
3.690100,60.040727
3.690200,60.037665
3.690300,60.035699
3.690400,60.034945
3.690500,60.035041
3.690600,60.035809
3.690700,60.037269
3.690800,60.038984
3.690900,60.041310
3.691000,60.043593
3.691100,60.044973
3.691200,60.046681
3.691300,60.046752
3.691400,60.046352
3.691500,60.045969
3.691600,60.045039
3.691700,60.044326
3.691800,60.042611
3.691900,60.041077
3.692000,60.039782
3.692100,60.038510
3.692200,60.037825
3.692300,60.036880
3.692400,60.036302
3.692500,60.035458
3.692600,60.034963
3.692700,60.034414
3.692800,60.034036
3.692900,60.033783
3.693000,60.033605
3.693100,60.033643
3.693200,60.033178
3.693300,60.033211
3.693400,60.032653
3.693500,60.032562
3.693600,60.031898
3.693700,60.031280
3.693800,60.031825
3.693900,60.032013
3.694000,60.032735
3.694100,60.031981
3.694200,60.032345
3.694300,60.032050
3.694400,60.032718
3.694500,60.034514
3.694600,60.036530
3.694700,60.037980
3.694800,60.039805
3.694900,60.041261
3.695000,60.042607
3.695100,60.044047
3.695200,60.046459
3.695300,60.046956
3.695400,60.047692
3.695500,60.046457
3.695600,60.043077
3.695700,60.038645
3.695800,60.033230
3.695900,60.026310
3.696000,60.020853
3.696100,60.015341
3.696200,60.008865
3.696300,60.001727
3.696400,59.995800
3.696500,59.988607
3.696600,59.979694
3.696700,59.970235
3.696800,59.960993
3.696900,59.948018
3.697000,59.935565
3.697100,59.924556
3.697200,59.918385
3.697300,59.918707
3.697400,59.918786
3.697500,59.927047
3.697600,59.941939
3.697700,59.949645
3.697800,59.956903
3.697900,59.967278
3.698000,59.972627
3.698100,59.974796
3.698200,59.977583
3.698300,59.975761
3.698400,59.973509
3.698500,59.970445
3.698600,59.967961
3.698700,59.966964
3.698800,59.966349
3.698900,59.966610
3.699000,59.967481
3.699100,59.968624
3.699200,59.970616
3.699300,59.972333
3.699400,59.974282
3.699500,59.975241
3.699600,59.976189
3.699700,59.976277
3.699800,59.975526
3.699900,59.974934
3.700000,59.973879
3.700100,59.972336
3.700200,59.970584
3.700300,59.969421
3.700400,59.968159
3.700500,59.966777
3.700600,59.965686
3.700700,59.964659
3.700800,59.963515
3.700900,59.963342
3.701000,59.963155
3.701100,59.962251
3.701200,59.961747
3.701300,59.962040
3.701400,59.961918
3.701500,59.961518
3.701600,59.960471
3.701700,59.960015
3.701800,59.959900
3.701900,59.959716
3.702000,59.959096
3.702100,59.959403
3.702200,59.959388
3.702300,59.959461
3.702400,59.959260
3.702500,59.960420
3.702600,59.961058
3.702700,59.962026
3.702800,59.962789
3.702900,59.964200
3.703000,59.966861
3.703100,59.968314
3.703200,59.969421
3.703300,59.970883
3.703400,59.972371
3.703500,59.974406
3.703600,59.976916
3.703700,59.976788
3.703800,59.976797
3.703900,59.975198
3.704000,59.972603
3.704100,59.969258
3.704200,59.962946
3.704300,59.956291
3.704400,59.948266
3.704500,59.942371
3.704600,59.934370
3.704700,59.927138
3.704800,59.919314
3.704900,59.910524
3.705000,59.898993
3.705100,59.886667
3.705200,59.875497
3.705300,59.864027
3.705400,59.857014
3.705500,59.858180
3.705600,59.865975
3.705700,59.872800
3.705800,59.887092
3.705900,59.904275
3.706000,59.919991
3.706100,59.931711
3.706200,59.946367
3.706300,59.954325
3.706400,59.960090
3.706500,59.963535
3.706600,59.963142
3.706700,59.961449
3.706800,59.959591
3.706900,59.956756
3.707000,59.955001
3.707100,59.954002
3.707200,59.953947
3.707300,59.954580
3.707400,59.955728
3.707500,59.957547
3.707600,59.959792
3.707700,59.961536
3.707800,59.963083
3.707900,59.964145
3.708000,59.964612
3.708100,59.964105
3.708200,59.962683
3.708300,59.962602
3.708400,59.961929
3.708500,59.960911
3.708600,59.960028
3.708700,59.958752
3.708800,59.957741
3.708900,59.957380
3.709000,59.956739
3.709100,59.955770
3.709200,59.955494
3.709300,59.954782
3.709400,59.954371
3.709500,59.954502
3.709600,59.953908
3.709700,59.953768
3.709800,59.954042
3.709900,59.954177
3.710000,59.954263
3.710100,59.953488
3.710200,59.953900
3.710300,59.953686
3.710400,59.953643
3.710500,59.953738
3.710600,59.953683
3.710700,59.954211
3.710800,59.954784
3.710900,59.955403
3.711000,59.956807
3.711100,59.958529
3.711200,59.960459
3.711300,59.961817
3.711400,59.963279
3.711500,59.965641
3.711600,59.968274
3.711700,59.970700
3.711800,59.972293
3.711900,59.973344
3.712000,59.973826
3.712100,59.975526
3.712200,59.975474
3.712300,59.973830
3.712400,59.971118
3.712500,59.967682
3.712600,59.962550
3.712700,59.956486
3.712800,59.950713
3.712900,59.943552
3.713000,59.936536
3.713100,59.929452
3.713200,59.919161
3.713300,59.908239
3.713400,59.896152
3.713500,59.886648
3.713600,59.882660
3.713700,59.879399
3.713800,59.881965
3.713900,59.895959
3.714000,59.912289
3.714100,59.926816
3.714200,59.940885
3.714300,59.953780
3.714400,59.965818
3.714500,59.979200
3.714600,59.993439
3.714700,60.005863
3.714800,60.015455
3.714900,60.018182
3.715000,60.018209
3.715100,60.015494
3.715200,60.013722
3.715300,60.010587
3.715400,60.008933
3.715500,60.007948
3.715600,60.007742
3.715700,60.008160
3.715800,60.009211
3.715900,60.010593
3.716000,60.012433
3.716100,60.014212
3.716200,60.015507
3.716300,60.016108
3.716400,60.016338
3.716500,60.016745
3.716600,60.016729
3.716700,60.015715
3.716800,60.014806
3.716900,60.014186
3.717000,60.013275
3.717100,60.012226
3.717200,60.011508
3.717300,60.011067
3.717400,60.010856
3.717500,60.010080
3.717600,60.009545
3.717700,60.009838
3.717800,60.010037
3.717900,60.010352
3.718000,60.010419
3.718100,60.009996
3.718200,60.009886
3.718300,60.009876
3.718400,60.010506
3.718500,60.010606
3.718600,60.010778
3.718700,60.010071
3.718800,60.010383
3.718900,60.010657
3.719000,60.010797
3.719100,60.011097
3.719200,60.011884
3.719300,60.013158
3.719400,60.014999
3.719500,60.016752
3.719600,60.018727
3.719700,60.020502
3.719800,60.022243
3.719900,60.025176
3.720000,60.027826
3.720100,60.029444
3.720200,60.031212
3.720300,60.034070
3.720400,60.036142
3.720500,60.035395
3.720600,60.033946
3.720700,60.031971
3.720800,60.027111
3.720900,60.021822
3.721000,60.014970
3.721100,60.008181
3.721200,60.000997
3.721300,59.992595
3.721400,59.983906
3.721500,59.974187
3.721600,59.964909
3.721700,59.956749
3.721800,59.948647
3.721900,59.942373
3.722000,59.936699
3.722100,59.938580
3.722200,59.944352
3.722300,59.959129
3.722400,59.975837
3.722500,59.991738
3.722600,60.005137
3.722700,60.021192
3.722800,60.033986
3.722900,60.045871
3.723000,60.059346
3.723100,60.066166
3.723200,60.068178
3.723300,60.066283
3.723400,60.065280
3.723500,60.062865
3.723600,60.059479
3.723700,60.057307
3.723800,60.056391
3.723900,60.056264
3.724000,60.056832
3.724100,60.058025
3.724200,60.059707
3.724300,60.061535
3.724400,60.063609
3.724500,60.064906
3.724600,60.066069
3.724700,60.066375
3.724800,60.066337
3.724900,60.066094
3.725000,60.065385
3.725100,60.064886
3.725200,60.063674
3.725300,60.062473
3.725400,60.061378
3.725500,60.060515
3.725600,60.059693
3.725700,60.058756
3.725800,60.058420
3.725900,60.058555
3.726000,60.058099
3.726100,60.058302
3.726200,60.058242
3.726300,60.057871
3.726400,60.058003
3.726500,60.057851
3.726600,60.057908
3.726700,60.056956
3.726800,60.057635
3.726900,60.057268
3.727000,60.057350
3.727100,60.057195
3.727200,60.056481
3.727300,60.057601
3.727400,60.058696
3.727500,60.058857
3.727600,60.059763
3.727700,60.060959
3.727800,60.062681
3.727900,60.064363
3.728000,60.066420
3.728100,60.068183
3.728200,60.070007
3.728300,60.071576
3.728400,60.074300
3.728500,60.076124
3.728600,60.076206
3.728700,60.077377
3.728800,60.076658
3.728900,60.075806
3.729000,60.073717
3.729100,60.069811
3.729200,60.065112
3.729300,60.058280
3.729400,60.051962
3.729500,60.046493
3.729600,60.039686
3.729700,60.032262
3.729800,60.024945
3.729900,60.015960
3.730000,60.007092
3.730100,59.997590
3.730200,59.985610
3.730300,59.972757
3.730400,59.965957
3.730500,59.963641
3.730600,59.967286
3.730700,59.979691
3.730800,59.980709
3.730900,59.995163
3.731000,60.010670
3.731100,60.024980
3.731200,60.034772
3.731300,60.041251
3.731400,60.046228
3.731500,60.048088
3.731600,60.046858
3.731700,60.045501
3.731800,60.043108
3.731900,60.040460
3.732000,60.039036
3.732100,60.038594
3.732200,60.038996
3.732300,60.040074
3.732400,60.041785
3.732500,60.043233
3.732600,60.045289
3.732700,60.046857
3.732800,60.048553
3.732900,60.049493
3.733000,60.049329
3.733100,60.049071
3.733200,60.048562
3.733300,60.047774
3.733400,60.046199
3.733500,60.044896
3.733600,60.044080
3.733700,60.043024
3.733800,60.042005
3.733900,60.041344
3.734000,60.039956
3.734100,60.039211
3.734200,60.038867
3.734300,60.038646
3.734400,60.037786
3.734500,60.036951
3.734600,60.036583
3.734700,60.036588
3.734800,60.036489
3.734900,60.035875
3.735000,60.035519
3.735100,60.035023
3.735200,60.034460
3.735300,60.034091
3.735400,60.033608
3.735500,60.033440
3.735600,60.034312
3.735700,60.034613
3.735800,60.035064
3.735900,60.035507
3.736000,60.036365
3.736100,60.037213
3.736200,60.038982
3.736300,60.040677
3.736400,60.041906
3.736500,60.043064
3.736600,60.044611
3.736700,60.047263
3.736800,60.048416
3.736900,60.050374
3.737000,60.050226
3.737100,60.050222
3.737200,60.048589
3.737300,60.045473
3.737400,60.042344
3.737500,60.037821
3.737600,60.031541
3.737700,60.025642
3.737800,60.019302
3.737900,60.012760
3.738000,60.006657
3.738100,60.000102
3.738200,59.993398
3.738300,59.985066
3.738400,59.975569
3.738500,59.963951
3.738600,59.951963
3.738700,59.936160
3.738800,59.929865
3.738900,59.929954
3.739000,59.932714
3.739100,59.939675
3.739200,59.947582
3.739300,59.959194
3.739400,59.968239
3.739500,59.980002
3.739600,59.984157
3.739700,59.991105
3.739800,59.993075
3.739900,59.993516
3.740000,59.993269
3.740100,59.990244
3.740200,59.987457
3.740300,59.985654
3.740400,59.984601
3.740500,59.984495
3.740600,59.985154
3.740700,59.986406
3.740800,59.988163
3.740900,59.990223
3.741000,59.992086
3.741100,59.993021
3.741200,59.993439
3.741300,59.993304
3.741400,59.993527
3.741500,59.992694
3.741600,59.992569
3.741700,59.991286
3.741800,59.989757
3.741900,59.988037
3.742000,59.987152
3.742100,59.985643
3.742200,59.984544
3.742300,59.983441
3.742400,59.982389
3.742500,59.981419
3.742600,59.981092
3.742700,59.980541
3.742800,59.980147
3.742900,59.979314
3.743000,59.978806
3.743100,59.978661
3.743200,59.978307
3.743300,59.978098
3.743400,59.977727
3.743500,59.977572
3.743600,59.976593
3.743700,59.975947
3.743800,59.976448
3.743900,59.976684
3.744000,59.976109
3.744100,59.976278
3.744200,59.977152
3.744300,59.978528
3.744400,59.979097
3.744500,59.980007
3.744600,59.982211
3.744700,59.984860
3.744800,59.986675
3.744900,59.988600
3.745000,59.991103
3.745100,59.991771
3.745200,59.992518
3.745300,59.992763
3.745400,59.992643
3.745500,59.992966
3.745600,59.990679
3.745700,59.987778
3.745800,59.983472
3.745900,59.977728
3.746000,59.970504
3.746100,59.963614
3.746200,59.956513
3.746300,59.950209
3.746400,59.942640
3.746500,59.935378
3.746600,59.927411
3.746700,59.916015
3.746800,59.903558
3.746900,59.893877
3.747000,59.884480
3.747100,59.879425
3.747200,59.880601
3.747300,59.885226
3.747400,59.894816
3.747500,59.905959
3.747600,59.919541
3.747700,59.934194
3.747800,59.947698
3.747900,59.957874
3.748000,59.964340
3.748100,59.969419
3.748200,59.969968
3.748300,59.967373
3.748400,59.964945
3.748500,59.962761
3.748600,59.960648
3.748700,59.958950
3.748800,59.958496
3.748900,59.958747
3.749000,59.959654
3.749100,59.961025
3.749200,59.962638
3.749300,59.964705
3.749400,59.966140
3.749500,59.967564
3.749600,59.968022
3.749700,59.968154
3.749800,59.967531
3.749900,59.966723
3.750000,59.966056
3.750100,59.965179
3.750200,59.963611
3.750300,59.962647
3.750400,59.961363
3.750500,59.960357
3.750600,59.959010
3.750700,59.958459
3.750800,59.957351
3.750900,59.957335
3.751000,59.956931
3.751100,59.956831
3.751200,59.956451
3.751300,59.956552
3.751400,59.956455
3.751500,59.955852
3.751600,59.955497
3.751700,59.955116
3.751800,59.954184
3.751900,59.954384
3.752000,59.954434
3.752100,59.954599
3.752200,59.954653
3.752300,59.955190
3.752400,59.956070
3.752500,59.956929
3.752600,59.957513
3.752700,59.959612
3.752800,59.960861
3.752900,59.963138
3.753000,59.964830
3.753100,59.967199
3.753200,59.969023
3.753300,59.970552
3.753400,59.972492
3.753500,59.974619
3.753600,59.976751
3.753700,59.977160
3.753800,59.976885
3.753900,59.976161
3.754000,59.974049
3.754100,59.971290
3.754200,59.967976
3.754300,59.960932
3.754400,59.953570
3.754500,59.945699
3.754600,59.937828
3.754700,59.928821
3.754800,59.918770
3.754900,59.909818
3.755000,59.897419
3.755100,59.887334
3.755200,59.880060
3.755300,59.871410
3.755400,59.872028
3.755500,59.880956
3.755600,59.890363
3.755700,59.907997
3.755800,59.925296
3.755900,59.938946
3.756000,59.951233
3.756100,59.965257
3.756200,59.978021
3.756300,59.992611
3.756400,60.003952
3.756500,60.009140
3.756600,60.010350
3.756700,60.009571
3.756800,60.005634
3.756900,60.002585
3.757000,59.999965
3.757100,59.998388
3.757200,59.997752
3.757300,59.997839
3.757400,59.998550
3.757500,59.999747
3.757600,60.001476
3.757700,60.003558
3.757800,60.004933
3.757900,60.006059
3.758000,60.006357
3.758100,60.006284
3.758200,60.006128
3.758300,60.005660
3.758400,60.004557
3.758500,60.004355
3.758600,60.003279
3.758700,60.002160
3.758800,60.001794
3.758900,60.001316
3.759000,60.000716
3.759100,60.000407
3.759200,59.999500
3.759300,59.999037
3.759400,59.998756
3.759500,59.998277
3.759600,59.998444
3.759700,59.998418
3.759800,59.999190
3.759900,59.999361
3.760000,59.999420
3.760100,59.999391
3.760200,59.999440
3.760300,59.999440
3.760400,59.999564
3.760500,59.999350
3.760600,59.998968
3.760700,59.999666
3.760800,60.000971
3.760900,60.001716
3.761000,60.003637
3.761100,60.005646
3.761200,60.007253
3.761300,60.009102
3.761400,60.011109
3.761500,60.014278
3.761600,60.016099
3.761700,60.018186
3.761800,60.020915
3.761900,60.022089
3.762000,60.022444
3.762100,60.022403
3.762200,60.022157
3.762300,60.022388
3.762400,60.021027
3.762500,60.017737
3.762600,60.011677
3.762700,60.004776
3.762800,59.998379
3.762900,59.991038
3.763000,59.981867
3.763100,59.973248
3.763200,59.964262
3.763300,59.955539
3.763400,59.943614
3.763500,59.932020
3.763600,59.928036
3.763700,59.923755
3.763800,59.926138
3.763900,59.936245
3.764000,59.947258
3.764100,59.961932
3.764200,59.978096
3.764300,59.992891
3.764400,60.007462
3.764500,60.020456
3.764600,60.033257
3.764700,60.045803
3.764800,60.051961
3.764900,60.052700
3.765000,60.051642
3.765100,60.049739
3.765200,60.047678
3.765300,60.044947
3.765400,60.043228
3.765500,60.042639
3.765600,60.042832
3.765700,60.043660
3.765800,60.045085
3.765900,60.046363
3.766000,60.048497
3.766100,60.050406
3.766200,60.051283
3.766300,60.052309
3.766400,60.053064
3.766500,60.052994
3.766600,60.052492
3.766700,60.052175
3.766800,60.051403
3.766900,60.050381
3.767000,60.049332
3.767100,60.048905
3.767200,60.047944
3.767300,60.047182
3.767400,60.046831
3.767500,60.046195
3.767600,60.046045
3.767700,60.045737
3.767800,60.045763
3.767900,60.045580
3.768000,60.045173
3.768100,60.045357
3.768200,60.045198
3.768300,60.045027
3.768400,60.045027
3.768500,60.044979
3.768600,60.045001
3.768700,60.044912
3.768800,60.044900
3.768900,60.045009
3.769000,60.045709
3.769100,60.046392
3.769200,60.047408
3.769300,60.048577
3.769400,60.049348
3.769500,60.050146
3.769600,60.051131
3.769700,60.052919
3.769800,60.055191
3.769900,60.057214
3.770000,60.059862
3.770100,60.061301
3.770200,60.062655
3.770300,60.062853
3.770400,60.063687
3.770500,60.063199
3.770600,60.061547
3.770700,60.059792
3.770800,60.055333
3.770900,60.051909
3.771000,60.045318
3.771100,60.037793
3.771200,60.031427
3.771300,60.025349
3.771400,60.018489
3.771500,60.011719
3.771600,60.002987
3.771700,59.992228
3.771800,59.980729
3.771900,59.970576
3.772000,59.960684
3.772100,59.953052
3.772200,59.951640
3.772300,59.954715
3.772400,59.962834
3.772500,59.976491
3.772600,59.992421
3.772700,60.008005
3.772800,60.022809
3.772900,60.033481
3.773000,60.042634
3.773100,60.045379
3.773200,60.046549
3.773300,60.046290
3.773400,60.042752
3.773500,60.041279
3.773600,60.038940
3.773700,60.037881
3.773800,60.037784
3.773900,60.038435
3.774000,60.039607
3.774100,60.041315
3.774200,60.043336
3.774300,60.045691
3.774400,60.047762
3.774500,60.049624
3.774600,60.050612
3.774700,60.050364
3.774800,60.050091
3.774900,60.048988
3.775000,60.047683
3.775100,60.046587
3.775200,60.045676
3.775300,60.044055
3.775400,60.043224
3.775500,60.042528
3.775600,60.041338
3.775700,60.040368
3.775800,60.039697
3.775900,60.038927
3.776000,60.039002
3.776100,60.038780
3.776200,60.038988
3.776300,60.038830
3.776400,60.038443
3.776500,60.037840
3.776600,60.038036
3.776700,60.037659
3.776800,60.037816
3.776900,60.037366
3.777000,60.037009
3.777100,60.036807
3.777200,60.037018
3.777300,60.037179
3.777400,60.037147
3.777500,60.037676
3.777600,60.037731
3.777700,60.038554
3.777800,60.039101
3.777900,60.040216
3.778000,60.042043
3.778100,60.043149
3.778200,60.045434
3.778300,60.047043
3.778400,60.049842
3.778500,60.051697
3.778600,60.051110
3.778700,60.051883
3.778800,60.051430
3.778900,60.048942
3.779000,60.046987
3.779100,60.043349
3.779200,60.037278
3.779300,60.031067
3.779400,60.025759
3.779500,60.020117
3.779600,60.013366
3.779700,60.007830
3.779800,60.001884
3.779900,59.994001
3.780000,59.985019
3.780100,59.975869
3.780200,59.964777
3.780300,59.952801
3.780400,59.942228
3.780500,59.935877
3.780600,59.933634
3.780700,59.936756
3.780800,59.940617
3.780900,59.947827
3.781000,59.955909
3.781100,59.965061
3.781200,59.974505
3.781300,59.981687
3.781400,59.984912
3.781500,59.984531
3.781600,59.985447
3.781700,59.982787
3.781800,59.980732
3.781900,59.978391
3.782000,59.976984
3.782100,59.976230
3.782200,59.976391
3.782300,59.977284
3.782400,59.978800
3.782500,59.980774
3.782600,59.982945
3.782700,59.984071
3.782800,59.984460
3.782900,59.985267
3.783000,59.985943
3.783100,59.985133
3.783200,59.984686
3.783300,59.983465
3.783400,59.982168
3.783500,59.980579
3.783600,59.978884
3.783700,59.977684
3.783800,59.976568
3.783900,59.975110
3.784000,59.974085
3.784100,59.973161
3.784200,59.972200
3.784300,59.971531
3.784400,59.970644
3.784500,59.970317
3.784600,59.970077
3.784700,59.969973
3.784800,59.969367
3.784900,59.968677
3.785000,59.968509
3.785100,59.968401
3.785200,59.968128
3.785300,59.967295
3.785400,59.967148
3.785500,59.966875
3.785600,59.967382
3.785700,59.967529
3.785800,59.968099
3.785900,59.967862
3.786000,59.969376
3.786100,59.970108
3.786200,59.971612
3.786300,59.973310
3.786400,59.974518
3.786500,59.976690
3.786600,59.978921
3.786700,59.980842
3.786800,59.981424
3.786900,59.982572
3.787000,59.981274
3.787100,59.980699
3.787200,59.979935
3.787300,59.977853
3.787400,59.973800
3.787500,59.969576
3.787600,59.962240
3.787700,59.955682
3.787800,59.949048
3.787900,59.941177
3.788000,59.934436
3.788100,59.927027
3.788200,59.918404
3.788300,59.909215
3.788400,59.897639
3.788500,59.884548
3.788600,59.869272
3.788700,59.860827
3.788800,59.856382
3.788900,59.857412
3.789000,59.864081
3.789100,59.873179
3.789200,59.883667
3.789300,59.899467
3.789400,59.915076
3.789500,59.925278
3.789600,59.935772
3.789700,59.943239
3.789800,59.945884
3.789900,59.946603
3.790000,59.943168
3.790100,59.941137
3.790200,59.938216
3.790300,59.936227
3.790400,59.935116
3.790500,59.934763
3.790600,59.935219
3.790700,59.936377
3.790800,59.937794
3.790900,59.939914
3.791000,59.941469
3.791100,59.942741
3.791200,59.943563
3.791300,59.944172
3.791400,59.944535
3.791500,59.944090
3.791600,59.943162
3.791700,59.941581
3.791800,59.940748
3.791900,59.939604
3.792000,59.938241
3.792100,59.937213
3.792200,59.936484
3.792300,59.935550
3.792400,59.934868
3.792500,59.934020
3.792600,59.932962
3.792700,59.932596
3.792800,59.932091
3.792900,59.932069
3.793000,59.931514
3.793100,59.931586
3.793200,59.931331
3.793300,59.931521
3.793400,59.931275
3.793500,59.931028
3.793600,59.931045
3.793700,59.931174
3.793800,59.930776
3.793900,59.930754
3.794000,59.931591
3.794100,59.932640
3.794200,59.933019
3.794300,59.934164
3.794400,59.935889
3.794500,59.937186
3.794600,59.938668
3.794700,59.940354
3.794800,59.942337
3.794900,59.944328
3.795000,59.946449
3.795100,59.948625
3.795200,59.950428
3.795300,59.951478
3.795400,59.952497
3.795500,59.953294
3.795600,59.951752
3.795700,59.950509
3.795800,59.947219
3.795900,59.941588
3.796000,59.934796
3.796100,59.927001
3.796200,59.918967
3.796300,59.911373
3.796400,59.901679
3.796500,59.893241
3.796600,59.882841
3.796700,59.872749
3.796800,59.866042
3.796900,59.854963
3.797000,59.852054
3.797100,59.851073
3.797200,59.857775
3.797300,59.871676
3.797400,59.888994
3.797500,59.906605
3.797600,59.920702
3.797700,59.935466
3.797800,59.947271
3.797900,59.960497
3.798000,59.972892
3.798100,59.982248
3.798200,59.985885
3.798300,59.985280
3.798400,59.983434
3.798500,59.980523
3.798600,59.977371
3.798700,59.974897
3.798800,59.973667
3.798900,59.973197
3.799000,59.973400
3.799100,59.974257
3.799200,59.975630
3.799300,59.977370
3.799400,59.979045
3.799500,59.980662
3.799600,59.981126
3.799700,59.982100
3.799800,59.982298
3.799900,59.981800
3.800000,59.980396
3.800100,59.979962
3.800200,59.979140
3.800300,59.978612
3.800400,59.977440
3.800500,59.976765
3.800600,59.976049
3.800700,59.975197
3.800800,59.974906
3.800900,59.974122
3.801000,59.973525
3.801100,59.973803
3.801200,59.974098
3.801300,59.974728
3.801400,59.974809
3.801500,59.975057
3.801600,59.974571
3.801700,59.974471
3.801800,59.974936
3.801900,59.974966
3.802000,59.975213
3.802100,59.975177
3.802200,59.975642
3.802300,59.975737
3.802400,59.975913
3.802500,59.977070
3.802600,59.978297
3.802700,59.978960
3.802800,59.981171
3.802900,59.982768
3.803000,59.984847
3.803100,59.986253
3.803200,59.988087
3.803300,59.990519
3.803400,59.992531
3.803500,59.993958
3.803600,59.995643
3.803700,59.997721
3.803800,59.997987
3.803900,59.997992
3.804000,59.997899
3.804100,59.995857
3.804200,59.992488
3.804300,59.987099
3.804400,59.980048
3.804500,59.972782
3.804600,59.965642
3.804700,59.958775
3.804800,59.951314
3.804900,59.941841
3.805000,59.930476
3.805100,59.924218
3.805200,59.918676
3.805300,59.916325
3.805400,59.915767
3.805500,59.923240
3.805600,59.934789
3.805700,59.947479
3.805800,59.962242
3.805900,59.974295
3.806000,59.986518
3.806100,60.000516
3.806200,60.012656
3.806300,60.027385
3.806400,60.039328
3.806500,60.048151
3.806600,60.049594
3.806700,60.050182
3.806800,60.048598
3.806900,60.045738
3.807000,60.042866
3.807100,60.040770
3.807200,60.039866
3.807300,60.039840
3.807400,60.040441
3.807500,60.041685
3.807600,60.043333
3.807700,60.045063
3.807800,60.046706
3.807900,60.047874
3.808000,60.048457
3.808100,60.048855
3.808200,60.048545
3.808300,60.048139
3.808400,60.047152
3.808500,60.046373
3.808600,60.045777
3.808700,60.044931
3.808800,60.043975
3.808900,60.043035
3.809000,60.042795
3.809100,60.042042
3.809200,60.041994
3.809300,60.041818
3.809400,60.041639
3.809500,60.041133
3.809600,60.041137
3.809700,60.041341
3.809800,60.041273
3.809900,60.040994
3.810000,60.041133
3.810100,60.040767
3.810200,60.040867
3.810300,60.041411
3.810400,60.041965
3.810500,60.042061
3.810600,60.041701
3.810700,60.041768
3.810800,60.042260
3.810900,60.042922
3.811000,60.044286
3.811100,60.045189
3.811200,60.046046
3.811300,60.048026
3.811400,60.050640
3.811500,60.052319
3.811600,60.054565
3.811700,60.056496
3.811800,60.058226
3.811900,60.060258
3.812000,60.061560
3.812100,60.061659
3.812200,60.061097
3.812300,60.060002
3.812400,60.058369
3.812500,60.053639
3.812600,60.047907
3.812700,60.040620
3.812800,60.033665
3.812900,60.027032
3.813000,60.020667
3.813100,60.013898
3.813200,60.006804
3.813300,59.996177
3.813400,59.983734
3.813500,59.970430
3.813600,59.958753
3.813700,59.950264
3.813800,59.949151
3.813900,59.952131
3.814000,59.956760
3.814100,59.970377
3.814200,59.985866
3.814300,59.998050
3.814400,60.011182
3.814500,60.024820
3.814600,60.033857
3.814700,60.041934
3.814800,60.048653
3.814900,60.049237
3.815000,60.047497
3.815100,60.044952
3.815200,60.041918
3.815300,60.039657
3.815400,60.038509
3.815500,60.038276
3.815600,60.038807
3.815700,60.040006
3.815800,60.041549
3.815900,60.043670
3.816000,60.045266
3.816100,60.046790
3.816200,60.047525
3.816300,60.047627
3.816400,60.047844
3.816500,60.047814
3.816600,60.046866
3.816700,60.045668
3.816800,60.044835
3.816900,60.043962
3.817000,60.042880
3.817100,60.042098
3.817200,60.041058
3.817300,60.040128
3.817400,60.039192
3.817500,60.038275
3.817600,60.038137
3.817700,60.037726
3.817800,60.037258
3.817900,60.037172
3.818000,60.037232
3.818100,60.037800
3.818200,60.037550
3.818300,60.037333
3.818400,60.036664
3.818500,60.036954
3.818600,60.036059
3.818700,60.035821
3.818800,60.035669
3.818900,60.035495
3.819000,60.035507
3.819100,60.035935
3.819200,60.036790
3.819300,60.036616
3.819400,60.036824
3.819500,60.038687
3.819600,60.040005
3.819700,60.042798
3.819800,60.044551
3.819900,60.046821
3.820000,60.048566
3.820100,60.049123
3.820200,60.050853
3.820300,60.050734
3.820400,60.051053
3.820500,60.051016
3.820600,60.050178
3.820700,60.046243
3.820800,60.041594
3.820900,60.036016
3.821000,60.028714
3.821100,60.022659
3.821200,60.016208
3.821300,60.010972
3.821400,60.005364
3.821500,59.998953
3.821600,59.990956
3.821700,59.981745
3.821800,59.972202
3.821900,59.957717
3.822000,59.942641
3.822100,59.937420
3.822200,59.930892
3.822300,59.936552
3.822400,59.941373
3.822500,59.947908
3.822600,59.954942
3.822700,59.968195
3.822800,59.977196
3.822900,59.984504
3.823000,59.989847
3.823100,59.993900
3.823200,59.996361
3.823300,59.994961
3.823400,59.992517
3.823500,59.990501
3.823600,59.987819
3.823700,59.986557
3.823800,59.985989
3.823900,59.986320
3.824000,59.987386
3.824100,59.988983
3.824200,59.990774
3.824300,59.992618
3.824400,59.994026
3.824500,59.995234
3.824600,59.995209
3.824700,59.994672
3.824800,59.993959
3.824900,59.993260
3.825000,59.991673
3.825100,59.990215
3.825200,59.989093
3.825300,59.987668
3.825400,59.986733
3.825500,59.985532
3.825600,59.984901
3.825700,59.983448
3.825800,59.982583
3.825900,59.981833
3.826000,59.981181
3.826100,59.980733
3.826200,59.981130
3.826300,59.980568
3.826400,59.980022
3.826500,59.980063
3.826600,59.979353
3.826700,59.979034
3.826800,59.978905
3.826900,59.978453
3.827000,59.978056
3.827100,59.977777
3.827200,59.977599
3.827300,59.977446
3.827400,59.977975
3.827500,59.978491
3.827600,59.979223
3.827700,59.980175
3.827800,59.981331
3.827900,59.982079
3.828000,59.983818
3.828100,59.985826
3.828200,59.988384
3.828300,59.989195
3.828400,59.991416
3.828500,59.992210
3.828600,59.993249
3.828700,59.992953
3.828800,59.992754
3.828900,59.992245
3.829000,59.988367
3.829100,59.984824
3.829200,59.980964
3.829300,59.973522
3.829400,59.965890
3.829500,59.959365
3.829600,59.951947
3.829700,59.945476
3.829800,59.938306
3.829900,59.928352
3.830000,59.918234
3.830100,59.905417
3.830200,59.890939
3.830300,59.877015
3.830400,59.870540
3.830500,59.865857
3.830600,59.866773
3.830700,59.876459
3.830800,59.888427
3.830900,59.904377
3.831000,59.919978
3.831100,59.935158
3.831200,59.948054
3.831300,59.958741
3.831400,59.962879
3.831500,59.967053
3.831600,59.968004
3.831700,59.964307
3.831800,59.959519
3.831900,59.956126
3.832000,59.954153
3.832100,59.953048
3.832200,59.952899
3.832300,59.953509
3.832400,59.954768
3.832500,59.956556
3.832600,59.958248
3.832700,59.959686
3.832800,59.960626
3.832900,59.961781
3.833000,59.962030
3.833100,59.961674
3.833200,59.961215
3.833300,59.960433
3.833400,59.959505
3.833500,59.957847
3.833600,59.957020
3.833700,59.955563
3.833800,59.955032
3.833900,59.953733
3.834000,59.952736
3.834100,59.951440
3.834200,59.950710
3.834300,59.950779
3.834400,59.950744
3.834500,59.950129
3.834600,59.949949
3.834700,59.950097
3.834800,59.949358
3.834900,59.949557
3.835000,59.949286
3.835100,59.949984
3.835200,59.949353
3.835300,59.949063
3.835400,59.949059
3.835500,59.949132
3.835600,59.949628
3.835700,59.949327
3.835800,59.949854
3.835900,59.949965
3.836000,59.951099
3.836100,59.952166
3.836200,59.953846
3.836300,59.955732
3.836400,59.957470
3.836500,59.959440
3.836600,59.961040
3.836700,59.963499
3.836800,59.965228
3.836900,59.966051
3.837000,59.966829
3.837100,59.967724
3.837200,59.967949
3.837300,59.967095
3.837400,59.964376
3.837500,59.959247
3.837600,59.953841
3.837700,59.948854
3.837800,59.941145
3.837900,59.933041
3.838000,59.926338
3.838100,59.917483
3.838200,59.908360
3.838300,59.898999
3.838400,59.886763
3.838500,59.874251
3.838600,59.865391
3.838700,59.862054
3.838800,59.865580
3.838900,59.873092
3.839000,59.886655
3.839100,59.899826
3.839200,59.915436
3.839300,59.931402
3.839400,59.945467
3.839500,59.958531
3.839600,59.973993
3.839700,59.983982
3.839800,59.989459
3.839900,59.994625
3.840000,59.993593
3.840100,59.990347
3.840200,59.987749
3.840300,59.985407
3.840400,59.983525
3.840500,59.982656
3.840600,59.982590
3.840700,59.983172
3.840800,59.984436
3.840900,59.986116
3.841000,59.988180
3.841100,59.989969
3.841200,59.991342
3.841300,59.992220
3.841400,59.992368
3.841500,59.992372
3.841600,59.992426
3.841700,59.991626
3.841800,59.990264
3.841900,59.989212
3.842000,59.988531
3.842100,59.987401
3.842200,59.986486
3.842300,59.986257
3.842400,59.985499
3.842500,59.985108
3.842600,59.984786
3.842700,59.983723
3.842800,59.983467
3.842900,59.983702
3.843000,59.983546
3.843100,59.983890
3.843200,59.983764
3.843300,59.984225
3.843400,59.984137
3.843500,59.984209
3.843600,59.985425
3.843700,59.985480
3.843800,59.985492
3.843900,59.986453
3.844000,59.986545
3.844100,59.986653
3.844200,59.987101
3.844300,59.988040
3.844400,59.989871
3.844500,59.990320
3.844600,59.992549
3.844700,59.994814
3.844800,59.996690
3.844900,59.998026
3.845000,60.000271
3.845100,60.002943
3.845200,60.005257
3.845300,60.007149
3.845400,60.008017
3.845500,60.008520
3.845600,60.008708
3.845700,60.006883
3.845800,60.004998
3.845900,60.000638
3.846000,59.994548
3.846100,59.988742
3.846200,59.981792
3.846300,59.974751
3.846400,59.967521
3.846500,59.958510
3.846600,59.947096
3.846700,59.936245
3.846800,59.924862
3.846900,59.915919
3.847000,59.909194
3.847100,59.909217
3.847200,59.918609
3.847300,59.933601
3.847400,59.949390
3.847500,59.962162
3.847600,59.972493
3.847700,59.986517
3.847800,59.997781
3.847900,60.009627
3.848000,60.023675
3.848100,60.033051
3.848200,60.039941
3.848300,60.039882
3.848400,60.037390
3.848500,60.034897
3.848600,60.032726
3.848700,60.029555
3.848800,60.027753
3.848900,60.026866
3.849000,60.026858
3.849100,60.027561
3.849200,60.028771
3.849300,60.030084
3.849400,60.031256
3.849500,60.032571
3.849600,60.033402
3.849700,60.034084
3.849800,60.034429
3.849900,60.033993
3.850000,60.033239
3.850100,60.032045
3.850200,60.031222
3.850300,60.029920
3.850400,60.029345
3.850500,60.028629
3.850600,60.028330
3.850700,60.027674
3.850800,60.027185
3.850900,60.026954
3.851000,60.026578
3.851100,60.026954
3.851200,60.026735
3.851300,60.026348
3.851400,60.025628
3.851500,60.026244
3.851600,60.026073
3.851700,60.025639
3.851800,60.026111
3.851900,60.026118
3.852000,60.025547
3.852100,60.026031
3.852200,60.026460
3.852300,60.027477
3.852400,60.028364
3.852500,60.028186
3.852600,60.029434
3.852700,60.030631
3.852800,60.032325
3.852900,60.033697
3.853000,60.036096
3.853100,60.037863
3.853200,60.039897
3.853300,60.041388
3.853400,60.044021
3.853500,60.046372
3.853600,60.047312
3.853700,60.048416
3.853800,60.048665
3.853900,60.046777
3.854000,60.045494
3.854100,60.043441
3.854200,60.040706
3.854300,60.034599
3.854400,60.027295
3.854500,60.020324
3.854600,60.012399
3.854700,60.004985
3.854800,59.998392
3.854900,59.988219
3.855000,59.979073
3.855100,59.967731
3.855200,59.954952
3.855300,59.947574
3.855400,59.943890
3.855500,59.944099
3.855600,59.949795
3.855700,59.959621
3.855800,59.975433
3.855900,59.988615
3.856000,60.002242
3.856100,60.017791
3.856200,60.032225
3.856300,60.044478
3.856400,60.051055
3.856500,60.055970
3.856600,60.056661
3.856700,60.054974
3.856800,60.052470
3.856900,60.049508
3.857000,60.047380
3.857100,60.046555
3.857200,60.046578
3.857300,60.047216
3.857400,60.048390
3.857500,60.050176
3.857600,60.052458
3.857700,60.054847
3.857800,60.056716
3.857900,60.058047
3.858000,60.058111
3.858100,60.058502
3.858200,60.058205
3.858300,60.057210
3.858400,60.056644
3.858500,60.055886
3.858600,60.054721
3.858700,60.053626
3.858800,60.052760
3.858900,60.052017
3.859000,60.051086
3.859100,60.050130
3.859200,60.049154
3.859300,60.048629
3.859400,60.048167
3.859500,60.047952
3.859600,60.047765
3.859700,60.047426
3.859800,60.047731
3.859900,60.047596
3.860000,60.047415
3.860100,60.047837
3.860200,60.047383
3.860300,60.047011
3.860400,60.046807
3.860500,60.046314
3.860600,60.046329
3.860700,60.046391
3.860800,60.046672
3.860900,60.047151
3.861000,60.047805
3.861100,60.049520
3.861200,60.051095
3.861300,60.052775
3.861400,60.054383
3.861500,60.056419
3.861600,60.058129
3.861700,60.059330
3.861800,60.061393
3.861900,60.062133
3.862000,60.063646
3.862100,60.064287
3.862200,60.062500
3.862300,60.060739
3.862400,60.055524
3.862500,60.050135
3.862600,60.043513
3.862700,60.037454
3.862800,60.030866
3.862900,60.024364
3.863000,60.018333
3.863100,60.010553
3.863200,60.001907
3.863300,59.993611
3.863400,59.983227
3.863500,59.972299
3.863600,59.958105
3.863700,59.949454
3.863800,59.946424
3.863900,59.944321
3.864000,59.940245
3.864100,59.944751
3.864200,59.955969
3.864300,59.965391
3.864400,59.979754
3.864500,59.989986
3.864600,59.997364
3.864700,60.002565
3.864800,60.005225
3.864900,60.003497
3.865000,60.002636
3.865100,60.000564
3.865200,59.997498
3.865300,59.995673
3.865400,59.994652
3.865500,59.994633
3.865600,59.995343
3.865700,59.996700
3.865800,59.998394
3.865900,60.000083
3.866000,60.001812
3.866100,60.003319
3.866200,60.004372
3.866300,60.004241
3.866400,60.003834
3.866500,60.003504
3.866600,60.002457
3.866700,60.001376
3.866800,59.999998
3.866900,59.999248
3.867000,59.997728
3.867100,59.996813
3.867200,59.995636
3.867300,59.994286
3.867400,59.993454
3.867500,59.992319
3.867600,59.991352
3.867700,59.990835
3.867800,59.990777
3.867900,59.990905
3.868000,59.990311
3.868100,59.990205
3.868200,59.989878
3.868300,59.989354
3.868400,59.988331
3.868500,59.987661
3.868600,59.987926
3.868700,59.988057
3.868800,59.987992
3.868900,59.988011
3.869000,59.988367
3.869100,59.987835
3.869200,59.987602
3.869300,59.988365
3.869400,59.989516
3.869500,59.990836
3.869600,59.993204
3.869700,59.995537
3.869800,59.997279
3.869900,59.998834
3.870000,60.001105
3.870100,60.002199
3.870200,60.003247
3.870300,60.002681
3.870400,60.003023
3.870500,60.002551
3.870600,60.001215
3.870700,59.996501
3.870800,59.990974
3.870900,59.985225
3.871000,59.978310
3.871100,59.972227
3.871200,59.965475
3.871300,59.958449
3.871400,59.951233
3.871500,59.944561
3.871600,59.935318
3.871700,59.924623
3.871800,59.912567
3.871900,59.900840
3.872000,59.890762
3.872100,59.881219
3.872200,59.879512
3.872300,59.880282
3.872400,59.884960
3.872500,59.897245
3.872600,59.909370
3.872700,59.921589
3.872800,59.933063
3.872900,59.944788
3.873000,59.955816
3.873100,59.960092
3.873200,59.959626
3.873300,59.960704
3.873400,59.958757
3.873500,59.956259
3.873600,59.953306
3.873700,59.951833
3.873800,59.951320
3.873900,59.951583
3.874000,59.952478
3.874100,59.954051
3.874200,59.955870
3.874300,59.957912
3.874400,59.959312
3.874500,59.961071
3.874600,59.961940
3.874700,59.961954
3.874800,59.960703
3.874900,59.960045
3.875000,59.959203
3.875100,59.958169
3.875200,59.956972
3.875300,59.955429
3.875400,59.954114
3.875500,59.953114
3.875600,59.952178
3.875700,59.951355
3.875800,59.950284
3.875900,59.949847
3.876000,59.948810
3.876100,59.948460
3.876200,59.948500
3.876300,59.948691
3.876400,59.948190
3.876500,59.948216
3.876600,59.948058
3.876700,59.948160
3.876800,59.947904
3.876900,59.947457
3.877000,59.947167
3.877100,59.946741
3.877200,59.947135
3.877300,59.947749
3.877400,59.947951
3.877500,59.948355
3.877600,59.949570
3.877700,59.951203
3.877800,59.952562
3.877900,59.954086
3.878000,59.955885
3.878100,59.957654
3.878200,59.960929
3.878300,59.961619
3.878400,59.963206
3.878500,59.964486
3.878600,59.964859
3.878700,59.966055
3.878800,59.966229
3.878900,59.966122
3.879000,59.965184
3.879100,59.962004
3.879200,59.955852
3.879300,59.949941
3.879400,59.943763
3.879500,59.936514
3.879600,59.928748
3.879700,59.920335
3.879800,59.911801
3.879900,59.901028
3.880000,59.889834
3.880100,59.877261
3.880200,59.868166
3.880300,59.857198
3.880400,59.858350
3.880500,59.859422
3.880600,59.866452
3.880700,59.874894
3.880800,59.892588
3.880900,59.905616
3.881000,59.918405
3.881100,59.930840
3.881200,59.944924
3.881300,59.959329
3.881400,59.971714
3.881500,59.979088
3.881600,59.980295
3.881700,59.977280
3.881800,59.974903
3.881900,59.971083
3.882000,59.968301
3.882100,59.966456
3.882200,59.965620
3.882300,59.965639
3.882400,59.966274
3.882500,59.967355
3.882600,59.968872
3.882700,59.970541
3.882800,59.972326
3.882900,59.973231
3.883000,59.974127
3.883100,59.974701
3.883200,59.974446
3.883300,59.973171
3.883400,59.972251
3.883500,59.971526
3.883600,59.970550
3.883700,59.969509
3.883800,59.968947
3.883900,59.967744
3.884000,59.966665
3.884100,59.965972
3.884200,59.965589
3.884300,59.965824
3.884400,59.965791
3.884500,59.966268
3.884600,59.966366
3.884700,59.966564
3.884800,59.966049
3.884900,59.966393
3.885000,59.966245
3.885100,59.966368
3.885200,59.966077
3.885300,59.966035
3.885400,59.966137
3.885500,59.966270
3.885600,59.966662
3.885700,59.966559
3.885800,59.968022
3.885900,59.968480
3.886000,59.969618
3.886100,59.970649
3.886200,59.972847
3.886300,59.975018
3.886400,59.977574
3.886500,59.980200
3.886600,59.981995
3.886700,59.984835
3.886800,59.987256
3.886900,59.989640
3.887000,59.990585
3.887100,59.990647
3.887200,59.990983
3.887300,59.990985
3.887400,59.988188
3.887500,59.985759
3.887600,59.980023
3.887700,59.974415
3.887800,59.967574
3.887900,59.960938
3.888000,59.953500
3.888100,59.945156
3.888200,59.936571
3.888300,59.925301
3.888400,59.916761
3.888500,59.906649
3.888600,59.902560
3.888700,59.905196
3.888800,59.910945
3.888900,59.922097
3.889000,59.938085
3.889100,59.952120
3.889200,59.965993
3.889300,59.979120
3.889400,59.992256
3.889500,60.003074
3.889600,60.017505
3.889700,60.030782
3.889800,60.040336
3.889900,60.040978
3.890000,60.043484
3.890100,60.041706
3.890200,60.038458
3.890300,60.036143
3.890400,60.033806
3.890500,60.032468
3.890600,60.031930
3.890700,60.032138
3.890800,60.032970
3.890900,60.034273
3.891000,60.035822
3.891100,60.037449
3.891200,60.038416
3.891300,60.038487
3.891400,60.038656
3.891500,60.038440
3.891600,60.038659
3.891700,60.038576
3.891800,60.037575
3.891900,60.036541
3.892000,60.035692
3.892100,60.034751
3.892200,60.034292
3.892300,60.033661
3.892400,60.033441
3.892500,60.033001
3.892600,60.032599
3.892700,60.032496
3.892800,60.032203
3.892900,60.032257
3.893000,60.032250
3.893100,60.032177
3.893200,60.032587
3.893300,60.032330
3.893400,60.032528
3.893500,60.032748
3.893600,60.032326
3.893700,60.032641
3.893800,60.032817
3.893900,60.033258
3.894000,60.033569
3.894100,60.034432
3.894200,60.035619
3.894300,60.036668
3.894400,60.037560
3.894500,60.039253
3.894600,60.040883
3.894700,60.041681
3.894800,60.043989
3.894900,60.045875
3.895000,60.049029
3.895100,60.050556
3.895200,60.051923
3.895300,60.053847
3.895400,60.055711
3.895500,60.055244
3.895600,60.054542
3.895700,60.053123
3.895800,60.051163
3.895900,60.044779
3.896000,60.038689
3.896100,60.031648
3.896200,60.023944
3.896300,60.016877
3.896400,60.009457
3.896500,60.001167
3.896600,59.991525
3.896700,59.978734
3.896800,59.965883
3.896900,59.957902
3.897000,59.954598
3.897100,59.950814
3.897200,59.954566
3.897300,59.964220
3.897400,59.980735
3.897500,59.993655
3.897600,60.005657
3.897700,60.019770
3.897800,60.033872
3.897900,60.047596
3.898000,60.057828
3.898100,60.065221
3.898200,60.067870
3.898300,60.065659
3.898400,60.064401
3.898500,60.061799
3.898600,60.059060
3.898700,60.057517
3.898800,60.056692
3.898900,60.056648
3.899000,60.057280
3.899100,60.058389
3.899200,60.059945
3.899300,60.061595
3.899400,60.063450
3.899500,60.065356
3.899600,60.066798
3.899700,60.067334
3.899800,60.067201
3.899900,60.066823
3.900000,60.065866
3.900100,60.064413
3.900200,60.063537
3.900300,60.062895
3.900400,60.062126
3.900500,60.060967
3.900600,60.060631
3.900700,60.059908
3.900800,60.059213
3.900900,60.058168
3.901000,60.057907
3.901100,60.057632
3.901200,60.057568
3.901300,60.057386
3.901400,60.056583
3.901500,60.056373
3.901600,60.056584
3.901700,60.056775
3.901800,60.056965
3.901900,60.056641
3.902000,60.056287
3.902100,60.056306
3.902200,60.056676
3.902300,60.057015
3.902400,60.056999
3.902500,60.057159
3.902600,60.057669
3.902700,60.058560
3.902800,60.059815
3.902900,60.061091
3.903000,60.062701
3.903100,60.064390
3.903200,60.066328
3.903300,60.068807
3.903400,60.069269
3.903500,60.071445
3.903600,60.072124
3.903700,60.073684
3.903800,60.074155
3.903900,60.071975
3.904000,60.067822
3.904100,60.062013
3.904200,60.056263
3.904300,60.049370
3.904400,60.043761
3.904500,60.037069
3.904600,60.031362
3.904700,60.025504
3.904800,60.019507
3.904900,60.011219
3.905000,60.001564
3.905100,59.991863
3.905200,59.979088
3.905300,59.964988
3.905400,59.955924
3.905500,59.954594
3.905600,59.951223
3.905700,59.953767
3.905800,59.958899
3.905900,59.971009
3.906000,59.981148
3.906100,59.992514
3.906200,60.000181
3.906300,60.007478
3.906400,60.012952
3.906500,60.015331
3.906600,60.015088
3.906700,60.013840
3.906800,60.012400
3.906900,60.009612
3.907000,60.007691
3.907100,60.006855
3.907200,60.006918
3.907300,60.007760
3.907400,60.009087
3.907500,60.011020
3.907600,60.012461
3.907700,60.014579
3.907800,60.015697
3.907900,60.016606
3.908000,60.017025
3.908100,60.016680
3.908200,60.016562
3.908300,60.015050
3.908400,60.013664
3.908500,60.012271
3.908600,60.010930
3.908700,60.009596
3.908800,60.008739
3.908900,60.007754
3.909000,60.006382
3.909100,60.005598
3.909200,60.004791
3.909300,60.004093
3.909400,60.003473
3.909500,60.003440
3.909600,60.002983
3.909700,60.002458
3.909800,60.002291
3.909900,60.002529
3.910000,60.001961
3.910100,60.001531
3.910200,60.000674
3.910300,60.000423
3.910400,60.000344
3.910500,60.000520
3.910600,60.000948
3.910700,60.000983
3.910800,60.001557
3.910900,60.001504
3.911000,60.001695
3.911100,60.002617
3.911200,60.004612
3.911300,60.006580
3.911400,60.007656
3.911500,60.010586
3.911600,60.011821
3.911700,60.013252
3.911800,60.014046
3.911900,60.014081
3.912000,60.014670
3.912100,60.015452
3.912200,60.014176
3.912300,60.012858
3.912400,60.007677
3.912500,60.001647
3.912600,59.995287
3.912700,59.989231
3.912800,59.982496
3.912900,59.975349
3.913000,59.967498
3.913100,59.960418
3.913200,59.951553
3.913300,59.943756
3.913400,59.932604
3.913500,59.919614
3.913600,59.906017
3.913700,59.896661
3.913800,59.887305
3.913900,59.882915
3.914000,59.885851
3.914100,59.890423
3.914200,59.901792
3.914300,59.912823
3.914400,59.927515
3.914500,59.942287
3.914600,59.954406
3.914700,59.960141
3.914800,59.960323
3.914900,59.959932
3.915000,59.958752
3.915100,59.956576
3.915200,59.953352
3.915300,59.950958
3.915400,59.949634
3.915500,59.949232
3.915600,59.949655
3.915700,59.950763
3.915800,59.952460
3.915900,59.954101
3.916000,59.956014
3.916100,59.957615
3.916200,59.958182
3.916300,59.958485
3.916400,59.958195
3.916500,59.957853
3.916600,59.956930
3.916700,59.955332
3.916800,59.953642
3.916900,59.952816
3.917000,59.951407
3.917100,59.950075
3.917200,59.948493
3.917300,59.947819
3.917400,59.947156
3.917500,59.946596
3.917600,59.946446
3.917700,59.946153
3.917800,59.945774
3.917900,59.945154
3.918000,59.944876
3.918100,59.945118
3.918200,59.944969
3.918300,59.944523
3.918400,59.944242
3.918500,59.944373
3.918600,59.944018
3.918700,59.943537
3.918800,59.943206
3.918900,59.943353
3.919000,59.943839
3.919100,59.944517
3.919200,59.945003
3.919300,59.946301
3.919400,59.947779
3.919500,59.948580
3.919600,59.950437
3.919700,59.951618
3.919800,59.953001
3.919900,59.955040
3.920000,59.957358
3.920100,59.959739
3.920200,59.962762
3.920300,59.964272
3.920400,59.964073
3.920500,59.965323
3.920600,59.963840
3.920700,59.962118
3.920800,59.957847
3.920900,59.952627
3.921000,59.947070
3.921100,59.940397
3.921200,59.933211
3.921300,59.926073
3.921400,59.917572
3.921500,59.909310
3.921600,59.898074
3.921700,59.887339
3.921800,59.876287
3.921900,59.868961
3.922000,59.862727
3.922100,59.863151
3.922200,59.867741
3.922300,59.874309
3.922400,59.886719
3.922500,59.903231
3.922600,59.915568
3.922700,59.929585
3.922800,59.945307
3.922900,59.958835
3.923000,59.971795
3.923100,59.982750
3.923200,59.983730
3.923300,59.982376
3.923400,59.980543
3.923500,59.978581
3.923600,59.975993
3.923700,59.973471
3.923800,59.972156
3.923900,59.971856
3.924000,59.972296
3.924100,59.973196
3.924200,59.974723
3.924300,59.976436
3.924400,59.977934
3.924500,59.979463
3.924600,59.980180
3.924700,59.980976
3.924800,59.981089
3.924900,59.980631
3.925000,59.979901
3.925100,59.979381
3.925200,59.978174
3.925300,59.976894
3.925400,59.976357
3.925500,59.975164
3.925600,59.974361
3.925700,59.973727
3.925800,59.973540
3.925900,59.973294
3.926000,59.972826
3.926100,59.972494
3.926200,59.972133
3.926300,59.971988
3.926400,59.972212
3.926500,59.972036
3.926600,59.971821
3.926700,59.971934
3.926800,59.971869
3.926900,59.971869
3.927000,59.971856
3.927100,59.972074
3.927200,59.971818
3.927300,59.971891
3.927400,59.971901
3.927500,59.972370
3.927600,59.973783
3.927700,59.974501
3.927800,59.976659
3.927900,59.978123
3.928000,59.980335
3.928100,59.982829
3.928200,59.985084
3.928300,59.987194
3.928400,59.989683
3.928500,59.992026
3.928600,59.993931
3.928700,59.996322
3.928800,59.997440
3.928900,59.996481
3.929000,59.996210
3.929100,59.993071
3.929200,59.988130
3.929300,59.983061
3.929400,59.976235
3.929500,59.968629
3.929600,59.960456
3.929700,59.952333
3.929800,59.942598
3.929900,59.933716
3.930000,59.923637
3.930100,59.910831
3.930200,59.907290
3.930300,59.904741
3.930400,59.907024
3.930500,59.913859
3.930600,59.923694
3.930700,59.941250
3.930800,59.954619
3.930900,59.969283
3.931000,59.981424
3.931100,59.993039
3.931200,60.005598
3.931300,60.018495
3.931400,60.031528
3.931500,60.037429
3.931600,60.039634
3.931700,60.039109
3.931800,60.036731
3.931900,60.032895
3.932000,60.029360
3.932100,60.027621
3.932200,60.026553
3.932300,60.026351
3.932400,60.026812
3.932500,60.027951
3.932600,60.029488
3.932700,60.030948
3.932800,60.032337
3.932900,60.033443
3.933000,60.034055
3.933100,60.034418
3.933200,60.033979
3.933300,60.034077
3.933400,60.032236
3.933500,60.031175
3.933600,60.030549
3.933700,60.029956
3.933800,60.028717
3.933900,60.028123
3.934000,60.027332
3.934100,60.027338
3.934200,60.026549
3.934300,60.026404
3.934400,60.026204
3.934500,60.026459
3.934600,60.026303
3.934700,60.026356
3.934800,60.026216
3.934900,60.026702
3.935000,60.026435
3.935100,60.026391
3.935200,60.026532
3.935300,60.027212
3.935400,60.027089
3.935500,60.027111
3.935600,60.026951
3.935700,60.027903
3.935800,60.028632
3.935900,60.030224
3.936000,60.031214
3.936100,60.032184
3.936200,60.033322
3.936300,60.035519
3.936400,60.037567
3.936500,60.039823
3.936600,60.042507
3.936700,60.044426
3.936800,60.047463
3.936900,60.048866
3.937000,60.050476
3.937100,60.051412
3.937200,60.051596
3.937300,60.049192
3.937400,60.046642
3.937500,60.042336
3.937600,60.037676
3.937700,60.031171
3.937800,60.024984
3.937900,60.019139
3.938000,60.012599
3.938100,60.004052
3.938200,59.996416
3.938300,59.986749
3.938400,59.976015
3.938500,59.964451
3.938600,59.958429
3.938700,59.956753
3.938800,59.958470
3.938900,59.962200
3.939000,59.970845
3.939100,59.985482
3.939200,60.002044
3.939300,60.016601
3.939400,60.030174
3.939500,60.043341
3.939600,60.055682
3.939700,60.064785
3.939800,60.068764
3.939900,60.071813
3.940000,60.071332
3.940100,60.069786
3.940200,60.068250
3.940300,60.066027
3.940400,60.064949
3.940500,60.064624
3.940600,60.065030
3.940700,60.065986
3.940800,60.067582
3.940900,60.069614
3.941000,60.072007
3.941100,60.073751
3.941200,60.075035
3.941300,60.076343
3.941400,60.076554
3.941500,60.076619
3.941600,60.075867
3.941700,60.075299
3.941800,60.074115
3.941900,60.073403
3.942000,60.072837
3.942100,60.071855
3.942200,60.070814
3.942300,60.070367
3.942400,60.069498
3.942500,60.069068
3.942600,60.068432
3.942700,60.067694
3.942800,60.067026
3.942900,60.067073
3.943000,60.067198
3.943100,60.067158
3.943200,60.066313
3.943300,60.066051
3.943400,60.065901
3.943500,60.065981
3.943600,60.065848
3.943700,60.065512
3.943800,60.065283
3.943900,60.065204
3.944000,60.065701
3.944100,60.065752
3.944200,60.066164
3.944300,60.067424
3.944400,60.067959
3.944500,60.069635
3.944600,60.070907
3.944700,60.072219
3.944800,60.073758
3.944900,60.074700
3.945000,60.076859
3.945100,60.079469
3.945200,60.080772
3.945300,60.081707
3.945400,60.082446
3.945500,60.080760
3.945600,60.077510
3.945700,60.073766
3.945800,60.070002
3.945900,60.063126
3.946000,60.056996
3.946100,60.050272
3.946200,60.043206
3.946300,60.036175
3.946400,60.028779
3.946500,60.021444
3.946600,60.013165
3.946700,60.001294
3.946800,59.987237
3.946900,59.974993
3.947000,59.961691
3.947100,59.949102
3.947200,59.946372
3.947300,59.946094
3.947400,59.947401
3.947500,59.960607
3.947600,59.972274
3.947700,59.984730
3.947800,59.992657
3.947900,59.999828
3.948000,60.005382
3.948100,60.010052
3.948200,60.010578
3.948300,60.009330
3.948400,60.006279
3.948500,60.003265
3.948600,60.001330
3.948700,60.000041
3.948800,59.999626
3.948900,59.999996
3.949000,60.001105
3.949100,60.002787
3.949200,60.004661
3.949300,60.006340
3.949400,60.007515
3.949500,60.008403
3.949600,60.008254
3.949700,60.008508
3.949800,60.008377
3.949900,60.007545
3.950000,60.006355
3.950100,60.005492
3.950200,60.004084
3.950300,60.002902
3.950400,60.001588
3.950500,60.000776
3.950600,59.999829
3.950700,59.998983
3.950800,59.998184
3.950900,59.997966
3.951000,59.997781
3.951100,59.996787
3.951200,59.996344
3.951300,59.996045
3.951400,59.995128
3.951500,59.995218
3.951600,59.994865
3.951700,59.994649
3.951800,59.994130
3.951900,59.993581
3.952000,59.993734
3.952100,59.993510
3.952200,59.993602
3.952300,59.993250
3.952400,59.993351
3.952500,59.993310
3.952600,59.993887
3.952700,59.995277
3.952800,59.995875
3.952900,59.997554
3.953000,59.998887
3.953100,60.000335
3.953200,60.002549
3.953300,60.004883
3.953400,60.007795
3.953500,60.009137
3.953600,60.009590
3.953700,60.009190
3.953800,60.007623
3.953900,60.005614
3.954000,60.000934
3.954100,59.995213
3.954200,59.989258
3.954300,59.982845
3.954400,59.974948
3.954500,59.968429
3.954600,59.961750
3.954700,59.953934
3.954800,59.946138
3.954900,59.936159
3.955000,59.925179
3.955100,59.915562
3.955200,59.901081
3.955300,59.888897
3.955400,59.879581
3.955500,59.875650
3.955600,59.876175
3.955700,59.878818
3.955800,59.890979
3.955900,59.899747
3.956000,59.911877
3.956100,59.926435
3.956200,59.935274
3.956300,59.943728
3.956400,59.949583
3.956500,59.953399
3.956600,59.950499
3.956700,59.948607
3.956800,59.945506
3.956900,59.942388
3.957000,59.940564
3.957100,59.939712
3.957200,59.939765
3.957300,59.940573
3.957400,59.941947
3.957500,59.943643
3.957600,59.945639
3.957700,59.947177
3.957800,59.948358
3.957900,59.948981
3.958000,59.948997
3.958100,59.948885
3.958200,59.948611
3.958300,59.948044
3.958400,59.945893
3.958500,59.944415
3.958600,59.942937
3.958700,59.942560
3.958800,59.941835
3.958900,59.940484
3.959000,59.939439
3.959100,59.938835
3.959200,59.938254
3.959300,59.937643
3.959400,59.937118
3.959500,59.936561
3.959600,59.936539
3.959700,59.935894
3.959800,59.935626
3.959900,59.935196
3.960000,59.935042
3.960100,59.934933
3.960200,59.934330
3.960300,59.933936
3.960400,59.933602
3.960500,59.933897
3.960600,59.934357
3.960700,59.934210
3.960800,59.934577
3.960900,59.935662
3.961000,59.936211
3.961100,59.937745
3.961200,59.939363
3.961300,59.940858
3.961400,59.943076
3.961500,59.944981
3.961600,59.947160
3.961700,59.950130
3.961800,59.952721
3.961900,59.953354
3.962000,59.955749
3.962100,59.956177
3.962200,59.955360
3.962300,59.953908
3.962400,59.949978
3.962500,59.945553
3.962600,59.940173
3.962700,59.933485
3.962800,59.927609
3.962900,59.920524
3.963000,59.912828
3.963100,59.904276
3.963200,59.895824
3.963300,59.883882
3.963400,59.870935
3.963500,59.858707
3.963600,59.849253
3.963700,59.844479
3.963800,59.844111
3.963900,59.847271
3.964000,59.858220
3.964100,59.874736
3.964200,59.889630
3.964300,59.904355
3.964400,59.918948
3.964500,59.933108
3.964600,59.947184
3.964700,59.957561
3.964800,59.962161
3.964900,59.962982
3.965000,59.964385
3.965100,59.962705
3.965200,59.959749
3.965300,59.956739
3.965400,59.955275
3.965500,59.954452
3.965600,59.954417
3.965700,59.954932
3.965800,59.956116
3.965900,59.957861
3.966000,59.959521
3.966100,59.960931
3.966200,59.962372
3.966300,59.963327
3.966400,59.963894
3.966500,59.963735
3.966600,59.963000
3.966700,59.961848
3.966800,59.961485
3.966900,59.960658
3.967000,59.959517
3.967100,59.958384
3.967200,59.957598
3.967300,59.956766
3.967400,59.956435
3.967500,59.956071
3.967600,59.956070
3.967700,59.956060
3.967800,59.956113
3.967900,59.956141
3.968000,59.955784
3.968100,59.955835
3.968200,59.955816
3.968300,59.955772
3.968400,59.955669
3.968500,59.955513
3.968600,59.955369
3.968700,59.955116
3.968800,59.955286
3.968900,59.956012
3.969000,59.956903
3.969100,59.957427
3.969200,59.958705
3.969300,59.959758
3.969400,59.960879
3.969500,59.962347
3.969600,59.963667
3.969700,59.965391
3.969800,59.967135
3.969900,59.968903
3.970000,59.968773
3.970100,59.968917
3.970200,59.969105
3.970300,59.969305
3.970400,59.969445
3.970500,59.969617
3.970600,59.969785
3.970700,59.969817
3.970800,59.969687
3.970900,59.969434
3.971000,59.969005
3.971100,59.968475
3.971200,59.967812
3.971300,59.967072
3.971400,59.966144
3.971500,59.965171
3.971600,59.964236
3.971700,59.963372
3.971800,59.962772
3.971900,59.962138
3.972000,59.961902
3.972100,59.961829
3.972200,59.962365
3.972300,59.963259
3.972400,59.964466
3.972500,59.966127
3.972600,59.967758
3.972700,59.970023
3.972800,59.972151
3.972900,59.974618
3.973000,59.976845
3.973100,59.979027
3.973200,59.980764
3.973300,59.982440
3.973400,59.983955
3.973500,59.984781
3.973600,59.985345
3.973700,59.985561
3.973800,59.985555
3.973900,59.985258
3.974000,59.984761
3.974100,59.983939
3.974200,59.983428
3.974300,59.982590
3.974400,59.982105
3.974500,59.981863
3.974600,59.981443
3.974700,59.981205
3.974800,59.981126
3.974900,59.981111
3.975000,59.981111
3.975100,59.981148
3.975200,59.981160
3.975300,59.981152
3.975400,59.981103
3.975500,59.981054
3.975600,59.980980
3.975700,59.980871
3.975800,59.980701
3.975900,59.980568
3.976000,59.980446
3.976100,59.980265
3.976200,59.980220
3.976300,59.980099
3.976400,59.980007
3.976500,59.979983
3.976600,59.979836
3.976700,59.979621
3.976800,59.979577
3.976900,59.979634
3.977000,59.979573
3.977100,59.979611
3.977200,59.979637
3.977300,59.979736
3.977400,59.979983
3.977500,59.980195
3.977600,59.980729
3.977700,59.981330
3.977800,59.982284
3.977900,59.983056
3.978000,59.984169
3.978100,59.985389
3.978200,59.986649
3.978300,59.987951
3.978400,59.989564
3.978500,59.990880
3.978600,59.992297
3.978700,59.993366
3.978800,59.994416
3.978900,59.995109
3.979000,59.995538
3.979100,59.995566
3.979200,59.994887
3.979300,59.993763
3.979400,59.992154
3.979500,59.990438
3.979600,59.988170
3.979700,59.985752
3.979800,59.982585
3.979900,59.979303
3.980000,59.976785
3.980100,59.974240
3.980200,59.971980
3.980300,59.970286
3.980400,59.969851
3.980500,59.970517
3.980600,59.972290
3.980700,59.976023
3.980800,59.980829
3.980900,59.985927
3.981000,59.990882
3.981100,59.996460
3.981200,60.002353
3.981300,60.008087
3.981400,60.013056
3.981500,60.017184
3.981600,60.020715
3.981700,60.023044
3.981800,60.023808
3.981900,60.023883
3.982000,60.023471
3.982100,60.022199
3.982200,60.020166
3.982300,60.017961
3.982400,60.016177
3.982500,60.014652
3.982600,60.013454
3.982700,60.012660
3.982800,60.012308
3.982900,60.012088
3.983000,60.012002
3.983100,60.012038
3.983200,60.012110
3.983300,60.012115
3.983400,60.012094
3.983500,60.011790
3.983600,60.011517
3.983700,60.011418
3.983800,60.010944
3.983900,60.010600
3.984000,60.010101
3.984100,60.009401
3.984200,60.008881
3.984300,60.008315
3.984400,60.008031
3.984500,60.007687
3.984600,60.007488
3.984700,60.007358
3.984800,60.006918
3.984900,60.006635
3.985000,60.005871
3.985100,60.005668
3.985200,60.005198
3.985300,60.005041
3.985400,60.004907
3.985500,60.005146
3.985600,60.004963
3.985700,60.005121
3.985800,60.005153
3.985900,60.005527
3.986000,60.006663
3.986100,60.008106
3.986200,60.008839
3.986300,60.010212
3.986400,60.012185
3.986500,60.014243
3.986600,60.016652
3.986700,60.018632
3.986800,60.020635
3.986900,60.022524
3.987000,60.024236
3.987100,60.025245
3.987200,60.025522
3.987300,60.025010
3.987400,60.024300
3.987500,60.022657
3.987600,60.019876
3.987700,60.015952
3.987800,60.010623
3.987900,60.005213
3.988000,59.997182
3.988100,59.989101
3.988200,59.980161
3.988300,59.971318
3.988400,59.963980
3.988500,59.956196
3.988600,59.951193
3.988700,59.947603
3.988800,59.946046
3.988900,59.946066
3.989000,59.951120
3.989100,59.956097
3.989200,59.961421
3.989300,59.967608
3.989400,59.977275
3.989500,59.986573
3.989600,59.993962
3.989700,59.999767
3.989800,60.002467
3.989900,60.006129
3.990000,60.007258
3.990100,60.007243
3.990200,60.006666
3.990300,60.004450
3.990400,60.001129
3.990500,59.997707
3.990600,59.995131
3.990700,59.993389
3.990800,59.992065
3.990900,59.991094
3.991000,59.990649
3.991100,59.990617
3.991200,59.990807
3.991300,59.991063
3.991400,59.991362
3.991500,59.991502
3.991600,59.991079
3.991700,59.990576
3.991800,59.990234
3.991900,59.989288
3.992000,59.988331
3.992100,59.987526
3.992200,59.986554
3.992300,59.985851
3.992400,59.984807
3.992500,59.983887
3.992600,59.982609
3.992700,59.981853
3.992800,59.981449
3.992900,59.980546
3.993000,59.980339
3.993100,59.979632
3.993200,59.978882
3.993300,59.978756
3.993400,59.978184
3.993500,59.977789
3.993600,59.977521
3.993700,59.976927
3.993800,59.976735
3.993900,59.976805
3.994000,59.975792
3.994100,59.975848
3.994200,59.976049
3.994300,59.975973
3.994400,59.976649
3.994500,59.978037
3.994600,59.979241
3.994700,59.980924
3.994800,59.982850
3.994900,59.984655
3.995000,59.986469
3.995100,59.989162
3.995200,59.991749
3.995300,59.994387
3.995400,59.996023
3.995500,59.995289
3.995600,59.994747
3.995700,59.993422
3.995800,59.991303
3.995900,59.985978
3.996000,59.979317
3.996100,59.971933
3.996200,59.962802
3.996300,59.953444
3.996400,59.955055
3.996500,59.948208
3.996600,59.942951
3.996700,59.936506
3.996800,59.930541
3.996900,59.926221
3.997000,59.922717
3.997100,59.919869
3.997200,59.919589
3.997300,59.920117
3.997400,59.922955
3.997500,59.928074
3.997600,59.935012
3.997700,59.943039
3.997800,59.949802
3.997900,59.957865
3.998000,59.963285
3.998100,59.966643
3.998200,59.971378
3.998300,59.974456
3.998400,59.975511
3.998500,59.974711
3.998600,59.973131
3.998700,59.970828
3.998800,59.967827
3.998900,59.964335
3.999000,59.961715
3.999100,59.960181
3.999200,59.958904
3.999300,59.957705
3.999400,59.956948
3.999500,59.956789
3.999600,59.956740
3.999700,59.956750
3.999800,59.956797
3.999900,59.956723
4.000000,59.956427
4.000100,59.956316
4.000200,59.956128
4.000300,59.955512
4.000400,59.954753
4.000500,59.954109
4.000600,59.953084
4.000700,59.952100
4.000800,59.951444
4.000900,59.950600
4.001000,59.949790
4.001100,59.949743
4.001200,59.949338
4.001300,59.948597
4.001400,59.947717
4.001500,59.947339
4.001600,59.946826
4.001700,59.946553
4.001800,59.945928
4.001900,59.945158
4.002000,59.944865
4.002100,59.945135
4.002200,59.945082
4.002300,59.945055
4.002400,59.945378
4.002500,59.946304
4.002600,59.946777
4.002700,59.947384
4.002800,59.948839
4.002900,59.950716
4.003000,59.951992
4.003100,59.954564
4.003200,59.956747
4.003300,59.959035
4.003400,59.961742
4.003500,59.963444
4.003600,59.965179
4.003700,59.965610
4.003800,59.966842
4.003900,59.967072
4.004000,59.967198
4.004100,59.965217
4.004200,59.961575
4.004300,59.957953
4.004400,59.953265
4.004500,59.946787
4.004600,59.939470
4.004700,59.930403
4.004800,59.922105
4.004900,59.913399
4.005000,59.906643
4.005100,59.898431
4.005200,59.893842
4.005300,59.889278
4.005400,59.889814
4.005500,59.890273
4.005600,59.896136
4.005700,59.903701
4.005800,59.913749
4.005900,59.926287
4.006000,59.940413
4.006100,59.956109
4.006200,59.969479
4.006300,59.979452
4.006400,59.987508
4.006500,59.994170
4.006600,59.996722
4.006700,59.998331
4.006800,59.996289
4.006900,59.995401
4.007000,59.992165
4.007100,59.988798
4.007200,59.986157
4.007300,59.983920
4.007400,59.982456
4.007500,59.981966
4.007600,59.981850
4.007700,59.982124
4.007800,59.982579
4.007900,59.983049
4.008000,59.983367
4.008100,59.983577
4.008200,59.983419
4.008300,59.982634
4.008400,59.982646
4.008500,59.982280
4.008600,59.981433
4.008700,59.980737
4.008800,59.979693
4.008900,59.978958
4.009000,59.978013
4.009100,59.976963
4.009200,59.976315
4.009300,59.975660
4.009400,59.975595
4.009500,59.975453
4.009600,59.975349
4.009700,59.974925
4.009800,59.974326
4.009900,59.974068
4.010000,59.974154
4.010100,59.974031
4.010200,59.974328
4.010300,59.974402
4.010400,59.974492
4.010500,59.974411
4.010600,59.974540
4.010700,59.974966
4.010800,59.976486
4.010900,59.977491
4.011000,59.978871
4.011100,59.980239
4.011200,59.982388
4.011300,59.984114
4.011400,59.985617
4.011500,59.988436
4.011600,59.990792
4.011700,59.993763
4.011800,59.996273
4.011900,59.997373
4.012000,59.999584
4.012100,60.000226
4.012200,60.001002
4.012300,60.000302
4.012400,59.999445
4.012500,59.998045
4.012600,59.995438
4.012700,59.989748
4.012800,59.983925
4.012900,59.977147
4.013000,59.968824
4.013100,59.959851
4.013200,59.953612
4.013300,59.947216
4.013400,59.939033
4.013500,59.934017
4.013600,59.931905
4.013700,59.933500
4.013800,59.936419
4.013900,59.943507
4.014000,59.953279
4.014100,59.968101
4.014200,59.984970
4.014300,59.999636
4.014400,60.012909
4.014500,60.028104
4.014600,60.042621
4.014700,60.055990
4.014800,60.062723
4.014900,60.068070
4.015000,60.069271
4.015100,60.068208
4.015200,60.064894
4.015300,60.061551
4.015400,60.059735
4.015500,60.057815
4.015600,60.056311
4.015700,60.055821
4.015800,60.055856
4.015900,60.056259
4.016000,60.057091
4.016100,60.058193
4.016200,60.059269
4.016300,60.060332
4.016400,60.060721
4.016500,60.060682
4.016600,60.060258
4.016700,60.059989
4.016800,60.059572
4.016900,60.058881
4.017000,60.058430
4.017100,60.057692
4.017200,60.056727
4.017300,60.056042
4.017400,60.055622
4.017500,60.054839
4.017600,60.054260
4.017700,60.053860
4.017800,60.053580
4.017900,60.053515
4.018000,60.054285
4.018100,60.054664
4.018200,60.054831
4.018300,60.054707
4.018400,60.054277
4.018500,60.054316
4.018600,60.054726
4.018700,60.054951
4.018800,60.056084
4.018900,60.055791
4.019000,60.055991
4.019100,60.055929
4.019200,60.056343
4.019300,60.058184
4.019400,60.059438
4.019500,60.061493
4.019600,60.063024
4.019700,60.065233
4.019800,60.067862
4.019900,60.070599
4.020000,60.073018
4.020100,60.075295
4.020200,60.077681
4.020300,60.078513
4.020400,60.080213
4.020500,60.079569
4.020600,60.080119
4.020700,60.078683
4.020800,60.076395
4.020900,60.073140
4.021000,60.067077
4.021100,60.059830
4.021200,60.051668
4.021300,60.043386
4.021400,60.034022
4.021500,60.024207
4.021600,60.013148
4.021700,60.001525
4.021800,59.992505
4.021900,59.987197
4.022000,59.984795
4.022100,59.983345
4.022200,59.989146
4.022300,59.994300
4.022400,60.005883
4.022500,60.021749
4.022600,60.037927
4.022700,60.052935
4.022800,60.067915
4.022900,60.079236
4.023000,60.089519
4.023100,60.095215
4.023200,60.099857
4.023300,60.098553
4.023400,60.096732
4.023500,60.094996
4.023600,60.092516
4.023700,60.090808
4.023800,60.089542
4.023900,60.089179
4.024000,60.089564
4.024100,60.090615
4.024200,60.092221
4.024300,60.094019
4.024400,60.095837
4.024500,60.097126
4.024600,60.097930
4.024700,60.098862
4.024800,60.099060
4.024900,60.098569
4.025000,60.097989
4.025100,60.097192
4.025200,60.096291
4.025300,60.095292
4.025400,60.094264
4.025500,60.094054
4.025600,60.093789
4.025700,60.092393
4.025800,60.091175
4.025900,60.090854
4.026000,60.090142
4.026100,60.089855
4.026200,60.089365
4.026300,60.089891
4.026400,60.089649
4.026500,60.089324
4.026600,60.088982
4.026700,60.088942
4.026800,60.088863
4.026900,60.088746
4.027000,60.088123
4.027100,60.088596
4.027200,60.088960
4.027300,60.089080
4.027400,60.089196
4.027500,60.089986
4.027600,60.089898
4.027700,60.091044
4.027800,60.092826
4.027900,60.094158
4.028000,60.095286
4.028100,60.097111
4.028200,60.099505
4.028300,60.101124
4.028400,60.102772
4.028500,60.104758
4.028600,60.106987
4.028700,60.106959
4.028800,60.106829
4.028900,60.105801
4.029000,60.102217
4.029100,60.099554
4.029200,60.095096
4.029300,60.088895
4.029400,60.081763
4.029500,60.074740
4.029600,60.068457
4.029700,60.061846
4.029800,60.054121
4.029900,60.045774
4.030000,60.036919
4.030100,60.026731
4.030200,60.014507
4.030300,59.999628
4.030400,59.990047
4.030500,59.986385
4.030600,59.984227
4.030700,59.987961
4.030800,59.993787
4.030900,60.000703
4.031000,60.014371
4.031100,60.024641
4.031200,60.035026
4.031300,60.038861
4.031400,60.043879
4.031500,60.046438
4.031600,60.046478
4.031700,60.044294
4.031800,60.041339
4.031900,60.040150
4.032000,60.038049
4.032100,60.036858
4.032200,60.036688
4.032300,60.037325
4.032400,60.038610
4.032500,60.040431
4.032600,60.041825
4.032700,60.043337
4.032800,60.043649
4.032900,60.044391
4.033000,60.044159
4.033100,60.043594
4.033200,60.043301
4.033300,60.042028
4.033400,60.040765
4.033500,60.040243
4.033600,60.038578
4.033700,60.037077
4.033800,60.036029
4.033900,60.034982
4.034000,60.034367
4.034100,60.033866
4.034200,60.032766
4.034300,60.031923
4.034400,60.031561
4.034500,60.031471
4.034600,60.031421
4.034700,60.031099
4.034800,60.030594
4.034900,60.030016
4.035000,60.029743
4.035100,60.029255
4.035200,60.029276
4.035300,60.028590
4.035400,60.028497
4.035500,60.027359
4.035600,60.026782
4.035700,60.026920
4.035800,60.026825
4.035900,60.027314
4.036000,60.028378
4.036100,60.029599
4.036200,60.032041
4.036300,60.033276
4.036400,60.034857
4.036500,60.036816
4.036600,60.038714
4.036700,60.040044
4.036800,60.041107
4.036900,60.042629
4.037000,60.043352
4.037100,60.043713
4.037200,60.041949
4.037300,60.039772
4.037400,60.036117
4.037500,60.029147
4.037600,60.021551
4.037700,60.013942
4.037800,60.008225
4.037900,60.002181
4.038000,59.995214
4.038100,59.986588
4.038200,59.978615
4.038300,59.969393
4.038400,59.958722
4.038500,59.946174
4.038600,59.930702
4.038700,59.920505
4.038800,59.912615
4.038900,59.906601
4.039000,59.910506
4.039100,59.917358
4.039200,59.923482
4.039300,59.933715
4.039400,59.946162
4.039500,59.958293
4.039600,59.967837
4.039700,59.974106
4.039800,59.974865
4.039900,59.974067
4.040000,59.972538
4.040100,59.970372
4.040200,59.967772
4.040300,59.964966
4.040400,59.963820
4.040500,59.963289
4.040600,59.963607
4.040700,59.964596
4.040800,59.966160
4.040900,59.967973
4.041000,59.969755
4.041100,59.970620
4.041200,59.971815
4.041300,59.972030
4.041400,59.971744
4.041500,59.970978
4.041600,59.970052
4.041700,59.968823
4.041800,59.967378
4.041900,59.966398
4.042000,59.964976
4.042100,59.964404
4.042200,59.963168
4.042300,59.961162
4.042400,59.960326
4.042500,59.959233
4.042600,59.958492
4.042700,59.957999
4.042800,59.958159
4.042900,59.957133
4.043000,59.957277
4.043100,59.956851
4.043200,59.957018
4.043300,59.956499
4.043400,59.956148
4.043500,59.955468
4.043600,59.955203
4.043700,59.954865
4.043800,59.955145
4.043900,59.955063
4.044000,59.955575
4.044100,59.956275
4.044200,59.956831
4.044300,59.956973
4.044400,59.958470
4.044500,59.959894
4.044600,59.961586
4.044700,59.963457
4.044800,59.965938
4.044900,59.967620
4.045000,59.969290
4.045100,59.970865
4.045200,59.972867
4.045300,59.974369
4.045400,59.974586
4.045500,59.973907
4.045600,59.971733
4.045700,59.968682
4.045800,59.963379
4.045900,59.957762
4.046000,59.950610
4.046100,59.943623
4.046200,59.936367
4.046300,59.927437
4.046400,59.918380
4.046500,59.907534
4.046600,59.897742
4.046700,59.885810
4.046800,59.875294
4.046900,59.865586
4.047000,59.855459
4.047100,59.856334
4.047200,59.855183
4.047300,59.861623
4.047400,59.871714
4.047500,59.889876
4.047600,59.900014
4.047700,59.912731
4.047800,59.926970
4.047900,59.939977
4.048000,59.953346
4.048100,59.959573
4.048200,59.960015
4.048300,59.960697
4.048400,59.958219
4.048500,59.954709
4.048600,59.951783
4.048700,59.949429
4.048800,59.948305
4.048900,59.948137
4.049000,59.948698
4.049100,59.949947
4.049200,59.951665
4.049300,59.953482
4.049400,59.954871
4.049500,59.956029
4.049600,59.956890
4.049700,59.957123
4.049800,59.955969
4.049900,59.955379
4.050000,59.955025
4.050100,59.953400
4.050200,59.951947
4.050300,59.950604
4.050400,59.949619
4.050500,59.949379
4.050600,59.948219
4.050700,59.947839
4.050800,59.947428
4.050900,59.947031
4.051000,59.946760
4.051100,59.946374
4.051200,59.946150
4.051300,59.945465
4.051400,59.945378
4.051500,59.945614
4.051600,59.945505
4.051700,59.945278
4.051800,59.944853
4.051900,59.945979
4.052000,59.945590
4.052100,59.945199
4.052200,59.945328
4.052300,59.945965
4.052400,59.946425
4.052500,59.947237
4.052600,59.948595
4.052700,59.950758
4.052800,59.952466
4.052900,59.953649
4.053000,59.954506
4.053100,59.957143
4.053200,59.960314
4.053300,59.962589
4.053400,59.964902
4.053500,59.965921
4.053600,59.968247
4.053700,59.969341
4.053800,59.969170
4.053900,59.968810
4.054000,59.967434
4.054100,59.965560
4.054200,59.961457
4.054300,59.956002
4.054400,59.949408
4.054500,59.942037
4.054600,59.934272
4.054700,59.926203
4.054800,59.917916
4.054900,59.907099
4.055000,59.895116
4.055100,59.882769
4.055200,59.874471
4.055300,59.872154
4.055400,59.872758
4.055500,59.879192
4.055600,59.896029
4.055700,59.909982
4.055800,59.923608
4.055900,59.937234
4.056000,59.949741
4.056100,59.962221
4.056200,59.975408
4.056300,59.988000
4.056400,60.002490
4.056500,60.011695
4.056600,60.016269
4.056700,60.017009
4.056800,60.014248
4.056900,60.009419
4.057000,60.006852
4.057100,60.004672
4.057200,60.003304
4.057300,60.002827
4.057400,60.003077
4.057500,60.003937
4.057600,60.005375
4.057700,60.006594
4.057800,60.008020
4.057900,60.008729
4.058000,60.009479
4.058100,60.009437
4.058200,60.009373
4.058300,60.009041
4.058400,60.008652
4.058500,60.007155
4.058600,60.006781
4.058700,60.006415
4.058800,60.005127
4.058900,60.004463
4.059000,60.004411
4.059100,60.003669
4.059200,60.002792
4.059300,60.002611
4.059400,60.002572
4.059500,60.002520
4.059600,60.002769
4.059700,60.002512
4.059800,60.002094
4.059900,60.002129
4.060000,60.002943
4.060100,60.003620
4.060200,60.004392
4.060300,60.004167
4.060400,60.004322
4.060500,60.004027
4.060600,60.004746
4.060700,60.005401
4.060800,60.005657
4.060900,60.006837
4.061000,60.008646
4.061100,60.009478
4.061200,60.010401
4.061300,60.012820
4.061400,60.014368
4.061500,60.017288
4.061600,60.019769
4.061700,60.021721
4.061800,60.023840
4.061900,60.025579
4.062000,60.026442
4.062100,60.026905
4.062200,60.026665
4.062300,60.025177
4.062400,60.021382
4.062500,60.019750
4.062600,60.013812
4.062700,60.006794
4.062800,59.999004
4.062900,59.990552
4.063000,59.982540
4.063100,59.973612
4.063200,59.963818
4.063300,59.952975
4.063400,59.940271
4.063500,59.932604
4.063600,59.925624
4.063700,59.925561
4.063800,59.925554
4.063900,59.939397
4.064000,59.952131
4.064100,59.964523
4.064200,59.977806
4.064300,59.991593
4.064400,60.006019
4.064500,60.019748
4.064600,60.032351
4.064700,60.045518
4.064800,60.049649
4.064900,60.054866
4.065000,60.052392
4.065100,60.049583
4.065200,60.045667
4.065300,60.043724
4.065400,60.041428
4.065500,60.040464
4.065600,60.040247
4.065700,60.040725
4.065800,60.041826
4.065900,60.043434
4.066000,60.044994
4.066100,60.047250
4.066200,60.048704
4.066300,60.049437
4.066400,60.049858
4.066500,60.049608
4.066600,60.049732
4.066700,60.048737
4.066800,60.047455
4.066900,60.046567
4.067000,60.045798
4.067100,60.044813
4.067200,60.044107
4.067300,60.043258
4.067400,60.042890
4.067500,60.042902
4.067600,60.042493
4.067700,60.042005
4.067800,60.041356
4.067900,60.041079
4.068000,60.041204
4.068100,60.040922
4.068200,60.040851
4.068300,60.040702
4.068400,60.040960
4.068500,60.041152
4.068600,60.041009
4.068700,60.040647
4.068800,60.040736
4.068900,60.041037
4.069000,60.041060
4.069100,60.041357
4.069200,60.041916
4.069300,60.042762
4.069400,60.043969
4.069500,60.044912
4.069600,60.046646
4.069700,60.049722
4.069800,60.051551
4.069900,60.052843
4.070000,60.055272
4.070100,60.057114
4.070200,60.059029
4.070300,60.059190
4.070400,60.059789
4.070500,60.059684
4.070600,60.058790
4.070700,60.056390
4.070800,60.053231
4.070900,60.046822
4.071000,60.040614
4.071100,60.034596
4.071200,60.027643
4.071300,60.021925
4.071400,60.015926
4.071500,60.007635
4.071600,59.999470
4.071700,59.989398
4.071800,59.978451
4.071900,59.967812
4.072000,59.958316
4.072100,59.948420
4.072200,59.945677
4.072300,59.946252
4.072400,59.958564
4.072500,59.967660
4.072600,59.983745
4.072700,59.997504
4.072800,60.012485
4.072900,60.020347
4.073000,60.026108
4.073100,60.030408
4.073200,60.032836
4.073300,60.032665
4.073400,60.029763
4.073500,60.027781
4.073600,60.025304
4.073700,60.024144
4.073800,60.023712
4.073900,60.024145
4.074000,60.025230
4.074100,60.026826
4.074200,60.029069
4.074300,60.030296
4.074400,60.031691
4.074500,60.033454
4.074600,60.033779
4.074700,60.033725
4.074800,60.033796
4.074900,60.033099
4.075000,60.032291
4.075100,60.031142
4.075200,60.029913
4.075300,60.028441
4.075400,60.027524
4.075500,60.026656
4.075600,60.025761
4.075700,60.024760
4.075800,60.024059
4.075900,60.023508
4.076000,60.023108
4.076100,60.022811
4.076200,60.022678
4.076300,60.022178
4.076400,60.021344
4.076500,60.021127
4.076600,60.020948
4.076700,60.021052
4.076800,60.020948
4.076900,60.020580
4.077000,60.019940
4.077100,60.020242
4.077200,60.020005
4.077300,60.019446
4.077400,60.019556
4.077500,60.019861
4.077600,60.020255
4.077700,60.020686
4.077800,60.022086
4.077900,60.023309
4.078000,60.025693
4.078100,60.027243
4.078200,60.028442
4.078300,60.030191
4.078400,60.031974
4.078500,60.033089
4.078600,60.034016
4.078700,60.035529
4.078800,60.036026
4.078900,60.033197
4.079000,60.029147
4.079100,60.024056
4.079200,60.018760
4.079300,60.011315
4.079400,60.004579
4.079500,59.997945
4.079600,59.991652
4.079700,59.985480
4.079800,59.977331
4.079900,59.969566
4.080000,59.961887
4.080100,59.952572
4.080200,59.939262
4.080300,59.926665
4.080400,59.918400
4.080500,59.909293
4.080600,59.905969
4.080700,59.905117
4.080800,59.917137
4.080900,59.926906
4.081000,59.938750
4.081100,59.948751
4.081200,59.960533
4.081300,59.965636
4.081400,59.970890
4.081500,59.972577
4.081600,59.973735
4.081700,59.972217
4.081800,59.969982
4.081900,59.966479
4.082000,59.964455
4.082100,59.963632
4.082200,59.963659
4.082300,59.964424
4.082400,59.965866
4.082500,59.967046
4.082600,59.969309
4.082700,59.971303
4.082800,59.972622
4.082900,59.973449
4.083000,59.973223
4.083100,59.973051
4.083200,59.972140
4.083300,59.970653
4.083400,59.970048
4.083500,59.968632
4.083600,59.967208
4.083700,59.966046
4.083800,59.964874
4.083900,59.963612
4.084000,59.962385
4.084100,59.961332
4.084200,59.960593
4.084300,59.959885
4.084400,59.959887
4.084500,59.959432
4.084600,59.959106
4.084700,59.959555
4.084800,59.958852
4.084900,59.957825
4.085000,59.957412
4.085100,59.957503
4.085200,59.956949
4.085300,59.957160
4.085400,59.956878
4.085500,59.957489
4.085600,59.957896
4.085700,59.957679
4.085800,59.957887
4.085900,59.958010
4.086000,59.958982
4.086100,59.960158
4.086200,59.960725
4.086300,59.963177
4.086400,59.964276
4.086500,59.966189
4.086600,59.968563
4.086700,59.970241
4.086800,59.971562
4.086900,59.972147
4.087000,59.972487
4.087100,59.973474
4.087200,59.972715
4.087300,59.970889
4.087400,59.966296
4.087500,59.965915
4.087600,59.965105
4.087700,59.963795
4.087800,59.961891
4.087900,59.959618
4.088000,59.956900
4.088100,59.954143
4.088200,59.951071
4.088300,59.947371
4.088400,59.943934
4.088500,59.941730
4.088600,59.938702
4.088700,59.937524
4.088800,59.936944
4.088900,59.937031
4.089000,59.937975
4.089100,59.940049
4.089200,59.943352
4.089300,59.947541
4.089400,59.951841
4.089500,59.956622
4.089600,59.961542
4.089700,59.966903
4.089800,59.970247
4.089900,59.973006
4.090000,59.975412
4.090100,59.975886
4.090200,59.976451
4.090300,59.975604
4.090400,59.974706
4.090500,59.973546
4.090600,59.971585
4.090700,59.970075
4.090800,59.968331
4.090900,59.967087
4.091000,59.966271
4.091100,59.965671
4.091200,59.965249
4.091300,59.965067
4.091400,59.965035
4.091500,59.965023
4.091600,59.964996
4.091700,59.964958
4.091800,59.964759
4.091900,59.964572
4.092000,59.964240
4.092100,59.963960
4.092200,59.963727
4.092300,59.963103
4.092400,59.962512
4.092500,59.962061
4.092600,59.961799
4.092700,59.961454
4.092800,59.960867
4.092900,59.960596
4.093000,59.960454
4.093100,59.960252
4.093200,59.959739
4.093300,59.959518
4.093400,59.959266
4.093500,59.959339
4.093600,59.959021
4.093700,59.958774
4.093800,59.958657
4.093900,59.958615
4.094000,59.958947
4.094100,59.959485
4.094200,59.959918
4.094300,59.960417
4.094400,59.961698
4.094500,59.962999
4.094600,59.964538
4.094700,59.966198
4.094800,59.968676
4.094900,59.970403
4.095000,59.972121
4.095100,59.974642
4.095200,59.975742
4.095300,59.977396
4.095400,59.979150
4.095500,59.980129
4.095600,59.980685
4.095700,59.980700
4.095800,59.980073
4.095900,59.978352
4.096000,59.975064
4.096100,59.971350
4.096200,59.967120
4.096300,59.961958
4.096400,59.956621
4.096500,59.950586
4.096600,59.944973
4.096700,59.938397
4.096800,59.934088
4.096900,59.930815
4.097000,59.927294
4.097100,59.927783
4.097200,59.929974
4.097300,59.935654
4.097400,59.944746
4.097500,59.955576
4.097600,59.965272
4.097700,59.975950
4.097800,59.987217
4.097900,59.999986
4.098000,60.008780
4.098100,60.017395
4.098200,60.023348
4.098300,60.026976
4.098400,60.027980
4.098500,60.027899
4.098600,60.026149
4.098700,60.024312
4.098800,60.021594
4.098900,60.019192
4.099000,60.017066
4.099100,60.015557
4.099200,60.014731
4.099300,60.014522
4.099400,60.014617
4.099500,60.014947
4.099600,60.015421
4.099700,60.015758
4.099800,60.016062
4.099900,60.015727
4.100000,60.015726
4.100100,60.015479
4.100200,60.014956
4.100300,60.014363
4.100400,60.013340
4.100500,60.012982
4.100600,60.012147
4.100700,60.011989
4.100800,60.011319
4.100900,60.011006
4.101000,60.010422
4.101100,60.010553
4.101200,60.010316
4.101300,60.009899
4.101400,60.010012
4.101500,60.010113
4.101600,60.009582
4.101700,60.009329
4.101800,60.009155
4.101900,60.008904
4.102000,60.008373
4.102100,60.009237
4.102200,60.009902
4.102300,60.009836
4.102400,60.010629
4.102500,60.011272
4.102600,60.012172
4.102700,60.013731
4.102800,60.015869
4.102900,60.017814
4.103000,60.020816
4.103100,60.023614
4.103200,60.025942
4.103300,60.029050
4.103400,60.030924
4.103500,60.032355
4.103600,60.034916
4.103700,60.036361
4.103800,60.037748
4.103900,60.038383
4.104000,60.038586
4.104100,60.037816
4.104200,60.034867
4.104300,60.029798
4.104400,60.023740
4.104500,60.017194
4.104600,60.010373
4.104700,60.004282
4.104800,59.995333
4.104900,59.985119
4.105000,59.977431
4.105100,59.970329
4.105200,59.964586
4.105300,59.962922
4.105400,59.964474
4.105500,59.967578
4.105600,59.971792
4.105700,59.980028
4.105800,59.993030
4.105900,60.007069
4.106000,60.021564
4.106100,60.037425
4.106200,60.049927
4.106300,60.060250
4.106400,60.068990
4.106500,60.076026
4.106600,60.080143
4.106700,60.079676
4.106800,60.076928
4.106900,60.073937
4.107000,60.070503
4.107100,60.067645
4.107200,60.065100
4.107300,60.064064
4.107400,60.063600
4.107500,60.063761
4.107600,60.064343
4.107700,60.065377
4.107800,60.066350
4.107900,60.067084
4.108000,60.067201
4.108100,60.067455
4.108200,60.067802
4.108300,60.067562
4.108400,60.066516
4.108500,60.065639
4.108600,60.064628
4.108700,60.063658
4.108800,60.062765
4.108900,60.061784
4.109000,60.060654
4.109100,60.060112
4.109200,60.059368
4.109300,60.059025
4.109400,60.058920
4.109500,60.058533
4.109600,60.058481
4.109700,60.058440
4.109800,60.058214
4.109900,60.058155
4.110000,60.058097
4.110100,60.057776
4.110200,60.057249
4.110300,60.057495
4.110400,60.057460
4.110500,60.057761
4.110600,60.057871
4.110700,60.058177
4.110800,60.058801
4.110900,60.059384
4.111000,60.060541
4.111100,60.061795
4.111200,60.063135
4.111300,60.065562
4.111400,60.068168
4.111500,60.069906
4.111600,60.072826
4.111700,60.075241
4.111800,60.076557
4.111900,60.077607
4.112000,60.079016
4.112100,60.079356
4.112200,60.079530
4.112300,60.076999
4.112400,60.073527
4.112500,60.069222
4.112600,60.063273
4.112700,60.055163
4.112800,60.046234
4.112900,60.037054
4.113000,60.028709
4.113100,60.019573
4.113200,60.008838
4.113300,59.997208
4.113400,59.985252
4.113500,59.973454
4.113600,59.964477
4.113700,59.958552
4.113800,59.955147
4.113900,59.958747
4.114000,59.964886
4.114100,59.972292
4.114200,59.981881
4.114300,59.997062
4.114400,60.008233
4.114500,60.018963
4.114600,60.026702
4.114700,60.032030
4.114800,60.035846
4.114900,60.035732
4.115000,60.034398
4.115100,60.032813
4.115200,60.030436
4.115300,60.027501
4.115400,60.025379
4.115500,60.024115
4.115600,60.023607
4.115700,60.023900
4.115800,60.024760
4.115900,60.025981
4.116000,60.027556
4.116100,60.029022
4.116200,60.029730
4.116300,60.030022
4.116400,60.029873
4.116500,60.029148
4.116600,60.028323
4.116700,60.027126
4.116800,60.026335
4.116900,60.025240
4.117000,60.024079
4.117100,60.023265
4.117200,60.022116
4.117300,60.021403
4.117400,60.020450
4.117500,60.019856
4.117600,60.018969
4.117700,60.018117
4.117800,60.017848
4.117900,60.017764
4.118000,60.017754
4.118100,60.017406
4.118200,60.017590
4.118300,60.017583
4.118400,60.017053
4.118500,60.016083
4.118600,60.015549
4.118700,60.015251
4.118800,60.015050
4.118900,60.014864
4.119000,60.014700
4.119100,60.015117
4.119200,60.015563
4.119300,60.016201
4.119400,60.017135
4.119500,60.017976
4.119600,60.020043
4.119700,60.021680
4.119800,60.022724
4.119900,60.025468
4.120000,60.027067
4.120100,60.028625
4.120200,60.029606
4.120300,60.030409
4.120400,60.029318
4.120500,60.029947
4.120600,60.028795
4.120700,60.025163
4.120800,60.018958
4.120900,60.012716
4.121000,60.005641
4.121100,59.998028
4.121200,59.991597
4.121300,59.983954
4.121400,59.975817
4.121500,59.968645
4.121600,59.960415
4.121700,59.950632
4.121800,59.938436
4.121900,59.924702
4.122000,59.917102
4.122100,59.912009
4.122200,59.908982
4.122300,59.911787
4.122400,59.917443
4.122500,59.925827
4.122600,59.934201
4.122700,59.944604
4.122800,59.956063
4.122900,59.963845
4.123000,59.969717
4.123100,59.972709
4.123200,59.973479
4.123300,59.972942
4.123400,59.971145
4.123500,59.969158
4.123600,59.966184
4.123700,59.964138
4.123800,59.963170
4.123900,59.962943
4.124000,59.963456
4.124100,59.964625
4.124200,59.966078
4.124300,59.967649
4.124400,59.968851
4.124500,59.969917
4.124600,59.970571
4.124700,59.970275
4.124800,59.970040
4.124900,59.969523
4.125000,59.968211
4.125100,59.967719
4.125200,59.966556
4.125300,59.965368
4.125400,59.963809
4.125500,59.962407
4.125600,59.961318
4.125700,59.960094
4.125800,59.959410
4.125900,59.959077
4.126000,59.958091
4.126100,59.957558
4.126200,59.957381
4.126300,59.956968
4.126400,59.956188
4.126500,59.956134
4.126600,59.956177
4.126700,59.956328
4.126800,59.955931
4.126900,59.955327
4.127000,59.955615
4.127100,59.955419
4.127200,59.955445
4.127300,59.955635
4.127400,59.955927
4.127500,59.956034
4.127600,59.956316
4.127700,59.957048
4.127800,59.958006
4.127900,59.959522
4.128000,59.961547
4.128100,59.963103
4.128200,59.964994
4.128300,59.966545
4.128400,59.969052
4.128500,59.970001
4.128600,59.970773
4.128700,59.971568
4.128800,59.972089
4.128900,59.972048
4.129000,59.969159
4.129100,59.966121
4.129200,59.959619
4.129300,59.952946
4.129400,59.946510
4.129500,59.938597
4.129600,59.931079
4.129700,59.923587
4.129800,59.915848
4.129900,59.907226
4.130000,59.896469
4.130100,59.883232
4.130200,59.871022
4.130300,59.861904
4.130400,59.856805
4.130500,59.855238
4.130600,59.858183
4.130700,59.868791
4.130800,59.886088
4.130900,59.902577
4.131000,59.918819
4.131100,59.933745
4.131200,59.947595
4.131300,59.955950
4.131400,59.961438
4.131500,59.963814
4.131600,59.964149
4.131700,59.962825
4.131800,59.960483
4.131900,59.957220
4.132000,59.954540
4.132100,59.953037
4.132200,59.952496
4.132300,59.952776
4.132400,59.953730
4.132500,59.955038
4.132600,59.954952
4.132700,59.955038
4.132800,59.955154
4.132900,59.955275
4.133000,59.955339
4.133100,59.955417
4.133200,59.955482
4.133300,59.955544
4.133400,59.955502
4.133500,59.955490
4.133600,59.955419
4.133700,59.955223
4.133800,59.955003
4.133900,59.954874
4.134000,59.954666
4.134100,59.954478
4.134200,59.954225
4.134300,59.953895
4.134400,59.953712
4.134500,59.953425
4.134600,59.953189
4.134700,59.953047
4.134800,59.952738
4.134900,59.952475
4.135000,59.952312
4.135100,59.952203
4.135200,59.951987
4.135300,59.951761
4.135400,59.951575
4.135500,59.951495
4.135600,59.951522
4.135700,59.951458
4.135800,59.951469
4.135900,59.951533
4.136000,59.951791
4.136100,59.952022
4.136200,59.952498
4.136300,59.952791
4.136400,59.953218
4.136500,59.953751
4.136600,59.954249
4.136700,59.954827
4.136800,59.955572
4.136900,59.956105
4.137000,59.956789
4.137100,59.957287
4.137200,59.957755
4.137300,59.958146
4.137400,59.957994
4.137500,59.957959
4.137600,59.957495
4.137700,59.957012
4.137800,59.956426
4.137900,59.955410
4.138000,59.954417
4.138100,59.953386
4.138200,59.952339
4.138300,59.951349
4.138400,59.950410
4.138500,59.949503
4.138600,59.948727
4.138700,59.948243
4.138800,59.948311
4.138900,59.948777
4.139000,59.949508
4.139100,59.950528
4.139200,59.952526
4.139300,59.954861
4.139400,59.957077
4.139500,59.959358
4.139600,59.961630
4.139700,59.963966
4.139800,59.966659
4.139900,59.968673
4.140000,59.970295
4.140100,59.971083
4.140200,59.971412
4.140300,59.971528
4.140400,59.971262
4.140500,59.970801
4.140600,59.970177
4.140700,59.969316
4.140800,59.968498
4.140900,59.967863
4.141000,59.967274
4.141100,59.966939
4.141200,59.966623
4.141300,59.966441
4.141400,59.966391
4.141500,59.966337
4.141600,59.966326
4.141700,59.966316
4.141800,59.966293
4.141900,59.966309
4.142000,59.966228
4.142100,59.966128
4.142200,59.965937
4.142300,59.965797
4.142400,59.965622
4.142500,59.965468
4.142600,59.965292
4.142700,59.965176
4.142800,59.965025
4.142900,59.964756
4.143000,59.964767
4.143100,59.964830
4.143200,59.964821
4.143300,59.964932
4.143400,59.964810
4.143500,59.964873
4.143600,59.964876
4.143700,59.964683
4.143800,59.964816
4.143900,59.965110
4.144000,59.965538
4.144100,59.965891
4.144200,59.966267
4.144300,59.966960
4.144400,59.967772
4.144500,59.968751
4.144600,59.969571
4.144700,59.970932
4.144800,59.972516
4.144900,59.973888
4.145000,59.975539
4.145100,59.977337
4.145200,59.978900
4.145300,59.980358
4.145400,59.982218
4.145500,59.983770
4.145600,59.983922
4.145700,59.983872
4.145800,59.983932
4.145900,59.983718
4.146000,59.982251
4.146100,59.980585
4.146200,59.978774
4.146300,59.975792
4.146400,59.972836
4.146500,59.970141
4.146600,59.966495
4.146700,59.963981
4.146800,59.961231
4.146900,59.959765
4.147000,59.958579
4.147100,59.959191
4.147200,59.959609
4.147300,59.962026
4.147400,59.966311
4.147500,59.971147
4.147600,59.977444
4.147700,59.984879
4.147800,59.991596
4.147900,59.999086
4.148000,60.005941
4.148100,60.012247
4.148200,60.016367
4.148300,60.019366
4.148400,60.021704
4.148500,60.022497
4.148600,60.021865
4.148700,60.021104
4.148800,60.019644
4.148900,60.017852
4.149000,60.015690
4.149100,60.014090
4.149200,60.012830
4.149300,60.011844
4.149400,60.011320
4.149500,60.010912
4.149600,60.010739
4.149700,60.010744
4.149800,60.010820
4.149900,60.010955
4.150000,60.010919
4.150100,60.010724
4.150200,60.010306
4.150300,60.010060
4.150400,60.009562
4.150500,60.009032
4.150600,60.008877
4.150700,60.008507
4.150800,60.008091
4.150900,60.007696
4.151000,60.007181
4.151100,60.007105
4.151200,60.006742
4.151300,60.006376
4.151400,60.005892
4.151500,60.005912
4.151600,60.005843
4.151700,60.005419
4.151800,60.005084
4.151900,60.005291
4.152000,60.005391
4.152100,60.004577
4.152200,60.005379
4.152300,60.005753
4.152400,60.006111
4.152500,60.007232
4.152600,60.008197
4.152700,60.009358
4.152800,60.010176
4.152900,60.011543
4.153000,60.013719
4.153100,60.015569
4.153200,60.017431
4.153300,60.019801
4.153400,60.022659
4.153500,60.024982
4.153600,60.026578
4.153700,60.028595
4.153800,60.029577
4.153900,60.029831
4.154000,60.030323
4.154100,60.028748
4.154200,60.027863
4.154300,60.023835
4.154400,60.019397
4.154500,60.014790
4.154600,60.007164
4.154700,60.001350
4.154800,59.993353
4.154900,59.984441
4.155000,59.977555
4.155100,59.972124
4.155200,59.966362
4.155300,59.962158
4.155400,59.959630
4.155500,59.958730
4.155600,59.962049
4.155700,59.964793
4.155800,59.970245
4.155900,59.977638
4.156000,59.987967
4.156100,59.997589
4.156200,60.008296
4.156300,60.018504
4.156400,60.024700
4.156500,60.029043
4.156600,60.031154
4.156700,60.031413
4.156800,60.031075
4.156900,60.030062
4.157000,60.027581
4.157100,60.024196
4.157200,60.021521
4.157300,60.018979
4.157400,60.017223
4.157500,60.016225
4.157600,60.015629
4.157700,60.015519
4.157800,60.015690
4.157900,60.015885
4.158000,60.016226
4.158100,60.016169
4.158200,60.016159
4.158300,60.016075
4.158400,60.015697
4.158500,60.015653
4.158600,60.015265
4.158700,60.014092
4.158800,60.013276
4.158900,60.012029
4.159000,60.010630
4.159100,60.009553
4.159200,60.008689
4.159300,60.007929
4.159400,60.007631
4.159500,60.007215
4.159600,60.006856
4.159700,60.005982
4.159800,60.005847
4.159900,60.005000
4.160000,60.004608
4.160100,60.004127
4.160200,60.003956
4.160300,60.003560
4.160400,60.004194
4.160500,60.004089
4.160600,60.003482
4.160700,60.003531
4.160800,60.003981
4.160900,60.004423
4.161000,60.005756
4.161100,60.007707
4.161200,60.008965
4.161300,60.010062
4.161400,60.012107
4.161500,60.014392
4.161600,60.016509
4.161700,60.018183
4.161800,60.020147
4.161900,60.022200
4.162000,60.024400
4.162100,60.024862
4.162200,60.024939
4.162300,60.023467
4.162400,60.020070
4.162500,60.016906
4.162600,60.012016
4.162700,60.004530
4.162800,59.995674
4.162900,59.985104
4.163000,59.973946
4.163100,59.962186
4.163200,59.950199
4.163300,59.939727
4.163400,59.927949
4.163500,59.915913
4.163600,59.906481
4.163700,59.903286
4.163800,59.898754
4.163900,59.902548
4.164000,59.904850
4.164100,59.914432
4.164200,59.919987
4.164300,59.930180
4.164400,59.942578
4.164500,59.953423
4.164600,59.961653
4.164700,59.969161
4.164800,59.974011
4.164900,59.975243
4.165000,59.974597
4.165100,59.972876
4.165200,59.969877
4.165300,59.965945
4.165400,59.963094
4.165500,59.960876
4.165600,59.959150
4.165700,59.957910
4.165800,59.957341
4.165900,59.957390
4.166000,59.957870
4.166100,59.958536
4.166200,59.959172
4.166300,59.959251
4.166400,59.959293
4.166500,59.959175
4.166600,59.958672
4.166700,59.957571
4.166800,59.956369
4.166900,59.954920
4.167000,59.953999
4.167100,59.952734
4.167200,59.951209
4.167300,59.950227
4.167400,59.949567
4.167500,59.948405
4.167600,59.947645
4.167700,59.946779
4.167800,59.946477
4.167900,59.945944
4.168000,59.945897
4.168100,59.945406
4.168200,59.945290
4.168300,59.945081
4.168400,59.944564
4.168500,59.943898
4.168600,59.943966
4.168700,59.943651
4.168800,59.943600
4.168900,59.943115
4.169000,59.942660
4.169100,59.942854
4.169200,59.943120
4.169300,59.944156
4.169400,59.945707
4.169500,59.947529
4.169600,59.949251
4.169700,59.951382
4.169800,59.952784
4.169900,59.954307
4.170000,59.956883
4.170100,59.958865
4.170200,59.961849
4.170300,59.963898
4.170400,59.964824
4.170500,59.964556
4.170600,59.963954
4.170700,59.961631
4.170800,59.957785
4.170900,59.953698
4.171000,59.947565
4.171100,59.939690
4.171200,59.931926
4.171300,59.922215
4.171400,59.912665
4.171500,59.902931
4.171600,59.890843
4.171700,59.878328
4.171800,59.866976
4.171900,59.860528
4.172000,59.856741
4.172100,59.857480
4.172200,59.859561
4.172300,59.866864
4.172400,59.876342
4.172500,59.889688
4.172600,59.906228
4.172700,59.921891
4.172800,59.934643
4.172900,59.948132
4.173000,59.959541
4.173100,59.964844
4.173200,59.969642
4.173300,59.970509
4.173400,59.969103
4.173500,59.967756
4.173600,59.964735
4.173700,59.962142
4.173800,59.959454
4.173900,59.958105
4.174000,59.957410
4.174100,59.957457
4.174200,59.957893
4.174300,59.958924
4.174400,59.960085
4.174500,59.960767
4.174600,59.961689
4.174700,59.961742
4.174800,59.961394
4.174900,59.961712
4.175000,59.961545
4.175100,59.961290
4.175200,59.960186
4.175300,59.959165
4.175400,59.958171
4.175500,59.957360
4.175600,59.956517
4.175700,59.955700
4.175800,59.955038
4.175900,59.954596
4.176000,59.954003
4.176100,59.953652
4.176200,59.953524
4.176300,59.953590
4.176400,59.953490
4.176500,59.953530
4.176600,59.953223
4.176700,59.953416
4.176800,59.952777
4.176900,59.953182
4.177000,59.953156
4.177100,59.952638
4.177200,59.953134
4.177300,59.953219
4.177400,59.953626
4.177500,59.953657
4.177600,59.954454
4.177700,59.956123
4.177800,59.957861
4.177900,59.959669
4.178000,59.961760
4.178100,59.964043
4.178200,59.966545
4.178300,59.968384
4.178400,59.969544
4.178500,59.972314
4.178600,59.973613
4.178700,59.974609
4.178800,59.975388
4.178900,59.975279
4.179000,59.973922
4.179100,59.973155
4.179200,59.969802
4.179300,59.965037
4.179400,59.960114
4.179500,59.953848
4.179600,59.945430
4.179700,59.936560
4.179800,59.927410
4.179900,59.916456
4.180000,59.904630
4.180100,59.899974
4.180200,59.891607
4.180300,59.888017
4.180400,59.887948
4.180500,59.893691
4.180600,59.908086
4.180700,59.924716
4.180800,59.938167
4.180900,59.950072
4.181000,59.962035
4.181100,59.974525
4.181200,59.989190
4.181300,60.002590
4.181400,60.015351
4.181500,60.022575
4.181600,60.027627
4.181700,60.028217
4.181800,60.025518
4.181900,60.023072
4.182000,60.020121
4.182100,60.017070
4.182200,60.015037
4.182300,60.014133
4.182400,60.013937
4.182500,60.014401
4.182600,60.015372
4.182700,60.016578
4.182800,60.017599
4.182900,60.018263
4.183000,60.019396
4.183100,60.019549
4.183200,60.019728
4.183300,60.019061
4.183400,60.018666
4.183500,60.017542
4.183600,60.016490
4.183700,60.015317
4.183800,60.014636
4.183900,60.014045
4.184000,60.013416
4.184100,60.012765
4.184200,60.012107
4.184300,60.011525
4.184400,60.011535
4.184500,60.011559
4.184600,60.011718
4.184700,60.012431
4.184800,60.012581
4.184900,60.012811
4.185000,60.012952
4.185100,60.012921
4.185200,60.012719
4.185300,60.013249
4.185400,60.013124
4.185500,60.013263
4.185600,60.013915
4.185700,60.014098
4.185800,60.014825
4.185900,60.015214
4.186000,60.017093
4.186100,60.018627
4.186200,60.020115
4.186300,60.021411
4.186400,60.023632
4.186500,60.026406
4.186600,60.029207
4.186700,60.031986
4.186800,60.034168
4.186900,60.036525
4.187000,60.038464
4.187100,60.039307
4.187200,60.040109
4.187300,60.039438
4.187400,60.037559
4.187500,60.034226
4.187600,60.030270
4.187700,60.025483
4.187800,60.020139
4.187900,60.013241
4.188000,60.004958
4.188100,59.996215
4.188200,59.985989
4.188300,59.976530
4.188400,59.970896
4.188500,59.961395
4.188600,59.958214
4.188700,59.959927
4.188800,59.962542
4.188900,59.975562
4.189000,59.991328
4.189100,60.003236
4.189200,60.015798
4.189300,60.029149
4.189400,60.041071
4.189500,60.056377
4.189600,60.070663
4.189700,60.081379
4.189800,60.093247
4.189900,60.098955
4.190000,60.100040
4.190100,60.098185
4.190200,60.093997
4.190300,60.090333
4.190400,60.087613
4.190500,60.085959
4.190600,60.085323
4.190700,60.085450
4.190800,60.086241
4.190900,60.087439
4.191000,60.088865
4.191100,60.090034
4.191200,60.091376
4.191300,60.091851
4.191400,60.092437
4.191500,60.091515
4.191600,60.091100
4.191700,60.090423
4.191800,60.089409
4.191900,60.088385
4.192000,60.087939
4.192100,60.087039
4.192200,60.086326
4.192300,60.085790
4.192400,60.085589
4.192500,60.085044
4.192600,60.084199
4.192700,60.084119
4.192800,60.083899
4.192900,60.083808
4.193000,60.084048
4.193100,60.083698
4.193200,60.083766
4.193300,60.083761
4.193400,60.083149
4.193500,60.083013
4.193600,60.083235
4.193700,60.083798
4.193800,60.083306
4.193900,60.083491
4.194000,60.084063
4.194100,60.084324
4.194200,60.085481
4.194300,60.086346
4.194400,60.088010
4.194500,60.089267
4.194600,60.091720
4.194700,60.093860
4.194800,60.095762
4.194900,60.098496
4.195000,60.099896
4.195100,60.102253
4.195200,60.104395
4.195300,60.106043
4.195400,60.105338
4.195500,60.105695
4.195600,60.105019
4.195700,60.102987
4.195800,60.098566
4.195900,60.092876
4.196000,60.085503
4.196100,60.077541
4.196200,60.068960
4.196300,60.060593
4.196400,60.052101
4.196500,60.043987
4.196600,60.035578
4.196700,60.024628
4.196800,60.010713
4.196900,60.000704
4.197000,59.987865
4.197100,59.986700
4.197200,59.986982
4.197300,59.992691
4.197400,60.005695
4.197500,60.017596
4.197600,60.029250
4.197700,60.044235
4.197800,60.057552
4.197900,60.067621
4.198000,60.075449
4.198100,60.081354
4.198200,60.084253
4.198300,60.083492
4.198400,60.081981
4.198500,60.078768
4.198600,60.076148
4.198700,60.074627
4.198800,60.073930
4.198900,60.074093
4.199000,60.074878
4.199100,60.076350
4.199200,60.078312
4.199300,60.080389
4.199400,60.081621
4.199500,60.082718
4.199600,60.083864
4.199700,60.084785
4.199800,60.084611
4.199900,60.084262
4.200000,60.083109
4.200100,60.081645
4.200200,60.080498
4.200300,60.079372
4.200400,60.078488
4.200500,60.077180
4.200600,60.076604
4.200700,60.075841
4.200800,60.075662
4.200900,60.075243
4.201000,60.074894
4.201100,60.074443
4.201200,60.074614
4.201300,60.074137
4.201400,60.073841
4.201500,60.073518
4.201600,60.073740
4.201700,60.073086
4.201800,60.072505
4.201900,60.071930
4.202000,60.071702
4.202100,60.071221
4.202200,60.070990
4.202300,60.071414
4.202400,60.071554
4.202500,60.071949
4.202600,60.073412
4.202700,60.074298
4.202800,60.075089
4.202900,60.077247
4.203000,60.079244
4.203100,60.081055
4.203200,60.082985
4.203300,60.084042
4.203400,60.085927
4.203500,60.087001
4.203600,60.088052
4.203700,60.088308
4.203800,60.087563
4.203900,60.085168
4.204000,60.080944
4.204100,60.077038
4.204200,60.071901
4.204300,60.064684
4.204400,60.058001
4.204500,60.051830
4.204600,60.044939
4.204700,60.038235
4.204800,60.031860
4.204900,60.024932
4.205000,60.016717
4.205100,60.007235
4.205200,59.997169
4.205300,59.982629
4.205400,59.969692
4.205500,59.962211
4.205600,59.959909
4.205700,59.962743
4.205800,59.968874
4.205900,59.980560
4.206000,59.991945
4.206100,60.004004
4.206200,60.012415
4.206300,60.017282
4.206400,60.017773
4.206500,60.019444
4.206600,60.020268
4.206700,60.017651
4.206800,60.015416
4.206900,60.013279
4.207000,60.011667
4.207100,60.010671
4.207200,60.010682
4.207300,60.011429
4.207400,60.012916
4.207500,60.014579
4.207600,60.016564
4.207700,60.018405
4.207800,60.019443
4.207900,60.019574
4.208000,60.019772
4.208100,60.019361
4.208200,60.018445
4.208300,60.017365
4.208400,60.016062
4.208500,60.014592
4.208600,60.012947
4.208700,60.011251
4.208800,60.010097
4.208900,60.008882
4.209000,60.007646
4.209100,60.006906
4.209200,60.006184
4.209300,60.004825
4.209400,60.004113
4.209500,60.003446
4.209600,60.002811
4.209700,60.002815
4.209800,60.003373
4.209900,60.002851
4.210000,60.002098
4.210100,60.001999
4.210200,60.001845
4.210300,60.001638
4.210400,60.001540
4.210500,60.001324
4.210600,60.000974
4.210700,60.001130
4.210800,60.001575
4.210900,60.002173
4.211000,60.002990
4.211100,60.003823
4.211200,60.005322
4.211300,60.006895
4.211400,60.009781
4.211500,60.011437
4.211600,60.012617
4.211700,60.014591
4.211800,60.016097
4.211900,60.018144
4.212000,60.018373
4.212100,60.018097
4.212200,60.018777
4.212300,60.017031
4.212400,60.013069
4.212500,60.008975
4.212600,60.002033
4.212700,59.996201
4.212800,59.990038
4.212900,59.981770
4.213000,59.973746
4.213100,59.966698
4.213200,59.959318
4.213300,59.951361
4.213400,59.940299
4.213500,59.927250
4.213600,59.912129
4.213700,59.903876
4.213800,59.899959
4.213900,59.899444
4.214000,59.898663
4.214100,59.906700
4.214200,59.921613
4.214300,59.936970
4.214400,59.952826
4.214500,59.968157
4.214600,59.978082
4.214700,59.984115
4.214800,59.988009
4.214900,59.988709
4.215000,59.984308
4.215100,59.982273
4.215200,59.979518
4.215300,59.977084
4.215400,59.975868
4.215500,59.975420
4.215600,59.975749
4.215700,59.976669
4.215800,59.978049
4.215900,59.979981
4.216000,59.981113
4.216100,59.982371
4.216200,59.983005
4.216300,59.984487
4.216400,59.984681
4.216500,59.983885
4.216600,59.982987
4.216700,59.981741
4.216800,59.980638
4.216900,59.979783
4.217000,59.978561
4.217100,59.976779
4.217200,59.975759
4.217300,59.974925
4.217400,59.974171
4.217500,59.973260
4.217600,59.972859
4.217700,59.972374
4.217800,59.971612
4.217900,59.971565
4.218000,59.970802
4.218100,59.970606
4.218200,59.970788
4.218300,59.970581
4.218400,59.970436
4.218500,59.970193
4.218600,59.970210
4.218700,59.970148
4.218800,59.970289
4.218900,59.970477
4.219000,59.970932
4.219100,59.971497
4.219200,59.972356
4.219300,59.973608
4.219400,59.974406
4.219500,59.975563
4.219600,59.977132
4.219700,59.979452
4.219800,59.981491
4.219900,59.983773
4.220000,59.986323
4.220100,59.988514
4.220200,59.989474
4.220300,59.991460
4.220400,59.991892
4.220500,59.991381
4.220600,59.991363
4.220700,59.991115
4.220800,59.987135
4.220900,59.983178
4.221000,59.975835
4.221100,59.967954
4.221200,59.959546
4.221300,59.951821
4.221400,59.943035
4.221500,59.933276
4.221600,59.921672
4.221700,59.909559
4.221800,59.895690
4.221900,59.884821
4.222000,59.878894
4.222100,59.879109
4.222200,59.886044
4.222300,59.898335
4.222400,59.915783
4.222500,59.932532
4.222600,59.945556
4.222700,59.958935
4.222800,59.972936
4.222900,59.987362
4.223000,59.996603
4.223100,60.003529
4.223200,60.008728
4.223300,60.010056
4.223400,60.007416
4.223500,60.005221
4.223600,60.002793
4.223700,60.000434
4.223800,59.998865
4.223900,59.998353
4.224000,59.998602
4.224100,59.999459
4.224200,60.000906
4.224300,60.002717
4.224400,60.004706
4.224500,60.005983
4.224600,60.007070
4.224700,60.006943
4.224800,60.006286
4.224900,60.006055
4.225000,60.005310
4.225100,60.004454
4.225200,60.003467
4.225300,60.002226
4.225400,60.001354
4.225500,60.000451
4.225600,59.999489
4.225700,59.999108
4.225800,59.999167
4.225900,59.998468
4.226000,59.998039
4.226100,59.997719
4.226200,59.997975
4.226300,59.998154
4.226400,59.997930
4.226500,59.998177
4.226600,59.998154
4.226700,59.997987
4.226800,59.998052
4.226900,59.997748
4.227000,59.997902
4.227100,59.998167
4.227200,59.998634
4.227300,59.998991
4.227400,59.999367
4.227500,60.000102
4.227600,60.000769
4.227700,60.003209
4.227800,60.005055
4.227900,60.006696
4.228000,60.008624
4.228100,60.010921
4.228200,60.012731
4.228300,60.014912
4.228400,60.017385
4.228500,60.019784
4.228600,60.021359
4.228700,60.022161
4.228800,60.023355
4.228900,60.023934
4.229000,60.022318
4.229100,60.019904
4.229200,60.016360
4.229300,60.011030
4.229400,60.003947
4.229500,59.996366
4.229600,59.988969
4.229700,59.982430
4.229800,59.974731
4.229900,59.964282
4.230000,59.952401
4.230100,59.940774
4.230200,59.938329
4.230300,59.934623
4.230400,59.934883
4.230500,59.945033
4.230600,59.959531
4.230700,59.968635
4.230800,59.984069
4.230900,59.998988
4.231000,60.011343
4.231100,60.024911
4.231200,60.040277
4.231300,60.053551
4.231400,60.065595
4.231500,60.066786
4.231600,60.068964
4.231700,60.069049
4.231800,60.066390
4.231900,60.063965
4.232000,60.061526
4.232100,60.060318
4.232200,60.059984
4.232300,60.060412
4.232400,60.061370
4.232500,60.062702
4.232600,60.064508
4.232700,60.066057
4.232800,60.067688
4.232900,60.068966
4.233000,60.070107
4.233100,60.070981
4.233200,60.070503
4.233300,60.070104
4.233400,60.069256
4.233500,60.068066
4.233600,60.066805
4.233700,60.065966
4.233800,60.064684
4.233900,60.064303
4.234000,60.064185
4.234100,60.063939
4.234200,60.063191
4.234300,60.062858
4.234400,60.063056
4.234500,60.062962
4.234600,60.063428
4.234700,60.062949
4.234800,60.063263
4.234900,60.063512
4.235000,60.063257
4.235100,60.063137
4.235200,60.062965
4.235300,60.062701
4.235400,60.062873
4.235500,60.062947
4.235600,60.063083
4.235700,60.063372
4.235800,60.063857
4.235900,60.065028
4.236000,60.066192
4.236100,60.066909
4.236200,60.068521
4.236300,60.069812
4.236400,60.071564
4.236500,60.074566
4.236600,60.076304
4.236700,60.078325
4.236800,60.080390
4.236900,60.081429
4.237000,60.083494
4.237100,60.084237
4.237200,60.083452
4.237300,60.080556
4.237400,60.078545
4.237500,60.072790
4.237600,60.067615
4.237700,60.061101
4.237800,60.053402
4.237900,60.045955
4.238000,60.038381
4.238100,60.031615
4.238200,60.023519
4.238300,60.014900
4.238400,60.003402
4.238500,59.994525
4.238600,59.983354
4.238700,59.976596
4.238800,59.976381
4.238900,59.974302
4.239000,59.985999
4.239100,59.999686
4.239200,60.015847
4.239300,60.030792
4.239400,60.046488
4.239500,60.060643
4.239600,60.071983
4.239700,60.079306
4.239800,60.082650
4.239900,60.083573
4.240000,60.082486
4.240100,60.078596
4.240200,60.075446
4.240300,60.073931
4.240400,60.073198
4.240500,60.073275
4.240600,60.074018
4.240700,60.075210
4.240800,60.077172
4.240900,60.078970
4.241000,60.081449
4.241100,60.083789
4.241200,60.085464
4.241300,60.085770
4.241400,60.085958
4.241500,60.085883
4.241600,60.084968
4.241700,60.084272
4.241800,60.083884
4.241900,60.082839
4.242000,60.081493
4.242100,60.080365
4.242200,60.079283
4.242300,60.078399
4.242400,60.077520
4.242500,60.077075
4.242600,60.076348
4.242700,60.076238
4.242800,60.075846
4.242900,60.075662
4.243000,60.075618
4.243100,60.075762
4.243200,60.075547
4.243300,60.075083
4.243400,60.074586
4.243500,60.074278
4.243600,60.073934
4.243700,60.073514
4.243800,60.073728
4.243900,60.074106
4.244000,60.074348
4.244100,60.074690
4.244200,60.074742
4.244300,60.074973
4.244400,60.075846
4.244500,60.077485
4.244600,60.078405
4.244700,60.079800
4.244800,60.082165
4.244900,60.083267
4.245000,60.084694
4.245100,60.086183
4.245200,60.086670
4.245300,60.087260
4.245400,60.087785
4.245500,60.086564
4.245600,60.084667
4.245700,60.079452
4.245800,60.074048
4.245900,60.067627
4.246000,60.061503
4.246100,60.055203
4.246200,60.049474
4.246300,60.042383
4.246400,60.035571
4.246500,60.029191
4.246600,60.021782
4.246700,60.013391
4.246800,60.003472
4.246900,59.989570
4.247000,59.976900
4.247100,59.967309
4.247200,59.963961
4.247300,59.964602
4.247400,59.962967
4.247500,59.963805
4.247600,59.972632
4.247700,59.979937
4.247800,59.985344
4.247900,59.992878
4.248000,59.996144
4.248100,59.998642
4.248200,59.999394
4.248300,59.998995
4.248400,59.997766
4.248500,59.995596
4.248600,59.993419
4.248700,59.992285
4.248800,59.991895
4.248900,59.992317
4.249000,59.993457
4.249100,59.995109
4.249200,59.997164
4.249300,59.999135
4.249400,60.000927
4.249500,60.001685
4.249600,60.002001
4.249700,60.001665
4.249800,60.000976
4.249900,59.999518
4.250000,59.998009
4.250100,59.996551
4.250200,59.995556
4.250300,59.994364
4.250400,59.992894
4.250500,59.991637
4.250600,59.990991
4.250700,59.989760
4.250800,59.989005
4.250900,59.988728
4.251000,59.987930
4.251100,59.987400
4.251200,59.986820
4.251300,59.986404
4.251400,59.986358
4.251500,59.986105
4.251600,59.986020
4.251700,59.985907
4.251800,59.985037
4.251900,59.985141
4.252000,59.984535
4.252100,59.984315
4.252200,59.983823
4.252300,59.983623
4.252400,59.983490
4.252500,59.983507
4.252600,59.984016
4.252700,59.985007
4.252800,59.986744
4.252900,59.987625
4.253000,59.989584
4.253100,59.990811
4.253200,59.991863
4.253300,59.993524
4.253400,59.995449
4.253500,59.996687
4.253600,59.998389
4.253700,59.998402
4.253800,59.997662
4.253900,59.996749
4.254000,59.994428
4.254100,59.989378
4.254200,59.984642
4.254300,59.977895
4.254400,59.970812
4.254500,59.964039
4.254600,59.957093
4.254700,59.949995
4.254800,59.942165
4.254900,59.933789
4.255000,59.924163
4.255100,59.913653
4.255200,59.898480
4.255300,59.883860
4.255400,59.871933
4.255500,59.867749
4.255600,59.868248
4.255700,59.874921
4.255800,59.882006
4.255900,59.896695
4.256000,59.909142
4.256100,59.921716
4.256200,59.931697
4.256300,59.939437
4.256400,59.942687
4.256500,59.944207
4.256600,59.945172
4.256700,59.943331
4.256800,59.939572
4.256900,59.937805
4.257000,59.936651
4.257100,59.935665
4.257200,59.935678
4.257300,59.936341
4.257400,59.937708
4.257500,59.939373
4.257600,59.941579
4.257700,59.943415
4.257800,59.944656
4.257900,59.946182
4.258000,59.946278
4.258100,59.945784
4.258200,59.944746
4.258300,59.943221
4.258400,59.941899
4.258500,59.941003
4.258600,59.939807
4.258700,59.939116
4.258800,59.937575
4.258900,59.936309
4.259000,59.935301
4.259100,59.934890
4.259200,59.934601
4.259300,59.934210
4.259400,59.933840
4.259500,59.933442
4.259600,59.933188
4.259700,59.933234
4.259800,59.933085
4.259900,59.932650
4.260000,59.932378
4.260100,59.932488
4.260200,59.931942
4.260300,59.931769
4.260400,59.931925
4.260500,59.932181
4.260600,59.932485
4.260700,59.932921
4.260800,59.933333
4.260900,59.933665
4.261000,59.934998
4.261100,59.936261
4.261200,59.937977
4.261300,59.940084
4.261400,59.942254
4.261500,59.944390
4.261600,59.946102
4.261700,59.947669
4.261800,59.949726
4.261900,59.951331
4.262000,59.952478
4.262100,59.953014
4.262200,59.952550
4.262300,59.950137
4.262400,59.947502
4.262500,59.945061
4.262600,59.939655
4.262700,59.932654
4.262800,59.924612
4.262900,59.915748
4.263000,59.907086
4.263100,59.900094
4.263200,59.890822
4.263300,59.880979
4.263400,59.869379
4.263500,59.857971
4.263600,59.851788
4.263700,59.850810
4.263800,59.853989
4.263900,59.866993
4.264000,59.878451
4.264100,59.894201
4.264200,59.910892
4.264300,59.927822
4.264400,59.942477
4.264500,59.955389
4.264600,59.968527
4.264700,59.979149
4.264800,59.984559
4.264900,59.987140
4.265000,59.986464
4.265100,59.984533
4.265200,59.981840
4.265300,59.978877
4.265400,59.977246
4.265500,59.976636
4.265600,59.976830
4.265700,59.977768
4.265800,59.979191
4.265900,59.981148
4.266000,59.983296
4.266100,59.984584
4.266200,59.985564
4.266300,59.986193
4.266400,59.986450
4.266500,59.985912
4.266600,59.985382
4.266700,59.985339
4.266800,59.984208
4.266900,59.982895
4.267000,59.981081
4.267100,59.979996
4.267200,59.979821
4.267300,59.979741
4.267400,59.979531
4.267500,59.978948
4.267600,59.978289
4.267700,59.978042
4.267800,59.978048
4.267900,59.977993
4.268000,59.977967
4.268100,59.977990
4.268200,59.977961
4.268300,59.978240
4.268400,59.978353
4.268500,59.977934
4.268600,59.978759
4.268700,59.978830
4.268800,59.978631
4.268900,59.978793
4.269000,59.979518
4.269100,59.979652
4.269200,59.980383
4.269300,59.980894
4.269400,59.982467
4.269500,59.984561
4.269600,59.986296
4.269700,59.988719
4.269800,59.990780
4.269900,59.993398
4.270000,59.995888
4.270100,59.998559
4.270200,60.000351
4.270300,60.001693
4.270400,60.001331
4.270500,60.001551
4.270600,60.002327
4.270700,60.000325
4.270800,59.998250
4.270900,59.993752
4.271000,59.987426
4.271100,59.980261
4.271200,59.973698
4.271300,59.965117
4.271400,59.955861
4.271500,59.946059
4.271600,59.937858
4.271700,59.930536
4.271800,59.921601
4.271900,59.912189
4.272000,59.908743
4.272100,59.910733
4.272200,59.920216
4.272300,59.934478
4.272400,59.949231
4.272500,59.962204
4.272600,59.975822
4.272700,59.988453
4.272800,60.002219
4.272900,60.014390
4.273000,60.027376
4.273100,60.038697
4.273200,60.044946
4.273300,60.045578
4.273400,60.042254
4.273500,60.038376
4.273600,60.034961
4.273700,60.032834
4.273800,60.031320
4.273900,60.030797
4.274000,60.031046
4.274100,60.031878
4.274200,60.033384
4.274300,60.035172
4.274400,60.036968
4.274500,60.038250
4.274600,60.039063
4.274700,60.039316
4.274800,60.039491
4.274900,60.039256
4.275000,60.038513
4.275100,60.037620
4.275200,60.036976
4.275300,60.035338
4.275400,60.034723
4.275500,60.033993
4.275600,60.033825
4.275700,60.033173
4.275800,60.033009
4.275900,60.032698
4.276000,60.032501
4.276100,60.032241
4.276200,60.032257
4.276300,60.031788
4.276400,60.031922
4.276500,60.031848
4.276600,60.031645
4.276700,60.031816
4.276800,60.031350
4.276900,60.030974
4.277000,60.031719
4.277100,60.031505
4.277200,60.031697
4.277300,60.031835
4.277400,60.032152
4.277500,60.032238
4.277600,60.032866
4.277700,60.034718
4.277800,60.036902
4.277900,60.038557
4.278000,60.040648
4.278100,60.043358
4.278200,60.045152
4.278300,60.047634
4.278400,60.049043
4.278500,60.051679
4.278600,60.052578
4.278700,60.052895
4.278800,60.053584
4.278900,60.054191
4.279000,60.053187
4.279100,60.048674
4.279200,60.042962
4.279300,60.036129
4.279400,60.029429
4.279500,60.022469
4.279600,60.015894
4.279700,60.007758
4.279800,59.999052
4.279900,59.988398
4.280000,59.977638
4.280100,59.965761
4.280200,59.953769
4.280300,59.945401
4.280400,59.939783
4.280500,59.940911
4.280600,59.948000
4.280700,59.959424
4.280800,59.974924
4.280900,59.991336
4.281000,60.007778
4.281100,60.023236
4.281200,60.036495
4.281300,60.045848
4.281400,60.051364
4.281500,60.053167
4.281600,60.053794
4.281700,60.051834
4.281800,60.048512
4.281900,60.046239
4.282000,60.044650
4.282100,60.044191
4.282200,60.044435
4.282300,60.045342
4.282400,60.046687
4.282500,60.048670
4.282600,60.051019
4.282700,60.052849
4.282800,60.054746
4.282900,60.055620
4.283000,60.055509
4.283100,60.056132
4.283200,60.056458
4.283300,60.055767
4.283400,60.054747
4.283500,60.053701
4.283600,60.052852
4.283700,60.052071
4.283800,60.050522
4.283900,60.049588
4.284000,60.048710
4.284100,60.048261
4.284200,60.047661
4.284300,60.047069
4.284400,60.046620
4.284500,60.046346
4.284600,60.046455
4.284700,60.046182
4.284800,60.046011
4.284900,60.046233
4.285000,60.045663
4.285100,60.046145
4.285200,60.045436
4.285300,60.044904
4.285400,60.044949
4.285500,60.045123
4.285600,60.044799
4.285700,60.044933
4.285800,60.045289
4.285900,60.046449
4.286000,60.047391
4.286100,60.048790
4.286200,60.050145
4.286300,60.051002
4.286400,60.051865
4.286500,60.053845
4.286600,60.055413
4.286700,60.056690
4.286800,60.057993
4.286900,60.060312
4.287000,60.060308
4.287100,60.059951
4.287200,60.058354
4.287300,60.056186
4.287400,60.053927
4.287500,60.049378
4.287600,60.042499
4.287700,60.036847
4.287800,60.029747
4.287900,60.023484
4.288000,60.016849
4.288100,60.010671
4.288200,60.004038
4.288300,59.994511
4.288400,59.985989
4.288500,59.974618
4.288600,59.962216
4.288700,59.949693
4.288800,59.940054
4.288900,59.937740
4.289000,59.938688
4.289100,59.939650
4.289200,59.941064
4.289300,59.943017
4.289400,59.945360
4.289500,59.947535
4.289600,59.950447
4.289700,59.952745
4.289800,59.954870
4.289900,59.955615
4.290000,59.956737
4.290100,59.956392
4.290200,59.955112
4.290300,59.953732
4.290400,59.950596
4.290500,59.948205
4.290600,59.946379
4.290700,59.944075
4.290800,59.941862
4.290900,59.940221
4.291000,59.939055
4.291100,59.938160
4.291200,59.937279
4.291300,59.936769
4.291400,59.936491
4.291500,59.936332
4.291600,59.936252
4.291700,59.936223
4.291800,59.936209
4.291900,59.936147
4.292000,59.936058
4.292100,59.935890
4.292200,59.935606
4.292300,59.935323
4.292400,59.934870
4.292500,59.934685
4.292600,59.934195
4.292700,59.933887
4.292800,59.933503
4.292900,59.933261
4.293000,59.933048
4.293100,59.932876
4.293200,59.932525
4.293300,59.932261
4.293400,59.931672
4.293500,59.931253
4.293600,59.930943
4.293700,59.930452
4.293800,59.930175
4.293900,59.930001
4.294000,59.930118
4.294100,59.930087
4.294200,59.930274
4.294300,59.930450
4.294400,59.931112
4.294500,59.931623
4.294600,59.932015
4.294700,59.932884
4.294800,59.934152
4.294900,59.935146
4.295000,59.936106
4.295100,59.937404
4.295200,59.938724
4.295300,59.939466
4.295400,59.939830
4.295500,59.940158
4.295600,59.939841
4.295700,59.938797
4.295800,59.937544
4.295900,59.935353
4.296000,59.932286
4.296100,59.927894
4.296200,59.922853
4.296300,59.917907
4.296400,59.911393
4.296500,59.905658
4.296600,59.898921
4.296700,59.892038
4.296800,59.885625
4.296900,59.881669
4.297000,59.877667
4.297100,59.875896
4.297200,59.874110
4.297300,59.874746
4.297400,59.876889
4.297500,59.882636
4.297600,59.888526
4.297700,59.894640
4.297800,59.903103
4.297900,59.910906
4.298000,59.919406
4.298100,59.923356
4.298200,59.925397
4.298300,59.927232
4.298400,59.927506
4.298500,59.926212
4.298600,59.924652
4.298700,59.921477
4.298800,59.918482
4.298900,59.916055
4.299000,59.913822
4.299100,59.912177
4.299200,59.911339
4.299300,59.910934
4.299400,59.910852
4.299500,59.910919
4.299600,59.911153
4.299700,59.911232
4.299800,59.911081
4.299900,59.911013
4.300000,59.910771
4.300100,59.910018
4.300200,59.909357
4.300300,59.908689
4.300400,59.907789
4.300500,59.906838
4.300600,59.905859
4.300700,59.905118
4.300800,59.904408
4.300900,59.903672
4.301000,59.902715
4.301100,59.902213
4.301200,59.901661
4.301300,59.901399
4.301400,59.901043
4.301500,59.900968
4.301600,59.900822
4.301700,59.900786
4.301800,59.900550
4.301900,59.900314
4.302000,59.900140
4.302100,59.900382
4.302200,59.900415
4.302300,59.900259
4.302400,59.900253
4.302500,59.900676
4.302600,59.900966
4.302700,59.902264
4.302800,59.904152
4.302900,59.905828
4.303000,59.907114
4.303100,59.909674
4.303200,59.911819
4.303300,59.913995
4.303400,59.916305
4.303500,59.918137
4.303600,59.919945
4.303700,59.921616
4.303800,59.922028
4.303900,59.922686
4.304000,59.922057
4.304100,59.920914
4.304200,59.919386
4.304300,59.916197
4.304400,59.909933
4.304500,59.904223
4.304600,59.895356
4.304700,59.886523
4.304800,59.878496
4.304900,59.870777
4.305000,59.862761
4.305100,59.855363
4.305200,59.850256
4.305300,59.845975
4.305400,59.847084
4.305500,59.850539
4.305600,59.854245
4.305700,59.865732
4.305800,59.878866
4.305900,59.894927
4.306000,59.911060
4.306100,59.924727
4.306200,59.938819
4.306300,59.952031
4.306400,59.963008
4.306500,59.969499
4.306600,59.973850
4.306700,59.974067
4.306800,59.972893
4.306900,59.970723
4.307000,59.967716
4.307100,59.964539
4.307200,59.962008
4.307300,59.960163
4.307400,59.958819
4.307500,59.958356
4.307600,59.958466
4.307700,59.958958
4.307800,59.959402
4.307900,59.959887
4.308000,59.960304
4.308100,59.960673
4.308200,59.960536
4.308300,59.960121
4.308400,59.959847
4.308500,59.958863
4.308600,59.958320
4.308700,59.957388
4.308800,59.956123
4.308900,59.955105
4.309000,59.954393
4.309100,59.953567
4.309200,59.953294
4.309300,59.952875
4.309400,59.952243
4.309500,59.952669
4.309600,59.952361
4.309700,59.951845
4.309800,59.951512
4.309900,59.951856
4.310000,59.952579
4.310100,59.952862
4.310200,59.952768
4.310300,59.952403
4.310400,59.952158
4.310500,59.952090
4.310600,59.952980
4.310700,59.952965
4.310800,59.954297
4.310900,59.954780
4.311000,59.956552
4.311100,59.958331
4.311200,59.960260
4.311300,59.962854
4.311400,59.965582
4.311500,59.967938
4.311600,59.970778
4.311700,59.973339
4.311800,59.975266
4.311900,59.977481
4.312000,59.979183
4.312100,59.980567
4.312200,59.981782
4.312300,59.980766
4.312400,59.979393
4.312500,59.977344
4.312600,59.973292
4.312700,59.968616
4.312800,59.963100
4.312900,59.956466
4.313000,59.948134
4.313100,59.939636
4.313200,59.931051
4.313300,59.920640
4.313400,59.911836
4.313500,59.908389
4.313600,59.906436
4.313700,59.905619
4.313800,59.908912
4.313900,59.918825
4.314000,59.932855
4.314100,59.948827
4.314200,59.963769
4.314300,59.976854
4.314400,59.990363
4.314500,60.003218
4.314600,60.018840
4.314700,60.033942
4.314800,60.042006
4.314900,60.047190
4.315000,60.048222
4.315100,60.048053
4.315200,60.045286
4.315300,60.042375
4.315400,60.039124
4.315500,60.036999
4.315600,60.035200
4.315700,60.034458
4.315800,60.034418
4.315900,60.034875
4.316000,60.035729
4.316100,60.036941
4.316200,60.037950
4.316300,60.038467
4.316400,60.038870
4.316500,60.038567
4.316600,60.038674
4.316700,60.038071
4.316800,60.037533
4.316900,60.037198
4.317000,60.036688
4.317100,60.035659
4.317200,60.034787
4.317300,60.034000
4.317400,60.033443
4.317500,60.032656
4.317600,60.032750
4.317700,60.032819
4.317800,60.033066
4.317900,60.033010
4.318000,60.033076
4.318100,60.032882
4.318200,60.032674
4.318300,60.032628
4.318400,60.032528
4.318500,60.032340
4.318600,60.032510
4.318700,60.032252
4.318800,60.032204
4.318900,60.032621
4.319000,60.033131
4.319100,60.034193
4.319200,60.034975
4.319300,60.035469
4.319400,60.037592
4.319500,60.039108
4.319600,60.040745
4.319700,60.042207
4.319800,60.045366
4.319900,60.047794
4.320000,60.049867
4.320100,60.052170
4.320200,60.053863
4.320300,60.055530
4.320400,60.055848
4.320500,60.055003
4.320600,60.054572
4.320700,60.053680
4.320800,60.050444
4.320900,60.046789
4.321000,60.040215
4.321100,60.032353
4.321200,60.024555
4.321300,60.016335
4.321400,60.006946
4.321500,59.996998
4.321600,59.986754
4.321700,59.974962
4.321800,59.964567
4.321900,59.956255
4.322000,59.950698
4.322100,59.950487
4.322200,59.955973
4.322300,59.963466
4.322400,59.976892
4.322500,59.990084
4.322600,60.004789
4.322700,60.020148
4.322800,60.034728
4.322900,60.044819
4.323000,60.053275
4.323100,60.060970
4.323200,60.062916
4.323300,60.062314
4.323400,60.059833
4.323500,60.057486
4.323600,60.054330
4.323700,60.052425
4.323800,60.051070
4.323900,60.050709
4.324000,60.051053
4.324100,60.052057
4.324200,60.053617
4.324300,60.054905
4.324400,60.056378
4.324500,60.057639
4.324600,60.058272
4.324700,60.058689
4.324800,60.058694
4.324900,60.058212
4.325000,60.058066
4.325100,60.057269
4.325200,60.056273
4.325300,60.055189
4.325400,60.054094
4.325500,60.053137
4.325600,60.051909
4.325700,60.051790
4.325800,60.051313
4.325900,60.050801
4.326000,60.050349
4.326100,60.049249
4.326200,60.048678
4.326300,60.048477
4.326400,60.048504
4.326500,60.048703
4.326600,60.048481
4.326700,60.048524
4.326800,60.048440
4.326900,60.048055
4.327000,60.047665
4.327100,60.047795
4.327200,60.047933
4.327300,60.048178
4.327400,60.048791
4.327500,60.049295
4.327600,60.050277
4.327700,60.051412
4.327800,60.052222
4.327900,60.054227
4.328000,60.055887
4.328100,60.057838
4.328200,60.059287
4.328300,60.060397
4.328400,60.061505
4.328500,60.063478
4.328600,60.063774
4.328700,60.065493
4.328800,60.065247
4.328900,60.063991
4.329000,60.062071
4.329100,60.058785
4.329200,60.052219
4.329300,60.046867
4.329400,60.040803
4.329500,60.033807
4.329600,60.026742
4.329700,60.020147
4.329800,60.012109
4.329900,60.004332
4.330000,59.996053
4.330100,59.984601
4.330200,59.971577
4.330300,59.959289
4.330400,59.950005
4.330500,59.947153
4.330600,59.950113
4.330700,59.952183
4.330800,59.959097
4.330900,59.970768
4.331000,59.983965
4.331100,59.994019
4.331200,60.003441
4.331300,60.013025
4.331400,60.019723
4.331500,60.020747
4.331600,60.021628
4.331700,60.019007
4.331800,60.016173
4.331900,60.013555
4.332000,60.011780
4.332100,60.010790
4.332200,60.010638
4.332300,60.011255
4.332400,60.012245
4.332500,60.013896
4.332600,60.015932
4.332700,60.017392
4.332800,60.019084
4.332900,60.020264
4.333000,60.020437
4.333100,60.020224
4.333200,60.019472
4.333300,60.018231
4.333400,60.017545
4.333500,60.016308
4.333600,60.014722
4.333700,60.013819
4.333800,60.012236
4.333900,60.011142
4.334000,60.009901
4.334100,60.009289
4.334200,60.008509
4.334300,60.008044
4.334400,60.007165
4.334500,60.006849
4.334600,60.006515
4.334700,60.006710
4.334800,60.006885
4.334900,60.005695
4.335000,60.005494
4.335100,60.004886
4.335200,60.004234
4.335300,60.003812
4.335400,60.003389
4.335500,60.003567
4.335600,60.003680
4.335700,60.003146
4.335800,60.003511
4.335900,60.004251
4.336000,60.004783
4.336100,60.005797
4.336200,60.007447
4.336300,60.009355
4.336400,60.010446
4.336500,60.011938
4.336600,60.015056
4.336700,60.016908
4.336800,60.018677
4.336900,60.019801
4.337000,60.020223
4.337100,60.019033
4.337200,60.017124
4.337300,60.014713
4.337400,60.011188
4.337500,60.007361
4.337600,60.000904
4.337700,59.993353
4.337800,59.987208
4.337900,59.980877
4.338000,59.973872
4.338100,59.966819
4.338200,59.957018
4.338300,59.948332
4.338400,59.936672
4.338500,59.924997
4.338600,59.910946
4.338700,59.902556
4.338800,59.899786
4.338900,59.898287
4.339000,59.900529
4.339100,59.909620
4.339200,59.919105
4.339300,59.928228
4.339400,59.941926
4.339500,59.952937
4.339600,59.963982
4.339700,59.969032
4.339800,59.972889
4.339900,59.972968
4.340000,59.972150
4.340100,59.969671
4.340200,59.966357
4.340300,59.963917
4.340400,59.962638
4.340500,59.962216
4.340600,59.962604
4.340700,59.963602
4.340800,59.965262
4.340900,59.967044
4.341000,59.968863
4.341100,59.970038
4.341200,59.971134
4.341300,59.971277
4.341400,59.971474
4.341500,59.970356
4.341600,59.969014
4.341700,59.967679
4.341800,59.966941
4.341900,59.965854
4.342000,59.964217
4.342100,59.963275
4.342200,59.962673
4.342300,59.961287
4.342400,59.960682
4.342500,59.960392
4.342600,59.959259
4.342700,59.958849
4.342800,59.958678
4.342900,59.958455
4.343000,59.957924
4.343100,59.957513
4.343200,59.957367
4.343300,59.957412
4.343400,59.957352
4.343500,59.957466
4.343600,59.957139
4.343700,59.956647
4.343800,59.956484
4.343900,59.956474
4.344000,59.955869
4.344100,59.955358
4.344200,59.954961
4.344300,59.956306
4.344400,59.957528
4.344500,59.960098
4.344600,59.961007
4.344700,59.963280
4.344800,59.965066
4.344900,59.967834
4.345000,59.970286
4.345100,59.971803
4.345200,59.974729
4.345300,59.974686
4.345400,59.975340
4.345500,59.976296
4.345600,59.975216
4.345700,59.971848
4.345800,59.968498
4.345900,59.962296
4.346000,59.955384
4.346100,59.947130
4.346200,59.940654
4.346300,59.933236
4.346400,59.925015
4.346500,59.915627
4.346600,59.905230
4.346700,59.893440
4.346800,59.883930
4.346900,59.872880
4.347000,59.864997
4.347100,59.865156
4.347200,59.871374
4.347300,59.886444
4.347400,59.899975
4.347500,59.914461
4.347600,59.930329
4.347700,59.945576
4.347800,59.961678
4.347900,59.976187
4.348000,59.988170
4.348100,59.993850
4.348200,59.996272
4.348300,59.995938
4.348400,59.993211
4.348500,59.990414
4.348600,59.987565
4.348700,59.985408
4.348800,59.984342
4.348900,59.984133
4.349000,59.984545
4.349100,59.985584
4.349200,59.987264
4.349300,59.988557
4.349400,59.990592
4.349500,59.991860
4.349600,59.992591
4.349700,59.992950
4.349800,59.992700
4.349900,59.992067
4.350000,59.991788
4.350100,59.991344
4.350200,59.990077
4.350300,59.989324
4.350400,59.988674
4.350500,59.987672
4.350600,59.986771
4.350700,59.986336
4.350800,59.985739
4.350900,59.985250
4.351000,59.984993
4.351100,59.984809
4.351200,59.985229
4.351300,59.984932
4.351400,59.984841
4.351500,59.984633
4.351600,59.984706
4.351700,59.984339
4.351800,59.984410
4.351900,59.984175
4.352000,59.983967
4.352100,59.984157
4.352200,59.984827
4.352300,59.984406
4.352400,59.985470
4.352500,59.986503
4.352600,59.987976
4.352700,59.988757
4.352800,59.990836
4.352900,59.991818
4.353000,59.993589
4.353100,59.995898
4.353200,59.998027
4.353300,60.000120
4.353400,60.001946
4.353500,60.004285
4.353600,60.004415
4.353700,60.005079
4.353800,60.005386
4.353900,60.005632
4.354000,60.006292
4.354100,60.005144
4.354200,60.000177
4.354300,59.995426
4.354400,59.988962
4.354500,59.981091
4.354600,59.973645
4.354700,59.965200
4.354800,59.956303
4.354900,59.946501
4.355000,59.936960
4.355100,59.925793
4.355200,59.918866
4.355300,59.914788
4.355400,59.917372
4.355500,59.922911
4.355600,59.938852
4.355700,59.956042
4.355800,59.973731
4.355900,59.986937
4.356000,60.000025
4.356100,60.012585
4.356200,60.024253
4.356300,60.037234
4.356400,60.050363
4.356500,60.055190
4.356600,60.056052
4.356700,60.053837
4.356800,60.051076
4.356900,60.048883
4.357000,60.046541
4.357100,60.044603
4.357200,60.043888
4.357300,60.043770
4.357400,60.044326
4.357500,60.045437
4.357600,60.046877
4.357700,60.048441
4.357800,60.049893
4.357900,60.051028
4.358000,60.051582
4.358100,60.051984
4.358200,60.051420
4.358300,60.051046
4.358400,60.049935
4.358500,60.049523
4.358600,60.048628
4.358700,60.047767
4.358800,60.046621
4.358900,60.045774
4.359000,60.045047
4.359100,60.044632
4.359200,60.044703
4.359300,60.044605
4.359400,60.044941
4.359500,60.044718
4.359600,60.044800
4.359700,60.045010
4.359800,60.045238
4.359900,60.045047
4.360000,60.045165
4.360100,60.045115
4.360200,60.045371
4.360300,60.045412
4.360400,60.045498
4.360500,60.045855
4.360600,60.046246
4.360700,60.046940
4.360800,60.047158
4.360900,60.048059
4.361000,60.049060
4.361100,60.050491
4.361200,60.052133
4.361300,60.054595
4.361400,60.057393
4.361500,60.059336
4.361600,60.061430
4.361700,60.063578
4.361800,60.065380
4.361900,60.067346
4.362000,60.067613
4.362100,60.067885
4.362200,60.067626
4.362300,60.067251
4.362400,60.064867
4.362500,60.059541
4.362600,60.053240
4.362700,60.047123
4.362800,60.040706
4.362900,60.033209
4.363000,60.026252
4.363100,60.019173
4.363200,60.009899
4.363300,59.999750
4.363400,59.987631
4.363500,59.974014
4.363600,59.967930
4.363700,59.963866
4.363800,59.961980
4.363900,59.967783
4.364000,59.978131
4.364100,59.994619
4.364200,60.011180
4.364300,60.026397
4.364400,60.041373
4.364500,60.055503
4.364600,60.069113
4.364700,60.076793
4.364800,60.079080
4.364900,60.079758
4.365000,60.078206
4.365100,60.076949
4.365200,60.074660
4.365300,60.072293
4.365400,60.071162
4.365500,60.070986
4.365600,60.071583
4.365700,60.072708
4.365800,60.074333
4.365900,60.076494
4.366000,60.078884
4.366100,60.080710
4.366200,60.081984
4.366300,60.082385
4.366400,60.082745
4.366500,60.082849
4.366600,60.082094
4.366700,60.080821
4.366800,60.079891
4.366900,60.079758
4.367000,60.078514
4.367100,60.077591
4.367200,60.076794
4.367300,60.075846
4.367400,60.074994
4.367500,60.074291
4.367600,60.073687
4.367700,60.073123
4.367800,60.072850
4.367900,60.072518
4.368000,60.072650
4.368100,60.072810
4.368200,60.072493
4.368300,60.072700
4.368400,60.072177
4.368500,60.072302
4.368600,60.072423
4.368700,60.072773
4.368800,60.072458
4.368900,60.071812
4.369000,60.071708
4.369100,60.072366
4.369200,60.073165
4.369300,60.073688
4.369400,60.074342
4.369500,60.075558
4.369600,60.078356
4.369700,60.079618
4.369800,60.081425
4.369900,60.083360
4.370000,60.084307
4.370100,60.086637
4.370200,60.087655
4.370300,60.087048
4.370400,60.088120
4.370500,60.087672
4.370600,60.086070
4.370700,60.081708
4.370800,60.075637
4.370900,60.069030
4.371000,60.063468
4.371100,60.056183
4.371200,60.048112
4.371300,60.040403
4.371400,60.034149
4.371500,60.025594
4.371600,60.018155
4.371700,60.009713
4.371800,60.000105
4.371900,59.988226
4.372000,59.973850
4.372100,59.965912
4.372200,59.958595
4.372300,59.959551
4.372400,59.964604
4.372500,59.972551
4.372600,59.978424
4.372700,59.984350
4.372800,59.998523
4.372900,60.007234
4.373000,60.014355
4.373100,60.016833
4.373200,60.018609
4.373300,60.016533
4.373400,60.013660
4.373500,60.012216
4.373600,60.010562
4.373700,60.009258
4.373800,60.008897
4.373900,60.009374
4.374000,60.010404
4.374100,60.012068
4.374200,60.014310
4.374300,60.016738
4.374400,60.017569
4.374500,60.018422
4.374600,60.018628
4.374700,60.018741
4.374800,60.018766
4.374900,60.018562
4.375000,60.018357
4.375100,60.018018
4.375200,60.017487
4.375300,60.016996
4.375400,60.016356
4.375500,60.015698
4.375600,60.014828
4.375700,60.014119
4.375800,60.013528
4.375900,60.012777
4.376000,60.011866
4.376100,60.011338
4.376200,60.010719
4.376300,60.010329
4.376400,60.009804
4.376500,60.009163
4.376600,60.008704
4.376700,60.008154
4.376800,60.007938
4.376900,60.007397
4.377000,60.006823
4.377100,60.006553
4.377200,60.005962
4.377300,60.005694
4.377400,60.005604
4.377500,60.005350
4.377600,60.005279
4.377700,60.005616
4.377800,60.005666
4.377900,60.006064
4.378000,60.006652
4.378100,60.007357
4.378200,60.008181
4.378300,60.008711
4.378400,60.009268
4.378500,60.009777
4.378600,60.010275
4.378700,60.010608
4.378800,60.010549
4.378900,60.010361
4.379000,60.009781
4.379100,60.009167
4.379200,60.008222
4.379300,60.005967
4.379400,60.002824
4.379500,60.000331
4.379600,59.996745
4.379700,59.992220
4.379800,59.987154
4.379900,59.982551
4.380000,59.977817
4.380100,59.973101
4.380200,59.969303
4.380300,59.965203
4.380400,59.962230
4.380500,59.959860
4.380600,59.959113
4.380700,59.958828
4.380800,59.959692
4.380900,59.960608
4.381000,59.963529
4.381100,59.966564
4.381200,59.970799
4.381300,59.973993
4.381400,59.976515
4.381500,59.978222
4.381600,59.978431
4.381700,59.978250
4.381800,59.978024
4.381900,59.976273
4.382000,59.974302
4.382100,59.972421
4.382200,59.970482
4.382300,59.968617
4.382400,59.967067
4.382500,59.966161
4.382600,59.965514
4.382700,59.965108
4.382800,59.964985
4.382900,59.965009
4.383000,59.965099
4.383100,59.965149
4.383200,59.965076
4.383300,59.965007
4.383400,59.964678
4.383500,59.964272
4.383600,59.963895
4.383700,59.962985
4.383800,59.962283
4.383900,59.961363
4.384000,59.960692
4.384100,59.959887
4.384200,59.959150
4.384300,59.958812
4.384400,59.958220
4.384500,59.957820
4.384600,59.957576
4.384700,59.956937
4.384800,59.956227
4.384900,59.955788
4.385000,59.955167
4.385100,59.954968
4.385200,59.954126
4.385300,59.953971
4.385400,59.953539
4.385500,59.952839
4.385600,59.952598
4.385700,59.952398
4.385800,59.952578
4.385900,59.953154
4.386000,59.953735
4.386100,59.954967
4.386200,59.955895
4.386300,59.956965
4.386400,59.958479
4.386500,59.960091
4.386600,59.961793
4.386700,59.962816
4.386800,59.964719
4.386900,59.965835
4.387000,59.967189
4.387100,59.968605
4.387200,59.969269
4.387300,59.968632
4.387400,59.967292
4.387500,59.965284
4.387600,59.962130
4.387700,59.957262
4.387800,59.952257
4.387900,59.946920
4.388000,59.940235
4.388100,59.931948
4.388200,59.923799
4.388300,59.913853
4.388400,59.907024
4.388500,59.900497
4.388600,59.893645
4.388700,59.889211
4.388800,59.888529
4.388900,59.888756
4.389000,59.890704
4.389100,59.898336
4.389200,59.908449
4.389300,59.918501
4.389400,59.928593
4.389500,59.938922
4.389600,59.947569
4.389700,59.954424
4.389800,59.960346
4.389900,59.964763
4.390000,59.965504
4.390100,59.965338
4.390200,59.963764
4.390300,59.961972
4.390400,59.959756
4.390500,59.957210
4.390600,59.955140
4.390700,59.953555
4.390800,59.952556
4.390900,59.952201
4.391000,59.952278
4.391100,59.952607
4.391200,59.952936
4.391300,59.953403
4.391400,59.953921
4.391500,59.954022
4.391600,59.954117
4.391700,59.953294
4.391800,59.952977
4.391900,59.952251
4.392000,59.951353
4.392100,59.950897
4.392200,59.949817
4.392300,59.948787
4.392400,59.947980
4.392500,59.947104
4.392600,59.945907
4.392700,59.945977
4.392800,59.945753
4.392900,59.945723
4.393000,59.945458
4.393100,59.945127
4.393200,59.944982
4.393300,59.945202
4.393400,59.944618
4.393500,59.944251
4.393600,59.944344
4.393700,59.944242
4.393800,59.943958
4.393900,59.944141
4.394000,59.944633
4.394100,59.945689
4.394200,59.946345
4.394300,59.947514
4.394400,59.948821
4.394500,59.950699
4.394600,59.953173
4.394700,59.954612
4.394800,59.956688
4.394900,59.959332
4.395000,59.962469
4.395100,59.965404
4.395200,59.968113
4.395300,59.970363
4.395400,59.972892
4.395500,59.973438
4.395600,59.973931
4.395700,59.973128
4.395800,59.971160
4.395900,59.968465
4.396000,59.963610
4.396100,59.957448
4.396200,59.949727
4.396300,59.941519
4.396400,59.932235
4.396500,59.921996
4.396600,59.914614
4.396700,59.906581
4.396800,59.899080
4.396900,59.894976
4.397000,59.891959
4.397100,59.895448
4.397200,59.901458
4.397300,59.910755
4.397400,59.923402
4.397500,59.938608
4.397600,59.955460
4.397700,59.970101
4.397800,59.984080
4.397900,59.999161
4.398000,60.013801
4.398100,60.024360
4.398200,60.029140
4.398300,60.031678
4.398400,60.030452
4.398500,60.027345
4.398600,60.024251
4.398700,60.021211
4.398800,60.019003
4.398900,60.017173
4.399000,60.016034
4.399100,60.015686
4.399200,60.015965
4.399300,60.016797
4.399400,60.017585
4.399500,60.018475
4.399600,60.019297
4.399700,60.019509
4.399800,60.019909
4.399900,60.019879
4.400000,60.019772
4.400100,60.019782
4.400200,60.018841
4.400300,60.018268
4.400400,60.017501
4.400500,60.016152
4.400600,60.015364
4.400700,60.014437
4.400800,60.014113
4.400900,60.013878
4.401000,60.013731
4.401100,60.013988
4.401200,60.013514
4.401300,60.012885
4.401400,60.013252
4.401500,60.012995
4.401600,60.012736
4.401700,60.012416
4.401800,60.012337
4.401900,60.012659
4.402000,60.012211
4.402100,60.012766
4.402200,60.012742
4.402300,60.013342
4.402400,60.014103
4.402500,60.014254
4.402600,60.015414
4.402700,60.016810
4.402800,60.018540
4.402900,60.020116
4.403000,60.022076
4.403100,60.024281
4.403200,60.026509
4.403300,60.029724
4.403400,60.032600
4.403500,60.034073
4.403600,60.035466
4.403700,60.037035
4.403800,60.038559
4.403900,60.038521
4.404000,60.038091
4.404100,60.036085
4.404200,60.033441
4.404300,60.028237
4.404400,60.020432
4.404500,60.013520
4.404600,60.004509
4.404700,59.994731
4.404800,59.985580
4.404900,59.974744
4.405000,59.966207
4.405100,59.957818
4.405200,59.948149
4.405300,59.946132
4.405400,59.944718
4.405500,59.948700
4.405600,59.957236
4.405700,59.973641
4.405800,59.990488
4.405900,60.006818
4.406000,60.022968
4.406100,60.037282
4.406200,60.048194
4.406300,60.059715
4.406400,60.064993
4.406500,60.067618
4.406600,60.068146
4.406700,60.066480
4.406800,60.064741
4.406900,60.061676
4.407000,60.059032
4.407100,60.057207
4.407200,60.056338
4.407300,60.056345
4.407400,60.056898
4.407500,60.057969
4.407600,60.059605
4.407700,60.061019
4.407800,60.062009
4.407900,60.062428
4.408000,60.062950
4.408100,60.062997
4.408200,60.063190
4.408300,60.062867
4.408400,60.061947
4.408500,60.061487
4.408600,60.060410
4.408700,60.059468
4.408800,60.058773
4.408900,60.057968
4.409000,60.056918
4.409100,60.056147
4.409200,60.055845
4.409300,60.055150
4.409400,60.055003
4.409500,60.054871
4.409600,60.054250
4.409700,60.054103
4.409800,60.054085
4.409900,60.054414
4.410000,60.054463
4.410100,60.054239
4.410200,60.053993
4.410300,60.053699
4.410400,60.053660
4.410500,60.053901
4.410600,60.053488
4.410700,60.053619
4.410800,60.054175
4.410900,60.055000
4.411000,60.055818
4.411100,60.057006
4.411200,60.057679
4.411300,60.059712
4.411400,60.061462
4.411500,60.063648
4.411600,60.066067
4.411700,60.067984
4.411800,60.069106
4.411900,60.070064
4.412000,60.070154
4.412100,60.070463
4.412200,60.068999
4.412300,60.067483
4.412400,60.062995
4.412500,60.059291
4.412600,60.052708
4.412700,60.046033
4.412800,60.039376
4.412900,60.032650
4.413000,60.025448
4.413100,60.017891
4.413200,60.008862
4.413300,60.000244
4.413400,59.988638
4.413500,59.975729
4.413600,59.961552
4.413700,59.952343
4.413800,59.949286
4.413900,59.948694
4.414000,59.948583
4.414100,59.956740
4.414200,59.963342
4.414300,59.973862
4.414400,59.985207
4.414500,59.997084
4.414600,60.007930
4.414700,60.013368
4.414800,60.017425
4.414900,60.016161
4.415000,60.014143
4.415100,60.011633
4.415200,60.008400
4.415300,60.006268
4.415400,60.004901
4.415500,60.004553
4.415600,60.004947
4.415700,60.005952
4.415800,60.007515
4.415900,60.008993
4.416000,60.011075
4.416100,60.012433
4.416200,60.013261
4.416300,60.013925
4.416400,60.013502
4.416500,60.012629
4.416600,60.011856
4.416700,60.010583
4.416800,60.009317
4.416900,60.008132
4.417000,60.006448
4.417100,60.005269
4.417200,60.004203
4.417300,60.003173
4.417400,60.002050
4.417500,60.001287
4.417600,60.000787
4.417700,60.000364
4.417800,59.999969
4.417900,59.999930
4.418000,59.999844
4.418100,59.999586
4.418200,59.998907
4.418300,59.998297
4.418400,59.997940
4.418500,59.997477
4.418600,59.997542
4.418700,59.996859
4.418800,59.997025
4.418900,59.996490
4.419000,59.996178
4.419100,59.996744
4.419200,59.996161
4.419300,59.997133
4.419400,59.998520
4.419500,59.999685
4.419600,60.001466
4.419700,60.003162
4.419800,60.004923
4.419900,60.006670
4.420000,60.008876
4.420100,60.010772
4.420200,60.011722
4.420300,60.012577
4.420400,60.013233
4.420500,60.011074
4.420600,60.010712
4.420700,60.007144
4.420800,60.000754
4.420900,59.993817
4.421000,59.987294
4.421100,59.980808
4.421200,59.974041
4.421300,59.967606
4.421400,59.960695
4.421500,59.953700
4.421600,59.945409
4.421700,59.935294
4.421800,59.924730
4.421900,59.910117
4.422000,59.899551
4.422100,59.894164
4.422200,59.887262
4.422300,59.888369
4.422400,59.894170
4.422500,59.902054
4.422600,59.915248
4.422700,59.928271
4.422800,59.940922
4.422900,59.949585
4.423000,59.955534
4.423100,59.959797
4.423200,59.961304
4.423300,59.959183
4.423400,59.955656
4.423500,59.953066
4.423600,59.950024
4.423700,59.948232
4.423800,59.947415
4.423900,59.947426
4.424000,59.948110
4.424100,59.949447
4.424200,59.950859
4.424300,59.952511
4.424400,59.953664
4.424500,59.954576
4.424600,59.954917
4.424700,59.954968
4.424800,59.954510
4.424900,59.953982
4.425000,59.952130
4.425100,59.951504
4.425200,59.950344
4.425300,59.949052
4.425400,59.947776
4.425500,59.946138
4.425600,59.945083
4.425700,59.944078
4.425800,59.943157
4.425900,59.942357
4.426000,59.942025
4.426100,59.941504
4.426200,59.941699
4.426300,59.941293
4.426400,59.940799
4.426500,59.940850
4.426600,59.940387
4.426700,59.940433
4.426800,59.939430
4.426900,59.939741
4.427000,59.939633
4.427100,59.938843
4.427200,59.938787
4.427300,59.938499
4.427400,59.938813
4.427500,59.939114
4.427600,59.940784
4.427700,59.941482
4.427800,59.942735
4.427900,59.943684
4.428000,59.945572
4.428100,59.946969
4.428200,59.949413
4.428300,59.950966
4.428400,59.953446
4.428500,59.955219
4.428600,59.956581
4.428700,59.956981
4.428800,59.956571
4.428900,59.955559
4.429000,59.952262
4.429100,59.949788
4.429200,59.943758
4.429300,59.936904
4.429400,59.929510
4.429500,59.922449
4.429600,59.914454
4.429700,59.906708
4.429800,59.898367
4.429900,59.888562
4.430000,59.876363
4.430100,59.863814
4.430200,59.855170
4.430300,59.846680
4.430400,59.844981
4.430500,59.848834
4.430600,59.854683
4.430700,59.868495
4.430800,59.885295
4.430900,59.901774
4.431000,59.918722
4.431100,59.932932
4.431200,59.948181
4.431300,59.959162
4.431400,59.965544
4.431500,59.970258
4.431600,59.969987
4.431700,59.967708
4.431800,59.964582
4.431900,59.961522
4.432000,59.958930
4.432100,59.957614
4.432200,59.957309
4.432300,59.957674
4.432400,59.958667
4.432500,59.960138
4.432600,59.962188
4.432700,59.963870
4.432800,59.965164
4.432900,59.965752
4.433000,59.966185
4.433100,59.966160
4.433200,59.965423
4.433300,59.964817
4.433400,59.964173
4.433500,59.963424
4.433600,59.962577
4.433700,59.961459
4.433800,59.960576
4.433900,59.959908
4.434000,59.958753
4.434100,59.957755
4.434200,59.957171
4.434300,59.956843
4.434400,59.956738
4.434500,59.956358
4.434600,59.956554
4.434700,59.956354
4.434800,59.956317
4.434900,59.956405
4.435000,59.956899
4.435100,59.957202
4.435200,59.957656
4.435300,59.957541
4.435400,59.957751
4.435500,59.957696
4.435600,59.958200
4.435700,59.958480
4.435800,59.958603
4.435900,59.959463
4.436000,59.960857
4.436100,59.962546
4.436200,59.963948
4.436300,59.966073
4.436400,59.967432
4.436500,59.969316
4.436600,59.971140
4.436700,59.973358
4.436800,59.975527
4.436900,59.977687
4.437000,59.979630
4.437100,59.980310
4.437200,59.980090
4.437300,59.978547
4.437400,59.976061
4.437500,59.972370
4.437600,59.966618
4.437700,59.960597
4.437800,59.953200
4.437900,59.945852
4.438000,59.937319
4.438100,59.926907
4.438200,59.916831
4.438300,59.905618
4.438400,59.894649
4.438500,59.885804
4.438600,59.883051
4.438700,59.882810
4.438800,59.889885
4.438900,59.895286
4.439000,59.908685
4.439100,59.924440
4.439200,59.937833
4.439300,59.950912
4.439400,59.963328
4.439500,59.975964
4.439600,59.989084
4.439700,60.002809
4.439800,60.010405
4.439900,60.013337
4.440000,60.012216
4.440100,60.011580
4.440200,60.009610
4.440300,60.006235
4.440400,60.003523
4.440500,60.001950
4.440600,60.001318
4.440700,60.001479
4.440800,60.002284
4.440900,60.003659
4.441000,60.004984
4.441100,60.006333
4.441200,60.007364
4.441300,60.008355
4.441400,60.008810
4.441500,60.009223
4.441600,60.008343
4.441700,60.007743
4.441800,60.007078
4.441900,60.006105
4.442000,60.004847
4.442100,60.004053
4.442200,60.003723
4.442300,60.003154
4.442400,60.002865
4.442500,60.002407
4.442600,60.002501
4.442700,60.002446
4.442800,60.002476
4.442900,60.002158
4.443000,60.002043
4.443100,60.001568
4.443200,60.001627
4.443300,60.001999
4.443400,60.002513
4.443500,60.002207
4.443600,60.002100
4.443700,60.002070
4.443800,60.001902
4.443900,60.002513
4.444000,60.003373
4.444100,60.004090
4.444200,60.005247
4.444300,60.006224
4.444400,60.007818
4.444500,60.009180
4.444600,60.010661
4.444700,60.013515
4.444800,60.015485
4.444900,60.017809
4.445000,60.019908
4.445100,60.021688
4.445200,60.024378
4.445300,60.026496
4.445400,60.027820
4.445500,60.028330
4.445600,60.028153
4.445700,60.026703
4.445800,60.024752
4.445900,60.020225
4.446000,60.014135
4.446100,60.007738
4.446200,59.999333
4.446300,59.991626
4.446400,59.983637
4.446500,59.974433
4.446600,59.964780
4.446700,59.954542
4.446800,59.943602
4.446900,59.936764
4.447000,59.935978
4.447100,59.938374
4.447200,59.943456
4.447300,59.954332
4.447400,59.970412
4.447500,59.985054
4.447600,59.996998
4.447700,60.013247
4.447800,60.026450
4.447900,60.040663
4.448000,60.054209
4.448100,60.057974
4.448200,60.061431
4.448300,60.062846
4.448400,60.061341
4.448500,60.058644
4.448600,60.055579
4.448700,60.053947
4.448800,60.052819
4.448900,60.052584
4.449000,60.053030
4.449100,60.054018
4.449200,60.055648
4.449300,60.056790
4.449400,60.058478
4.449500,60.060297
4.449600,60.060821
4.449700,60.061350
4.449800,60.061420
4.449900,60.061273
4.450000,60.060510
4.450100,60.059462
4.450200,60.058414
4.450300,60.057865
4.450400,60.057556
4.450500,60.056272
4.450600,60.055513
4.450700,60.054564
4.450800,60.053859
4.450900,60.053736
4.451000,60.053677
4.451100,60.053020
4.451200,60.052941
4.451300,60.053386
4.451400,60.052981
4.451500,60.052479
4.451600,60.053015
4.451700,60.052666
4.451800,60.052715
4.451900,60.052875
4.452000,60.052623
4.452100,60.052392
4.452200,60.052041
4.452300,60.052387
4.452400,60.052354
4.452500,60.053550
4.452600,60.053958
4.452700,60.055014
4.452800,60.056521
4.452900,60.058418
4.453000,60.060783
4.453100,60.062061
4.453200,60.063912
4.453300,60.065486
4.453400,60.067841
4.453500,60.070547
4.453600,60.072276
4.453700,60.072445
4.453800,60.071723
4.453900,60.070485
4.454000,60.067064
4.454100,60.063175
4.454200,60.057533
4.454300,60.050923
4.454400,60.043683
4.454500,60.037280
4.454600,60.029064
4.454700,60.022383
4.454800,60.014643
4.454900,60.005794
4.455000,59.994636
4.455100,59.981863
4.455200,59.969495
4.455300,59.955093
4.455400,59.948429
4.455500,59.950235
4.455600,59.955438
4.455700,59.960557
4.455800,59.975295
4.455900,59.986086
4.456000,59.998587
4.456100,60.012391
4.456200,60.025113
4.456300,60.033592
4.456400,60.037441
4.456500,60.040877
4.456600,60.038060
4.456700,60.036000
4.456800,60.033112
4.456900,60.030908
4.457000,60.029486
4.457100,60.028841
4.457200,60.029075
4.457300,60.029946
4.457400,60.031555
4.457500,60.033550
4.457600,60.035656
4.457700,60.036814
4.457800,60.038607
4.457900,60.039231
4.458000,60.040842
4.458100,60.040672
4.458200,60.039251
4.458300,60.038157
4.458400,60.037301
4.458500,60.036255
4.458600,60.035044
4.458700,60.033793
4.458800,60.032572
4.458900,60.031544
4.459000,60.030636
4.459100,60.030037
4.459200,60.029371
4.459300,60.029107
4.459400,60.028439
4.459500,60.027939
4.459600,60.027974
4.459700,60.027742
4.459800,60.027462
4.459900,60.027100
4.460000,60.026892
4.460100,60.026533
4.460200,60.026276
4.460300,60.025623
4.460400,60.025474
4.460500,60.025370
4.460600,60.024946
4.460700,60.024598
4.460800,60.024336
4.460900,60.024303
4.461000,60.025292
4.461100,60.026757
4.461200,60.028327
4.461300,60.029753
4.461400,60.030791
4.461500,60.032718
4.461600,60.035426
4.461700,60.036603
4.461800,60.037939
4.461900,60.039222
4.462000,60.039687
4.462100,60.039645
4.462200,60.038933
4.462300,60.037006
4.462400,60.032049
4.462500,60.026031
4.462600,60.019660
4.462700,60.013447
4.462800,60.007852
4.462900,60.001676
4.463000,59.994193
4.463100,59.988509
4.463200,59.981096
4.463300,59.972972
4.463400,59.964697
4.463500,59.954397
4.463600,59.940978
4.463700,59.927040
4.463800,59.918566
4.463900,59.918202
4.464000,59.920057
4.464100,59.923102
4.464200,59.931758
4.464300,59.942435
4.464400,59.956591
4.464500,59.966600
4.464600,59.973912
4.464700,59.978024
4.464800,59.980745
4.464900,59.979702
4.465000,59.977654
4.465100,59.975207
4.465200,59.972500
4.465300,59.970404
4.465400,59.969282
4.465500,59.969036
4.465600,59.969521
4.465700,59.970675
4.465800,59.972333
4.465900,59.974146
4.466000,59.975366
4.466100,59.977038
4.466200,59.978225
4.466300,59.975789
4.466400,59.975405
4.466500,59.975758
4.466600,59.974903
4.466700,59.974405
4.466800,59.972644
4.466900,59.971202
4.467000,59.970239
4.467100,59.969321
4.467200,59.968127
4.467300,59.966642
4.467400,59.965668
4.467500,59.964828
4.467600,59.964453
4.467700,59.963822
4.467800,59.963164
4.467900,59.962975
4.468000,59.962991
4.468100,59.962533
4.468200,59.962456
4.468300,59.961761
4.468400,59.961243
4.468500,59.961290
4.468600,59.961565
4.468700,59.960902
4.468800,59.960728
4.468900,59.960345
4.469000,59.960559
4.469100,59.961483
4.469200,59.961748
4.469300,59.962810
4.469400,59.963584
4.469500,59.964829
4.469600,59.966114
4.469700,59.968501
4.469800,59.970709
4.469900,59.971934
4.470000,59.973309
4.470100,59.975433
4.470200,59.977833
4.470300,59.977957
4.470400,59.977615
4.470500,59.978609
4.470600,59.978292
4.470700,59.974894
4.470800,59.970049
4.470900,59.963424
4.471000,59.956401
4.471100,59.948963
4.471200,59.941868
4.471300,59.934305
4.471400,59.926069
4.471500,59.917708
4.471600,59.909359
4.471700,59.897331
4.471800,59.886355
4.471900,59.872596
4.472000,59.864485
4.472100,59.859707
4.472200,59.861473
4.472300,59.867795
4.472400,59.878633
4.472500,59.895316
4.472600,59.907785
4.472700,59.919061
4.472800,59.934400
4.472900,59.948690
4.473000,59.960319
4.473100,59.963290
4.473200,59.965033
4.473300,59.961809
4.473400,59.958678
4.473500,59.955870
4.473600,59.953586
4.473700,59.951997
4.473800,59.951082
4.473900,59.951110
4.474000,59.951671
4.474100,59.952910
4.474200,59.954807
4.474300,59.956450
4.474400,59.957716
4.474500,59.958700
4.474600,59.959648
4.474700,59.959530
4.474800,59.959050
4.474900,59.957969
4.475000,59.956923
4.475100,59.955684
4.475200,59.954880
4.475300,59.953463
4.475400,59.952568
4.475500,59.951614
4.475600,59.950679
4.475700,59.950244
4.475800,59.949581
4.475900,59.948915
4.476000,59.948562
4.476100,59.948486
4.476200,59.948355
4.476300,59.948045
4.476400,59.948513
4.476500,59.948337
4.476600,59.948872
4.476700,59.948880
4.476800,59.948875
4.476900,59.948770
4.477000,59.948524
4.477100,59.948222
4.477200,59.948057
4.477300,59.948160
4.477400,59.948872
4.477500,59.950023
4.477600,59.951663
4.477700,59.952383
4.477800,59.953098
4.477900,59.955478
4.478000,59.958198
4.478100,59.960270
4.478200,59.962301
4.478300,59.963738
4.478400,59.966433
4.478500,59.968518
4.478600,59.969655
4.478700,59.970941
4.478800,59.971700
4.478900,59.972490
4.479000,59.971314
4.479100,59.968187
4.479200,59.964699
4.479300,59.959651
4.479400,59.953934
4.479500,59.946265
4.479600,59.938213
4.479700,59.930841
4.479800,59.922555
4.479900,59.912568
4.480000,59.902617
4.480100,59.892237
4.480200,59.884268
4.480300,59.882914
4.480400,59.879988
4.480500,59.882880
4.480600,59.898011
4.480700,59.913237
4.480800,59.930560
4.480900,59.942166
4.481000,59.954264
4.481100,59.967215
4.481200,59.979090
4.481300,59.993146
4.481400,60.005666
4.481500,60.016169
4.481600,60.018814
4.481700,60.017127
4.481800,60.016616
4.481900,60.013593
4.482000,60.010760
4.482100,60.008759
4.482200,60.007476
4.482300,60.007187
4.482400,60.007601
4.482500,60.008512
4.482600,60.010133
4.482700,60.011507
4.482800,60.012323
4.482900,60.014029
4.483000,60.014453
4.483100,60.015036
4.483200,60.014732
4.483300,60.014648
4.483400,60.013973
4.483500,60.013341
4.483600,60.012851
4.483700,60.012601
4.483800,60.011544
4.483900,60.010492
4.484000,60.009581
4.484100,60.009131
4.484200,60.008674
4.484300,60.008340
4.484400,60.007863
4.484500,60.008004
4.484600,60.008142
4.484700,60.008034
4.484800,60.008309
4.484900,60.008532
4.485000,60.008310
4.485100,60.008463
4.485200,60.008839
4.485300,60.009062
4.485400,60.009546
4.485500,60.009476
4.485600,60.009717
4.485700,60.010338
4.485800,60.011477
4.485900,60.012352
4.486000,60.013158
4.486100,60.014469
4.486200,60.015405
4.486300,60.017507
4.486400,60.019865
4.486500,60.021974
4.486600,60.023919
4.486700,60.025896
4.486800,60.028032
4.486900,60.029532
4.487000,60.032026
4.487100,60.034216
4.487200,60.034280
4.487300,60.034020
4.487400,60.031274
4.487500,60.026633
4.487600,60.021746
4.487700,60.015095
4.487800,60.008149
4.487900,60.000290
4.488000,59.991034
4.488100,59.983262
4.488200,59.974815
4.488300,59.963890
4.488400,59.951875
4.488500,59.941741
4.488600,59.932675
4.488700,59.930015
4.488800,59.929467
4.488900,59.937763
4.489000,59.952588
4.489100,59.969723
4.489200,59.986230
4.489300,59.999517
4.489400,60.013118
4.489500,60.025721
4.489600,60.038632
4.489700,60.049321
4.489800,60.055079
4.489900,60.058228
4.490000,60.058745
4.490100,60.056997
4.490200,60.052541
4.490300,60.050022
4.490400,60.048204
4.490500,60.047430
4.490600,60.047433
4.490700,60.048034
4.490800,60.049353
4.490900,60.050934
4.491000,60.052723
4.491100,60.053892
4.491200,60.055183
4.491300,60.056048
4.491400,60.056387
4.491500,60.056254
4.491600,60.055732
4.491700,60.055017
4.491800,60.054145
4.491900,60.053665
4.492000,60.052660
4.492100,60.051730
4.492200,60.051490
4.492300,60.050713
4.492400,60.049758
4.492500,60.048966
4.492600,60.048527
4.492700,60.048146
4.492800,60.048073
4.492900,60.047755
4.493000,60.048384
4.493100,60.048321
4.493200,60.048197
4.493300,60.047922
4.493400,60.047783
4.493500,60.047512
4.493600,60.047924
4.493700,60.047672
4.493800,60.047996
4.493900,60.048195
4.494000,60.049036
4.494100,60.049240
4.494200,60.049649
4.494300,60.050508
4.494400,60.051551
4.494500,60.052979
4.494600,60.054943
4.494700,60.056685
4.494800,60.057992
4.494900,60.059041
4.495000,60.060882
4.495100,60.063255
4.495200,60.065245
4.495300,60.067216
4.495400,60.068265
4.495500,60.068098
4.495600,60.066965
4.495700,60.064501
4.495800,60.060776
4.495900,60.055156
4.496000,60.049500
4.496100,60.043065
4.496200,60.037253
4.496300,60.030090
4.496400,60.022728
4.496500,60.016108
4.496600,60.007824
4.496700,59.999188
4.496800,59.985586
4.496900,59.972981
4.497000,59.964380
4.497100,59.960031
4.497200,59.959609
4.497300,59.961253
4.497400,59.970333
4.497500,59.980934
4.497600,59.994685
4.497700,60.010506
4.497800,60.022830
4.497900,60.035748
4.498000,60.041064
4.498100,60.045231
4.498200,60.045490
4.498300,60.044075
4.498400,60.041453
4.498500,60.039068
4.498600,60.037134
4.498700,60.036018
4.498800,60.035745
4.498900,60.036283
4.499000,60.037473
4.499100,60.039105
4.499200,60.041149
4.499300,60.043339
4.499400,60.044504
4.499500,60.045501
4.499600,60.046023
4.499700,60.046907
4.499800,60.046167
4.499900,60.045389
4.500000,60.044214
4.500100,60.042801
4.500200,60.041879
4.500300,60.040538
4.500400,60.039301
4.500500,60.038033
4.500600,60.036795
4.500700,60.036242
4.500800,60.035341
4.500900,60.034701
4.501000,60.034204
4.501100,60.033522
4.501200,60.033646
4.501300,60.033091
4.501400,60.032637
4.501500,60.032583
4.501600,60.032805
4.501700,60.032518
4.501800,60.032025
4.501900,60.031566
4.502000,60.030933
4.502100,60.031087
4.502200,60.031925
4.502300,60.032006
4.502400,60.032235
4.502500,60.032407
4.502600,60.032786
4.502700,60.033460
4.502800,60.034247
4.502900,60.035722
4.503000,60.037935
4.503100,60.039241
4.503200,60.041448
4.503300,60.043206
4.503400,60.044560
4.503500,60.044821
4.503600,60.045534
4.503700,60.046730
4.503800,60.045478
4.503900,60.043937
4.504000,60.039949
4.504100,60.035822
4.504200,60.029498
4.504300,60.022628
4.504400,60.015161
4.504500,60.008867
4.504600,60.002709
4.504700,59.996284
4.504800,59.989829
4.504900,59.983091
4.505000,59.974237
4.505100,59.963943
4.505200,59.952240
4.505300,59.938789
4.505400,59.927088
4.505500,59.919276
4.505600,59.918582
4.505700,59.920100
4.505800,59.924662
4.505900,59.931002
4.506000,59.942841
4.506100,59.954572
4.506200,59.962668
4.506300,59.971582
4.506400,59.976609
4.506500,59.977327
4.506600,59.977321
4.506700,59.974195
4.506800,59.971451
4.506900,59.968592
4.507000,59.966694
4.507100,59.965793
4.507200,59.965842
4.507300,59.966626
4.507400,59.968002
4.507500,59.969614
4.507600,59.971202
4.507700,59.972586
4.507800,59.973923
4.507900,59.974715
4.508000,59.975604
4.508100,59.975390
4.508200,59.974332
4.508300,59.973169
4.508400,59.972139
4.508500,59.970574
4.508600,59.969153
4.508700,59.968154
4.508800,59.966810
4.508900,59.965938
4.509000,59.964678
4.509100,59.963629
4.509200,59.963027
4.509300,59.962407
4.509400,59.961626
4.509500,59.961139
4.509600,59.961035
4.509700,59.960368
4.509800,59.959696
4.509900,59.959673
4.510000,59.959382
4.510100,59.958340
4.510200,59.958499
4.510300,59.958256
4.510400,59.958269
4.510500,59.957719
4.510600,59.957364
4.510700,59.957426
4.510800,59.957371
4.510900,59.957994
4.511000,59.959758
4.511100,59.960480
4.511200,59.961702
4.511300,59.963841
4.511400,59.965770
4.511500,59.968386
4.511600,59.970743
4.511700,59.971897
4.511800,59.973252
4.511900,59.974053
4.512000,59.973853
4.512100,59.974096
4.512200,59.973339
4.512300,59.970463
4.512400,59.967744
4.512500,59.964815
4.512600,59.959045
4.512700,59.952368
4.512800,59.945194
4.512900,59.938289
4.513000,59.931796
4.513100,59.923974
4.513200,59.915538
4.513300,59.906234
4.513400,59.895410
4.513500,59.881911
4.513600,59.869150
4.513700,59.861986
4.513800,59.858323
4.513900,59.860309
4.514000,59.870849
4.514100,59.877824
4.514200,59.893444
4.514300,59.910343
4.514400,59.924611
4.514500,59.939881
4.514600,59.953564
4.514700,59.958370
4.514800,59.962367
4.514900,59.963378
4.515000,59.961884
4.515100,59.959573
4.515200,59.957317
4.515300,59.954623
4.515400,59.953223
4.515500,59.952841
4.515600,59.953323
4.515700,59.954379
4.515800,59.956021
4.515900,59.957799
4.516000,59.959320
4.516100,59.960677
4.516200,59.962152
4.516300,59.962132
4.516400,59.962584
4.516500,59.962301
4.516600,59.961432
4.516700,59.960357
4.516800,59.959238
4.516900,59.958212
4.517000,59.956851
4.517100,59.955982
4.517200,59.954981
4.517300,59.954162
4.517400,59.953268
4.517500,59.952258
4.517600,59.952316
4.517700,59.951961
4.517800,59.951696
4.517900,59.951163
4.518000,59.951307
4.518100,59.951256
4.518200,59.951226
4.518300,59.951069
4.518400,59.950958
4.518500,59.951358
4.518600,59.951293
4.518700,59.951748
4.518800,59.951714
4.518900,59.951785
4.519000,59.952714
4.519100,59.952924
4.519200,59.953227
4.519300,59.953648
4.519400,59.955253
4.519500,59.956189
4.519600,59.958431
4.519700,59.960048
4.519800,59.962557
4.519900,59.964986
4.520000,59.966170
4.520100,59.968625
4.520200,59.970218
4.520300,59.971700
4.520400,59.972287
4.520500,59.972537
4.520600,59.972034
4.520700,59.970318
4.520800,59.966682
4.520900,59.962062
4.521000,59.955703
4.521100,59.947884
4.521200,59.940114
4.521300,59.932133
4.521400,59.924046
4.521500,59.914075
4.521600,59.903767
4.521700,59.891453
4.521800,59.879970
4.521900,59.874034
4.522000,59.872621
4.522100,59.876650
4.522200,59.883783
4.522300,59.899074
4.522400,59.913458
4.522500,59.931368
4.522600,59.944960
4.522700,59.958324
4.522800,59.971509
4.522900,59.985362
4.523000,60.000159
4.523100,60.011217
4.523200,60.016620
4.523300,60.017065
4.523400,60.015106
4.523500,60.013041
4.523600,60.009620
4.523700,60.007156
4.523800,60.005839
4.523900,60.005573
4.524000,60.005900
4.524100,60.006792
4.524200,60.008263
4.524300,60.010117
4.524400,60.012245
4.524500,60.013583
4.524600,60.014977
4.524700,60.015587
4.524800,60.015143
4.524900,60.014696
4.525000,60.014682
4.525100,60.013776
4.525200,60.013059
4.525300,60.011940
4.525400,60.011321
4.525500,60.010789
4.525600,60.010049
4.525700,60.009192
4.525800,60.009084
4.525900,60.008925
4.526000,60.009007
4.526100,60.008944
4.526200,60.008779
4.526300,60.009011
4.526400,60.009439
4.526500,60.009129
4.526600,60.009141
4.526700,60.008933
4.526800,60.009070
4.526900,60.009390
4.527000,60.009445
4.527100,60.009750
4.527200,60.009653
4.527300,60.009708
4.527400,60.010792
4.527500,60.011552
4.527600,60.012852
4.527700,60.013843
4.527800,60.015294
4.527900,60.016636
4.528000,60.018557
4.528100,60.021397
4.528200,60.023303
4.528300,60.025576
4.528400,60.027519
4.528500,60.028845
4.528600,60.030327
4.528700,60.030931
4.528800,60.031451
4.528900,60.031507
4.529000,60.030449
4.529100,60.027877
4.529200,60.023610
4.529300,60.017373
4.529400,60.011434
4.529500,60.003779
4.529600,59.996783
4.529700,59.989316
4.529800,59.981570
4.529900,59.971385
4.530000,59.960034
4.530100,59.950816
4.530200,59.943589
4.530300,59.938756
4.530400,59.934192
4.530500,59.936665
4.530600,59.948113
4.530700,59.963551
4.530800,59.977828
4.530900,59.992959
4.531000,60.007282
4.531100,60.019978
4.531200,60.033650
4.531300,60.045916
4.531400,60.056634
4.531500,60.061249
4.531600,60.061582
4.531700,60.060931
4.531800,60.058923
4.531900,60.056085
4.532000,60.054019
4.532100,60.053011
4.532200,60.052855
4.532300,60.053299
4.532400,60.054280
4.532500,60.055695
4.532600,60.057838
4.532700,60.060046
4.532800,60.061784
4.532900,60.063057
4.533000,60.063763
4.533100,60.064720
4.533200,60.064539
4.533300,60.064190
4.533400,60.063249
4.533500,60.062667
4.533600,60.062050
4.533700,60.060886
4.533800,60.060281
4.533900,60.059116
4.534000,60.058531
4.534100,60.057468
4.534200,60.056910
4.534300,60.056776
4.534400,60.056451
4.534500,60.056329
4.534600,60.056287
4.534700,60.056181
4.534800,60.056421
4.534900,60.056364
4.535000,60.056823
4.535100,60.056982
4.535200,60.057140
4.535300,60.056919
4.535400,60.056679
4.535500,60.056207
4.535600,60.056601
4.535700,60.057093
4.535800,60.057673
4.535900,60.058761
4.536000,60.059854
4.536100,60.060535
4.536200,60.062141
4.536300,60.063919
4.536400,60.065756
4.536500,60.067697
4.536600,60.069872
4.536700,60.071464
4.536800,60.071843
4.536900,60.074298
4.537000,60.073978
4.537100,60.074411
4.537200,60.073772
4.537300,60.071561
4.537400,60.068981
4.537500,60.063197
4.537600,60.057127
4.537700,60.051011
4.537800,60.044492
4.537900,60.038596
4.538000,60.031280
4.538100,60.024127
4.538200,60.017012
4.538300,60.009032
4.538400,59.997660
4.538500,59.984378
4.538600,59.972830
4.538700,59.961668
4.538800,59.958893
4.538900,59.956180
4.539000,59.960886
4.539100,59.970317
4.539200,59.983429
4.539300,59.997616
4.539400,60.011738
4.539500,60.025990
4.539600,60.035122
4.539700,60.040213
4.539800,60.043580
4.539900,60.043400
4.540000,60.041365
4.540100,60.039864
4.540200,60.036914
4.540300,60.034859
4.540400,60.034007
4.540500,60.033965
4.540600,60.034624
4.540700,60.035935
4.540800,60.037701
4.540900,60.039915
4.541000,60.042123
4.541100,60.043458
4.541200,60.044394
4.541300,60.044308
4.541400,60.044287
4.541500,60.043868
4.541600,60.043052
4.541700,60.041852
4.541800,60.040818
4.541900,60.039603
4.542000,60.038630
4.542100,60.037558
4.542200,60.037086
4.542300,60.036562
4.542400,60.035816
4.542500,60.035092
4.542600,60.034475
4.542700,60.033858
4.542800,60.033353
4.542900,60.033208
4.543000,60.033225
4.543100,60.033124
4.543200,60.032659
4.543300,60.032708
4.543400,60.032074
4.543500,60.032176
4.543600,60.032355
4.543700,60.031811
4.543800,60.031394
4.543900,60.031033
4.544000,60.031675
4.544100,60.031392
4.544200,60.031633
4.544300,60.032686
4.544400,60.033757
4.544500,60.034112
4.544600,60.035454
4.544700,60.037006
4.544800,60.038775
4.544900,60.040369
4.545000,60.041585
4.545100,60.042591
4.545200,60.044187
4.545300,60.044654
4.545400,60.044770
4.545500,60.043703
4.545600,60.043236
4.545700,60.041052
4.545800,60.035181
4.545900,60.028539
4.546000,60.022250
4.546100,60.016074
4.546200,60.009310
4.546300,60.002804
4.546400,59.996510
4.546500,59.989140
4.546600,59.980665
4.546700,59.970473
4.546800,59.959107
4.546900,59.946332
4.547000,59.934887
4.547100,59.923527
4.547200,59.917750
4.547300,59.916597
4.547400,59.924196
4.547500,59.932593
4.547600,59.942012
4.547700,59.953068
4.547800,59.961885
4.547900,59.970611
4.548000,59.977476
4.548100,59.978464
4.548200,59.978792
4.548300,59.977752
4.548400,59.975535
4.548500,59.972539
4.548600,59.970786
4.548700,59.969333
4.548800,59.968896
4.548900,59.969243
4.549000,59.970379
4.549100,59.972045
4.549200,59.973727
4.549300,59.976100
4.549400,59.977248
4.549500,59.978140
4.549600,59.978776
4.549700,59.978202
4.549800,59.977558
4.549900,59.976515
4.550000,59.975411
4.550100,59.973987
4.550200,59.972228
4.550300,59.970418
4.550400,59.969279
4.550500,59.967704
4.550600,59.966598
4.550700,59.966022
4.550800,59.965053
4.550900,59.964108
4.551000,59.963568
4.551100,59.963128
4.551200,59.963363
4.551300,59.962689
4.551400,59.962518
4.551500,59.962068
4.551600,59.962044
4.551700,59.961936
4.551800,59.961409
4.551900,59.961534
4.552000,59.960839
4.552100,59.960948
4.552200,59.961085
4.552300,59.961044
4.552400,59.961915
4.552500,59.962007
4.552600,59.961888
4.552700,59.962908
4.552800,59.964349
4.552900,59.965713
4.553000,59.966826
4.553100,59.969089
4.553200,59.970520
4.553300,59.971977
4.553400,59.974547
4.553500,59.975156
4.553600,59.976756
4.553700,59.977592
4.553800,59.978302
4.553900,59.977635
4.554000,59.975362
4.554100,59.969288
4.554200,59.962740
4.554300,59.955795
4.554400,59.949736
4.554500,59.941979
4.554600,59.935284
4.554700,59.927918
4.554800,59.920437
4.554900,59.909807
4.555000,59.899739
4.555100,59.886056
4.555200,59.871493
4.555300,59.861298
4.555400,59.856835
4.555500,59.853546
4.555600,59.859951
4.555700,59.864264
4.555800,59.872720
4.555900,59.888082
4.556000,59.905125
4.556100,59.921241
4.556200,59.932431
4.556300,59.939322
4.556400,59.944560
4.556500,59.947057
4.556600,59.946875
4.556700,59.945258
4.556800,59.941694
4.556900,59.938975
4.557000,59.937157
4.557100,59.936182
4.557200,59.936043
4.557300,59.936675
4.557400,59.937968
4.557500,59.939798
4.557600,59.941758
4.557700,59.943941
4.557800,59.944908
4.557900,59.944804
4.558000,59.945187
4.558100,59.944757
4.558200,59.944240
4.558300,59.943445
4.558400,59.943040
4.558500,59.941427
4.558600,59.940422
4.558700,59.939639
4.558800,59.938323
4.558900,59.937503
4.559000,59.936756
4.559100,59.936271
4.559200,59.935965
4.559300,59.935690
4.559400,59.934787
4.559500,59.934174
4.559600,59.934173
4.559700,59.933656
4.559800,59.933522
4.559900,59.933398
4.560000,59.932898
4.560100,59.932893
4.560200,59.932964
4.560300,59.933238
4.560400,59.933047
4.560500,59.932877
4.560600,59.932938
4.560700,59.933273
4.560800,59.933386
4.560900,59.935555
4.561000,59.936382
4.561100,59.937519
4.561200,59.939031
4.561300,59.940606
4.561400,59.942289
4.561500,59.944197
4.561600,59.946740
4.561700,59.949354
4.561800,59.952506
4.561900,59.953723
4.562000,59.955040
4.562100,59.955547
4.562200,59.955090
4.562300,59.954487
4.562400,59.951993
4.562500,59.949102
4.562600,59.944231
4.562700,59.937427
4.562800,59.930498
4.562900,59.923199
4.563000,59.914744
4.563100,59.905199
4.563200,59.896699
4.563300,59.885545
4.563400,59.874195
4.563500,59.864818
4.563600,59.858708
4.563700,59.855099
4.563800,59.861050
4.563900,59.871313
4.564000,59.883917
4.564100,59.901376
4.564200,59.914386
4.564300,59.927929
4.564400,59.942008
4.564500,59.954946
4.564600,59.969170
4.564700,59.983196
4.564800,59.993394
4.564900,59.996156
4.565000,59.996284
4.565100,59.995284
4.565200,59.992100
4.565300,59.988705
4.565400,59.986599
4.565500,59.985612
4.565600,59.985483
4.565700,59.986009
4.565800,59.987066
4.565900,59.988808
4.566000,59.990885
4.566100,59.992242
4.566200,59.993354
4.566300,59.994011
4.566400,59.994761
4.566500,59.994579
4.566600,59.994069
4.566700,59.993276
4.566800,59.992344
4.566900,59.991888
4.567000,59.991201
4.567100,59.990442
4.567200,59.989145
4.567300,59.988822
4.567400,59.988019
4.567500,59.987836
4.567600,59.987688
4.567700,59.987835
4.567800,59.987770
4.567900,59.987657
4.568000,59.988082
4.568100,59.988106
4.568200,59.987791
4.568300,59.987770
4.568400,59.987783
4.568500,59.988084
4.568600,59.988738
4.568700,59.989192
4.568800,59.989479
4.568900,59.989957
4.569000,59.990085
4.569100,59.990932
4.569200,59.991006
4.569300,59.992617
4.569400,59.993496
4.569500,59.995285
4.569600,59.996462
4.569700,59.998155
4.569800,60.000451
4.569900,60.002719
4.570000,60.004062
4.570100,60.005872
4.570200,60.008027
4.570300,60.009956
4.570400,60.011108
4.570500,60.011261
4.570600,60.010767
4.570700,60.008373
4.570800,60.006013
4.570900,60.000035
4.571000,59.994321
4.571100,59.988405
4.571200,59.981858
4.571300,59.973204
4.571400,59.963486
4.571500,59.954039
4.571600,59.944904
4.571700,59.936275
4.571800,59.925063
4.571900,59.920685
4.572000,59.919154
4.572100,59.923696
4.572200,59.936024
4.572300,59.952577
4.572400,59.969938
4.572500,59.987326
4.572600,60.000441
4.572700,60.012846
4.572800,60.024257
4.572900,60.039817
4.573000,60.053479
4.573100,60.061285
4.573200,60.065356
4.573300,60.064316
4.573400,60.061417
4.573500,60.057514
4.573600,60.055169
4.573700,60.053182
4.573800,60.052348
4.573900,60.052305
4.574000,60.052865
4.574100,60.054089
4.574200,60.055863
4.574300,60.057883
4.574400,60.059537
4.574500,60.060974
4.574600,60.062411
4.574700,60.063327
4.574800,60.063160
4.574900,60.063219
4.575000,60.062563
4.575100,60.061385
4.575200,60.061001
4.575300,60.059903
4.575400,60.059193
4.575500,60.057769
4.575600,60.057019
4.575700,60.056142
4.575800,60.056199
4.575900,60.055522
4.576000,60.055396
4.576100,60.055157
4.576200,60.055204
4.576300,60.054896
4.576400,60.054782
4.576500,60.054762
4.576600,60.054595
4.576700,60.054800
4.576800,60.054787
4.576900,60.054390
4.577000,60.054734
4.577100,60.054299
4.577200,60.054975
4.577300,60.055829
4.577400,60.056645
4.577500,60.056987
4.577600,60.057873
4.577700,60.058643
4.577800,60.060004
4.577900,60.061594
4.578000,60.062801
4.578100,60.064469
4.578200,60.067221
4.578300,60.069353
4.578400,60.071115
4.578500,60.072422
4.578600,60.073867
4.578700,60.073437
4.578800,60.073900
4.578900,60.073691
4.579000,60.070536
4.579100,60.066182
4.579200,60.061457
4.579300,60.055854
4.579400,60.049896
4.579500,60.044039
4.579600,60.037866
4.579700,60.030369
4.579800,60.022493
4.579900,60.013097
4.580000,60.004157
4.580100,59.992094
4.580200,59.980082
4.580300,59.972897
4.580400,59.967292
4.580500,59.963574
4.580600,59.964925
4.580700,59.972401
4.580800,59.982767
4.580900,59.994161
4.581000,60.008974
4.581100,60.022165
4.581200,60.034352
4.581300,60.045891
4.581400,60.053468
4.581500,60.054055
4.581600,60.051482
4.581700,60.050267
4.581800,60.047470
4.581900,60.045812
4.582000,60.044708
4.582100,60.044366
4.582200,60.044834
4.582300,60.045899
4.582400,60.047625
4.582500,60.049636
4.582600,60.052095
4.582700,60.054128
4.582800,60.055584
4.582900,60.055864
4.583000,60.056587
4.583100,60.056673
4.583200,60.055884
4.583300,60.055717
4.583400,60.054623
4.583500,60.053746
4.583600,60.052659
4.583700,60.051086
4.583800,60.050099
4.583900,60.048661
4.584000,60.048080
4.584100,60.047286
4.584200,60.046606
4.584300,60.046558
4.584400,60.045999
4.584500,60.045482
4.584600,60.045400
4.584700,60.045339
4.584800,60.045078
4.584900,60.044890
4.585000,60.044888
4.585100,60.045015
4.585200,60.044037
4.585300,60.043251
4.585400,60.043219
4.585500,60.043506
4.585600,60.043868
4.585700,60.043602
4.585800,60.043806
4.585900,60.044209
4.586000,60.044505
4.586100,60.045900
4.586200,60.046704
4.586300,60.047995
4.586400,60.049662
4.586500,60.050652
4.586600,60.053481
4.586700,60.056214
4.586800,60.058355
4.586900,60.060314
4.587000,60.059706
4.587100,60.059785
4.587200,60.057134
4.587300,60.055905
4.587400,60.051632
4.587500,60.046305
4.587600,60.040733
4.587700,60.034145
4.587800,60.028369
4.587900,60.022660
4.588000,60.016745
4.588100,60.010491
4.588200,60.002316
4.588300,59.995156
4.588400,59.986286
4.588500,59.976931
4.588600,59.963286
4.588700,59.950720
4.588800,59.944587
4.588900,59.943909
4.589000,59.939306
4.589100,59.943431
4.589200,59.953670
4.589300,59.960981
4.589400,59.969642
4.589500,59.982621
4.589600,59.989828
4.589700,59.991416
4.589800,59.993246
4.589900,59.996687
4.590000,59.992904
4.590100,59.990722
4.590200,59.988537
4.590300,59.987117
4.590400,59.986040
4.590500,59.985985
4.590600,59.986730
4.590700,59.988095
4.590800,59.989274
4.590900,59.991022
4.591000,59.992754
4.591100,59.993652
4.591200,59.994344
4.591300,59.994325
4.591400,59.994188
4.591500,59.993437
4.591600,59.992359
4.591700,59.990812
4.591800,59.989599
4.591900,59.988786
4.592000,59.987468
4.592100,59.986001
4.592200,59.985305
4.592300,59.984122
4.592400,59.983473
4.592500,59.982244
4.592600,59.982071
4.592700,59.981175
4.592800,59.981292
4.592900,59.980471
4.593000,59.980493
4.593100,59.980422
4.593200,59.979821
4.593300,59.979344
4.593400,59.978419
4.593500,59.978651
4.593600,59.977937
4.593700,59.977807
4.593800,59.977241
4.593900,59.977148
4.594000,59.977667
4.594100,59.978092
4.594200,59.978339
4.594300,59.979163
4.594400,59.979401
4.594500,59.980690
4.594600,59.981570
4.594700,59.983453
4.594800,59.985796
4.594900,59.987621
4.595000,59.989481
4.595100,59.990400
4.595200,59.991083
4.595300,59.991167
4.595400,59.991593
4.595500,59.990173
4.595600,59.988954
4.595700,59.985363
4.595800,59.981147
4.595900,59.975119
4.596000,59.968845
4.596100,59.960669
4.596200,59.953731
4.596300,59.945491
4.596400,59.938208
4.596500,59.929325
4.596600,59.920749
4.596700,59.911497
4.596800,59.897496
4.596900,59.884013
4.597000,59.874171
4.597100,59.866082
4.597200,59.863267
4.597300,59.866167
4.597400,59.875551
4.597500,59.885904
4.597600,59.902016
4.597700,59.917754
4.597800,59.930371
4.597900,59.939820
4.598000,59.949370
4.598100,59.952764
4.598200,59.954017
4.598300,59.952780
4.598400,59.949135
4.598500,59.946374
4.598600,59.944030
4.598700,59.942448
4.598800,59.941930
4.598900,59.942160
4.599000,59.942971
4.599100,59.944472
4.599200,59.946295
4.599300,59.948508
4.599400,59.949972
4.599500,59.951098
4.599600,59.951561
4.599700,59.951491
4.599800,59.951354
4.599900,59.950404
4.600000,59.949720
4.600100,59.948422
4.600200,59.947290
4.600300,59.946602
4.600400,59.945252
4.600500,59.944227
4.600600,59.943298
4.600700,59.942271
4.600800,59.941209
4.600900,59.941104
4.601000,59.940660
4.601100,59.940406
4.601200,59.940634
4.601300,59.939793
4.601400,59.939784
4.601500,59.939736
4.601600,59.939459
4.601700,59.939133
4.601800,59.938588
4.601900,59.938325
4.602000,59.938848
4.602100,59.939612
4.602200,59.939565
4.602300,59.939790
4.602400,59.939645
4.602500,59.940157
4.602600,59.941851
4.602700,59.943078
4.602800,59.944447
4.602900,59.946775
4.603000,59.948306
4.603100,59.950965
4.603200,59.952616
4.603300,59.954187
4.603400,59.956161
4.603500,59.958036
4.603600,59.958400
4.603700,59.958957
4.603800,59.959628
4.603900,59.958108
4.604000,59.956371
4.604100,59.954422
4.604200,59.949877
4.604300,59.944566
4.604400,59.938096
4.604500,59.929953
4.604600,59.922099
4.604700,59.913353
4.604800,59.902915
4.604900,59.893360
4.605000,59.881072
4.605100,59.869404
4.605200,59.859534
4.605300,59.856138
4.605400,59.857516
4.605500,59.863730
4.605600,59.871567
4.605700,59.888416
4.605800,59.905886
4.605900,59.920502
4.606000,59.935017
4.606100,59.949164
4.606200,59.964681
4.606300,59.978650
4.606400,59.986000
4.606500,59.990503
4.606600,59.991897
4.606700,59.989476
4.606800,59.988407
4.606900,59.985757
4.607000,59.983662
4.607100,59.982344
4.607200,59.981974
4.607300,59.982295
4.607400,59.983269
4.607500,59.984588
4.607600,59.986474
4.607700,59.988428
4.607800,59.990176
4.607900,59.990895
4.608000,59.991430
4.608100,59.991584
4.608200,59.992146
4.608300,59.991401
4.608400,59.990653
4.608500,59.989660
4.608600,59.988706
4.608700,59.988133
4.608800,59.987728
4.608900,59.986246
4.609000,59.986001
4.609100,59.985832
4.609200,59.985460
4.609300,59.984637
4.609400,59.984831
4.609500,59.984534
4.609600,59.984812
4.609700,59.984397
4.609800,59.984796
4.609900,59.984570
4.610000,59.984579
4.610100,59.984649
4.610200,59.985076
4.610300,59.985328
4.610400,59.985043
4.610500,59.985336
4.610600,59.985500
4.610700,59.985749
4.610800,59.986307
4.610900,59.987284
4.611000,59.987761
4.611100,59.988438
4.611200,59.990339
4.611300,59.992168
4.611400,59.994877
4.611500,59.997067
4.611600,59.999350
4.611700,60.001698
4.611800,60.003550
4.611900,60.005003
4.612000,60.005806
4.612100,60.006863
4.612200,60.007014
4.612300,60.005684
4.612400,60.003868
4.612500,60.002059
4.612600,59.996153
4.612700,59.990495
4.612800,59.983826
4.612900,59.976295
4.613000,59.968487
4.613100,59.958863
4.613200,59.948860
4.613300,59.938910
4.613400,59.926597
4.613500,59.917769
4.613600,59.913227
4.613700,59.913343
4.613800,59.916613
4.613900,59.927784
4.614000,59.942278
4.614100,59.957084
4.614200,59.970811
4.614300,59.982296
4.614400,59.996498
4.614500,60.009456
4.614600,60.023490
4.614700,60.033008
4.614800,60.040055
4.614900,60.043405
4.615000,60.041467
4.615100,60.039486
4.615200,60.036481
4.615300,60.034371
4.615400,60.032472
4.615500,60.031755
4.615600,60.031774
4.615700,60.032308
4.615800,60.033484
4.615900,60.035269
4.616000,60.037214
4.616100,60.038676
4.616200,60.039752
4.616300,60.040764
4.616400,60.041179
4.616500,60.041211
4.616600,60.040968
4.616700,60.040378
4.616800,60.039044
4.616900,60.038417
4.617000,60.037297
4.617100,60.036570
4.617200,60.036173
4.617300,60.035524
4.617400,60.035361
4.617500,60.034487
4.617600,60.033742
4.617700,60.033761
4.617800,60.033772
4.617900,60.033344
4.618000,60.033856
4.618100,60.033950
4.618200,60.034311
4.618300,60.033696
4.618400,60.033600
4.618500,60.033389
4.618600,60.033692
4.618700,60.034152
4.618800,60.034339
4.618900,60.034229
4.619000,60.034730
4.619100,60.035185
4.619200,60.036399
4.619300,60.036857
4.619400,60.038227
4.619500,60.040240
4.619600,60.042023
4.619700,60.043562
4.619800,60.045899
4.619900,60.048048
4.620000,60.049495
4.620100,60.050782
4.620200,60.052943
4.620300,60.054041
4.620400,60.053164
4.620500,60.052279
4.620600,60.051427
4.620700,60.047910
4.620800,60.044783
4.620900,60.038878
4.621000,60.031974
4.621100,60.025380
4.621200,60.017103
4.621300,60.011207
4.621400,60.003017
4.621500,59.996764
4.621600,59.986436
4.621700,59.977369
4.621800,59.963924
4.621900,59.952913
4.622000,59.947670
4.622100,59.941476
4.622200,59.943125
4.622300,59.946413
4.622400,59.959747
4.622500,59.976011
4.622600,59.991126
4.622700,60.006854
4.622800,60.020295
4.622900,60.033978
4.623000,60.042865
4.623100,60.048510
4.623200,60.049700
4.623300,60.047702
4.623400,60.045067
4.623500,60.043199
4.623600,60.040474
4.623700,60.039090
4.623800,60.038622
4.623900,60.038908
4.624000,60.039671
4.624100,60.041044
4.624200,60.042985
4.624300,60.045275
4.624400,60.047254
4.624500,60.048688
4.624600,60.049810
4.624700,60.050099
4.624800,60.049531
4.624900,60.049385
4.625000,60.048980
4.625100,60.047759
4.625200,60.046821
4.625300,60.045946
4.625400,60.045220
4.625500,60.044679
4.625600,60.043843
4.625700,60.043083
4.625800,60.042243
4.625900,60.041452
4.626000,60.040846
4.626100,60.040738
4.626200,60.040385
4.626300,60.040318
4.626400,60.039983
4.626500,60.039464
4.626600,60.039783
4.626700,60.039543
4.626800,60.039830
4.626900,60.039547
4.627000,60.039136
4.627100,60.039558
4.627200,60.039176
4.627300,60.039276
4.627400,60.039562
4.627500,60.039477
4.627600,60.040499
4.627700,60.041276
4.627800,60.042070
4.627900,60.043414
4.628000,60.044717
4.628100,60.046637
4.628200,60.047402
4.628300,60.048562
4.628400,60.050532
4.628500,60.052796
4.628600,60.052975
4.628700,60.053396
4.628800,60.054052
4.628900,60.051692
4.629000,60.049148
4.629100,60.044241
4.629200,60.037750
4.629300,60.031082
4.629400,60.024372
4.629500,60.018264
4.629600,60.012808
4.629700,60.006262
4.629800,59.998213
4.629900,59.990792
4.630000,59.982122
4.630100,59.970695
4.630200,59.959078
4.630300,59.944354
4.630400,59.933580
4.630500,59.928951
4.630600,59.929590
4.630700,59.934307
4.630800,59.941837
4.630900,59.951001
4.631000,59.963005
4.631100,59.974493
4.631200,59.985415
4.631300,59.990491
4.631400,59.990870
4.631500,59.992590
4.631600,59.991641
4.631700,59.988647
4.631800,59.986245
4.631900,59.983705
4.632000,59.981847
4.632100,59.981231
4.632200,59.981432
4.632300,59.982335
4.632400,59.983812
4.632500,59.985460
4.632600,59.986933
4.632700,59.988260
4.632800,59.989678
4.632900,59.990404
4.633000,59.990530
4.633100,59.990151
4.633200,59.989165
4.633300,59.987844
4.633400,59.986807
4.633500,59.985736
4.633600,59.985087
4.633700,59.983306
4.633800,59.982009
4.633900,59.980488
4.634000,59.979473
4.634100,59.978572
4.634200,59.977773
4.634300,59.977229
4.634400,59.976846
4.634500,59.976601
4.634600,59.976329
4.634700,59.976455
4.634800,59.975883
4.634900,59.975376
4.635000,59.974952
4.635100,59.974394
4.635200,59.974614
4.635300,59.974326
4.635400,59.974333
4.635500,59.973553
4.635600,59.973791
4.635700,59.973549
4.635800,59.973442
4.635900,59.973626
4.636000,59.974745
4.636100,59.976582
4.636200,59.977897
4.636300,59.979177
4.636400,59.981128
4.636500,59.984065
4.636600,59.985538
4.636700,59.987028
4.636800,59.988497
4.636900,59.989881
4.637000,59.990038
4.637100,59.989428
4.637200,59.988651
4.637300,59.985196
4.637400,59.980570
4.637500,59.975930
4.637600,59.970199
4.637700,59.963139
4.637800,59.957216
4.637900,59.950949
4.638000,59.942157
4.638100,59.934805
4.638200,59.925819
4.638300,59.916265
4.638400,59.904643
4.638500,59.890277
4.638600,59.880138
4.638700,59.871367
4.638800,59.864163
4.638900,59.862872
4.639000,59.866941
4.639100,59.870268
4.639200,59.886163
4.639300,59.900064
4.639400,59.915566
4.639500,59.925674
4.639600,59.935074
4.639700,59.943001
4.639800,59.947310
4.639900,59.947617
4.640000,59.946544
4.640100,59.944195
4.640200,59.941883
4.640300,59.939923
4.640400,59.938601
4.640500,59.938349
4.640600,59.938862
4.640700,59.940016
4.640800,59.941804
4.640900,59.943809
4.641000,59.946111
4.641100,59.947661
4.641200,59.949360
4.641300,59.949754
4.641400,59.950299
4.641500,59.949403
4.641600,59.948310
4.641700,59.946998
4.641800,59.945532
4.641900,59.944255
4.642000,59.943243
4.642100,59.941937
4.642200,59.941190
4.642300,59.940591
4.642400,59.939654
4.642500,59.938925
4.642600,59.938402
4.642700,59.938368
4.642800,59.937407
4.642900,59.937445
4.643000,59.937330
4.643100,59.936845
4.643200,59.936953
4.643300,59.936882
4.643400,59.937035
4.643500,59.936607
4.643600,59.935959
4.643700,59.936051
4.643800,59.936434
4.643900,59.936748
4.644000,59.936945
4.644100,59.937407
4.644200,59.937569
4.644300,59.938692
4.644400,59.939996
4.644500,59.941483
4.644600,59.942967
4.644700,59.944150
4.644800,59.945491
4.644900,59.947232
4.645000,59.949650
4.645100,59.951641
4.645200,59.953176
4.645300,59.955267
4.645400,59.957843
4.645500,59.958559
4.645600,59.957052
4.645700,59.955440
4.645800,59.954001
4.645900,59.949709
4.646000,59.942866
4.646100,59.936134
4.646200,59.929869
4.646300,59.922793
4.646400,59.915957
4.646500,59.906504
4.646600,59.895036
4.646700,59.882773
4.646800,59.871511
4.646900,59.863966
4.647000,59.866002
4.647100,59.869003
4.647200,59.870194
4.647300,59.879264
4.647400,59.896569
4.647500,59.908384
4.647600,59.922413
4.647700,59.936190
4.647800,59.948886
4.647900,59.963195
4.648000,59.976628
4.648100,59.985900
4.648200,59.989469
4.648300,59.988025
4.648400,59.987209
4.648500,59.985387
4.648600,59.982676
4.648700,59.980608
4.648800,59.979290
4.648900,59.978999
4.649000,59.979511
4.649100,59.980646
4.649200,59.982088
4.649300,59.983837
4.649400,59.986094
4.649500,59.987493
4.649600,59.988364
4.649700,59.987929
4.649800,59.987982
4.649900,59.987368
4.650000,59.986552
4.650100,59.985577
4.650200,59.984796
4.650300,59.984025
4.650400,59.983144
4.650500,59.982529
4.650600,59.981770
4.650700,59.981313
4.650800,59.980988
4.650900,59.980168
4.651000,59.979385
4.651100,59.979434
4.651200,59.979660
4.651300,59.979595
4.651400,59.979605
4.651500,59.979404
4.651600,59.979383
4.651700,59.979389
4.651800,59.979010
4.651900,59.978868
4.652000,59.979285
4.652100,59.979265
4.652200,59.979970
4.652300,59.979928
4.652400,59.980787
4.652500,59.981229
4.652600,59.982205
4.652700,59.983648
4.652800,59.985692
4.652900,59.987812
4.653000,59.990161
4.653100,59.992554
4.653200,59.994704
4.653300,59.996965
4.653400,59.999022
4.653500,60.000872
4.653600,60.003523
4.653700,60.004318
4.653800,60.004572
4.653900,60.005484
4.654000,60.004006
4.654100,60.001780
4.654200,59.997435
4.654300,59.992997
4.654400,59.985914
4.654500,59.978969
4.654600,59.972268
4.654700,59.964287
4.654800,59.955829
4.654900,59.944694
4.655000,59.936343
4.655100,59.923660
4.655200,59.915966
4.655300,59.915008
4.655400,59.920038
4.655500,59.932325
4.655600,59.944123
4.655700,59.960321
4.655800,59.975362
4.655900,59.990777
4.656000,60.003436
4.656100,60.015229
4.656200,60.029945
4.656300,60.042829
4.656400,60.055978
4.656500,60.061163
4.656600,60.063795
4.656700,60.062807
4.656800,60.058568
4.656900,60.055885
4.657000,60.053711
4.657100,60.052128
4.657200,60.051562
4.657300,60.051736
4.657400,60.052551
4.657500,60.053934
4.657600,60.055732
4.657700,60.057306
4.657800,60.058852
4.657900,60.059349
4.658000,60.060577
4.658100,60.060731
4.658200,60.060286
4.658300,60.060123
4.658400,60.059337
4.658500,60.058707
4.658600,60.057581
4.658700,60.056996
4.658800,60.055919
4.658900,60.055121
4.659000,60.054874
4.659100,60.054098
4.659200,60.053748
4.659300,60.053387
4.659400,60.052992
4.659500,60.053275
4.659600,60.052889
4.659700,60.052973
4.659800,60.052830
4.659900,60.053015
4.660000,60.053292
4.660100,60.052483
4.660200,60.052684
4.660300,60.052431
4.660400,60.053081
4.660500,60.053285
4.660600,60.053801
4.660700,60.053922
4.660800,60.054543
4.660900,60.055550
4.661000,60.056395
4.661100,60.057984
4.661200,60.060289
4.661300,60.061084
4.661400,60.063100
4.661500,60.065181
4.661600,60.068346
4.661700,60.069573
4.661800,60.071520
4.661900,60.073548
4.662000,60.075357
4.662100,60.075272
4.662200,60.074830
4.662300,60.073754
4.662400,60.069902
4.662500,60.065715
4.662600,60.059146
4.662700,60.052987
4.662800,60.046425
4.662900,60.039497
4.663000,60.032123
4.663100,60.024458
4.663200,60.016225
4.663300,60.007331
4.663400,59.996461
4.663500,59.983060
4.663600,59.975377
4.663700,59.969231
4.663800,59.967141
4.663900,59.973877
4.664000,59.980880
4.664100,59.996733
4.664200,60.011693
4.664300,60.027202
4.664400,60.041675
4.664500,60.056372
4.664600,60.067432
4.664700,60.075945
4.664800,60.079468
4.664900,60.080143
4.665000,60.077448
4.665100,60.075242
4.665200,60.072715
4.665300,60.070589
4.665400,60.069751
4.665500,60.069739
4.665600,60.070434
4.665700,60.071764
4.665800,60.073337
4.665900,60.075486
4.666000,60.078052
4.666100,60.080122
4.666200,60.081319
4.666300,60.082517
4.666400,60.081659
4.666500,60.081428
4.666600,60.081101
4.666700,60.080284
4.666800,60.078803
4.666900,60.077592
4.667000,60.076578
4.667100,60.075615
4.667200,60.075324
4.667300,60.074358
4.667400,60.073354
4.667500,60.072474
4.667600,60.072421
4.667700,60.072333
4.667800,60.072013
4.667900,60.071380
4.668000,60.070948
4.668100,60.071042
4.668200,60.071083
4.668300,60.070482
4.668400,60.070042
4.668500,60.070539
4.668600,60.070378
4.668700,60.070026
4.668800,60.069987
4.668900,60.070360
4.669000,60.070462
4.669100,60.070729
4.669200,60.071249
4.669300,60.072146
4.669400,60.072874
4.669500,60.074028
4.669600,60.074728
4.669700,60.076510
4.669800,60.078039
4.669900,60.078959
4.670000,60.081812
4.670100,60.083671
4.670200,60.084397
4.670300,60.085311
4.670400,60.085210
4.670500,60.085259
4.670600,60.083501
4.670700,60.079007
4.670800,60.072840
4.670900,60.065995
4.671000,60.060050
4.671100,60.053891
4.671200,60.047548
4.671300,60.041430
4.671400,60.033490
4.671500,60.026104
4.671600,60.018706
4.671700,60.011294
4.671800,60.002065
4.671900,59.989660
4.672000,59.975129
4.672100,59.967983
4.672200,59.965649
4.672300,59.965273
4.672400,59.966533
4.672500,59.974410
4.672600,59.977166
4.672700,59.986880
4.672800,59.998664
4.672900,60.008432
4.673000,60.015936
4.673100,60.018866
4.673200,60.018491
4.673300,60.017978
4.673400,60.015779
4.673500,60.013022
4.673600,60.011381
4.673700,60.009927
4.673800,60.009489
4.673900,60.009902
4.674000,60.011059
4.674100,60.012678
4.674200,60.014413
4.674300,60.016017
4.674400,60.017809
4.674500,60.018781
4.674600,60.019127
4.674700,60.019336
4.674800,60.018561
4.674900,60.017467
4.675000,60.016650
4.675100,60.015509
4.675200,60.014300
4.675300,60.012840
4.675400,60.011659
4.675500,60.010335
4.675600,60.009239
4.675700,60.008302
4.675800,60.007549
4.675900,60.006638
4.676000,60.006386
4.676100,60.005792
4.676200,60.005085
4.676300,60.004645
4.676400,60.004325
4.676500,60.003791
4.676600,60.003890
4.676700,60.003798
4.676800,60.002839
4.676900,60.002793
4.677000,60.002454
4.677100,60.001903
4.677200,60.001729
4.677300,60.002099
4.677400,60.002261
4.677500,60.002660
4.677600,60.003520
4.677700,60.003835
4.677800,60.004335
4.677900,60.005456
4.678000,60.007234
4.678100,60.009107
4.678200,60.010759
4.678300,60.012060
4.678400,60.013478
4.678500,60.014535
4.678600,60.016820
4.678700,60.017007
4.678800,60.016039
4.678900,60.014072
4.679000,60.011978
4.679100,60.006393
4.679200,59.999446
4.679300,59.992462
4.679400,59.986252
4.679500,59.979321
4.679600,59.972446
4.679700,59.965305
4.679800,59.957435
4.679900,59.948294
4.680000,59.936417
4.680100,59.925502
4.680200,59.912645
4.680300,59.897195
4.680400,59.887325
4.680500,59.883051
4.680600,59.881901
4.680700,59.889117
4.680800,59.895095
4.680900,59.908005
4.681000,59.918783
4.681100,59.930946
4.681200,59.942498
4.681300,59.948143
4.681400,59.954384
4.681500,59.956366
4.681600,59.954334
4.681700,59.952937
4.681800,59.950807
4.681900,59.947550
4.682000,59.945563
4.682100,59.944645
4.682200,59.944670
4.682300,59.945457
4.682400,59.946909
4.682500,59.948705
4.682600,59.950580
4.682700,59.952375
4.682800,59.952567
4.682900,59.953402
4.683000,59.953504
4.683100,59.953138
4.683200,59.952871
4.683300,59.951918
4.683400,59.951128
4.683500,59.950154
4.683600,59.949403
4.683700,59.948063
4.683800,59.946304
4.683900,59.945322
4.684000,59.944457
4.684100,59.943889
4.684200,59.942904
4.684300,59.942086
4.684400,59.941535
4.684500,59.941252
4.684600,59.941344
4.684700,59.941410
4.684800,59.941315
4.684900,59.940976
4.685000,59.941250
4.685100,59.941601
4.685200,59.941596
4.685300,59.941256
4.685400,59.941271
4.685500,59.941242
4.685600,59.940853
4.685700,59.940762
4.685800,59.940518
4.685900,59.941038
4.686000,59.941982
4.686100,59.943269
4.686200,59.945058
4.686300,59.947226
4.686400,59.948387
4.686500,59.950525
4.686600,59.953045
4.686700,59.955093
4.686800,59.956544
4.686900,59.958493
4.687000,59.958862
4.687100,59.959438
4.687200,59.958840
4.687300,59.956506
4.687400,59.954153
4.687500,59.949956
4.687600,59.943635
4.687700,59.936574
4.687800,59.930716
4.687900,59.922383
4.688000,59.914980
4.688100,59.906885
4.688200,59.898067
4.688300,59.886778
4.688400,59.873683
4.688500,59.864276
4.688600,59.855898
4.688700,59.852385
4.688800,59.856474
4.688900,59.865444
4.689000,59.876095
4.689100,59.890640
4.689200,59.905733
4.689300,59.922644
4.689400,59.935542
4.689500,59.947648
4.689600,59.962707
4.689700,59.976190
4.689800,59.983147
4.689900,59.984263
4.690000,59.983694
4.690100,59.980712
4.690200,59.976494
4.690300,59.973423
4.690400,59.971429
4.690500,59.970473
4.690600,59.970389
4.690700,59.970967
4.690800,59.972199
4.690900,59.973640
4.691000,59.975249
4.691100,59.977288
4.691200,59.978387
4.691300,59.979723
4.691400,59.979600
4.691500,59.979430
4.691600,59.978887
4.691700,59.978036
4.691800,59.976802
4.691900,59.975587
4.692000,59.974015
4.692100,59.973385
4.692200,59.972354
4.692300,59.972279
4.692400,59.971413
4.692500,59.970155
4.692600,59.969692
4.692700,59.969960
4.692800,59.970080
4.692900,59.970501
4.693000,59.970543
4.693100,59.970815
4.693200,59.970676
4.693300,59.970174
4.693400,59.970416
4.693500,59.970160
4.693600,59.970311
4.693700,59.970435
4.693800,59.970633
4.693900,59.971444
4.694000,59.971542
4.694100,59.972091
4.694200,59.973516
4.694300,59.975340
4.694400,59.976947
4.694500,59.978041
4.694600,59.979882
4.694700,59.981673
4.694800,59.982834
4.694900,59.984645
4.695000,59.986813
4.695100,59.989374
4.695200,59.992824
4.695300,59.994645
4.695400,59.995847
4.695500,59.996182
4.695600,59.995404
4.695700,59.993840
4.695800,59.990820
4.695900,59.986073
4.696000,59.979658
4.696100,59.973018
4.696200,59.966202
4.696300,59.958457
4.696400,59.949049
4.696500,59.939485
4.696600,59.929474
4.696700,59.919260
4.696800,59.909927
4.696900,59.903764
4.697000,59.903044
4.697100,59.907373
4.697200,59.912899
4.697300,59.926157
4.697400,59.940006
4.697500,59.951327
4.697600,59.962959
4.697700,59.975353
4.697800,59.988541
4.697900,60.001607
4.698000,60.016294
4.698100,60.028766
4.698200,60.034391
4.698300,60.035503
4.698400,60.034095
4.698500,60.032296
4.698600,60.029227
4.698700,60.026199
4.698800,60.024506
4.698900,60.023693
4.699000,60.023592
4.699100,60.024215
4.699200,60.025319
4.699300,60.026515
4.699400,60.028510
4.699500,60.029704
4.699600,60.030707
4.699700,60.030862
4.699800,60.030975
4.699900,60.031065
4.700000,60.030567
4.700100,60.030253
4.700200,60.029583
4.700300,60.028927
4.700400,60.027955
4.700500,60.027101
4.700600,60.026360
4.700700,60.025567
4.700800,60.024673
4.700900,60.024267
4.701000,60.024010
4.701100,60.023882
4.701200,60.024202
4.701300,60.023989
4.701400,60.023663
4.701500,60.023911
4.701600,60.023747
4.701700,60.024049
4.701800,60.024332
4.701900,60.024476
4.702000,60.024572
4.702100,60.024477
4.702200,60.024784
4.702300,60.024947
4.702400,60.025393
4.702500,60.025958
4.702600,60.027596
4.702700,60.028810
4.702800,60.030099
4.702900,60.031961
4.703000,60.033302
4.703100,60.035531
4.703200,60.037446
4.703300,60.040324
4.703400,60.041822
4.703500,60.043824
4.703600,60.045444
4.703700,60.046292
4.703800,60.046848
4.703900,60.047198
4.704000,60.046581
4.704100,60.043659
4.704200,60.039079
4.704300,60.032312
4.704400,60.025279
4.704500,60.018255
4.704600,60.011436
4.704700,60.002962
4.704800,59.995319
4.704900,59.985407
4.705000,59.973674
4.705100,59.962910
4.705200,59.950240
4.705300,59.943322
4.705400,59.937160
4.705500,59.937829
4.705600,59.945494
4.705700,59.957007
4.705800,59.969617
4.705900,59.985232
4.706000,59.999395
4.706100,60.013655
4.706200,60.028195
4.706300,60.040579
4.706400,60.046926
4.706500,60.051536
4.706600,60.049484
4.706700,60.048127
4.706800,60.045440
4.706900,60.043688
4.707000,60.041935
4.707100,60.041099
4.707200,60.041096
4.707300,60.041782
4.707400,60.042929
4.707500,60.044722
4.707600,60.046934
4.707700,60.048458
4.707800,60.050286
4.707900,60.051855
4.708000,60.052824
4.708100,60.052786
4.708200,60.052065
4.708300,60.050899
4.708400,60.050839
4.708500,60.050069
4.708600,60.049125
4.708700,60.048051
4.708800,60.046906
4.708900,60.045756
4.709000,60.044959
4.709100,60.044616
4.709200,60.044422
4.709300,60.043672
4.709400,60.043067
4.709500,60.042799
4.709600,60.042895
4.709700,60.043170
4.709800,60.043028
4.709900,60.042545
4.710000,60.042496
4.710100,60.042269
4.710200,60.041659
4.710300,60.041565
4.710400,60.041437
4.710500,60.041136
4.710600,60.042030
4.710700,60.041650
4.710800,60.041735
4.710900,60.042843
4.711000,60.043101
4.711100,60.044562
4.711200,60.045418
4.711300,60.047211
4.711400,60.049575
4.711500,60.051126
4.711600,60.052675
4.711700,60.054906
4.711800,60.057049
4.711900,60.058168
4.712000,60.058516
4.712100,60.057405
4.712200,60.055856
4.712300,60.054744
4.712400,60.049238
4.712500,60.044070
4.712600,60.037353
4.712700,60.030069
4.712800,60.023030
4.712900,60.016916
4.713000,60.011147
4.713100,60.004754
4.713200,59.996832
4.713300,59.987953
4.713400,59.977185
4.713500,59.966474
4.713600,59.953370
4.713700,59.942528
4.713800,59.931673
4.713900,59.928951
4.714000,59.931808
4.714100,59.940826
4.714200,59.954415
4.714300,59.966946
4.714400,59.980798
4.714500,59.993277
4.714600,60.004280
4.714700,60.007965
4.714800,60.008577
4.714900,60.007681
4.715000,60.005160
4.715100,60.002955
4.715200,60.000300
4.715300,59.998017
4.715400,59.997007
4.715500,59.996918
4.715600,59.997584
4.715700,59.998932
4.715800,60.000737
4.715900,60.002495
4.716000,60.004046
4.716100,60.005837
4.716200,60.007481
4.716300,60.007849
4.716400,60.007106
4.716500,60.006806
4.716600,60.005559
4.716700,60.004572
4.716800,60.002535
4.716900,60.001122
4.717000,60.000692
4.717100,59.998935
4.717200,59.997703
4.717300,59.996667
4.717400,59.995923
4.717500,59.995307
4.717600,59.994937
4.717700,59.994325
4.717800,59.993940
4.717900,59.993733
4.718000,59.992902
4.718100,59.992893
4.718200,59.992225
4.718300,59.992084
4.718400,59.991134
4.718500,59.991067
4.718600,59.990750
4.718700,59.990786
4.718800,59.990696
4.718900,59.989686
4.719000,59.990462
4.719100,59.990328
4.719200,59.991170
4.719300,59.991958
4.719400,59.993003
4.719500,59.994353
4.719600,59.995720
4.719700,59.995961
4.719800,59.998398
4.719900,60.000802
4.720000,60.002639
4.720100,60.005044
4.720200,60.006316
4.720300,60.007500
4.720400,60.007385
4.720500,60.006782
4.720600,60.004101
4.720700,60.001586
4.720800,59.995512
4.720900,59.990103
4.721000,59.984609
4.721100,59.977720
4.721200,59.971000
4.721300,59.963858
4.721400,59.956344
4.721500,59.948981
4.721600,59.939853
4.721700,59.931325
4.721800,59.919339
4.721900,59.904554
4.722000,59.891824
4.722100,59.882230
4.722200,59.879019
4.722300,59.881292
4.722400,59.888803
4.722500,59.893837
4.722600,59.903195
4.722700,59.915774
4.722800,59.928902
4.722900,59.938312
4.723000,59.945274
4.723100,59.947811
4.723200,59.952196
4.723300,59.951665
4.723400,59.949696
4.723500,59.948213
4.723600,59.945803
4.723700,59.944225
4.723800,59.943486
4.723900,59.943652
4.724000,59.944549
4.724100,59.946048
4.724200,59.947804
4.724300,59.949831
4.724400,59.951510
4.724500,59.953392
4.724600,59.953563
4.724700,59.953977
4.724800,59.953509
4.724900,59.952798
4.725000,59.951767
4.725100,59.950772
4.725200,59.948852
4.725300,59.948087
4.725400,59.947025
4.725500,59.945395
4.725600,59.944083
4.725700,59.943338
4.725800,59.942469
4.725900,59.941529
4.726000,59.940903
4.726100,59.940600
4.726200,59.940354
4.726300,59.939896
4.726400,59.940048
4.726500,59.939899
4.726600,59.940077
4.726700,59.939853
4.726800,59.939792
4.726900,59.939932
4.727000,59.939651
4.727100,59.939918
4.727200,59.939552
4.727300,59.939589
4.727400,59.939754
4.727500,59.940179
4.727600,59.941624
4.727700,59.941959
4.727800,59.943380
4.727900,59.945206
4.728000,59.946887
4.728100,59.948626
4.728200,59.950664
4.728300,59.952257
4.728400,59.954277
4.728500,59.956256
4.728600,59.956767
4.728700,59.959058
4.728800,59.959680
4.728900,59.959160
4.729000,59.956445
4.729100,59.954090
4.729200,59.947884
4.729300,59.941240
4.729400,59.934097
4.729500,59.926141
4.729600,59.919502
4.729700,59.910318
4.729800,59.901659
4.729900,59.893255
4.730000,59.880514
4.730100,59.873189
4.730200,59.866660
4.730300,59.857194
4.730400,59.854583
4.730500,59.861474
4.730600,59.870641
4.730700,59.885692
4.730800,59.899683
4.730900,59.913835
4.731000,59.927743
4.731100,59.941509
4.731200,59.953745
4.731300,59.967076
4.731400,59.973486
4.731500,59.979478
4.731600,59.980323
4.731700,59.979641
4.731800,59.976338
4.731900,59.973177
4.732000,59.971433
4.732100,59.969768
4.732200,59.969061
4.732300,59.969135
4.732400,59.969807
4.732500,59.971055
4.732600,59.972878
4.732700,59.974304
4.732800,59.975912
4.732900,59.976704
4.733000,59.976868
4.733100,59.976823
4.733200,59.976162
4.733300,59.975590
4.733400,59.974598
4.733500,59.974411
4.733600,59.973041
4.733700,59.972433
4.733800,59.971396
4.733900,59.970824
4.734000,59.970470
4.734100,59.970281
4.734200,59.970264
4.734300,59.969628
4.734400,59.969660
4.734500,59.969426
4.734600,59.969769
4.734700,59.969832
4.734800,59.969840
4.734900,59.969587
4.735000,59.968989
4.735100,59.968714
4.735200,59.969204
4.735300,59.969384
4.735400,59.969293
4.735500,59.970236
4.735600,59.970362
4.735700,59.970051
4.735800,59.971247
4.735900,59.972193
4.736000,59.973403
4.736100,59.974446
4.736200,59.975639
4.736300,59.977682
4.736400,59.980158
4.736500,59.983193
4.736600,59.984949
4.736700,59.987644
4.736800,59.989039
4.736900,59.990187
4.737000,59.992116
4.737100,59.993406
4.737200,59.994018
4.737300,59.993238
4.737400,59.991373
4.737500,59.986932
4.737600,59.982849
4.737700,59.976268
4.737800,59.969160
4.737900,59.962428
4.738000,59.955383
4.738100,59.946922
4.738200,59.937256
4.738300,59.925469
4.738400,59.916472
4.738500,59.909148
4.738600,59.906159
4.738700,59.907648
4.738800,59.910300
4.738900,59.915940
4.739000,59.930179
4.739100,59.947306
4.739200,59.960158
4.739300,59.972551
4.739400,59.983018
4.739500,59.996103
4.739600,60.009150
4.739700,60.021996
4.739800,60.034946
4.739900,60.038009
4.740000,60.038229
4.740100,60.034893
4.740200,60.033376
4.740300,60.029632
4.740400,60.027289
4.740500,60.025742
4.740600,60.025184
4.740700,60.025267
4.740800,60.025943
4.740900,60.027236
4.741000,60.028543
4.741100,60.029395
4.741200,60.030487
4.741300,60.031203
4.741400,60.031638
4.741500,60.032291
4.741600,60.031828
4.741700,60.031027
4.741800,60.030292
4.741900,60.029708
4.742000,60.029362
4.742100,60.028773
4.742200,60.027897
4.742300,60.026956
4.742400,60.026399
4.742500,60.026022
4.742600,60.026267
4.742700,60.025914
4.742800,60.025662
4.742900,60.025530
4.743000,60.025253
4.743100,60.025210
4.743200,60.025682
4.743300,60.025315
4.743400,60.025480
4.743500,60.025453
4.743600,60.025646
4.743700,60.025707
4.743800,60.025954
4.743900,60.025971
4.744000,60.026740
4.744100,60.027369
4.744200,60.027930
4.744300,60.029166
4.744400,60.030266
4.744500,60.031789
4.744600,60.033586
4.744700,60.035510
4.744800,60.038088
4.744900,60.040453
4.745000,60.043507
4.745100,60.045643
4.745200,60.047463
4.745300,60.048683
4.745400,60.049621
4.745500,60.048809
4.745600,60.046932
4.745700,60.044940
4.745800,60.042869
4.745900,60.039059
4.746000,60.032059
4.746100,60.024637
4.746200,60.017595
4.746300,60.009837
4.746400,60.002117
4.746500,59.993577
4.746600,59.982462
4.746700,59.971581
4.746800,59.960604
4.746900,59.951937
4.747000,59.948197
4.747100,59.949421
4.747200,59.953514
4.747300,59.964907
4.747400,59.982008
4.747500,59.997953
4.747600,60.013810
4.747700,60.027566
4.747800,60.043135
4.747900,60.056497
4.748000,60.069420
4.748100,60.073345
4.748200,60.076765
4.748300,60.076489
4.748400,60.074190
4.748500,60.071433
4.748600,60.068612
4.748700,60.067069
4.748800,60.066580
4.748900,60.066809
4.749000,60.067606
4.749100,60.069017
4.749200,60.070585
4.749300,60.072512
4.749400,60.074880
4.749500,60.076249
4.749600,60.077082
4.749700,60.077430
4.749800,60.077522
4.749900,60.076822
4.750000,60.076244
4.750100,60.075436
4.750200,60.074462
4.750300,60.073663
4.750400,60.072691
4.750500,60.071991
4.750600,60.071160
4.750700,60.070121
4.750800,60.069919
4.750900,60.069385
4.751000,60.069007
4.751100,60.068388
4.751200,60.068155
4.751300,60.068028
4.751400,60.067980
4.751500,60.067677
4.751600,60.067676
4.751700,60.067662
4.751800,60.067748
4.751900,60.067747
4.752000,60.067538
4.752100,60.067580
4.752200,60.067300
4.752300,60.067163
4.752400,60.067788
4.752500,60.068039
4.752600,60.068639
4.752700,60.069470
4.752800,60.070303
4.752900,60.072113
4.753000,60.074248
4.753100,60.075739
4.753200,60.077802
4.753300,60.079742
4.753400,60.080626
4.753500,60.081725
4.753600,60.082998
4.753700,60.083349
4.753800,60.083593
4.753900,60.082143
4.754000,60.080060
4.754100,60.075192
4.754200,60.069485
4.754300,60.063338
4.754400,60.057279
4.754500,60.050308
4.754600,60.044791
4.754700,60.038626
4.754800,60.031495
4.754900,60.024779
4.755000,60.016676
4.755100,60.006754
4.755200,59.994905
4.755300,59.981576
4.755400,59.970283
4.755500,59.962665
4.755600,59.962190
4.755700,59.971005
4.755800,59.978268
4.755900,59.985613
4.756000,59.996751
4.756100,60.009577
4.756200,60.016319
4.756300,60.020505
4.756400,60.026411
4.756500,60.027010
4.756600,60.027252
4.756700,60.024759
4.756800,60.021580
4.756900,60.019614
4.757000,60.018399
4.757100,60.017811
4.757200,60.017985
4.757300,60.018841
4.757400,60.020417
4.757500,60.022407
4.757600,60.024478
4.757700,60.026247
4.757800,60.026830
4.757900,60.027364
4.758000,60.027503
4.758100,60.027308
4.758200,60.026696
4.758300,60.025448
4.758400,60.024294
4.758500,60.022632
4.758600,60.021838
4.758700,60.020807
4.758800,60.018898
4.758900,60.018298
4.759000,60.017367
4.759100,60.016648
4.759200,60.016278
4.759300,60.015441
4.759400,60.015197
4.759500,60.014724
4.759600,60.014753
4.759700,60.014149
4.759800,60.013451
4.759900,60.013188
4.760000,60.013155
4.760100,60.013031
4.760200,60.012282
4.760300,60.012120
4.760400,60.011899
4.760500,60.011568
4.760600,60.010907
4.760700,60.010837
4.760800,60.011170
4.760900,60.012203
4.761000,60.012692
4.761100,60.012923
4.761200,60.015110
4.761300,60.016939
4.761400,60.018428
4.761500,60.019819
4.761600,60.022571
4.761700,60.024726
4.761800,60.025383
4.761900,60.026300
4.762000,60.027058
4.762100,60.026728
4.762200,60.024213
4.762300,60.023756
4.762400,60.019232
4.762500,60.013297
4.762600,60.007069
4.762700,59.999675
4.762800,59.992925
4.762900,59.986371
4.763000,59.980109
4.763100,59.972373
4.763200,59.964717
4.763300,59.954987
4.763400,59.945307
4.763500,59.933747
4.763600,59.918938
4.763700,59.905691
4.763800,59.903167
4.763900,59.898938
4.764000,59.899523
4.764100,59.906379
4.764200,59.917935
4.764300,59.930249
4.764400,59.940936
4.764500,59.952600
4.764600,59.961410
4.764700,59.967245
4.764800,59.969913
4.764900,59.968987
4.765000,59.966574
4.765100,59.964310
4.765200,59.962585
4.765300,59.960654
4.765400,59.959418
4.765500,59.959146
4.765600,59.959724
4.765700,59.960957
4.765800,59.962672
4.765900,59.964583
4.766000,59.965772
4.766100,59.967492
4.766200,59.968704
4.766300,59.969066
4.766400,59.969512
4.766500,59.969621
4.766600,59.968700
4.766700,59.966007
4.766800,59.964814
4.766900,59.963810
4.767000,59.962658
4.767100,59.961338
4.767200,59.960620
4.767300,59.959667
4.767400,59.958544
4.767500,59.958154
4.767600,59.956678
4.767700,59.956306
4.767800,59.956146
4.767900,59.955810
4.768000,59.955555
4.768100,59.955163
4.768200,59.955007
4.768300,59.954404
4.768400,59.954247
4.768500,59.953181
4.768600,59.952858
4.768700,59.953691
4.768800,59.953984
4.768900,59.953356
4.769000,59.954218
4.769100,59.954631
4.769200,59.954004
4.769300,59.954595
4.769400,59.956385
4.769500,59.958712
4.769600,59.959986
4.769700,59.961677
4.769800,59.964138
4.769900,59.965823
4.770000,59.967250
4.770100,59.968416
4.770200,59.970597
4.770300,59.971513
4.770400,59.972356
4.770500,59.972801
4.770600,59.971661
4.770700,59.970058
4.770800,59.965213
4.770900,59.960305
4.771000,59.953298
4.771100,59.946843
4.771200,59.939611
4.771300,59.931994
4.771400,59.924327
4.771500,59.914604
4.771600,59.904239
4.771700,59.892265
4.771800,59.880635
4.771900,59.871841
4.772000,59.865507
4.772100,59.862300
4.772200,59.864534
4.772300,59.877362
4.772400,59.889909
4.772500,59.906274
4.772600,59.922146
4.772700,59.938848
4.772800,59.952655
4.772900,59.966866
4.773000,59.979497
4.773100,59.983906
4.773200,59.985623
4.773300,59.985542
4.773400,59.984804
4.773500,59.982093
4.773600,59.979342
4.773700,59.977506
4.773800,59.976762
4.773900,59.976739
4.774000,59.977229
4.774100,59.978477
4.774200,59.980276
4.774300,59.982438
4.774400,59.983962
4.774500,59.985542
4.774600,59.986366
4.774700,59.986716
4.774800,59.986870
4.774900,59.986682
4.775000,59.985852
4.775100,59.985186
4.775200,59.983984
4.775300,59.983098
4.775400,59.982328
4.775500,59.980775
4.775600,59.980194
4.775700,59.979843
4.775800,59.979316
4.775900,59.979166
4.776000,59.978827
4.776100,59.978706
4.776200,59.978788
4.776300,59.978793
4.776400,59.978337
4.776500,59.978204
4.776600,59.978126
4.776700,59.978178
4.776800,59.978365
4.776900,59.978106
4.777000,59.977751
4.777100,59.977961
4.777200,59.977793
4.777300,59.977842
4.777400,59.978839
4.777500,59.979162
4.777600,59.980504
4.777700,59.982340
4.777800,59.983314
4.777900,59.984976
4.778000,59.986792
4.778100,59.989013
4.778200,59.991423
4.778300,59.993727
4.778400,59.995647
4.778500,59.998637
4.778600,59.999690
4.778700,60.000173
4.778800,60.000328
4.778900,60.000783
4.779000,59.998940
4.779100,59.995482
4.779200,59.991927
4.779300,59.985545
4.779400,59.979104
4.779500,59.972518
4.779600,59.963929
4.779700,59.955693
4.779800,59.945883
4.779900,59.936219
4.780000,59.924715
4.780100,59.913917
4.780200,59.906573
4.780300,59.905796
4.780400,59.907366
4.780500,59.916803
4.780600,59.929616
4.780700,59.946149
4.780800,59.961333
4.780900,59.976763
4.781000,59.988201
4.781100,60.001914
4.781200,60.016179
4.781300,60.030789
4.781400,60.038829
4.781500,60.042779
4.781600,60.044455
4.781700,60.043170
4.781800,60.040095
4.781900,60.037397
4.782000,60.035423
4.782100,60.034059
4.782200,60.033571
4.782300,60.033764
4.782400,60.034559
4.782500,60.035998
4.782600,60.037857
4.782700,60.040041
4.782800,60.041580
4.782900,60.042496
4.783000,60.043042
4.783100,60.043465
4.783200,60.043461
4.783300,60.043119
4.783400,60.042279
4.783500,60.041346
4.783600,60.040507
4.783700,60.039553
4.783800,60.038159
4.783900,60.037647
4.784000,60.037297
4.784100,60.037084
4.784200,60.036578
4.784300,60.036557
4.784400,60.036571
4.784500,60.036577
4.784600,60.037014
4.784700,60.036937
4.784800,60.036840
4.784900,60.036853
4.785000,60.037080
4.785100,60.037348
4.785200,60.036943
4.785300,60.037049
4.785400,60.037035
4.785500,60.037159
4.785600,60.037598
4.785700,60.038360
4.785800,60.038687
4.785900,60.039107
4.786000,60.040073
4.786100,60.040619
4.786200,60.042061
4.786300,60.044443
4.786400,60.047500
4.786500,60.049333
4.786600,60.051699
4.786700,60.053486
4.786800,60.054954
4.786900,60.057388
4.787000,60.058669
4.787100,60.059426
4.787200,60.058265
4.787300,60.056964
4.787400,60.054594
4.787500,60.050689
4.787600,60.045730
4.787700,60.039679
4.787800,60.032575
4.787900,60.025774
4.788000,60.018322
4.788100,60.011315
4.788200,60.001781
4.788300,59.992810
4.788400,59.980445
4.788500,59.967573
4.788600,59.963564
4.788700,59.958238
4.788800,59.962262
4.788900,59.966051
4.789000,59.979408
4.789100,59.993870
4.789200,60.005355
4.789300,60.019275
4.789400,60.031252
4.789500,60.046550
4.789600,60.058972
4.789700,60.066995
4.789800,60.069686
4.789900,60.070767
4.790000,60.070549
4.790100,60.068465
4.790200,60.065538
4.790300,60.063226
4.790400,60.062101
4.790500,60.061849
4.790600,60.062353
4.790700,60.063411
4.790800,60.065124
4.790900,60.067210
4.791000,60.069525
4.791100,60.071398
4.791200,60.072758
4.791300,60.072699
4.791400,60.072938
4.791500,60.072797
4.791600,60.071629
4.791700,60.071182
4.791800,60.070344
4.791900,60.069687
4.792000,60.067954
4.792100,60.066915
4.792200,60.066106
4.792300,60.065220
4.792400,60.064375
4.792500,60.063901
4.792600,60.063633
4.792700,60.063651
4.792800,60.063638
4.792900,60.063824
4.793000,60.063982
4.793100,60.063585
4.793200,60.063484
4.793300,60.063428
4.793400,60.063024
4.793500,60.062845
4.793600,60.062543
4.793700,60.062322
4.793800,60.062222
4.793900,60.062098
4.794000,60.062324
4.794100,60.062546
4.794200,60.063166
4.794300,60.063930
4.794400,60.065115
4.794500,60.066287
4.794600,60.067591
4.794700,60.069964
4.794800,60.071770
4.794900,60.072824
4.795000,60.075059
4.795100,60.076518
4.795200,60.077560
4.795300,60.079158
4.795400,60.081274
4.795500,60.080906
4.795600,60.078986
4.795700,60.076432
4.795800,60.071549
4.795900,60.065360
4.796000,60.060084
4.796100,60.053521
4.796200,60.047626
4.796300,60.041435
4.796400,60.034295
4.796500,60.027682
4.796600,60.020491
4.796700,60.011460
4.796800,60.000490
4.796900,59.986004
4.797000,59.973593
4.797100,59.961190
4.797200,59.955353
4.797300,59.952691
4.797400,59.960214
4.797500,59.969809
4.797600,59.981571
4.797700,59.993646
4.797800,60.004600
4.797900,60.011617
4.798000,60.020734
4.798100,60.023694
4.798200,60.025533
4.798300,60.023655
4.798400,60.020698
4.798500,60.018880
4.798600,60.016562
4.798700,60.015339
4.798800,60.015152
4.798900,60.015635
4.799000,60.016901
4.799100,60.018564
4.799200,60.020720
4.799300,60.022586
4.799400,60.024322
4.799500,60.024751
4.799600,60.024858
4.799700,60.025300
4.799800,60.025141
4.799900,60.025086
4.800000,60.023221
4.800100,60.021712
4.800200,60.019842
4.800300,60.018915
4.800400,60.017572
4.800500,60.017072
4.800600,60.015998
4.800700,60.014896
4.800800,60.014133
4.800900,60.013057
4.801000,60.012385
4.801100,60.011640
4.801200,60.011224
4.801300,60.011290
4.801400,60.011281
4.801500,60.011141
4.801600,60.011190
4.801700,60.011008
4.801800,60.010206
4.801900,60.009576
4.802000,60.009397
4.802100,60.009288
4.802200,60.009351
4.802300,60.008767
4.802400,60.009167
4.802500,60.009086
4.802600,60.009562
4.802700,60.010527
4.802800,60.010609
4.802900,60.011992
4.803000,60.013465
4.803100,60.015493
4.803200,60.017966
4.803300,60.021046
4.803400,60.021902
4.803500,60.022537
4.803600,60.023216
4.803700,60.023275
4.803800,60.022347
4.803900,60.020159
4.804000,60.017756
4.804100,60.012765
4.804200,60.006348
4.804300,59.999317
4.804400,59.992996
4.804500,59.986493
4.804600,59.978879
4.804700,59.971894
4.804800,59.964435
4.804900,59.956209
4.805000,59.947231
4.805100,59.937109
4.805200,59.924884
4.805300,59.910814
4.805400,59.899920
4.805500,59.892018
4.805600,59.891290
4.805700,59.899025
4.805800,59.906535
4.805900,59.912399
4.806000,59.921127
4.806100,59.933478
4.806200,59.941756
4.806300,59.944894
4.806400,59.948752
4.806500,59.950684
4.806600,59.953007
4.806700,59.951779
4.806800,59.948850
4.806900,59.946583
4.807000,59.944696
4.807100,59.943859
4.807200,59.943946
4.807300,59.944730
4.807400,59.946070
4.807500,59.948082
4.807600,59.950303
4.807700,59.952366
4.807800,59.953302
4.807900,59.953256
4.808000,59.953517
4.808100,59.953402
4.808200,59.953014
4.808300,59.951797
4.808400,59.950903
4.808500,59.949752
4.808600,59.948265
4.808700,59.947343
4.808800,59.946123
4.808900,59.944857
4.809000,59.943952
4.809100,59.943393
4.809200,59.942492
4.809300,59.941320
4.809400,59.940717
4.809500,59.940124
4.809600,59.939759
4.809700,59.939603
4.809800,59.939702
4.809900,59.939612
4.810000,59.939742
4.810100,59.939489
4.810200,59.938853
4.810300,59.938665
4.810400,59.938548
4.810500,59.938106
4.810600,59.937814
4.810700,59.938173
4.810800,59.938767
4.810900,59.938764
4.811000,59.939985
4.811100,59.940928
4.811200,59.942695
4.811300,59.944192
4.811400,59.946150
4.811500,59.947945
4.811600,59.950064
4.811700,59.952900
4.811800,59.954183
4.811900,59.956230
4.812000,59.956423
4.812100,59.956442
4.812200,59.956432
4.812300,59.956151
4.812400,59.955971
4.812500,59.955375
4.812600,59.954521
4.812700,59.953331
4.812800,59.951749
4.812900,59.950108
4.813000,59.948118
4.813100,59.946116
4.813200,59.943639
4.813300,59.941316
4.813400,59.939158
4.813500,59.937186
4.813600,59.935470
4.813700,59.934436
4.813800,59.933781
4.813900,59.933520
4.814000,59.933813
4.814100,59.935274
4.814200,59.937220
4.814300,59.940425
4.814400,59.943876
4.814500,59.947270
4.814600,59.950549
4.814700,59.953811
4.814800,59.956561
4.814900,59.958224
4.815000,59.960257
4.815100,59.960988
4.815200,59.961820
4.815300,59.961231
4.815400,59.960870
4.815500,59.960168
4.815600,59.959261
4.815700,59.958155
4.815800,59.957059
4.815900,59.956115
4.816000,59.955613
4.816100,59.954967
4.816200,59.954553
4.816300,59.954300
4.816400,59.954278
4.816500,59.954230
4.816600,59.954225
4.816700,59.954211
4.816800,59.954128
4.816900,59.953966
4.817000,59.953805
4.817100,59.953484
4.817200,59.953173
4.817300,59.952813
4.817400,59.952526
4.817500,59.952072
4.817600,59.951633
4.817700,59.951165
4.817800,59.951003
4.817900,59.950688
4.818000,59.950573
4.818100,59.950419
4.818200,59.950192
4.818300,59.950185
4.818400,59.949885
4.818500,59.949849
4.818600,59.949443
4.818700,59.949123
4.818800,59.949325
4.818900,59.949284
4.819000,59.949458
4.819100,59.949777
4.819200,59.949882
4.819300,59.950392
4.819400,59.951459
4.819500,59.952847
4.819600,59.953983
4.819700,59.955210
4.819800,59.956884
4.819900,59.958269
4.820000,59.959793
4.820100,59.961403
4.820200,59.962918
4.820300,59.964179
4.820400,59.965543
4.820500,59.966302
4.820600,59.966301
4.820700,59.965883
4.820800,59.965810
4.820900,59.963977
4.821000,59.962840
4.821100,59.960436
4.821200,59.957243
4.821300,59.952927
4.821400,59.948302
4.821500,59.944566
4.821600,59.940219
4.821700,59.935751
4.821800,59.932990
4.821900,59.929642
4.822000,59.927792
4.822100,59.927844
4.822200,59.930103
4.822300,59.933546
4.822400,59.939855
4.822500,59.947033
4.822600,59.956176
4.822700,59.966993
4.822800,59.976485
4.822900,59.986615
4.823000,59.995407
4.823100,60.001561
4.823200,60.006536
4.823300,60.009946
4.823400,60.010943
4.823500,60.010964
4.823600,60.009840
4.823700,60.008011
4.823800,60.004752
4.823900,60.002490
4.824000,60.000522
4.824100,59.999066
4.824200,59.997881
4.824300,59.997311
4.824400,59.996961
4.824500,59.996931
4.824600,59.997100
4.824700,59.997341
4.824800,59.997436
4.824900,59.997405
4.825000,59.997153
4.825100,59.996969
4.825200,59.996429
4.825300,59.995935
4.825400,59.995543
4.825500,59.994721
4.825600,59.994275
4.825700,59.993975
4.825800,59.993145
4.825900,59.992698
4.826000,59.992459
4.826100,59.992008
4.826200,59.991937
4.826300,59.992018
4.826400,59.992398
4.826500,59.992231
4.826600,59.991940
4.826700,59.991715
4.826800,59.992180
4.826900,59.992764
4.827000,59.993060
4.827100,59.993233
4.827200,59.994080
4.827300,59.994275
4.827400,59.994415
4.827500,59.995353
4.827600,59.996167
4.827700,59.996452
4.827800,59.997909
4.827900,59.999848
4.828000,60.002840
4.828100,60.004606
4.828200,60.007131
4.828300,60.009661
4.828400,60.011971
4.828500,60.014497
4.828600,60.017064
4.828700,60.018718
4.828800,60.020142
4.828900,60.021615
4.829000,60.020811
4.829100,60.019838
4.829200,60.017337
4.829300,60.013044
4.829400,60.008566
4.829500,60.002152
4.829600,59.996256
4.829700,59.989350
4.829800,59.982933
4.829900,59.974159
4.830000,59.966593
4.830100,59.959129
4.830200,59.953723
4.830300,59.951052
4.830400,59.948599
4.830500,59.951074
4.830600,59.957308
4.830700,59.965232
4.830800,59.975803
4.830900,59.986995
4.831000,59.999839
4.831100,60.013413
4.831200,60.028040
4.831300,60.039396
4.831400,60.047723
4.831500,60.052833
4.831600,60.055579
4.831700,60.056121
4.831800,60.054509
4.831900,60.051153
4.832000,60.048067
4.832100,60.045678
4.832200,60.043739
4.832300,60.041699
4.832400,60.040605
4.832500,60.040168
4.832600,60.040265
4.832700,60.040641
4.832800,60.041414
4.832900,60.041936
4.833000,60.042623
4.833100,60.042836
4.833200,60.043177
4.833300,60.042941
4.833400,60.042198
4.833500,60.041570
4.833600,60.040894
4.833700,60.039497
4.833800,60.038567
4.833900,60.037685
4.834000,60.036619
4.834100,60.036167
4.834200,60.035653
4.834300,60.034734
4.834400,60.034581
4.834500,60.034597
4.834600,60.034202
4.834700,60.033942
4.834800,60.033463
4.834900,60.032969
4.835000,60.032403
4.835100,60.032096
4.835200,60.032232
4.835300,60.032000
4.835400,60.031663
4.835500,60.031724
4.835600,60.031596
4.835700,60.032171
4.835800,60.032632
4.835900,60.033009
4.836000,60.034764
4.836100,60.035678
4.836200,60.037405
4.836300,60.039169
4.836400,60.040767
4.836500,60.043564
4.836600,60.045356
4.836700,60.048274
4.836800,60.050062
4.836900,60.051726
4.837000,60.052428
4.837100,60.053336
4.837200,60.052921
4.837300,60.052069
4.837400,60.049240
4.837500,60.045589
4.837600,60.038867
4.837700,60.032046
4.837800,60.023179
4.837900,60.013968
4.838000,60.005008
4.838100,59.995402
4.838200,59.984365
4.838300,59.973200
4.838400,59.960436
4.838500,59.948580
4.838600,59.939997
4.838700,59.934715
4.838800,59.930629
4.838900,59.931922
4.839000,59.935180
4.839100,59.943058
4.839200,59.952183
4.839300,59.963315
4.839400,59.975603
4.839500,59.984875
4.839600,59.995143
4.839700,60.003619
4.839800,60.008003
4.839900,60.008867
4.840000,60.007461
4.840100,60.005331
4.840200,60.004127
4.840300,60.000225
4.840400,59.997539
4.840500,59.995381
4.840600,59.994298
4.840700,59.994005
4.840800,59.994242
4.840900,59.995006
4.841000,59.996078
4.841100,59.997436
4.841200,59.998722
4.841300,59.999322
4.841400,59.998933
4.841500,59.998716
4.841600,59.998163
4.841700,59.997205
4.841800,59.995898
4.841900,59.994927
4.842000,59.993898
4.842100,59.992486
4.842200,59.991757
4.842300,59.990788
4.842400,59.989908
4.842500,59.989268
4.842600,59.988468
4.842700,59.987693
4.842800,59.987044
4.842900,59.986865
4.843000,59.986713
4.843100,59.986513
4.843200,59.986002
4.843300,59.985824
4.843400,59.985784
4.843500,59.985231
4.843600,59.984247
4.843700,59.983750
4.843800,59.983902
4.843900,59.983931
4.844000,59.983651
4.844100,59.983236
4.844200,59.983562
4.844300,59.983687
4.844400,59.984412
4.844500,59.986070
4.844600,59.987370
4.844700,59.988642
4.844800,59.990435
4.844900,59.992195
4.845000,59.994661
4.845100,59.996731
4.845200,59.997479
4.845300,59.998900
4.845400,59.999258
4.845500,59.998808
4.845600,59.996901
4.845700,59.993806
4.845800,59.989750
4.845900,59.983230
4.846000,59.975628
4.846100,59.967083
4.846200,59.959451
4.846300,59.951558
4.846400,59.941096
4.846500,59.931634
4.846600,59.920097
4.846700,59.907566
4.846800,59.894925
4.846900,59.882721
4.847000,59.872102
4.847100,59.863921
4.847200,59.861982
4.847300,59.867520
4.847400,59.872469
4.847500,59.879005
4.847600,59.894339
4.847700,59.905528
4.847800,59.915954
4.847900,59.927896
4.848000,59.935214
4.848100,59.936958
4.848200,59.939026
4.848300,59.939284
4.848400,59.935764
4.848500,59.933233
4.848600,59.930534
4.848700,59.927566
4.848800,59.925832
4.848900,59.925049
4.849000,59.925054
4.849100,59.925704
4.849200,59.926862
4.849300,59.928224
4.849400,59.929112
4.849500,59.929872
4.849600,59.930188
4.849700,59.929908
4.849800,59.929679
4.849900,59.929106
4.850000,59.928103
4.850100,59.927035
4.850200,59.926049
4.850300,59.925628
4.850400,59.924136
4.850500,59.922948
4.850600,59.922276
4.850700,59.920924
4.850800,59.920098
4.850900,59.919603
4.851000,59.918778
4.851100,59.918425
4.851200,59.917919
4.851300,59.917594
4.851400,59.917631
4.851500,59.917829
4.851600,59.917577
4.851700,59.917689
4.851800,59.917578
4.851900,59.917182
4.852000,59.916767
4.852100,59.916370
4.852200,59.916370
4.852300,59.917067
4.852400,59.917049
4.852500,59.917250
4.852600,59.917927
4.852700,59.918914
4.852800,59.919845
4.852900,59.921162
4.853000,59.922064
4.853100,59.924419
4.853200,59.926760
4.853300,59.929144
4.853400,59.930593
4.853500,59.932556
4.853600,59.934669
4.853700,59.935847
4.853800,59.936410
4.853900,59.935829
4.854000,59.933243
4.854100,59.931857
4.854200,59.926118
4.854300,59.919508
4.854400,59.912357
4.854500,59.904868
4.854600,59.897857
4.854700,59.889701
4.854800,59.882446
4.854900,59.874339
4.855000,59.862263
4.855100,59.849231
4.855200,59.837677
4.855300,59.834090
4.855400,59.831521
4.855500,59.833293
4.855600,59.840920
4.855700,59.851376
4.855800,59.867806
4.855900,59.883022
4.856000,59.899358
4.856100,59.914593
4.856200,59.927946
4.856300,59.939462
4.856400,59.947695
4.856500,59.949695
4.856600,59.952624
4.856700,59.952311
4.856800,59.948320
4.856900,59.946036
4.857000,59.942987
4.857100,59.941062
4.857200,59.940308
4.857300,59.940278
4.857400,59.940833
4.857500,59.942045
4.857600,59.943278
4.857700,59.944762
4.857800,59.945936
4.857900,59.947195
4.858000,59.946961
4.858100,59.947121
4.858200,59.946440
4.858300,59.946007
4.858400,59.944904
4.858500,59.944273
4.858600,59.943555
4.858700,59.942152
4.858800,59.940977
4.858900,59.939863
4.859000,59.939079
4.859100,59.939132
4.859200,59.938959
4.859300,59.938500
4.859400,59.938734
4.859500,59.937949
4.859600,59.938065
4.859700,59.937829
4.859800,59.938116
4.859900,59.938344
4.860000,59.938246
4.860100,59.938268
4.860200,59.938467
4.860300,59.938205
4.860400,59.938504
4.860500,59.938535
4.860600,59.938303
4.860700,59.939128
4.860800,59.939665
4.860900,59.939523
4.861000,59.941161
4.861100,59.942500
4.861200,59.944547
4.861300,59.947143
4.861400,59.949192
4.861500,59.950972
4.861600,59.952887
4.861700,59.955950
4.861800,59.957111
4.861900,59.959103
4.862000,59.962090
4.862100,59.962624
4.862200,59.962777
4.862300,59.961473
4.862400,59.960001
4.862500,59.957353
4.862600,59.953836
4.862700,59.949397
4.862800,59.942126
4.862900,59.934615
4.863000,59.926473
4.863100,59.917501
4.863200,59.911537
4.863300,59.900513
4.863400,59.893577
4.863500,59.885616
4.863600,59.883112
4.863700,59.884805
4.863800,59.891347
4.863900,59.903184
4.864000,59.917458
4.864100,59.933579
4.864200,59.946447
4.864300,59.959212
4.864400,59.971288
4.864500,59.984492
4.864600,59.997820
4.864700,60.010394
4.864800,60.024159
4.864900,60.032496
4.865000,60.031171
4.865100,60.028039
4.865200,60.025396
4.865300,60.022367
4.865400,60.019877
4.865500,60.017963
4.865600,60.017125
4.865700,60.017096
4.865800,60.017743
4.865900,60.018941
4.866000,60.020409
4.866100,60.021135
4.866200,60.022411
4.866300,60.023107
4.866400,60.023039
4.866500,60.023447
4.866600,60.023347
4.866700,60.022278
4.866800,60.021810
4.866900,60.020884
4.867000,60.020298
4.867100,60.019281
4.867200,60.017996
4.867300,60.017653
4.867400,60.017428
4.867500,60.017641
4.867600,60.017463
4.867700,60.016920
4.867800,60.016452
4.867900,60.015996
4.868000,60.016163
4.868100,60.016099
4.868200,60.017158
4.868300,60.016876
4.868400,60.017011
4.868500,60.016975
4.868600,60.017099
4.868700,60.017577
4.868800,60.017814
4.868900,60.017859
4.869000,60.018292
4.869100,60.018551
4.869200,60.019183
4.869300,60.020634
4.869400,60.021750
4.869500,60.023276
4.869600,60.026246
4.869700,60.028472
4.869800,60.031071
4.869900,60.033627
4.870000,60.036517
4.870100,60.037815
4.870200,60.040409
4.870300,60.041349
4.870400,60.042158
4.870500,60.042807
4.870600,60.041948
4.870700,60.039319
4.870800,60.037818
4.870900,60.033803
4.871000,60.029866
4.871100,60.023554
4.871200,60.015919
4.871300,60.007199
4.871400,59.998617
4.871500,59.989714
4.871600,59.978114
4.871700,59.967435
4.871800,59.954737
4.871900,59.950056
4.872000,59.949687
4.872100,59.954743
4.872200,59.964701
4.872300,59.979115
4.872400,59.996740
4.872500,60.011360
4.872600,60.024892
4.872700,60.039041
4.872800,60.053141
4.872900,60.066937
4.873000,60.081497
4.873100,60.090965
4.873200,60.093752
4.873300,60.092915
4.873400,60.091934
4.873500,60.088770
4.873600,60.085895
4.873700,60.083460
4.873800,60.082261
4.873900,60.082052
4.874000,60.082630
4.874100,60.083761
4.874200,60.085503
4.874300,60.087641
4.874400,60.089108
4.874500,60.090500
4.874600,60.091785
4.874700,60.092009
4.874800,60.091829
4.874900,60.091695
4.875000,60.090646
4.875100,60.090036
4.875200,60.089236
4.875300,60.087965
4.875400,60.086846
4.875500,60.086156
4.875600,60.085531
4.875700,60.085389
4.875800,60.085205
4.875900,60.084734
4.876000,60.083424
4.876100,60.083382
4.876200,60.083670
4.876300,60.084176
4.876400,60.083568
4.876500,60.083723
4.876600,60.083539
4.876700,60.083300
4.876800,60.083341
4.876900,60.083605
4.877000,60.083474
4.877100,60.083480
4.877200,60.083614
4.877300,60.083373
4.877400,60.083991
4.877500,60.084509
4.877600,60.084870
4.877700,60.085950
4.877800,60.087602
4.877900,60.089920
4.878000,60.091941
4.878100,60.093136
4.878200,60.095117
4.878300,60.096544
4.878400,60.099135
4.878500,60.100923
4.878600,60.101873
4.878700,60.103102
4.878800,60.102929
4.878900,60.101226
4.879000,60.099591
4.879100,60.096078
4.879200,60.090568
4.879300,60.083656
4.879400,60.077339
4.879500,60.071067
4.879600,60.065600
4.879700,60.059164
4.879800,60.052427
4.879900,60.043944
4.880000,60.034297
4.880100,60.023264
4.880200,60.009172
4.880300,59.995325
4.880400,59.991326
4.880500,59.985295
4.880600,59.986212
4.880700,59.993333
4.880800,60.000668
4.880900,60.011620
4.881000,60.026893
4.881100,60.041630
4.881200,60.053655
4.881300,60.061267
4.881400,60.065702
4.881500,60.066221
4.881600,60.066228
4.881700,60.064625
4.881800,60.062290
4.881900,60.059659
4.882000,60.058009
4.882100,60.057407
4.882200,60.057701
4.882300,60.058701
4.882400,60.060273
4.882500,60.062291
4.882600,60.064428
4.882700,60.066441
4.882800,60.067692
4.882900,60.068387
4.883000,60.068425
4.883100,60.068353
4.883200,60.067099
4.883300,60.065884
4.883400,60.064511
4.883500,60.063583
4.883600,60.062401
4.883700,60.061713
4.883800,60.060303
4.883900,60.058851
4.884000,60.057696
4.884100,60.056835
4.884200,60.056099
4.884300,60.055701
4.884400,60.054750
4.884500,60.054623
4.884600,60.053877
4.884700,60.053601
4.884800,60.053978
4.884900,60.053701
4.885000,60.053922
4.885100,60.053556
4.885200,60.053327
4.885300,60.052843
4.885400,60.052733
4.885500,60.052827
4.885600,60.053143
4.885700,60.053050
4.885800,60.053274
4.885900,60.052854
4.886000,60.054240
4.886100,60.055820
4.886200,60.057155
4.886300,60.058339
4.886400,60.059954
4.886500,60.061418
4.886600,60.063408
4.886700,60.064430
4.886800,60.064669
4.886900,60.066812
4.887000,60.066588
4.887100,60.065589
4.887200,60.065217
4.887300,60.064016
4.887400,60.060582
4.887500,60.054851
4.887600,60.048888
4.887700,60.041404
4.887800,60.036512
4.887900,60.030531
4.888000,60.023653
4.888100,60.016470
4.888200,60.009473
4.888300,60.001404
4.888400,59.991470
4.888500,59.979640
4.888600,59.967913
4.888700,59.957310
4.888800,59.946143
4.888900,59.943674
4.889000,59.948569
4.889100,59.950340
4.889200,59.962582
4.889300,59.971520
4.889400,59.980467
4.889500,59.989262
4.889600,59.998356
4.889700,60.002247
4.889800,60.004171
4.889900,60.002666
4.890000,60.001742
4.890100,60.000656
4.890200,59.997914
4.890300,59.995621
4.890400,59.994609
4.890500,59.994394
4.890600,59.994953
4.890700,59.996261
4.890800,59.997763
4.890900,59.999626
4.891000,60.001086
4.891100,60.002772
4.891200,60.003499
4.891300,60.003503
4.891400,60.003710
4.891500,60.003219
4.891600,60.002667
4.891700,60.000728
4.891800,59.999026
4.891900,59.997067
4.892000,59.995467
4.892100,59.994097
4.892200,59.993590
4.892300,59.992795
4.892400,59.991892
4.892500,59.991586
4.892600,59.991319
4.892700,59.990626
4.892800,59.989643
4.892900,59.989223
4.893000,59.989025
4.893100,59.988271
4.893200,59.987903
4.893300,59.987624
4.893400,59.987772
4.893500,59.987143
4.893600,59.986730
4.893700,59.986413
4.893800,59.986502
4.893900,59.986230
4.894000,59.986195
4.894100,59.986336
4.894200,59.987066
4.894300,59.988258
4.894400,59.988415
4.894500,59.990158
4.894600,59.991376
4.894700,59.993502
4.894800,59.995690
4.894900,59.997557
4.895000,59.999960
4.895100,60.001582
4.895200,60.002415
4.895300,60.003070
4.895400,60.003188
4.895500,60.002553
4.895600,60.000581
4.895700,59.996708
4.895800,59.992887
4.895900,59.985706
4.896000,59.979143
4.896100,59.972076
4.896200,59.964927
4.896300,59.957326
4.896400,59.949577
4.896500,59.940309
4.896600,59.931391
4.896700,59.920248
4.896800,59.908321
4.896900,59.894737
4.897000,59.887628
4.897100,59.887706
4.897200,59.889827
4.897300,59.894742
4.897400,59.902174
4.897500,59.917804
4.897600,59.932920
4.897700,59.948960
4.897800,59.961698
4.897900,59.974774
4.898000,59.983921
4.898100,59.989034
4.898200,59.989655
4.898300,59.989067
4.898400,59.986502
4.898500,59.984078
4.898600,59.981163
4.898700,59.979729
4.898800,59.979156
4.898900,59.979356
4.899000,59.980229
4.899100,59.981813
4.899200,59.983766
4.899300,59.986057
4.899400,59.987335
4.899500,59.988426
4.899600,59.989465
4.899700,59.989534
4.899800,59.990064
4.899900,59.990016
4.900000,59.988535
4.900100,59.987863
4.900200,59.986942
4.900300,59.985685
4.900400,59.984122
4.900500,59.982759
4.900600,59.981534
4.900700,59.981571
4.900800,59.980491
4.900900,59.979849
4.901000,59.979318
4.901100,59.978866
4.901200,59.979222
4.901300,59.979022
4.901400,59.978712
4.901500,59.978191
4.901600,59.978218
4.901700,59.978132
4.901800,59.978043
4.901900,59.978119
4.902000,59.978335
4.902100,59.978337
4.902200,59.977864
4.902300,59.978154
4.902400,59.978690
4.902500,59.980049
4.902600,59.981079
4.902700,59.981689
4.902800,59.982953
4.902900,59.985112
4.903000,59.987549
4.903100,59.989777
4.903200,59.991085
4.903300,59.992857
4.903400,59.994799
4.903500,59.996363
4.903600,59.997938
4.903700,59.999530
4.903800,60.001128
4.903900,59.999821
4.904000,59.997261
4.904100,59.993022
4.904200,59.989382
4.904300,59.983193
4.904400,59.976743
4.904500,59.968953
4.904600,59.960158
4.904700,59.950756
4.904800,59.941633
4.904900,59.931070
4.905000,59.920694
4.905100,59.910089
4.905200,59.900005
4.905300,59.892457
4.905400,59.895751
4.905500,59.899089
4.905600,59.910061
4.905700,59.926871
4.905800,59.943364
4.905900,59.960796
4.906000,59.976593
4.906100,59.988892
4.906200,60.002146
4.906300,60.015718
4.906400,60.023215
4.906500,60.028354
4.906600,60.028611
4.906700,60.028075
4.906800,60.025785
4.906900,60.021981
4.907000,60.019605
4.907100,60.018454
4.907200,60.018038
4.907300,60.018337
4.907400,60.019169
4.907500,60.020576
4.907600,60.022525
4.907700,60.024217
4.907800,60.025623
4.907900,60.026862
4.908000,60.027131
4.908100,60.027130
4.908200,60.026457
4.908300,60.026356
4.908400,60.025672
4.908500,60.024608
4.908600,60.023722
4.908700,60.022773
4.908800,60.021846
4.908900,60.020919
4.909000,60.020560
4.909100,60.020490
4.909200,60.020366
4.909300,60.020207
4.909400,60.019752
4.909500,60.019901
4.909600,60.019822
4.909700,60.020010
4.909800,60.020171
4.909900,60.020182
4.910000,60.020339
4.910100,60.020550
4.910200,60.020657
4.910300,60.020582
4.910400,60.020928
4.910500,60.020869
4.910600,60.021491
4.910700,60.021716
4.910800,60.022115
4.910900,60.023606
4.911000,60.024738
4.911100,60.025986
4.911200,60.027844
4.911300,60.029241
4.911400,60.030718
4.911500,60.033575
4.911600,60.036098
4.911700,60.037478
4.911800,60.039634
4.911900,60.042246
4.912000,60.043218
4.912100,60.044003
4.912200,60.043775
4.912300,60.043127
4.912400,60.042201
4.912500,60.039125
4.912600,60.033616
4.912700,60.027339
4.912800,60.021224
4.912900,60.015038
4.913000,60.007465
4.913100,59.999956
4.913200,59.991959
4.913300,59.980569
4.913400,59.970083
4.913500,59.959277
4.913600,59.950674
4.913700,59.945805
4.913800,59.949135
4.913900,59.954564
4.914000,59.967012
4.914100,59.981808
4.914200,59.994143
4.914300,60.006642
4.914400,60.019278
4.914500,60.033954
4.914600,60.048824
4.914700,60.061273
4.914800,60.067786
4.914900,60.070100
4.915000,60.069042
4.915100,60.066108
4.915200,60.064176
4.915300,60.061442
4.915400,60.059707
4.915500,60.058983
4.915600,60.059119
4.915700,60.059963
4.915800,60.061255
4.915900,60.063058
4.916000,60.064774
4.916100,60.066328
4.916200,60.067479
4.916300,60.069227
4.916400,60.069429
4.916500,60.069001
4.916600,60.068702
4.916700,60.068080
4.916800,60.067146
4.916900,60.066416
4.917000,60.065222
4.917100,60.064525
4.917200,60.063793
4.917300,60.063229
4.917400,60.062085
4.917500,60.061684
4.917600,60.060979
4.917700,60.060743
4.917800,60.060078
4.917900,60.059980
4.918000,60.060349
4.918100,60.060477
4.918200,60.060241
4.918300,60.060483
4.918400,60.060636
4.918500,60.060668
4.918600,60.061161
4.918700,60.061049
4.918800,60.061462
4.918900,60.061422
4.919000,60.061690
4.919100,60.062109
4.919200,60.062332
4.919300,60.062514
4.919400,60.063949
4.919500,60.065375
4.919600,60.066572
4.919700,60.067432
4.919800,60.069368
4.919900,60.071691
4.920000,60.073191
4.920100,60.076050
4.920200,60.077403
4.920300,60.078967
4.920400,60.080371
4.920500,60.080648
4.920600,60.080570
4.920700,60.075517
4.920800,60.069583
4.920900,60.064924
4.921000,60.058901
4.921100,60.051715
4.921200,60.044433
4.921300,60.037273
4.921400,60.030560
4.921500,60.023210
4.921600,60.016363
4.921700,60.006787
4.921800,59.993403
4.921900,59.979307
4.922000,59.966051
4.922100,59.961939
4.922200,59.961352
4.922300,59.967974
4.922400,59.974369
4.922500,59.987410
4.922600,60.000615
4.922700,60.014374
4.922800,60.026389
4.922900,60.037056
4.923000,60.045353
4.923100,60.048557
4.923200,60.050820
4.923300,60.049008
4.923400,60.046983
4.923500,60.044637
4.923600,60.042412
4.923700,60.041289
4.923800,60.041060
4.923900,60.041534
4.924000,60.042677
4.924100,60.044343
4.924200,60.046472
4.924300,60.047937
4.924400,60.049219
4.924500,60.050743
4.924600,60.051978
4.924700,60.052063
4.924800,60.052582
4.924900,60.051786
4.925000,60.050746
4.925100,60.049196
4.925200,60.048063
4.925300,60.047252
4.925400,60.046195
4.925500,60.044974
4.925600,60.043956
4.925700,60.043656
4.925800,60.043167
4.925900,60.042118
4.926000,60.041354
4.926100,60.041092
4.926200,60.040931
4.926300,60.040515
4.926400,60.040491
4.926500,60.039894
4.926600,60.039933
4.926700,60.039554
4.926800,60.039490
4.926900,60.039207
4.927000,60.038965
4.927100,60.039427
4.927200,60.039501
4.927300,60.039720
4.927400,60.040100
4.927500,60.039917
4.927600,60.040797
4.927700,60.041820
4.927800,60.042835
4.927900,60.043176
4.928000,60.044806
4.928100,60.045892
4.928200,60.047034
4.928300,60.049444
4.928400,60.051254
4.928500,60.051512
4.928600,60.052448
4.928700,60.053407
4.928800,60.053549
4.928900,60.051938
4.929000,60.049158
4.929100,60.044870
4.929200,60.040161
4.929300,60.035119
4.929400,60.028877
4.929500,60.023807
4.929600,60.016666
4.929700,60.010444
4.929800,60.003458
4.929900,59.995448
4.930000,59.987517
4.930100,59.977139
4.930200,59.963896
4.930300,59.953535
4.930400,59.939903
4.930500,59.932708
4.930600,59.929983
4.930700,59.928597
4.930800,59.934822
4.930900,59.943610
4.931000,59.954878
4.931100,59.967603
4.931200,59.976299
4.931300,59.982902
4.931400,59.988998
4.931500,59.990306
4.931600,59.990065
4.931700,59.986994
4.931800,59.984246
4.931900,59.981970
4.932000,59.980138
4.932100,59.979499
4.932200,59.979656
4.932300,59.980499
4.932400,59.981903
4.932500,59.983870
4.932600,59.985431
4.932700,59.986829
4.932800,59.987732
4.932900,59.988329
4.933000,59.988116
4.933100,59.987199
4.933200,59.986231
4.933300,59.985339
4.933400,59.984556
4.933500,59.983219
4.933600,59.981349
4.933700,59.979817
4.933800,59.978850
4.933900,59.978381
4.934000,59.977224
4.934100,59.976557
4.934200,59.975742
4.934300,59.975656
4.934400,59.975619
4.934500,59.974641
4.934600,59.974002
4.934700,59.974216
4.934800,59.973683
4.934900,59.972862
4.935000,59.971874
4.935100,59.971790
4.935200,59.971667
4.935300,59.971267
4.935400,59.970951
4.935500,59.970682
4.935600,59.971196
4.935700,59.971420
4.935800,59.971440
4.935900,59.972125
4.936000,59.973001
4.936100,59.973747
4.936200,59.974739
4.936300,59.976831
4.936400,59.979014
4.936500,59.980476
4.936600,59.981300
4.936700,59.983786
4.936800,59.985628
4.936900,59.987366
4.937000,59.988502
4.937100,59.987469
4.937200,59.988162
4.937300,59.984434
4.937400,59.980725
4.937500,59.974313
4.937600,59.966999
4.937700,59.959455
4.937800,59.953271
4.937900,59.946182
4.938000,59.938841
4.938100,59.931374
4.938200,59.922476
4.938300,59.912361
4.938400,59.902094
4.938500,59.889977
4.938600,59.875370
4.938700,59.865381
4.938800,59.862643
4.938900,59.864875
4.939000,59.871151
4.939100,59.880430
4.939200,59.889468
4.939300,59.902796
4.939400,59.916083
4.939500,59.930457
4.939600,59.944142
4.939700,59.949951
4.939800,59.951766
4.939900,59.953524
4.940000,59.950578
4.940100,59.947817
4.940200,59.945471
4.940300,59.942935
4.940400,59.941598
4.940500,59.941306
4.940600,59.941821
4.940700,59.942942
4.940800,59.944711
4.940900,59.946447
4.941000,59.947956
4.941100,59.949595
4.941200,59.950514
4.941300,59.951092
4.941400,59.951273
4.941500,59.950333
4.941600,59.949490
4.941700,59.947986
4.941800,59.946139
4.941900,59.944990
4.942000,59.943969
4.942100,59.943132
4.942200,59.942137
4.942300,59.940847
4.942400,59.940082
4.942500,59.939968
4.942600,59.939603
4.942700,59.939365
4.942800,59.938615
4.942900,59.938662
4.943000,59.938702
4.943100,59.938388
4.943200,59.938379
4.943300,59.938462
4.943400,59.938339
4.943500,59.937932
4.943600,59.937886
4.943700,59.938225
4.943800,59.937918
4.943900,59.937976
4.944000,59.938260
4.944100,59.939070
4.944200,59.940473
4.944300,59.941549
4.944400,59.942893
4.944500,59.944513
4.944600,59.945615
4.944700,59.946742
4.944800,59.949169
4.944900,59.950875
4.945000,59.953726
4.945100,59.956689
4.945200,59.958258
4.945300,59.959387
4.945400,59.960000
4.945500,59.961348
4.945600,59.960637
4.945700,59.958301
4.945800,59.955346
4.945900,59.949027
4.946000,59.944217
4.946100,59.937776
4.946200,59.930940
4.946300,59.922628
4.946400,59.915310
4.946500,59.907192
4.946600,59.897518
4.946700,59.886692
4.946800,59.875325
4.946900,59.870524
4.947000,59.865730
4.947100,59.867851
4.947200,59.871151
4.947300,59.886288
4.947400,59.903468
4.947500,59.917993
4.947600,59.930652
4.947700,59.943970
4.947800,59.959397
4.947900,59.973283
4.948000,59.985777
4.948100,59.994791
4.948200,59.999214
4.948300,59.999653
4.948400,59.998930
4.948500,59.996834
4.948600,59.993186
4.948700,59.991319
4.948800,59.990161
4.948900,59.989852
4.949000,59.990264
4.949100,59.991366
4.949200,59.992934
4.949300,59.994730
4.949400,59.996569
4.949500,59.998400
4.949600,59.998958
4.949700,59.999327
4.949800,59.999327
4.949900,59.999134
4.950000,59.998598
4.950100,59.997027
4.950200,59.996186
4.950300,59.995888
4.950400,59.995091
4.950500,59.994140
4.950600,59.993445
4.950700,59.993087
4.950800,59.992812
4.950900,59.992278
4.951000,59.992016
4.951100,59.991942
4.951200,59.991885
4.951300,59.991975
4.951400,59.991503
4.951500,59.991783
4.951600,59.992123
4.951700,59.991830
4.951800,59.992356
4.951900,59.992113
4.952000,59.992115
4.952100,59.992368
4.952200,59.992600
4.952300,59.992992
4.952400,59.993819
4.952500,59.994229
4.952600,59.994847
4.952700,59.995963
4.952800,59.998433
4.952900,60.000021
4.953000,60.002098
4.953100,60.004796
4.953200,60.007285
4.953300,60.009124
4.953400,60.011731
4.953500,60.013567
4.953600,60.015785
4.953700,60.016236
4.953800,60.017145
4.953900,60.016711
4.954000,60.014977
4.954100,60.011699
4.954200,60.007027
4.954300,60.003219
4.954400,59.995865
4.954500,59.988852
4.954600,59.981545
4.954700,59.973975
4.954800,59.965247
4.954900,59.954502
4.955000,59.943955
4.955100,59.933338
4.955200,59.924748
4.955300,59.922607
4.955400,59.920990
4.955500,59.926698
4.955600,59.939033
4.955700,59.955983
4.955800,59.971478
4.955900,59.985156
4.956000,59.999845
4.956100,60.012287
4.956200,60.025909
4.956300,60.037677
4.956400,60.048691
4.956500,60.053369
4.956600,60.054798
4.956700,60.053824
4.956800,60.050435
4.956900,60.047533
4.957000,60.045103
4.957100,60.043998
4.957200,60.043661
4.957300,60.044069
4.957400,60.045100
4.957500,60.046639
4.957600,60.048616
4.957700,60.050524
4.957800,60.052013
4.957900,60.053522
4.958000,60.053857
4.958100,60.054160
4.958200,60.053140
4.958300,60.053083
4.958400,60.051930
4.958500,60.050795
4.958600,60.049507
4.958700,60.048949
4.958800,60.048497
4.958900,60.048017
4.959000,60.047204
4.959100,60.046775
4.959200,60.046320
4.959300,60.046129
4.959400,60.045794
4.959500,60.045887
4.959600,60.045759
4.959700,60.045725
4.959800,60.045949
4.959900,60.045644
4.960000,60.045498
4.960100,60.044848
4.960200,60.044858
4.960300,60.044840
4.960400,60.045063
4.960500,60.045128
4.960600,60.045092
4.960700,60.045879
4.960800,60.046639
4.960900,60.047019
4.961000,60.048264
4.961100,60.049696
4.961200,60.051419
4.961300,60.054147
4.961400,60.056400
4.961500,60.058011
4.961600,60.059983
4.961700,60.060603
4.961800,60.063272
4.961900,60.064988
4.962000,60.065873
4.962100,60.065727
4.962200,60.065830
4.962300,60.063713
4.962400,60.060186
4.962500,60.055721
4.962600,60.048989
4.962700,60.042233
4.962800,60.036261
4.962900,60.030191
4.963000,60.024806
4.963100,60.017129
4.963200,60.010256
4.963300,60.001105
4.963400,59.991206
4.963500,59.977700
4.963600,59.967600
4.963700,59.955252
4.963800,59.954594
4.963900,59.956468
4.964000,59.961505
4.964100,59.972012
4.964200,59.986282
4.964300,60.000990
4.964400,60.015488
4.964500,60.029605
4.964600,60.036213
4.964700,60.040790
4.964800,60.044196
4.964900,60.044160
4.965000,60.043576
4.965100,60.041291
4.965200,60.039046
4.965300,60.037092
4.965400,60.036103
4.965500,60.036113
4.965600,60.036902
4.965700,60.038274
4.965800,60.040120
4.965900,60.041981
4.966000,60.043514
4.966100,60.045820
4.966200,60.046906
4.966300,60.047571
4.966400,60.047711
4.966500,60.047455
4.966600,60.046235
4.966700,60.045153
4.966800,60.044528
4.966900,60.043153
4.967000,60.041790
4.967100,60.040593
4.967200,60.039253
4.967300,60.038015
4.967400,60.037235
4.967500,60.036518
4.967600,60.036051
4.967700,60.036130
4.967800,60.036317
4.967900,60.035726
4.968000,60.035764
4.968100,60.035792
4.968200,60.035390
4.968300,60.035168
4.968400,60.034365
4.968500,60.034300
4.968600,60.034088
4.968700,60.033156
4.968800,60.033048
4.968900,60.032453
4.969000,60.032910
4.969100,60.032650
4.969200,60.033669
4.969300,60.034905
4.969400,60.036118
4.969500,60.037061
4.969600,60.038519
4.969700,60.040028
4.969800,60.041439
4.969900,60.043141
4.970000,60.045097
4.970100,60.046210
4.970200,60.048422
4.970300,60.049700
4.970400,60.049294
4.970500,60.047485
4.970600,60.045701
4.970700,60.042178
4.970800,60.036460
4.970900,60.029745
4.971000,60.024217
4.971100,60.017640
4.971200,60.010834
4.971300,60.004029
4.971400,59.997777
4.971500,59.990351
4.971600,59.983183
4.971700,59.973217
4.971800,59.961735
4.971900,59.946734
4.972000,59.931443
4.972100,59.921168
4.972200,59.918313
4.972300,59.915319
4.972400,59.920788
4.972500,59.925701
4.972600,59.936658
4.972700,59.949133
4.972800,59.959507
4.972900,59.967207
4.973000,59.972604
4.973100,59.975708
4.973200,59.978080
4.973300,59.975699
4.973400,59.974184
4.973500,59.971757
4.973600,59.969032
4.973700,59.967577
4.973800,59.967126
4.973900,59.967544
4.974000,59.968541
4.974100,59.969996
4.974200,59.971591
4.974300,59.973359
4.974400,59.974877
4.974500,59.975871
4.974600,59.975835
4.974700,59.975534
4.974800,59.975856
4.974900,59.975354
4.975000,59.974253
4.975100,59.972373
4.975200,59.970885
4.975300,59.969356
4.975400,59.968045
4.975500,59.966585
4.975600,59.965776
4.975700,59.964760
4.975800,59.964081
4.975900,59.963617
4.976000,59.962938
4.976100,59.962587
4.976200,59.961740
4.976300,59.961826
4.976400,59.961636
4.976500,59.961506
4.976600,59.961068
4.976700,59.960905
4.976800,59.960117
4.976900,59.959409
4.977000,59.959240
4.977100,59.959053
4.977200,59.958941
4.977300,59.958539
4.977400,59.958850
4.977500,59.959694
4.977600,59.960116
4.977700,59.961091
4.977800,59.962066
4.977900,59.963396
4.978000,59.965173
4.978100,59.967270
4.978200,59.969005
4.978300,59.970405
4.978400,59.972270
4.978500,59.974041
4.978600,59.975974
4.978700,59.976010
4.978800,59.975304
4.978900,59.974971
4.979000,59.972780
4.979100,59.968361
4.979200,59.962156
4.979300,59.954825
4.979400,59.948319
4.979500,59.940813
4.979600,59.932974
4.979700,59.926101
4.979800,59.918129
4.979900,59.908499
4.980000,59.897235
4.980100,59.883461
4.980200,59.870109
4.980300,59.860939
4.980400,59.853719
4.980500,59.849307
4.980600,59.855767
4.980700,59.865023
4.980800,59.874154
4.980900,59.891208
4.981000,59.906665
4.981100,59.919672
4.981200,59.934670
4.981300,59.946742
4.981400,59.953297
4.981500,59.956499
4.981600,59.956303
4.981700,59.953999
4.981800,59.951472
4.981900,59.947983
4.982000,59.946086
4.982100,59.945148
4.982200,59.945070
4.982300,59.945598
4.982400,59.946830
4.982500,59.948476
4.982600,59.950303
4.982700,59.952560
4.982800,59.953887
4.982900,59.954673
4.983000,59.955119
4.983100,59.955501
4.983200,59.955208
4.983300,59.954077
4.983400,59.953332
4.983500,59.951751
4.983600,59.951039
4.983700,59.950004
4.983800,59.948552
4.983900,59.947559
4.984000,59.947191
4.984100,59.946556
4.984200,59.946188
4.984300,59.945698
4.984400,59.945443
4.984500,59.945263
4.984600,59.944841
4.984700,59.944588
4.984800,59.944889
4.984900,59.945034
4.985000,59.944368
4.985100,59.944512
4.985200,59.944755
4.985300,59.944362
4.985400,59.944479
4.985500,59.943762
4.985600,59.943641
4.985700,59.943176
4.985800,59.943621
4.985900,59.944769
4.986000,59.946437
4.986100,59.948098
4.986200,59.949204
4.986300,59.951196
4.986400,59.953178
4.986500,59.955330
4.986600,59.957391
4.986700,59.959728
4.986800,59.961991
4.986900,59.963138
4.987000,59.963285
4.987100,59.962398
4.987200,59.962273
4.987300,59.963351
4.987400,59.960896
4.987500,59.957561
4.987600,59.952259
4.987700,59.945977
4.987800,59.939467
4.987900,59.932787
4.988000,59.924659
4.988100,59.915981
4.988200,59.904826
4.988300,59.894395
4.988400,59.882647
4.988500,59.875122
4.988600,59.869553
4.988700,59.866164
4.988800,59.869860
4.988900,59.879386
4.989000,59.894993
4.989100,59.911071
4.989200,59.925832
4.989300,59.938751
4.989400,59.950876
4.989500,59.965649
4.989600,59.979957
4.989700,59.993092
4.989800,59.997749
4.989900,59.999466
4.990000,59.999126
4.990100,59.996973
4.990200,59.994382
4.990300,59.991451
4.990400,59.989506
4.990500,59.988653
4.990600,59.988697
4.990700,59.989353
4.990800,59.990521
4.990900,59.992285
4.991000,59.994055
4.991100,59.995523
4.991200,59.996259
4.991300,59.997403
4.991400,59.997474
4.991500,59.997024
4.991600,59.996316
4.991700,59.995673
4.991800,59.995276
4.991900,59.994131
4.992000,59.993362
4.992100,59.992713
4.992200,59.992219
4.992300,59.991593
4.992400,59.991205
4.992500,59.990711
4.992600,59.990272
4.992700,59.990320
4.992800,59.989964
4.992900,59.989606
4.993000,59.989469
4.993100,59.989785
4.993200,59.989981
4.993300,59.990204
4.993400,59.990031
4.993500,59.990501
4.993600,59.990293
4.993700,59.990211
4.993800,59.990092
4.993900,59.990630
4.994000,59.990396
4.994100,59.991541
4.994200,59.992525
4.994300,59.992891
4.994400,59.994730
4.994500,59.996436
4.994600,59.998292
4.994700,59.999262
4.994800,60.002255
4.994900,60.005071
4.995000,60.007013
4.995100,60.008914
4.995200,60.010299
4.995300,60.012247
4.995400,60.013047
4.995500,60.014696
4.995600,60.013327
4.995700,60.012835
4.995800,60.010409
4.995900,60.006693
4.996000,60.002008
4.996100,59.995232
4.996200,59.989401
4.996300,59.982005
4.996400,59.972152
4.996500,59.963982
4.996600,59.955972
4.996700,59.945468
4.996800,59.934201
4.996900,59.927382
4.997000,59.923015
4.997100,59.925868
4.997200,59.933452
4.997300,59.950268
4.997400,59.965436
4.997500,59.980600
4.997600,59.993827
4.997700,60.005721
4.997800,60.017218
4.997900,60.031311
4.998000,60.045361
4.998100,60.053206
4.998200,60.056787
4.998300,60.059195
4.998400,60.055946
4.998500,60.053572
4.998600,60.051503
4.998700,60.049092
4.998800,60.047862
4.998900,60.047427
4.999000,60.047754
4.999100,60.048699
4.999200,60.050212
4.999300,60.051865
4.999400,60.053156
4.999500,60.054171
4.999600,60.055029
4.999700,60.055648
4.999800,60.056023
4.999900,60.055261
