t,f_hat
2.500000,59.995250
2.500100,60.008910
2.500200,59.996598
2.500300,59.992832
2.500400,59.985586
2.500500,59.985155
2.500600,59.985076
2.500700,59.986915
2.500800,59.987017
2.500900,59.986702
2.501000,59.986888
2.501100,59.986463
2.501200,59.985905
2.501300,59.986867
2.501400,59.987612
2.501500,59.986599
2.501600,59.987209
2.501700,59.987157
2.501800,59.986938
2.501900,59.986666
2.502000,59.987178
2.502100,59.987275
2.502200,59.987056
2.502300,59.987096
2.502400,59.987159
2.502500,59.987488
2.502600,59.987002
2.502700,59.986990
2.502800,59.987303
2.502900,59.987368
2.503000,59.986947
2.503100,59.987129
2.503200,59.987174
2.503300,59.987277
2.503400,59.987030
2.503500,59.987605
2.503600,59.987290
2.503700,59.986902
2.503800,59.986893
2.503900,59.987413
2.504000,59.986951
2.504100,59.987081
2.504200,59.986782
2.504300,59.986731
2.504400,59.986776
2.504500,59.987192
2.504600,59.987429
2.504700,59.987729
2.504800,59.987067
2.504900,59.986931
2.505000,59.987366
2.505100,59.987104
2.505200,59.987864
2.505300,59.987587
2.505400,59.987238
2.505500,59.987161
2.505600,59.986975
2.505700,59.987527
2.505800,59.987278
2.505900,59.987492
2.506000,59.986450
2.506100,59.985487
2.506200,59.986903
2.506300,59.988751
2.506400,59.987027
2.506500,59.987067
2.506600,59.988561
2.506700,59.986834
2.506800,59.984631
2.506900,59.988203
2.507000,59.984825
2.507100,59.988341
2.507200,59.989268
2.507300,59.986082
2.507400,59.990114
2.507500,59.991761
2.507600,59.992254
2.507700,59.988043
2.507800,59.994501
2.507900,59.993255
2.508000,59.994857
2.508100,59.988054
2.508200,60.003247
2.508300,60.023053
2.508400,60.014447
2.508500,60.018025
2.508600,60.010629
2.508700,60.000225
2.508800,60.008061
2.508900,60.006754
2.509000,60.007723
2.509100,60.008074
2.509200,60.008039
2.509300,60.009201
2.509400,60.008741
2.509500,60.006878
2.509600,60.008571
2.509700,60.008681
2.509800,60.009422
2.509900,60.008046
2.510000,60.008432
2.510100,60.008486
2.510200,60.007905
2.510300,60.007771
2.510400,60.008417
2.510500,60.007999
2.510600,60.007793
2.510700,60.008022
2.510800,60.007563
2.510900,60.007983
2.511000,60.007834
2.511100,60.007926
2.511200,60.008005
2.511300,60.008389
2.511400,60.008101
2.511500,60.007736
2.511600,60.007784
2.511700,60.007968
2.511800,60.007616
2.511900,60.007960
2.512000,60.007630
2.512100,60.007948
2.512200,60.007619
2.512300,60.008002
2.512400,60.008388
2.512500,60.007695
2.512600,60.007928
2.512700,60.007907
2.512800,60.008226
2.512900,60.008071
2.513000,60.007792
2.513100,60.007950
2.513200,60.007817
2.513300,60.007812
2.513400,60.007997
2.513500,60.008512
2.513600,60.007800
2.513700,60.008141
2.513800,60.007553
2.513900,60.007720
2.514000,60.007379
2.514100,60.007809
2.514200,60.008045
2.514300,60.008914
2.514400,60.008070
2.514500,60.007296
2.514600,60.007724
2.514700,60.007676
2.514800,60.008358
2.514900,60.008710
2.515000,60.008398
2.515100,60.006988
2.515200,60.006962
2.515300,60.009990
2.515400,60.013003
2.515500,60.009627
2.515600,60.012055
2.515700,60.017033
2.515800,60.021311
2.515900,60.019180
2.516000,60.009804
2.516100,59.999344
2.516200,59.995743
2.516300,59.988977
2.516400,59.995046
2.516500,59.998991
2.516600,59.998313
2.516700,60.019392
2.516800,60.016904
2.516900,60.003827
2.517000,59.995993
2.517100,59.995412
2.517200,60.002215
2.517300,60.000287
2.517400,60.000179
2.517500,60.000181
2.517600,60.000142
2.517700,59.999804
2.517800,59.999297
2.517900,59.999892
2.518000,59.999888
2.518100,60.000102
2.518200,59.999022
2.518300,59.999060
2.518400,59.998390
2.518500,59.998724
2.518600,59.998226
2.518700,59.998197
2.518800,59.998766
2.518900,59.998533
2.519000,59.998649
2.519100,59.999147
2.519200,59.999057
2.519300,59.998978
2.519400,59.998691
2.519500,59.999190
2.519600,59.999332
2.519700,59.998934
2.519800,59.999040
2.519900,59.998989
2.520000,59.999023
2.520100,59.998956
2.520200,59.999014
2.520300,59.999128
2.520400,59.999208
2.520500,59.999225
2.520600,59.998996
2.520700,59.999258
2.520800,59.999447
2.520900,59.999236
2.521000,59.999740
2.521100,59.999242
2.521200,59.998912
2.521300,59.999211
2.521400,59.999016
2.521500,59.998932
2.521600,59.999222
2.521700,59.999235
2.521800,59.998976
2.521900,59.998606
2.522000,59.999262
2.522100,59.998924
2.522200,59.998962
2.522300,59.999089
2.522400,59.998731
2.522500,60.000177
2.522600,59.999296
2.522700,59.999230
2.522800,59.999078
2.522900,59.999940
2.523000,59.998384
2.523100,59.998450
2.523200,59.998423
2.523300,59.998340
2.523400,59.996697
2.523500,59.997530
2.523600,59.999297
2.523700,59.995889
2.523800,59.995902
2.523900,60.001267
2.524000,60.006783
2.524100,60.004819
2.524200,60.004407
2.524300,60.000405
2.524400,59.990163
2.524500,59.978792
2.524600,59.969080
2.524700,59.980324
2.524800,59.961991
2.524900,59.941576
2.525000,59.958656
2.525100,59.954200
2.525200,59.974765
2.525300,59.987787
2.525400,59.985461
2.525500,59.976872
2.525600,59.976778
2.525700,59.976732
2.525800,59.976532
2.525900,59.977171
2.526000,59.976249
2.526100,59.976127
2.526200,59.976773
2.526300,59.976590
2.526400,59.975437
2.526500,59.975153
2.526600,59.975555
2.526700,59.975616
2.526800,59.975188
2.526900,59.976093
2.527000,59.975984
2.527100,59.975798
2.527200,59.975559
2.527300,59.975464
2.527400,59.975526
2.527500,59.975819
2.527600,59.975901
2.527700,59.975968
2.527800,59.975668
2.527900,59.975697
2.528000,59.976220
2.528100,59.975821
2.528200,59.975666
2.528300,59.975752
2.528400,59.975899
2.528500,59.975943
2.528600,59.975798
2.528700,59.975701
2.528800,59.975633
2.528900,59.975245
2.529000,59.975477
2.529100,59.975483
2.529200,59.975850
2.529300,59.975552
2.529400,59.975692
2.529500,59.975838
2.529600,59.975716
2.529700,59.975794
2.529800,59.976155
2.529900,59.976121
2.530000,59.975766
2.530100,59.975541
2.530200,59.975748
2.530300,59.975828
2.530400,59.975332
2.530500,59.975400
2.530600,59.975591
2.530700,59.975287
2.530800,59.975303
2.530900,59.975792
2.531000,59.977054
2.531100,59.976788
2.531200,59.976560
2.531300,59.976395
2.531400,59.977847
2.531500,59.975859
2.531600,59.975118
2.531700,59.978084
2.531800,59.975836
2.531900,59.976875
2.532000,59.975332
2.532100,59.973472
2.532200,59.974399
2.532300,59.979727
2.532400,59.977047
2.532500,59.972308
2.532600,59.979358
2.532700,59.983625
2.532800,59.991319
2.532900,59.992242
2.533000,59.992917
2.533100,60.012308
2.533200,59.995619
2.533300,60.007626
2.533400,60.019377
2.533500,60.021258
2.533600,60.025809
2.533700,60.037240
2.533800,60.039707
2.533900,60.035474
2.534000,60.036188
2.534100,60.036201
2.534200,60.035933
2.534300,60.036262
2.534400,60.035661
2.534500,60.036375
2.534600,60.037051
2.534700,60.038737
2.534800,60.037538
2.534900,60.037827
2.535000,60.037983
2.535100,60.037878
2.535200,60.037866
2.535300,60.037871
2.535400,60.037954
2.535500,60.037864
2.535600,60.038356
2.535700,60.038000
2.535800,60.038054
2.535900,60.038273
2.536000,60.038260
2.536100,60.038022
2.536200,60.038484
2.536300,60.038024
2.536400,60.038114
2.536500,60.037671
2.536600,60.037887
2.536700,60.038117
2.536800,60.038407
2.536900,60.038226
2.537000,60.038135
2.537100,60.038102
2.537200,60.038130
2.537300,60.038461
2.537400,60.038011
2.537500,60.038585
2.537600,60.038247
2.537700,60.038135
2.537800,60.038036
2.537900,60.037772
2.538000,60.038229
2.538100,60.038655
2.538200,60.038291
2.538300,60.038247
2.538400,60.037484
2.538500,60.038201
2.538600,60.038280
2.538700,60.038898
2.538800,60.039335
2.538900,60.039097
2.539000,60.038386
2.539100,60.038978
2.539200,60.037873
2.539300,60.038381
2.539400,60.038793
2.539500,60.039519
2.539600,60.038691
2.539700,60.038792
2.539800,60.037761
2.539900,60.037346
2.540000,60.038964
2.540100,60.038936
2.540200,60.039011
2.540300,60.038838
2.540400,60.036941
2.540500,60.037307
2.540600,60.037325
2.540700,60.038424
2.540800,60.037067
2.540900,60.042954
2.541000,60.038369
2.541100,60.030928
2.541200,60.018379
2.541300,60.013179
2.541400,60.003127
2.541500,60.006042
2.541600,60.028558
2.541700,60.034228
2.541800,60.029583
2.541900,60.034343
2.542000,60.022304
2.542100,60.017533
2.542200,60.018043
2.542300,60.020707
2.542400,60.020871
2.542500,60.021268
2.542600,60.021572
2.542700,60.022538
2.542800,60.022101
2.542900,60.022854
2.543000,60.022759
2.543100,60.022127
2.543200,60.020974
2.543300,60.021251
2.543400,60.021242
2.543500,60.021693
2.543600,60.021008
2.543700,60.021675
2.543800,60.021394
2.543900,60.022043
2.544000,60.021271
2.544100,60.021511
2.544200,60.021542
2.544300,60.021280
2.544400,60.021514
2.544500,60.021987
2.544600,60.021474
2.544700,60.021671
2.544800,60.021318
2.544900,60.021255
2.545000,60.021755
2.545100,60.021864
2.545200,60.021841
2.545300,60.021756
2.545400,60.021615
2.545500,60.021440
2.545600,60.021430
2.545700,60.021436
2.545800,60.021331
2.545900,60.021396
2.546000,60.021476
2.546100,60.021537
2.546200,60.021255
2.546300,60.021037
2.546400,60.020965
2.546500,60.021112
2.546600,60.021815
2.546700,60.021449
2.546800,60.021629
2.546900,60.022227
2.547000,60.021449
2.547100,60.022199
2.547200,60.021782
2.547300,60.021631
2.547400,60.021522
2.547500,60.021924
2.547600,60.021988
2.547700,60.021593
2.547800,60.020927
2.547900,60.021446
2.548000,60.021985
2.548100,60.024126
2.548200,60.022093
2.548300,60.022751
2.548400,60.022363
2.548500,60.022547
2.548600,60.022539
2.548700,60.025059
2.548800,60.025575
2.548900,60.023884
2.549000,60.025726
2.549100,60.022168
2.549200,60.026742
2.549300,60.030289
2.549400,60.029751
2.549500,60.039777
2.549600,60.036843
2.549700,60.028277
2.549800,60.036987
2.549900,60.024204
2.550000,60.030286
2.550100,60.034831
2.550200,60.049290
2.550300,60.049442
2.550400,60.051309
2.550500,60.051627
2.550600,60.047696
2.550700,60.048362
2.550800,60.048385
2.550900,60.047803
2.551000,60.047386
2.551100,60.049168
2.551200,60.048269
2.551300,60.048434
2.551400,60.047496
2.551500,60.047974
2.551600,60.048019
2.551700,60.048248
2.551800,60.047897
2.551900,60.048627
2.552000,60.048443
2.552100,60.048756
2.552200,60.048119
2.552300,60.048313
2.552400,60.047847
2.552500,60.048214
2.552600,60.048159
2.552700,60.048010
2.552800,60.047827
2.552900,60.048150
2.553000,60.048047
2.553100,60.048283
2.553200,60.047961
2.553300,60.047898
2.553400,60.048156
2.553500,60.048332
2.553600,60.048682
2.553700,60.048133
2.553800,60.048124
2.553900,60.048529
2.554000,60.047879
2.554100,60.047879
2.554200,60.048173
2.554300,60.047878
2.554400,60.048266
2.554500,60.048225
2.554600,60.048303
2.554700,60.048014
2.554800,60.048225
2.554900,60.048586
2.555000,60.048235
2.555100,60.048546
2.555200,60.048046
2.555300,60.048140
2.555400,60.048259
2.555500,60.047063
2.555600,60.047621
2.555700,60.047139
2.555800,60.047713
2.555900,60.047770
2.556000,60.047640
2.556100,60.047186
2.556200,60.047499
2.556300,60.049603
2.556400,60.047994
2.556500,60.048621
2.556600,60.047887
2.556700,60.047485
2.556800,60.049344
2.556900,60.048205
2.557000,60.048022
2.557100,60.049263
2.557200,60.044764
2.557300,60.046990
2.557400,60.045875
2.557500,60.050437
2.557600,60.059177
2.557700,60.053567
2.557800,60.045843
2.557900,60.039049
2.558000,60.030586
2.558100,60.028448
2.558200,60.022833
2.558300,60.009758
2.558400,60.001436
2.558500,59.986685
2.558600,59.997711
2.558700,60.000476
2.558800,59.994965
2.558900,59.990604
2.559000,59.990324
2.559100,59.990217
2.559200,59.989477
2.559300,59.988880
2.559400,59.988926
2.559500,59.989529
2.559600,59.988131
2.559700,59.989207
2.559800,59.989151
2.559900,59.988612
2.560000,59.989589
2.560100,59.988493
2.560200,59.989234
2.560300,59.988239
2.560400,59.987964
2.560500,59.988513
2.560600,59.987976
2.560700,59.987970
2.560800,59.988400
2.560900,59.988059
2.561000,59.988048
2.561100,59.988153
2.561200,59.988091
2.561300,59.988442
2.561400,59.988709
2.561500,59.988899
2.561600,59.988610
2.561700,59.988143
2.561800,59.988433
2.561900,59.988029
2.562000,59.987825
2.562100,59.987923
2.562200,59.987890
2.562300,59.987877
2.562400,59.987989
2.562500,59.988394
2.562600,59.988180
2.562700,59.987852
2.562800,59.988151
2.562900,59.987957
2.563000,59.987971
2.563100,59.987815
2.563200,59.988276
2.563300,59.988829
2.563400,59.989024
2.563500,59.988337
2.563600,59.987816
2.563700,59.988164
2.563800,59.988084
2.563900,59.987349
2.564000,59.987636
2.564100,59.988388
2.564200,59.988380
2.564300,59.987218
2.564400,59.986242
2.564500,59.987912
2.564600,59.988149
2.564700,59.987899
2.564800,59.986318
2.564900,59.987967
2.565000,59.987585
2.565100,59.990052
2.565200,59.989956
2.565300,59.988828
2.565400,59.988330
2.565500,59.987928
2.565600,59.986848
2.565700,59.991018
2.565800,59.989793
2.565900,59.991165
2.566000,59.987090
2.566100,59.985139
2.566200,59.986105
2.566300,59.978384
2.566400,59.982969
2.566500,59.997266
2.566600,60.017235
2.566700,60.011818
2.566800,59.996154
2.566900,59.989665
2.567000,59.977437
2.567100,59.982347
2.567200,59.985384
2.567300,59.986379
2.567400,59.985679
2.567500,59.985654
2.567600,59.984768
2.567700,59.985215
2.567800,59.984487
2.567900,59.983916
2.568000,59.984431
2.568100,59.984990
2.568200,59.984807
2.568300,59.985887
2.568400,59.984624
2.568500,59.984993
2.568600,59.984302
2.568700,59.985086
2.568800,59.985435
2.568900,59.984895
2.569000,59.984933
2.569100,59.984617
2.569200,59.984811
2.569300,59.984998
2.569400,59.984638
2.569500,59.985167
2.569600,59.984828
2.569700,59.984931
2.569800,59.984760
2.569900,59.984727
2.570000,59.984611
2.570100,59.984211
2.570200,59.984539
2.570300,59.984495
2.570400,59.984286
2.570500,59.984650
2.570600,59.984795
2.570700,59.984783
2.570800,59.984614
2.570900,59.984262
2.571000,59.984345
2.571100,59.984473
2.571200,59.984850
2.571300,59.984422
2.571400,59.984312
2.571500,59.984572
2.571600,59.984630
2.571700,59.984725
2.571800,59.985065
2.571900,59.984513
2.572000,59.985242
2.572100,59.984617
2.572200,59.984348
2.572300,59.984640
2.572400,59.985544
2.572500,59.985209
2.572600,59.985401
2.572700,59.983835
2.572800,59.984937
2.572900,59.986253
2.573000,59.985165
2.573100,59.984170
2.573200,59.986228
2.573300,59.983838
2.573400,59.985565
2.573500,59.985814
2.573600,59.982342
2.573700,59.979570
2.573800,59.982325
2.573900,59.985247
2.574000,59.987371
2.574100,59.991236
2.574200,59.993792
2.574300,59.992254
2.574400,59.994945
2.574500,59.994705
2.574600,59.995039
2.574700,59.993742
2.574800,59.999697
2.574900,60.001834
2.575000,59.986574
2.575100,60.003894
2.575200,60.024410
2.575300,60.028850
2.575400,60.016901
2.575500,60.022275
2.575600,60.022855
2.575700,60.022053
2.575800,60.021960
2.575900,60.022267
2.576000,60.022864
2.576100,60.022069
2.576200,60.023363
2.576300,60.022543
2.576400,60.022394
2.576500,60.020917
2.576600,60.020526
2.576700,60.020866
2.576800,60.021034
2.576900,60.020997
2.577000,60.020736
2.577100,60.021362
2.577200,60.021159
2.577300,60.021582
2.577400,60.021814
2.577500,60.021122
2.577600,60.021325
2.577700,60.021350
2.577800,60.021700
2.577900,60.021657
2.578000,60.021745
2.578100,60.021667
2.578200,60.021269
2.578300,60.021116
2.578400,60.021359
2.578500,60.021452
2.578600,60.021266
2.578700,60.021275
2.578800,60.020875
2.578900,60.021409
2.579000,60.020986
2.579100,60.021408
2.579200,60.020996
2.579300,60.021401
2.579400,60.020700
2.579500,60.021153
2.579600,60.020920
2.579700,60.021305
2.579800,60.021114
2.579900,60.021001
2.580000,60.021977
2.580100,60.021495
2.580200,60.021952
2.580300,60.021137
2.580400,60.021293
2.580500,60.022051
2.580600,60.020834
2.580700,60.020501
2.580800,60.022067
2.580900,60.022346
2.581000,60.021173
2.581100,60.022470
2.581200,60.021697
2.581300,60.021464
2.581400,60.021725
2.581500,60.020258
2.581600,60.020994
2.581700,60.023841
2.581800,60.023643
2.581900,60.024296
2.582000,60.022132
2.582100,60.022845
2.582200,60.022368
2.582300,60.022613
2.582400,60.022290
2.582500,60.022933
2.582600,60.018286
2.582700,60.009969
2.582800,60.007605
2.582900,60.006351
2.583000,60.010697
2.583100,60.006120
2.583200,60.005836
2.583300,60.009605
2.583400,60.000506
2.583500,60.004104
2.583600,60.005231
2.583700,59.996845
2.583800,59.987239
2.583900,59.987900
2.584000,59.986741
2.584100,59.987066
2.584200,59.986924
2.584300,59.987470
2.584400,59.986671
2.584500,59.986801
2.584600,59.986977
2.584700,59.987091
2.584800,59.986822
2.584900,59.986898
2.585000,59.986520
2.585100,59.986695
2.585200,59.985608
2.585300,59.985414
2.585400,59.985272
2.585500,59.985637
2.585600,59.985604
2.585700,59.985614
2.585800,59.985792
2.585900,59.985863
2.586000,59.985533
2.586100,59.985573
2.586200,59.985666
2.586300,59.985521
2.586400,59.985584
2.586500,59.985357
2.586600,59.985573
2.586700,59.985830
2.586800,59.985440
2.586900,59.985602
2.587000,59.985696
2.587100,59.985908
2.587200,59.985770
2.587300,59.985499
2.587400,59.985643
2.587500,59.986152
2.587600,59.985947
2.587700,59.985975
2.587800,59.985308
2.587900,59.985575
2.588000,59.985181
2.588100,59.985685
2.588200,59.985474
2.588300,59.985299
2.588400,59.985355
2.588500,59.985462
2.588600,59.985882
2.588700,59.985490
2.588800,59.985560
2.588900,59.985589
2.589000,59.985200
2.589100,59.985005
2.589200,59.984940
2.589300,59.984628
2.589400,59.986506
2.589500,59.985074
2.589600,59.985665
2.589700,59.985741
2.589800,59.986694
2.589900,59.986350
2.590000,59.984249
2.590100,59.986764
2.590200,59.988234
2.590300,59.986354
2.590400,59.985146
2.590500,59.985562
2.590600,59.987974
2.590700,59.987397
2.590800,59.982990
2.590900,59.991872
2.591000,59.994179
2.591100,59.984607
2.591200,59.989058
2.591300,59.987346
2.591400,59.982014
2.591500,59.980309
2.591600,59.965471
2.591700,59.984420
2.591800,59.992452
2.591900,59.999831
2.592000,59.994088
2.592100,59.988808
2.592200,59.987664
2.592300,59.986155
2.592400,59.986173
2.592500,59.985840
2.592600,59.985321
2.592700,59.985674
2.592800,59.985775
2.592900,59.984614
2.593000,59.984841
2.593100,59.985072
2.593200,59.986113
2.593300,59.986379
2.593400,59.986169
2.593500,59.985436
2.593600,59.985473
2.593700,59.985280
2.593800,59.985476
2.593900,59.985294
2.594000,59.985779
2.594100,59.985644
2.594200,59.985731
2.594300,59.985931
2.594400,59.986132
2.594500,59.985795
2.594600,59.985449
2.594700,59.985464
2.594800,59.985514
2.594900,59.985230
2.595000,59.985467
2.595100,59.985715
2.595200,59.985422
2.595300,59.985550
2.595400,59.985711
2.595500,59.985135
2.595600,59.985345
2.595700,59.985077
2.595800,59.985810
2.595900,59.986058
2.596000,59.985916
2.596100,59.985430
2.596200,59.985670
2.596300,59.985416
2.596400,59.984996
2.596500,59.985951
2.596600,59.985412
2.596700,59.985374
2.596800,59.985638
2.596900,59.986041
2.597000,59.986023
2.597100,59.985919
2.597200,59.985938
2.597300,59.985398
2.597400,59.984197
2.597500,59.985378
2.597600,59.985879
2.597700,59.985376
2.597800,59.985418
2.597900,59.985467
2.598000,59.986716
2.598100,59.986411
2.598200,59.986300
2.598300,59.987091
2.598400,59.987824
2.598500,59.986647
2.598600,59.985518
2.598700,59.987425
2.598800,59.988450
2.598900,59.988238
2.599000,59.986580
2.599100,59.985127
2.599200,59.982728
2.599300,59.982782
2.599400,59.989424
2.599500,59.989433
2.599600,59.998996
2.599700,59.989124
2.599800,60.009650
2.599900,59.988660
2.600000,59.979302
2.600100,60.001953
2.600200,59.985288
2.600300,59.987632
2.600400,59.994055
2.600500,59.992966
2.600600,59.991461
2.600700,59.992050
2.600800,59.992046
2.600900,59.991967
2.601000,59.990731
2.601100,59.992384
2.601200,59.990599
2.601300,59.991382
2.601400,59.991203
2.601500,59.991164
2.601600,59.991059
2.601700,59.991038
2.601800,59.990725
2.601900,59.991001
2.602000,59.990422
2.602100,59.990854
2.602200,59.990952
2.602300,59.990654
2.602400,59.990737
2.602500,59.991024
2.602600,59.990855
2.602700,59.990801
2.602800,59.990839
2.602900,59.991166
2.603000,59.991035
2.603100,59.990736
2.603200,59.990584
2.603300,59.990651
2.603400,59.990651
2.603500,59.990760
2.603600,59.990841
2.603700,59.991180
2.603800,59.990816
2.603900,59.990688
2.604000,59.991010
2.604100,59.990507
2.604200,59.990486
2.604300,59.990656
2.604400,59.990558
2.604500,59.990881
2.604600,59.990554
2.604700,59.990794
2.604800,59.990828
2.604900,59.990979
2.605000,59.990506
2.605100,59.991274
2.605200,59.990801
2.605300,59.991013
2.605400,59.990927
2.605500,59.991549
2.605600,59.991257
2.605700,59.990482
2.605800,59.989727
2.605900,59.990288
2.606000,59.990379
2.606100,59.990069
2.606200,59.990660
2.606300,59.991288
2.606400,59.991991
2.606500,59.990744
2.606600,59.991399
2.606700,59.992536
2.606800,59.990920
2.606900,59.992814
2.607000,59.994625
2.607100,59.994842
2.607200,59.993627
2.607300,59.993889
2.607400,59.993345
2.607500,59.991784
2.607600,59.993091
2.607700,59.988924
2.607800,59.981765
2.607900,59.978897
2.608000,59.991617
2.608100,60.003864
2.608200,59.994317
2.608300,59.976846
2.608400,59.978863
2.608500,59.992303
2.608600,59.992897
2.608700,59.988184
2.608800,59.986168
2.608900,59.988704
2.609000,59.988740
2.609100,59.988758
2.609200,59.987602
2.609300,59.989037
2.609400,59.989242
2.609500,59.989145
2.609600,59.988186
2.609700,59.988109
2.609800,59.987422
2.609900,59.987757
2.610000,59.988159
2.610100,59.988287
2.610200,59.988318
2.610300,59.987922
2.610400,59.988253
2.610500,59.988032
2.610600,59.988392
2.610700,59.988598
2.610800,59.988269
2.610900,59.988042
2.611000,59.988202
2.611100,59.987914
2.611200,59.988070
2.611300,59.988170
2.611400,59.988481
2.611500,59.988415
2.611600,59.988093
2.611700,59.988312
2.611800,59.988176
2.611900,59.988152
2.612000,59.988240
2.612100,59.988332
2.612200,59.988217
2.612300,59.988355
2.612400,59.988082
2.612500,59.987906
2.612600,59.988018
2.612700,59.988134
2.612800,59.988094
2.612900,59.988565
2.613000,59.988086
2.613100,59.988624
2.613200,59.988369
2.613300,59.988128
2.613400,59.988131
2.613500,59.988254
2.613600,59.987684
2.613700,59.987469
2.613800,59.988538
2.613900,59.988385
2.614000,59.987505
2.614100,59.987761
2.614200,59.988434
2.614300,59.988112
2.614400,59.987578
2.614500,59.988368
2.614600,59.987838
2.614700,59.989255
2.614800,59.987885
2.614900,59.987581
2.615000,59.987698
2.615100,59.988094
2.615200,59.988468
2.615300,59.986259
2.615400,59.985630
2.615500,59.989290
2.615600,59.989255
2.615700,59.994810
2.615800,59.996266
2.615900,59.993407
2.616000,59.994790
2.616100,60.000508
2.616200,60.002210
2.616300,60.008498
2.616400,59.998898
2.616500,59.986349
2.616600,59.991809
2.616700,60.001132
2.616800,59.987411
2.616900,59.999191
2.617000,59.998168
2.617100,60.001311
2.617200,60.002183
2.617300,60.000120
2.617400,60.000065
2.617500,59.999628
2.617600,59.999462
2.617700,60.000087
2.617800,60.000026
2.617900,60.000867
2.618000,59.999602
2.618100,59.998853
2.618200,59.998834
2.618300,59.998452
2.618400,59.999340
2.618500,59.999416
2.618600,59.999400
2.618700,59.999975
2.618800,59.999555
2.618900,60.000017
2.619000,59.999752
2.619100,60.000251
2.619200,59.999588
2.619300,59.999283
2.619400,59.999444
2.619500,59.999413
2.619600,59.999394
2.619700,59.999364
2.619800,59.999403
2.619900,59.999583
2.620000,59.999554
2.620100,59.999375
2.620200,59.999468
2.620300,59.999526
2.620400,59.999372
2.620500,59.999572
2.620600,59.999383
2.620700,59.999636
2.620800,59.999622
2.620900,59.999776
2.621000,59.999402
2.621100,59.999650
2.621200,59.999405
2.621300,59.999393
2.621400,59.998951
2.621500,59.999151
2.621600,59.999179
2.621700,59.999473
2.621800,59.998921
2.621900,59.999304
2.622000,60.000014
2.622100,60.000216
2.622200,59.999272
2.622300,59.999912
2.622400,60.000107
2.622500,59.999704
2.622600,60.000313
2.622700,60.000687
2.622800,60.000238
2.622900,59.999958
2.623000,59.999669
2.623100,59.998508
2.623200,59.996955
2.623300,59.998759
2.623400,59.998160
2.623500,59.996519
2.623600,59.999222
2.623700,60.001996
2.623800,60.005718
2.623900,60.005197
2.624000,60.010261
2.624100,60.011701
2.624200,60.013584
2.624300,60.006166
2.624400,60.002871
2.624500,59.997562
2.624600,59.990271
2.624700,59.979444
2.624800,59.970227
2.624900,59.968820
2.625000,59.990913
2.625100,59.989194
2.625200,59.982390
2.625300,59.979534
2.625400,59.983825
2.625500,59.986415
2.625600,59.989100
2.625700,59.989780
2.625800,59.989817
2.625900,59.990669
2.626000,59.990697
2.626100,59.991791
2.626200,59.992333
2.626300,59.991730
2.626400,59.990537
2.626500,59.990833
2.626600,59.990747
2.626700,59.991260
2.626800,59.991113
2.626900,59.991500
2.627000,59.991903
2.627100,59.991405
2.627200,59.991345
2.627300,59.991488
2.627400,59.991722
2.627500,59.991495
2.627600,59.991566
2.627700,59.991405
2.627800,59.991206
2.627900,59.990898
2.628000,59.991298
2.628100,59.991650
2.628200,59.991276
2.628300,59.991460
2.628400,59.991680
2.628500,59.991420
2.628600,59.991216
2.628700,59.991406
2.628800,59.991117
2.628900,59.991347
2.629000,59.991275
2.629100,59.991912
2.629200,59.991342
2.629300,59.991572
2.629400,59.990909
2.629500,59.991102
2.629600,59.991409
2.629700,59.991208
2.629800,59.991400
2.629900,59.990698
2.630000,59.990857
2.630100,59.990842
2.630200,59.991436
2.630300,59.991549
2.630400,59.991064
2.630500,59.991795
2.630600,59.991954
2.630700,59.991752
2.630800,59.990998
2.630900,59.990736
2.631000,59.991435
2.631100,59.989956
2.631200,59.991492
2.631300,59.992222
2.631400,59.991186
2.631500,59.992269
2.631600,59.992461
2.631700,59.992659
2.631800,59.992269
2.631900,59.993389
2.632000,59.994344
2.632100,59.990754
2.632200,59.990810
2.632300,59.990076
2.632400,59.990275
2.632500,59.995662
2.632600,59.997690
2.632700,59.992972
2.632800,59.993496
2.632900,59.980428
2.633000,59.980903
2.633100,59.984592
2.633200,59.996779
2.633300,60.010351
2.633400,60.019612
2.633500,60.005980
2.633600,60.023468
2.633700,60.011516
2.633800,60.016696
2.633900,60.015274
2.634000,60.013484
2.634100,60.013875
2.634200,60.014090
2.634300,60.013041
2.634400,60.014141
2.634500,60.013280
2.634600,60.013112
2.634700,60.014156
2.634800,60.014098
2.634900,60.015467
2.635000,60.015340
2.635100,60.015085
2.635200,60.014799
2.635300,60.014358
2.635400,60.014009
2.635500,60.014305
2.635600,60.014761
2.635700,60.014372
2.635800,60.014520
2.635900,60.014596
2.636000,60.014522
2.636100,60.014055
2.636200,60.014127
2.636300,60.014475
2.636400,60.014511
2.636500,60.014594
2.636600,60.014602
2.636700,60.014625
2.636800,60.014641
2.636900,60.014561
2.637000,60.014744
2.637100,60.014552
2.637200,60.014505
2.637300,60.014750
2.637400,60.015007
2.637500,60.014606
2.637600,60.014500
2.637700,60.014673
2.637800,60.014683
2.637900,60.014598
2.638000,60.014303
2.638100,60.014787
2.638200,60.014870
2.638300,60.014463
2.638400,60.014064
2.638500,60.013823
2.638600,60.014642
2.638700,60.014778
2.638800,60.014781
2.638900,60.014690
2.639000,60.014450
2.639100,60.014600
2.639200,60.014607
2.639300,60.015109
2.639400,60.013985
2.639500,60.014750
2.639600,60.014634
2.639700,60.015846
2.639800,60.014766
2.639900,60.015463
2.640000,60.014273
2.640100,60.016578
2.640200,60.014226
2.640300,60.017503
2.640400,60.019953
2.640500,60.015708
2.640600,60.011757
2.640700,60.011765
2.640800,60.012739
2.640900,60.017012
2.641000,60.022184
2.641100,60.028499
2.641200,60.019202
2.641300,60.021539
2.641400,60.009188
2.641500,60.019739
2.641600,60.017996
2.641700,60.019116
2.641800,60.040539
2.641900,60.022736
2.642000,60.009004
2.642100,60.018355
2.642200,60.019747
2.642300,60.020908
2.642400,60.020233
2.642500,60.020407
2.642600,60.019804
2.642700,60.018738
2.642800,60.019153
2.642900,60.019312
2.643000,60.019704
2.643100,60.019729
2.643200,60.019166
2.643300,60.018985
2.643400,60.019143
2.643500,60.019433
2.643600,60.018899
2.643700,60.019009
2.643800,60.018896
2.643900,60.018527
2.644000,60.018813
2.644100,60.018874
2.644200,60.019038
2.644300,60.019257
2.644400,60.019097
2.644500,60.019287
2.644600,60.019458
2.644700,60.019311
2.644800,60.019092
2.644900,60.019196
2.645000,60.019048
2.645100,60.019210
2.645200,60.019034
2.645300,60.019610
2.645400,60.019450
2.645500,60.019154
2.645600,60.019388
2.645700,60.019513
2.645800,60.019133
2.645900,60.019459
2.646000,60.019641
2.646100,60.018906
2.646200,60.019312
2.646300,60.019113
2.646400,60.018681
2.646500,60.019172
2.646600,60.019603
2.646700,60.019016
2.646800,60.019449
2.646900,60.019557
2.647000,60.019986
2.647100,60.019642
2.647200,60.019138
2.647300,60.018433
2.647400,60.018761
2.647500,60.018292
2.647600,60.018644
2.647700,60.019241
2.647800,60.019275
2.647900,60.019907
2.648000,60.019988
2.648100,60.018250
2.648200,60.019605
2.648300,60.018168
2.648400,60.019172
2.648500,60.016888
2.648600,60.018636
2.648700,60.020736
2.648800,60.019407
2.648900,60.018609
2.649000,60.019750
2.649100,60.021146
2.649200,60.017288
2.649300,60.012405
2.649400,60.023225
2.649500,60.020604
2.649600,60.015440
2.649700,59.998201
2.649800,60.013691
2.649900,60.030527
2.650000,60.010627
2.650100,60.025029
2.650200,60.024777
2.650300,60.009645
2.650400,59.998746
2.650500,60.005295
2.650600,60.006949
2.650700,60.005989
2.650800,60.005994
2.650900,60.005530
2.651000,60.005390
2.651100,60.006287
2.651200,60.008061
2.651300,60.008170
2.651400,60.008159
2.651500,60.008111
2.651600,60.007474
2.651700,60.008224
2.651800,60.007613
2.651900,60.007266
2.652000,60.007168
2.652100,60.007343
2.652200,60.006979
2.652300,60.007089
2.652400,60.007452
2.652500,60.007141
2.652600,60.007566
2.652700,60.007617
2.652800,60.007791
2.652900,60.007609
2.653000,60.007350
2.653100,60.007483
2.653200,60.007673
2.653300,60.007882
2.653400,60.007469
2.653500,60.007342
2.653600,60.007600
2.653700,60.007206
2.653800,60.006840
2.653900,60.007480
2.654000,60.007362
2.654100,60.007547
2.654200,60.007390
2.654300,60.007421
2.654400,60.006869
2.654500,60.007092
2.654600,60.007623
2.654700,60.007453
2.654800,60.007780
2.654900,60.007304
2.655000,60.007438
2.655100,60.007805
2.655200,60.007816
2.655300,60.007503
2.655400,60.007975
2.655500,60.006846
2.655600,60.006985
2.655700,60.006356
2.655800,60.006828
2.655900,60.006586
2.656000,60.007288
2.656100,60.006685
2.656200,60.007868
2.656300,60.007155
2.656400,60.008454
2.656500,60.006840
2.656600,60.008189
2.656700,60.009552
2.656800,60.008637
2.656900,60.007685
2.657000,60.008868
2.657100,60.007944
2.657200,60.011385
2.657300,60.010097
2.657400,60.004931
2.657500,60.002720
2.657600,59.994669
2.657700,59.999224
2.657800,60.001129
2.657900,60.007742
2.658000,60.005636
2.658100,60.003378
2.658200,60.004267
2.658300,59.990316
2.658400,59.994714
2.658500,59.975450
2.658600,59.977410
2.658700,59.972779
2.658800,59.975055
2.658900,59.975484
2.659000,59.976817
2.659100,59.976901
2.659200,59.977285
2.659300,59.978036
2.659400,59.976915
2.659500,59.976136
2.659600,59.976135
2.659700,59.975959
2.659800,59.975141
2.659900,59.975552
2.660000,59.976084
2.660100,59.975872
2.660200,59.976325
2.660300,59.976468
2.660400,59.976029
2.660500,59.975486
2.660600,59.975978
2.660700,59.975859
2.660800,59.975452
2.660900,59.976050
2.661000,59.975759
2.661100,59.975893
2.661200,59.975818
2.661300,59.976007
2.661400,59.975681
2.661500,59.975651
2.661600,59.975902
2.661700,59.975477
2.661800,59.975694
2.661900,59.975441
2.662000,59.975790
2.662100,59.975372
2.662200,59.975232
2.662300,59.975484
2.662400,59.975247
2.662500,59.975430
2.662600,59.975210
2.662700,59.975742
2.662800,59.975730
2.662900,59.975740
2.663000,59.975874
2.663100,59.975903
2.663200,59.975533
2.663300,59.975205
2.663400,59.975015
2.663500,59.975306
2.663600,59.975508
2.663700,59.976015
2.663800,59.975862
2.663900,59.975647
2.664000,59.976216
2.664100,59.975354
2.664200,59.975721
2.664300,59.974954
2.664400,59.974600
2.664500,59.975607
2.664600,59.974827
2.664700,59.976339
2.664800,59.976304
2.664900,59.977385
2.665000,59.974998
2.665100,59.975239
2.665200,59.976781
2.665300,59.977867
2.665400,59.975940
2.665500,59.975694
2.665600,59.970362
2.665700,59.969867
2.665800,59.974662
2.665900,59.969671
2.666000,59.976599
2.666100,59.987695
2.666200,59.994113
2.666300,59.994629
2.666400,59.982145
2.666500,59.987298
2.666600,59.973969
2.666700,59.953187
2.666800,59.973225
2.666900,59.966901
2.667000,59.963708
2.667100,59.955103
2.667200,59.959918
2.667300,59.960591
2.667400,59.961128
2.667500,59.961073
2.667600,59.960957
2.667700,59.960752
2.667800,59.960113
2.667900,59.958800
2.668000,59.958160
2.668100,59.958692
2.668200,59.959522
2.668300,59.959351
2.668400,59.959438
2.668500,59.959221
2.668600,59.959505
2.668700,59.958630
2.668800,59.959316
2.668900,59.959433
2.669000,59.959344
2.669100,59.959537
2.669200,59.959682
2.669300,59.959760
2.669400,59.959521
2.669500,59.959630
2.669600,59.959729
2.669700,59.959711
2.669800,59.959074
2.669900,59.959617
2.670000,59.959213
2.670100,59.959180
2.670200,59.958836
2.670300,59.959001
2.670400,59.959231
2.670500,59.959535
2.670600,59.959341
2.670700,59.959264
2.670800,59.959598
2.670900,59.959317
2.671000,59.959214
2.671100,59.959725
2.671200,59.960003
2.671300,59.959249
2.671400,59.959340
2.671500,59.959392
2.671600,59.958675
2.671700,59.959398
2.671800,59.959675
2.671900,59.959784
2.672000,59.960126
2.672100,59.959201
2.672200,59.959034
2.672300,59.959438
2.672400,59.959377
2.672500,59.959606
2.672600,59.959761
2.672700,59.960002
2.672800,59.958286
2.672900,59.960111
2.673000,59.958180
2.673100,59.959204
2.673200,59.959986
2.673300,59.960435
2.673400,59.960569
2.673500,59.959671
2.673600,59.958970
2.673700,59.960858
2.673800,59.959010
2.673900,59.960810
2.674000,59.959399
2.674100,59.959088
2.674200,59.966649
2.674300,59.963062
2.674400,59.965969
2.674500,59.963000
2.674600,59.964635
2.674700,59.977064
2.674800,59.977858
2.674900,59.960893
2.675000,59.955671
2.675100,59.975774
2.675200,59.982222
2.675300,59.973180
2.675400,59.979573
2.675500,59.978977
2.675600,59.978636
2.675700,59.979255
2.675800,59.979661
2.675900,59.979978
2.676000,59.978681
2.676100,59.979512
2.676200,59.980756
2.676300,59.979064
2.676400,59.980161
2.676500,59.980411
2.676600,59.981037
2.676700,59.979725
2.676800,59.980335
2.676900,59.980700
2.677000,59.981207
2.677100,59.980650
2.677200,59.980223
2.677300,59.980194
2.677400,59.979831
2.677500,59.979645
2.677600,59.980236
2.677700,59.980288
2.677800,59.980496
2.677900,59.980450
2.678000,59.980176
2.678100,59.980338
2.678200,59.980688
2.678300,59.980526
2.678400,59.980077
2.678500,59.980246
2.678600,59.980304
2.678700,59.980347
2.678800,59.980434
2.678900,59.980375
2.679000,59.980487
2.679100,59.980851
2.679200,59.980499
2.679300,59.980129
2.679400,59.980256
2.679500,59.981055
2.679600,59.980737
2.679700,59.980431
2.679800,59.980202
2.679900,59.980551
2.680000,59.980422
2.680100,59.980578
2.680200,59.981048
2.680300,59.979972
2.680400,59.980516
2.680500,59.980145
2.680600,59.980235
2.680700,59.979757
2.680800,59.979976
2.680900,59.980758
2.681000,59.981304
2.681100,59.981513
2.681200,59.981872
2.681300,59.981214
2.681400,59.980103
2.681500,59.981171
2.681600,59.979651
2.681700,59.980354
2.681800,59.977673
2.681900,59.978120
2.682000,59.979709
2.682100,59.980765
2.682200,59.983021
2.682300,59.986562
2.682400,59.988736
2.682500,59.985942
2.682600,59.980519
2.682700,59.982082
2.682800,59.992083
2.682900,60.001264
2.683000,59.986764
2.683100,59.991142
2.683200,60.008425
2.683300,60.018599
2.683400,60.019152
2.683500,60.014968
2.683600,60.015222
2.683700,60.017418
2.683800,60.014293
2.683900,60.019602
2.684000,60.019308
2.684100,60.019973
2.684200,60.019843
2.684300,60.020442
2.684400,60.020874
2.684500,60.021065
2.684600,60.021881
2.684700,60.022408
2.684800,60.021158
2.684900,60.021096
2.685000,60.022094
2.685100,60.022303
2.685200,60.021144
2.685300,60.021375
2.685400,60.021317
2.685500,60.021899
2.685600,60.021189
2.685700,60.021370
2.685800,60.021722
2.685900,60.021694
2.686000,60.021383
2.686100,60.021290
2.686200,60.021539
2.686300,60.022221
2.686400,60.021661
2.686500,60.021651
2.686600,60.021481
2.686700,60.021054
2.686800,60.021381
2.686900,60.021781
2.687000,60.021388
2.687100,60.021609
2.687200,60.021582
2.687300,60.021157
2.687400,60.021243
2.687500,60.021625
2.687600,60.021525
2.687700,60.021810
2.687800,60.021827
2.687900,60.021822
2.688000,60.021643
2.688100,60.021468
2.688200,60.021830
2.688300,60.021726
2.688400,60.021794
2.688500,60.021968
2.688600,60.022081
2.688700,60.021408
2.688800,60.021185
2.688900,60.021388
2.689000,60.021963
2.689100,60.021445
2.689200,60.021269
2.689300,60.022938
2.689400,60.021971
2.689500,60.022011
2.689600,60.023253
2.689700,60.022515
2.689800,60.021505
2.689900,60.021782
2.690000,60.018879
2.690100,60.016533
2.690200,60.020459
2.690300,60.022005
2.690400,60.021466
2.690500,60.025154
2.690600,60.022436
2.690700,60.027240
2.690800,60.026901
2.690900,60.023852
2.691000,60.022116
2.691100,60.019086
2.691200,60.018818
2.691300,60.015200
2.691400,60.001943
2.691500,60.003935
2.691600,59.998202
2.691700,59.983532
2.691800,59.990683
2.691900,60.001751
2.692000,59.990235
2.692100,59.987664
2.692200,59.987821
2.692300,59.986468
2.692400,59.987497
2.692500,59.987495
2.692600,59.986839
2.692700,59.986811
2.692800,59.988346
2.692900,59.987139
2.693000,59.987619
2.693100,59.986981
2.693200,59.987274
2.693300,59.987042
2.693400,59.988163
2.693500,59.987769
2.693600,59.987369
2.693700,59.987456
2.693800,59.986991
2.693900,59.987304
2.694000,59.987178
2.694100,59.987395
2.694200,59.987315
2.694300,59.987467
2.694400,59.986919
2.694500,59.987415
2.694600,59.987427
2.694700,59.987082
2.694800,59.987312
2.694900,59.987497
2.695000,59.987460
2.695100,59.987168
2.695200,59.987360
2.695300,59.987590
2.695400,59.987634
2.695500,59.987195
2.695600,59.987155
2.695700,59.987110
2.695800,59.987067
2.695900,59.987287
2.696000,59.987785
2.696100,59.987237
2.696200,59.987045
2.696300,59.987380
2.696400,59.987300
2.696500,59.987248
2.696600,59.987243
2.696700,59.987252
2.696800,59.987405
2.696900,59.987721
2.697000,59.988345
2.697100,59.987440
2.697200,59.987437
2.697300,59.987621
2.697400,59.987550
2.697500,59.987828
2.697600,59.988020
2.697700,59.987528
2.697800,59.987675
2.697900,59.987874
2.698000,59.987552
2.698100,59.988426
2.698200,59.987260
2.698300,59.986708
2.698400,59.985178
2.698500,59.987974
2.698600,59.989802
2.698700,59.991694
2.698800,59.987448
2.698900,59.990113
2.699000,59.992578
2.699100,59.996784
2.699200,59.992602
2.699300,59.993231
2.699400,59.986297
2.699500,59.991686
2.699600,59.980806
2.699700,59.989266
2.699800,59.999336
2.699900,60.000796
2.700000,60.001910
2.700100,60.010471
2.700200,59.993146
2.700300,59.995920
2.700400,59.999236
2.700500,60.004812
2.700600,60.001575
2.700700,60.001005
2.700800,60.000839
2.700900,60.001182
2.701000,59.999525
2.701100,59.999436
2.701200,59.998643
2.701300,59.998959
2.701400,59.999430
2.701500,59.999858
2.701600,59.999639
2.701700,60.000157
2.701800,60.000090
2.701900,59.999948
2.702000,59.999519
2.702100,59.999351
2.702200,59.999384
2.702300,60.000111
2.702400,60.000614
2.702500,59.999831
2.702600,59.999751
2.702700,60.000143
2.702800,59.999687
2.702900,59.999943
2.703000,60.000066
2.703100,60.000110
2.703200,60.000071
2.703300,60.000228
2.703400,59.999993
2.703500,59.999978
2.703600,59.999948
2.703700,60.000348
2.703800,60.000042
2.703900,60.000302
2.704000,59.999900
2.704100,60.000038
2.704200,59.999782
2.704300,59.999807
2.704400,60.000120
2.704500,59.999598
2.704600,59.999691
2.704700,60.000354
2.704800,59.999645
2.704900,60.000242
2.705000,60.000504
2.705100,60.000420
2.705200,60.000091
2.705300,60.000107
2.705400,60.000882
2.705500,60.000132
2.705600,59.999650
2.705700,59.999720
2.705800,60.001172
2.705900,60.000331
2.706000,60.000659
2.706100,60.001400
2.706200,60.000788
2.706300,59.999468
2.706400,60.000272
2.706500,60.001368
2.706600,60.001115
2.706700,60.001068
2.706800,59.999866
2.706900,59.997783
2.707000,59.995977
2.707100,59.997182
2.707200,60.000749
2.707300,60.006025
2.707400,60.007508
2.707500,60.009204
2.707600,60.006599
2.707700,60.008462
2.707800,60.009999
2.707900,60.002341
2.708000,59.993009
2.708100,59.994332
2.708200,60.001186
2.708300,60.011352
2.708400,60.010128
2.708500,60.010280
2.708600,60.019688
2.708700,60.017557
2.708800,60.017614
2.708900,60.019425
2.709000,60.018503
2.709100,60.018402
2.709200,60.018752
2.709300,60.017159
2.709400,60.018911
2.709500,60.017829
2.709600,60.017495
2.709700,60.017279
2.709800,60.017634
2.709900,60.017823
2.710000,60.017881
2.710100,60.017275
2.710200,60.016928
2.710300,60.017712
2.710400,60.018323
2.710500,60.017894
2.710600,60.018659
2.710700,60.017761
2.710800,60.017628
2.710900,60.017819
2.711000,60.017563
2.711100,60.017363
2.711200,60.017321
2.711300,60.017520
2.711400,60.017553
2.711500,60.017578
2.711600,60.017648
2.711700,60.017398
2.711800,60.017415
2.711900,60.017914
2.712000,60.017657
2.712100,60.017816
2.712200,60.017753
2.712300,60.017477
2.712400,60.017633
2.712500,60.016985
2.712600,60.017455
2.712700,60.017649
2.712800,60.017394
2.712900,60.017439
2.713000,60.017590
2.713100,60.018115
2.713200,60.017490
2.713300,60.017208
2.713400,60.017380
2.713500,60.017793
2.713600,60.017366
2.713700,60.018046
2.713800,60.018284
2.713900,60.018277
2.714000,60.018637
2.714100,60.018346
2.714200,60.018094
2.714300,60.016711
2.714400,60.016869
2.714500,60.016539
2.714600,60.017287
2.714700,60.018569
2.714800,60.018991
2.714900,60.020140
2.715000,60.019920
2.715100,60.019746
2.715200,60.018063
2.715300,60.018109
2.715400,60.017939
2.715500,60.015054
2.715600,60.009383
2.715700,60.010020
2.715800,60.009173
2.715900,60.012908
2.716000,60.020482
2.716100,60.031007
2.716200,60.025702
2.716300,60.018517
2.716400,60.021610
2.716500,60.038569
2.716600,60.060059
2.716700,60.038042
2.716800,60.045625
2.716900,60.035114
2.717000,60.019663
2.717100,60.021447
2.717200,60.024085
2.717300,60.022797
2.717400,60.023124
2.717500,60.023210
2.717600,60.022991
2.717700,60.023068
2.717800,60.022616
2.717900,60.023205
2.718000,60.021628
2.718100,60.021239
2.718200,60.020954
2.718300,60.020301
2.718400,60.020332
2.718500,60.020304
2.718600,60.020299
2.718700,60.020090
2.718800,60.019991
2.718900,60.020597
2.719000,60.020564
2.719100,60.020621
2.719200,60.020342
2.719300,60.020694
2.719400,60.020694
2.719500,60.020317
2.719600,60.020353
2.719700,60.020806
2.719800,60.020675
2.719900,60.020687
2.720000,60.020805
2.720100,60.020940
2.720200,60.020909
2.720300,60.020532
2.720400,60.020710
2.720500,60.020263
2.720600,60.020262
2.720700,60.020643
2.720800,60.021052
2.720900,60.020716
2.721000,60.019944
2.721100,60.019839
2.721200,60.019773
2.721300,60.019835
2.721400,60.020726
2.721500,60.020527
2.721600,60.021097
2.721700,60.020294
2.721800,60.020762
2.721900,60.020777
2.722000,60.020258
2.722100,60.020727
2.722200,60.021667
2.722300,60.021015
2.722400,60.021402
2.722500,60.021442
2.722600,60.022024
2.722700,60.020396
2.722800,60.021088
2.722900,60.021963
2.723000,60.023203
2.723100,60.022458
2.723200,60.021160
2.723300,60.021649
2.723400,60.019299
2.723500,60.022287
2.723600,60.022475
2.723700,60.024958
2.723800,60.022195
2.723900,60.019136
2.724000,60.022299
2.724100,60.016700
2.724200,60.014877
2.724300,60.011681
2.724400,60.017276
2.724500,60.015580
2.724600,60.023235
2.724700,60.034781
2.724800,60.023054
2.724900,60.012763
2.725000,60.024243
2.725100,60.028090
2.725200,60.016271
2.725300,60.019501
2.725400,60.017597
2.725500,60.018438
2.725600,60.014955
2.725700,60.015451
2.725800,60.015542
2.725900,60.015303
2.726000,60.015413
2.726100,60.015327
2.726200,60.016466
2.726300,60.016528
2.726400,60.016360
2.726500,60.015231
2.726600,60.015517
2.726700,60.015822
2.726800,60.015394
2.726900,60.015957
2.727000,60.015244
2.727100,60.015326
2.727200,60.015722
2.727300,60.015634
2.727400,60.015450
2.727500,60.015283
2.727600,60.015429
2.727700,60.015495
2.727800,60.015320
2.727900,60.015356
2.728000,60.015076
2.728100,60.015415
2.728200,60.015611
2.728300,60.015418
2.728400,60.015548
2.728500,60.015865
2.728600,60.015428
2.728700,60.015551
2.728800,60.015572
2.728900,60.015689
2.729000,60.015592
2.729100,60.015551
2.729200,60.015066
2.729300,60.015472
2.729400,60.015178
2.729500,60.015079
2.729600,60.015264
2.729700,60.015227
2.729800,60.015161
2.729900,60.015697
2.730000,60.015009
2.730100,60.015129
2.730200,60.015883
2.730300,60.015937
2.730400,60.015366
2.730500,60.014316
2.730600,60.015328
2.730700,60.015873
2.730800,60.015126
2.730900,60.014723
2.731000,60.015299
2.731100,60.016401
2.731200,60.016496
2.731300,60.017652
2.731400,60.015608
2.731500,60.016300
2.731600,60.016424
2.731700,60.015477
2.731800,60.012903
2.731900,60.011568
2.732000,60.010471
2.732100,60.014535
2.732200,60.016929
2.732300,60.013866
2.732400,60.013256
2.732500,60.011774
2.732600,60.018276
2.732700,60.015992
2.732800,60.022017
2.732900,60.021874
2.733000,60.016428
2.733100,60.017096
2.733200,60.032498
2.733300,60.018907
2.733400,60.024261
2.733500,60.018369
2.733600,60.005525
2.733700,60.007832
2.733800,60.003212
2.733900,60.004644
2.734000,60.004172
2.734100,60.004182
2.734200,60.003339
2.734300,60.001897
2.734400,60.003388
2.734500,60.002483
2.734600,60.002275
2.734700,60.002476
2.734800,60.002481
2.734900,60.003424
2.735000,60.004107
2.735100,60.003173
2.735200,60.003234
2.735300,60.003449
2.735400,60.003598
2.735500,60.003306
2.735600,60.003173
2.735700,60.002865
2.735800,60.003020
2.735900,60.002839
2.736000,60.003295
2.736100,60.003257
2.736200,60.002836
2.736300,60.003045
2.736400,60.003148
2.736500,60.003528
2.736600,60.003124
2.736700,60.003096
2.736800,60.003373
2.736900,60.003161
2.737000,60.003052
2.737100,60.003494
2.737200,60.002987
2.737300,60.003333
2.737400,60.003194
2.737500,60.003249
2.737600,60.003072
2.737700,60.002982
2.737800,60.003281
2.737900,60.003608
2.738000,60.003598
2.738100,60.003386
2.738200,60.003106
2.738300,60.003023
2.738400,60.003255
2.738500,60.002343
2.738600,60.002762
2.738700,60.002731
2.738800,60.002718
2.738900,60.002697
2.739000,60.003068
2.739100,60.002788
2.739200,60.002646
2.739300,60.002394
2.739400,60.003163
2.739500,60.003269
2.739600,60.003824
2.739700,60.003354
2.739800,60.003916
2.739900,60.002728
2.740000,60.005597
2.740100,60.004175
2.740200,60.001929
2.740300,60.001983
2.740400,60.003568
2.740500,60.001804
2.740600,60.005462
2.740700,59.999750
2.740800,60.007020
2.740900,60.007025
2.741000,60.007131
2.741100,60.006628
2.741200,60.013277
2.741300,60.000963
2.741400,60.000987
2.741500,60.004162
2.741600,60.009970
2.741700,60.025457
2.741800,60.027858
2.741900,60.013617
2.742000,60.022319
2.742100,60.025750
2.742200,60.022209
2.742300,60.021784
2.742400,60.021256
2.742500,60.022093
2.742600,60.021135
2.742700,60.020218
2.742800,60.020438
2.742900,60.019277
2.743000,60.018425
2.743100,60.018841
2.743200,60.017787
2.743300,60.018162
2.743400,60.019094
2.743500,60.018764
2.743600,60.018254
2.743700,60.018787
2.743800,60.019201
2.743900,60.019035
2.744000,60.018734
2.744100,60.018999
2.744200,60.018524
2.744300,60.018305
2.744400,60.018744
2.744500,60.019075
2.744600,60.018755
2.744700,60.018748
2.744800,60.018884
2.744900,60.019087
2.745000,60.018958
2.745100,60.018735
2.745200,60.018493
2.745300,60.018521
2.745400,60.018823
2.745500,60.019028
2.745600,60.018535
2.745700,60.018457
2.745800,60.018762
2.745900,60.018563
2.746000,60.018355
2.746100,60.018787
2.746200,60.019110
2.746300,60.018472
2.746400,60.019035
2.746500,60.018882
2.746600,60.018290
2.746700,60.018226
2.746800,60.018311
2.746900,60.019142
2.747000,60.018510
2.747100,60.019208
2.747200,60.019038
2.747300,60.018624
2.747400,60.019819
2.747500,60.019519
2.747600,60.019836
2.747700,60.019087
2.747800,60.018404
2.747900,60.018629
2.748000,60.019458
2.748100,60.019206
2.748200,60.018832
2.748300,60.020269
2.748400,60.021362
2.748500,60.020812
2.748600,60.021023
2.748700,60.021344
2.748800,60.019621
2.748900,60.015379
2.749000,60.016107
2.749100,60.009713
2.749200,60.010594
2.749300,60.015096
2.749400,60.023350
2.749500,60.020687
2.749600,60.034723
2.749700,60.034600
2.749800,60.033178
2.749900,60.019415
2.750000,60.039743
2.750100,60.017646
2.750200,60.004712
2.750300,59.992985
2.750400,59.994546
2.750500,60.001855
2.750600,60.004426
2.750700,60.004121
2.750800,60.004078
2.750900,60.004409
2.751000,60.003023
2.751100,60.002875
2.751200,60.002744
2.751300,60.002778
2.751400,60.002065
2.751500,60.002260
2.751600,60.002625
2.751700,60.002604
2.751800,60.002571
2.751900,60.002059
2.752000,60.002773
2.752100,60.002219
2.752200,60.002627
2.752300,60.002844
2.752400,60.002825
2.752500,60.002631
2.752600,60.002107
2.752700,60.002456
2.752800,60.002468
2.752900,60.002345
2.753000,60.002719
2.753100,60.002703
2.753200,60.002246
2.753300,60.002507
2.753400,60.002835
2.753500,60.002766
2.753600,60.002230
2.753700,60.002060
2.753800,60.002139
2.753900,60.002603
2.754000,60.002807
2.754100,60.002442
2.754200,60.002650
2.754300,60.003023
2.754400,60.002613
2.754500,60.002296
2.754600,60.002585
2.754700,60.001942
2.754800,60.001860
2.754900,60.002707
2.755000,60.001876
2.755100,60.002540
2.755200,60.002788
2.755300,60.002531
2.755400,60.002259
2.755500,60.002715
2.755600,60.001682
2.755700,60.002751
2.755800,60.002728
2.755900,60.002355
2.756000,60.003101
2.756100,60.003276
2.756200,60.002565
2.756300,60.003198
2.756400,60.005391
2.756500,60.004080
2.756600,60.001618
2.756700,60.003264
2.756800,60.002158
2.756900,60.000387
2.757000,59.999972
2.757100,59.998900
2.757200,60.000679
2.757300,60.005090
2.757400,59.999185
2.757500,60.001941
2.757600,60.004730
2.757700,60.014877
2.757800,60.012251
2.757900,60.012101
2.758000,60.012176
2.758100,59.999170
2.758200,59.987213
2.758300,59.985922
2.758400,59.992126
2.758500,59.976640
2.758600,59.980923
2.758700,59.981069
2.758800,59.981546
2.758900,59.980581
2.759000,59.978809
2.759100,59.978538
2.759200,59.978388
2.759300,59.977220
2.759400,59.976366
2.759500,59.976891
2.759600,59.976753
2.759700,59.977083
2.759800,59.977476
2.759900,59.978179
2.760000,59.977381
2.760100,59.977106
2.760200,59.977266
2.760300,59.976923
2.760400,59.976582
2.760500,59.976904
2.760600,59.976799
2.760700,59.976701
2.760800,59.976415
2.760900,59.976119
2.761000,59.976588
2.761100,59.976740
2.761200,59.976964
2.761300,59.977135
2.761400,59.976536
2.761500,59.976892
2.761600,59.976905
2.761700,59.977027
2.761800,59.976829
2.761900,59.976965
2.762000,59.976751
2.762100,59.976475
2.762200,59.976962
2.762300,59.976746
2.762400,59.976653
2.762500,59.976766
2.762600,59.976525
2.762700,59.976810
2.762800,59.976660
2.762900,59.976468
2.763000,59.976773
2.763100,59.976471
2.763200,59.976699
2.763300,59.976873
2.763400,59.976417
2.763500,59.976616
2.763600,59.976631
2.763700,59.976504
2.763800,59.976482
2.763900,59.976541
2.764000,59.977008
2.764100,59.977064
2.764200,59.977680
2.764300,59.977195
2.764400,59.977392
2.764500,59.976989
2.764600,59.976898
2.764700,59.975256
2.764800,59.974842
2.764900,59.974751
2.765000,59.976135
2.765100,59.976139
2.765200,59.974512
2.765300,59.973619
2.765400,59.978102
2.765500,59.974724
2.765600,59.980655
2.765700,59.976854
2.765800,59.973330
2.765900,59.972043
2.766000,59.973983
2.766100,59.981188
2.766200,59.983757
2.766300,59.978581
2.766400,59.988489
2.766500,59.984730
2.766600,59.974724
2.766700,59.964551
2.766800,59.963280
2.766900,59.972713
2.767000,59.964032
2.767100,59.973651
2.767200,59.970298
2.767300,59.972084
2.767400,59.971639
2.767500,59.971865
2.767600,59.971721
2.767700,59.972134
2.767800,59.974039
2.767900,59.972121
2.768000,59.972342
2.768100,59.971746
2.768200,59.972174
2.768300,59.971789
2.768400,59.971699
2.768500,59.971336
2.768600,59.971464
2.768700,59.971909
2.768800,59.971518
2.768900,59.971605
2.769000,59.971144
2.769100,59.971000
2.769200,59.971150
2.769300,59.971185
2.769400,59.971000
2.769500,59.971147
2.769600,59.971164
2.769700,59.971225
2.769800,59.971376
2.769900,59.971108
2.770000,59.970939
2.770100,59.971094
2.770200,59.971288
2.770300,59.971131
2.770400,59.971200
2.770500,59.971055
2.770600,59.971024
2.770700,59.970988
2.770800,59.970838
2.770900,59.971061
2.771000,59.971541
2.771100,59.971122
2.771200,59.971598
2.771300,59.971505
2.771400,59.971560
2.771500,59.971776
2.771600,59.970978
2.771700,59.971492
2.771800,59.971528
2.771900,59.971242
2.772000,59.970700
2.772100,59.971693
2.772200,59.971330
2.772300,59.971659
2.772400,59.972406
2.772500,59.971400
2.772600,59.971213
2.772700,59.970975
2.772800,59.971734
2.772900,59.971116
2.773000,59.969269
2.773100,59.969841
2.773200,59.970629
2.773300,59.971703
2.773400,59.972768
2.773500,59.969809
2.773600,59.970155
2.773700,59.967763
2.773800,59.972403
2.773900,59.974355
2.774000,59.971983
2.774100,59.968223
2.774200,59.972179
2.774300,59.980386
2.774400,59.985194
2.774500,59.982803
2.774600,59.974053
2.774700,59.970204
2.774800,59.955372
2.774900,59.973800
2.775000,59.991962
2.775100,60.013297
2.775200,60.018100
2.775300,60.018110
2.775400,60.025262
2.775500,60.021156
2.775600,60.017724
2.775700,60.018139
2.775800,60.018114
2.775900,60.017570
2.776000,60.019165
2.776100,60.017886
2.776200,60.019779
2.776300,60.019530
2.776400,60.019102
2.776500,60.019375
2.776600,60.019218
2.776700,60.018903
2.776800,60.018977
2.776900,60.019429
2.777000,60.019164
2.777100,60.018847
2.777200,60.019114
2.777300,60.019122
2.777400,60.019547
2.777500,60.020179
2.777600,60.019557
2.777700,60.019836
2.777800,60.019199
2.777900,60.019250
2.778000,60.019332
2.778100,60.019467
2.778200,60.019788
2.778300,60.019664
2.778400,60.019393
2.778500,60.019567
2.778600,60.019464
2.778700,60.019190
2.778800,60.019257
2.778900,60.019465
2.779000,60.019741
2.779100,60.019968
2.779200,60.020087
2.779300,60.019344
2.779400,60.019157
2.779500,60.019799
2.779600,60.019342
2.779700,60.019586
2.779800,60.019060
2.779900,60.019381
2.780000,60.019616
2.780100,60.019315
2.780200,60.019071
2.780300,60.019081
2.780400,60.019764
2.780500,60.019626
2.780600,60.019915
2.780700,60.019991
2.780800,60.019391
2.780900,60.019921
2.781000,60.020720
2.781100,60.020488
2.781200,60.019654
2.781300,60.020792
2.781400,60.019932
2.781500,60.021143
2.781600,60.018642
2.781700,60.019091
2.781800,60.017543
2.781900,60.021004
2.782000,60.020758
2.782100,60.020858
2.782200,60.017394
2.782300,60.018404
2.782400,60.018156
2.782500,60.021220
2.782600,60.025184
2.782700,60.023811
2.782800,60.029065
2.782900,60.029657
2.783000,60.025326
2.783100,60.041218
2.783200,60.062656
2.783300,60.040135
2.783400,60.035874
2.783500,60.039701
2.783600,60.037135
2.783700,60.043422
2.783800,60.035799
2.783900,60.032104
2.784000,60.033253
2.784100,60.032881
2.784200,60.032545
2.784300,60.032457
2.784400,60.032106
2.784500,60.031389
2.784600,60.031574
2.784700,60.032233
2.784800,60.031668
2.784900,60.031641
2.785000,60.030912
2.785100,60.031528
2.785200,60.032364
2.785300,60.031438
2.785400,60.031270
2.785500,60.030875
2.785600,60.031025
2.785700,60.031002
2.785800,60.031147
2.785900,60.031094
2.786000,60.030978
2.786100,60.030802
2.786200,60.031047
2.786300,60.031271
2.786400,60.030839
2.786500,60.031006
2.786600,60.030657
2.786700,60.030875
2.786800,60.031336
2.786900,60.031465
2.787000,60.031434
2.787100,60.030985
2.787200,60.031135
2.787300,60.031327
2.787400,60.031242
2.787500,60.030894
2.787600,60.031307
2.787700,60.031292
2.787800,60.031245
2.787900,60.031227
2.788000,60.031328
2.788100,60.031515
2.788200,60.030884
2.788300,60.030651
2.788400,60.030505
2.788500,60.031131
2.788600,60.031120
2.788700,60.031343
2.788800,60.031347
2.788900,60.031633
2.789000,60.031085
2.789100,60.031186
2.789200,60.031468
2.789300,60.031069
2.789400,60.030747
2.789500,60.032160
2.789600,60.031843
2.789700,60.030527
2.789800,60.029852
2.789900,60.031012
2.790000,60.030773
2.790100,60.030783
2.790200,60.029659
2.790300,60.031192
2.790400,60.031800
2.790500,60.030915
2.790600,60.029640
2.790700,60.023485
2.790800,60.031058
2.790900,60.022489
2.791000,60.032020
2.791100,60.021675
2.791200,60.013763
2.791300,60.027298
2.791400,60.029672
2.791500,60.018878
2.791600,60.004204
2.791700,59.982725
2.791800,59.974644
2.791900,59.976528
2.792000,59.977931
2.792100,59.968188
2.792200,59.972915
2.792300,59.974583
2.792400,59.974316
2.792500,59.974430
2.792600,59.974310
2.792700,59.972954
2.792800,59.973858
2.792900,59.974471
2.793000,59.973481
2.793100,59.971896
2.793200,59.972319
2.793300,59.972036
2.793400,59.972263
2.793500,59.972141
2.793600,59.972199
2.793700,59.972547
2.793800,59.972843
2.793900,59.972558
2.794000,59.972833
2.794100,59.972583
2.794200,59.972711
2.794300,59.972979
2.794400,59.972691
2.794500,59.972848
2.794600,59.972382
2.794700,59.972232
2.794800,59.972578
2.794900,59.972533
2.795000,59.972740
2.795100,59.972970
2.795200,59.972669
2.795300,59.972541
2.795400,59.972565
2.795500,59.972710
2.795600,59.972497
2.795700,59.972831
2.795800,59.972772
2.795900,59.972664
2.796000,59.972634
2.796100,59.972571
2.796200,59.972882
2.796300,59.972696
2.796400,59.973086
2.796500,59.972573
2.796600,59.972767
2.796700,59.972236
2.796800,59.972657
2.796900,59.972392
2.797000,59.972595
2.797100,59.972936
2.797200,59.972025
2.797300,59.972942
2.797400,59.972009
2.797500,59.971822
2.797600,59.971481
2.797700,59.973160
2.797800,59.973743
2.797900,59.973025
2.798000,59.972838
2.798100,59.971802
2.798200,59.972878
2.798300,59.972546
2.798400,59.972252
2.798500,59.973630
2.798600,59.970013
2.798700,59.968342
2.798800,59.971858
2.798900,59.971844
2.799000,59.975534
2.799100,59.980802
2.799200,59.984075
2.799300,59.977635
2.799400,59.979765
2.799500,59.984378
2.799600,59.992518
2.799700,59.975696
2.799800,59.970446
2.799900,59.971776
2.800000,59.960303
2.800100,59.964207
2.800200,59.973112
2.800300,59.977484
2.800400,59.974259
2.800500,59.978871
2.800600,59.976661
2.800700,59.977555
2.800800,59.977548
2.800900,59.977349
2.801000,59.976091
2.801100,59.976465
2.801200,59.977651
2.801300,59.978473
2.801400,59.980017
2.801500,59.978468
2.801600,59.978968
2.801700,59.979061
2.801800,59.978551
2.801900,59.978051
2.802000,59.978376
2.802100,59.978517
2.802200,59.978157
2.802300,59.978110
2.802400,59.978197
2.802500,59.978193
2.802600,59.978392
2.802700,59.978535
2.802800,59.978271
2.802900,59.978297
2.803000,59.977864
2.803100,59.978166
2.803200,59.978502
2.803300,59.978294
2.803400,59.978289
2.803500,59.978311
2.803600,59.978479
2.803700,59.978160
2.803800,59.977916
2.803900,59.978203
2.804000,59.978351
2.804100,59.978457
2.804200,59.978200
2.804300,59.978204
2.804400,59.978279
2.804500,59.978376
2.804600,59.978549
2.804700,59.978585
2.804800,59.978003
2.804900,59.978109
2.805000,59.978140
2.805100,59.978228
2.805200,59.977950
2.805300,59.977770
2.805400,59.977702
2.805500,59.978282
2.805600,59.977489
2.805700,59.977706
2.805800,59.978170
2.805900,59.978399
2.806000,59.978425
2.806100,59.977276
2.806200,59.978899
2.806300,59.980068
2.806400,59.978066
2.806500,59.978025
2.806600,59.979553
2.806700,59.979612
2.806800,59.978311
2.806900,59.980254
2.807000,59.981321
2.807100,59.981655
2.807200,59.978060
2.807300,59.979102
2.807400,59.973462
2.807500,59.976827
2.807600,59.980700
2.807700,59.990367
2.807800,59.996798
2.807900,59.991403
2.808000,60.005706
2.808100,59.985658
2.808200,59.986253
2.808300,60.001849
2.808400,59.977532
2.808500,59.991680
2.808600,59.978041
2.808700,59.974848
2.808800,59.983788
2.808900,59.982920
2.809000,59.984478
2.809100,59.984670
2.809200,59.984757
2.809300,59.984254
2.809400,59.985783
2.809500,59.985027
2.809600,59.983399
2.809700,59.982989
2.809800,59.981894
2.809900,59.981625
2.810000,59.982153
2.810100,59.982009
2.810200,59.982493
2.810300,59.983227
2.810400,59.983385
2.810500,59.983409
2.810600,59.983142
2.810700,59.983795
2.810800,59.983143
2.810900,59.983385
2.811000,59.982868
2.811100,59.982956
2.811200,59.983123
2.811300,59.983150
2.811400,59.982771
2.811500,59.982993
2.811600,59.983097
2.811700,59.983465
2.811800,59.983161
2.811900,59.982837
2.812000,59.982523
2.812100,59.982857
2.812200,59.982829
2.812300,59.983055
2.812400,59.983133
2.812500,59.982982
2.812600,59.982795
2.812700,59.982572
2.812800,59.982916
2.812900,59.983167
2.813000,59.983034
2.813100,59.982843
2.813200,59.982778
2.813300,59.983185
2.813400,59.983153
2.813500,59.983098
2.813600,59.983193
2.813700,59.983873
2.813800,59.983397
2.813900,59.982233
2.814000,59.982930
2.814100,59.983112
2.814200,59.982599
2.814300,59.982491
2.814400,59.983750
2.814500,59.982542
2.814600,59.984007
2.814700,59.985320
2.814800,59.983426
2.814900,59.983346
2.815000,59.981872
2.815100,59.984076
2.815200,59.984466
2.815300,59.981019
2.815400,59.984716
2.815500,59.985677
2.815600,59.981277
2.815700,59.982757
2.815800,59.979237
2.815900,59.979988
2.816000,59.977583
2.816100,59.986232
2.816200,59.991083
2.816300,60.004318
2.816400,60.001854
2.816500,60.002864
2.816600,59.991961
2.816700,60.011271
2.816800,60.021917
2.816900,60.025205
2.817000,60.017583
2.817100,60.015698
2.817200,60.016342
2.817300,60.019384
2.817400,60.018831
2.817500,60.018828
2.817600,60.018581
2.817700,60.018639
2.817800,60.018928
2.817900,60.019744
2.818000,60.020576
2.818100,60.019773
2.818200,60.020951
2.818300,60.019864
2.818400,60.019641
2.818500,60.020615
2.818600,60.020525
2.818700,60.020169
2.818800,60.020217
2.818900,60.020052
2.819000,60.020491
2.819100,60.020357
2.819200,60.020072
2.819300,60.020421
2.819400,60.020397
2.819500,60.019790
2.819600,60.019853
2.819700,60.019995
2.819800,60.020409
2.819900,60.019842
2.820000,60.020169
2.820100,60.020103
2.820200,60.019848
2.820300,60.020281
2.820400,60.019794
2.820500,60.019876
2.820600,60.019938
2.820700,60.019767
2.820800,60.020087
2.820900,60.020316
2.821000,60.020000
2.821100,60.020135
2.821200,60.020337
2.821300,60.020144
2.821400,60.019748
2.821500,60.020383
2.821600,60.020055
2.821700,60.020101
2.821800,60.020425
2.821900,60.019843
2.822000,60.020275
2.822100,60.020539
2.822200,60.020211
2.822300,60.019338
2.822400,60.020610
2.822500,60.020747
2.822600,60.020705
2.822700,60.019948
2.822800,60.018628
2.822900,60.020728
2.823000,60.021220
2.823100,60.022137
2.823200,60.020893
2.823300,60.020644
2.823400,60.020982
2.823500,60.021518
2.823600,60.021723
2.823700,60.021524
2.823800,60.025155
2.823900,60.024009
2.824000,60.022669
2.824100,60.022666
2.824200,60.019858
2.824300,60.020934
2.824400,60.022936
2.824500,60.020059
2.824600,60.016830
2.824700,60.001326
2.824800,60.007848
2.824900,60.004268
2.825000,59.988268
2.825100,59.996318
2.825200,59.995154
2.825300,60.004951
2.825400,60.006158
2.825500,60.011360
2.825600,60.008440
2.825700,60.007296
2.825800,60.007257
2.825900,60.007046
2.826000,60.007059
2.826100,60.006834
2.826200,60.007046
2.826300,60.006980
2.826400,60.008608
2.826500,60.008578
2.826600,60.008546
2.826700,60.008254
2.826800,60.007728
2.826900,60.007630
2.827000,60.007574
2.827100,60.007748
2.827200,60.008190
2.827300,60.008735
2.827400,60.008556
2.827500,60.008341
2.827600,60.008234
2.827700,60.008385
2.827800,60.008293
2.827900,60.008493
2.828000,60.008122
2.828100,60.008268
2.828200,60.008092
2.828300,60.008025
2.828400,60.008316
2.828500,60.008170
2.828600,60.008082
2.828700,60.008268
2.828800,60.008393
2.828900,60.008024
2.829000,60.008058
2.829100,60.008015
2.829200,60.007854
2.829300,60.007702
2.829400,60.008518
2.829500,60.008673
2.829600,60.008788
2.829700,60.008436
2.829800,60.007939
2.829900,60.008169
2.830000,60.008157
2.830100,60.007471
2.830200,60.007279
2.830300,60.008245
2.830400,60.007979
2.830500,60.008911
2.830600,60.008644
2.830700,60.008329
2.830800,60.008812
2.830900,60.008240
2.831000,60.008035
2.831100,60.007092
2.831200,60.009019
2.831300,60.008841
2.831400,60.010241
2.831500,60.009396
2.831600,60.009418
2.831700,60.010576
2.831800,60.009533
2.831900,60.007523
2.832000,60.003780
2.832100,60.002509
2.832200,60.005521
2.832300,60.010549
2.832400,60.007046
2.832500,60.007158
2.832600,60.003517
2.832700,60.000520
2.832800,59.997425
2.832900,59.987509
2.833000,59.987029
2.833100,60.001480
2.833200,60.018518
2.833300,59.994382
2.833400,59.972565
2.833500,59.972489
2.833600,59.982933
2.833700,59.983632
2.833800,59.992297
2.833900,59.992275
2.834000,59.990180
2.834100,59.989362
2.834200,59.989246
2.834300,59.989648
2.834400,59.990216
2.834500,59.989014
2.834600,59.989260
2.834700,59.989760
2.834800,59.990649
2.834900,59.989832
2.835000,59.989763
2.835100,59.989562
2.835200,59.989456
2.835300,59.989967
2.835400,59.989488
2.835500,59.990043
2.835600,59.989819
2.835700,59.989185
2.835800,59.989229
2.835900,59.989453
2.836000,59.989560
2.836100,59.989405
2.836200,59.989216
2.836300,59.989322
2.836400,59.989403
2.836500,59.989520
2.836600,59.989357
2.836700,59.989409
2.836800,59.989239
2.836900,59.989203
2.837000,59.989060
2.837100,59.989714
2.837200,59.989654
2.837300,59.989300
2.837400,59.989285
2.837500,59.989738
2.837600,59.990022
2.837700,59.989296
2.837800,59.989598
2.837900,59.989952
2.838000,59.989741
2.838100,59.989537
2.838200,59.989695
2.838300,59.989626
2.838400,59.989152
2.838500,59.989884
2.838600,59.989758
2.838700,59.990013
2.838800,59.989833
2.838900,59.989177
2.839000,59.989306
2.839100,59.988600
2.839200,59.988868
2.839300,59.989111
2.839400,59.989110
2.839500,59.989834
2.839600,59.990650
2.839700,59.991336
2.839800,59.989148
2.839900,59.990413
2.840000,59.989082
2.840100,59.990299
2.840200,59.988849
2.840300,59.989511
2.840400,59.988048
2.840500,59.990518
2.840600,59.989877
2.840700,59.987855
2.840800,59.983656
2.840900,59.989626
2.841000,59.989954
2.841100,59.979927
2.841200,59.978102
2.841300,59.980986
2.841400,59.993495
2.841500,59.981557
2.841600,59.986271
2.841700,59.989527
2.841800,59.980835
2.841900,59.981566
2.842000,59.994878
2.842100,59.993166
2.842200,59.991472
2.842300,59.989872
2.842400,59.989859
2.842500,59.989877
2.842600,59.989670
2.842700,59.989751
2.842800,59.990138
2.842900,59.990965
2.843000,59.989807
2.843100,59.989891
2.843200,59.989593
2.843300,59.990602
2.843400,59.990633
2.843500,59.989557
2.843600,59.989618
2.843700,59.990099
2.843800,59.989668
2.843900,59.989250
2.844000,59.989691
2.844100,59.989676
2.844200,59.989825
2.844300,59.989809
2.844400,59.989805
2.844500,59.989863
2.844600,59.990231
2.844700,59.989896
2.844800,59.990065
2.844900,59.989885
2.845000,59.989641
2.845100,59.989762
2.845200,59.989638
2.845300,59.989918
2.845400,59.989826
2.845500,59.989879
2.845600,59.989782
2.845700,59.989609
2.845800,59.990020
2.845900,59.989398
2.846000,59.989543
2.846100,59.989858
2.846200,59.989043
2.846300,59.989595
2.846400,59.989795
2.846500,59.989944
2.846600,59.989805
2.846700,59.989699
2.846800,59.989811
2.846900,59.989653
2.847000,59.989740
2.847100,59.989961
2.847200,59.989561
2.847300,59.989494
2.847400,59.990077
2.847500,59.990070
2.847600,59.989264
2.847700,59.991047
2.847800,59.990110
2.847900,59.991898
2.848000,59.991692
2.848100,59.991194
2.848200,59.989153
2.848300,59.989142
2.848400,59.987048
2.848500,59.987583
2.848600,59.991090
2.848700,59.994156
2.848800,59.991785
2.848900,59.990318
2.849000,59.990184
2.849100,59.994722
2.849200,59.996374
2.849300,59.994063
2.849400,59.995536
2.849500,59.988520
2.849600,59.985839
2.849700,59.984580
2.849800,59.986484
2.849900,60.008181
2.850000,60.015259
2.850100,60.013699
2.850200,60.032080
2.850300,60.023836
2.850400,60.021518
2.850500,60.016053
2.850600,60.017631
2.850700,60.018879
2.850800,60.018956
2.850900,60.018774
2.851000,60.018959
2.851100,60.019429
2.851200,60.020693
2.851300,60.020329
2.851400,60.019421
2.851500,60.020807
2.851600,60.021538
2.851700,60.021249
2.851800,60.020905
2.851900,60.021326
2.852000,60.020396
2.852100,60.020682
2.852200,60.020360
2.852300,60.020433
2.852400,60.020320
2.852500,60.020602
2.852600,60.020407
2.852700,60.020688
2.852800,60.020555
2.852900,60.020654
2.853000,60.021196
2.853100,60.020824
2.853200,60.020723
2.853300,60.020813
2.853400,60.020790
2.853500,60.020569
2.853600,60.020908
2.853700,60.020515
2.853800,60.020795
2.853900,60.020657
2.854000,60.020536
2.854100,60.020865
2.854200,60.020724
2.854300,60.020431
2.854400,60.020739
2.854500,60.020601
2.854600,60.020399
2.854700,60.020487
2.854800,60.020801
2.854900,60.021028
2.855000,60.020793
2.855100,60.020951
2.855200,60.021435
2.855300,60.020372
2.855400,60.020238
2.855500,60.021544
2.855600,60.021704
2.855700,60.021654
2.855800,60.021412
2.855900,60.021337
2.856000,60.021201
2.856100,60.021003
2.856200,60.020665
2.856300,60.021400
2.856400,60.020114
2.856500,60.021169
2.856600,60.020899
2.856700,60.022073
2.856800,60.020953
2.856900,60.021474
2.857000,60.024518
2.857100,60.024403
2.857200,60.025440
2.857300,60.020101
2.857400,60.020703
2.857500,60.026172
2.857600,60.027196
2.857700,60.027098
2.857800,60.018272
2.857900,60.005250
2.858000,59.999591
2.858100,60.016608
2.858200,60.009597
2.858300,60.010265
2.858400,60.009804
2.858500,60.019650
2.858600,60.019828
2.858700,60.006893
2.858800,60.001822
2.858900,60.006367
2.859000,60.007291
2.859100,60.007804
2.859200,60.007733
2.859300,60.008249
2.859400,60.009719
2.859500,60.010494
2.859600,60.009118
2.859700,60.009154
2.859800,60.009314
2.859900,60.009992
2.860000,60.010030
2.860100,60.009133
2.860200,60.008993
2.860300,60.008785
2.860400,60.008941
2.860500,60.009489
2.860600,60.009242
2.860700,60.009039
2.860800,60.009387
2.860900,60.009282
2.861000,60.009501
2.861100,60.009024
2.861200,60.009005
2.861300,60.009021
2.861400,60.008860
2.861500,60.009203
2.861600,60.009279
2.861700,60.008965
2.861800,60.008984
2.861900,60.008958
2.862000,60.009136
2.862100,60.009220
2.862200,60.008809
2.862300,60.009377
2.862400,60.009210
2.862500,60.008954
2.862600,60.009543
2.862700,60.009442
2.862800,60.009201
2.862900,60.008980
2.863000,60.009423
2.863100,60.008617
2.863200,60.008718
2.863300,60.009336
2.863400,60.009023
2.863500,60.009540
2.863600,60.009187
2.863700,60.009022
2.863800,60.009863
2.863900,60.009423
2.864000,60.009839
2.864100,60.009696
2.864200,60.008455
2.864300,60.008407
2.864400,60.009448
2.864500,60.008485
2.864600,60.009687
2.864700,60.010159
2.864800,60.010174
2.864900,60.009891
2.865000,60.008860
2.865100,60.009726
2.865200,60.008194
2.865300,60.006692
2.865400,60.006032
2.865500,60.003856
2.865600,60.001819
2.865700,60.004009
2.865800,60.008817
2.865900,60.006224
2.866000,60.009696
2.866100,60.003626
2.866200,60.007179
2.866300,60.009014
2.866400,60.001354
2.866500,60.016289
2.866600,60.009961
2.866700,60.016903
2.866800,60.002111
2.866900,60.005134
2.867000,59.995072
2.867100,59.992928
2.867200,59.989445
2.867300,59.989964
2.867400,59.990315
2.867500,59.990262
2.867600,59.989823
2.867700,59.990186
2.867800,59.989076
2.867900,59.988597
2.868000,59.987816
2.868100,59.988244
2.868200,59.988843
2.868300,59.988932
2.868400,59.988970
2.868500,59.989479
2.868600,59.989329
2.868700,59.989917
2.868800,59.989450
2.868900,59.989405
2.869000,59.989238
2.869100,59.989590
2.869200,59.989475
2.869300,59.988881
2.869400,59.989170
2.869500,59.988924
2.869600,59.989064
2.869700,59.988826
2.869800,59.988964
2.869900,59.989072
2.870000,59.989224
2.870100,59.989470
2.870200,59.989256
2.870300,59.988780
2.870400,59.989312
2.870500,59.989330
2.870600,59.989075
2.870700,59.989284
2.870800,59.989242
2.870900,59.989432
2.871000,59.988847
2.871100,59.989035
2.871200,59.989224
2.871300,59.988889
2.871400,59.988377
2.871500,59.988914
2.871600,59.988547
2.871700,59.989010
2.871800,59.988535
2.871900,59.988913
2.872000,59.988785
2.872100,59.989146
2.872200,59.988629
2.872300,59.988873
2.872400,59.989090
2.872500,59.989944
2.872600,59.989868
2.872700,59.990222
2.872800,59.988968
2.872900,59.989045
2.873000,59.989621
2.873100,59.989361
2.873200,59.988268
2.873300,59.988180
2.873400,59.989101
2.873500,59.990298
2.873600,59.989427
2.873700,59.988956
2.873800,59.993119
2.873900,59.989526
2.874000,59.984392
2.874100,59.991540
2.874200,59.986091
2.874300,59.990017
2.874400,59.999176
2.874500,60.001828
2.874600,60.003528
2.874700,60.002806
2.874800,60.006195
2.874900,60.019000
2.875000,60.038509
2.875100,60.025591
2.875200,60.044793
2.875300,60.032269
2.875400,60.033302
2.875500,60.031759
2.875600,60.031339
2.875700,60.031278
2.875800,60.031276
2.875900,60.031216
2.876000,60.032188
2.876100,60.031406
2.876200,60.031217
2.876300,60.030894
2.876400,60.031036
2.876500,60.030397
2.876600,60.030172
2.876700,60.029510
2.876800,60.029832
2.876900,60.030062
2.877000,60.030374
2.877100,60.029934
2.877200,60.029833
2.877300,60.029960
2.877400,60.029877
2.877500,60.029898
2.877600,60.029954
2.877700,60.030294
2.877800,60.030086
2.877900,60.029897
2.878000,60.030115
2.878100,60.030269
2.878200,60.030278
2.878300,60.030332
2.878400,60.030420
2.878500,60.030815
2.878600,60.030474
2.878700,60.030640
2.878800,60.030022
2.878900,60.030240
2.879000,60.030066
2.879100,60.030438
2.879200,60.030677
2.879300,60.030040
2.879400,60.030310
2.879500,60.030672
2.879600,60.030445
2.879700,60.030174
2.879800,60.030525
2.879900,60.030339
2.880000,60.030394
2.880100,60.030289
2.880200,60.030694
2.880300,60.030675
2.880400,60.029832
2.880500,60.029920
2.880600,60.028605
2.880700,60.029818
2.880800,60.030423
2.880900,60.030362
2.881000,60.031427
2.881100,60.030615
2.881200,60.029658
2.881300,60.029048
2.881400,60.030382
2.881500,60.030882
2.881600,60.028288
2.881700,60.026033
2.881800,60.028598
2.881900,60.029513
2.882000,60.032956
2.882100,60.030379
2.882200,60.033762
2.882300,60.031083
2.882400,60.028351
2.882500,60.029058
2.882600,60.025152
2.882700,60.022235
2.882800,60.032163
2.882900,60.025742
2.883000,60.033767
2.883100,60.034987
2.883200,60.039083
2.883300,60.037448
2.883400,60.021537
2.883500,60.033748
2.883600,60.018384
2.883700,60.023123
2.883800,60.022053
2.883900,60.024616
2.884000,60.024663
2.884100,60.024404
2.884200,60.024266
2.884300,60.025031
2.884400,60.024724
2.884500,60.025602
2.884600,60.024870
2.884700,60.025552
2.884800,60.025402
2.884900,60.024749
2.885000,60.025435
2.885100,60.025895
2.885200,60.025966
2.885300,60.025090
2.885400,60.025237
2.885500,60.024997
2.885600,60.025404
2.885700,60.026031
2.885800,60.025650
2.885900,60.026047
2.886000,60.025520
2.886100,60.025402
2.886200,60.025134
2.886300,60.025140
2.886400,60.025295
2.886500,60.024913
2.886600,60.025009
2.886700,60.024915
2.886800,60.024904
2.886900,60.025255
2.887000,60.024982
2.887100,60.025532
2.887200,60.025328
2.887300,60.025568
2.887400,60.025320
2.887500,60.025105
2.887600,60.025346
2.887700,60.025259
2.887800,60.024945
2.887900,60.024605
2.888000,60.025375
2.888100,60.025114
2.888200,60.025304
2.888300,60.024653
2.888400,60.024562
2.888500,60.024903
2.888600,60.025408
2.888700,60.025208
2.888800,60.024151
2.888900,60.024623
2.889000,60.024360
2.889100,60.024895
2.889200,60.026337
2.889300,60.026417
2.889400,60.025479
2.889500,60.024985
2.889600,60.025572
2.889700,60.026220
2.889800,60.026908
2.889900,60.024772
2.890000,60.025763
2.890100,60.025647
2.890200,60.025835
2.890300,60.025593
2.890400,60.025417
2.890500,60.022722
2.890600,60.021383
2.890700,60.027724
2.890800,60.021410
2.890900,60.021403
2.891000,60.018020
2.891100,60.017925
2.891200,60.020649
2.891300,60.006094
2.891400,60.010287
2.891500,60.009294
2.891600,60.011635
2.891700,60.000714
2.891800,59.995673
2.891900,60.003211
2.892000,59.999754
2.892100,59.999585
2.892200,60.000129
2.892300,59.998060
2.892400,59.998336
2.892500,59.998243
2.892600,59.999335
2.892700,59.999001
2.892800,60.000510
2.892900,60.001300
2.893000,60.001239
2.893100,60.000372
2.893200,59.999868
2.893300,59.998860
2.893400,59.999118
2.893500,59.998798
2.893600,59.998862
2.893700,59.999466
2.893800,59.999412
2.893900,59.998992
2.894000,59.999609
2.894100,59.998873
2.894200,59.998744
2.894300,59.999049
2.894400,59.999037
2.894500,59.998952
2.894600,59.998904
2.894700,59.998669
2.894800,59.998836
2.894900,59.998933
2.895000,59.999284
2.895100,59.999057
2.895200,59.998900
2.895300,59.998839
2.895400,59.998587
2.895500,59.998729
2.895600,59.998805
2.895700,59.998807
2.895800,59.999205
2.895900,59.999220
2.896000,59.999109
2.896100,59.998833
2.896200,59.998533
2.896300,59.998983
2.896400,59.999216
2.896500,59.998984
2.896600,59.998848
2.896700,59.998681
2.896800,59.999023
2.896900,59.998624
2.897000,59.998921
2.897100,59.998870
2.897200,59.999148
2.897300,59.998636
2.897400,59.998955
2.897500,59.998490
2.897600,59.999284
2.897700,59.998856
2.897800,59.999831
2.897900,60.000523
2.898000,59.998542
2.898100,59.999404
2.898200,59.999314
2.898300,60.000335
2.898400,59.998916
2.898500,59.996903
2.898600,59.993016
2.898700,59.997590
2.898800,59.993327
2.898900,59.994761
2.899000,59.998431
2.899100,59.993856
2.899200,59.993019
2.899300,59.988700
2.899400,59.994334
2.899500,59.985246
2.899600,59.994012
2.899700,59.992279
2.899800,60.009499
2.899900,60.021506
2.900000,60.015525
2.900100,60.019574
2.900200,60.004724
2.900300,59.998215
2.900400,59.992303
2.900500,59.988602
2.900600,59.990309
2.900700,59.990823
2.900800,59.990901
2.900900,59.990464
2.901000,59.991124
2.901100,59.992174
2.901200,59.990460
2.901300,59.988816
2.901400,59.987996
2.901500,59.988534
2.901600,59.989103
2.901700,59.988546
2.901800,59.988941
2.901900,59.988844
2.902000,59.988706
2.902100,59.988878
2.902200,59.988667
2.902300,59.988468
2.902400,59.988238
2.902500,59.988824
2.902600,59.988397
2.902700,59.988345
2.902800,59.988337
2.902900,59.988844
2.903000,59.988526
2.903100,59.988762
2.903200,59.988852
2.903300,59.989085
2.903400,59.988951
2.903500,59.988401
2.903600,59.988673
2.903700,59.988628
2.903800,59.988231
2.903900,59.988341
2.904000,59.988179
2.904100,59.988303
2.904200,59.988642
2.904300,59.988372
2.904400,59.988531
2.904500,59.988316
2.904600,59.988241
2.904700,59.988331
2.904800,59.988150
2.904900,59.988629
2.905000,59.988721
2.905100,59.989158
2.905200,59.988658
2.905300,59.988749
2.905400,59.988330
2.905500,59.988827
2.905600,59.988758
2.905700,59.988473
2.905800,59.988106
2.905900,59.988399
2.906000,59.989571
2.906100,59.988686
2.906200,59.987443
2.906300,59.989601
2.906400,59.989944
2.906500,59.989658
2.906600,59.988862
2.906700,59.989562
2.906800,59.988175
2.906900,59.988553
2.907000,59.988181
2.907100,59.987268
2.907200,59.987960
2.907300,59.985193
2.907400,59.985449
2.907500,59.982771
2.907600,59.980709
2.907700,59.975324
2.907800,59.973667
2.907900,59.978761
2.908000,59.983361
2.908100,59.998983
2.908200,59.993551
2.908300,59.998370
2.908400,59.974763
2.908500,59.982771
2.908600,59.967824
2.908700,59.969167
2.908800,59.969910
2.908900,59.969137
2.909000,59.968347
2.909100,59.968299
2.909200,59.967242
2.909300,59.968277
2.909400,59.966535
2.909500,59.966260
2.909600,59.965685
2.909700,59.965038
2.909800,59.965483
2.909900,59.965486
2.910000,59.965284
2.910100,59.964832
2.910200,59.965523
2.910300,59.965680
2.910400,59.965662
2.910500,59.966003
2.910600,59.965939
2.910700,59.966033
2.910800,59.965946
2.910900,59.965910
2.911000,59.965884
2.911100,59.966166
2.911200,59.965507
2.911300,59.965900
2.911400,59.966013
2.911500,59.965783
2.911600,59.965376
2.911700,59.965495
2.911800,59.965139
2.911900,59.965595
2.912000,59.965716
2.912100,59.965519
2.912200,59.965831
2.912300,59.965697
2.912400,59.965944
2.912500,59.966006
2.912600,59.966130
2.912700,59.965426
2.912800,59.965930
2.912900,59.966004
2.913000,59.965539
2.913100,59.965138
2.913200,59.966043
2.913300,59.965839
2.913400,59.965334
2.913500,59.965641
2.913600,59.965378
2.913700,59.965708
2.913800,59.965469
2.913900,59.965959
2.914000,59.964961
2.914100,59.965455
2.914200,59.965195
2.914300,59.964411
2.914400,59.965487
2.914500,59.965718
2.914600,59.964990
2.914700,59.964866
2.914800,59.964936
2.914900,59.965270
2.915000,59.967954
2.915100,59.967084
2.915200,59.967570
2.915300,59.968285
2.915400,59.970255
2.915500,59.971278
2.915600,59.966598
2.915700,59.966211
2.915800,59.970414
2.915900,59.971756
2.916000,59.974342
2.916100,59.982001
2.916200,59.978382
2.916300,59.980149
2.916400,59.986298
2.916500,59.978830
2.916600,59.980155
2.916700,59.986404
2.916800,59.971800
2.916900,59.974357
2.917000,59.983920
2.917100,59.990204
2.917200,59.988551
2.917300,59.991059
2.917400,59.990485
2.917500,59.990450
2.917600,59.990205
2.917700,59.990184
2.917800,59.989428
2.917900,59.990175
2.918000,59.989370
2.918100,59.990640
2.918200,59.990671
2.918300,59.990762
2.918400,59.991117
2.918500,59.991166
2.918600,59.990995
2.918700,59.990982
2.918800,59.990709
2.918900,59.990750
2.919000,59.990874
2.919100,59.990905
2.919200,59.990336
2.919300,59.990555
2.919400,59.990788
2.919500,59.990184
2.919600,59.990439
2.919700,59.990040
2.919800,59.990403
2.919900,59.990360
2.920000,59.990028
2.920100,59.990116
2.920200,59.990184
2.920300,59.990299
2.920400,59.990243
2.920500,59.990434
2.920600,59.989852
2.920700,59.990441
2.920800,59.990618
2.920900,59.990557
2.921000,59.990283
2.921100,59.989779
2.921200,59.989634
2.921300,59.990309
2.921400,59.990268
2.921500,59.990437
2.921600,59.990823
2.921700,59.990280
2.921800,59.990275
2.921900,59.990288
2.922000,59.989545
2.922100,59.989531
2.922200,59.990350
2.922300,59.990744
2.922400,59.990334
2.922500,59.991167
2.922600,59.990988
2.922700,59.991849
2.922800,59.991459
2.922900,59.990713
2.923000,59.989618
2.923100,59.991085
2.923200,59.992038
2.923300,59.992606
2.923400,59.993726
2.923500,59.991683
2.923600,59.993104
2.923700,59.992151
2.923800,59.991118
2.923900,59.988145
2.924000,59.989450
2.924100,59.987065
2.924200,59.978931
2.924300,59.987482
2.924400,59.996149
2.924500,60.004950
2.924600,59.996132
2.924700,60.003373
2.924800,60.021319
2.924900,60.020553
2.925000,60.038491
2.925100,60.042409
2.925200,60.023172
2.925300,60.010512
2.925400,60.007365
2.925500,60.009318
2.925600,60.011555
2.925700,60.012095
2.925800,60.012196
2.925900,60.011892
2.926000,60.011101
2.926100,60.011629
2.926200,60.011564
2.926300,60.012955
2.926400,60.012712
2.926500,60.011427
2.926600,60.012100
2.926700,60.012485
2.926800,60.011917
2.926900,60.012380
2.927000,60.012489
2.927100,60.012243
2.927200,60.011733
2.927300,60.012295
2.927400,60.012282
2.927500,60.012159
2.927600,60.012734
2.927700,60.012062
2.927800,60.012117
2.927900,60.011521
2.928000,60.011678
2.928100,60.012110
2.928200,60.012013
2.928300,60.011829
2.928400,60.012012
2.928500,60.011876
2.928600,60.012049
2.928700,60.011932
2.928800,60.012105
2.928900,60.012347
2.929000,60.012177
2.929100,60.012326
2.929200,60.012002
2.929300,60.011808
2.929400,60.011796
2.929500,60.011741
2.929600,60.012187
2.929700,60.012009
2.929800,60.011833
2.929900,60.011872
2.930000,60.012285
2.930100,60.011957
2.930200,60.011796
2.930300,60.012144
2.930400,60.012075
2.930500,60.011996
2.930600,60.011961
2.930700,60.012189
2.930800,60.011408
2.930900,60.011641
2.931000,60.012219
2.931100,60.013515
2.931200,60.012968
2.931300,60.013055
2.931400,60.012112
2.931500,60.013766
2.931600,60.012333
2.931700,60.012873
2.931800,60.012672
2.931900,60.012890
2.932000,60.010242
2.932100,60.012807
2.932200,60.012930
2.932300,60.015198
2.932400,60.009123
2.932500,60.005535
2.932600,60.010246
2.932700,60.000583
2.932800,60.013093
2.932900,60.010043
2.933000,60.013450
2.933100,59.998435
2.933200,60.011280
2.933300,60.004954
2.933400,60.025818
2.933500,60.034106
2.933600,60.021460
2.933700,60.026677
2.933800,60.018233
2.933900,60.015110
2.934000,60.015885
2.934100,60.015737
2.934200,60.015803
2.934300,60.015128
2.934400,60.015066
2.934500,60.013940
2.934600,60.014602
2.934700,60.014734
2.934800,60.015341
2.934900,60.016249
2.935000,60.015220
2.935100,60.014454
2.935200,60.014713
2.935300,60.015596
2.935400,60.015574
2.935500,60.015336
2.935600,60.015230
2.935700,60.014959
2.935800,60.015307
2.935900,60.015051
2.936000,60.015117
2.936100,60.015408
2.936200,60.015468
2.936300,60.015148
2.936400,60.015313
2.936500,60.015104
2.936600,60.015263
2.936700,60.015600
2.936800,60.015025
2.936900,60.014743
2.937000,60.015276
2.937100,60.014694
2.937200,60.015003
2.937300,60.015440
2.937400,60.015292
2.937500,60.014944
2.937600,60.014556
2.937700,60.015028
2.937800,60.014918
2.937900,60.014991
2.938000,60.014964
2.938100,60.014879
2.938200,60.015102
2.938300,60.015196
2.938400,60.015002
2.938500,60.015956
2.938600,60.015147
2.938700,60.015780
2.938800,60.015117
2.938900,60.015208
2.939000,60.015648
2.939100,60.015675
2.939200,60.015441
2.939300,60.017034
2.939400,60.016280
2.939500,60.017381
2.939600,60.017394
2.939700,60.016938
2.939800,60.016598
2.939900,60.015100
2.940000,60.012909
2.940100,60.014278
2.940200,60.015146
2.940300,60.012806
2.940400,60.011869
2.940500,60.014136
2.940600,60.012864
2.940700,60.008307
2.940800,60.007042
2.940900,60.015253
2.941000,60.021547
2.941100,60.021170
2.941200,60.025522
2.941300,60.012103
2.941400,60.028052
2.941500,60.026033
2.941600,60.026806
2.941700,60.020710
2.941800,60.019616
2.941900,60.011967
2.942000,60.013587
2.942100,60.016465
2.942200,60.014379
2.942300,60.012796
2.942400,60.013573
2.942500,60.013790
2.942600,60.013375
2.942700,60.012942
2.942800,60.013618
2.942900,60.012845
2.943000,60.013710
2.943100,60.013095
2.943200,60.012504
2.943300,60.012645
2.943400,60.013008
2.943500,60.013009
2.943600,60.012407
2.943700,60.012745
2.943800,60.012475
2.943900,60.012128
2.944000,60.012805
2.944100,60.012637
2.944200,60.012645
2.944300,60.012469
2.944400,60.012571
2.944500,60.012423
2.944600,60.012726
2.944700,60.012410
2.944800,60.012036
2.944900,60.012199
2.945000,60.012243
2.945100,60.012261
2.945200,60.011993
2.945300,60.012192
2.945400,60.012250
2.945500,60.012856
2.945600,60.012593
2.945700,60.011906
2.945800,60.012510
2.945900,60.012398
2.946000,60.012225
2.946100,60.012754
2.946200,60.012399
2.946300,60.012509
2.946400,60.012352
2.946500,60.012947
2.946600,60.012725
2.946700,60.012345
2.946800,60.012383
2.946900,60.011651
2.947000,60.011684
2.947100,60.012411
2.947200,60.012082
2.947300,60.012567
2.947400,60.012691
2.947500,60.013912
2.947600,60.012457
2.947700,60.011778
2.947800,60.011066
2.947900,60.011608
2.948000,60.011763
2.948100,60.011144
2.948200,60.011093
2.948300,60.013377
2.948400,60.012437
2.948500,60.010300
2.948600,60.011559
2.948700,60.012723
2.948800,60.015733
2.948900,60.014696
2.949000,60.012090
2.949100,60.014220
2.949200,60.010884
2.949300,60.011926
2.949400,60.008243
2.949500,60.003267
2.949600,59.994185
2.949700,59.986043
2.949800,59.998311
2.949900,60.015746
2.950000,60.014048
2.950100,60.001872
2.950200,59.993553
2.950300,59.990419
2.950400,59.992266
2.950500,59.993632
2.950600,59.991845
2.950700,59.991972
2.950800,59.991964
2.950900,59.990987
2.951000,59.990879
2.951100,59.992361
2.951200,59.992782
2.951300,59.994042
2.951400,59.994315
2.951500,59.994242
2.951600,59.993801
2.951700,59.993543
2.951800,59.993452
2.951900,59.993069
2.952000,59.993412
2.952100,59.993156
2.952200,59.993625
2.952300,59.992954
2.952400,59.992900
2.952500,59.992877
2.952600,59.993056
2.952700,59.993160
2.952800,59.993429
2.952900,59.993723
2.953000,59.993087
2.953100,59.992932
2.953200,59.993181
2.953300,59.993795
2.953400,59.993638
2.953500,59.993386
2.953600,59.993226
2.953700,59.993019
2.953800,59.993056
2.953900,59.992696
2.954000,59.993361
2.954100,59.993220
2.954200,59.993239
2.954300,59.993452
2.954400,59.993400
2.954500,59.993387
2.954600,59.993880
2.954700,59.993506
2.954800,59.993390
2.954900,59.993336
2.955000,59.993182
2.955100,59.993319
2.955200,59.992989
2.955300,59.993293
2.955400,59.992352
2.955500,59.993135
2.955600,59.992749
2.955700,59.992794
2.955800,59.992937
2.955900,59.992868
2.956000,59.991173
2.956100,59.993254
2.956200,59.992472
2.956300,59.994059
2.956400,59.992087
2.956500,59.991938
2.956600,59.992678
2.956700,59.994607
2.956800,59.994760
2.956900,59.997550
2.957000,59.996880
2.957100,59.995603
2.957200,59.992018
2.957300,59.989798
2.957400,59.991656
2.957500,59.991954
2.957600,59.999181
2.957700,59.996310
2.957800,59.997597
2.957900,59.984058
2.958000,59.971760
2.958100,59.973613
2.958200,59.987095
2.958300,59.992034
2.958400,59.996769
2.958500,59.983650
2.958600,60.000117
2.958700,59.988589
2.958800,59.988158
2.958900,59.987132
2.959000,59.987621
2.959100,59.986681
2.959200,59.986417
2.959300,59.985770
2.959400,59.987318
2.959500,59.987388
2.959600,59.988876
2.959700,59.987403
2.959800,59.986640
2.959900,59.986779
2.960000,59.986141
2.960100,59.985938
2.960200,59.985699
2.960300,59.985468
2.960400,59.986269
2.960500,59.986529
2.960600,59.986452
2.960700,59.985686
2.960800,59.986009
2.960900,59.985784
2.961000,59.985927
2.961100,59.985696
2.961200,59.985963
2.961300,59.986307
2.961400,59.986262
2.961500,59.985964
2.961600,59.985997
2.961700,59.986112
2.961800,59.985617
2.961900,59.985578
2.962000,59.985602
2.962100,59.985708
2.962200,59.985791
2.962300,59.985590
2.962400,59.985609
2.962500,59.985337
2.962600,59.985825
2.962700,59.985801
2.962800,59.985596
2.962900,59.985766
2.963000,59.985758
2.963100,59.985853
2.963200,59.985590
2.963300,59.985364
2.963400,59.985811
2.963500,59.986042
2.963600,59.986141
2.963700,59.985438
2.963800,59.985549
2.963900,59.986054
2.964000,59.986227
2.964100,59.985972
2.964200,59.986600
2.964300,59.986049
2.964400,59.987174
2.964500,59.986897
2.964600,59.985945
2.964700,59.985916
2.964800,59.986166
2.964900,59.987514
2.965000,59.985705
2.965100,59.984881
2.965200,59.987456
2.965300,59.986346
2.965400,59.984447
2.965500,59.980342
2.965600,59.979894
2.965700,59.979702
2.965800,59.980624
2.965900,59.977949
2.966000,59.979367
2.966100,59.978924
2.966200,59.975542
2.966300,59.985653
2.966400,60.003557
2.966500,60.020607
2.966600,60.020290
2.966700,60.004020
2.966800,60.003201
2.966900,60.008863
2.967000,60.008291
2.967100,60.006724
2.967200,60.005866
2.967300,60.003890
2.967400,60.004249
2.967500,60.004194
2.967600,60.004373
2.967700,60.004079
2.967800,60.004933
2.967900,60.004532
2.968000,60.005860
2.968100,60.006205
2.968200,60.004935
2.968300,60.003891
2.968400,60.004080
2.968500,60.004421
2.968600,60.005158
2.968700,60.004372
2.968800,60.004097
2.968900,60.004356
2.969000,60.004333
2.969100,60.004402
2.969200,60.004252
2.969300,60.004282
2.969400,60.004519
2.969500,60.004627
2.969600,60.004235
2.969700,60.004173
2.969800,60.004264
2.969900,60.004434
2.970000,60.004362
2.970100,60.004344
2.970200,60.004209
2.970300,60.004784
2.970400,60.004110
2.970500,60.004392
2.970600,60.004485
2.970700,60.004309
2.970800,60.004257
2.970900,60.004474
2.971000,60.003950
2.971100,60.004012
2.971200,60.004780
2.971300,60.004669
2.971400,60.004649
2.971500,60.004958
2.971600,60.004797
2.971700,60.004442
2.971800,60.004147
2.971900,60.004443
2.972000,60.003863
2.972100,60.004528
2.972200,60.004394
2.972300,60.004372
2.972400,60.003786
2.972500,60.004834
2.972600,60.005367
2.972700,60.004762
2.972800,60.004829
2.972900,60.004466
2.973000,60.004634
2.973100,60.005258
2.973200,60.005327
2.973300,60.004803
2.973400,60.004092
2.973500,60.005167
2.973600,60.007503
2.973700,60.004555
2.973800,60.002624
2.973900,60.000380
2.974000,59.995904
2.974100,59.997600
2.974200,60.005137
2.974300,60.005206
2.974400,60.015755
2.974500,60.010923
2.974600,59.996795
2.974700,60.004312
2.974800,60.006449
2.974900,59.989533
2.975000,60.006833
2.975100,60.022426
2.975200,60.004507
2.975300,60.003550
2.975400,60.001922
2.975500,60.003827
2.975600,60.004953
2.975700,60.004783
2.975800,60.004971
2.975900,60.005223
2.976000,60.006356
2.976100,60.006314
2.976200,60.005137
2.976300,60.006171
2.976400,60.005779
2.976500,60.005379
2.976600,60.004844
2.976700,60.005297
2.976800,60.005588
2.976900,60.006015
2.977000,60.006518
2.977100,60.006160
2.977200,60.006311
2.977300,60.005722
2.977400,60.006038
2.977500,60.006044
2.977600,60.005702
2.977700,60.006124
2.977800,60.006243
2.977900,60.005922
2.978000,60.006409
2.978100,60.005863
2.978200,60.005687
2.978300,60.005791
2.978400,60.006215
2.978500,60.006071
2.978600,60.005717
2.978700,60.006019
2.978800,60.005754
2.978900,60.005679
2.979000,60.006105
2.979100,60.005818
2.979200,60.005858
2.979300,60.005931
2.979400,60.005346
2.979500,60.005320
2.979600,60.005381
2.979700,60.005561
2.979800,60.005621
2.979900,60.005569
2.980000,60.005630
2.980100,60.005749
2.980200,60.005839
2.980300,60.006312
2.980400,60.006195
2.980500,60.005961
2.980600,60.005379
2.980700,60.006484
2.980800,60.007067
2.980900,60.006156
2.981000,60.005726
2.981100,60.005742
2.981200,60.005893
2.981300,60.006724
2.981400,60.006452
2.981500,60.006587
2.981600,60.008298
2.981700,60.007287
2.981800,60.008643
2.981900,60.006958
2.982000,60.007573
2.982100,60.009606
2.982200,60.006425
2.982300,60.004136
2.982400,60.009068
2.982500,60.003708
2.982600,60.003018
2.982700,59.993816
2.982800,59.993923
2.982900,59.997275
2.983000,59.997900
2.983100,59.977943
2.983200,59.987771
2.983300,59.999795
2.983400,59.992547
2.983500,59.976204
2.983600,59.983498
2.983700,59.982194
2.983800,59.981115
2.983900,59.981915
2.984000,59.983768
2.984100,59.983315
2.984200,59.983022
2.984300,59.982358
2.984400,59.982853
2.984500,59.981333
2.984600,59.982315
2.984700,59.983731
2.984800,59.983971
2.984900,59.983589
2.985000,59.982650
2.985100,59.982870
2.985200,59.983774
2.985300,59.983658
2.985400,59.983069
2.985500,59.983147
2.985600,59.983279
2.985700,59.983475
2.985800,59.982960
2.985900,59.983261
2.986000,59.983044
2.986100,59.983094
2.986200,59.982551
2.986300,59.982845
2.986400,59.982623
2.986500,59.982869
2.986600,59.983265
2.986700,59.983356
2.986800,59.982968
2.986900,59.983077
2.987000,59.983182
2.987100,59.983373
2.987200,59.983299
2.987300,59.983132
2.987400,59.983232
2.987500,59.983379
2.987600,59.982916
2.987700,59.983076
2.987800,59.983064
2.987900,59.982802
2.988000,59.982740
2.988100,59.983081
2.988200,59.983093
2.988300,59.982582
2.988400,59.982876
2.988500,59.982711
2.988600,59.982570
2.988700,59.982734
2.988800,59.983503
2.988900,59.982862
2.989000,59.983588
2.989100,59.983435
2.989200,59.983873
2.989300,59.983324
2.989400,59.982285
2.989500,59.982315
2.989600,59.983989
2.989700,59.985029
2.989800,59.983502
2.989900,59.983638
2.990000,59.982720
2.990100,59.982225
2.990200,59.983357
2.990300,59.983828
2.990400,59.982691
2.990500,59.983605
2.990600,59.978674
2.990700,59.979917
2.990800,59.985483
2.990900,59.984197
2.991000,59.979391
2.991100,59.989035
2.991200,59.980496
2.991300,59.979208
2.991400,59.982027
2.991500,59.978445
2.991600,59.974108
2.991700,59.983419
2.991800,59.985604
2.991900,59.972596
2.992000,59.980798
2.992100,59.974100
2.992200,59.973670
2.992300,59.973370
2.992400,59.974045
2.992500,59.973815
2.992600,59.974217
2.992700,59.972864
2.992800,59.974462
2.992900,59.974804
2.993000,59.974633
2.993100,59.974278
2.993200,59.974109
2.993300,59.974844
2.993400,59.974816
2.993500,59.974365
2.993600,59.975068
2.993700,59.974555
2.993800,59.974622
2.993900,59.974705
2.994000,59.975140
2.994100,59.975131
2.994200,59.974573
2.994300,59.974846
2.994400,59.974759
2.994500,59.974377
2.994600,59.974371
2.994700,59.974634
2.994800,59.975058
2.994900,59.974978
2.995000,59.974711
2.995100,59.974843
2.995200,59.974870
2.995300,59.974787
2.995400,59.974531
2.995500,59.974793
2.995600,59.974489
2.995700,59.974291
2.995800,59.974253
2.995900,59.974371
2.996000,59.973939
2.996100,59.974365
2.996200,59.974460
2.996300,59.974748
2.996400,59.974897
2.996500,59.974844
2.996600,59.974325
2.996700,59.974763
2.996800,59.974847
2.996900,59.974258
2.997000,59.974766
2.997100,59.974369
2.997200,59.974806
2.997300,59.974900
2.997400,59.974842
2.997500,59.974043
2.997600,59.974151
2.997700,59.974912
2.997800,59.974982
2.997900,59.973947
2.998000,59.974107
2.998100,59.973200
2.998200,59.973199
2.998300,59.975958
2.998400,59.976807
2.998500,59.976686
2.998600,59.977350
2.998700,59.977030
2.998800,59.972689
2.998900,59.972018
2.999000,59.973120
2.999100,59.969221
2.999200,59.973137
2.999300,59.980927
2.999400,59.980215
2.999500,59.984681
2.999600,59.976847
2.999700,59.966570
2.999800,59.964148
2.999900,59.986976
3.000000,59.997093
3.000100,60.016834
3.000200,60.021881
3.000300,60.031656
3.000400,60.035978
3.000500,60.030595
3.000600,60.030161
3.000700,60.028931
3.000800,60.029091
3.000900,60.028826
3.001000,60.029003
3.001100,60.030550
3.001200,60.029458
3.001300,60.030325
3.001400,60.030685
3.001500,60.030002
3.001600,60.029589
3.001700,60.030201
3.001800,60.030518
3.001900,60.029964
3.002000,60.029565
3.002100,60.029389
3.002200,60.030067
3.002300,60.030423
3.002400,60.030123
3.002500,60.030093
3.002600,60.030133
3.002700,60.029885
3.002800,60.029806
3.002900,60.030061
3.003000,60.030075
3.003100,60.029621
3.003200,60.029965
3.003300,60.029665
3.003400,60.029711
3.003500,60.029840
3.003600,60.030313
3.003700,60.029815
3.003800,60.029965
3.003900,60.030018
3.004000,60.030075
3.004100,60.030241
3.004200,60.029587
3.004300,60.029936
3.004400,60.029861
3.004500,60.030098
3.004600,60.029737
3.004700,60.029680
3.004800,60.029691
3.004900,60.029550
3.005000,60.030483
3.005100,60.030852
3.005200,60.029891
3.005300,60.029586
3.005400,60.030425
3.005500,60.030382
3.005600,60.030533
3.005700,60.029655
3.005800,60.029939
3.005900,60.029862
3.006000,60.030759
3.006100,60.030517
3.006200,60.030453
3.006300,60.029779
3.006400,60.029149
3.006500,60.029281
3.006600,60.029657
3.006700,60.029918
3.006800,60.031283
3.006900,60.030617
3.007000,60.030314
3.007100,60.030374
3.007200,60.032101
3.007300,60.026672
3.007400,60.019972
3.007500,60.020325
3.007600,60.019147
3.007700,60.021765
3.007800,60.030709
3.007900,60.017719
3.008000,60.015088
3.008100,60.014898
3.008200,60.001365
3.008300,59.996644
3.008400,60.001172
3.008500,59.988390
3.008600,59.986867
3.008700,59.997363
3.008800,60.004052
3.008900,59.998546
3.009000,59.999910
3.009100,60.000769
3.009200,60.000880
3.009300,60.001755
3.009400,60.003441
3.009500,60.004797
3.009600,60.005081
3.009700,60.004507
3.009800,60.005969
3.009900,60.004750
3.010000,60.004874
3.010100,60.004456
3.010200,60.004439
3.010300,60.005284
3.010400,60.004681
3.010500,60.004634
3.010600,60.004264
3.010700,60.004802
3.010800,60.004973
3.010900,60.004386
3.011000,60.004976
3.011100,60.004765
3.011200,60.004694
3.011300,60.004549
3.011400,60.004610
3.011500,60.004840
3.011600,60.004543
3.011700,60.004539
3.011800,60.004955
3.011900,60.004790
3.012000,60.004392
3.012100,60.004364
3.012200,60.004813
3.012300,60.004432
3.012400,60.004171
3.012500,60.004184
3.012600,60.004590
3.012700,60.005123
3.012800,60.004662
3.012900,60.004259
3.013000,60.004106
3.013100,60.004347
3.013200,60.004295
3.013300,60.004309
3.013400,60.004356
3.013500,60.004352
3.013600,60.003946
3.013700,60.004444
3.013800,60.005535
3.013900,60.004404
3.014000,60.004408
3.014100,60.005107
3.014200,60.004134
3.014300,60.005219
3.014400,60.004345
3.014500,60.004069
3.014600,60.005359
3.014700,60.005554
3.014800,60.006093
3.014900,60.005403
3.015000,60.005810
3.015100,60.005966
3.015200,60.005978
3.015300,60.003330
3.015400,60.002066
3.015500,60.000328
3.015600,59.999376
3.015700,59.994988
3.015800,59.998323
3.015900,59.998598
3.016000,60.000451
3.016100,60.000414
3.016200,60.005318
3.016300,60.003713
3.016400,59.998174
3.016500,59.994351
3.016600,60.008328
3.016700,60.003325
3.016800,60.007858
3.016900,59.995693
3.017000,60.002327
3.017100,60.000167
3.017200,59.997913
3.017300,59.999690
3.017400,59.999647
3.017500,59.999750
3.017600,60.000874
3.017700,60.002361
3.017800,60.002217
3.017900,60.001328
3.018000,60.001566
3.018100,60.000483
3.018200,60.000976
3.018300,60.000283
3.018400,59.999534
3.018500,59.999594
3.018600,59.999163
3.018700,59.999850
3.018800,60.000249
3.018900,59.999677
3.019000,59.999714
3.019100,59.999958
3.019200,60.000173
3.019300,59.999855
3.019400,59.999993
3.019500,59.999642
3.019600,59.999610
3.019700,60.000027
3.019800,59.999893
3.019900,60.000126
3.020000,59.999895
3.020100,59.999973
3.020200,59.999594
3.020300,59.999783
3.020400,59.999812
3.020500,59.999803
3.020600,59.999613
3.020700,59.999866
3.020800,59.999736
3.020900,59.999776
3.021000,59.999417
3.021100,59.999427
3.021200,59.999919
3.021300,59.999902
3.021400,60.000347
3.021500,60.000184
3.021600,60.000394
3.021700,60.000424
3.021800,59.999518
3.021900,59.999794
3.022000,60.000267
3.022100,60.000264
3.022200,60.000087
3.022300,60.000214
3.022400,60.000021
3.022500,59.999377
3.022600,59.999381
3.022700,59.999166
3.022800,59.999745
3.022900,59.999802
3.023000,59.998756
3.023100,59.998833
3.023200,60.000727
3.023300,59.999181
3.023400,59.998109
3.023500,60.000157
3.023600,60.001660
3.023700,59.999789
3.023800,60.003072
3.023900,60.006359
3.024000,60.004768
3.024100,59.999965
3.024200,59.993368
3.024300,59.987243
3.024400,59.998226
3.024500,59.997625
3.024600,59.997494
3.024700,59.990923
3.024800,59.998540
3.024900,59.998000
3.025000,60.006912
3.025100,60.021801
3.025200,60.001630
3.025300,60.008394
3.025400,59.998217
3.025500,59.995632
3.025600,59.996371
3.025700,59.996395
3.025800,59.996385
3.025900,59.996122
3.026000,59.995105
3.026100,59.995978
3.026200,59.994221
3.026300,59.993671
3.026400,59.994979
3.026500,59.995713
3.026600,59.995306
3.026700,59.995303
3.026800,59.995289
3.026900,59.995685
3.027000,59.995676
3.027100,59.995316
3.027200,59.995118
3.027300,59.995141
3.027400,59.995277
3.027500,59.995186
3.027600,59.995557
3.027700,59.995184
3.027800,59.995260
3.027900,59.995047
3.028000,59.995256
3.028100,59.995213
3.028200,59.995512
3.028300,59.995422
3.028400,59.995568
3.028500,59.995461
3.028600,59.995072
3.028700,59.995350
3.028800,59.995353
3.028900,59.994945
3.029000,59.995187
3.029100,59.995043
3.029200,59.995570
3.029300,59.995334
3.029400,59.995112
3.029500,59.995473
3.029600,59.994686
3.029700,59.995384
3.029800,59.995545
3.029900,59.995008
3.030000,59.995161
3.030100,59.995257
3.030200,59.994938
3.030300,59.995281
3.030400,59.995237
3.030500,59.995375
3.030600,59.995570
3.030700,59.995556
3.030800,59.994969
3.030900,59.993940
3.031000,59.995679
3.031100,59.996235
3.031200,59.994676
3.031300,59.996783
3.031400,59.996349
3.031500,59.994543
3.031600,59.993475
3.031700,59.996064
3.031800,59.997087
3.031900,59.996388
3.032000,59.995786
3.032100,59.995534
3.032200,59.995742
3.032300,59.991826
3.032400,59.995821
3.032500,60.001650
3.032600,59.996698
3.032700,60.001287
3.032800,59.997544
3.032900,59.997926
3.033000,59.983721
3.033100,59.995787
3.033200,60.014986
3.033300,60.016656
3.033400,60.026075
3.033500,60.033002
3.033600,60.017677
3.033700,60.006534
3.033800,60.008054
3.033900,60.007991
3.034000,60.008772
3.034100,60.009392
3.034200,60.009493
3.034300,60.010229
3.034400,60.010018
3.034500,60.010345
3.034600,60.009172
3.034700,60.009221
3.034800,60.008571
3.034900,60.008606
3.035000,60.009587
3.035100,60.009237
3.035200,60.008841
3.035300,60.009192
3.035400,60.009431
3.035500,60.009018
3.035600,60.009043
3.035700,60.008979
3.035800,60.009096
3.035900,60.009153
3.036000,60.008816
3.036100,60.008930
3.036200,60.009097
3.036300,60.008868
3.036400,60.009185
3.036500,60.009006
3.036600,60.009437
3.036700,60.009080
3.036800,60.009311
3.036900,60.009096
3.037000,60.008956
3.037100,60.009475
3.037200,60.009245
3.037300,60.009108
3.037400,60.009078
3.037500,60.008901
3.037600,60.008945
3.037700,60.009141
3.037800,60.009057
3.037900,60.009240
3.038000,60.009027
3.038100,60.009053
3.038200,60.009383
3.038300,60.009431
3.038400,60.009498
3.038500,60.008937
3.038600,60.008851
3.038700,60.009886
3.038800,60.009381
3.038900,60.008964
3.039000,60.009347
3.039100,60.009410
3.039200,60.007994
3.039300,60.009755
3.039400,60.008856
3.039500,60.008379
3.039600,60.008207
3.039700,60.010096
3.039800,60.009043
3.039900,60.010901
3.040000,60.012130
3.040100,60.011318
3.040200,60.011026
3.040300,60.010876
3.040400,60.009556
3.040500,60.007820
3.040600,60.007430
3.040700,60.006826
3.040800,60.010731
3.040900,60.012238
3.041000,60.008625
3.041100,60.004249
3.041200,59.990909
3.041300,60.001817
3.041400,59.983250
3.041500,59.983471
3.041600,59.996151
3.041700,59.982048
3.041800,59.985340
3.041900,59.966933
3.042000,59.972071
3.042100,59.969904
3.042200,59.965245
3.042300,59.968172
3.042400,59.968939
3.042500,59.968925
3.042600,59.968429
3.042700,59.970014
3.042800,59.969593
3.042900,59.969838
3.043000,59.968920
3.043100,59.969283
3.043200,59.969406
3.043300,59.968406
3.043400,59.968531
3.043500,59.969485
3.043600,59.969183
3.043700,59.968888
3.043800,59.969277
3.043900,59.969347
3.044000,59.969093
3.044100,59.969630
3.044200,59.969224
3.044300,59.968873
3.044400,59.968824
3.044500,59.968822
3.044600,59.969066
3.044700,59.968784
3.044800,59.969024
3.044900,59.969356
3.045000,59.969071
3.045100,59.969158
3.045200,59.969490
3.045300,59.969024
3.045400,59.968585
3.045500,59.968724
3.045600,59.969045
3.045700,59.968891
3.045800,59.968732
3.045900,59.969026
3.046000,59.969102
3.046100,59.968986
3.046200,59.968373
3.046300,59.968331
3.046400,59.968529
3.046500,59.968408
3.046600,59.968551
3.046700,59.969132
3.046800,59.968875
3.046900,59.968887
3.047000,59.969081
3.047100,59.968052
3.047200,59.968715
3.047300,59.968621
3.047400,59.969513
3.047500,59.969446
3.047600,59.968488
3.047700,59.968948
3.047800,59.969127
3.047900,59.969880
3.048000,59.969815
3.048100,59.968475
3.048200,59.969364
3.048300,59.969128
3.048400,59.969520
3.048500,59.970900
3.048600,59.969952
3.048700,59.969581
3.048800,59.965895
3.048900,59.971260
3.049000,59.969870
3.049100,59.970762
3.049200,59.967990
3.049300,59.972222
3.049400,59.966359
3.049500,59.964027
3.049600,59.972154
3.049700,59.968655
3.049800,59.986321
3.049900,59.975121
3.050000,59.995801
3.050100,59.986908
3.050200,59.979517
3.050300,59.972740
3.050400,59.983903
3.050500,59.986604
3.050600,59.989459
3.050700,59.988155
3.050800,59.988152
3.050900,59.987883
3.051000,59.987050
3.051100,59.988219
3.051200,59.988401
3.051300,59.987555
3.051400,59.987562
3.051500,59.988835
3.051600,59.990009
3.051700,59.990289
3.051800,59.989719
3.051900,59.989754
3.052000,59.989445
3.052100,59.989394
3.052200,59.990139
3.052300,59.989472
3.052400,59.989566
3.052500,59.989162
3.052600,59.989413
3.052700,59.989664
3.052800,59.989709
3.052900,59.989229
3.053000,59.989276
3.053100,59.989057
3.053200,59.989604
3.053300,59.989419
3.053400,59.989182
3.053500,59.989128
3.053600,59.989621
3.053700,59.989523
3.053800,59.989517
3.053900,59.989528
3.054000,59.989465
3.054100,59.989722
3.054200,59.989774
3.054300,59.989372
3.054400,59.989429
3.054500,59.989609
3.054600,59.989384
3.054700,59.989713
3.054800,59.989726
3.054900,59.989212
3.055000,59.989040
3.055100,59.988852
3.055200,59.989654
3.055300,59.989440
3.055400,59.989239
3.055500,59.989277
3.055600,59.990040
3.055700,59.989705
3.055800,59.989371
3.055900,59.989536
3.056000,59.989534
3.056100,59.990670
3.056200,59.991781
3.056300,59.990631
3.056400,59.990429
3.056500,59.989650
3.056600,59.987138
3.056700,59.986466
3.056800,59.988865
3.056900,59.992271
3.057000,59.989832
3.057100,59.989048
3.057200,59.990521
3.057300,59.989041
3.057400,59.985908
3.057500,59.990547
3.057600,59.987739
3.057700,59.993121
3.057800,59.996875
3.057900,59.991028
3.058000,60.003380
3.058100,59.984649
3.058200,59.974929
3.058300,59.978204
3.058400,59.988433
3.058500,59.992920
3.058600,60.007125
3.058700,60.003139
3.058800,59.994738
3.058900,59.994544
3.059000,59.995577
3.059100,59.995609
3.059200,59.995831
3.059300,59.995171
3.059400,59.994172
3.059500,59.994362
3.059600,59.993875
3.059700,59.994553
3.059800,59.994718
3.059900,59.995534
3.060000,59.995944
3.060100,59.995812
3.060200,59.995345
3.060300,59.994987
3.060400,59.995209
3.060500,59.994980
3.060600,59.995338
3.060700,59.995736
3.060800,59.995415
3.060900,59.995425
3.061000,59.995054
3.061100,59.995179
3.061200,59.995005
3.061300,59.995377
3.061400,59.995604
3.061500,59.995345
3.061600,59.995250
3.061700,59.995371
3.061800,59.995427
3.061900,59.995477
3.062000,59.995580
3.062100,59.996073
3.062200,59.995391
3.062300,59.995521
3.062400,59.995389
3.062500,59.995142
3.062600,59.995484
3.062700,59.995385
3.062800,59.995268
3.062900,59.995429
3.063000,59.995605
3.063100,59.995247
3.063200,59.995563
3.063300,59.995014
3.063400,59.995010
3.063500,59.995230
3.063600,59.994809
3.063700,59.995394
3.063800,59.995355
3.063900,59.995696
3.064000,59.995830
3.064100,59.996290
3.064200,59.995530
3.064300,59.994641
3.064400,59.995266
3.064500,59.994897
3.064600,59.994788
3.064700,59.995221
3.064800,59.994801
3.064900,59.993603
3.065000,59.995538
3.065100,59.993125
3.065200,59.993864
3.065300,59.996857
3.065400,59.994549
3.065500,59.996383
3.065600,59.998824
3.065700,59.993151
3.065800,59.990338
3.065900,59.998408
3.066000,59.998238
3.066100,60.002089
3.066200,60.005698
3.066300,59.997950
3.066400,59.996710
3.066500,59.993343
3.066600,59.995977
3.066700,59.982397
3.066800,60.002846
3.066900,60.003571
3.067000,60.006892
3.067100,59.998941
3.067200,60.004671
3.067300,60.005730
3.067400,60.006146
3.067500,60.006322
3.067600,60.006706
3.067700,60.007452
3.067800,60.008424
3.067900,60.008200
3.068000,60.009070
3.068100,60.008198
3.068200,60.007236
3.068300,60.007453
3.068400,60.007444
3.068500,60.007785
3.068600,60.008183
3.068700,60.007674
3.068800,60.007890
3.068900,60.007788
3.069000,60.007408
3.069100,60.007467
3.069200,60.007490
3.069300,60.007603
3.069400,60.007680
3.069500,60.007659
3.069600,60.007470
3.069700,60.007840
3.069800,60.007632
3.069900,60.007432
3.070000,60.007803
3.070100,60.007282
3.070200,60.007491
3.070300,60.007723
3.070400,60.007663
3.070500,60.007662
3.070600,60.007618
3.070700,60.007597
3.070800,60.007520
3.070900,60.008038
3.071000,60.007738
3.071100,60.007760
3.071200,60.007436
3.071300,60.007506
3.071400,60.007784
3.071500,60.007400
3.071600,60.007466
3.071700,60.007811
3.071800,60.007586
3.071900,60.007670
3.072000,60.007555
3.072100,60.007530
3.072200,60.008318
3.072300,60.008471
3.072400,60.007306
3.072500,60.007198
3.072600,60.007413
3.072700,60.007335
3.072800,60.007484
3.072900,60.008895
3.073000,60.008725
3.073100,60.008035
3.073200,60.007010
3.073300,60.005471
3.073400,60.005499
3.073500,60.008489
3.073600,60.007856
3.073700,60.003951
3.073800,60.008815
3.073900,60.009885
3.074000,60.004065
3.074100,60.010809
3.074200,60.012741
3.074300,60.009843
3.074400,60.006553
3.074500,60.003078
3.074600,59.993090
3.074700,59.989478
3.074800,59.979537
3.074900,59.957059
3.075000,59.977066
3.075100,60.000024
3.075200,60.015095
3.075300,60.014373
3.075400,60.016086
3.075500,60.011190
3.075600,60.007440
3.075700,60.007127
3.075800,60.007069
3.075900,60.007105
3.076000,60.006220
3.076100,60.008013
3.076200,60.009952
3.076300,60.009330
3.076400,60.010169
3.076500,60.010547
3.076600,60.010577
3.076700,60.009386
3.076800,60.009492
3.076900,60.008652
3.077000,60.009383
3.077100,60.010063
3.077200,60.010015
3.077300,60.009807
3.077400,60.010062
3.077500,60.009705
3.077600,60.009201
3.077700,60.009372
3.077800,60.009399
3.077900,60.009185
3.078000,60.009549
3.078100,60.009628
3.078200,60.009151
3.078300,60.009094
3.078400,60.009200
3.078500,60.009403
3.078600,60.009838
3.078700,60.010100
3.078800,60.010062
3.078900,60.009394
3.079000,60.009670
3.079100,60.009198
3.079200,60.009272
3.079300,60.009243
3.079400,60.009204
3.079500,60.009567
3.079600,60.009283
3.079700,60.009628
3.079800,60.009668
3.079900,60.010265
3.080000,60.009692
3.080100,60.008841
3.080200,60.009741
3.080300,60.010577
3.080400,60.009992
3.080500,60.009841
3.080600,60.010198
3.080700,60.010000
3.080800,60.009810
3.080900,60.010573
3.081000,60.010056
3.081100,60.009095
3.081200,60.009618
3.081300,60.010034
3.081400,60.010389
3.081500,60.009866
3.081600,60.010867
3.081700,60.009277
3.081800,60.008586
3.081900,60.008173
3.082000,60.008578
3.082100,60.012615
3.082200,60.009835
3.082300,60.009250
3.082400,60.007105
3.082500,60.009930
3.082600,60.016084
3.082700,60.017998
3.082800,60.014733
3.082900,60.011861
3.083000,60.011676
3.083100,59.993518
3.083200,60.007784
3.083300,59.998703
3.083400,59.989488
3.083500,59.993161
3.083600,59.983732
3.083700,59.992670
3.083800,60.001558
3.083900,60.007930
3.084000,60.006570
3.084100,60.005964
3.084200,60.006340
3.084300,60.005790
3.084400,60.007230
3.084500,60.005808
3.084600,60.006534
3.084700,60.005786
3.084800,60.005536
3.084900,60.006164
3.085000,60.006003
3.085100,60.006134
3.085200,60.007002
3.085300,60.006829
3.085400,60.005896
3.085500,60.005836
3.085600,60.005959
3.085700,60.006083
3.085800,60.006111
3.085900,60.005659
3.086000,60.005384
3.086100,60.005935
3.086200,60.006134
3.086300,60.006013
3.086400,60.005724
3.086500,60.005953
3.086600,60.005712
3.086700,60.006182
3.086800,60.006037
3.086900,60.005668
3.087000,60.005691
3.087100,60.005591
3.087200,60.006110
3.087300,60.006001
3.087400,60.005945
3.087500,60.005873
3.087600,60.005842
3.087700,60.006244
3.087800,60.005987
3.087900,60.006275
3.088000,60.006409
3.088100,60.006205
3.088200,60.005757
3.088300,60.005850
3.088400,60.006021
3.088500,60.005721
3.088600,60.005889
3.088700,60.005882
3.088800,60.006099
3.088900,60.005790
3.089000,60.006061
3.089100,60.005920
3.089200,60.005310
3.089300,60.005863
3.089400,60.006581
3.089500,60.005375
3.089600,60.006250
3.089700,60.007089
3.089800,60.007118
3.089900,60.007012
3.090000,60.006493
3.090100,60.008292
3.090200,60.007592
3.090300,60.010236
3.090400,60.010854
3.090500,60.012365
3.090600,60.007872
3.090700,60.003123
3.090800,59.997985
3.090900,60.002037
3.091000,59.995726
3.091100,59.995313
3.091200,60.004749
3.091300,60.021054
3.091400,60.019901
3.091500,60.037506
3.091600,60.042835
3.091700,60.054490
3.091800,60.053401
3.091900,60.034642
3.092000,60.026676
3.092100,60.030029
3.092200,60.027901
3.092300,60.030651
3.092400,60.030856
3.092500,60.030802
3.092600,60.030156
3.092700,60.030148
3.092800,60.029569
3.092900,60.029665
3.093000,60.029299
3.093100,60.028836
3.093200,60.029279
3.093300,60.029958
3.093400,60.030448
3.093500,60.030661
3.093600,60.030412
3.093700,60.030673
3.093800,60.030362
3.093900,60.030021
3.094000,60.030005
3.094100,60.030027
3.094200,60.030331
3.094300,60.030351
3.094400,60.030087
3.094500,60.030210
3.094600,60.030673
3.094700,60.030653
3.094800,60.030291
3.094900,60.030187
3.095000,60.030297
3.095100,60.030262
3.095200,60.030371
3.095300,60.030464
3.095400,60.030488
3.095500,60.030544
3.095600,60.030564
3.095700,60.030182
3.095800,60.030271
3.095900,60.030112
3.096000,60.030068
3.096100,60.030460
3.096200,60.030270
3.096300,60.029763
3.096400,60.030533
3.096500,60.030354
3.096600,60.030505
3.096700,60.029796
3.096800,60.030343
3.096900,60.031275
3.097000,60.030345
3.097100,60.029517
3.097200,60.030473
3.097300,60.030236
3.097400,60.030690
3.097500,60.030208
3.097600,60.031187
3.097700,60.031638
3.097800,60.030943
3.097900,60.030607
3.098000,60.029216
3.098100,60.027670
3.098200,60.030424
3.098300,60.031849
3.098400,60.032190
3.098500,60.030088
3.098600,60.028930
3.098700,60.029603
3.098800,60.029978
3.098900,60.027467
3.099000,60.029531
3.099100,60.032583
3.099200,60.026919
3.099300,60.033512
3.099400,60.042471
3.099500,60.039308
3.099600,60.039106
3.099700,60.039169
3.099800,60.031202
3.099900,60.019914
3.100000,60.000697
3.100100,59.993921
3.100200,60.011777
3.100300,60.004483
3.100400,60.011708
3.100500,60.009934
3.100600,60.010378
3.100700,60.008267
3.100800,60.008213
3.100900,60.007334
3.101000,60.007689
3.101100,60.008787
3.101200,60.007449
3.101300,60.008263
3.101400,60.008115
3.101500,60.006610
3.101600,60.006834
3.101700,60.006774
3.101800,60.006545
3.101900,60.007017
3.102000,60.007809
3.102100,60.007455
3.102200,60.007288
3.102300,60.006918
3.102400,60.006867
3.102500,60.006256
3.102600,60.006773
3.102700,60.006352
3.102800,60.006881
3.102900,60.006840
3.103000,60.006781
3.103100,60.006872
3.103200,60.006673
3.103300,60.006891
3.103400,60.006793
3.103500,60.006630
3.103600,60.006474
3.103700,60.006594
3.103800,60.006904
3.103900,60.006934
3.104000,60.006978
3.104100,60.006655
3.104200,60.006917
3.104300,60.006511
3.104400,60.006744
3.104500,60.006725
3.104600,60.006915
3.104700,60.006753
3.104800,60.006044
3.104900,60.006502
3.105000,60.006722
3.105100,60.006342
3.105200,60.006398
3.105300,60.007407
3.105400,60.007667
3.105500,60.006554
3.105600,60.006666
3.105700,60.006261
3.105800,60.006668
3.105900,60.006957
3.106000,60.006066
3.106100,60.007351
3.106200,60.007274
3.106300,60.007464
3.106400,60.007471
3.106500,60.007368
3.106600,60.006033
3.106700,60.006844
3.106800,60.004784
3.106900,60.003360
3.107000,60.007648
3.107100,60.009595
3.107200,60.005157
3.107300,60.004782
3.107400,60.009706
3.107500,60.003468
3.107600,60.005319
3.107700,60.004092
3.107800,60.007656
3.107900,60.006380
3.108000,59.999120
3.108100,60.011985
3.108200,60.004350
3.108300,59.984998
3.108400,59.993265
3.108500,59.976136
3.108600,59.980598
3.108700,59.978001
3.108800,59.981016
3.108900,59.980856
3.109000,59.983052
3.109100,59.983165
3.109200,59.983153
3.109300,59.984332
3.109400,59.985208
3.109500,59.984531
3.109600,59.985220
3.109700,59.984946
3.109800,59.983613
3.109900,59.983137
3.110000,59.983305
3.110100,59.984312
3.110200,59.983256
3.110300,59.983973
3.110400,59.984082
3.110500,59.984067
3.110600,59.984036
3.110700,59.983372
3.110800,59.983974
3.110900,59.983365
3.111000,59.983818
3.111100,59.984148
3.111200,59.983556
3.111300,59.983533
3.111400,59.983408
3.111500,59.983361
3.111600,59.983378
3.111700,59.983158
3.111800,59.983626
3.111900,59.983534
3.112000,59.983397
3.112100,59.983561
3.112200,59.983475
3.112300,59.983850
3.112400,59.983818
3.112500,59.983617
3.112600,59.983307
3.112700,59.983827
3.112800,59.983382
3.112900,59.983857
3.113000,59.984043
3.113100,59.984049
3.113200,59.983194
3.113300,59.983596
3.113400,59.983616
3.113500,59.983666
3.113600,59.983898
3.113700,59.982901
3.113800,59.983807
3.113900,59.983304
3.114000,59.983875
3.114100,59.983356
3.114200,59.983319
3.114300,59.983954
3.114400,59.983601
3.114500,59.982725
3.114600,59.982401
3.114700,59.983895
3.114800,59.982844
3.114900,59.984253
3.115000,59.982987
3.115100,59.984302
3.115200,59.983635
3.115300,59.985990
3.115400,59.982058
3.115500,59.984743
3.115600,59.983138
3.115700,59.989394
3.115800,59.985824
3.115900,59.984690
3.116000,59.990032
3.116100,59.986178
3.116200,59.986269
3.116300,59.987442
3.116400,59.978642
3.116500,59.987336
3.116600,59.965729
3.116700,59.982867
3.116800,59.969592
3.116900,59.984443
3.117000,59.986548
3.117100,59.985695
3.117200,59.991047
3.117300,59.987424
3.117400,59.986754
3.117500,59.986755
3.117600,59.986562
3.117700,59.986000
3.117800,59.987650
3.117900,59.987154
3.118000,59.986082
3.118100,59.986394
3.118200,59.985991
3.118300,59.986274
3.118400,59.986572
3.118500,59.986024
3.118600,59.986828
3.118700,59.986140
3.118800,59.985796
3.118900,59.985420
3.119000,59.985783
3.119100,59.985705
3.119200,59.986061
3.119300,59.986095
3.119400,59.985610
3.119500,59.985544
3.119600,59.985731
3.119700,59.985684
3.119800,59.985998
3.119900,59.985922
3.120000,59.986227
3.120100,59.986157
3.120200,59.986147
3.120300,59.985992
3.120400,59.985759
3.120500,59.985952
3.120600,59.985435
3.120700,59.985102
3.120800,59.985826
3.120900,59.985815
3.121000,59.986032
3.121100,59.986075
3.121200,59.985871
3.121300,59.985603
3.121400,59.986003
3.121500,59.985579
3.121600,59.985729
3.121700,59.985443
3.121800,59.985358
3.121900,59.985973
3.122000,59.985714
3.122100,59.985905
3.122200,59.985429
3.122300,59.986008
3.122400,59.985904
3.122500,59.986255
3.122600,59.984689
3.122700,59.985575
3.122800,59.986654
3.122900,59.986765
3.123000,59.986764
3.123100,59.985622
3.123200,59.985958
3.123300,59.986307
3.123400,59.986512
3.123500,59.985911
3.123600,59.989541
3.123700,59.989769
3.123800,59.986216
3.123900,59.984315
3.124000,59.988428
3.124100,59.988389
3.124200,59.991775
3.124300,59.982467
3.124400,59.985052
3.124500,59.987288
3.124600,59.981023
3.124700,59.990092
3.124800,59.980165
3.124900,59.986627
3.125000,59.971523
3.125100,59.973440
3.125200,59.970716
3.125300,59.971985
3.125400,59.968722
3.125500,59.971507
3.125600,59.976057
3.125700,59.975407
3.125800,59.975572
3.125900,59.975608
3.126000,59.975150
3.126100,59.976376
3.126200,59.978339
3.126300,59.976866
3.126400,59.978165
3.126500,59.978348
3.126600,59.977825
3.126700,59.976858
3.126800,59.976738
3.126900,59.977529
3.127000,59.978119
3.127100,59.977571
3.127200,59.977701
3.127300,59.978049
3.127400,59.977862
3.127500,59.978172
3.127600,59.977562
3.127700,59.977434
3.127800,59.977270
3.127900,59.977070
3.128000,59.976884
3.128100,59.977254
3.128200,59.977724
3.128300,59.977657
3.128400,59.977490
3.128500,59.977385
3.128600,59.977359
3.128700,59.977698
3.128800,59.977709
3.128900,59.977072
3.129000,59.977273
3.129100,59.977652
3.129200,59.977619
3.129300,59.977619
3.129400,59.977559
3.129500,59.977715
3.129600,59.977711
3.129700,59.977599
3.129800,59.977725
3.129900,59.976834
3.130000,59.977448
3.130100,59.977671
3.130200,59.977572
3.130300,59.977434
3.130400,59.976907
3.130500,59.977293
3.130600,59.977492
3.130700,59.977683
3.130800,59.976876
3.130900,59.977622
3.131000,59.977974
3.131100,59.977783
3.131200,59.977008
3.131300,59.977521
3.131400,59.978540
3.131500,59.978299
3.131600,59.977952
3.131700,59.977635
3.131800,59.979115
3.131900,59.978127
3.132000,59.979346
3.132100,59.979153
3.132200,59.978631
3.132300,59.980346
3.132400,59.985311
3.132500,59.986084
3.132600,59.978236
3.132700,59.975811
3.132800,59.977575
3.132900,59.980500
3.133000,59.987630
3.133100,59.982520
3.133200,59.991036
3.133300,59.983262
3.133400,59.998691
3.133500,60.012126
3.133600,60.013275
3.133700,60.010749
3.133800,60.018157
3.133900,60.012751
3.134000,60.013959
3.134100,60.014158
3.134200,60.014339
3.134300,60.015440
3.134400,60.015318
3.134500,60.014702
3.134600,60.014672
3.134700,60.013123
3.134800,60.014438
3.134900,60.014819
3.135000,60.014678
3.135100,60.015516
3.135200,60.014450
3.135300,60.014795
3.135400,60.014947
3.135500,60.015184
3.135600,60.014723
3.135700,60.014843
3.135800,60.014982
3.135900,60.014767
3.136000,60.015106
3.136100,60.015157
3.136200,60.014810
3.136300,60.014944
3.136400,60.015046
3.136500,60.015137
3.136600,60.014921
3.136700,60.014718
3.136800,60.014447
3.136900,60.014518
3.137000,60.014829
3.137100,60.015056
3.137200,60.014960
3.137300,60.015168
3.137400,60.014913
3.137500,60.015173
3.137600,60.014772
3.137700,60.014816
3.137800,60.014600
3.137900,60.014547
3.138000,60.015216
3.138100,60.014771
3.138200,60.015332
3.138300,60.015195
3.138400,60.015330
3.138500,60.014694
3.138600,60.014468
3.138700,60.014690
3.138800,60.014603
3.138900,60.014925
3.139000,60.013692
3.139100,60.015241
3.139200,60.015712
3.139300,60.015345
3.139400,60.014675
3.139500,60.015639
3.139600,60.013837
3.139700,60.015205
3.139800,60.015797
3.139900,60.015469
3.140000,60.015495
3.140100,60.015453
3.140200,60.014121
3.140300,60.015419
3.140400,60.011544
3.140500,60.015146
3.140600,60.013122
3.140700,60.014023
3.140800,60.014347
3.140900,60.007334
3.141000,60.008715
3.141100,60.015695
3.141200,60.025814
3.141300,60.041573
3.141400,60.059264
3.141500,60.039031
3.141600,60.050738
3.141700,60.064461
3.141800,60.051028
3.141900,60.057607
3.142000,60.042847
3.142100,60.049516
3.142200,60.049314
3.142300,60.048696
3.142400,60.049059
3.142500,60.048992
3.142600,60.049424
3.142700,60.048334
3.142800,60.048251
3.142900,60.049404
3.143000,60.048992
3.143100,60.050531
3.143200,60.049787
3.143300,60.049572
3.143400,60.049481
3.143500,60.049517
3.143600,60.050276
3.143700,60.049450
3.143800,60.049816
3.143900,60.049960
3.144000,60.050247
3.144100,60.050104
3.144200,60.050375
3.144300,60.049694
3.144400,60.049696
3.144500,60.049505
3.144600,60.049449
3.144700,60.050074
3.144800,60.049777
3.144900,60.049738
3.145000,60.049891
3.145100,60.049798
3.145200,60.050028
3.145300,60.049920
3.145400,60.049969
3.145500,60.049525
3.145600,60.049769
3.145700,60.050026
3.145800,60.049999
3.145900,60.049827
3.146000,60.049863
3.146100,60.049954
3.146200,60.049463
3.146300,60.049565
3.146400,60.050076
3.146500,60.049980
3.146600,60.049960
3.146700,60.050051
3.146800,60.050015
3.146900,60.050265
3.147000,60.050567
3.147100,60.049778
3.147200,60.050374
3.147300,60.049958
3.147400,60.049615
3.147500,60.049585
3.147600,60.048561
3.147700,60.048724
3.147800,60.049157
3.147900,60.048211
3.148000,60.048829
3.148100,60.049443
3.148200,60.049808
3.148300,60.049889
3.148400,60.049670
3.148500,60.048271
3.148600,60.051254
3.148700,60.049357
3.148800,60.048477
3.148900,60.046694
3.149000,60.049894
3.149100,60.050737
3.149200,60.053175
3.149300,60.052560
3.149400,60.041788
3.149500,60.032650
3.149600,60.040883
3.149700,60.042094
3.149800,60.021004
3.149900,60.009300
3.150000,59.997466
3.150100,59.989363
3.150200,59.990720
3.150300,59.991419
3.150400,59.996458
3.150500,59.989570
3.150600,59.989807
3.150700,59.989342
3.150800,59.989205
3.150900,59.989859
3.151000,59.990440
3.151100,59.988998
3.151200,59.988554
3.151300,59.988685
3.151400,59.988777
3.151500,59.988771
3.151600,59.989460
3.151700,59.988261
3.151800,59.988410
3.151900,59.988200
3.152000,59.988574
3.152100,59.988236
3.152200,59.988035
3.152300,59.988614
3.152400,59.988391
3.152500,59.987982
3.152600,59.988346
3.152700,59.988675
3.152800,59.988534
3.152900,59.988291
3.153000,59.988199
3.153100,59.988431
3.153200,59.988289
3.153300,59.988400
3.153400,59.988180
3.153500,59.988153
3.153600,59.988303
3.153700,59.988111
3.153800,59.988372
3.153900,59.988222
3.154000,59.988200
3.154100,59.988197
3.154200,59.988269
3.154300,59.987803
3.154400,59.988468
3.154500,59.988631
3.154600,59.987861
3.154700,59.987891
3.154800,59.988298
3.154900,59.988150
3.155000,59.988677
3.155100,59.987928
3.155200,59.987685
3.155300,59.987874
3.155400,59.988674
3.155500,59.988483
3.155600,59.988097
3.155700,59.987915
3.155800,59.988414
3.155900,59.987753
3.156000,59.988924
3.156100,59.987823
3.156200,59.988615
3.156300,59.989128
3.156400,59.989519
3.156500,59.988398
3.156600,59.988789
3.156700,59.986614
3.156800,59.989585
3.156900,59.988500
3.157000,59.984592
3.157100,59.986486
3.157200,59.983699
3.157300,59.982201
3.157400,59.984631
3.157500,59.985686
3.157600,59.979750
3.157700,59.986280
3.157800,59.990467
3.157900,59.986935
3.158000,59.982621
3.158100,59.986863
3.158200,59.984770
3.158300,59.972509
3.158400,59.990411
3.158500,59.981644
3.158600,59.997132
3.158700,59.991976
3.158800,59.988163
3.158900,59.983464
3.159000,59.982846
3.159100,59.982905
3.159200,59.982773
3.159300,59.983592
3.159400,59.983373
3.159500,59.981663
3.159600,59.982815
3.159700,59.981037
3.159800,59.981150
3.159900,59.981601
3.160000,59.981119
3.160100,59.980944
3.160200,59.980960
3.160300,59.981528
3.160400,59.980878
3.160500,59.981360
3.160600,59.981237
3.160700,59.981143
3.160800,59.981137
3.160900,59.981404
3.161000,59.980953
3.161100,59.981084
3.161200,59.981291
3.161300,59.981153
3.161400,59.981415
3.161500,59.981289
3.161600,59.981274
3.161700,59.981412
3.161800,59.981088
3.161900,59.981177
3.162000,59.980982
3.162100,59.981050
3.162200,59.980810
3.162300,59.981306
3.162400,59.981553
3.162500,59.980855
3.162600,59.981071
3.162700,59.981042
3.162800,59.981073
3.162900,59.981376
3.163000,59.981028
3.163100,59.981092
3.163200,59.981291
3.163300,59.981177
3.163400,59.980964
3.163500,59.981697
3.163600,59.981356
3.163700,59.981373
3.163800,59.981385
3.163900,59.981027
3.164000,59.980950
3.164100,59.981147
3.164200,59.981301
3.164300,59.981082
3.164400,59.981193
3.164500,59.980929
3.164600,59.980258
3.164700,59.982187
3.164800,59.981294
3.164900,59.979617
3.165000,59.979587
3.165100,59.980168
3.165200,59.979752
3.165300,59.981026
3.165400,59.981335
3.165500,59.981349
3.165600,59.979783
3.165700,59.976707
3.165800,59.974615
3.165900,59.976172
3.166000,59.979255
3.166100,59.983071
3.166200,59.996573
3.166300,59.999746
3.166400,60.005266
3.166500,60.012466
3.166600,60.001250
3.166700,60.022196
3.166800,60.014125
3.166900,60.014671
3.167000,60.005832
3.167100,60.005726
3.167200,60.003785
3.167300,60.004274
3.167400,60.004332
3.167500,60.003807
3.167600,60.004499
3.167700,60.002900
3.167800,60.002899
3.167900,60.003722
3.168000,60.003455
3.168100,60.002864
3.168200,60.003352
3.168300,60.003496
3.168400,60.003452
3.168500,60.003660
3.168600,60.003410
3.168700,60.003169
3.168800,60.003180
3.168900,60.003369
3.169000,60.003609
3.169100,60.003499
3.169200,60.003711
3.169300,60.003545
3.169400,60.003720
3.169500,60.003523
3.169600,60.003106
3.169700,60.003382
3.169800,60.003513
3.169900,60.003296
3.170000,60.003086
3.170100,60.003268
3.170200,60.003185
3.170300,60.003206
3.170400,60.003487
3.170500,60.003276
3.170600,60.003343
3.170700,60.003871
3.170800,60.003454
3.170900,60.003292
3.171000,60.003393
3.171100,60.003416
3.171200,60.003470
3.171300,60.003003
3.171400,60.003858
3.171500,60.003756
3.171600,60.003178
3.171700,60.003663
3.171800,60.003915
3.171900,60.003560
3.172000,60.004359
3.172100,60.003860
3.172200,60.003870
3.172300,60.003561
3.172400,60.003604
3.172500,60.004161
3.172600,60.003174
3.172700,60.002840
3.172800,60.002001
3.172900,60.003992
3.173000,60.004248
3.173100,60.002145
3.173200,60.002283
3.173300,60.003173
3.173400,60.004398
3.173500,60.003971
3.173600,60.000447
3.173700,60.001776
3.173800,60.003941
3.173900,60.004938
3.174000,60.001333
3.174100,60.006738
3.174200,60.009980
3.174300,60.012900
3.174400,60.003142
3.174500,59.997608
3.174600,60.004981
3.174700,59.998513
3.174800,59.993383
3.174900,60.007451
3.175000,60.008012
3.175100,59.993878
3.175200,60.008000
3.175300,59.991916
3.175400,59.987454
3.175500,59.987741
3.175600,59.987978
3.175700,59.987889
3.175800,59.987691
3.175900,59.986629
3.176000,59.985462
3.176100,59.986404
3.176200,59.987533
3.176300,59.986884
3.176400,59.988386
3.176500,59.988109
3.176600,59.987403
3.176700,59.987296
3.176800,59.987421
3.176900,59.987912
3.177000,59.987623
3.177100,59.987422
3.177200,59.987621
3.177300,59.987622
3.177400,59.987434
3.177500,59.987455
3.177600,59.987324
3.177700,59.987543
3.177800,59.987687
3.177900,59.987484
3.178000,59.987411
3.178100,59.987510
3.178200,59.987284
3.178300,59.987287
3.178400,59.987317
3.178500,59.987638
3.178600,59.987584
3.178700,59.987284
3.178800,59.987195
3.178900,59.987369
3.179000,59.987794
3.179100,59.987470
3.179200,59.987510
3.179300,59.987280
3.179400,59.987314
3.179500,59.987203
3.179600,59.986996
3.179700,59.987071
3.179800,59.986936
3.179900,59.987400
3.180000,59.987740
3.180100,59.987945
3.180200,59.987845
3.180300,59.987813
3.180400,59.987696
3.180500,59.987368
3.180600,59.987172
3.180700,59.987290
3.180800,59.988449
3.180900,59.987571
3.181000,59.987390
3.181100,59.987579
3.181200,59.985770
3.181300,59.986005
3.181400,59.988213
3.181500,59.987004
3.181600,59.989648
3.181700,59.988355
3.181800,59.989334
3.181900,59.992659
3.182000,59.990039
3.182100,59.990217
3.182200,59.989626
3.182300,59.992684
3.182400,59.988156
3.182500,59.987828
3.182600,59.985604
3.182700,59.993043
3.182800,59.998360
3.182900,59.988204
3.183000,59.998397
3.183100,60.001441
3.183200,60.019671
3.183300,60.009652
3.183400,60.021481
3.183500,60.006169
3.183600,60.017610
3.183700,60.003978
3.183800,60.006539
3.183900,60.009473
3.184000,60.009126
3.184100,60.009233
3.184200,60.009352
3.184300,60.008959
3.184400,60.008208
3.184500,60.009989
3.184600,60.008974
3.184700,60.007344
3.184800,60.007972
3.184900,60.007701
3.185000,60.007066
3.185100,60.008049
3.185200,60.008741
3.185300,60.008404
3.185400,60.008013
3.185500,60.008516
3.185600,60.007738
3.185700,60.007804
3.185800,60.008243
3.185900,60.008090
3.186000,60.008134
3.186100,60.008141
3.186200,60.007618
3.186300,60.007777
3.186400,60.008062
3.186500,60.008135
3.186600,60.008014
3.186700,60.007428
3.186800,60.007684
3.186900,60.007867
3.187000,60.007867
3.187100,60.007853
3.187200,60.008250
3.187300,60.007786
3.187400,60.007726
3.187500,60.007947
3.187600,60.008119
3.187700,60.007954
3.187800,60.008042
3.187900,60.008182
3.188000,60.007784
3.188100,60.007308
3.188200,60.007570
3.188300,60.008015
3.188400,60.007423
3.188500,60.007517
3.188600,60.007394
3.188700,60.008106
3.188800,60.008266
3.188900,60.008156
3.189000,60.008308
3.189100,60.008273
3.189200,60.007681
3.189300,60.007420
3.189400,60.007295
3.189500,60.008050
3.189600,60.007674
3.189700,60.008116
3.189800,60.008516
3.189900,60.009315
3.190000,60.008873
3.190100,60.008322
3.190200,60.007395
3.190300,60.006499
3.190400,60.003303
3.190500,60.002601
3.190600,60.006102
3.190700,60.005148
3.190800,60.005835
3.190900,60.006957
3.191000,60.013947
3.191100,60.012614
3.191200,60.008002
3.191300,60.012585
3.191400,60.018010
3.191500,60.006501
3.191600,59.994634
3.191700,59.977445
3.191800,59.984471
3.191900,59.986640
3.192000,59.990618
3.192100,59.990422
3.192200,59.990296
3.192300,59.988345
3.192400,59.988176
3.192500,59.987857
3.192600,59.988707
3.192700,59.989110
3.192800,59.987144
3.192900,59.987669
3.193000,59.987295
3.193100,59.986623
3.193200,59.986403
3.193300,59.987096
3.193400,59.985919
3.193500,59.986227
3.193600,59.985793
3.193700,59.985801
3.193800,59.985997
3.193900,59.986037
3.194000,59.985791
3.194100,59.985952
3.194200,59.986019
3.194300,59.986106
3.194400,59.986482
3.194500,59.985885
3.194600,59.985801
3.194700,59.986198
3.194800,59.986002
3.194900,59.986500
3.195000,59.986681
3.195100,59.986294
3.195200,59.986747
3.195300,59.986479
3.195400,59.986419
3.195500,59.986354
3.195600,59.986210
3.195700,59.986022
3.195800,59.985840
3.195900,59.985667
3.196000,59.986236
3.196100,59.985945
3.196200,59.986154
3.196300,59.986339
3.196400,59.986092
3.196500,59.985886
3.196600,59.986694
3.196700,59.985991
3.196800,59.986438
3.196900,59.985898
3.197000,59.986060
3.197100,59.985950
3.197200,59.986336
3.197300,59.985832
3.197400,59.986804
3.197500,59.986083
3.197600,59.984863
3.197700,59.984813
3.197800,59.985276
3.197900,59.985555
3.198000,59.984304
3.198100,59.983568
3.198200,59.986144
3.198300,59.986242
3.198400,59.988664
3.198500,59.990575
3.198600,59.987405
3.198700,59.990769
3.198800,59.990279
3.198900,59.992186
3.199000,59.991673
3.199100,59.985381
3.199200,59.993453
3.199300,59.987948
3.199400,59.989216
3.199500,59.980470
3.199600,59.976665
3.199700,59.962632
3.199800,59.954346
3.199900,59.952023
3.200000,59.960292
3.200100,59.949649
3.200200,59.959546
3.200300,59.956871
3.200400,59.961150
3.200500,59.967412
3.200600,59.966260
3.200700,59.964656
3.200800,59.964627
3.200900,59.965028
3.201000,59.963351
3.201100,59.964006
3.201200,59.963961
3.201300,59.962678
3.201400,59.962967
3.201500,59.963948
3.201600,59.963900
3.201700,59.963493
3.201800,59.963614
3.201900,59.964511
3.202000,59.964075
3.202100,59.963781
3.202200,59.963291
3.202300,59.963842
3.202400,59.963977
3.202500,59.963969
3.202600,59.963934
3.202700,59.963821
3.202800,59.963713
3.202900,59.963867
3.203000,59.963732
3.203100,59.963773
3.203200,59.963887
3.203300,59.964130
3.203400,59.964037
3.203500,59.964330
3.203600,59.964462
3.203700,59.964062
3.203800,59.963964
3.203900,59.963674
3.204000,59.963672
3.204100,59.963719
3.204200,59.964308
3.204300,59.964190
3.204400,59.963857
3.204500,59.963466
3.204600,59.963461
3.204700,59.963995
3.204800,59.963106
3.204900,59.963237
3.205000,59.963451
3.205100,59.963776
3.205200,59.964044
3.205300,59.964398
3.205400,59.964292
3.205500,59.964353
3.205600,59.964454
3.205700,59.964500
3.205800,59.964142
3.205900,59.963806
3.206000,59.964343
3.206100,59.963921
3.206200,59.962510
3.206300,59.963585
3.206400,59.965754
3.206500,59.964530
3.206600,59.965242
3.206700,59.964118
3.206800,59.963817
3.206900,59.962359
3.207000,59.966427
3.207100,59.963266
3.207200,59.963371
3.207300,59.962496
3.207400,59.960650
3.207500,59.962298
3.207600,59.958730
3.207700,59.963931
3.207800,59.972065
3.207900,59.984130
3.208000,59.991701
3.208100,59.977159
3.208200,59.992879
3.208300,59.992634
3.208400,59.985431
3.208500,59.984895
3.208600,59.998634
3.208700,60.001574
3.208800,60.001011
3.208900,59.995627
3.209000,59.995550
3.209100,59.995592
3.209200,59.995539
3.209300,59.994385
3.209400,59.994088
3.209500,59.994249
3.209600,59.995290
3.209700,59.994581
3.209800,59.995779
3.209900,59.996478
3.210000,59.995557
3.210100,59.995164
3.210200,59.995506
3.210300,59.994777
3.210400,59.995296
3.210500,59.994998
3.210600,59.995026
3.210700,59.995126
3.210800,59.994931
3.210900,59.995068
3.211000,59.995233
3.211100,59.995398
3.211200,59.995343
3.211300,59.995090
3.211400,59.995527
3.211500,59.994997
3.211600,59.995152
3.211700,59.995018
3.211800,59.995245
3.211900,59.994716
3.212000,59.994764
3.212100,59.994834
3.212200,59.995055
3.212300,59.995035
3.212400,59.994878
3.212500,59.995526
3.212600,59.995050
3.212700,59.995154
3.212800,59.995306
3.212900,59.994596
3.213000,59.995522
3.213100,59.995371
3.213200,59.995166
3.213300,59.995288
3.213400,59.995484
3.213500,59.994985
3.213600,59.994083
3.213700,59.994561
3.213800,59.995157
3.213900,59.995088
3.214000,59.996469
3.214100,59.995100
3.214200,59.995386
3.214300,59.995010
3.214400,59.994959
3.214500,59.995347
3.214600,59.994650
3.214700,59.995933
3.214800,59.994918
3.214900,59.995276
3.215000,59.995475
3.215100,59.996181
3.215200,59.994924
3.215300,59.995132
3.215400,59.999410
3.215500,60.000629
3.215600,60.001389
3.215700,59.998973
3.215800,59.996438
3.215900,59.992870
3.216000,59.991063
3.216100,59.991491
3.216200,59.993697
3.216300,59.996117
3.216400,59.998232
3.216500,60.005559
3.216600,60.003434
3.216700,60.005637
3.216800,60.010158
3.216900,60.016542
3.217000,60.024659
3.217100,60.019316
3.217200,60.019828
3.217300,60.021754
3.217400,60.021044
3.217500,60.021119
3.217600,60.020539
3.217700,60.020925
3.217800,60.021106
3.217900,60.020132
3.218000,60.019357
3.218100,60.020907
3.218200,60.020935
3.218300,60.021652
3.218400,60.021373
3.218500,60.020549
3.218600,60.021143
3.218700,60.020861
3.218800,60.021013
3.218900,60.020323
3.219000,60.021005
3.219100,60.020824
3.219200,60.020770
3.219300,60.020884
3.219400,60.020744
3.219500,60.020764
3.219600,60.020832
3.219700,60.020857
3.219800,60.020914
3.219900,60.020759
3.220000,60.021006
3.220100,60.020970
3.220200,60.020970
3.220300,60.020611
3.220400,60.020616
3.220500,60.021077
3.220600,60.020493
3.220700,60.020756
3.220800,60.020602
3.220900,60.020960
3.221000,60.020869
3.221100,60.021021
3.221200,60.020300
3.221300,60.021060
3.221400,60.021232
3.221500,60.021139
3.221600,60.021249
3.221700,60.021210
3.221800,60.021591
3.221900,60.021562
3.222000,60.021224
3.222100,60.020513
3.222200,60.020351
3.222300,60.021331
3.222400,60.022217
3.222500,60.022176
3.222600,60.021347
3.222700,60.020700
3.222800,60.021601
3.222900,60.021027
3.223000,60.022066
3.223100,60.019864
3.223200,60.021401
3.223300,60.021880
3.223400,60.022653
3.223500,60.020129
3.223600,60.021166
3.223700,60.022850
3.223800,60.023769
3.223900,60.021163
3.224000,60.023151
3.224100,60.021145
3.224200,60.018048
3.224300,60.017014
3.224400,60.027440
3.224500,60.021681
3.224600,60.010699
3.224700,60.013499
3.224800,60.013204
3.224900,60.009006
3.225000,60.021225
3.225100,60.042079
3.225200,60.026778
3.225300,60.014634
3.225400,60.027055
3.225500,60.023537
3.225600,60.022866
3.225700,60.023530
3.225800,60.023663
3.225900,60.023824
3.226000,60.025000
3.226100,60.024000
3.226200,60.025432
3.226300,60.023964
3.226400,60.023954
3.226500,60.025053
3.226600,60.024773
3.226700,60.024931
3.226800,60.025116
3.226900,60.024498
3.227000,60.024471
3.227100,60.024756
3.227200,60.024643
3.227300,60.025111
3.227400,60.024554
3.227500,60.024368
3.227600,60.023966
3.227700,60.024363
3.227800,60.024210
3.227900,60.024574
3.228000,60.024463
3.228100,60.024522
3.228200,60.024374
3.228300,60.024339
3.228400,60.024422
3.228500,60.024636
3.228600,60.024751
3.228700,60.024541
3.228800,60.024730
3.228900,60.024807
3.229000,60.024677
3.229100,60.024425
3.229200,60.024053
3.229300,60.024267
3.229400,60.024522
3.229500,60.024350
3.229600,60.024138
3.229700,60.025002
3.229800,60.024417
3.229900,60.023785
3.230000,60.024094
3.230100,60.024601
3.230200,60.025110
3.230300,60.024725
3.230400,60.024817
3.230500,60.025331
3.230600,60.025313
3.230700,60.024807
3.230800,60.023915
3.230900,60.024949
3.231000,60.024057
3.231100,60.023673
3.231200,60.023853
3.231300,60.025994
3.231400,60.025084
3.231500,60.024363
3.231600,60.025149
3.231700,60.026826
3.231800,60.027347
3.231900,60.027183
3.232000,60.025450
3.232100,60.023497
3.232200,60.026136
3.232300,60.023533
3.232400,60.019617
3.232500,60.023690
3.232600,60.026967
3.232700,60.036008
3.232800,60.033883
3.232900,60.028251
3.233000,60.019946
3.233100,60.003743
3.233200,59.981960
3.233300,59.986348
3.233400,59.974852
3.233500,59.981543
3.233600,59.965952
3.233700,59.966221
3.233800,59.965824
3.233900,59.969199
3.234000,59.971299
3.234100,59.971540
3.234200,59.971511
3.234300,59.972616
3.234400,59.971645
3.234500,59.971237
3.234600,59.971417
3.234700,59.970553
3.234800,59.972001
3.234900,59.970695
3.235000,59.971400
3.235100,59.971320
3.235200,59.971619
3.235300,59.972015
3.235400,59.971983
3.235500,59.971600
3.235600,59.971692
3.235700,59.971410
3.235800,59.971601
3.235900,59.971532
3.236000,59.971270
3.236100,59.971267
3.236200,59.971143
3.236300,59.971379
3.236400,59.971813
3.236500,59.971735
3.236600,59.971559
3.236700,59.971267
3.236800,59.971486
3.236900,59.971329
3.237000,59.971205
3.237100,59.971412
3.237200,59.971466
3.237300,59.971396
3.237400,59.971074
3.237500,59.971400
3.237600,59.971403
3.237700,59.971293
3.237800,59.971491
3.237900,59.971584
3.238000,59.971168
3.238100,59.970660
3.238200,59.971048
3.238300,59.971607
3.238400,59.971247
3.238500,59.971446
3.238600,59.971766
3.238700,59.971562
3.238800,59.971271
3.238900,59.971333
3.239000,59.971385
3.239100,59.971600
3.239200,59.971156
3.239300,59.971074
3.239400,59.970908
3.239500,59.971312
3.239600,59.970563
3.239700,59.971341
3.239800,59.973093
3.239900,59.970803
3.240000,59.972403
3.240100,59.972917
3.240200,59.969710
3.240300,59.971341
3.240400,59.973702
3.240500,59.970782
3.240600,59.976312
3.240700,59.977465
3.240800,59.972758
3.240900,59.966400
3.241000,59.974907
3.241100,59.979161
3.241200,59.980346
3.241300,59.982347
3.241400,59.987410
3.241500,59.997926
3.241600,59.981661
3.241700,59.992297
3.241800,59.988746
3.241900,59.984843
3.242000,59.982205
3.242100,59.984717
3.242200,59.989441
3.242300,59.989813
3.242400,59.989662
3.242500,59.989532
3.242600,59.989910
3.242700,59.990260
3.242800,59.990629
3.242900,59.990875
3.243000,59.990713
3.243100,59.990189
3.243200,59.990188
3.243300,59.989746
3.243400,59.989859
3.243500,59.989945
3.243600,59.990287
3.243700,59.990322
3.243800,59.989931
3.243900,59.990024
3.244000,59.989474
3.244100,59.989941
3.244200,59.989652
3.244300,59.989863
3.244400,59.989610
3.244500,59.989773
3.244600,59.989866
3.244700,59.989586
3.244800,59.990149
3.244900,59.990441
3.245000,59.989780
3.245100,59.989626
3.245200,59.989645
3.245300,59.989890
3.245400,59.989778
3.245500,59.989727
3.245600,59.989541
3.245700,59.990095
3.245800,59.989983
3.245900,59.989941
3.246000,59.989199
3.246100,59.989567
3.246200,59.989597
3.246300,59.989940
3.246400,59.989567
3.246500,59.990050
3.246600,59.990036
3.246700,59.989895
3.246800,59.990354
3.246900,59.990016
3.247000,59.989951
3.247100,59.990144
3.247200,59.989744
3.247300,59.989844
3.247400,59.990114
3.247500,59.990301
3.247600,59.990278
3.247700,59.989239
3.247800,59.989815
3.247900,59.989690
3.248000,59.990225
3.248100,59.990828
3.248200,59.989284
3.248300,59.990300
3.248400,59.989666
3.248500,59.987376
3.248600,59.989733
3.248700,59.990776
3.248800,59.992867
3.248900,59.992938
3.249000,59.990044
3.249100,59.986540
3.249200,59.983934
3.249300,59.992953
3.249400,59.994434
3.249500,59.997586
3.249600,60.003840
3.249700,59.999476
3.249800,59.988341
3.249900,60.000697
3.250000,60.019382
3.250100,60.037444
3.250200,60.030383
3.250300,60.021417
3.250400,60.020077
3.250500,60.017152
3.250600,60.016701
3.250700,60.016943
3.250800,60.016734
3.250900,60.017835
3.251000,60.017594
3.251100,60.015743
3.251200,60.015898
3.251300,60.014924
3.251400,60.015151
3.251500,60.015292
3.251600,60.015484
3.251700,60.015049
3.251800,60.015878
3.251900,60.015543
3.252000,60.015450
3.252100,60.016204
3.252200,60.015370
3.252300,60.015137
3.252400,60.015180
3.252500,60.015614
3.252600,60.015663
3.252700,60.015532
3.252800,60.015896
3.252900,60.015523
3.253000,60.015289
3.253100,60.015248
3.253200,60.015410
3.253300,60.015412
3.253400,60.015578
3.253500,60.015848
3.253600,60.015229
3.253700,60.015355
3.253800,60.015727
3.253900,60.015629
3.254000,60.015580
3.254100,60.015385
3.254200,60.015543
3.254300,60.015560
3.254400,60.015928
3.254500,60.015763
3.254600,60.015620
3.254700,60.015626
3.254800,60.015970
3.254900,60.016389
3.255000,60.015492
3.255100,60.015223
3.255200,60.015196
3.255300,60.015325
3.255400,60.015231
3.255500,60.016091
3.255600,60.015789
3.255700,60.016165
3.255800,60.016319
3.255900,60.015793
3.256000,60.015111
3.256100,60.016076
3.256200,60.015093
3.256300,60.016019
3.256400,60.014171
3.256500,60.016680
3.256600,60.016220
3.256700,60.015887
3.256800,60.014074
3.256900,60.016554
3.257000,60.015977
3.257100,60.014761
3.257200,60.016852
3.257300,60.016332
3.257400,60.021927
3.257500,60.021930
3.257600,60.015824
3.257700,60.013901
3.257800,60.013287
3.257900,60.005808
3.258000,60.003715
3.258100,59.998107
3.258200,59.990298
3.258300,59.991001
3.258400,59.980672
3.258500,59.996201
3.258600,60.010904
3.258700,60.000479
3.258800,59.992290
3.258900,59.995837
3.259000,59.995140
3.259100,59.995243
3.259200,59.994818
3.259300,59.995619
3.259400,59.996642
3.259500,59.994685
3.259600,59.996166
3.259700,59.996094
3.259800,59.996887
3.259900,59.996767
3.260000,59.997315
3.260100,59.996288
3.260200,59.995896
3.260300,59.996062
3.260400,59.996177
3.260500,59.996472
3.260600,59.996216
3.260700,59.996655
3.260800,59.996462
3.260900,59.996441
3.261000,59.995996
3.261100,59.996291
3.261200,59.995832
3.261300,59.996053
3.261400,59.996207
3.261500,59.996494
3.261600,59.995860
3.261700,59.996088
3.261800,59.996098
3.261900,59.995738
3.262000,59.996068
3.262100,59.996234
3.262200,59.996211
3.262300,59.996315
3.262400,59.996197
3.262500,59.996318
3.262600,59.996073
3.262700,59.995919
3.262800,59.996392
3.262900,59.995954
3.263000,59.995569
3.263100,59.995886
3.263200,59.995396
3.263300,59.995547
3.263400,59.996100
3.263500,59.996115
3.263600,59.995376
3.263700,59.995850
3.263800,59.995587
3.263900,59.996831
3.264000,59.996844
3.264100,59.995885
3.264200,59.996378
3.264300,59.995499
3.264400,59.997019
3.264500,59.997347
3.264600,59.995863
3.264700,59.995812
3.264800,59.996513
3.264900,59.997570
3.265000,59.996436
3.265100,59.996229
3.265200,59.998311
3.265300,59.995619
3.265400,59.994393
3.265500,59.997078
3.265600,59.993340
3.265700,59.996324
3.265800,59.993242
3.265900,59.986950
3.266000,59.991557
3.266100,59.992653
3.266200,60.003024
3.266300,60.002474
3.266400,60.018079
3.266500,60.024124
3.266600,60.010949
3.266700,59.990636
3.266800,59.993355
3.266900,60.000174
3.267000,59.995842
3.267100,60.006224
3.267200,60.009183
3.267300,60.006028
3.267400,60.005584
3.267500,60.005523
3.267600,60.005119
3.267700,60.004764
3.267800,60.006037
3.267900,60.005747
3.268000,60.006519
3.268100,60.006432
3.268200,60.006596
3.268300,60.006460
3.268400,60.006649
3.268500,60.006016
3.268600,60.006239
3.268700,60.006443
3.268800,60.006504
3.268900,60.006741
3.269000,60.006275
3.269100,60.006435
3.269200,60.006447
3.269300,60.006405
3.269400,60.006626
3.269500,60.006648
3.269600,60.006448
3.269700,60.006469
3.269800,60.006537
3.269900,60.006125
3.270000,60.006122
3.270100,60.006119
3.270200,60.006380
3.270300,60.006843
3.270400,60.006638
3.270500,60.006203
3.270600,60.006662
3.270700,60.006710
3.270800,60.006218
3.270900,60.006793
3.271000,60.006831
3.271100,60.006482
3.271200,60.006252
3.271300,60.006191
3.271400,60.006620
3.271500,60.006964
3.271600,60.006526
3.271700,60.006851
3.271800,60.006080
3.271900,60.006669
3.272000,60.007633
3.272100,60.007087
3.272200,60.006825
3.272300,60.006856
3.272400,60.007139
3.272500,60.006107
3.272600,60.005736
3.272700,60.006167
3.272800,60.006248
3.272900,60.005785
3.273000,60.006196
3.273100,60.006145
3.273200,60.008160
3.273300,60.006827
3.273400,60.007755
3.273500,60.008718
3.273600,60.005584
3.273700,60.005233
3.273800,60.005792
3.273900,60.007128
3.274000,60.004604
3.274100,60.001340
3.274200,60.001177
3.274300,60.001182
3.274400,60.002296
3.274500,60.012408
3.274600,59.997332
3.274700,60.005495
3.274800,59.998291
3.274900,60.016724
3.275000,60.017258
3.275100,60.027235
3.275200,60.022253
3.275300,60.014651
3.275400,60.013099
3.275500,60.015078
3.275600,60.011094
3.275700,60.011122
3.275800,60.011208
3.275900,60.010591
3.276000,60.011634
3.276100,60.010747
3.276200,60.009946
3.276300,60.009180
3.276400,60.008666
3.276500,60.008552
3.276600,60.008051
3.276700,60.008383
3.276800,60.007823
3.276900,60.008063
3.277000,60.008528
3.277100,60.008515
3.277200,60.008512
3.277300,60.008923
3.277400,60.008709
3.277500,60.008707
3.277600,60.008626
3.277700,60.008639
3.277800,60.008501
3.277900,60.008809
3.278000,60.008926
3.278100,60.009030
3.278200,60.008864
3.278300,60.008520
3.278400,60.008599
3.278500,60.008645
3.278600,60.008270
3.278700,60.008589
3.278800,60.008608
3.278900,60.008206
3.279000,60.008152
3.279100,60.008499
3.279200,60.008637
3.279300,60.008152
3.279400,60.008676
3.279500,60.008329
3.279600,60.008448
3.279700,60.008854
3.279800,60.008077
3.279900,60.008529
3.280000,60.008677
3.280100,60.008425
3.280200,60.009295
3.280300,60.008939
3.280400,60.008769
3.280500,60.008533
3.280600,60.008270
3.280700,60.008269
3.280800,60.008355
3.280900,60.006846
3.281000,60.008055
3.281100,60.009093
3.281200,60.008952
3.281300,60.008630
3.281400,60.009891
3.281500,60.008703
3.281600,60.009601
3.281700,60.010283
3.281800,60.011328
3.281900,60.010189
3.282000,60.011604
3.282100,60.007619
3.282200,60.004849
3.282300,60.006701
3.282400,60.006363
3.282500,60.009945
3.282600,60.006294
3.282700,59.999979
3.282800,60.011473
3.282900,60.015263
3.283000,60.007998
3.283100,59.995850
3.283200,59.991048
3.283300,60.002709
3.283400,60.003058
3.283500,60.001661
3.283600,59.994059
3.283700,60.003544
3.283800,59.998189
3.283900,59.996177
3.284000,59.997085
3.284100,59.997312
3.284200,59.997184
3.284300,59.996837
3.284400,59.998269
3.284500,59.997282
3.284600,59.998357
3.284700,59.998580
3.284800,59.997834
3.284900,59.997551
3.285000,59.997792
3.285100,59.998426
3.285200,59.998594
3.285300,59.999053
3.285400,59.998160
3.285500,59.998498
3.285600,59.998594
3.285700,59.998202
3.285800,59.998030
3.285900,59.998071
3.286000,59.998371
3.286100,59.998716
3.286200,59.998815
3.286300,59.998397
3.286400,59.998448
3.286500,59.998307
3.286600,59.998517
3.286700,59.998825
3.286800,59.998775
3.286900,59.998345
3.287000,59.998473
3.287100,59.998290
3.287200,59.998328
3.287300,59.998271
3.287400,59.998753
3.287500,59.998667
3.287600,59.998674
3.287700,59.998679
3.287800,59.998133
3.287900,59.998014
3.288000,59.998275
3.288100,59.998215
3.288200,59.998557
3.288300,59.998319
3.288400,59.999004
3.288500,59.998499
3.288600,59.998533
3.288700,59.998075
3.288800,59.997657
3.288900,59.997422
3.289000,59.998014
3.289100,59.998433
3.289200,59.999183
3.289300,59.998055
3.289400,59.997758
3.289500,59.997249
3.289600,59.998438
3.289700,59.997852
3.289800,59.998246
3.289900,59.999074
3.290000,59.996808
3.290100,59.998464
3.290200,59.998518
3.290300,60.000722
3.290400,60.000770
3.290500,59.997311
3.290600,59.995292
3.290700,59.995318
3.290800,60.000718
3.290900,59.995634
3.291000,59.991942
3.291100,59.993371
3.291200,60.002333
3.291300,60.001873
3.291400,59.993107
3.291500,59.995272
3.291600,60.013537
3.291700,60.018597
3.291800,60.016932
3.291900,60.032659
3.292000,60.020366
3.292100,60.016135
3.292200,60.015534
3.292300,60.013412
3.292400,60.013625
3.292500,60.013106
3.292600,60.013461
3.292700,60.014063
3.292800,60.014454
3.292900,60.014252
3.293000,60.015497
3.293100,60.014256
3.293200,60.014646
3.293300,60.014581
3.293400,60.014255
3.293500,60.014419
3.293600,60.014526
3.293700,60.014146
3.293800,60.014189
3.293900,60.014374
3.294000,60.014383
3.294100,60.014351
3.294200,60.014149
3.294300,60.014449
3.294400,60.014334
3.294500,60.014427
3.294600,60.014537
3.294700,60.014583
3.294800,60.014657
3.294900,60.014254
3.295000,60.014010
3.295100,60.014524
3.295200,60.013959
3.295300,60.014480
3.295400,60.014198
3.295500,60.014161
3.295600,60.013714
3.295700,60.014341
3.295800,60.014065
3.295900,60.014466
3.296000,60.014347
3.296100,60.014510
3.296200,60.014613
3.296300,60.014430
3.296400,60.013598
3.296500,60.013897
3.296600,60.014353
3.296700,60.014631
3.296800,60.014890
3.296900,60.014462
3.297000,60.014530
3.297100,60.013944
3.297200,60.014670
3.297300,60.014138
3.297400,60.014893
3.297500,60.014382
3.297600,60.015791
3.297700,60.014329
3.297800,60.013337
3.297900,60.013153
3.298000,60.014091
3.298100,60.014418
3.298200,60.015017
3.298300,60.013774
3.298400,60.014849
3.298500,60.012647
3.298600,60.014950
3.298700,60.011897
3.298800,60.014488
3.298900,60.019448
3.299000,60.014557
3.299100,60.014747
3.299200,60.021366
3.299300,60.020891
3.299400,60.011847
3.299500,60.009870
3.299600,60.011381
3.299700,60.009637
3.299800,59.991401
3.299900,59.998203
3.300000,59.997065
3.300100,59.998746
3.300200,59.994020
3.300300,60.004460
3.300400,60.009978
3.300500,60.001743
3.300600,60.001406
3.300700,60.002003
3.300800,60.002063
3.300900,60.002596
3.301000,60.002822
3.301100,60.001490
3.301200,60.000735
3.301300,60.002121
3.301400,60.003251
3.301500,60.002721
3.301600,60.001697
3.301700,60.002520
3.301800,60.001983
3.301900,60.001985
3.302000,60.002083
3.302100,60.002200
3.302200,60.001932
3.302300,60.002053
3.302400,60.001803
3.302500,60.001507
3.302600,60.001493
3.302700,60.001895
3.302800,60.002158
3.302900,60.001993
3.303000,60.002285
3.303100,60.001897
3.303200,60.001810
3.303300,60.001961
3.303400,60.002059
3.303500,60.002005
3.303600,60.001979
3.303700,60.002187
3.303800,60.001897
3.303900,60.001680
3.304000,60.001618
3.304100,60.001932
3.304200,60.001944
3.304300,60.001950
3.304400,60.002247
3.304500,60.002232
3.304600,60.002303
3.304700,60.002319
3.304800,60.001952
3.304900,60.001113
3.305000,60.001877
3.305100,60.002343
3.305200,60.002158
3.305300,60.001222
3.305400,60.001734
3.305500,60.001631
3.305600,60.002745
3.305700,60.002217
3.305800,60.002790
3.305900,60.001880
3.306000,60.000723
3.306100,60.001630
3.306200,60.002115
3.306300,60.001859
3.306400,60.000241
3.306500,60.002206
3.306600,60.002209
3.306700,60.003295
3.306800,60.003639
3.306900,60.005407
3.307000,60.004150
3.307100,60.004737
3.307200,60.000862
3.307300,59.996378
3.307400,59.998577
3.307500,60.000855
3.307600,60.009192
3.307700,60.007164
3.307800,60.001753
3.307900,60.010568
3.308000,60.018521
3.308100,60.028112
3.308200,60.009760
3.308300,60.013372
3.308400,59.992463
3.308500,59.986936
3.308600,59.987033
3.308700,60.000529
3.308800,59.999787
3.308900,59.998943
3.309000,59.996959
3.309100,59.997005
3.309200,59.997211
3.309300,59.997170
3.309400,59.996152
3.309500,59.995308
3.309600,59.994819
3.309700,59.994638
3.309800,59.994886
3.309900,59.994795
3.310000,59.995750
3.310100,59.994789
3.310200,59.994120
3.310300,59.994032
3.310400,59.994812
3.310500,59.994187
3.310600,59.994236
3.310700,59.994379
3.310800,59.994445
3.310900,59.994418
3.311000,59.994063
3.311100,59.994222
3.311200,59.994541
3.311300,59.994540
3.311400,59.994615
3.311500,59.994353
3.311600,59.994086
3.311700,59.994595
3.311800,59.994309
3.311900,59.993973
3.312000,59.993970
3.312100,59.993871
3.312200,59.994508
3.312300,59.994633
3.312400,59.994432
3.312500,59.994457
3.312600,59.994453
3.312700,59.993923
3.312800,59.994566
3.312900,59.994361
3.313000,59.994644
3.313100,59.994548
3.313200,59.993899
3.313300,59.994406
3.313400,59.994365
3.313500,59.994577
3.313600,59.994958
3.313700,59.994332
3.313800,59.994636
3.313900,59.994647
3.314000,59.993718
3.314100,59.994124
3.314200,59.994309
3.314300,59.994657
3.314400,59.995065
3.314500,59.994117
3.314600,59.994687
3.314700,59.993977
3.314800,59.994087
3.314900,59.995786
3.315000,59.995422
3.315100,59.996606
3.315200,59.994465
3.315300,59.994577
3.315400,59.994502
3.315500,59.998873
3.315600,59.996243
3.315700,60.002549
3.315800,59.997171
3.315900,59.997054
3.316000,59.993265
3.316100,59.992172
3.316200,59.999860
3.316300,59.999218
3.316400,59.986494
3.316500,59.974442
3.316600,59.988555
3.316700,59.966488
3.316800,59.947731
3.316900,59.959896
3.317000,59.967354
3.317100,59.972905
3.317200,59.973999
3.317300,59.973591
3.317400,59.974166
3.317500,59.974159
3.317600,59.974518
3.317700,59.974481
3.317800,59.975104
3.317900,59.976774
3.318000,59.975161
3.318100,59.974872
3.318200,59.975018
3.318300,59.974284
3.318400,59.974258
3.318500,59.974038
3.318600,59.974143
3.318700,59.974448
3.318800,59.974567
3.318900,59.974778
3.319000,59.974271
3.319100,59.974060
3.319200,59.974317
3.319300,59.974219
3.319400,59.974874
3.319500,59.974269
3.319600,59.974388
3.319700,59.974203
3.319800,59.974549
3.319900,59.974584
3.320000,59.974400
3.320100,59.974967
3.320200,59.974471
3.320300,59.974557
3.320400,59.974326
3.320500,59.974088
3.320600,59.974413
3.320700,59.974444
3.320800,59.974327
3.320900,59.974581
3.321000,59.974151
3.321100,59.974283
3.321200,59.974297
3.321300,59.974871
3.321400,59.974991
3.321500,59.974407
3.321600,59.974517
3.321700,59.975097
3.321800,59.975219
3.321900,59.975388
3.322000,59.974954
3.322100,59.973831
3.322200,59.973637
3.322300,59.974049
3.322400,59.974364
3.322500,59.974035
3.322600,59.973537
3.322700,59.973577
3.322800,59.973709
3.322900,59.975193
3.323000,59.974406
3.323100,59.973859
3.323200,59.974567
3.323300,59.976137
3.323400,59.975225
3.323500,59.975769
3.323600,59.973936
3.323700,59.972497
3.323800,59.974509
3.323900,59.973413
3.324000,59.973191
3.324100,59.976197
3.324200,59.975247
3.324300,59.973761
3.324400,59.982391
3.324500,59.980279
3.324600,59.990703
3.324700,59.982467
3.324800,59.988588
3.324900,60.002517
3.325000,60.007153
3.325100,59.992382
3.325200,59.998375
3.325300,60.007424
3.325400,60.016827
3.325500,60.020177
3.325600,60.015479
3.325700,60.015254
3.325800,60.015267
3.325900,60.015146
3.326000,60.015988
3.326100,60.016733
3.326200,60.017591
3.326300,60.017558
3.326400,60.018764
3.326500,60.017639
3.326600,60.017380
3.326700,60.016575
3.326800,60.016109
3.326900,60.016721
3.327000,60.017498
3.327100,60.017528
3.327200,60.017173
3.327300,60.017232
3.327400,60.016825
3.327500,60.016759
3.327600,60.017385
3.327700,60.017117
3.327800,60.016652
3.327900,60.016953
3.328000,60.016985
3.328100,60.016630
3.328200,60.016825
3.328300,60.017296
3.328400,60.016874
3.328500,60.016574
3.328600,60.017186
3.328700,60.016784
3.328800,60.016584
3.328900,60.016910
3.329000,60.016891
3.329100,60.016196
3.329200,60.016462
3.329300,60.016809
3.329400,60.017339
3.329500,60.016831
3.329600,60.017321
3.329700,60.017236
3.329800,60.016702
3.329900,60.016887
3.330000,60.017209
3.330100,60.017338
3.330200,60.017380
3.330300,60.016497
3.330400,60.016877
3.330500,60.016365
3.330600,60.016785
3.330700,60.017402
3.330800,60.016787
3.330900,60.016398
3.331000,60.016722
3.331100,60.016948
3.331200,60.017544
3.331300,60.016705
3.331400,60.016659
3.331500,60.017187
3.331600,60.017028
3.331700,60.016465
3.331800,60.016645
3.331900,60.018928
3.332000,60.016631
3.332100,60.017803
3.332200,60.019785
3.332300,60.019503
3.332400,60.018484
3.332500,60.022906
3.332600,60.025254
3.332700,60.019565
3.332800,60.021617
3.332900,60.009857
3.333000,60.001558
3.333100,60.018976
3.333200,60.028589
3.333300,60.026474
3.333400,60.042001
3.333500,60.043974
3.333600,60.029514
3.333700,60.035879
3.333800,60.027099
3.333900,60.031664
3.334000,60.028732
3.334100,60.029066
3.334200,60.029135
3.334300,60.028688
3.334400,60.029222
3.334500,60.028841
3.334600,60.028078
3.334700,60.027933
3.334800,60.027588
3.334900,60.026796
3.335000,60.026463
3.335100,60.027245
3.335200,60.026174
3.335300,60.026763
3.335400,60.027123
3.335500,60.026817
3.335600,60.026624
3.335700,60.027189
3.335800,60.027655
3.335900,60.027015
3.336000,60.027217
3.336100,60.027140
3.336200,60.027562
3.336300,60.027308
3.336400,60.027129
3.336500,60.027006
3.336600,60.027328
3.336700,60.027166
3.336800,60.027083
3.336900,60.026995
3.337000,60.026969
3.337100,60.027092
3.337200,60.027153
3.337300,60.027422
3.337400,60.027054
3.337500,60.027055
3.337600,60.027007
3.337700,60.026881
3.337800,60.026987
3.337900,60.026933
3.338000,60.027480
3.338100,60.027282
3.338200,60.026585
3.338300,60.026429
3.338400,60.026868
3.338500,60.026943
3.338600,60.026728
3.338700,60.026941
3.338800,60.027335
3.338900,60.027369
3.339000,60.027545
3.339100,60.027164
3.339200,60.026719
3.339300,60.027022
3.339400,60.028119
3.339500,60.027951
3.339600,60.027397
3.339700,60.027661
3.339800,60.026336
3.339900,60.026480
3.340000,60.027361
3.340100,60.025645
3.340200,60.025914
3.340300,60.028293
3.340400,60.026482
3.340500,60.026211
3.340600,60.030283
3.340700,60.026424
3.340800,60.028360
3.340900,60.027231
3.341000,60.026216
3.341100,60.036404
3.341200,60.031904
3.341300,60.022613
3.341400,60.019497
3.341500,60.010455
3.341600,60.008983
3.341700,60.009127
3.341800,59.989067
3.341900,59.986349
3.342000,59.987558
3.342100,59.997961
3.342200,59.998402
3.342300,59.996226
3.342400,59.996380
3.342500,59.996007
3.342600,59.997100
3.342700,59.996471
3.342800,59.995640
3.342900,59.996294
3.343000,59.996757
3.343100,59.997780
3.343200,59.998013
3.343300,59.997509
3.343400,59.997222
3.343500,59.997277
3.343600,59.996962
3.343700,59.997707
3.343800,59.997458
3.343900,59.996713
3.344000,59.996902
3.344100,59.996928
3.344200,59.996853
3.344300,59.996916
3.344400,59.996996
3.344500,59.997181
3.344600,59.997093
3.344700,59.997509
3.344800,59.996850
3.344900,59.996844
3.345000,59.996702
3.345100,59.996579
3.345200,59.996921
3.345300,59.996937
3.345400,59.997050
3.345500,59.997061
3.345600,59.996819
3.345700,59.997128
3.345800,59.997441
3.345900,59.997234
3.346000,59.996491
3.346100,59.997038
3.346200,59.996907
3.346300,59.997326
3.346400,59.996858
3.346500,59.996359
3.346600,59.996597
3.346700,59.996629
3.346800,59.996995
3.346900,59.997293
3.347000,59.997259
3.347100,59.996554
3.347200,59.997751
3.347300,59.997786
3.347400,59.997166
3.347500,59.997753
3.347600,59.997223
3.347700,59.996239
3.347800,59.997252
3.347900,59.996804
3.348000,59.996522
3.348100,59.996356
3.348200,59.997746
3.348300,59.996910
3.348400,59.996145
3.348500,59.995579
3.348600,59.998614
3.348700,59.999527
3.348800,59.996625
3.348900,59.993929
3.349000,59.995672
3.349100,60.001910
3.349200,59.998538
3.349300,59.992452
3.349400,59.985298
3.349500,59.978821
3.349600,59.973392
3.349700,59.969179
3.349800,59.988343
3.349900,59.984455
3.350000,59.989007
3.350100,59.985837
3.350200,59.998887
3.350300,59.991092
3.350400,59.989733
3.350500,59.989830
3.350600,59.985295
3.350700,59.984321
3.350800,59.984297
3.350900,59.984769
3.351000,59.983676
3.351100,59.985107
3.351200,59.986027
3.351300,59.984186
3.351400,59.985040
3.351500,59.983927
3.351600,59.983569
3.351700,59.984199
3.351800,59.984457
3.351900,59.983754
3.352000,59.983760
3.352100,59.983845
3.352200,59.983731
3.352300,59.983476
3.352400,59.984011
3.352500,59.983870
3.352600,59.983831
3.352700,59.983547
3.352800,59.983429
3.352900,59.983723
3.353000,59.983115
3.353100,59.983190
3.353200,59.983385
3.353300,59.983463
3.353400,59.983392
3.353500,59.983401
3.353600,59.983000
3.353700,59.983610
3.353800,59.983635
3.353900,59.983512
3.354000,59.983648
3.354100,59.983434
3.354200,59.983407
3.354300,59.983481
3.354400,59.983471
3.354500,59.983293
3.354600,59.983918
3.354700,59.983969
3.354800,59.983447
3.354900,59.983112
3.355000,59.983647
3.355100,59.983166
3.355200,59.983407
3.355300,59.983480
3.355400,59.983538
3.355500,59.983342
3.355600,59.983902
3.355700,59.983856
3.355800,59.985145
3.355900,59.984470
3.356000,59.983387
3.356100,59.982578
3.356200,59.982389
3.356300,59.982626
3.356400,59.983361
3.356500,59.981185
3.356600,59.983443
3.356700,59.984823
3.356800,59.985946
3.356900,59.987177
3.357000,59.983748
3.357100,59.985103
3.357200,59.984385
3.357300,59.986017
3.357400,59.986859
3.357500,59.988699
3.357600,59.993195
3.357700,59.992350
3.357800,59.997489
3.357900,59.991013
3.358000,59.995487
3.358100,59.998808
3.358200,59.977294
3.358300,59.975198
3.358400,59.962790
3.358500,59.962177
3.358600,59.976388
3.358700,59.986700
3.358800,59.990301
3.358900,59.986898
3.359000,59.988425
3.359100,59.988386
3.359200,59.988473
3.359300,59.987929
3.359400,59.988567
3.359500,59.989267
3.359600,59.988867
3.359700,59.988967
3.359800,59.987752
3.359900,59.987935
3.360000,59.988021
3.360100,59.988204
3.360200,59.988726
3.360300,59.988676
3.360400,59.988632
3.360500,59.988555
3.360600,59.988578
3.360700,59.988681
3.360800,59.988268
3.360900,59.988624
3.361000,59.988247
3.361100,59.988532
3.361200,59.988324
3.361300,59.988552
3.361400,59.988737
3.361500,59.988524
3.361600,59.988468
3.361700,59.988448
3.361800,59.988557
3.361900,59.988347
3.362000,59.988107
3.362100,59.988609
3.362200,59.988533
3.362300,59.988599
3.362400,59.988756
3.362500,59.988997
3.362600,59.988771
3.362700,59.988794
3.362800,59.988933
3.362900,59.988436
3.363000,59.988583
3.363100,59.988456
3.363200,59.988288
3.363300,59.988544
3.363400,59.988331
3.363500,59.988081
3.363600,59.988002
3.363700,59.988373
3.363800,59.988792
3.363900,59.987556
3.364000,59.988284
3.364100,59.988559
3.364200,59.987961
3.364300,59.987788
3.364400,59.987118
3.364500,59.989131
3.364600,59.989323
3.364700,59.988801
3.364800,59.990091
3.364900,59.989373
3.365000,59.988550
3.365100,59.989124
3.365200,59.990483
3.365300,59.989170
3.365400,59.986862
3.365500,59.982078
3.365600,59.980692
3.365700,59.984996
3.365800,59.986483
3.365900,59.986789
3.366000,59.993053
3.366100,59.995019
3.366200,59.989248
3.366300,60.000074
3.366400,59.999728
3.366500,60.013118
3.366600,60.036027
3.366700,60.019038
3.366800,60.028073
3.366900,60.034292
3.367000,60.035443
3.367100,60.035589
3.367200,60.036604
3.367300,60.033866
3.367400,60.033885
3.367500,60.033715
3.367600,60.035123
3.367700,60.034492
3.367800,60.033535
3.367900,60.033521
3.368000,60.034767
3.368100,60.033728
3.368200,60.034734
3.368300,60.034732
3.368400,60.034329
3.368500,60.034617
3.368600,60.034118
3.368700,60.034054
3.368800,60.034617
3.368900,60.034123
3.369000,60.033977
3.369100,60.034329
3.369200,60.034533
3.369300,60.034233
3.369400,60.034058
3.369500,60.034437
3.369600,60.034578
3.369700,60.034595
3.369800,60.034059
3.369900,60.034029
3.370000,60.033635
3.370100,60.034201
3.370200,60.034390
3.370300,60.034190
3.370400,60.034204
3.370500,60.034669
3.370600,60.034671
3.370700,60.034462
3.370800,60.034268
3.370900,60.034020
3.371000,60.033967
3.371100,60.034300
3.371200,60.034531
3.371300,60.034410
3.371400,60.034168
3.371500,60.033856
3.371600,60.033800
3.371700,60.033826
3.371800,60.033688
3.371900,60.034554
3.372000,60.033979
3.372100,60.034032
3.372200,60.034201
3.372300,60.034291
3.372400,60.033761
3.372500,60.034881
3.372600,60.034636
3.372700,60.034293
3.372800,60.032509
3.372900,60.034511
3.373000,60.036063
3.373100,60.034970
3.373200,60.035759
3.373300,60.035460
3.373400,60.033230
3.373500,60.035619
3.373600,60.034196
3.373700,60.033902
3.373800,60.031109
3.373900,60.033436
3.374000,60.031849
3.374100,60.034917
3.374200,60.037244
3.374300,60.037974
3.374400,60.029352
3.374500,60.035406
3.374600,60.028464
3.374700,60.022778
3.374800,60.023126
3.374900,60.007431
3.375000,60.021842
3.375100,59.999610
3.375200,59.994575
3.375300,60.005451
3.375400,60.008774
3.375500,60.001273
3.375600,59.998657
3.375700,59.999192
3.375800,59.999169
3.375900,59.999425
3.376000,59.998598
3.376100,59.998831
3.376200,59.998712
3.376300,59.998664
3.376400,59.999450
3.376500,59.997917
3.376600,59.998176
3.376700,59.998684
3.376800,59.997617
3.376900,59.997664
3.377000,59.997523
3.377100,59.997728
3.377200,59.997636
3.377300,59.997643
3.377400,59.997833
3.377500,59.997461
3.377600,59.997484
3.377700,59.997234
3.377800,59.997303
3.377900,59.997944
3.378000,59.997538
3.378100,59.997899
3.378200,59.997323
3.378300,59.997236
3.378400,59.997762
3.378500,59.997773
3.378600,59.997564
3.378700,59.997309
3.378800,59.997227
3.378900,59.997680
3.379000,59.998044
3.379100,59.997679
3.379200,59.997740
3.379300,59.997441
3.379400,59.997064
3.379500,59.997776
3.379600,59.997313
3.379700,59.997716
3.379800,59.997480
3.379900,59.997588
3.380000,59.998220
3.380100,59.997812
3.380200,59.997575
3.380300,59.997528
3.380400,59.997349
3.380500,59.997523
3.380600,59.997232
3.380700,59.996575
3.380800,59.997444
3.380900,59.997400
3.381000,59.997782
3.381100,59.997752
3.381200,59.997181
3.381300,59.996738
3.381400,59.997412
3.381500,59.996610
3.381600,59.999280
3.381700,59.997437
3.381800,59.997741
3.381900,59.997642
3.382000,59.998503
3.382100,60.000120
3.382200,59.995484
3.382300,59.995893
3.382400,59.996798
3.382500,59.995808
3.382600,59.988179
3.382700,59.991013
3.382800,59.995618
3.382900,59.992466
3.383000,59.993322
3.383100,59.989021
3.383200,60.009293
3.383300,60.001315
3.383400,59.982953
3.383500,59.994743
3.383600,59.985669
3.383700,59.990361
3.383800,59.999295
3.383900,59.995593
3.384000,59.994453
3.384100,59.994489
3.384200,59.994887
3.384300,59.994580
3.384400,59.995465
3.384500,59.994035
3.384600,59.993010
3.384700,59.993424
3.384800,59.994383
3.384900,59.995728
3.385000,59.995472
3.385100,59.995244
3.385200,59.994613
3.385300,59.993763
3.385400,59.994200
3.385500,59.994682
3.385600,59.994448
3.385700,59.994065
3.385800,59.994028
3.385900,59.993988
3.386000,59.994178
3.386100,59.993992
3.386200,59.994139
3.386300,59.994288
3.386400,59.994353
3.386500,59.994379
3.386600,59.994437
3.386700,59.994287
3.386800,59.994132
3.386900,59.994088
3.387000,59.993795
3.387100,59.994083
3.387200,59.994098
3.387300,59.994233
3.387400,59.994411
3.387500,59.994463
3.387600,59.994588
3.387700,59.994678
3.387800,59.994406
3.387900,59.993902
3.388000,59.994455
3.388100,59.994130
3.388200,59.993995
3.388300,59.994400
3.388400,59.994084
3.388500,59.993743
3.388600,59.993894
3.388700,59.993388
3.388800,59.993586
3.388900,59.993744
3.389000,59.993273
3.389100,59.994136
3.389200,59.994562
3.389300,59.993997
3.389400,59.994099
3.389500,59.995656
3.389600,59.994539
3.389700,59.994659
3.389800,59.994544
3.389900,59.994787
3.390000,59.993324
3.390100,59.995863
3.390200,59.996276
3.390300,59.997750
3.390400,59.997096
3.390500,59.994244
3.390600,59.998142
3.390700,60.001435
3.390800,59.994608
3.390900,59.988217
3.391000,59.986802
3.391100,59.975866
3.391200,59.974145
3.391300,59.966798
3.391400,59.974837
3.391500,59.993318
3.391600,59.985500
3.391700,59.986956
3.391800,59.965719
3.391900,59.969280
3.392000,59.964772
3.392100,59.966776
3.392200,59.964547
3.392300,59.962830
3.392400,59.962317
3.392500,59.961886
3.392600,59.961190
3.392700,59.961916
3.392800,59.960589
3.392900,59.961125
3.393000,59.961051
3.393100,59.961832
3.393200,59.962461
3.393300,59.961968
3.393400,59.960836
3.393500,59.961607
3.393600,59.961579
3.393700,59.961197
3.393800,59.960870
3.393900,59.961029
3.394000,59.961047
3.394100,59.961151
3.394200,59.961106
3.394300,59.961087
3.394400,59.961375
3.394500,59.960748
3.394600,59.961120
3.394700,59.961180
3.394800,59.961280
3.394900,59.961163
3.395000,59.960855
3.395100,59.960773
3.395200,59.960641
3.395300,59.960795
3.395400,59.960596
3.395500,59.960918
3.395600,59.961021
3.395700,59.960739
3.395800,59.960736
3.395900,59.960904
3.396000,59.960733
3.396100,59.960957
3.396200,59.960835
3.396300,59.960615
3.396400,59.960962
3.396500,59.960623
3.396600,59.960571
3.396700,59.961334
3.396800,59.961125
3.396900,59.961024
3.397000,59.959916
3.397100,59.960844
3.397200,59.961436
3.397300,59.961138
3.397400,59.961971
3.397500,59.960597
3.397600,59.960765
3.397700,59.961390
3.397800,59.961947
3.397900,59.961550
3.398000,59.962437
3.398100,59.961392
3.398200,59.960268
3.398300,59.959450
3.398400,59.959344
3.398500,59.960005
3.398600,59.959635
3.398700,59.959499
3.398800,59.962010
3.398900,59.959779
3.399000,59.957504
3.399100,59.956532
3.399200,59.961004
3.399300,59.966918
3.399400,59.963624
3.399500,59.976027
3.399600,59.983148
3.399700,59.982808
3.399800,59.963201
3.399900,59.947712
3.400000,59.948705
3.400100,59.956434
3.400200,59.951163
3.400300,59.963987
3.400400,59.968340
3.400500,59.967691
3.400600,59.973411
3.400700,59.972848
3.400800,59.972623
3.400900,59.972887
3.401000,59.971725
3.401100,59.971563
3.401200,59.971724
3.401300,59.972490
3.401400,59.971375
3.401500,59.971296
3.401600,59.972178
3.401700,59.972701
3.401800,59.973042
3.401900,59.973338
3.402000,59.973370
3.402100,59.972945
3.402200,59.973547
3.402300,59.973328
3.402400,59.972593
3.402500,59.972739
3.402600,59.972983
3.402700,59.973192
3.402800,59.972747
3.402900,59.973004
3.403000,59.973027
3.403100,59.972897
3.403200,59.972948
3.403300,59.973133
3.403400,59.973328
3.403500,59.973491
3.403600,59.972819
3.403700,59.972907
3.403800,59.973097
3.403900,59.972534
3.404000,59.972520
3.404100,59.972557
3.404200,59.972925
3.404300,59.973133
3.404400,59.972578
3.404500,59.972611
3.404600,59.972465
3.404700,59.973323
3.404800,59.973150
3.404900,59.972708
3.405000,59.972531
3.405100,59.972674
3.405200,59.972537
3.405300,59.972364
3.405400,59.973063
3.405500,59.972629
3.405600,59.972077
3.405700,59.973337
3.405800,59.973199
3.405900,59.973004
3.406000,59.972278
3.406100,59.972781
3.406200,59.973125
3.406300,59.973654
3.406400,59.973598
3.406500,59.974727
3.406600,59.974245
3.406700,59.974677
3.406800,59.974222
3.406900,59.973426
3.407000,59.973440
3.407100,59.971761
3.407200,59.973716
3.407300,59.976276
3.407400,59.978586
3.407500,59.983123
3.407600,59.978954
3.407700,59.981676
3.407800,59.972308
3.407900,59.977358
3.408000,59.980128
3.408100,59.988915
3.408200,60.010668
3.408300,60.002035
3.408400,59.997209
3.408500,60.006326
3.408600,60.019674
3.408700,60.014007
3.408800,60.012444
3.408900,60.013884
3.409000,60.014590
3.409100,60.014213
3.409200,60.014020
3.409300,60.014439
3.409400,60.013612
3.409500,60.012807
3.409600,60.013159
3.409700,60.012244
3.409800,60.012800
3.409900,60.012910
3.410000,60.013257
3.410100,60.013660
3.410200,60.012976
3.410300,60.013467
3.410400,60.013562
3.410500,60.013686
3.410600,60.013184
3.410700,60.013004
3.410800,60.013048
3.410900,60.013039
3.411000,60.013220
3.411100,60.012778
3.411200,60.013069
3.411300,60.012979
3.411400,60.013479
3.411500,60.013204
3.411600,60.013497
3.411700,60.013325
3.411800,60.013072
3.411900,60.013215
3.412000,60.013179
3.412100,60.012996
3.412200,60.013059
3.412300,60.013575
3.412400,60.013281
3.412500,60.013386
3.412600,60.013402
3.412700,60.013166
3.412800,60.013296
3.412900,60.013371
3.413000,60.013044
3.413100,60.013134
3.413200,60.013151
3.413300,60.012778
3.413400,60.013209
3.413500,60.013246
3.413600,60.013395
3.413700,60.013271
3.413800,60.013393
3.413900,60.013671
3.414000,60.013705
3.414100,60.013524
3.414200,60.014169
3.414300,60.012947
3.414400,60.012502
3.414500,60.011959
3.414600,60.013392
3.414700,60.013278
3.414800,60.012828
3.414900,60.011290
3.415000,60.012730
3.415100,60.014013
3.415200,60.014741
3.415300,60.013343
3.415400,60.011027
3.415500,60.015220
3.415600,60.016782
3.415700,60.014850
3.415800,60.007427
3.415900,60.016308
3.416000,60.012501
3.416100,60.004813
3.416200,59.997311
3.416300,60.012707
3.416400,60.010552
3.416500,60.016919
3.416600,60.007507
3.416700,60.004503
3.416800,60.007744
3.416900,59.995661
3.417000,60.003648
3.417100,60.004479
3.417200,60.005528
3.417300,60.002993
3.417400,60.003151
3.417500,60.003565
3.417600,60.002141
3.417700,60.001607
3.417800,60.001548
3.417900,60.002872
3.418000,60.003464
3.418100,60.002075
3.418200,60.001912
3.418300,60.002066
3.418400,60.002566
3.418500,60.002172
3.418600,60.002712
3.418700,60.002218
3.418800,60.002318
3.418900,60.002451
3.419000,60.002540
3.419100,60.002341
3.419200,60.002637
3.419300,60.002224
3.419400,60.002215
3.419500,60.002412
3.419600,60.002616
3.419700,60.002374
3.419800,60.002143
3.419900,60.002389
3.420000,60.002612
3.420100,60.002476
3.420200,60.002659
3.420300,60.002550
3.420400,60.002548
3.420500,60.002658
3.420600,60.002666
3.420700,60.002451
3.420800,60.002244
3.420900,60.002351
3.421000,60.002620
3.421100,60.002966
3.421200,60.002577
3.421300,60.002267
3.421400,60.002405
3.421500,60.002670
3.421600,60.002494
3.421700,60.002276
3.421800,60.002559
3.421900,60.002460
3.422000,60.002583
3.422100,60.002709
3.422200,60.003172
3.422300,60.003063
3.422400,60.002848
3.422500,60.002782
3.422600,60.002769
3.422700,60.002805
3.422800,60.002966
3.422900,60.001095
3.423000,60.000818
3.423100,60.000447
3.423200,60.002773
3.423300,60.004482
3.423400,60.005118
3.423500,60.002279
3.423600,60.002908
3.423700,59.999586
3.423800,60.002738
3.423900,60.001319
3.424000,60.002748
3.424100,60.003031
3.424200,60.003804
3.424300,60.011427
3.424400,60.021595
3.424500,60.022395
3.424600,60.020342
3.424700,60.009246
3.424800,60.016855
3.424900,60.024697
3.425000,60.024325
3.425100,60.012759
3.425200,60.000698
3.425300,59.992296
3.425400,60.002311
3.425500,60.010178
3.425600,60.011760
3.425700,60.010112
3.425800,60.010110
3.425900,60.009467
3.426000,60.009945
3.426100,60.008385
3.426200,60.008573
3.426300,60.008890
3.426400,60.008150
3.426500,60.008181
3.426600,60.009108
3.426700,60.009617
3.426800,60.009012
3.426900,60.008945
3.427000,60.008921
3.427100,60.008598
3.427200,60.008649
3.427300,60.008470
3.427400,60.008895
3.427500,60.008659
3.427600,60.008705
3.427700,60.008618
3.427800,60.008771
3.427900,60.008843
3.428000,60.008585
3.428100,60.008917
3.428200,60.008555
3.428300,60.008707
3.428400,60.009003
3.428500,60.008461
3.428600,60.008324
3.428700,60.008786
3.428800,60.008995
3.428900,60.008638
3.429000,60.008672
3.429100,60.008612
3.429200,60.008691
3.429300,60.009018
3.429400,60.009341
3.429500,60.008943
3.429600,60.008520
3.429700,60.008408
3.429800,60.008781
3.429900,60.008956
3.430000,60.009089
3.430100,60.008725
3.430200,60.009222
3.430300,60.008755
3.430400,60.008776
3.430500,60.008643
3.430600,60.009459
3.430700,60.009140
3.430800,60.008713
3.430900,60.007760
3.431000,60.009518
3.431100,60.008332
3.431200,60.007772
3.431300,60.009868
3.431400,60.008181
3.431500,60.009295
3.431600,60.009768
3.431700,60.008745
3.431800,60.010098
3.431900,60.008735
3.432000,60.009581
3.432100,60.010288
3.432200,60.008036
3.432300,60.010914
3.432400,60.013439
3.432500,60.010671
3.432600,60.009430
3.432700,60.000790
3.432800,60.010586
3.432900,60.010957
3.433000,60.018788
3.433100,60.038038
3.433200,60.017404
3.433300,60.002293
3.433400,60.011832
3.433500,60.014577
3.433600,60.014692
3.433700,60.020100
3.433800,60.018297
3.433900,60.013368
3.434000,60.015169
3.434100,60.015228
3.434200,60.014740
3.434300,60.015453
3.434400,60.014735
3.434500,60.015891
3.434600,60.015624
3.434700,60.014818
3.434800,60.014863
3.434900,60.015490
3.435000,60.015144
3.435100,60.015064
3.435200,60.015228
3.435300,60.015360
3.435400,60.015395
3.435500,60.015644
3.435600,60.014880
3.435700,60.015113
3.435800,60.014872
3.435900,60.014922
3.436000,60.015454
3.436100,60.015097
3.436200,60.015431
3.436300,60.014958
3.436400,60.015243
3.436500,60.015305
3.436600,60.015278
3.436700,60.015433
3.436800,60.015496
3.436900,60.015275
3.437000,60.014829
3.437100,60.015412
3.437200,60.015708
3.437300,60.015305
3.437400,60.015918
3.437500,60.015383
3.437600,60.015018
3.437700,60.015152
3.437800,60.015074
3.437900,60.015637
3.438000,60.015697
3.438100,60.015894
3.438200,60.015977
3.438300,60.015060
3.438400,60.014847
3.438500,60.015488
3.438600,60.014807
3.438700,60.015937
3.438800,60.015514
3.438900,60.016749
3.439000,60.015938
3.439100,60.015444
3.439200,60.015541
3.439300,60.015776
3.439400,60.015441
3.439500,60.016019
3.439600,60.015955
3.439700,60.015171
3.439800,60.015575
3.439900,60.015364
3.440000,60.015540
3.440100,60.015725
3.440200,60.018492
3.440300,60.017306
3.440400,60.013583
3.440500,60.013840
3.440600,60.013885
3.440700,60.013557
3.440800,60.007398
3.440900,60.009532
3.441000,60.008828
3.441100,60.008523
3.441200,60.011496
3.441300,60.006776
3.441400,59.990699
3.441500,59.986031
3.441600,59.998920
3.441700,60.016833
3.441800,60.009878
3.441900,60.025913
3.442000,60.024684
3.442100,60.015344
3.442200,60.014140
3.442300,60.012135
3.442400,60.011586
3.442500,60.011597
3.442600,60.011341
3.442700,60.012074
3.442800,60.011027
3.442900,60.011516
3.443000,60.011593
3.443100,60.010239
3.443200,60.009692
3.443300,60.010008
3.443400,60.011156
3.443500,60.010942
3.443600,60.011287
3.443700,60.011186
3.443800,60.010772
3.443900,60.010534
3.444000,60.010876
3.444100,60.010949
3.444200,60.010861
3.444300,60.010429
3.444400,60.010477
3.444500,60.010749
3.444600,60.010941
3.444700,60.010910
3.444800,60.010832
3.444900,60.010801
3.445000,60.011182
3.445100,60.011105
3.445200,60.010846
3.445300,60.011060
3.445400,60.011025
3.445500,60.010977
3.445600,60.010693
3.445700,60.011130
3.445800,60.010631
3.445900,60.010601
3.446000,60.010862
3.446100,60.010869
3.446200,60.011094
3.446300,60.011084
3.446400,60.010877
3.446500,60.010661
3.446600,60.010821
3.446700,60.011247
3.446800,60.010863
3.446900,60.011571
3.447000,60.011314
3.447100,60.011103
3.447200,60.011380
3.447300,60.011161
3.447400,60.010345
3.447500,60.010305
3.447600,60.011154
3.447700,60.011303
3.447800,60.011965
3.447900,60.010934
3.448000,60.010564
3.448100,60.010962
3.448200,60.010415
3.448300,60.009651
3.448400,60.011077
3.448500,60.010262
3.448600,60.011262
3.448700,60.010758
3.448800,60.015591
3.448900,60.014801
3.449000,60.018028
3.449100,60.012151
3.449200,60.012873
3.449300,60.016628
3.449400,60.007416
3.449500,60.009462
3.449600,60.003280
3.449700,60.008199
3.449800,60.014923
3.449900,60.007243
3.450000,59.990490
3.450100,60.001813
3.450200,60.004775
3.450300,60.004481
3.450400,60.014880
3.450500,60.016135
3.450600,60.015481
3.450700,60.015309
3.450800,60.015200
3.450900,60.015620
3.451000,60.016453
3.451100,60.018054
3.451200,60.017542
3.451300,60.018618
3.451400,60.017879
3.451500,60.017963
3.451600,60.017047
3.451700,60.017893
3.451800,60.017668
3.451900,60.017100
3.452000,60.017742
3.452100,60.018150
3.452200,60.017502
3.452300,60.017569
3.452400,60.017296
3.452500,60.017793
3.452600,60.017296
3.452700,60.017475
3.452800,60.017487
3.452900,60.017532
3.453000,60.017742
3.453100,60.017386
3.453200,60.017329
3.453300,60.017451
3.453400,60.017449
3.453500,60.017842
3.453600,60.017468
3.453700,60.017404
3.453800,60.017398
3.453900,60.017165
3.454000,60.017340
3.454100,60.017233
3.454200,60.017287
3.454300,60.017689
3.454400,60.017327
3.454500,60.017352
3.454600,60.017259
3.454700,60.016898
3.454800,60.017655
3.454900,60.017773
3.455000,60.017820
3.455100,60.018129
3.455200,60.017930
3.455300,60.017938
3.455400,60.017390
3.455500,60.017790
3.455600,60.017900
3.455700,60.017501
3.455800,60.017550
3.455900,60.017821
3.456000,60.017922
3.456100,60.017001
3.456200,60.018864
3.456300,60.017824
3.456400,60.018044
3.456500,60.018143
3.456600,60.016008
3.456700,60.017200
3.456800,60.019678
3.456900,60.020440
3.457000,60.017058
3.457100,60.016667
3.457200,60.017871
3.457300,60.016267
3.457400,60.014202
3.457500,60.017574
3.457600,60.013615
3.457700,60.008341
3.457800,60.008789
3.457900,59.999614
3.458000,60.005904
3.458100,60.017615
3.458200,60.035284
3.458300,60.025325
3.458400,60.046498
3.458500,60.044953
3.458600,60.027307
3.458700,60.017651
3.458800,60.010367
3.458900,60.014673
3.459000,60.016221
3.459100,60.016000
3.459200,60.016309
3.459300,60.016162
3.459400,60.015415
3.459500,60.016266
3.459600,60.016070
3.459700,60.015937
3.459800,60.017348
3.459900,60.016250
3.460000,60.016157
3.460100,60.016867
3.460200,60.015961
3.460300,60.015679
3.460400,60.015491
3.460500,60.015599
3.460600,60.016003
3.460700,60.015345
3.460800,60.015091
3.460900,60.015342
3.461000,60.015691
3.461100,60.015450
3.461200,60.015428
3.461300,60.015357
3.461400,60.015518
3.461500,60.015474
3.461600,60.015839
3.461700,60.015586
3.461800,60.015338
3.461900,60.015589
3.462000,60.015404
3.462100,60.015430
3.462200,60.015625
3.462300,60.016059
3.462400,60.015400
3.462500,60.015311
3.462600,60.015165
3.462700,60.015732
3.462800,60.015903
3.462900,60.015879
3.463000,60.015903
3.463100,60.015245
3.463200,60.014641
3.463300,60.015112
3.463400,60.015648
3.463500,60.015750
3.463600,60.015436
3.463700,60.015170
3.463800,60.014871
3.463900,60.014860
3.464000,60.015289
3.464100,60.015032
3.464200,60.016510
3.464300,60.015800
3.464400,60.016036
3.464500,60.015745
3.464600,60.015526
3.464700,60.015860
3.464800,60.015455
3.464900,60.015473
3.465000,60.014780
3.465100,60.016571
3.465200,60.017663
3.465300,60.014524
3.465400,60.012496
3.465500,60.011109
3.465600,60.012880
3.465700,60.009499
3.465800,60.011585
3.465900,60.009186
3.466000,60.000596
3.466100,60.006892
3.466200,60.003342
3.466300,60.015862
3.466400,60.023942
3.466500,60.039319
3.466600,60.015537
3.466700,60.016619
3.466800,60.027726
3.466900,60.009268
3.467000,60.003228
3.467100,59.992628
3.467200,59.995275
3.467300,59.996722
3.467400,59.997953
3.467500,59.997955
3.467600,59.998597
3.467700,59.998950
3.467800,59.999092
3.467900,59.999484
3.468000,60.000158
3.468100,60.000251
3.468200,59.999270
3.468300,59.998318
3.468400,59.998619
3.468500,59.998675
3.468600,59.998259
3.468700,59.998089
3.468800,59.998891
3.468900,59.998554
3.469000,59.998409
3.469100,59.998065
3.469200,59.998084
3.469300,59.997795
3.469400,59.998200
3.469500,59.998259
3.469600,59.998297
3.469700,59.998493
3.469800,59.998570
3.469900,59.998555
3.470000,59.998105
3.470100,59.998377
3.470200,59.998350
3.470300,59.998237
3.470400,59.998350
3.470500,59.998277
3.470600,59.998275
3.470700,59.998530
3.470800,59.998027
3.470900,59.998433
3.471000,59.998073
3.471100,59.998291
3.471200,59.998184
3.471300,59.998537
3.471400,59.998202
3.471500,59.997868
3.471600,59.998050
3.471700,59.998131
3.471800,59.997832
3.471900,59.998124
3.472000,59.997470
3.472100,59.998171
3.472200,59.999233
3.472300,59.998687
3.472400,59.998059
3.472500,59.998405
3.472600,59.998774
3.472700,59.998106
3.472800,59.999164
3.472900,59.997785
3.473000,59.999058
3.473100,59.997921
3.473200,60.000552
3.473300,59.998726
3.473400,59.997931
3.473500,59.999894
3.473600,60.000003
3.473700,59.996455
3.473800,59.997698
3.473900,60.000456
3.474000,59.999562
3.474100,60.001488
3.474200,59.996002
3.474300,59.992184
3.474400,59.989364
3.474500,59.980614
3.474600,59.987989
3.474700,59.986250
3.474800,59.976147
3.474900,59.998267
3.475000,59.984259
3.475100,59.965513
3.475200,59.958534
3.475300,59.974343
3.475400,59.965023
3.475500,59.960146
3.475600,59.960245
3.475700,59.961158
3.475800,59.961392
3.475900,59.961920
3.476000,59.961229
3.476100,59.960876
3.476200,59.962565
3.476300,59.960942
3.476400,59.961115
3.476500,59.960419
3.476600,59.959301
3.476700,59.960164
3.476800,59.960405
3.476900,59.960295
3.477000,59.960450
3.477100,59.960437
3.477200,59.960555
3.477300,59.960231
3.477400,59.960587
3.477500,59.960550
3.477600,59.960904
3.477700,59.960673
3.477800,59.960945
3.477900,59.960950
3.478000,59.960401
3.478100,59.960547
3.478200,59.960497
3.478300,59.960735
3.478400,59.960752
3.478500,59.960510
3.478600,59.960413
3.478700,59.960143
3.478800,59.960420
3.478900,59.960490
3.479000,59.960716
3.479100,59.960366
3.479200,59.960699
3.479300,59.960193
3.479400,59.960732
3.479500,59.960906
3.479600,59.960208
3.479700,59.960105
3.479800,59.960652
3.479900,59.960503
3.480000,59.960151
3.480100,59.959862
3.480200,59.959775
3.480300,59.959847
3.480400,59.959640
3.480500,59.960377
3.480600,59.961064
3.480700,59.960768
3.480800,59.959368
3.480900,59.960151
3.481000,59.960701
3.481100,59.960417
3.481200,59.961565
3.481300,59.960870
3.481400,59.961034
3.481500,59.960289
3.481600,59.959739
3.481700,59.961233
3.481800,59.960380
3.481900,59.960823
3.482000,59.962010
3.482100,59.962317
3.482200,59.965030
3.482300,59.966348
3.482400,59.960274
3.482500,59.967320
3.482600,59.962672
3.482700,59.959083
3.482800,59.965133
3.482900,59.965177
3.483000,59.964554
3.483100,59.963998
3.483200,59.972884
3.483300,59.971907
3.483400,59.983611
3.483500,60.000336
3.483600,59.995065
3.483700,60.008341
3.483800,59.999320
3.483900,59.995146
3.484000,59.998091
3.484100,59.999289
3.484200,59.999289
3.484300,59.999460
3.484400,60.000842
3.484500,60.001132
3.484600,60.002036
3.484700,60.002457
3.484800,60.001550
3.484900,60.002830
3.485000,60.003088
3.485100,60.002895
3.485200,60.002537
3.485300,60.002026
3.485400,60.001714
3.485500,60.002459
3.485600,60.002311
3.485700,60.002254
3.485800,60.002436
3.485900,60.002386
3.486000,60.002327
3.486100,60.002409
3.486200,60.002327
3.486300,60.002169
3.486400,60.002039
3.486500,60.002101
3.486600,60.002329
3.486700,60.002138
3.486800,60.001885
3.486900,60.002006
3.487000,60.002156
3.487100,60.001824
3.487200,60.002432
3.487300,60.001852
3.487400,60.002227
3.487500,60.002004
3.487600,60.001908
3.487700,60.002214
3.487800,60.001996
3.487900,60.001951
3.488000,60.001556
3.488100,60.001692
3.488200,60.002121
3.488300,60.002006
3.488400,60.001579
3.488500,60.001541
3.488600,60.001914
3.488700,60.001669
3.488800,60.002542
3.488900,60.001692
3.489000,60.001987
3.489100,60.002367
3.489200,60.003686
3.489300,60.003012
3.489400,60.003782
3.489500,60.002724
3.489600,60.002175
3.489700,60.002582
3.489800,60.002500
3.489900,60.002442
3.490000,60.000401
3.490100,60.000304
3.490200,60.002678
3.490300,60.000633
3.490400,59.998980
3.490500,59.998963
3.490600,60.002389
3.490700,60.007895
3.490800,60.002990
3.490900,60.007473
3.491000,60.008752
3.491100,60.003558
3.491200,60.005727
3.491300,59.997073
3.491400,59.991295
3.491500,60.007840
3.491600,60.004873
3.491700,60.016563
3.491800,60.019191
3.491900,60.011202
3.492000,60.025090
3.492100,60.031269
3.492200,60.025324
3.492300,60.022599
3.492400,60.022547
3.492500,60.022523
3.492600,60.022389
3.492700,60.021893
3.492800,60.021944
3.492900,60.022782
3.493000,60.023570
3.493100,60.023010
3.493200,60.022435
3.493300,60.021565
3.493400,60.022436
3.493500,60.021534
3.493600,60.022255
3.493700,60.022893
3.493800,60.022596
3.493900,60.023045
3.494000,60.022748
3.494100,60.022370
3.494200,60.022216
3.494300,60.022472
3.494400,60.022717
3.494500,60.022531
3.494600,60.022616
3.494700,60.022877
3.494800,60.022958
3.494900,60.023215
3.495000,60.023042
3.495100,60.023123
3.495200,60.022828
3.495300,60.022751
3.495400,60.022818
3.495500,60.022578
3.495600,60.022579
3.495700,60.022674
3.495800,60.022642
3.495900,60.022505
3.496000,60.022524
3.496100,60.022341
3.496200,60.022367
3.496300,60.022581
3.496400,60.022580
3.496500,60.023153
3.496600,60.023209
3.496700,60.022707
3.496800,60.022928
3.496900,60.022216
3.497000,60.022785
3.497100,60.022849
3.497200,60.022100
3.497300,60.023294
3.497400,60.023426
3.497500,60.022314
3.497600,60.023338
3.497700,60.023073
3.497800,60.022436
3.497900,60.024267
3.498000,60.023264
3.498100,60.024491
3.498200,60.025585
3.498300,60.023043
3.498400,60.024650
3.498500,60.025037
3.498600,60.027709
3.498700,60.024802
3.498800,60.020856
3.498900,60.019918
3.499000,60.015230
3.499100,60.017993
3.499200,60.010948
3.499300,60.013950
3.499400,60.010367
3.499500,60.006745
3.499600,59.995488
3.499700,60.012800
3.499800,60.005365
3.499900,60.008321
3.500000,59.999218
3.500100,60.002740
3.500200,59.993197
3.500300,59.982742
3.500400,59.981695
3.500500,59.981295
3.500600,59.982172
3.500700,59.981224
3.500800,59.981219
3.500900,59.980398
3.501000,59.979415
3.501100,59.979433
3.501200,59.979367
3.501300,59.980475
3.501400,59.980932
3.501500,59.979884
3.501600,59.980320
3.501700,59.980820
3.501800,59.980756
3.501900,59.979851
3.502000,59.979943
3.502100,59.980448
3.502200,59.980826
3.502300,59.980529
3.502400,59.980939
3.502500,59.980698
3.502600,59.980668
3.502700,59.981097
3.502800,59.980851
3.502900,59.980697
3.503000,59.980771
3.503100,59.980548
3.503200,59.980633
3.503300,59.980952
3.503400,59.980552
3.503500,59.980313
3.503600,59.980741
3.503700,59.980687
3.503800,59.980500
3.503900,59.980540
3.504000,59.980476
3.504100,59.980048
3.504200,59.980672
3.504300,59.980395
3.504400,59.980667
3.504500,59.980532
3.504600,59.980580
3.504700,59.980139
3.504800,59.980511
3.504900,59.981354
3.505000,59.980700
3.505100,59.980734
3.505200,59.979987
3.505300,59.980594
3.505400,59.980618
3.505500,59.980777
3.505600,59.980840
3.505700,59.981480
3.505800,59.980605
3.505900,59.979939
3.506000,59.980035
3.506100,59.979484
3.506200,59.980637
3.506300,59.981208
3.506400,59.980914
3.506500,59.978536
3.506600,59.978518
3.506700,59.980884
3.506800,59.983538
3.506900,59.983871
3.507000,59.984923
3.507100,59.983145
3.507200,59.981344
3.507300,59.983369
3.507400,59.986029
3.507500,59.986836
3.507600,59.978750
3.507700,59.971498
3.507800,59.968235
3.507900,59.981958
3.508000,59.974545
3.508100,59.958219
3.508200,59.959644
3.508300,59.966065
3.508400,59.974486
3.508500,59.983037
3.508600,59.969801
3.508700,59.972844
3.508800,59.975339
3.508900,59.971418
3.509000,59.972101
3.509100,59.972577
3.509200,59.972678
3.509300,59.972585
3.509400,59.972257
3.509500,59.971196
3.509600,59.972131
3.509700,59.972509
3.509800,59.972775
3.509900,59.973490
3.510000,59.973307
3.510100,59.972598
3.510200,59.972423
3.510300,59.972261
3.510400,59.972304
3.510500,59.972523
3.510600,59.973144
3.510700,59.972753
3.510800,59.972821
3.510900,59.973113
3.511000,59.972841
3.511100,59.972728
3.511200,59.972958
3.511300,59.973042
3.511400,59.973048
3.511500,59.972561
3.511600,59.972583
3.511700,59.972536
3.511800,59.972476
3.511900,59.972248
3.512000,59.972091
3.512100,59.972181
3.512200,59.972751
3.512300,59.972715
3.512400,59.972767
3.512500,59.973097
3.512600,59.972869
3.512700,59.972958
3.512800,59.972794
3.512900,59.972376
3.513000,59.973047
3.513100,59.973244
3.513200,59.972831
3.513300,59.972503
3.513400,59.972528
3.513500,59.972588
3.513600,59.972706
3.513700,59.972380
3.513800,59.972535
3.513900,59.973681
3.514000,59.973273
3.514100,59.973067
3.514200,59.972860
3.514300,59.973115
3.514400,59.971903
3.514500,59.972029
3.514600,59.974147
3.514700,59.974888
3.514800,59.973574
3.514900,59.974153
3.515000,59.976205
3.515100,59.973268
3.515200,59.974039
3.515300,59.972987
3.515400,59.975894
3.515500,59.974915
3.515600,59.978221
3.515700,59.980025
3.515800,59.982883
3.515900,59.975607
3.516000,59.973897
3.516100,59.979295
3.516200,59.971658
3.516300,59.978657
3.516400,59.981381
3.516500,59.977969
3.516600,59.979001
3.516700,59.973598
3.516800,59.977994
3.516900,59.980960
3.517000,59.992509
3.517100,59.988050
3.517200,59.987886
3.517300,59.989452
3.517400,59.989596
3.517500,59.989392
3.517600,59.989868
3.517700,59.990568
3.517800,59.989513
3.517900,59.989770
3.518000,59.991323
3.518100,59.991207
3.518200,59.991491
3.518300,59.990710
3.518400,59.989983
3.518500,59.990296
3.518600,59.990032
3.518700,59.990863
3.518800,59.990163
3.518900,59.990404
3.519000,59.990073
3.519100,59.990190
3.519200,59.990126
3.519300,59.989924
3.519400,59.990096
3.519500,59.990167
3.519600,59.990100
3.519700,59.989794
3.519800,59.989985
3.519900,59.989809
3.520000,59.989870
3.520100,59.989893
3.520200,59.989973
3.520300,59.989949
3.520400,59.990191
3.520500,59.990309
3.520600,59.990412
3.520700,59.990161
3.520800,59.990271
3.520900,59.990476
3.521000,59.990494
3.521100,59.990144
3.521200,59.989909
3.521300,59.990265
3.521400,59.989881
3.521500,59.990068
3.521600,59.990616
3.521700,59.990894
3.521800,59.989951
3.521900,59.989782
3.522000,59.990400
3.522100,59.990035
3.522200,59.989949
3.522300,59.990459
3.522400,59.990058
3.522500,59.990196
3.522600,59.989385
3.522700,59.991113
3.522800,59.991617
3.522900,59.991655
3.523000,59.990580
3.523100,59.990853
3.523200,59.989599
3.523300,59.990985
3.523400,59.992326
3.523500,59.992533
3.523600,59.992856
3.523700,59.993663
3.523800,59.992241
3.523900,59.990827
3.524000,59.984831
3.524100,59.977689
3.524200,59.983999
3.524300,59.980544
3.524400,59.986208
3.524500,59.988476
3.524600,59.988004
3.524700,59.987520
3.524800,59.981965
3.524900,59.977199
3.525000,59.965318
3.525100,59.985776
3.525200,60.003977
3.525300,60.015402
3.525400,60.004236
3.525500,59.997469
3.525600,60.001874
3.525700,59.999373
3.525800,59.999774
3.525900,59.999994
3.526000,59.999610
3.526100,60.000183
3.526200,60.000530
3.526300,60.001639
3.526400,60.002417
3.526500,60.001649
3.526600,60.000801
3.526700,60.000707
3.526800,60.001466
3.526900,60.000967
3.527000,60.000951
3.527100,60.001060
3.527200,60.000733
3.527300,60.000900
3.527400,60.001249
3.527500,60.001001
3.527600,60.001111
3.527700,60.001047
3.527800,60.001177
3.527900,60.001328
3.528000,60.000997
3.528100,60.000809
3.528200,60.001214
3.528300,60.000918
3.528400,60.001276
3.528500,60.001063
3.528600,60.001262
3.528700,60.001195
3.528800,60.001094
3.528900,60.000815
3.529000,60.001021
3.529100,60.000944
3.529200,60.000986
3.529300,60.001013
3.529400,60.000962
3.529500,60.001222
3.529600,60.001183
3.529700,60.001166
3.529800,60.000733
3.529900,60.001253
3.530000,60.000742
3.530100,60.000415
3.530200,60.000752
3.530300,60.001154
3.530400,60.000721
3.530500,60.001218
3.530600,60.000673
3.530700,60.002049
3.530800,60.002531
3.530900,60.001700
3.531000,60.002300
3.531100,60.001571
3.531200,60.000782
3.531300,60.001630
3.531400,60.001763
3.531500,60.000330
3.531600,60.000839
3.531700,60.003005
3.531800,60.004011
3.531900,60.004243
3.532000,60.005165
3.532100,60.006384
3.532200,60.005411
3.532300,60.000527
3.532400,59.997499
3.532500,60.005333
3.532600,60.005301
3.532700,59.999276
3.532800,59.994430
3.532900,60.000102
3.533000,59.985320
3.533100,59.991726
3.533200,59.979924
3.533300,60.003648
3.533400,60.023073
3.533500,60.039156
3.533600,60.026596
3.533700,60.025157
3.533800,60.017090
3.533900,60.021053
3.534000,60.020552
3.534100,60.020418
3.534200,60.020048
3.534300,60.019062
3.534400,60.019217
3.534500,60.019202
3.534600,60.019419
3.534700,60.018712
3.534800,60.018213
3.534900,60.019407
3.535000,60.019127
3.535100,60.019260
3.535200,60.020027
3.535300,60.019778
3.535400,60.020443
3.535500,60.019706
3.535600,60.019530
3.535700,60.019221
3.535800,60.019120
3.535900,60.019561
3.536000,60.019890
3.536100,60.019913
3.536200,60.019851
3.536300,60.019917
3.536400,60.019564
3.536500,60.020021
3.536600,60.019683
3.536700,60.019721
3.536800,60.019538
3.536900,60.019521
3.537000,60.019826
3.537100,60.019945
3.537200,60.020144
3.537300,60.019549
3.537400,60.019892
3.537500,60.019746
3.537600,60.019737
3.537700,60.019642
3.537800,60.019777
3.537900,60.019660
3.538000,60.019733
3.538100,60.019972
3.538200,60.019526
3.538300,60.019669
3.538400,60.019779
3.538500,60.019564
3.538600,60.019311
3.538700,60.020030
3.538800,60.019733
3.538900,60.019868
3.539000,60.019452
3.539100,60.020055
3.539200,60.019662
3.539300,60.020824
3.539400,60.021161
3.539500,60.019790
3.539600,60.019252
3.539700,60.021424
3.539800,60.019589
3.539900,60.020840
3.540000,60.018193
3.540100,60.019796
3.540200,60.020369
3.540300,60.022092
3.540400,60.023801
3.540500,60.019978
3.540600,60.016589
3.540700,60.018997
3.540800,60.013550
3.540900,60.015104
3.541000,60.013201
3.541100,60.016079
3.541200,60.024741
3.541300,60.010919
3.541400,60.008703
3.541500,59.995916
3.541600,59.994965
3.541700,59.998178
3.541800,59.988051
3.541900,59.972091
3.542000,59.971260
3.542100,59.969500
3.542200,59.974803
3.542300,59.973254
3.542400,59.974107
3.542500,59.973971
3.542600,59.974439
3.542700,59.976185
3.542800,59.974213
3.542900,59.975329
3.543000,59.974425
3.543100,59.974474
3.543200,59.974327
3.543300,59.973926
3.543400,59.973281
3.543500,59.974114
3.543600,59.973523
3.543700,59.973980
3.543800,59.973377
3.543900,59.973189
3.544000,59.973495
3.544100,59.973181
3.544200,59.973814
3.544300,59.973907
3.544400,59.973635
3.544500,59.974110
3.544600,59.974151
3.544700,59.973881
3.544800,59.973456
3.544900,59.973773
3.545000,59.973612
3.545100,59.973622
3.545200,59.973777
3.545300,59.973856
3.545400,59.974151
3.545500,59.973650
3.545600,59.973707
3.545700,59.974067
3.545800,59.973657
3.545900,59.973436
3.546000,59.973809
3.546100,59.973602
3.546200,59.973884
3.546300,59.973955
3.546400,59.973917
3.546500,59.974153
3.546600,59.973757
3.546700,59.973530
3.546800,59.973493
3.546900,59.973373
3.547000,59.973775
3.547100,59.973413
3.547200,59.974047
3.547300,59.974117
3.547400,59.973516
3.547500,59.974425
3.547600,59.973818
3.547700,59.972982
3.547800,59.972760
3.547900,59.973555
3.548000,59.973513
3.548100,59.974993
3.548200,59.976307
3.548300,59.975443
3.548400,59.975664
3.548500,59.976164
3.548600,59.975154
3.548700,59.971397
3.548800,59.975375
3.548900,59.976858
3.549000,59.971240
3.549100,59.971591
3.549200,59.977049
3.549300,59.977459
3.549400,59.980302
3.549500,59.979491
3.549600,59.982796
3.549700,59.992349
3.549800,59.996163
3.549900,59.985588
3.550000,60.000168
3.550100,59.998705
3.550200,59.997609
3.550300,59.998934
3.550400,59.996188
3.550500,60.002676
3.550600,59.998214
3.550700,59.998689
3.550800,59.998979
3.550900,59.998899
3.551000,59.999030
3.551100,59.998928
3.551200,59.999083
3.551300,59.998894
3.551400,59.998311
3.551500,59.998895
3.551600,59.999557
3.551700,60.000140
3.551800,59.999613
3.551900,59.999185
3.552000,59.999311
3.552100,59.998706
3.552200,59.999175
3.552300,59.999647
3.552400,59.999010
3.552500,59.999140
3.552600,59.999379
3.552700,59.999303
3.552800,59.999238
3.552900,59.998745
3.553000,59.998930
3.553100,59.999192
3.553200,59.999070
3.553300,59.999396
3.553400,59.999182
3.553500,59.999026
3.553600,59.998863
3.553700,59.998924
3.553800,59.999547
3.553900,59.999536
3.554000,59.999364
3.554100,59.999384
3.554200,59.999224
3.554300,59.999250
3.554400,59.999362
3.554500,59.999531
3.554600,59.999916
3.554700,59.999673
3.554800,59.999213
3.554900,59.999196
3.555000,59.998827
3.555100,59.999059
3.555200,59.998485
3.555300,59.998601
3.555400,59.998474
3.555500,59.998512
3.555600,59.999284
3.555700,60.000051
3.555800,59.999554
3.555900,59.999290
3.556000,59.998982
3.556100,59.999499
3.556200,59.998518
3.556300,59.998999
3.556400,59.998093
3.556500,59.999149
3.556600,59.998576
3.556700,60.001203
3.556800,60.000308
3.556900,59.999955
3.557000,59.997969
3.557100,60.002280
3.557200,60.001943
3.557300,60.005525
3.557400,60.003808
3.557500,60.007926
3.557600,60.007094
3.557700,60.002286
3.557800,60.013962
3.557900,60.010594
3.558000,60.017416
3.558100,60.031724
3.558200,60.052325
3.558300,60.042524
3.558400,60.040934
3.558500,60.025891
3.558600,60.038735
3.558700,60.049949
3.558800,60.044075
3.558900,60.047049
3.559000,60.047659
3.559100,60.047063
3.559200,60.047195
3.559300,60.045788
3.559400,60.046225
3.559500,60.045639
3.559600,60.045238
3.559700,60.045050
3.559800,60.044720
3.559900,60.045081
3.560000,60.045297
3.560100,60.046147
3.560200,60.046188
3.560300,60.045172
3.560400,60.045962
3.560500,60.046361
3.560600,60.045878
3.560700,60.045730
3.560800,60.046142
3.560900,60.045757
3.561000,60.046357
3.561100,60.046395
3.561200,60.045856
3.561300,60.045686
3.561400,60.045960
3.561500,60.045787
3.561600,60.045921
3.561700,60.045805
3.561800,60.046070
3.561900,60.045681
3.562000,60.045827
3.562100,60.046073
3.562200,60.045850
3.562300,60.045655
3.562400,60.045675
3.562500,60.045519
3.562600,60.046032
3.562700,60.045920
3.562800,60.045771
3.562900,60.045523
3.563000,60.045702
3.563100,60.045969
3.563200,60.045393
3.563300,60.045849
3.563400,60.045983
3.563500,60.046061
3.563600,60.046427
3.563700,60.046071
3.563800,60.045616
3.563900,60.046292
3.564000,60.047422
3.564100,60.046921
3.564200,60.046363
3.564300,60.046769
3.564400,60.046551
3.564500,60.046538
3.564600,60.045194
3.564700,60.046535
3.564800,60.045901
3.564900,60.046236
3.565000,60.045879
3.565100,60.047885
3.565200,60.046939
3.565300,60.048513
3.565400,60.047076
3.565500,60.043726
3.565600,60.042999
3.565700,60.049485
3.565800,60.050324
3.565900,60.042259
3.566000,60.042037
3.566100,60.046799
3.566200,60.035274
3.566300,60.044327
3.566400,60.030387
3.566500,60.031238
3.566600,60.012451
3.566700,59.989957
3.566800,60.000402
3.566900,59.996655
3.567000,59.992137
3.567100,59.992055
3.567200,59.997986
3.567300,59.999144
3.567400,59.999600
3.567500,59.999500
3.567600,59.999594
3.567700,60.000725
3.567800,60.002542
3.567900,60.001436
3.568000,60.001605
3.568100,60.001353
3.568200,60.001751
3.568300,60.001297
3.568400,60.001450
3.568500,60.001060
3.568600,60.001872
3.568700,60.001864
3.568800,60.001608
3.568900,60.001895
3.569000,60.001521
3.569100,60.001709
3.569200,60.001288
3.569300,60.001368
3.569400,60.001738
3.569500,60.001739
3.569600,60.001706
3.569700,60.001436
3.569800,60.001374
3.569900,60.001372
3.570000,60.001348
3.570100,60.001557
3.570200,60.001778
3.570300,60.002146
3.570400,60.001630
3.570500,60.001650
3.570600,60.001618
3.570700,60.001791
3.570800,60.001898
3.570900,60.001550
3.571000,60.001787
3.571100,60.001670
3.571200,60.001801
3.571300,60.001892
3.571400,60.002008
3.571500,60.002215
3.571600,60.001463
3.571700,60.001821
3.571800,60.001725
3.571900,60.001661
3.572000,60.001492
3.572100,60.000555
3.572200,60.001723
3.572300,60.001575
3.572400,60.001814
3.572500,60.001823
3.572600,60.001543
3.572700,60.001627
3.572800,60.001641
3.572900,60.001466
3.573000,60.002245
3.573100,60.001847
3.573200,60.002003
3.573300,60.000553
3.573400,60.000352
3.573500,60.003513
3.573600,60.004720
3.573700,60.006441
3.573800,60.005505
3.573900,60.007061
3.574000,60.001628
3.574100,59.998954
3.574200,59.996080
3.574300,59.997408
3.574400,60.007456
3.574500,59.999401
3.574600,59.985388
3.574700,59.991853
3.574800,59.975724
3.574900,59.984807
3.575000,59.982224
3.575100,59.967432
3.575200,59.976724
3.575300,59.961895
3.575400,59.964019
3.575500,59.970204
3.575600,59.969780
3.575700,59.971266
3.575800,59.970967
3.575900,59.971125
3.576000,59.969790
3.576100,59.969259
3.576200,59.970702
3.576300,59.971743
3.576400,59.970995
3.576500,59.972078
3.576600,59.971283
3.576700,59.971588
3.576800,59.970729
3.576900,59.970800
3.577000,59.970142
3.577100,59.970851
3.577200,59.970237
3.577300,59.970459
3.577400,59.970346
3.577500,59.970525
3.577600,59.970672
3.577700,59.970476
3.577800,59.970670
3.577900,59.970807
3.578000,59.970729
3.578100,59.970583
3.578200,59.970654
3.578300,59.970570
3.578400,59.970640
3.578500,59.970727
3.578600,59.970796
3.578700,59.970913
3.578800,59.970288
3.578900,59.970302
3.579000,59.970015
3.579100,59.970591
3.579200,59.970613
3.579300,59.970462
3.579400,59.970689
3.579500,59.970489
3.579600,59.970931
3.579700,59.971154
3.579800,59.970820
3.579900,59.970279
3.580000,59.970198
3.580100,59.970769
3.580200,59.970525
3.580300,59.969723
3.580400,59.969684
3.580500,59.970704
3.580600,59.970247
3.580700,59.970385
3.580800,59.970837
3.580900,59.970077
3.581000,59.969884
3.581100,59.970939
3.581200,59.970241
3.581300,59.970197
3.581400,59.970121
3.581500,59.971655
3.581600,59.969985
3.581700,59.972907
3.581800,59.973238
3.581900,59.973062
3.582000,59.973218
3.582100,59.973332
3.582200,59.970976
3.582300,59.976688
3.582400,59.979259
3.582500,59.973010
3.582600,59.979226
3.582700,59.971030
3.582800,59.968646
3.582900,59.957317
3.583000,59.960289
3.583100,59.970090
3.583200,59.986911
3.583300,59.993611
3.583400,59.997819
3.583500,60.012260
3.583600,60.023342
3.583700,60.011574
3.583800,60.009369
3.583900,60.005532
3.584000,60.006613
3.584100,60.006423
3.584200,60.006002
3.584300,60.005737
3.584400,60.007135
3.584500,60.005447
3.584600,60.004773
3.584700,60.005258
3.584800,60.004602
3.584900,60.004265
3.585000,60.004923
3.585100,60.004850
3.585200,60.004906
3.585300,60.005396
3.585400,60.005092
3.585500,60.005697
3.585600,60.006025
3.585700,60.005339
3.585800,60.005244
3.585900,60.005354
3.586000,60.005232
3.586100,60.005476
3.586200,60.005487
3.586300,60.005133
3.586400,60.005615
3.586500,60.005401
3.586600,60.005305
3.586700,60.005114
3.586800,60.005138
3.586900,60.005615
3.587000,60.005175
3.587100,60.005235
3.587200,60.005389
3.587300,60.005718
3.587400,60.005367
3.587500,60.005679
3.587600,60.005326
3.587700,60.005432
3.587800,60.005131
3.587900,60.004870
3.588000,60.004962
3.588100,60.005230
3.588200,60.005415
3.588300,60.005520
3.588400,60.005430
3.588500,60.005449
3.588600,60.004794
3.588700,60.004979
3.588800,60.005451
3.588900,60.005215
3.589000,60.004416
3.589100,60.005978
3.589200,60.005618
3.589300,60.006397
3.589400,60.007302
3.589500,60.006649
3.589600,60.004624
3.589700,60.006050
3.589800,60.005673
3.589900,60.005244
3.590000,60.006056
3.590100,60.004868
3.590200,60.002723
3.590300,60.003765
3.590400,60.004741
3.590500,60.006579
3.590600,60.010446
3.590700,60.011594
3.590800,60.010849
3.590900,60.010685
3.591000,60.012492
3.591100,60.002741
3.591200,60.003004
3.591300,59.998205
3.591400,59.998746
3.591500,60.011344
3.591600,59.992132
3.591700,59.983136
3.591800,59.966592
3.591900,59.969879
3.592000,59.973343
3.592100,59.977928
3.592200,59.982290
3.592300,59.985884
3.592400,59.986241
3.592500,59.986216
3.592600,59.987033
3.592700,59.987847
3.592800,59.988646
3.592900,59.988693
3.593000,59.989628
3.593100,59.988361
3.593200,59.988487
3.593300,59.988445
3.593400,59.989040
3.593500,59.989195
3.593600,59.989081
3.593700,59.989025
3.593800,59.989349
3.593900,59.989465
3.594000,59.989303
3.594100,59.989770
3.594200,59.989027
3.594300,59.988971
3.594400,59.988681
3.594500,59.988926
3.594600,59.988668
3.594700,59.989169
3.594800,59.989135
3.594900,59.988969
3.595000,59.989041
3.595100,59.988993
3.595200,59.989351
3.595300,59.989216
3.595400,59.988843
3.595500,59.988701
3.595600,59.989044
3.595700,59.989315
3.595800,59.989478
3.595900,59.989234
3.596000,59.988954
3.596100,59.989134
3.596200,59.989204
3.596300,59.988620
3.596400,59.989108
3.596500,59.989217
3.596600,59.988814
3.596700,59.989200
3.596800,59.988560
3.596900,59.989120
3.597000,59.989187
3.597100,59.988789
3.597200,59.989310
3.597300,59.989456
3.597400,59.988998
3.597500,59.988176
3.597600,59.989181
3.597700,59.989191
3.597800,59.989227
3.597900,59.988307
3.598000,59.987409
3.598100,59.989534
3.598200,59.989880
3.598300,59.987578
3.598400,59.986340
3.598500,59.988161
3.598600,59.991103
3.598700,59.989802
3.598800,59.990776
3.598900,59.991284
3.599000,59.994342
3.599100,59.989910
3.599200,59.984412
3.599300,59.979204
3.599400,59.970934
3.599500,59.969178
3.599600,59.980751
3.599700,59.983951
3.599800,59.997627
3.599900,60.004348
3.600000,60.010011
3.600100,60.013030
3.600200,60.009451
3.600300,59.993065
3.600400,59.999356
3.600500,60.006448
3.600600,60.006798
3.600700,60.004851
3.600800,60.004858
3.600900,60.005437
3.601000,60.005427
3.601100,60.004323
3.601200,60.005386
3.601300,60.006440
3.601400,60.006202
3.601500,60.005388
3.601600,60.005171
3.601700,60.004484
3.601800,60.004756
3.601900,60.005706
3.602000,60.005250
3.602100,60.005180
3.602200,60.005169
3.602300,60.005427
3.602400,60.004905
3.602500,60.005416
3.602600,60.005397
3.602700,60.005221
3.602800,60.004953
3.602900,60.005310
3.603000,60.004868
3.603100,60.004787
3.603200,60.005150
3.603300,60.005332
3.603400,60.005292
3.603500,60.004965
3.603600,60.005125
3.603700,60.005192
3.603800,60.005814
3.603900,60.005150
3.604000,60.004991
3.604100,60.004770
3.604200,60.004806
3.604300,60.004928
3.604400,60.005217
3.604500,60.005710
3.604600,60.005863
3.604700,60.005213
3.604800,60.005551
3.604900,60.005604
3.605000,60.005584
3.605100,60.005656
3.605200,60.005180
3.605300,60.005593
3.605400,60.004918
3.605500,60.004761
3.605600,60.004954
3.605700,60.005571
3.605800,60.005521
3.605900,60.005702
3.606000,60.005497
3.606100,60.006981
3.606200,60.006266
3.606300,60.005080
3.606400,60.003879
3.606500,60.005883
3.606600,60.005142
3.606700,60.003507
3.606800,60.004003
3.606900,60.001970
3.607000,60.000083
3.607100,60.002581
3.607200,60.006743
3.607300,60.005787
3.607400,60.003367
3.607500,60.006509
3.607600,60.003522
3.607700,60.000758
3.607800,60.002511
3.607900,59.998474
3.608000,59.990149
3.608100,60.003558
3.608200,60.010052
3.608300,59.997528
3.608400,60.001909
3.608500,59.989674
3.608600,59.985892
3.608700,59.996177
3.608800,59.989750
3.608900,59.987468
3.609000,59.986644
3.609100,59.987245
3.609200,59.987280
3.609300,59.986324
3.609400,59.987065
3.609500,59.986803
3.609600,59.985744
3.609700,59.985268
3.609800,59.986282
3.609900,59.985284
3.610000,59.985789
3.610100,59.986535
3.610200,59.986411
3.610300,59.986387
3.610400,59.985787
3.610500,59.985901
3.610600,59.986328
3.610700,59.986184
3.610800,59.986118
3.610900,59.986155
3.611000,59.985877
3.611100,59.986188
3.611200,59.986125
3.611300,59.986114
3.611400,59.985843
3.611500,59.986203
3.611600,59.985769
3.611700,59.985350
3.611800,59.985962
3.611900,59.986103
3.612000,59.985772
3.612100,59.985541
3.612200,59.985998
3.612300,59.986442
3.612400,59.985798
3.612500,59.985817
3.612600,59.985852
3.612700,59.985995
3.612800,59.986229
3.612900,59.985496
3.613000,59.986042
3.613100,59.986116
3.613200,59.986268
3.613300,59.985968
3.613400,59.986402
3.613500,59.986364
3.613600,59.986010
3.613700,59.986215
3.613800,59.985986
3.613900,59.986792
3.614000,59.986235
3.614100,59.987048
3.614200,59.986085
3.614300,59.987391
3.614400,59.987495
3.614500,59.987991
3.614600,59.987042
3.614700,59.988065
3.614800,59.987378
3.614900,59.986276
3.615000,59.986245
3.615100,59.986594
3.615200,59.987478
3.615300,59.986162
3.615400,59.987276
3.615500,59.985347
3.615600,59.986148
3.615700,59.985338
3.615800,59.982855
3.615900,59.984299
3.616000,59.991823
3.616100,59.992020
3.616200,59.990794
3.616300,59.989846
3.616400,59.986953
3.616500,59.996135
3.616600,60.018201
3.616700,60.010624
3.616800,59.990701
3.616900,59.990199
3.617000,59.992751
3.617100,59.996019
3.617200,59.994649
3.617300,59.995739
3.617400,59.995887
3.617500,59.995861
3.617600,59.994858
3.617700,59.994539
3.617800,59.995269
3.617900,59.995098
3.618000,59.994671
3.618100,59.994959
3.618200,59.994741
3.618300,59.995095
3.618400,59.995135
3.618500,59.995777
3.618600,59.995074
3.618700,59.994851
3.618800,59.994890
3.618900,59.994548
3.619000,59.994722
3.619100,59.994658
3.619200,59.994992
3.619300,59.995066
3.619400,59.995060
3.619500,59.995258
3.619600,59.995471
3.619700,59.994786
3.619800,59.994664
3.619900,59.994538
3.620000,59.994585
3.620100,59.994920
3.620200,59.994871
3.620300,59.994975
3.620400,59.994941
3.620500,59.994913
3.620600,59.994795
3.620700,59.994916
3.620800,59.995078
3.620900,59.994977
3.621000,59.994828
3.621100,59.995140
3.621200,59.995075
3.621300,59.994735
3.621400,59.995266
3.621500,59.995312
3.621600,59.994930
3.621700,59.994921
3.621800,59.994421
3.621900,59.994642
3.622000,59.994280
3.622100,59.995292
3.622200,59.995538
3.622300,59.995092
3.622400,59.994518
3.622500,59.995583
3.622600,59.995786
3.622700,59.995356
3.622800,59.994385
3.622900,59.994875
3.623000,59.995993
3.623100,59.994869
3.623200,59.995462
3.623300,59.996940
3.623400,59.997206
3.623500,59.995006
3.623600,59.992902
3.623700,59.997384
3.623800,59.993114
3.623900,59.992004
3.624000,59.994302
3.624100,59.990318
3.624200,59.985734
3.624300,59.993914
3.624400,59.986763
3.624500,59.998444
3.624600,60.007974
3.624700,59.996521
3.624800,59.990649
3.624900,60.003442
3.625000,59.992584
3.625100,60.004033
3.625200,60.010141
3.625300,60.020058
3.625400,60.012149
3.625500,60.012012
3.625600,60.010885
3.625700,60.010438
3.625800,60.010448
3.625900,60.010189
3.626000,60.010103
3.626100,60.009486
3.626200,60.009952
3.626300,60.010541
3.626400,60.009904
3.626500,60.008674
3.626600,60.009653
3.626700,60.009412
3.626800,60.009372
3.626900,60.009546
3.627000,60.009426
3.627100,60.009619
3.627200,60.009815
3.627300,60.009862
3.627400,60.009742
3.627500,60.009655
3.627600,60.009902
3.627700,60.009632
3.627800,60.009544
3.627900,60.009904
3.628000,60.010014
3.628100,60.010045
3.628200,60.009618
3.628300,60.009697
3.628400,60.010101
3.628500,60.009996
3.628600,60.009936
3.628700,60.009718
3.628800,60.009988
3.628900,60.009983
3.629000,60.010166
3.629100,60.010039
3.629200,60.009978
3.629300,60.009901
3.629400,60.009858
3.629500,60.009684
3.629600,60.009539
3.629700,60.009848
3.629800,60.010043
3.629900,60.009965
3.630000,60.009687
3.630100,60.010242
3.630200,60.009731
3.630300,60.010094
3.630400,60.009748
3.630500,60.010941
3.630600,60.009930
3.630700,60.010771
3.630800,60.011304
3.630900,60.010395
3.631000,60.009949
3.631100,60.009213
3.631200,60.010493
3.631300,60.011006
3.631400,60.012578
3.631500,60.010480
3.631600,60.011903
3.631700,60.010898
3.631800,60.009131
3.631900,60.007852
3.632000,60.007592
3.632100,60.011994
3.632200,60.012787
3.632300,60.012545
3.632400,60.015214
3.632500,60.014919
3.632600,60.017752
3.632700,60.012040
3.632800,60.001163
3.632900,60.005056
3.633000,59.994230
3.633100,60.009762
3.633200,60.008787
3.633300,60.002422
3.633400,60.001338
3.633500,60.008185
3.633600,60.017246
3.633700,60.015913
3.633800,60.013897
3.633900,60.015737
3.634000,60.014528
3.634100,60.014512
3.634200,60.013525
3.634300,60.013585
3.634400,60.014370
3.634500,60.013213
3.634600,60.013547
3.634700,60.014266
3.634800,60.015048
3.634900,60.014772
3.635000,60.014595
3.635100,60.014305
3.635200,60.013957
3.635300,60.014083
3.635400,60.013948
3.635500,60.013965
3.635600,60.013852
3.635700,60.013551
3.635800,60.013600
3.635900,60.013926
3.636000,60.013959
3.636100,60.013534
3.636200,60.013815
3.636300,60.014352
3.636400,60.014067
3.636500,60.013794
3.636600,60.013940
3.636700,60.014003
3.636800,60.014003
3.636900,60.013942
3.637000,60.014490
3.637100,60.014070
3.637200,60.014030
3.637300,60.014083
3.637400,60.013904
3.637500,60.013371
3.637600,60.013665
3.637700,60.013873
3.637800,60.014020
3.637900,60.014009
3.638000,60.013983
3.638100,60.014042
3.638200,60.013778
3.638300,60.014140
3.638400,60.013727
3.638500,60.014012
3.638600,60.014645
3.638700,60.013953
3.638800,60.013891
3.638900,60.013778
3.639000,60.014578
3.639100,60.014683
3.639200,60.014843
3.639300,60.013496
3.639400,60.013270
3.639500,60.013241
3.639600,60.013351
3.639700,60.013037
3.639800,60.015276
3.639900,60.016370
3.640000,60.016064
3.640100,60.015763
3.640200,60.012453
3.640300,60.010989
3.640400,60.013054
3.640500,60.009011
3.640600,60.013182
3.640700,60.013285
3.640800,60.011608
3.640900,60.017998
3.641000,60.010299
3.641100,60.017691
3.641200,60.024595
3.641300,60.022929
3.641400,60.037002
3.641500,60.017331
3.641600,60.022268
3.641700,60.021062
3.641800,60.022872
3.641900,60.011239
3.642000,60.016978
3.642100,60.020998
3.642200,60.015646
3.642300,60.016732
3.642400,60.016589
3.642500,60.016491
3.642600,60.015350
3.642700,60.016868
3.642800,60.015499
3.642900,60.016659
3.643000,60.016178
3.643100,60.016998
3.643200,60.016794
3.643300,60.017333
3.643400,60.016955
3.643500,60.016507
3.643600,60.016386
3.643700,60.016867
3.643800,60.016444
3.643900,60.016090
3.644000,60.016277
3.644100,60.016356
3.644200,60.016016
3.644300,60.016284
3.644400,60.016463
3.644500,60.016524
3.644600,60.016231
3.644700,60.016553
3.644800,60.016187
3.644900,60.016164
3.645000,60.016423
3.645100,60.016365
3.645200,60.016157
3.645300,60.016150
3.645400,60.016404
3.645500,60.015821
3.645600,60.016187
3.645700,60.016498
3.645800,60.016062
3.645900,60.016212
3.646000,60.016023
3.646100,60.016564
3.646200,60.016562
3.646300,60.016410
3.646400,60.016762
3.646500,60.016377
3.646600,60.016434
3.646700,60.015873
3.646800,60.015914
3.646900,60.016447
3.647000,60.017242
3.647100,60.016974
3.647200,60.017327
3.647300,60.016558
3.647400,60.015920
3.647500,60.016547
3.647600,60.016536
3.647700,60.016355
3.647800,60.016664
3.647900,60.016646
3.648000,60.015540
3.648100,60.014428
3.648200,60.015146
3.648300,60.016928
3.648400,60.016043
3.648500,60.017632
3.648600,60.017906
3.648700,60.014143
3.648800,60.016335
3.648900,60.011245
3.649000,60.006848
3.649100,60.013979
3.649200,60.021249
3.649300,60.013445
3.649400,60.011427
3.649500,59.998315
3.649600,60.007988
3.649700,59.991019
3.649800,60.005699
3.649900,60.007902
3.650000,60.029012
3.650100,60.029293
3.650200,60.039439
3.650300,60.036011
3.650400,60.036939
3.650500,60.029174
3.650600,60.024913
3.650700,60.025607
3.650800,60.025491
3.650900,60.024811
3.651000,60.024786
3.651100,60.024300
3.651200,60.025640
3.651300,60.025758
3.651400,60.027365
3.651500,60.027237
3.651600,60.025871
3.651700,60.026677
3.651800,60.025928
3.651900,60.025657
3.652000,60.026082
3.652100,60.025882
3.652200,60.025151
3.652300,60.025265
3.652400,60.025012
3.652500,60.025270
3.652600,60.025452
3.652700,60.025675
3.652800,60.025628
3.652900,60.025770
3.653000,60.025322
3.653100,60.025508
3.653200,60.025630
3.653300,60.025570
3.653400,60.025764
3.653500,60.025535
3.653600,60.025584
3.653700,60.025646
3.653800,60.025750
3.653900,60.025587
3.654000,60.025630
3.654100,60.026142
3.654200,60.025471
3.654300,60.025600
3.654400,60.025563
3.654500,60.025606
3.654600,60.025730
3.654700,60.025673
3.654800,60.025847
3.654900,60.026105
3.655000,60.025816
3.655100,60.025229
3.655200,60.025236
3.655300,60.025517
3.655400,60.025575
3.655500,60.025506
3.655600,60.026199
3.655700,60.025684
3.655800,60.025790
3.655900,60.026655
3.656000,60.026475
3.656100,60.025572
3.656200,60.024983
3.656300,60.025113
3.656400,60.025601
3.656500,60.025993
3.656600,60.027562
3.656700,60.026880
3.656800,60.026201
3.656900,60.022594
3.657000,60.023663
3.657100,60.022024
3.657200,60.017656
3.657300,60.023798
3.657400,60.022679
3.657500,60.022986
3.657600,60.022633
3.657700,60.024214
3.657800,60.012772
3.657900,60.009672
3.658000,60.020406
3.658100,60.006922
3.658200,59.992983
3.658300,60.000045
3.658400,60.006088
3.658500,60.009255
3.658600,60.008197
3.658700,59.998167
3.658800,59.997259
3.658900,59.998291
3.659000,59.998972
3.659100,59.998791
3.659200,59.999212
3.659300,59.997685
3.659400,59.997448
3.659500,59.998291
3.659600,59.998424
3.659700,59.998686
3.659800,59.998909
3.659900,59.998897
3.660000,59.999446
3.660100,59.999158
3.660200,59.998472
3.660300,59.998784
3.660400,59.999006
3.660500,59.999169
3.660600,59.998947
3.660700,59.999214
3.660800,59.998580
3.660900,59.998811
3.661000,59.998981
3.661100,59.998976
3.661200,59.999175
3.661300,59.999144
3.661400,59.999129
3.661500,59.999263
3.661600,59.998721
3.661700,59.998431
3.661800,59.998797
3.661900,59.998802
3.662000,59.998780
3.662100,59.998482
3.662200,59.999033
3.662300,59.998969
3.662400,59.999315
3.662500,59.998982
3.662600,59.999196
3.662700,59.999240
3.662800,59.999112
3.662900,59.999595
3.663000,59.998944
3.663100,59.999005
3.663200,59.998794
3.663300,59.999064
3.663400,59.998948
3.663500,59.998452
3.663600,59.998481
3.663700,59.998543
3.663800,59.997965
3.663900,59.998988
3.664000,59.998733
3.664100,59.999256
3.664200,59.999088
3.664300,59.999502
3.664400,59.999429
3.664500,59.998907
3.664600,59.997296
3.664700,59.998188
3.664800,59.998575
3.664900,59.996647
3.665000,59.998638
3.665100,59.998299
3.665200,59.997249
3.665300,59.997844
3.665400,59.998045
3.665500,59.999335
3.665600,60.001799
3.665700,60.002589
3.665800,60.002598
3.665900,60.006347
3.666000,60.003691
3.666100,60.007987
3.666200,60.008531
3.666300,60.005832
3.666400,60.000315
3.666500,59.994082
3.666600,59.996002
3.666700,60.002726
3.666800,60.013245
3.666900,60.010266
3.667000,60.004448
3.667100,60.004788
3.667200,60.005280
3.667300,60.002872
3.667400,60.003253
3.667500,60.003057
3.667600,60.003585
3.667700,60.004129
3.667800,60.003842
3.667900,60.002295
3.668000,60.002802
3.668100,60.002945
3.668200,60.002514
3.668300,60.003053
3.668400,60.002859
3.668500,60.002895
3.668600,60.002586
3.668700,60.002726
3.668800,60.003302
3.668900,60.003233
3.669000,60.002796
3.669100,60.002602
3.669200,60.002932
3.669300,60.002659
3.669400,60.002623
3.669500,60.002477
3.669600,60.002585
3.669700,60.002844
3.669800,60.002726
3.669900,60.003164
3.670000,60.002520
3.670100,60.002510
3.670200,60.002444
3.670300,60.002269
3.670400,60.002369
3.670500,60.002910
3.670600,60.002566
3.670700,60.002583
3.670800,60.002158
3.670900,60.002533
3.671000,60.002656
3.671100,60.002481
3.671200,60.002581
3.671300,60.002343
3.671400,60.002447
3.671500,60.002293
3.671600,60.002849
3.671700,60.003257
3.671800,60.002866
3.671900,60.002303
3.672000,60.001773
3.672100,60.002751
3.672200,60.002893
3.672300,60.002325
3.672400,60.001487
3.672500,60.001532
3.672600,60.001735
3.672700,60.002762
3.672800,60.003754
3.672900,60.003988
3.673000,60.004550
3.673100,60.002531
3.673200,60.003020
3.673300,60.003848
3.673400,60.002386
3.673500,60.002089
3.673600,59.999232
3.673700,59.996505
3.673800,59.996216
3.673900,59.996767
3.674000,59.996658
3.674100,60.002719
3.674200,60.001210
3.674300,60.006770
3.674400,60.007477
3.674500,60.011130
3.674600,60.024968
3.674700,60.025057
3.674800,60.030518
3.674900,60.023748
3.675000,60.031791
3.675100,60.047856
3.675200,60.032973
3.675300,60.042706
3.675400,60.035078
3.675500,60.028788
3.675600,60.033180
3.675700,60.030847
3.675800,60.030908
3.675900,60.030578
3.676000,60.029341
3.676100,60.029958
3.676200,60.030249
3.676300,60.029934
3.676400,60.030005
3.676500,60.030762
3.676600,60.029408
3.676700,60.030500
3.676800,60.030003
3.676900,60.030028
3.677000,60.029275
3.677100,60.029614
3.677200,60.029235
3.677300,60.029718
3.677400,60.029632
3.677500,60.029573
3.677600,60.029585
3.677700,60.029538
3.677800,60.029518
3.677900,60.029625
3.678000,60.029789
3.678100,60.029563
3.678200,60.030148
3.678300,60.029871
3.678400,60.029565
3.678500,60.029862
3.678600,60.029901
3.678700,60.029872
3.678800,60.029705
3.678900,60.029899
3.679000,60.029692
3.679100,60.029991
3.679200,60.029959
3.679300,60.029722
3.679400,60.029277
3.679500,60.029490
3.679600,60.029394
3.679700,60.029536
3.679800,60.029722
3.679900,60.029430
3.680000,60.029925
3.680100,60.029947
3.680200,60.030403
3.680300,60.030278
3.680400,60.030989
3.680500,60.031145
3.680600,60.031177
3.680700,60.029834
3.680800,60.030072
3.680900,60.029844
3.681000,60.029534
3.681100,60.029432
3.681200,60.029173
3.681300,60.027685
3.681400,60.028087
3.681500,60.027519
3.681600,60.030284
3.681700,60.028195
3.681800,60.028156
3.681900,60.029097
3.682000,60.026351
3.682100,60.028571
3.682200,60.027030
3.682300,60.031432
3.682400,60.029395
3.682500,60.028529
3.682600,60.026228
3.682700,60.028986
3.682800,60.024362
3.682900,60.023226
3.683000,60.036173
3.683100,60.024209
3.683200,60.009317
3.683300,59.993377
3.683400,59.981928
3.683500,59.977549
3.683600,59.983372
3.683700,59.994579
3.683800,59.986277
3.683900,59.983551
3.684000,59.982611
3.684100,59.983012
3.684200,59.983350
3.684300,59.983165
3.684400,59.981453
3.684500,59.982046
3.684600,59.980833
3.684700,59.980699
3.684800,59.980720
3.684900,59.981578
3.685000,59.981405
3.685100,59.980615
3.685200,59.980425
3.685300,59.980934
3.685400,59.980331
3.685500,59.980505
3.685600,59.980624
3.685700,59.980372
3.685800,59.980481
3.685900,59.980983
3.686000,59.980775
3.686100,59.980919
3.686200,59.980293
3.686300,59.980620
3.686400,59.980589
3.686500,59.980536
3.686600,59.980960
3.686700,59.980839
3.686800,59.980234
3.686900,59.980214
3.687000,59.980394
3.687100,59.980322
3.687200,59.980821
3.687300,59.980767
3.687400,59.980884
3.687500,59.980702
3.687600,59.980744
3.687700,59.980822
3.687800,59.980162
3.687900,59.980555
3.688000,59.980176
3.688100,59.980599
3.688200,59.980501
3.688300,59.980343
3.688400,59.980451
3.688500,59.980575
3.688600,59.981005
3.688700,59.981000
3.688800,59.980473
3.688900,59.980641
3.689000,59.980593
3.689100,59.981188
3.689200,59.981512
3.689300,59.980565
3.689400,59.979840
3.689500,59.980429
3.689600,59.979212
3.689700,59.980536
3.689800,59.979774
3.689900,59.979899
3.690000,59.977569
3.690100,59.980563
3.690200,59.979782
3.690300,59.981797
3.690400,59.980966
3.690500,59.980977
3.690600,59.979152
3.690700,59.985366
3.690800,59.988254
3.690900,59.981849
3.691000,59.976993
3.691100,59.979743
3.691200,59.986268
3.691300,59.978952
3.691400,59.970389
3.691500,59.989741
3.691600,60.011665
3.691700,60.004451
3.691800,59.999834
3.691900,60.006684
3.692000,60.004482
3.692100,60.003030
3.692200,60.000960
3.692300,59.999730
3.692400,60.000036
3.692500,60.000046
3.692600,59.999903
3.692700,59.999260
3.692800,60.000161
3.692900,59.999351
3.693000,59.998906
3.693100,59.999705
3.693200,60.000037
3.693300,59.999347
3.693400,59.998919
3.693500,59.999504
3.693600,59.999696
3.693700,59.999415
3.693800,59.999297
3.693900,59.999186
3.694000,59.999168
3.694100,59.999310
3.694200,59.999599
3.694300,59.998913
3.694400,59.999461
3.694500,59.999261
3.694600,59.999748
3.694700,59.999060
3.694800,59.999063
3.694900,59.999413
3.695000,59.999254
3.695100,59.999037
3.695200,59.999234
3.695300,59.999409
3.695400,59.999268
3.695500,59.998882
3.695600,59.999513
3.695700,59.999197
3.695800,59.999226
3.695900,59.999385
3.696000,59.999465
3.696100,59.999401
3.696200,59.999329
3.696300,59.999398
3.696400,59.999344
3.696500,59.999005
3.696600,59.999347
3.696700,59.998543
3.696800,59.999170
3.696900,59.999082
3.697000,59.999345
3.697100,59.999030
3.697200,59.999067
3.697300,59.998579
3.697400,59.999366
3.697500,59.998950
3.697600,59.998559
3.697700,59.997790
3.697800,59.998255
3.697900,59.998746
3.698000,60.000728
3.698100,60.000547
3.698200,59.998894
3.698300,60.000787
3.698400,59.998181
3.698500,59.998459
3.698600,59.998112
3.698700,59.998145
3.698800,59.995209
3.698900,59.999074
3.699000,60.001134
3.699100,59.999682
3.699200,59.998146
3.699300,59.997919
3.699400,59.990668
3.699500,59.977998
3.699600,59.993237
3.699700,60.008140
3.699800,60.008850
3.699900,60.010463
3.700000,60.003543
3.700100,59.996794
3.700200,60.005727
3.700300,59.995636
3.700400,59.995701
3.700500,59.993971
3.700600,59.989828
3.700700,59.990429
3.700800,59.990443
3.700900,59.990763
3.701000,59.989153
3.701100,59.988794
3.701200,59.988246
3.701300,59.989477
3.701400,59.989301
3.701500,59.989287
3.701600,59.989435
3.701700,59.990165
3.701800,59.989234
3.701900,59.988825
3.702000,59.988769
3.702100,59.989187
3.702200,59.989539
3.702300,59.989433
3.702400,59.989540
3.702500,59.989208
3.702600,59.988739
3.702700,59.989014
3.702800,59.988953
3.702900,59.989224
3.703000,59.989186
3.703100,59.989001
3.703200,59.988874
3.703300,59.988519
3.703400,59.988867
3.703500,59.988974
3.703600,59.989467
3.703700,59.988848
3.703800,59.988847
3.703900,59.988673
3.704000,59.989175
3.704100,59.989064
3.704200,59.988885
3.704300,59.988565
3.704400,59.989062
3.704500,59.989069
3.704600,59.989209
3.704700,59.989014
3.704800,59.989147
3.704900,59.988580
3.705000,59.988709
3.705100,59.988804
3.705200,59.989410
3.705300,59.989209
3.705400,59.988497
3.705500,59.988446
3.705600,59.989381
3.705700,59.989003
3.705800,59.988522
3.705900,59.988966
3.706000,59.989255
3.706100,59.988957
3.706200,59.987788
3.706300,59.989437
3.706400,59.990853
3.706500,59.990181
3.706600,59.990169
3.706700,59.989619
3.706800,59.990218
3.706900,59.986710
3.707000,59.988413
3.707100,59.985689
3.707200,59.983218
3.707300,59.984335
3.707400,59.979994
3.707500,59.984386
3.707600,59.991243
3.707700,59.995679
3.707800,59.987229
3.707900,59.987246
3.708000,59.990291
3.708100,59.996339
3.708200,59.988694
3.708300,59.980499
3.708400,59.990114
3.708500,60.000411
3.708600,60.011439
3.708700,60.000509
3.708800,59.996276
3.708900,59.994927
3.709000,59.993353
3.709100,59.993332
3.709200,59.993132
3.709300,59.993014
3.709400,59.992105
3.709500,59.991732
3.709600,59.993262
3.709700,59.991549
3.709800,59.991667
3.709900,59.991593
3.710000,59.992017
3.710100,59.992011
3.710200,59.991997
3.710300,59.991914
3.710400,59.991661
3.710500,59.991392
3.710600,59.991738
3.710700,59.991695
3.710800,59.991582
3.710900,59.991874
3.711000,59.991981
3.711100,59.991525
3.711200,59.991655
3.711300,59.991676
3.711400,59.991469
3.711500,59.991704
3.711600,59.992023
3.711700,59.991752
3.711800,59.991747
3.711900,59.991425
3.712000,59.991894
3.712100,59.992015
3.712200,59.991861
3.712300,59.991775
3.712400,59.991634
3.712500,59.991493
3.712600,59.991608
3.712700,59.991705
3.712800,59.991685
3.712900,59.992265
3.713000,59.991759
3.713100,59.991262
3.713200,59.991633
3.713300,59.991711
3.713400,59.991238
3.713500,59.991310
3.713600,59.991717
3.713700,59.991986
3.713800,59.991814
3.713900,59.991366
3.714000,59.991729
3.714100,59.992202
3.714200,59.992345
3.714300,59.992015
3.714400,59.990738
3.714500,59.992756
3.714600,59.991004
3.714700,59.990039
3.714800,59.990177
3.714900,59.991944
3.715000,59.989962
3.715100,59.991470
3.715200,59.988089
3.715300,59.990705
3.715400,59.990795
3.715500,59.994403
3.715600,59.996543
3.715700,59.993891
3.715800,59.996274
3.715900,59.994198
3.716000,59.999976
3.716100,60.006572
3.716200,59.993170
3.716300,59.991369
3.716400,60.001616
3.716500,59.984263
3.716600,59.982465
3.716700,59.990675
3.716800,59.995241
3.716900,60.011949
3.717000,60.010982
3.717100,60.001024
3.717200,60.000585
3.717300,60.000962
3.717400,60.001165
3.717500,60.000797
3.717600,60.001290
3.717700,60.000465
3.717800,60.000651
3.717900,60.000620
3.718000,60.001936
3.718100,60.001736
3.718200,60.001522
3.718300,60.001679
3.718400,60.002774
3.718500,60.001954
3.718600,60.002389
3.718700,60.002218
3.718800,60.002361
3.718900,60.002064
3.719000,60.002204
3.719100,60.001529
3.719200,60.001837
3.719300,60.001944
3.719400,60.002027
3.719500,60.001956
3.719600,60.001923
3.719700,60.001691
3.719800,60.001876
3.719900,60.001710
3.720000,60.002068
3.720100,60.001576
3.720200,60.001869
3.720300,60.001431
3.720400,60.001738
3.720500,60.001732
3.720600,60.002068
3.720700,60.001787
3.720800,60.001608
3.720900,60.001878
3.721000,60.001685
3.721100,60.001669
3.721200,60.001690
3.721300,60.001992
3.721400,60.001786
3.721500,60.001761
3.721600,60.001849
3.721700,60.001740
3.721800,60.001257
3.721900,60.001524
3.722000,60.001829
3.722100,60.001490
3.722200,60.001309
3.722300,60.002607
3.722400,60.002303
3.722500,60.002051
3.722600,60.002285
3.722700,60.002083
3.722800,60.002819
3.722900,60.002058
3.723000,60.002287
3.723100,60.004003
3.723200,60.003149
3.723300,60.002728
3.723400,60.002961
3.723500,60.003087
3.723600,60.002260
3.723700,60.002552
3.723800,60.005194
3.723900,60.004102
3.724000,59.999341
3.724100,59.997865
3.724200,59.999806
3.724300,59.990595
3.724400,59.990864
3.724500,59.985922
3.724600,59.982730
3.724700,59.988805
3.724800,59.993835
3.724900,60.009608
3.725000,59.995537
3.725100,59.980344
3.725200,59.971648
3.725300,59.981068
3.725400,59.976748
3.725500,59.980237
3.725600,59.979151
3.725700,59.978355
3.725800,59.977894
3.725900,59.978799
3.726000,59.979232
3.726100,59.977534
3.726200,59.976688
3.726300,59.978153
3.726400,59.978028
3.726500,59.978057
3.726600,59.976866
3.726700,59.977264
3.726800,59.977082
3.726900,59.976720
3.727000,59.976609
3.727100,59.976986
3.727200,59.977265
3.727300,59.977355
3.727400,59.977690
3.727500,59.977730
3.727600,59.977179
3.727700,59.976827
3.727800,59.977314
3.727900,59.977258
3.728000,59.977144
3.728100,59.976696
3.728200,59.976855
3.728300,59.977221
3.728400,59.977020
3.728500,59.977202
3.728600,59.977418
3.728700,59.977263
3.728800,59.977167
3.728900,59.977200
3.729000,59.977284
3.729100,59.977136
3.729200,59.976836
3.729300,59.977384
3.729400,59.977454
3.729500,59.977147
3.729600,59.977791
3.729700,59.977107
3.729800,59.976595
3.729900,59.976845
3.730000,59.976967
3.730100,59.976816
3.730200,59.976719
3.730300,59.976901
3.730400,59.977037
3.730500,59.977398
3.730600,59.977523
3.730700,59.977869
3.730800,59.977095
3.730900,59.978017
3.731000,59.978413
3.731100,59.978679
3.731200,59.979594
3.731300,59.978512
3.731400,59.978364
3.731500,59.977897
3.731600,59.976619
3.731700,59.975324
3.731800,59.975585
3.731900,59.978317
3.732000,59.979242
3.732100,59.975919
3.732200,59.972388
3.732300,59.967242
3.732400,59.972390
3.732500,59.978498
3.732600,59.977453
3.732700,59.983665
3.732800,59.979638
3.732900,59.975931
3.733000,59.982412
3.733100,59.981106
3.733200,59.989854
3.733300,59.992456
3.733400,59.991397
3.733500,59.999487
3.733600,59.985958
3.733700,59.984804
3.733800,59.993981
3.733900,59.996331
3.734000,59.995874
3.734100,59.995654
3.734200,59.995653
3.734300,59.996606
3.734400,59.995717
3.734500,59.995687
3.734600,59.996596
3.734700,59.996406
3.734800,59.996227
3.734900,59.996200
3.735000,59.996075
3.735100,59.996003
3.735200,59.996354
3.735300,59.996513
3.735400,59.996628
3.735500,59.996367
3.735600,59.996098
3.735700,59.996540
3.735800,59.996312
3.735900,59.995941
3.736000,59.996081
3.736100,59.996306
3.736200,59.996013
3.736300,59.996459
3.736400,59.995946
3.736500,59.996244
3.736600,59.995852
3.736700,59.995848
3.736800,59.996216
3.736900,59.995895
3.737000,59.996169
3.737100,59.996230
3.737200,59.995962
3.737300,59.995947
3.737400,59.995923
3.737500,59.995639
3.737600,59.996379
3.737700,59.995981
3.737800,59.996170
3.737900,59.995909
3.738000,59.995768
3.738100,59.995649
3.738200,59.995652
3.738300,59.995993
3.738400,59.996090
3.738500,59.996276
3.738600,59.996443
3.738700,59.995844
3.738800,59.995962
3.738900,59.995907
3.739000,59.997071
3.739100,59.996759
3.739200,59.997278
3.739300,59.996417
3.739400,59.996592
3.739500,59.996662
3.739600,59.996201
3.739700,59.994863
3.739800,59.995594
3.739900,59.995199
3.740000,59.995734
3.740100,59.995759
3.740200,59.994880
3.740300,59.997836
3.740400,59.995076
3.740500,59.996949
3.740600,59.995385
3.740700,59.996570
3.740800,59.999418
3.740900,59.998937
3.741000,60.005627
3.741100,60.001991
3.741200,60.013890
3.741300,60.005996
3.741400,59.999704
3.741500,59.999708
3.741600,59.975998
3.741700,59.952696
3.741800,59.969997
3.741900,59.976338
3.742000,59.980371
3.742100,59.988687
3.742200,59.990299
3.742300,59.987339
3.742400,59.986088
3.742500,59.986492
3.742600,59.985588
3.742700,59.983935
3.742800,59.984127
3.742900,59.984202
3.743000,59.984602
3.743100,59.983343
3.743200,59.984313
3.743300,59.983108
3.743400,59.982390
3.743500,59.983257
3.743600,59.983254
3.743700,59.982833
3.743800,59.982532
3.743900,59.983124
3.744000,59.983030
3.744100,59.982895
3.744200,59.982858
3.744300,59.983165
3.744400,59.982983
3.744500,59.982801
3.744600,59.982709
3.744700,59.982433
3.744800,59.982859
3.744900,59.982995
3.745000,59.983083
3.745100,59.982758
3.745200,59.982939
3.745300,59.982739
3.745400,59.982731
3.745500,59.982878
3.745600,59.982895
3.745700,59.982818
3.745800,59.983165
3.745900,59.983005
3.746000,59.983009
3.746100,59.982838
3.746200,59.983125
3.746300,59.982369
3.746400,59.982944
3.746500,59.982549
3.746600,59.982810
3.746700,59.982372
3.746800,59.983193
3.746900,59.982765
3.747000,59.983053
3.747100,59.983161
3.747200,59.983201
3.747300,59.983207
3.747400,59.982576
3.747500,59.982832
3.747600,59.983004
3.747700,59.983906
3.747800,59.983021
3.747900,59.983821
3.748000,59.983498
3.748100,59.982963
3.748200,59.982920
3.748300,59.983380
3.748400,59.984242
3.748500,59.984900
3.748600,59.983922
3.748700,59.981502
3.748800,59.980940
3.748900,59.982078
3.749000,59.985352
3.749100,59.984058
3.749200,59.981205
3.749300,59.976945
3.749400,59.984386
3.749500,59.996530
3.749600,59.990103
3.749700,59.984404
3.749800,59.977752
3.749900,59.977494
3.750000,59.963309
3.750100,59.976657
3.750200,59.973015
3.750300,59.969607
3.750400,59.974521
3.750500,59.978346
3.750600,59.979235
3.750700,59.978439
3.750800,59.978431
3.750900,59.978294
3.751000,59.977653
3.751100,59.977168
3.751200,59.978499
3.751300,59.978766
3.751400,59.977599
3.751500,59.978809
3.751600,59.978545
3.751700,59.977402
3.751800,59.978288
3.751900,59.979023
3.752000,59.978030
3.752100,59.977862
3.752200,59.978215
3.752300,59.978145
3.752400,59.978159
3.752500,59.978203
3.752600,59.978048
3.752700,59.978123
3.752800,59.978607
3.752900,59.978247
3.753000,59.978383
3.753100,59.978061
3.753200,59.978240
3.753300,59.977895
3.753400,59.977995
3.753500,59.977901
3.753600,59.977922
3.753700,59.978102
3.753800,59.977729
3.753900,59.977921
3.754000,59.978391
3.754100,59.978166
3.754200,59.977949
3.754300,59.978651
3.754400,59.978031
3.754500,59.977665
3.754600,59.978241
3.754700,59.978194
3.754800,59.977956
3.754900,59.977882
3.755000,59.978313
3.755100,59.978161
3.755200,59.977888
3.755300,59.977702
3.755400,59.977725
3.755500,59.977574
3.755600,59.977429
3.755700,59.977519
3.755800,59.977728
3.755900,59.977076
3.756000,59.978460
3.756100,59.978873
3.756200,59.978487
3.756300,59.979263
3.756400,59.978085
3.756500,59.978377
3.756600,59.977636
3.756700,59.976908
3.756800,59.977240
3.756900,59.977829
3.757000,59.979263
3.757100,59.979612
3.757200,59.979065
3.757300,59.983659
3.757400,59.983579
3.757500,59.984270
3.757600,59.975846
3.757700,59.967904
3.757800,59.969040
3.757900,59.968078
3.758000,59.960462
3.758100,59.975176
3.758200,59.980933
3.758300,59.980356
3.758400,59.986785
3.758500,59.991175
3.758600,59.988687
3.758700,59.977559
3.758800,59.985232
3.758900,59.982553
3.759000,59.983137
3.759100,59.982645
3.759200,59.981734
3.759300,59.980995
3.759400,59.981043
3.759500,59.982250
3.759600,59.981886
3.759700,59.981477
3.759800,59.982430
3.759900,59.981785
3.760000,59.981962
3.760100,59.982003
3.760200,59.981885
3.760300,59.981511
3.760400,59.981238
3.760500,59.981147
3.760600,59.981180
3.760700,59.981171
3.760800,59.981505
3.760900,59.981893
3.761000,59.981831
3.761100,59.981636
3.761200,59.981656
3.761300,59.982161
3.761400,59.981794
3.761500,59.981906
3.761600,59.981659
3.761700,59.981712
3.761800,59.981810
3.761900,59.981854
3.762000,59.981850
3.762100,59.981408
3.762200,59.981648
3.762300,59.981558
3.762400,59.981742
3.762500,59.981999
3.762600,59.981800
3.762700,59.981614
3.762800,59.981568
3.762900,59.981797
3.763000,59.982598
3.763100,59.982240
3.763200,59.982109
3.763300,59.981661
3.763400,59.981786
3.763500,59.981588
3.763600,59.981974
3.763700,59.981374
3.763800,59.982019
3.763900,59.982517
3.764000,59.981309
3.764100,59.981506
3.764200,59.982076
3.764300,59.981139
3.764400,59.981869
3.764500,59.983311
3.764600,59.982044
3.764700,59.980869
3.764800,59.982218
3.764900,59.982285
3.765000,59.983227
3.765100,59.982695
3.765200,59.982682
3.765300,59.979021
3.765400,59.982930
3.765500,59.983677
3.765600,59.984876
3.765700,59.981606
3.765800,59.981981
3.765900,59.979831
3.766000,59.985358
3.766100,59.987028
3.766200,59.997949
3.766300,59.988741
3.766400,59.996425
3.766500,60.011597
3.766600,60.032551
3.766700,60.017266
3.766800,60.038472
3.766900,60.032002
3.767000,60.029106
3.767100,60.037950
3.767200,60.036333
3.767300,60.033964
3.767400,60.033888
3.767500,60.034038
3.767600,60.034212
3.767700,60.032447
3.767800,60.034013
3.767900,60.033633
3.768000,60.033523
3.768100,60.034363
3.768200,60.033589
3.768300,60.033584
3.768400,60.032994
3.768500,60.033641
3.768600,60.033281
3.768700,60.033166
3.768800,60.033220
3.768900,60.032945
3.769000,60.033356
3.769100,60.032728
3.769200,60.032902
3.769300,60.033172
3.769400,60.033353
3.769500,60.032851
3.769600,60.032832
3.769700,60.032334
3.769800,60.032576
3.769900,60.032812
3.770000,60.033236
3.770100,60.032802
3.770200,60.033368
3.770300,60.032907
3.770400,60.033038
3.770500,60.032985
3.770600,60.033229
3.770700,60.032612
3.770800,60.032851
3.770900,60.033140
3.771000,60.032948
3.771100,60.032954
3.771200,60.033219
3.771300,60.033234
3.771400,60.033412
3.771500,60.033500
3.771600,60.033075
3.771700,60.032960
3.771800,60.032636
3.771900,60.033175
3.772000,60.032753
3.772100,60.032842
3.772200,60.032690
3.772300,60.033176
3.772400,60.033522
3.772500,60.033673
3.772600,60.032508
3.772700,60.033670
3.772800,60.032978
3.772900,60.033749
3.773000,60.031659
3.773100,60.033188
3.773200,60.033027
3.773300,60.034637
3.773400,60.033316
3.773500,60.033342
3.773600,60.031620
3.773700,60.032211
3.773800,60.033482
3.773900,60.035139
3.774000,60.030180
3.774100,60.036326
3.774200,60.038348
3.774300,60.040079
3.774400,60.030013
3.774500,60.029930
3.774600,60.015694
3.774700,60.018224
3.774800,60.002393
3.774900,60.008715
3.775000,60.004575
3.775100,60.015166
3.775200,60.020020
3.775300,60.015342
3.775400,60.013958
3.775500,60.020536
3.775600,60.020479
3.775700,60.020517
3.775800,60.020535
3.775900,60.020250
3.776000,60.021395
3.776100,60.023346
3.776200,60.023404
3.776300,60.024042
3.776400,60.025024
3.776500,60.024754
3.776600,60.024719
3.776700,60.024457
3.776800,60.024448
3.776900,60.024711
3.777000,60.024985
3.777100,60.024103
3.777200,60.024377
3.777300,60.025146
3.777400,60.024535
3.777500,60.024532
3.777600,60.024360
3.777700,60.023933
3.777800,60.024277
3.777900,60.024179
3.778000,60.024170
3.778100,60.024507
3.778200,60.024278
3.778300,60.024294
3.778400,60.024424
3.778500,60.024006
3.778600,60.024571
3.778700,60.024302
3.778800,60.024424
3.778900,60.024907
3.779000,60.024956
3.779100,60.024905
3.779200,60.024381
3.779300,60.024147
3.779400,60.024230
3.779500,60.024484
3.779600,60.024342
3.779700,60.024894
3.779800,60.024238
3.779900,60.024282
3.780000,60.024453
3.780100,60.024655
3.780200,60.024994
3.780300,60.024417
3.780400,60.024833
3.780500,60.024776
3.780600,60.024992
3.780700,60.024100
3.780800,60.024434
3.780900,60.024262
3.781000,60.023832
3.781100,60.024085
3.781200,60.023771
3.781300,60.025534
3.781400,60.024517
3.781500,60.023440
3.781600,60.025516
3.781700,60.025703
3.781800,60.024702
3.781900,60.024673
3.782000,60.027323
3.782100,60.027388
3.782200,60.025635
3.782300,60.022037
3.782400,60.023047
3.782500,60.022319
3.782600,60.029978
3.782700,60.020605
3.782800,60.017940
3.782900,60.030198
3.783000,60.021929
3.783100,60.008204
3.783200,60.012326
3.783300,60.000594
3.783400,59.993316
3.783500,59.996986
3.783600,60.001027
3.783700,59.996712
3.783800,59.996234
3.783900,59.990689
3.784000,59.993181
3.784100,59.993486
3.784200,59.993782
3.784300,59.993074
3.784400,59.992518
3.784500,59.992230
3.784600,59.991916
3.784700,59.992536
3.784800,59.993317
3.784900,59.993260
3.785000,59.992979
3.785100,59.993262
3.785200,59.992924
3.785300,59.992968
3.785400,59.992627
3.785500,59.992024
3.785600,59.991748
3.785700,59.992406
3.785800,59.992610
3.785900,59.992664
3.786000,59.992734
3.786100,59.993019
3.786200,59.992650
3.786300,59.992844
3.786400,59.992826
3.786500,59.992691
3.786600,59.992477
3.786700,59.992797
3.786800,59.992621
3.786900,59.992593
3.787000,59.993021
3.787100,59.992928
3.787200,59.992522
3.787300,59.992944
3.787400,59.992541
3.787500,59.992546
3.787600,59.992475
3.787700,59.992921
3.787800,59.993019
3.787900,59.993090
3.788000,59.992402
3.788100,59.992466
3.788200,59.992728
3.788300,59.992523
3.788400,59.992455
3.788500,59.993272
3.788600,59.993351
3.788700,59.993198
3.788800,59.992927
3.788900,59.993086
3.789000,59.992821
3.789100,59.992053
3.789200,59.992579
3.789300,59.992729
3.789400,59.992159
3.789500,59.992768
3.789600,59.992995
3.789700,59.992271
3.789800,59.991174
3.789900,59.992741
3.790000,59.994287
3.790100,59.993446
3.790200,59.993345
3.790300,59.993547
3.790400,59.992535
3.790500,59.991912
3.790600,59.992688
3.790700,59.994342
3.790800,59.994517
3.790900,59.998096
3.791000,59.995598
3.791100,60.003284
3.791200,60.015675
3.791300,60.011564
3.791400,59.998890
3.791500,59.994517
3.791600,59.999252
3.791700,59.998847
3.791800,60.004180
3.791900,60.001954
3.792000,59.989033
3.792100,59.980896
3.792200,59.985240
3.792300,59.985318
3.792400,59.986103
3.792500,59.985805
3.792600,59.986390
3.792700,59.984752
3.792800,59.985300
3.792900,59.986210
3.793000,59.985284
3.793100,59.986185
3.793200,59.985079
3.793300,59.984924
3.793400,59.985664
3.793500,59.985327
3.793600,59.985348
3.793700,59.985297
3.793800,59.985300
3.793900,59.985107
3.794000,59.985140
3.794100,59.985073
3.794200,59.984978
3.794300,59.984962
3.794400,59.985028
3.794500,59.984838
3.794600,59.985348
3.794700,59.984975
3.794800,59.985266
3.794900,59.985598
3.795000,59.985376
3.795100,59.985392
3.795200,59.985257
3.795300,59.985118
3.795400,59.985334
3.795500,59.985459
3.795600,59.985099
3.795700,59.984814
3.795800,59.985064
3.795900,59.985341
3.796000,59.985687
3.796100,59.985431
3.796200,59.985203
3.796300,59.985324
3.796400,59.985067
3.796500,59.985240
3.796600,59.985738
3.796700,59.985885
3.796800,59.986274
3.796900,59.985308
3.797000,59.985296
3.797100,59.985832
3.797200,59.985131
3.797300,59.985586
3.797400,59.985353
3.797500,59.984706
3.797600,59.985152
3.797700,59.985201
3.797800,59.984555
3.797900,59.984879
3.798000,59.985731
3.798100,59.984922
3.798200,59.985615
3.798300,59.984970
3.798400,59.986410
3.798500,59.986568
3.798600,59.985185
3.798700,59.984652
3.798800,59.981491
3.798900,59.985215
3.799000,59.984641
3.799100,59.987455
3.799200,59.984061
3.799300,59.983888
3.799400,59.988022
3.799500,59.998723
3.799600,59.988107
3.799700,59.978209
3.799800,59.978673
3.799900,59.977743
3.800000,59.992707
3.800100,59.999461
3.800200,59.999297
3.800300,60.007705
3.800400,60.000427
3.800500,60.006125
3.800600,60.006056
3.800700,60.005358
3.800800,60.005786
3.800900,60.005909
3.801000,60.004121
3.801100,60.005232
3.801200,60.003840
3.801300,60.004669
3.801400,60.004181
3.801500,60.005148
3.801600,60.004519
3.801700,60.004717
3.801800,60.003945
3.801900,60.004525
3.802000,60.004511
3.802100,60.004858
3.802200,60.004943
3.802300,60.004411
3.802400,60.004338
3.802500,60.004220
3.802600,60.004789
3.802700,60.004484
3.802800,60.004408
3.802900,60.004290
3.803000,60.004339
3.803100,60.004309
3.803200,60.004394
3.803300,60.004580
3.803400,60.004590
3.803500,60.004335
3.803600,60.004796
3.803700,60.004598
3.803800,60.004680
3.803900,60.004176
3.804000,60.004391
3.804100,60.004118
3.804200,60.004784
3.804300,60.004413
3.804400,60.004678
3.804500,60.004707
3.804600,60.004163
3.804700,60.004909
3.804800,60.004637
3.804900,60.004490
3.805000,60.003918
3.805100,60.004133
3.805200,60.004232
3.805300,60.004561
3.805400,60.004110
3.805500,60.004911
3.805600,60.005100
3.805700,60.004847
3.805800,60.004303
3.805900,60.004717
3.806000,60.005164
3.806100,60.004854
3.806200,60.004385
3.806300,60.004114
3.806400,60.005849
3.806500,60.004929
3.806600,60.004984
3.806700,60.004897
3.806800,60.002189
3.806900,60.000783
3.807000,60.003441
3.807100,60.003976
3.807200,60.008589
3.807300,60.009658
3.807400,60.003727
3.807500,60.000732
3.807600,60.000787
3.807700,59.998140
3.807800,60.004718
3.807900,60.003524
3.808000,60.003418
3.808100,59.986550
3.808200,59.991676
3.808300,60.006933
3.808400,60.016274
3.808500,60.014981
3.808600,60.018656
3.808700,60.013727
3.808800,60.009280
3.808900,60.006771
3.809000,60.008975
3.809100,60.009142
3.809200,60.009841
3.809300,60.009704
3.809400,60.010570
3.809500,60.010531
3.809600,60.009787
3.809700,60.008180
3.809800,60.008613
3.809900,60.009712
3.810000,60.008854
3.810100,60.009436
3.810200,60.010049
3.810300,60.009758
3.810400,60.009130
3.810500,60.009172
3.810600,60.009512
3.810700,60.009497
3.810800,60.009258
3.810900,60.009188
3.811000,60.009541
3.811100,60.009513
3.811200,60.009749
3.811300,60.009315
3.811400,60.009250
3.811500,60.009328
3.811600,60.009637
3.811700,60.009995
3.811800,60.009748
3.811900,60.009492
3.812000,60.009311
3.812100,60.009358
3.812200,60.009115
3.812300,60.009332
3.812400,60.009251
3.812500,60.009281
3.812600,60.009821
3.812700,60.009682
3.812800,60.008939
3.812900,60.009154
3.813000,60.009028
3.813100,60.009484
3.813200,60.008859
3.813300,60.009271
3.813400,60.009306
3.813500,60.009894
3.813600,60.010312
3.813700,60.010149
3.813800,60.009875
3.813900,60.009377
3.814000,60.009756
3.814100,60.009976
3.814200,60.010023
3.814300,60.010669
3.814400,60.009885
3.814500,60.008452
3.814600,60.009659
3.814700,60.010035
3.814800,60.008050
3.814900,60.010294
3.815000,60.009989
3.815100,60.010984
3.815200,60.013239
3.815300,60.010303
3.815400,60.012724
3.815500,60.015704
3.815600,60.011012
3.815700,60.011112
3.815800,60.005945
3.815900,60.011715
3.816000,60.010369
3.816100,60.001184
3.816200,59.996655
3.816300,60.001070
3.816400,60.018079
3.816500,60.005700
3.816600,60.015989
3.816700,60.018986
3.816800,59.997062
3.816900,60.000900
3.817000,60.002837
3.817100,59.996190
3.817200,59.996295
3.817300,59.998669
3.817400,60.000138
3.817500,60.000007
3.817600,59.999593
3.817700,60.000111
3.817800,59.999673
3.817900,60.000230
3.818000,59.999796
3.818100,59.999413
3.818200,59.999865
3.818300,59.999770
3.818400,59.999669
3.818500,60.000263
3.818600,60.000879
3.818700,60.000581
3.818800,60.000191
3.818900,59.999869
3.819000,59.999965
3.819100,60.000350
3.819200,60.000165
3.819300,60.000352
3.819400,60.000115
3.819500,60.000088
3.819600,60.000117
3.819700,59.999909
3.819800,60.000239
3.819900,59.999980
3.820000,60.000092
3.820100,59.999750
3.820200,59.999941
3.820300,59.999870
3.820400,60.000339
3.820500,60.000238
3.820600,59.999962
3.820700,59.999718
3.820800,59.999898
3.820900,60.000054
3.821000,60.000129
3.821100,60.000258
3.821200,60.000451
3.821300,60.000388
3.821400,59.999976
3.821500,60.000136
3.821600,59.999944
3.821700,60.000434
3.821800,60.000080
3.821900,60.000053
3.822000,59.999754
3.822100,60.000176
3.822200,59.999630
3.822300,60.000298
3.822400,59.999973
3.822500,60.000628
3.822600,60.000860
3.822700,60.000697
3.822800,60.000304
3.822900,60.000406
3.823000,60.001410
3.823100,59.999293
3.823200,59.999201
3.823300,59.998867
3.823400,60.000387
3.823500,60.000951
3.823600,60.000868
3.823700,60.001872
3.823800,60.005341
3.823900,60.002881
3.824000,60.004616
3.824100,59.997737
3.824200,59.993505
3.824300,59.988828
3.824400,59.985663
3.824500,59.988006
3.824600,59.999736
3.824700,59.990502
3.824800,59.991192
3.824900,60.010629
3.825000,60.017081
3.825100,60.026802
3.825200,60.044989
3.825300,60.036191
3.825400,60.025761
3.825500,60.021804
3.825600,60.019778
3.825700,60.020999
3.825800,60.021002
3.825900,60.021512
3.826000,60.019906
3.826100,60.021091
3.826200,60.021763
3.826300,60.022126
3.826400,60.022033
3.826500,60.021618
3.826600,60.021839
3.826700,60.021571
3.826800,60.022240
3.826900,60.021573
3.827000,60.021809
3.827100,60.021589
3.827200,60.021441
3.827300,60.021435
3.827400,60.021261
3.827500,60.021501
3.827600,60.021416
3.827700,60.021218
3.827800,60.021799
3.827900,60.021224
3.828000,60.021683
3.828100,60.021483
3.828200,60.021528
3.828300,60.021684
3.828400,60.021635
3.828500,60.021543
3.828600,60.021612
3.828700,60.021523
3.828800,60.021153
3.828900,60.021688
3.829000,60.021758
3.829100,60.021626
3.829200,60.022010
3.829300,60.022146
3.829400,60.021455
3.829500,60.021322
3.829600,60.021741
3.829700,60.021628
3.829800,60.021519
3.829900,60.021407
3.830000,60.021318
3.830100,60.021551
3.830200,60.021836
3.830300,60.021923
3.830400,60.022001
3.830500,60.021988
3.830600,60.020785
3.830700,60.020488
3.830800,60.021984
3.830900,60.022331
3.831000,60.022466
3.831100,60.021609
3.831200,60.022042
3.831300,60.023431
3.831400,60.022593
3.831500,60.022805
3.831600,60.020423
3.831700,60.020026
3.831800,60.019983
3.831900,60.020269
3.832000,60.021892
3.832100,60.017940
3.832200,60.016909
3.832300,60.022510
3.832400,60.023241
3.832500,60.027147
3.832600,60.027396
3.832700,60.019392
3.832800,60.029393
3.832900,60.028120
3.833000,60.015470
3.833100,60.025547
3.833200,60.014768
3.833300,60.035790
3.833400,60.041154
3.833500,60.035365
3.833600,60.037146
3.833700,60.031737
3.833800,60.037689
3.833900,60.032668
3.834000,60.031412
3.834100,60.031869
3.834200,60.032065
3.834300,60.032063
3.834400,60.030905
3.834500,60.032322
3.834600,60.031618
3.834700,60.031444
3.834800,60.030627
3.834900,60.030550
3.835000,60.031630
3.835100,60.031045
3.835200,60.030891
3.835300,60.030839
3.835400,60.030874
3.835500,60.030735
3.835600,60.030309
3.835700,60.030585
3.835800,60.031151
3.835900,60.030919
3.836000,60.031177
3.836100,60.030901
3.836200,60.030487
3.836300,60.030892
3.836400,60.030904
3.836500,60.030949
3.836600,60.031004
3.836700,60.031273
3.836800,60.030609
3.836900,60.030551
3.837000,60.031199
3.837100,60.031008
3.837200,60.031295
3.837300,60.031140
3.837400,60.031115
3.837500,60.030903
3.837600,60.030815
3.837700,60.030530
3.837800,60.030669
3.837900,60.031326
3.838000,60.031152
3.838100,60.031107
3.838200,60.031402
3.838300,60.031257
3.838400,60.031401
3.838500,60.031609
3.838600,60.030696
3.838700,60.030976
3.838800,60.030737
3.838900,60.031207
3.839000,60.031373
3.839100,60.030881
3.839200,60.031129
3.839300,60.031304
3.839400,60.031342
3.839500,60.030431
3.839600,60.030361
3.839700,60.030681
3.839800,60.030813
3.839900,60.030133
3.840000,60.030127
3.840100,60.026962
3.840200,60.028491
3.840300,60.029777
3.840400,60.030979
3.840500,60.026328
3.840600,60.026806
3.840700,60.021908
3.840800,60.029635
3.840900,60.026953
3.841000,60.033561
3.841100,60.040180
3.841200,60.036520
3.841300,60.035555
3.841400,60.031762
3.841500,60.036539
3.841600,60.024131
3.841700,60.016424
3.841800,60.026488
3.841900,60.026423
3.842000,60.013321
3.842100,60.011514
3.842200,60.011094
3.842300,60.010162
3.842400,60.010665
3.842500,60.010496
3.842600,60.010268
3.842700,60.010286
3.842800,60.009851
3.842900,60.010216
3.843000,60.011493
3.843100,60.011157
3.843200,60.011072
3.843300,60.011563
3.843400,60.010627
3.843500,60.011302
3.843600,60.010841
3.843700,60.010464
3.843800,60.010080
3.843900,60.010191
3.844000,60.010461
3.844100,60.011098
3.844200,60.011240
3.844300,60.010796
3.844400,60.010760
3.844500,60.010882
3.844600,60.010816
3.844700,60.011046
3.844800,60.010535
3.844900,60.010467
3.845000,60.010628
3.845100,60.010847
3.845200,60.010477
3.845300,60.010858
3.845400,60.010610
3.845500,60.010932
3.845600,60.011050
3.845700,60.010914
3.845800,60.011056
3.845900,60.010904
3.846000,60.010998
3.846100,60.010667
3.846200,60.010913
3.846300,60.010970
3.846400,60.011014
3.846500,60.010585
3.846600,60.010997
3.846700,60.010287
3.846800,60.010289
3.846900,60.010378
3.847000,60.011364
3.847100,60.010822
3.847200,60.009779
3.847300,60.010886
3.847400,60.010645
3.847500,60.009701
3.847600,60.009796
3.847700,60.010947
3.847800,60.011431
3.847900,60.011277
3.848000,60.011166
3.848100,60.011167
3.848200,60.011278
3.848300,60.011171
3.848400,60.010859
3.848500,60.007893
3.848600,60.006962
3.848700,60.011269
3.848800,60.010094
3.848900,60.011466
3.849000,60.007867
3.849100,60.014041
3.849200,60.013303
3.849300,60.006973
3.849400,59.999743
3.849500,60.003998
3.849600,59.997026
3.849700,59.982985
3.849800,59.978593
3.849900,59.965520
3.850000,59.958724
3.850100,59.938070
3.850200,59.934161
3.850300,59.935887
3.850400,59.944366
3.850500,59.947324
3.850600,59.944629
3.850700,59.944508
3.850800,59.944466
3.850900,59.944305
3.851000,59.944606
3.851100,59.944037
3.851200,59.944359
3.851300,59.943323
3.851400,59.943332
3.851500,59.944304
3.851600,59.943022
3.851700,59.943287
3.851800,59.943622
3.851900,59.943508
3.852000,59.943579
3.852100,59.942751
3.852200,59.943257
3.852300,59.943613
3.852400,59.943574
3.852500,59.943217
3.852600,59.942990
3.852700,59.943429
3.852800,59.943127
3.852900,59.942928
3.853000,59.942960
3.853100,59.943105
3.853200,59.943262
3.853300,59.943007
3.853400,59.943009
3.853500,59.943005
3.853600,59.943170
3.853700,59.943229
3.853800,59.943091
3.853900,59.943449
3.854000,59.943549
3.854100,59.943179
3.854200,59.943204
3.854300,59.942845
3.854400,59.943069
3.854500,59.943159
3.854600,59.942784
3.854700,59.942080
3.854800,59.942841
3.854900,59.942822
3.855000,59.942821
3.855100,59.942531
3.855200,59.942670
3.855300,59.942637
3.855400,59.942799
3.855500,59.943959
3.855600,59.943769
3.855700,59.943192
3.855800,59.942535
3.855900,59.941746
3.856000,59.941716
3.856100,59.942096
3.856200,59.943017
3.856300,59.941932
3.856400,59.942341
3.856500,59.943440
3.856600,59.944795
3.856700,59.944252
3.856800,59.941215
3.856900,59.942882
3.857000,59.943740
3.857100,59.946043
3.857200,59.944900
3.857300,59.950202
3.857400,59.948979
3.857500,59.949423
3.857600,59.942384
3.857700,59.946190
3.857800,59.950211
3.857900,59.955499
3.858000,59.963670
3.858100,59.973684
3.858200,59.970183
3.858300,59.977273
3.858400,59.974639
3.858500,59.974007
3.858600,59.967647
3.858700,59.975055
3.858800,59.969619
3.858900,59.973713
3.859000,59.977465
3.859100,59.978522
3.859200,59.978483
3.859300,59.979175
3.859400,59.978284
3.859500,59.979457
3.859600,59.978471
3.859700,59.978248
3.859800,59.979148
3.859900,59.977823
3.860000,59.978550
3.860100,59.977950
3.860200,59.977835
3.860300,59.977761
3.860400,59.978335
3.860500,59.978363
3.860600,59.977931
3.860700,59.977960
3.860800,59.977873
3.860900,59.978002
3.861000,59.978143
3.861100,59.978339
3.861200,59.978415
3.861300,59.978418
3.861400,59.978041
3.861500,59.978221
3.861600,59.978286
3.861700,59.978025
3.861800,59.978269
3.861900,59.978551
3.862000,59.978206
3.862100,59.978167
3.862200,59.977880
3.862300,59.978041
3.862400,59.978100
3.862500,59.978450
3.862600,59.978014
3.862700,59.978286
3.862800,59.978534
3.862900,59.978307
3.863000,59.977477
3.863100,59.977971
3.863200,59.977855
3.863300,59.977821
3.863400,59.977645
3.863500,59.977605
3.863600,59.978479
3.863700,59.978794
3.863800,59.978059
3.863900,59.978413
3.864000,59.977934
3.864100,59.977659
3.864200,59.977408
3.864300,59.978567
3.864400,59.979157
3.864500,59.978978
3.864600,59.977599
3.864700,59.978440
3.864800,59.978966
3.864900,59.977964
3.865000,59.978496
3.865100,59.978761
3.865200,59.977156
3.865300,59.981047
3.865400,59.979563
3.865500,59.983788
3.865600,59.985037
3.865700,59.986856
3.865800,59.987677
3.865900,59.992344
3.866000,59.993114
3.866100,59.987960
3.866200,59.994495
3.866300,59.984119
3.866400,59.991932
3.866500,60.006419
3.866600,59.998524
3.866700,59.995141
3.866800,60.006309
3.866900,60.001751
3.867000,60.016966
3.867100,60.017287
3.867200,60.017682
3.867300,60.017294
3.867400,60.017390
3.867500,60.017398
3.867600,60.016848
3.867700,60.015301
3.867800,60.016227
3.867900,60.017430
3.868000,60.017101
3.868100,60.017579
3.868200,60.017601
3.868300,60.017422
3.868400,60.017010
3.868500,60.016891
3.868600,60.017489
3.868700,60.017340
3.868800,60.017971
3.868900,60.017237
3.869000,60.017293
3.869100,60.017349
3.869200,60.017525
3.869300,60.017381
3.869400,60.017055
3.869500,60.017445
3.869600,60.017273
3.869700,60.017097
3.869800,60.017172
3.869900,60.016741
3.870000,60.017352
3.870100,60.017593
3.870200,60.017069
3.870300,60.017130
3.870400,60.017424
3.870500,60.017485
3.870600,60.017587
3.870700,60.017591
3.870800,60.016870
3.870900,60.017127
3.871000,60.017082
3.871100,60.017359
3.871200,60.016919
3.871300,60.016839
3.871400,60.017155
3.871500,60.017305
3.871600,60.017623
3.871700,60.017643
3.871800,60.017652
3.871900,60.017794
3.872000,60.017403
3.872100,60.017417
3.872200,60.017234
3.872300,60.016474
3.872400,60.017483
3.872500,60.018206
3.872600,60.017579
3.872700,60.017535
3.872800,60.017281
3.872900,60.017927
3.873000,60.017430
3.873100,60.016467
3.873200,60.016531
3.873300,60.017162
3.873400,60.016355
3.873500,60.016484
3.873600,60.018099
3.873700,60.016692
3.873800,60.019184
3.873900,60.017592
3.874000,60.019579
3.874100,60.018308
3.874200,60.021508
3.874300,60.018184
3.874400,60.018563
3.874500,60.008138
3.874600,59.999186
3.874700,60.011301
3.874800,60.000775
3.874900,60.019774
3.875000,60.027375
3.875100,60.029305
3.875200,60.029378
3.875300,60.024429
3.875400,60.015670
3.875500,60.021396
3.875600,60.020941
3.875700,60.018761
3.875800,60.018994
3.875900,60.018920
3.876000,60.018971
3.876100,60.019872
3.876200,60.020698
3.876300,60.021684
3.876400,60.020680
3.876500,60.019330
3.876600,60.020261
3.876700,60.019827
3.876800,60.019701
3.876900,60.020121
3.877000,60.019913
3.877100,60.019944
3.877200,60.020021
3.877300,60.019597
3.877400,60.019625
3.877500,60.019931
3.877600,60.019638
3.877700,60.019615
3.877800,60.019539
3.877900,60.019704
3.878000,60.019513
3.878100,60.019365
3.878200,60.019384
3.878300,60.019736
3.878400,60.019643
3.878500,60.019860
3.878600,60.019800
3.878700,60.019498
3.878800,60.020119
3.878900,60.020103
3.879000,60.019667
3.879100,60.019475
3.879200,60.019836
3.879300,60.019583
3.879400,60.019761
3.879500,60.019627
3.879600,60.019735
3.879700,60.019953
3.879800,60.019443
3.879900,60.019728
3.880000,60.020187
3.880100,60.020222
3.880200,60.019876
3.880300,60.019301
3.880400,60.019851
3.880500,60.020645
3.880600,60.020317
3.880700,60.019814
3.880800,60.020245
3.880900,60.019180
3.881000,60.019279
3.881100,60.019851
3.881200,60.018988
3.881300,60.019965
3.881400,60.018362
3.881500,60.018976
3.881600,60.019598
3.881700,60.019770
3.881800,60.019774
3.881900,60.021928
3.882000,60.018515
3.882100,60.016830
3.882200,60.017062
3.882300,60.017261
3.882400,60.018405
3.882500,60.017263
3.882600,60.009691
3.882700,60.012150
3.882800,60.023287
3.882900,60.024564
3.883000,60.027772
3.883100,60.020483
3.883200,60.000824
3.883300,60.008789
3.883400,59.993381
3.883500,59.976679
3.883600,59.990353
3.883700,59.996280
3.883800,59.988234
3.883900,59.993356
3.884000,59.993497
3.884100,59.992454
3.884200,59.992606
3.884300,59.992377
3.884400,59.991509
3.884500,59.990274
3.884600,59.990967
3.884700,59.990306
3.884800,59.990798
3.884900,59.991010
3.885000,59.991214
3.885100,59.991301
3.885200,59.991484
3.885300,59.991844
3.885400,59.992091
3.885500,59.991894
3.885600,59.991708
3.885700,59.991530
3.885800,59.991536
3.885900,59.991820
3.886000,59.991428
3.886100,59.991242
3.886200,59.991486
3.886300,59.991290
3.886400,59.991189
3.886500,59.991176
3.886600,59.991019
3.886700,59.991563
3.886800,59.991627
3.886900,59.991712
3.887000,59.991465
3.887100,59.991110
3.887200,59.991505
3.887300,59.991341
3.887400,59.991720
3.887500,59.991624
3.887600,59.991762
3.887700,59.991570
3.887800,59.991720
3.887900,59.990932
3.888000,59.991295
3.888100,59.991401
3.888200,59.990960
3.888300,59.991738
3.888400,59.991176
3.888500,59.991835
3.888600,59.991665
3.888700,59.991872
3.888800,59.991270
3.888900,59.991005
3.889000,59.990909
3.889100,59.991188
3.889200,59.991856
3.889300,59.991593
3.889400,59.992397
3.889500,59.991568
3.889600,59.991613
3.889700,59.991389
3.889800,59.992989
3.889900,59.992418
3.890000,59.992208
3.890100,59.992238
3.890200,59.993078
3.890300,59.989381
3.890400,59.986997
3.890500,59.989235
3.890600,59.985662
3.890700,59.987578
3.890800,59.994871
3.890900,59.987721
3.891000,59.989702
3.891100,59.991060
3.891200,59.999103
3.891300,59.999319
3.891400,60.007573
3.891500,60.019156
3.891600,60.024033
3.891700,60.006047
3.891800,60.012865
3.891900,60.013680
3.892000,59.999601
3.892100,60.001113
3.892200,60.003924
3.892300,60.005778
3.892400,60.006781
3.892500,60.006754
3.892600,60.007466
3.892700,60.009111
3.892800,60.008012
3.892900,60.009850
3.893000,60.010307
3.893100,60.008835
3.893200,60.009874
3.893300,60.010122
3.893400,60.009306
3.893500,60.008791
3.893600,60.009189
3.893700,60.009131
3.893800,60.008780
3.893900,60.009308
3.894000,60.009039
3.894100,60.009096
3.894200,60.008961
3.894300,60.009040
3.894400,60.008883
3.894500,60.009011
3.894600,60.008659
3.894700,60.008862
3.894800,60.008713
3.894900,60.008693
3.895000,60.008627
3.895100,60.008462
3.895200,60.009060
3.895300,60.009032
3.895400,60.009143
3.895500,60.008578
3.895600,60.008961
3.895700,60.008915
3.895800,60.009110
3.895900,60.008550
3.896000,60.008550
3.896100,60.008682
3.896200,60.008483
3.896300,60.008736
3.896400,60.008666
3.896500,60.008897
3.896600,60.008223
3.896700,60.008903
3.896800,60.008949
3.896900,60.009160
3.897000,60.009522
3.897100,60.008409
3.897200,60.008310
3.897300,60.009063
3.897400,60.008714
3.897500,60.008820
3.897600,60.009683
3.897700,60.009401
3.897800,60.009022
3.897900,60.009388
3.898000,60.008142
3.898100,60.009638
3.898200,60.008932
3.898300,60.009999
3.898400,60.010600
3.898500,60.011421
3.898600,60.008962
3.898700,60.009348
3.898800,60.006986
3.898900,60.007499
3.899000,60.012201
3.899100,60.012931
3.899200,60.006899
3.899300,60.010457
3.899400,60.009494
3.899500,60.008315
3.899600,59.996773
3.899700,60.004988
3.899800,60.005527
3.899900,60.019758
3.900000,60.015751
3.900100,60.003780
3.900200,60.009143
3.900300,60.019587
3.900400,60.008814
3.900500,60.015780
3.900600,60.013071
3.900700,60.012857
3.900800,60.013100
3.900900,60.012889
3.901000,60.012355
3.901100,60.013992
3.901200,60.015489
3.901300,60.015551
3.901400,60.014563
3.901500,60.015346
3.901600,60.015182
3.901700,60.014109
3.901800,60.014331
3.901900,60.015247
3.902000,60.014876
3.902100,60.015208
3.902200,60.015455
3.902300,60.015110
3.902400,60.015309
3.902500,60.015378
3.902600,60.015196
3.902700,60.014577
3.902800,60.015128
3.902900,60.015081
3.903000,60.015116
3.903100,60.014893
3.903200,60.015261
3.903300,60.014661
3.903400,60.014763
3.903500,60.014534
3.903600,60.014585
3.903700,60.014648
3.903800,60.014726
3.903900,60.014721
3.904000,60.014951
3.904100,60.014578
3.904200,60.014817
3.904300,60.014616
3.904400,60.015365
3.904500,60.014998
3.904600,60.014673
3.904700,60.015505
3.904800,60.015295
3.904900,60.014993
3.905000,60.014071
3.905100,60.015132
3.905200,60.014962
3.905300,60.014300
3.905400,60.013812
3.905500,60.014425
3.905600,60.014813
3.905700,60.015904
3.905800,60.015334
3.905900,60.015600
3.906000,60.015485
3.906100,60.015657
3.906200,60.015297
3.906300,60.015397
3.906400,60.014082
3.906500,60.014607
3.906600,60.014063
3.906700,60.015183
3.906800,60.014570
3.906900,60.015643
3.907000,60.015358
3.907100,60.017641
3.907200,60.012914
3.907300,60.011580
3.907400,60.010641
3.907500,60.014290
3.907600,60.005872
3.907700,60.010637
3.907800,60.013192
3.907900,60.000904
3.908000,60.001220
3.908100,60.014065
3.908200,60.015470
3.908300,60.001080
3.908400,59.991236
3.908500,59.995327
3.908600,59.990292
3.908700,59.987859
3.908800,59.983375
3.908900,59.986073
3.909000,59.986162
3.909100,59.987225
3.909200,59.987228
3.909300,59.987202
3.909400,59.987196
3.909500,59.986446
3.909600,59.988274
3.909700,59.988431
3.909800,59.988075
3.909900,59.987766
3.910000,59.987473
3.910100,59.987862
3.910200,59.988005
3.910300,59.987914
3.910400,59.988015
3.910500,59.988392
3.910600,59.988414
3.910700,59.988187
3.910800,59.987698
3.910900,59.988137
3.911000,59.987796
3.911100,59.987952
3.911200,59.988358
3.911300,59.988223
3.911400,59.988389
3.911500,59.988316
3.911600,59.988481
3.911700,59.988375
3.911800,59.987761
3.911900,59.987738
3.912000,59.988172
3.912100,59.988118
3.912200,59.987714
3.912300,59.987739
3.912400,59.987862
3.912500,59.987950
3.912600,59.987548
3.912700,59.987642
3.912800,59.987598
3.912900,59.987598
3.913000,59.987090
3.913100,59.986973
3.913200,59.987989
3.913300,59.988597
3.913400,59.987862
3.913500,59.987683
3.913600,59.988843
3.913700,59.988423
3.913800,59.988587
3.913900,59.988177
3.914000,59.987689
3.914100,59.988011
3.914200,59.988242
3.914300,59.987353
3.914400,59.986465
3.914500,59.988540
3.914600,59.989437
3.914700,59.989410
3.914800,59.990424
3.914900,59.989418
3.915000,59.989453
3.915100,59.989247
3.915200,59.987876
3.915300,59.987161
3.915400,59.986120
3.915500,59.989731
3.915600,59.990626
3.915700,59.988899
3.915800,59.989448
3.915900,59.993916
3.916000,59.990654
3.916100,60.002142
3.916200,60.003010
3.916300,59.999029
3.916400,60.010860
3.916500,60.001999
3.916600,60.006257
3.916700,59.984525
3.916800,59.991137
3.916900,59.991378
3.917000,59.993744
3.917100,59.997086
3.917200,60.004448
3.917300,60.003842
3.917400,60.003322
3.917500,60.003230
3.917600,60.003059
3.917700,60.002786
3.917800,60.002847
3.917900,60.003222
3.918000,60.004410
3.918100,60.002592
3.918200,60.002039
3.918300,60.001776
3.918400,60.002222
3.918500,60.002242
3.918600,60.001739
3.918700,60.002166
3.918800,60.002144
3.918900,60.002998
3.919000,60.002179
3.919100,60.002049
3.919200,60.001941
3.919300,60.001812
3.919400,60.002370
3.919500,60.001799
3.919600,60.001950
3.919700,60.001929
3.919800,60.002129
3.919900,60.002055
3.920000,60.001816
3.920100,60.002318
3.920200,60.002371
3.920300,60.002118
3.920400,60.002429
3.920500,60.001932
3.920600,60.002191
3.920700,60.001914
3.920800,60.002086
3.920900,60.002326
3.921000,60.001839
3.921100,60.002349
3.921200,60.002024
3.921300,60.002102
3.921400,60.002342
3.921500,60.002243
3.921600,60.002309
3.921700,60.002505
3.921800,60.002100
3.921900,60.002124
3.922000,60.002094
3.922100,60.002219
3.922200,60.001163
3.922300,60.002653
3.922400,60.002382
3.922500,60.001804
3.922600,60.001566
3.922700,60.000831
3.922800,60.001757
3.922900,60.001663
3.923000,60.001183
3.923100,60.002922
3.923200,60.003727
3.923300,60.002758
3.923400,60.001471
3.923500,60.002875
3.923600,60.001489
3.923700,59.999884
3.923800,60.001351
3.923900,59.997276
3.924000,59.999420
3.924100,60.003732
3.924200,60.009846
3.924300,60.005426
3.924400,60.011592
3.924500,60.010810
3.924600,60.011015
3.924700,59.997579
3.924800,60.004480
3.924900,59.991122
3.925000,59.999252
3.925100,59.999860
3.925200,60.008345
3.925300,59.997644
3.925400,59.998247
3.925500,59.999663
3.925600,59.997570
3.925700,59.996332
3.925800,59.996372
3.925900,59.996556
3.926000,59.995776
3.926100,59.994947
3.926200,59.994663
3.926300,59.995027
3.926400,59.994783
3.926500,59.995165
3.926600,59.994997
3.926700,59.996199
3.926800,59.996431
3.926900,59.996318
3.927000,59.996603
3.927100,59.996249
3.927200,59.995995
3.927300,59.995656
3.927400,59.995855
3.927500,59.996207
3.927600,59.995547
3.927700,59.996062
3.927800,59.995381
3.927900,59.995387
3.928000,59.995314
3.928100,59.995588
3.928200,59.995508
3.928300,59.996013
3.928400,59.995568
3.928500,59.995518
3.928600,59.994935
3.928700,59.995080
3.928800,59.995023
3.928900,59.995565
3.929000,59.995484
3.929100,59.995664
3.929200,59.995440
3.929300,59.994726
3.929400,59.994845
3.929500,59.995115
3.929600,59.995263
3.929700,59.995672
3.929800,59.995804
3.929900,59.995590
3.930000,59.995541
3.930100,59.995283
3.930200,59.994865
3.930300,59.996005
3.930400,59.995907
3.930500,59.996259
3.930600,59.995595
3.930700,59.995555
3.930800,59.994444
3.930900,59.995693
3.931000,59.995016
3.931100,59.995328
3.931200,59.996485
3.931300,59.996498
3.931400,59.996952
3.931500,59.997667
3.931600,59.996061
3.931700,59.994079
3.931800,59.993783
3.931900,59.993282
3.932000,59.996604
3.932100,59.998574
3.932200,59.995134
3.932300,60.000720
3.932400,59.996687
3.932500,59.996929
3.932600,59.993474
3.932700,59.990546
3.932800,59.989971
3.932900,59.987797
3.933000,59.981811
3.933100,59.980030
3.933200,59.999532
3.933300,59.985471
3.933400,59.983406
3.933500,59.989576
3.933600,60.002896
3.933700,60.016174
3.933800,60.006244
3.933900,60.002559
3.934000,60.000356
3.934100,60.000138
3.934200,59.999796
3.934300,59.998988
3.934400,59.999009
3.934500,59.998981
3.934600,59.999478
3.934700,60.000242
3.934800,59.999149
3.934900,59.999983
3.935000,59.999793
3.935100,60.000539
3.935200,60.000534
3.935300,60.000438
3.935400,59.999962
3.935500,60.000004
3.935600,60.000193
3.935700,59.999766
3.935800,60.000252
3.935900,60.000082
3.936000,60.000108
3.936100,60.000079
3.936200,60.000019
3.936300,60.000026
3.936400,59.999589
3.936500,59.999801
3.936600,59.999923
3.936700,59.999639
3.936800,59.999815
3.936900,59.999665
3.937000,59.999573
3.937100,59.999905
3.937200,59.999678
3.937300,59.999982
3.937400,60.000164
3.937500,60.000182
3.937600,60.000343
3.937700,59.999941
3.937800,60.000342
3.937900,60.000212
3.938000,59.999537
3.938100,59.999603
3.938200,59.999585
3.938300,60.000266
3.938400,60.000216
3.938500,59.999586
3.938600,60.000087
3.938700,60.000464
3.938800,59.999945
3.938900,59.999947
3.939000,59.999922
3.939100,59.999902
3.939200,60.000470
3.939300,60.001150
3.939400,59.999485
3.939500,59.998672
3.939600,59.999000
3.939700,59.998963
3.939800,59.998608
3.939900,59.997100
3.940000,59.997854
3.940100,59.999542
3.940200,59.999156
3.940300,59.999547
3.940400,60.000220
3.940500,59.998373
3.940600,60.002278
3.940700,60.003753
3.940800,60.006035
3.940900,59.998054
3.941000,59.991932
3.941100,59.994520
3.941200,59.990166
3.941300,60.004553
3.941400,60.007015
3.941500,60.016543
3.941600,60.022938
3.941700,60.043460
3.941800,60.027885
3.941900,60.011171
3.942000,60.008936
3.942100,60.011022
3.942200,60.010751
3.942300,60.012979
3.942400,60.012488
3.942500,60.012619
3.942600,60.012597
3.942700,60.012878
3.942800,60.011361
3.942900,60.013003
3.943000,60.012356
3.943100,60.012299
3.943200,60.012086
3.943300,60.012147
3.943400,60.012323
3.943500,60.011683
3.943600,60.011391
3.943700,60.011655
3.943800,60.011104
3.943900,60.011613
3.944000,60.011971
3.944100,60.011429
3.944200,60.011502
3.944300,60.011271
3.944400,60.010916
3.944500,60.011470
3.944600,60.011432
3.944700,60.011708
3.944800,60.011929
3.944900,60.011522
3.945000,60.011975
3.945100,60.011695
3.945200,60.011792
3.945300,60.011810
3.945400,60.011757
3.945500,60.011429
3.945600,60.011597
3.945700,60.011580
3.945800,60.011815
3.945900,60.011488
3.946000,60.011621
3.946100,60.011186
3.946200,60.011111
3.946300,60.011259
3.946400,60.011395
3.946500,60.011178
3.946600,60.012144
3.946700,60.012046
3.946800,60.011529
3.946900,60.012041
3.947000,60.011387
3.947100,60.012297
3.947200,60.011377
3.947300,60.012036
3.947400,60.011830
3.947500,60.011607
3.947600,60.012571
3.947700,60.012085
3.947800,60.012295
3.947900,60.012156
3.948000,60.012394
3.948100,60.013086
3.948200,60.011453
3.948300,60.012138
3.948400,60.011671
3.948500,60.010644
3.948600,60.014347
3.948700,60.010564
3.948800,60.014537
3.948900,60.010643
3.949000,60.014479
3.949100,60.009418
3.949200,60.009860
3.949300,60.011982
3.949400,60.016545
3.949500,60.015973
3.949600,60.012817
3.949700,60.022778
3.949800,60.009840
3.949900,60.004754
3.950000,59.991167
3.950100,60.008885
3.950200,60.029159
3.950300,60.034058
3.950400,60.026599
3.950500,60.026666
3.950600,60.030499
3.950700,60.030001
3.950800,60.029590
3.950900,60.030316
3.951000,60.030780
3.951100,60.029860
3.951200,60.028917
3.951300,60.029677
3.951400,60.030302
3.951500,60.029798
3.951600,60.029418
3.951700,60.030336
3.951800,60.029808
3.951900,60.030318
3.952000,60.030291
3.952100,60.029973
3.952200,60.030355
3.952300,60.029996
3.952400,60.030317
3.952500,60.029973
3.952600,60.029964
3.952700,60.029751
3.952800,60.030186
3.952900,60.029770
3.953000,60.030103
3.953100,60.030233
3.953200,60.030169
3.953300,60.029929
3.953400,60.029825
3.953500,60.030171
3.953600,60.029935
3.953700,60.029890
3.953800,60.029901
3.953900,60.029883
3.954000,60.029716
3.954100,60.029966
3.954200,60.030446
3.954300,60.030094
3.954400,60.030729
3.954500,60.030188
3.954600,60.030003
3.954700,60.030092
3.954800,60.029649
3.954900,60.029203
3.955000,60.029686
3.955100,60.030133
3.955200,60.030168
3.955300,60.029289
3.955400,60.030559
3.955500,60.031015
3.955600,60.030686
3.955700,60.029946
3.955800,60.030641
3.955900,60.031002
3.956000,60.029304
3.956100,60.029308
3.956200,60.030062
3.956300,60.030394
3.956400,60.029629
3.956500,60.029084
3.956600,60.030450
3.956700,60.030351
3.956800,60.030655
3.956900,60.030435
3.957000,60.026746
3.957100,60.028962
3.957200,60.033721
3.957300,60.028165
3.957400,60.029813
3.957500,60.031276
3.957600,60.029466
3.957700,60.030479
3.957800,60.032980
3.957900,60.028492
3.958000,60.034050
3.958100,60.024245
3.958200,60.021901
3.958300,60.017008
3.958400,60.022756
3.958500,60.002002
3.958600,59.993204
3.958700,59.987071
3.958800,59.987923
3.958900,59.987972
3.959000,59.989258
3.959100,59.989639
3.959200,59.989520
3.959300,59.989579
3.959400,59.990039
3.959500,59.989324
3.959600,59.988795
3.959700,59.989223
3.959800,59.989075
3.959900,59.988265
3.960000,59.988009
3.960100,59.989082
3.960200,59.989557
3.960300,59.989670
3.960400,59.988717
3.960500,59.988841
3.960600,59.988449
3.960700,59.988452
3.960800,59.988318
3.960900,59.988121
3.961000,59.988493
3.961100,59.988623
3.961200,59.988591
3.961300,59.988689
3.961400,59.988385
3.961500,59.988376
3.961600,59.988458
3.961700,59.988918
3.961800,59.988653
3.961900,59.988812
3.962000,59.988213
3.962100,59.988411
3.962200,59.988613
3.962300,59.988569
3.962400,59.988629
3.962500,59.988410
3.962600,59.988880
3.962700,59.988416
3.962800,59.988537
3.962900,59.988449
3.963000,59.988443
3.963100,59.988225
3.963200,59.988004
3.963300,59.988286
3.963400,59.988032
3.963500,59.988826
3.963600,59.988754
3.963700,59.988322
3.963800,59.989096
3.963900,59.988067
3.964000,59.987827
3.964100,59.988239
3.964200,59.989007
3.964300,59.987845
3.964400,59.989074
3.964500,59.987256
3.964600,59.987216
3.964700,59.986974
3.964800,59.988216
3.964900,59.989069
3.965000,59.990980
3.965100,59.990080
3.965200,59.990096
3.965300,59.990307
3.965400,59.990699
3.965500,59.991671
3.965600,59.990804
3.965700,59.988770
3.965800,59.990339
3.965900,59.985924
3.966000,59.987931
3.966100,59.990564
3.966200,59.977574
3.966300,59.979733
3.966400,59.992121
3.966500,59.976251
3.966600,59.967164
3.966700,59.963567
3.966800,59.973351
3.966900,59.979099
3.967000,59.983011
3.967100,59.973783
3.967200,59.966197
3.967300,59.969073
3.967400,59.970815
3.967500,59.970959
3.967600,59.971344
3.967700,59.970899
3.967800,59.969279
3.967900,59.969763
3.968000,59.971188
3.968100,59.970067
3.968200,59.969967
3.968300,59.970918
3.968400,59.971760
3.968500,59.971215
3.968600,59.971377
3.968700,59.970769
3.968800,59.970653
3.968900,59.971084
3.969000,59.970948
3.969100,59.971216
3.969200,59.970620
3.969300,59.970680
3.969400,59.971005
3.969500,59.970989
3.969600,59.970924
3.969700,59.970636
3.969800,59.970933
3.969900,59.971081
3.970000,59.970940
3.970100,59.971117
3.970200,59.971011
3.970300,59.971220
3.970400,59.971417
3.970500,59.970855
3.970600,59.970696
3.970700,59.970545
3.970800,59.971018
3.970900,59.970999
3.971000,59.970897
3.971100,59.971099
3.971200,59.971073
3.971300,59.971125
3.971400,59.970994
3.971500,59.970897
3.971600,59.970971
3.971700,59.970655
3.971800,59.970136
3.971900,59.969808
3.972000,59.969892
3.972100,59.970577
3.972200,59.970448
3.972300,59.971503
3.972400,59.971624
3.972500,59.971319
3.972600,59.971026
3.972700,59.972178
3.972800,59.972098
3.972900,59.971969
3.973000,59.971543
3.973100,59.970980
3.973200,59.971040
3.973300,59.969761
3.973400,59.972297
3.973500,59.973877
3.973600,59.974166
3.973700,59.972730
3.973800,59.972586
3.973900,59.970106
3.974000,59.968075
3.974100,59.963002
3.974200,59.963623
3.974300,59.955224
3.974400,59.960973
3.974500,59.968369
3.974600,59.968100
3.974700,59.978919
3.974800,59.977524
3.974900,59.980498
3.975000,59.977299
3.975100,59.959699
3.975200,59.972704
3.975300,59.964513
3.975400,59.965020
3.975500,59.963900
3.975600,59.963095
3.975700,59.965005
3.975800,59.965015
3.975900,59.964763
3.976000,59.965083
3.976100,59.963575
3.976200,59.963429
3.976300,59.964862
3.976400,59.964996
3.976500,59.966573
3.976600,59.967547
3.976700,59.966569
3.976800,59.965469
3.976900,59.965910
3.977000,59.965867
3.977100,59.965955
3.977200,59.965762
3.977300,59.965616
3.977400,59.965707
3.977500,59.965681
3.977600,59.965624
3.977700,59.965338
3.977800,59.965695
3.977900,59.965736
3.978000,59.965591
3.978100,59.965607
3.978200,59.965756
3.978300,59.965717
3.978400,59.965734
3.978500,59.965856
3.978600,59.965693
3.978700,59.965757
3.978800,59.965873
3.978900,59.966318
3.979000,59.965827
3.979100,59.965942
3.979200,59.965406
3.979300,59.965118
3.979400,59.965591
3.979500,59.965511
3.979600,59.965598
3.979700,59.965805
3.979800,59.965384
3.979900,59.965218
3.980000,59.965439
3.980100,59.965686
3.980200,59.965743
3.980300,59.965862
3.980400,59.966004
3.980500,59.965889
3.980600,59.965378
3.980700,59.965848
3.980800,59.965521
3.980900,59.966724
3.981000,59.966771
3.981100,59.965508
3.981200,59.965650
3.981300,59.965977
3.981400,59.965525
3.981500,59.966356
3.981600,59.965996
3.981700,59.966244
3.981800,59.967825
3.981900,59.964460
3.982000,59.963683
3.982100,59.965124
3.982200,59.966387
3.982300,59.967838
3.982400,59.971700
3.982500,59.972557
3.982600,59.968656
3.982700,59.966380
3.982800,59.965838
3.982900,59.961867
3.983000,59.975429
3.983100,59.968349
3.983200,59.989830
3.983300,59.976215
3.983400,59.991741
3.983500,59.975102
3.983600,59.992406
3.983700,59.997977
3.983800,59.996862
3.983900,60.002983
3.984000,60.002787
3.984100,60.002409
3.984200,60.002706
3.984300,60.003255
3.984400,60.003027
3.984500,60.001900
3.984600,60.001831
3.984700,60.001407
3.984800,60.001926
3.984900,60.003275
3.985000,60.003027
3.985100,60.002603
3.985200,60.002611
3.985300,60.003222
3.985400,60.002857
3.985500,60.002669
3.985600,60.002813
3.985700,60.002751
3.985800,60.002355
3.985900,60.002878
3.986000,60.002163
3.986100,60.002371
3.986200,60.002539
3.986300,60.002702
3.986400,60.002682
3.986500,60.002436
3.986600,60.002577
3.986700,60.002156
3.986800,60.002205
3.986900,60.002197
3.987000,60.002739
3.987100,60.002254
3.987200,60.002543
3.987300,60.002123
3.987400,60.002361
3.987500,60.002734
3.987600,60.002656
3.987700,60.003220
3.987800,60.002461
3.987900,60.002421
3.988000,60.002513
3.988100,60.002590
3.988200,60.002397
3.988300,60.002168
3.988400,60.002869
3.988500,60.002456
3.988600,60.003128
3.988700,60.002656
3.988800,60.002725
3.988900,60.003183
3.989000,60.001896
3.989100,60.001794
3.989200,60.002739
3.989300,60.002616
3.989400,60.003197
3.989500,60.003696
3.989600,60.003862
3.989700,60.004088
3.989800,60.003740
3.989900,60.003048
3.990000,60.002825
3.990100,60.002543
3.990200,60.003550
3.990300,60.004098
3.990400,60.002492
3.990500,60.004542
3.990600,59.999395
3.990700,60.001992
3.990800,60.003120
3.990900,60.009238
3.991000,60.006944
3.991100,60.005727
3.991200,60.003083
3.991300,60.003209
3.991400,60.001027
3.991500,59.996689
3.991600,59.997378
3.991700,60.003232
3.991800,60.005132
3.991900,59.994044
3.992000,60.006023
3.992100,60.006661
3.992200,60.006370
3.992300,60.004500
3.992400,60.003820
3.992500,60.003662
3.992600,60.002577
3.992700,60.003276
3.992800,60.003457
3.992900,60.002132
3.993000,60.001673
3.993100,60.003144
3.993200,60.002789
3.993300,60.002392
3.993400,60.002675
3.993500,60.002261
3.993600,60.002311
3.993700,60.002527
3.993800,60.001761
3.993900,60.002150
3.994000,60.001911
3.994100,60.001563
3.994200,60.001316
3.994300,60.001835
3.994400,60.001866
3.994500,60.001878
3.994600,60.002215
3.994700,60.002223
3.994800,60.002212
3.994900,60.002189
3.995000,60.002212
3.995100,60.002089
3.995200,60.002099
3.995300,60.002068
3.995400,60.002054
3.995500,60.002296
3.995600,60.002446
3.995700,60.002560
3.995800,60.001976
3.995900,60.001975
3.996000,60.002510
3.996100,60.002227
3.996200,60.001922
3.996300,60.001659
3.996400,60.001784
3.996500,60.002072
3.996600,60.002005
3.996700,60.002053
3.996800,60.001743
3.996900,60.002280
3.997000,60.001839
3.997100,60.002559
3.997200,60.002433
3.997300,60.001851
3.997400,60.001927
3.997500,60.002810
3.997600,60.002492
3.997700,60.001696
3.997800,60.002751
3.997900,60.003260
3.998000,60.003454
3.998100,60.003524
3.998200,60.004217
3.998300,60.003773
3.998400,60.002510
3.998500,60.005876
3.998600,60.006176
3.998700,60.003153
3.998800,60.002391
3.998900,60.000460
3.999000,60.001113
3.999100,60.000996
3.999200,60.005328
3.999300,60.001031
3.999400,60.005637
3.999500,60.011409
3.999600,60.012232
3.999700,60.005443
3.999800,60.016243
3.999900,60.020751
4.000000,60.030404
4.000100,60.030434
4.000200,60.030094
4.000300,60.041909
4.000400,60.042838
4.000500,60.036491
4.000600,60.032952
4.000700,60.033920
4.000800,60.033897
4.000900,60.034011
4.001000,60.032922
4.001100,60.033715
4.001200,60.033398
4.001300,60.033484
4.001400,60.034567
4.001500,60.033170
4.001600,60.032765
4.001700,60.032835
4.001800,60.033632
4.001900,60.033420
4.002000,60.032821
4.002100,60.033052
4.002200,60.032576
4.002300,60.032619
4.002400,60.032922
4.002500,60.033063
4.002600,60.032805
4.002700,60.032869
4.002800,60.033481
4.002900,60.033230
4.003000,60.033044
4.003100,60.032975
4.003200,60.032950
4.003300,60.032958
4.003400,60.033192
4.003500,60.032698
4.003600,60.033213
4.003700,60.032868
4.003800,60.032870
4.003900,60.033052
4.004000,60.032958
4.004100,60.033398
4.004200,60.032946
4.004300,60.033191
4.004400,60.033157
4.004500,60.033220
4.004600,60.033097
4.004700,60.033158
4.004800,60.033760
4.004900,60.033360
4.005000,60.033098
4.005100,60.033341
4.005200,60.033646
4.005300,60.033302
4.005400,60.033941
4.005500,60.033580
4.005600,60.032451
4.005700,60.032908
4.005800,60.033924
4.005900,60.033265
4.006000,60.034097
4.006100,60.033748
4.006200,60.034309
4.006300,60.034174
4.006400,60.032931
4.006500,60.034945
4.006600,60.035757
4.006700,60.035176
4.006800,60.036031
4.006900,60.032877
4.007000,60.030438
4.007100,60.033989
4.007200,60.034855
4.007300,60.031925
4.007400,60.036312
4.007500,60.034651
4.007600,60.034349
4.007700,60.041698
4.007800,60.040110
4.007900,60.040135
4.008000,60.045365
4.008100,60.059659
4.008200,60.038832
4.008300,60.028054
4.008400,60.009466
4.008500,60.008588
4.008600,60.011617
4.008700,60.010700
4.008800,60.019146
4.008900,60.020133
4.009000,60.020038
4.009100,60.020318
4.009200,60.020467
4.009300,60.021826
4.009400,60.020696
4.009500,60.021563
4.009600,60.022073
4.009700,60.022400
4.009800,60.021588
4.009900,60.020404
4.010000,60.020131
4.010100,60.020187
4.010200,60.020046
4.010300,60.020252
4.010400,60.020108
4.010500,60.020130
4.010600,60.020118
4.010700,60.020074
4.010800,60.020192
4.010900,60.020457
4.011000,60.020630
4.011100,60.020658
4.011200,60.020222
4.011300,60.020643
4.011400,60.020003
4.011500,60.020427
4.011600,60.020396
4.011700,60.020323
4.011800,60.020314
4.011900,60.020218
4.012000,60.020623
4.012100,60.020407
4.012200,60.020429
4.012300,60.020582
4.012400,60.020759
4.012500,60.020394
4.012600,60.020181
4.012700,60.020497
4.012800,60.020559
4.012900,60.020375
4.013000,60.020814
4.013100,60.020558
4.013200,60.020358
4.013300,60.020238
4.013400,60.020170
4.013500,60.020540
4.013600,60.020116
4.013700,60.021255
4.013800,60.021103
4.013900,60.020469
4.014000,60.020508
4.014100,60.020254
4.014200,60.019477
4.014300,60.019237
4.014400,60.019616
4.014500,60.019026
4.014600,60.018947
4.014700,60.020286
4.014800,60.021425
4.014900,60.021443
4.015000,60.020384
4.015100,60.019665
4.015200,60.018904
4.015300,60.019863
4.015400,60.020395
4.015500,60.022801
4.015600,60.018555
4.015700,60.022750
4.015800,60.016154
4.015900,60.019708
4.016000,60.019196
4.016100,60.015645
4.016200,60.006167
4.016300,59.995122
4.016400,59.976904
4.016500,59.983470
4.016600,59.989354
4.016700,59.970760
4.016800,59.972180
4.016900,59.962518
4.017000,59.965667
4.017100,59.962999
4.017200,59.967827
4.017300,59.967977
4.017400,59.967697
4.017500,59.968022
4.017600,59.967694
4.017700,59.967891
4.017800,59.967852
4.017900,59.968919
4.018000,59.967152
4.018100,59.968318
4.018200,59.968713
4.018300,59.969225
4.018400,59.968648
4.018500,59.967901
4.018600,59.967422
4.018700,59.968092
4.018800,59.968318
4.018900,59.968308
4.019000,59.968922
4.019100,59.968559
4.019200,59.968391
4.019300,59.968106
4.019400,59.968151
4.019500,59.968025
4.019600,59.968360
4.019700,59.967790
4.019800,59.967738
4.019900,59.968202
4.020000,59.968024
4.020100,59.967839
4.020200,59.967931
4.020300,59.968032
4.020400,59.967901
4.020500,59.968120
4.020600,59.967868
4.020700,59.967439
4.020800,59.967481
4.020900,59.967994
4.021000,59.968127
4.021100,59.968044
4.021200,59.967698
4.021300,59.967692
4.021400,59.968360
4.021500,59.967918
4.021600,59.968065
4.021700,59.967590
4.021800,59.968078
4.021900,59.968034
4.022000,59.967531
4.022100,59.967608
4.022200,59.967993
4.022300,59.968103
4.022400,59.968539
4.022500,59.968309
4.022600,59.968127
4.022700,59.967416
4.022800,59.968636
4.022900,59.967970
4.023000,59.967884
4.023100,59.969069
4.023200,59.968976
4.023300,59.967157
4.023400,59.967488
4.023500,59.965747
4.023600,59.967717
4.023700,59.971501
4.023800,59.970988
4.023900,59.974062
4.024000,59.971784
4.024100,59.973574
4.024200,59.973485
4.024300,59.972459
4.024400,59.967138
4.024500,59.959928
4.024600,59.954499
4.024700,59.953282
4.024800,59.943873
4.024900,59.944194
4.025000,59.960802
4.025100,59.968867
4.025200,59.978120
4.025300,59.994724
4.025400,59.993604
4.025500,59.986843
4.025600,59.982015
4.025700,59.983053
4.025800,59.982841
4.025900,59.983000
4.026000,59.982335
4.026100,59.983715
4.026200,59.981838
4.026300,59.982769
4.026400,59.982958
4.026500,59.983261
4.026600,59.982772
4.026700,59.981575
4.026800,59.981521
4.026900,59.981639
4.027000,59.982268
4.027100,59.981713
4.027200,59.981617
4.027300,59.981595
4.027400,59.981627
4.027500,59.981829
4.027600,59.981868
4.027700,59.981962
4.027800,59.982241
4.027900,59.981969
4.028000,59.982175
4.028100,59.982066
4.028200,59.982047
4.028300,59.981676
4.028400,59.981599
4.028500,59.981653
4.028600,59.981776
4.028700,59.981825
4.028800,59.982178
4.028900,59.982097
4.029000,59.981841
4.029100,59.981779
4.029200,59.982303
4.029300,59.981792
4.029400,59.982054
4.029500,59.982042
4.029600,59.982303
4.029700,59.981866
4.029800,59.982254
4.029900,59.982263
4.030000,59.982201
4.030100,59.981524
4.030200,59.982370
4.030300,59.981845
4.030400,59.982074
4.030500,59.980960
4.030600,59.981180
4.030700,59.981680
4.030800,59.982258
4.030900,59.982645
4.031000,59.983038
4.031100,59.982128
4.031200,59.982856
4.031300,59.982214
4.031400,59.982703
4.031500,59.982610
4.031600,59.983562
4.031700,59.982486
4.031800,59.981583
4.031900,59.980178
4.032000,59.984221
4.032100,59.981633
4.032200,59.979453
4.032300,59.980585
4.032400,59.983287
4.032500,59.977337
4.032600,59.969745
4.032700,59.971543
4.032800,59.973481
4.032900,59.986149
4.033000,59.996851
4.033100,59.986051
4.033200,59.977314
4.033300,59.991749
4.033400,59.988644
4.033500,59.999833
4.033600,60.002918
4.033700,60.004921
4.033800,60.007984
4.033900,60.008338
4.034000,60.007533
4.034100,60.007184
4.034200,60.006761
4.034300,60.006622
4.034400,60.007745
4.034500,60.006487
4.034600,60.006233
4.034700,60.007343
4.034800,60.007265
4.034900,60.006619
4.035000,60.006776
4.035100,60.007716
4.035200,60.007966
4.035300,60.007687
4.035400,60.008075
4.035500,60.007740
4.035600,60.007713
4.035700,60.007834
4.035800,60.007658
4.035900,60.007396
4.036000,60.007472
4.036100,60.007828
4.036200,60.007594
4.036300,60.007547
4.036400,60.007379
4.036500,60.007552
4.036600,60.007542
4.036700,60.007638
4.036800,60.007248
4.036900,60.007798
4.037000,60.007964
4.037100,60.007831
4.037200,60.007580
4.037300,60.007423
4.037400,60.007173
4.037500,60.007449
4.037600,60.007802
4.037700,60.007276
4.037800,60.007539
4.037900,60.008120
4.038000,60.007613
4.038100,60.008431
4.038200,60.008168
4.038300,60.007865
4.038400,60.008017
4.038500,60.007723
4.038600,60.007407
4.038700,60.008094
4.038800,60.007901
4.038900,60.007411
4.039000,60.006902
4.039100,60.007861
4.039200,60.007361
4.039300,60.008495
4.039400,60.008035
4.039500,60.007232
4.039600,60.008303
4.039700,60.008755
4.039800,60.008175
4.039900,60.008247
4.040000,60.008233
4.040100,60.011172
4.040200,60.007897
4.040300,60.004049
4.040400,60.005570
4.040500,60.005977
4.040600,60.003602
4.040700,60.006224
4.040800,60.002380
4.040900,60.007952
4.041000,60.008178
4.041100,60.014087
4.041200,60.012507
4.041300,60.014108
4.041400,60.018426
4.041500,60.010327
4.041600,60.009072
4.041700,59.993723
4.041800,60.015495
4.041900,60.007115
4.042000,60.020424
4.042100,60.019814
4.042200,60.013153
4.042300,60.014688
4.042400,60.015973
4.042500,60.015917
4.042600,60.016611
4.042700,60.016719
4.042800,60.017981
4.042900,60.017152
4.043000,60.017170
4.043100,60.017184
4.043200,60.016660
4.043300,60.016858
4.043400,60.017232
4.043500,60.016428
4.043600,60.016960
4.043700,60.016742
4.043800,60.016672
4.043900,60.016866
4.044000,60.016993
4.044100,60.016823
4.044200,60.016800
4.044300,60.016648
4.044400,60.017147
4.044500,60.016768
4.044600,60.016523
4.044700,60.016956
4.044800,60.016852
4.044900,60.016752
4.045000,60.017129
4.045100,60.016896
4.045200,60.016694
4.045300,60.017064
4.045400,60.016715
4.045500,60.016523
4.045600,60.016896
4.045700,60.016895
4.045800,60.016679
4.045900,60.016594
4.046000,60.016500
4.046100,60.016878
4.046200,60.016608
4.046300,60.016818
4.046400,60.016669
4.046500,60.016516
4.046600,60.016579
4.046700,60.016351
4.046800,60.017429
4.046900,60.017567
4.047000,60.016807
4.047100,60.016321
4.047200,60.016325
4.047300,60.016695
4.047400,60.017430
4.047500,60.016790
4.047600,60.016693
4.047700,60.017502
4.047800,60.017657
4.047900,60.018150
4.048000,60.016353
4.048100,60.017940
4.048200,60.017156
4.048300,60.016972
4.048400,60.018902
4.048500,60.017765
4.048600,60.018834
4.048700,60.021056
4.048800,60.020253
4.048900,60.018234
4.049000,60.012355
4.049100,60.010525
4.049200,60.018343
4.049300,60.010875
4.049400,60.009596
4.049500,60.006261
4.049600,60.006031
4.049700,60.002985
4.049800,59.996446
4.049900,60.004751
4.050000,60.027921
4.050100,60.025900
4.050200,60.017505
4.050300,60.007113
4.050400,60.005385
4.050500,60.004298
4.050600,60.005070
4.050700,60.006176
4.050800,60.006112
4.050900,60.006566
4.051000,60.006984
4.051100,60.006204
4.051200,60.007793
4.051300,60.006499
4.051400,60.006591
4.051500,60.006164
4.051600,60.006417
4.051700,60.006814
4.051800,60.006074
4.051900,60.006198
4.052000,60.006706
4.052100,60.006477
4.052200,60.006365
4.052300,60.006175
4.052400,60.006555
4.052500,60.005830
4.052600,60.005933
4.052700,60.005955
4.052800,60.006088
4.052900,60.006411
4.053000,60.006281
4.053100,60.005981
4.053200,60.006183
4.053300,60.006201
4.053400,60.006134
4.053500,60.006076
4.053600,60.006060
4.053700,60.006198
4.053800,60.006279
4.053900,60.006122
4.054000,60.006107
4.054100,60.006171
4.054200,60.006046
4.054300,60.006066
4.054400,60.006176
4.054500,60.006362
4.054600,60.005930
4.054700,60.006024
4.054800,60.005986
4.054900,60.006272
4.055000,60.006565
4.055100,60.006209
4.055200,60.007285
4.055300,60.007013
4.055400,60.006507
4.055500,60.006516
4.055600,60.006968
4.055700,60.005625
4.055800,60.006349
4.055900,60.006504
4.056000,60.006350
4.056100,60.004868
4.056200,60.005034
4.056300,60.003969
4.056400,60.006289
4.056500,60.004946
4.056600,60.003315
4.056700,60.005150
4.056800,60.006188
4.056900,60.003818
4.057000,60.005790
4.057100,60.007423
4.057200,60.010969
4.057300,60.008936
4.057400,60.011709
4.057500,60.013017
4.057600,60.012360
4.057700,60.013613
4.057800,60.010246
4.057900,60.018328
4.058000,60.003760
4.058100,60.019179
4.058200,60.031803
4.058300,60.021542
4.058400,60.003288
4.058500,60.007647
4.058600,60.007296
4.058700,60.010269
4.058800,60.011374
4.058900,60.010915
4.059000,60.010525
4.059100,60.010945
4.059200,60.011191
4.059300,60.009703
4.059400,60.010336
4.059500,60.010884
4.059600,60.012477
4.059700,60.012792
4.059800,60.011726
4.059900,60.013031
4.060000,60.012389
4.060100,60.012791
4.060200,60.011973
4.060300,60.012056
4.060400,60.011851
4.060500,60.011760
4.060600,60.012324
4.060700,60.012051
4.060800,60.012041
4.060900,60.011876
4.061000,60.012083
4.061100,60.011698
4.061200,60.011795
4.061300,60.011865
4.061400,60.012045
4.061500,60.011898
4.061600,60.012011
4.061700,60.011873
4.061800,60.011509
4.061900,60.011707
4.062000,60.011911
4.062100,60.012165
4.062200,60.012157
4.062300,60.012145
4.062400,60.012210
4.062500,60.011865
4.062600,60.011821
4.062700,60.012109
4.062800,60.012317
4.062900,60.011862
4.063000,60.011497
4.063100,60.011481
4.063200,60.011416
4.063300,60.011803
4.063400,60.011394
4.063500,60.011697
4.063600,60.011349
4.063700,60.010838
4.063800,60.011358
4.063900,60.011847
4.064000,60.011990
4.064100,60.013237
4.064200,60.012640
4.064300,60.011851
4.064400,60.011461
4.064500,60.010898
4.064600,60.011058
4.064700,60.009099
4.064800,60.011657
4.064900,60.011053
4.065000,60.012025
4.065100,60.011428
4.065200,60.012602
4.065300,60.012720
4.065400,60.010786
4.065500,60.011023
4.065600,60.013165
4.065700,60.014064
4.065800,60.014623
4.065900,60.014392
4.066000,60.011611
4.066100,60.013955
4.066200,60.017114
4.066300,60.019322
4.066400,60.034505
4.066500,60.030810
4.066600,60.029055
4.066700,60.022393
4.066800,60.012975
4.066900,60.004416
4.067000,60.000073
4.067100,60.001956
4.067200,60.006601
4.067300,60.007788
4.067400,60.007977
4.067500,60.008662
4.067600,60.009027
4.067700,60.007268
4.067800,60.007509
4.067900,60.006611
4.068000,60.007626
4.068100,60.007420
4.068200,60.006478
4.068300,60.006622
4.068400,60.006503
4.068500,60.006989
4.068600,60.006991
4.068700,60.007013
4.068800,60.007532
4.068900,60.007403
4.069000,60.006720
4.069100,60.006972
4.069200,60.007150
4.069300,60.007063
4.069400,60.007339
4.069500,60.007134
4.069600,60.007269
4.069700,60.007084
4.069800,60.007627
4.069900,60.007379
4.070000,60.007048
4.070100,60.006832
4.070200,60.007010
4.070300,60.007278
4.070400,60.007527
4.070500,60.007623
4.070600,60.007318
4.070700,60.007180
4.070800,60.007211
4.070900,60.006942
4.071000,60.006775
4.071100,60.006668
4.071200,60.007117
4.071300,60.006685
4.071400,60.006883
4.071500,60.007735
4.071600,60.008214
4.071700,60.007355
4.071800,60.007655
4.071900,60.007518
4.072000,60.006479
4.072100,60.006676
4.072200,60.007089
4.072300,60.007001
4.072400,60.007485
4.072500,60.007209
4.072600,60.006339
4.072700,60.006964
4.072800,60.006494
4.072900,60.006030
4.073000,60.007132
4.073100,60.007827
4.073200,60.007198
4.073300,60.007352
4.073400,60.009324
4.073500,60.009793
4.073600,60.007480
4.073700,60.007311
4.073800,60.003812
4.073900,60.000758
4.074000,59.998488
4.074100,59.998616
4.074200,60.006381
4.074300,60.009905
4.074400,60.013489
4.074500,60.010664
4.074600,60.003469
4.074700,59.996176
4.074800,60.003147
4.074900,59.994566
4.075000,60.006394
4.075100,60.007519
4.075200,59.990264
4.075300,59.976614
4.075400,59.975616
4.075500,59.975955
4.075600,59.973587
4.075700,59.974465
4.075800,59.974276
4.075900,59.974654
4.076000,59.973205
4.076100,59.972600
4.076200,59.971513
4.076300,59.971556
4.076400,59.970737
4.076500,59.969940
4.076600,59.970536
4.076700,59.969719
4.076800,59.970105
4.076900,59.970248
4.077000,59.970063
4.077100,59.970516
4.077200,59.970393
4.077300,59.970555
4.077400,59.970701
4.077500,59.970268
4.077600,59.970371
4.077700,59.970533
4.077800,59.970632
4.077900,59.970526
4.078000,59.970464
4.078100,59.970623
4.078200,59.970056
4.078300,59.969942
4.078400,59.970076
4.078500,59.970126
4.078600,59.969839
4.078700,59.970062
4.078800,59.969872
4.078900,59.970466
4.079000,59.970046
4.079100,59.970157
4.079200,59.969947
4.079300,59.970373
4.079400,59.970409
4.079500,59.969626
4.079600,59.970266
4.079700,59.970066
4.079800,59.970777
4.079900,59.970873
4.080000,59.971065
4.080100,59.970568
4.080200,59.970385
4.080300,59.969879
4.080400,59.969102
4.080500,59.969494
4.080600,59.970360
4.080700,59.970360
4.080800,59.970130
4.080900,59.970421
4.081000,59.970642
4.081100,59.970108
4.081200,59.968709
4.081300,59.968322
4.081400,59.969666
4.081500,59.971545
4.081600,59.970388
4.081700,59.970124
4.081800,59.971409
4.081900,59.972639
4.082000,59.975489
4.082100,59.973262
4.082200,59.972064
4.082300,59.974624
4.082400,59.970678
4.082500,59.969119
4.082600,59.968076
4.082700,59.958469
4.082800,59.970104
4.082900,59.965363
4.083000,59.972147
4.083100,59.967730
4.083200,59.987545
4.083300,60.001713
4.083400,60.010739
4.083500,60.021461
4.083600,60.018532
4.083700,60.014034
4.083800,60.004963
4.083900,59.999121
4.084000,60.000530
4.084100,60.001233
4.084200,60.001097
4.084300,60.002139
4.084400,60.000948
4.084500,60.000765
4.084600,59.999866
4.084700,59.999238
4.084800,59.999541
4.084900,59.998866
4.085000,60.000068
4.085100,59.999861
4.085200,59.999503
4.085300,60.000183
4.085400,60.000365
4.085500,60.000398
4.085600,60.000708
4.085700,59.999923
4.085800,59.999849
4.085900,59.999790
4.086000,59.999844
4.086100,59.999862
4.086200,59.999860
4.086300,60.000174
4.086400,59.999977
4.086500,59.999820
4.086600,60.000167
4.086700,60.000499
4.086800,60.000539
4.086900,59.999883
4.087000,60.000034
4.087100,60.000153
4.087200,60.000317
4.087300,60.000026
4.087400,59.999892
4.087500,60.000282
4.087600,60.000122
4.087700,59.999893
4.087800,59.999679
4.087900,59.999744
4.088000,59.999678
4.088100,59.999776
4.088200,59.999426
4.088300,59.999831
4.088400,59.999859
4.088500,60.000084
4.088600,59.999484
4.088700,59.999339
4.088800,59.999513
4.088900,60.000135
4.089000,59.999628
4.089100,59.999840
4.089200,60.000843
4.089300,60.000524
4.089400,59.999640
4.089500,59.999749
4.089600,60.000097
4.089700,59.999320
4.089800,59.997667
4.089900,60.000466
4.090000,60.001179
4.090100,60.000039
4.090200,60.001286
4.090300,60.002642
4.090400,60.004410
4.090500,60.000782
4.090600,60.006194
4.090700,60.002559
4.090800,60.001382
4.090900,59.999647
4.091000,59.999320
4.091100,59.995982
4.091200,59.992413
4.091300,59.980236
4.091400,59.964419
4.091500,59.968761
4.091600,59.963855
4.091700,59.974439
4.091800,59.955888
4.091900,59.951109
4.092000,59.952166
4.092100,59.962557
4.092200,59.955423
4.092300,59.950878
4.092400,59.951885
4.092500,59.952190
4.092600,59.951657
4.092700,59.951341
4.092800,59.950343
4.092900,59.951392
4.093000,59.951625
4.093100,59.952300
4.093200,59.950872
4.093300,59.951810
4.093400,59.952321
4.093500,59.952904
4.093600,59.952576
4.093700,59.952353
4.093800,59.952901
4.093900,59.952250
4.094000,59.951966
4.094100,59.952089
4.094200,59.952771
4.094300,59.951974
4.094400,59.951852
4.094500,59.951855
4.094600,59.951962
4.094700,59.951933
4.094800,59.952099
4.094900,59.952159
4.095000,59.951936
4.095100,59.952225
4.095200,59.952181
4.095300,59.952273
4.095400,59.951947
4.095500,59.952231
4.095600,59.951756
4.095700,59.951872
4.095800,59.952343
4.095900,59.952132
4.096000,59.951958
4.096100,59.952320
4.096200,59.951703
4.096300,59.952362
4.096400,59.952253
4.096500,59.952029
4.096600,59.952013
4.096700,59.951835
4.096800,59.951664
4.096900,59.952013
4.097000,59.951912
4.097100,59.951444
4.097200,59.951524
4.097300,59.952498
4.097400,59.952798
4.097500,59.952275
4.097600,59.952297
4.097700,59.952804
4.097800,59.953377
4.097900,59.952850
4.098000,59.953353
4.098100,59.951141
4.098200,59.951484
4.098300,59.952831
4.098400,59.951226
4.098500,59.953272
4.098600,59.952956
4.098700,59.953328
4.098800,59.954252
4.098900,59.957857
4.099000,59.962492
4.099100,59.961271
4.099200,59.961576
4.099300,59.957123
4.099400,59.952050
4.099500,59.947317
4.099600,59.958384
4.099700,59.946632
4.099800,59.963368
4.099900,59.971959
4.100000,59.971253
4.100100,59.987154
4.100200,59.979457
4.100300,59.990238
4.100400,59.986590
4.100500,59.991186
4.100600,59.988664
4.100700,59.990476
4.100800,59.990436
4.100900,59.990459
4.101000,59.991425
4.101100,59.992651
4.101200,59.990638
4.101300,59.990838
4.101400,59.990139
4.101500,59.991404
4.101600,59.990532
4.101700,59.990043
4.101800,59.990528
4.101900,59.990974
4.102000,59.990735
4.102100,59.990605
4.102200,59.990759
4.102300,59.990959
4.102400,59.990794
4.102500,59.990199
4.102600,59.990483
4.102700,59.990289
4.102800,59.990561
4.102900,59.990531
4.103000,59.990396
4.103100,59.990673
4.103200,59.990872
4.103300,59.990626
4.103400,59.990760
4.103500,59.990477
4.103600,59.990400
4.103700,59.990405
4.103800,59.990617
4.103900,59.990962
4.104000,59.991031
4.104100,59.990572
4.104200,59.990557
4.104300,59.990605
4.104400,59.990846
4.104500,59.990542
4.104600,59.990778
4.104700,59.990734
4.104800,59.990194
4.104900,59.990635
4.105000,59.991163
4.105100,59.990249
4.105200,59.989991
4.105300,59.989985
4.105400,59.989784
4.105500,59.990750
4.105600,59.990078
4.105700,59.990956
4.105800,59.990729
4.105900,59.991700
4.106000,59.991157
4.106100,59.990575
4.106200,59.992394
4.106300,59.991307
4.106400,59.991997
4.106500,59.993599
4.106600,59.993151
4.106700,59.992427
4.106800,59.991690
4.106900,59.989360
4.107000,59.989624
4.107100,59.992782
4.107200,59.990999
4.107300,59.994999
4.107400,59.992358
4.107500,59.994636
4.107600,59.986975
4.107700,59.988334
4.107800,59.990524
4.107900,59.990476
4.108000,59.978356
4.108100,59.994626
4.108200,59.994649
4.108300,59.979998
4.108400,59.995399
4.108500,59.995209
4.108600,60.008606
4.108700,60.012898
4.108800,60.007577
4.108900,60.005771
4.109000,60.005697
4.109100,60.006129
4.109200,60.006177
4.109300,60.006097
4.109400,60.005614
4.109500,60.006049
4.109600,60.007903
4.109700,60.008156
4.109800,60.009018
4.109900,60.008116
4.110000,60.008903
4.110100,60.007807
4.110200,60.008787
4.110300,60.008491
4.110400,60.008012
4.110500,60.007880
4.110600,60.008127
4.110700,60.007707
4.110800,60.007820
4.110900,60.007516
4.111000,60.007735
4.111100,60.007826
4.111200,60.007689
4.111300,60.007501
4.111400,60.007686
4.111500,60.007972
4.111600,60.007896
4.111700,60.007861
4.111800,60.008275
4.111900,60.007748
4.112000,60.007901
4.112100,60.008212
4.112200,60.008085
4.112300,60.008013
4.112400,60.007679
4.112500,60.007849
4.112600,60.007791
4.112700,60.008516
4.112800,60.008258
4.112900,60.007688
4.113000,60.007326
4.113100,60.007288
4.113200,60.007148
4.113300,60.007975
4.113400,60.008658
4.113500,60.008558
4.113600,60.008266
4.113700,60.008758
4.113800,60.007872
4.113900,60.008023
4.114000,60.008263
4.114100,60.007716
4.114200,60.007582
4.114300,60.006576
4.114400,60.007349
4.114500,60.008593
4.114600,60.008791
4.114700,60.008036
4.114800,60.008234
4.114900,60.009386
4.115000,60.010954
4.115100,60.008506
4.115200,60.009383
4.115300,60.012720
4.115400,60.010045
4.115500,60.008822
4.115600,60.012786
4.115700,60.012306
4.115800,60.006507
4.115900,60.008874
4.116000,60.012253
4.116100,60.018443
4.116200,60.007944
4.116300,59.994035
4.116400,60.000214
4.116500,60.002351
4.116600,60.004148
4.116700,60.008957
4.116800,60.008647
4.116900,60.024263
4.117000,60.018997
4.117100,60.016149
4.117200,60.015398
4.117300,60.012096
4.117400,60.013128
4.117500,60.013156
4.117600,60.012764
4.117700,60.013245
4.117800,60.012727
4.117900,60.012910
4.118000,60.011404
4.118100,60.011550
4.118200,60.012144
4.118300,60.012842
4.118400,60.012910
4.118500,60.013823
4.118600,60.012847
4.118700,60.012651
4.118800,60.012698
4.118900,60.013015
4.119000,60.012249
4.119100,60.012566
4.119200,60.012462
4.119300,60.012531
4.119400,60.012788
4.119500,60.012869
4.119600,60.012724
4.119700,60.013036
4.119800,60.012989
4.119900,60.013038
4.120000,60.013088
4.120100,60.012993
4.120200,60.012809
4.120300,60.012670
4.120400,60.012475
4.120500,60.012745
4.120600,60.012716
4.120700,60.012998
4.120800,60.013542
4.120900,60.012848
4.121000,60.012643
4.121100,60.013144
4.121200,60.012631
4.121300,60.012593
4.121400,60.012732
4.121500,60.013030
4.121600,60.012885
4.121700,60.012523
4.121800,60.012973
4.121900,60.012693
4.122000,60.012843
4.122100,60.012471
4.122200,60.012269
4.122300,60.013572
4.122400,60.013151
4.122500,60.012788
4.122600,60.013839
4.122700,60.013860
4.122800,60.012752
4.122900,60.012163
4.123000,60.013541
4.123100,60.013496
4.123200,60.014072
4.123300,60.012404
4.123400,60.014762
4.123500,60.013224
4.123600,60.012363
4.123700,60.009406
4.123800,60.010710
4.123900,60.011547
4.124000,60.011046
4.124100,60.016633
4.124200,60.014997
4.124300,60.016621
4.124400,60.017749
4.124500,60.022487
4.124600,60.023606
4.124700,60.008092
4.124800,60.014564
4.124900,60.030670
4.125000,60.025181
4.125100,60.046447
4.125200,60.026685
4.125300,60.020797
4.125400,60.011413
4.125500,60.018821
4.125600,60.012995
4.125700,60.015454
4.125800,60.015881
4.125900,60.015563
4.126000,60.015617
4.126100,60.016741
4.126200,60.016396
4.126300,60.015208
4.126400,60.014866
4.126500,60.016236
4.126600,60.016539
4.126700,60.016368
4.126800,60.016379
4.126900,60.016103
4.127000,60.015992
4.127100,60.015968
4.127200,60.015828
4.127300,60.016136
4.127400,60.015839
4.127500,60.016258
4.127600,60.016417
4.127700,60.016467
4.127800,60.016593
4.127900,60.016500
4.128000,60.016605
4.128100,60.016213
4.128200,60.016438
4.128300,60.015867
4.128400,60.016320
4.128500,60.016370
4.128600,60.016164
4.128700,60.016030
4.128800,60.016351
4.128900,60.016070
4.129000,60.016239
4.129100,60.016467
4.129200,60.016145
4.129300,60.016711
4.129400,60.016557
4.129500,60.016224
4.129600,60.016251
4.129700,60.016163
4.129800,60.015848
4.129900,60.016414
4.130000,60.016637
4.130100,60.016974
4.130200,60.015968
4.130300,60.016520
4.130400,60.016940
4.130500,60.016657
4.130600,60.015676
4.130700,60.016072
4.130800,60.016739
4.130900,60.016634
4.131000,60.017487
4.131100,60.017214
4.131200,60.015375
4.131300,60.015518
4.131400,60.015850
4.131500,60.016199
4.131600,60.015055
4.131700,60.016079
4.131800,60.016570
4.131900,60.015458
4.132000,60.012578
4.132100,60.015267
4.132200,60.015376
4.132300,60.016074
4.132400,60.014596
4.132500,60.008916
4.132600,60.015255
4.132700,60.014929
4.132800,60.018046
4.132900,60.020106
4.133000,60.032638
4.133100,60.045931
4.133200,60.036892
4.133300,60.039075
4.133400,60.027964
4.133500,60.029199
4.133600,60.020839
4.133700,60.024249
4.133800,60.021485
4.133900,60.026800
4.134000,60.026358
4.134100,60.026060
4.134200,60.026188
4.134300,60.025044
4.134400,60.025543
4.134500,60.026840
4.134600,60.025256
4.134700,60.026404
4.134800,60.026553
4.134900,60.025581
4.135000,60.025696
4.135100,60.025579
4.135200,60.025376
4.135300,60.025586
4.135400,60.025298
4.135500,60.025163
4.135600,60.025178
4.135700,60.025683
4.135800,60.025140
4.135900,60.025566
4.136000,60.025001
4.136100,60.025507
4.136200,60.025286
4.136300,60.025492
4.136400,60.025265
4.136500,60.024827
4.136600,60.025323
4.136700,60.025392
4.136800,60.025511
4.136900,60.025183
4.137000,60.025081
4.137100,60.025238
4.137200,60.025099
4.137300,60.025032
4.137400,60.025271
4.137500,60.025136
4.137600,60.024947
4.137700,60.025655
4.137800,60.025506
4.137900,60.025106
4.138000,60.024930
4.138100,60.025060
4.138200,60.025398
4.138300,60.025385
4.138400,60.025621
4.138500,60.025528
4.138600,60.025195
4.138700,60.025564
4.138800,60.025843
4.138900,60.026633
4.139000,60.026705
4.139100,60.026441
4.139200,60.025888
4.139300,60.025334
4.139400,60.024320
4.139500,60.025829
4.139600,60.026065
4.139700,60.026350
4.139800,60.025622
4.139900,60.024208
4.140000,60.024747
4.140100,60.023731
4.140200,60.025995
4.140300,60.028660
4.140400,60.030499
4.140500,60.026262
4.140600,60.021859
4.140700,60.027220
4.140800,60.030417
4.140900,60.023966
4.141000,60.021314
4.141100,60.020404
4.141200,60.022747
4.141300,60.017931
4.141400,60.000661
4.141500,60.021695
4.141600,60.021474
4.141700,60.032720
4.141800,60.021109
4.141900,60.021516
4.142000,60.020919
4.142100,60.019183
4.142200,60.022347
4.142300,60.021017
4.142400,60.020459
4.142500,60.020253
4.142600,60.021607
4.142700,60.020024
4.142800,60.019964
4.142900,60.019979
4.143000,60.020390
4.143100,60.019230
4.143200,60.019378
4.143300,60.020211
4.143400,60.020452
4.143500,60.020836
4.143600,60.020580
4.143700,60.019754
4.143800,60.020037
4.143900,60.020178
4.144000,60.020140
4.144100,60.020069
4.144200,60.020327
4.144300,60.019799
4.144400,60.020117
4.144500,60.019471
4.144600,60.019658
4.144700,60.019842
4.144800,60.020113
4.144900,60.019926
4.145000,60.020236
4.145100,60.020378
4.145200,60.019959
4.145300,60.020013
4.145400,60.019810
4.145500,60.019621
4.145600,60.019664
4.145700,60.019767
4.145800,60.019833
4.145900,60.020205
4.146000,60.019498
4.146100,60.020124
4.146200,60.019767
4.146300,60.019762
4.146400,60.019886
4.146500,60.020359
4.146600,60.020083
4.146700,60.019972
4.146800,60.019860
4.146900,60.019396
4.147000,60.019842
4.147100,60.019388
4.147200,60.018952
4.147300,60.019639
4.147400,60.019294
4.147500,60.019180
4.147600,60.019817
4.147700,60.019571
4.147800,60.019641
4.147900,60.020013
4.148000,60.019511
4.148100,60.020776
4.148200,60.019094
4.148300,60.019509
4.148400,60.019789
4.148500,60.021205
4.148600,60.019945
4.148700,60.019180
4.148800,60.021951
4.148900,60.021811
4.149000,60.024669
4.149100,60.024463
4.149200,60.031077
4.149300,60.027981
4.149400,60.025986
4.149500,60.021845
4.149600,60.014636
4.149700,60.018525
4.149800,60.032295
4.149900,60.013645
4.150000,60.035849
4.150100,60.033718
4.150200,60.013678
4.150300,60.009481
4.150400,60.010727
4.150500,60.012777
4.150600,60.008429
4.150700,60.009216
4.150800,60.009220
4.150900,60.008334
4.151000,60.009857
4.151100,60.008026
4.151200,60.006406
4.151300,60.006838
4.151400,60.006396
4.151500,60.007822
4.151600,60.007405
4.151700,60.007811
4.151800,60.006905
4.151900,60.006437
4.152000,60.006251
4.152100,60.006551
4.152200,60.006827
4.152300,60.006478
4.152400,60.006793
4.152500,60.006662
4.152600,60.006561
4.152700,60.006298
4.152800,60.006420
4.152900,60.006506
4.153000,60.006795
4.153100,60.006694
4.153200,60.006596
4.153300,60.006335
4.153400,60.006605
4.153500,60.006688
4.153600,60.006304
4.153700,60.006247
4.153800,60.006726
4.153900,60.007049
4.154000,60.006675
4.154100,60.007159
4.154200,60.006903
4.154300,60.007068
4.154400,60.006586
4.154500,60.006381
4.154600,60.006501
4.154700,60.006413
4.154800,60.006482
4.154900,60.006779
4.155000,60.006965
4.155100,60.006618
4.155200,60.005977
4.155300,60.006244
4.155400,60.006067
4.155500,60.006924
4.155600,60.007092
4.155700,60.006869
4.155800,60.007053
4.155900,60.006577
4.156000,60.007230
4.156100,60.006881
4.156200,60.006150
4.156300,60.005734
4.156400,60.006951
4.156500,60.008310
4.156600,60.006589
4.156700,60.005709
4.156800,60.005109
4.156900,60.004716
4.157000,60.005902
4.157100,60.008334
4.157200,60.003923
4.157300,60.009838
4.157400,60.006208
4.157500,60.009965
4.157600,60.007465
4.157700,60.016996
4.157800,60.007803
4.157900,59.998085
4.158000,59.984588
4.158100,59.989934
4.158200,59.972999
4.158300,59.993339
4.158400,59.995667
4.158500,59.994835
4.158600,59.989285
4.158700,59.976822
4.158800,59.979820
4.158900,59.979661
4.159000,59.978844
4.159100,59.978562
4.159200,59.977974
4.159300,59.978158
4.159400,59.977898
4.159500,59.977013
4.159600,59.975993
4.159700,59.977205
4.159800,59.976698
4.159900,59.976090
4.160000,59.976909
4.160100,59.977096
4.160200,59.976702
4.160300,59.976875
4.160400,59.977226
4.160500,59.977086
4.160600,59.977061
4.160700,59.977573
4.160800,59.977190
4.160900,59.977443
4.161000,59.976937
4.161100,59.976983
4.161200,59.977052
4.161300,59.977136
4.161400,59.977283
4.161500,59.976866
4.161600,59.976762
4.161700,59.977069
4.161800,59.977109
4.161900,59.976852
4.162000,59.977215
4.162100,59.977228
4.162200,59.976700
4.162300,59.976944
4.162400,59.976706
4.162500,59.977149
4.162600,59.976850
4.162700,59.976622
4.162800,59.976844
4.162900,59.976688
4.163000,59.976568
4.163100,59.976687
4.163200,59.976390
4.163300,59.976978
4.163400,59.976387
4.163500,59.976620
4.163600,59.976520
4.163700,59.976736
4.163800,59.977373
4.163900,59.976744
4.164000,59.978089
4.164100,59.977826
4.164200,59.977625
4.164300,59.976525
4.164400,59.976860
4.164500,59.978216
4.164600,59.977491
4.164700,59.976212
4.164800,59.974147
4.164900,59.975604
4.165000,59.974872
4.165100,59.977764
4.165200,59.976893
4.165300,59.979387
4.165400,59.975363
4.165500,59.974738
4.165600,59.977666
4.165700,59.977209
4.165800,59.980498
4.165900,59.977062
4.166000,59.980985
4.166100,59.984575
4.166200,59.992442
4.166300,59.994019
4.166400,59.980724
4.166500,59.996795
4.166600,59.994286
4.166700,59.994281
4.166800,59.995673
4.166900,60.002268
4.167000,59.997058
4.167100,60.006876
4.167200,60.003497
4.167300,60.003725
4.167400,60.003942
4.167500,60.003940
4.167600,60.004096
4.167700,60.003965
4.167800,60.003479
4.167900,60.004149
4.168000,60.004325
4.168100,60.004679
4.168200,60.004243
4.168300,60.003531
4.168400,60.003646
4.168500,60.004664
4.168600,60.004797
4.168700,60.004490
4.168800,60.004496
4.168900,60.004823
4.169000,60.004826
4.169100,60.004709
4.169200,60.004278
4.169300,60.004199
4.169400,60.004317
4.169500,60.004731
4.169600,60.004727
4.169700,60.004851
4.169800,60.004248
4.169900,60.004239
4.170000,60.003875
4.170100,60.004359
4.170200,60.004632
4.170300,60.004693
4.170400,60.004578
4.170500,60.004351
4.170600,60.004393
4.170700,60.004510
4.170800,60.004146
4.170900,60.003997
4.171000,60.004248
4.171100,60.004459
4.171200,60.004747
4.171300,60.004772
4.171400,60.004259
4.171500,60.004314
4.171600,60.004163
4.171700,60.004562
4.171800,60.005018
4.171900,60.004459
4.172000,60.004739
4.172100,60.004965
4.172200,60.003797
4.172300,60.003777
4.172400,60.004261
4.172500,60.004898
4.172600,60.005164
4.172700,60.003641
4.172800,60.003392
4.172900,60.003859
4.173000,60.003784
4.173100,60.004860
4.173200,60.006802
4.173300,60.005641
4.173400,60.005757
4.173500,60.005451
4.173600,60.006038
4.173700,60.005662
4.173800,60.003850
4.173900,60.003517
4.174000,60.009454
4.174100,60.002158
4.174200,60.002586
4.174300,60.006325
4.174400,60.008093
4.174500,60.000034
4.174600,59.987437
4.174700,59.983330
4.174800,59.989186
4.174900,59.969818
4.175000,59.980111
4.175100,59.979942
4.175200,59.999708
4.175300,59.996314
4.175400,59.999317
4.175500,60.005141
4.175600,60.000993
4.175700,59.999290
4.175800,59.999348
4.175900,59.999559
4.176000,59.999553
4.176100,59.998259
4.176200,59.997315
4.176300,59.997999
4.176400,59.997260
4.176500,59.997242
4.176600,59.997321
4.176700,59.998447
4.176800,59.997196
4.176900,59.997823
4.177000,59.997828
4.177100,59.997392
4.177200,59.997635
4.177300,59.997726
4.177400,59.997454
4.177500,59.997723
4.177600,59.997530
4.177700,59.997776
4.177800,59.997924
4.177900,59.997878
4.178000,59.997544
4.178100,59.997764
4.178200,59.997543
4.178300,59.997566
4.178400,59.997833
4.178500,59.997593
4.178600,59.998003
4.178700,59.997687
4.178800,59.998015
4.178900,59.997996
4.179000,59.998164
4.179100,59.998288
4.179200,59.998207
4.179300,59.997980
4.179400,59.998065
4.179500,59.998005
4.179600,59.997906
4.179700,59.997477
4.179800,59.997373
4.179900,59.997819
4.180000,59.998127
4.180100,59.997845
4.180200,59.997490
4.180300,59.997222
4.180400,59.997684
4.180500,59.997179
4.180600,59.996791
4.180700,59.996180
4.180800,59.997694
4.180900,59.997920
4.181000,59.997870
4.181100,59.997429
4.181200,59.997394
4.181300,59.998355
4.181400,59.996909
4.181500,59.996641
4.181600,59.999160
4.181700,59.998838
4.181800,59.996456
4.181900,59.998412
4.182000,60.001196
4.182100,60.001695
4.182200,59.997842
4.182300,59.995702
4.182400,59.995986
4.182500,59.999870
4.182600,60.000285
4.182700,59.995629
4.182800,59.983725
4.182900,59.994894
4.183000,59.982514
4.183100,59.983167
4.183200,59.991067
4.183300,59.992451
4.183400,60.001962
4.183500,60.017649
4.183600,60.001643
4.183700,60.007507
4.183800,60.004799
4.183900,60.009534
4.184000,60.009970
4.184100,60.009484
4.184200,60.010003
4.184300,60.010390
4.184400,60.009764
4.184500,60.011258
4.184600,60.010776
4.184700,60.010616
4.184800,60.011898
4.184900,60.011582
4.185000,60.011283
4.185100,60.010790
4.185200,60.010864
4.185300,60.011261
4.185400,60.011810
4.185500,60.011265
4.185600,60.011558
4.185700,60.011610
4.185800,60.010975
4.185900,60.011538
4.186000,60.011291
4.186100,60.011105
4.186200,60.011139
4.186300,60.011178
4.186400,60.011291
4.186500,60.011123
4.186600,60.011010
4.186700,60.010941
4.186800,60.011167
4.186900,60.011330
4.187000,60.010998
4.187100,60.010939
4.187200,60.010935
4.187300,60.011364
4.187400,60.011620
4.187500,60.011003
4.187600,60.010995
4.187700,60.010489
4.187800,60.010919
4.187900,60.011425
4.188000,60.011676
4.188100,60.011330
4.188200,60.010475
4.188300,60.011122
4.188400,60.011498
4.188500,60.011653
4.188600,60.011480
4.188700,60.010948
4.188800,60.011285
4.188900,60.011030
4.189000,60.010216
4.189100,60.010208
4.189200,60.010699
4.189300,60.010765
4.189400,60.011473
4.189500,60.011528
4.189600,60.013274
4.189700,60.011511
4.189800,60.010513
4.189900,60.010968
4.190000,60.011866
4.190100,60.012328
4.190200,60.013099
4.190300,60.013346
4.190400,60.010069
4.190500,60.006831
4.190600,60.007182
4.190700,60.003312
4.190800,60.009085
4.190900,60.017175
4.191000,60.015013
4.191100,60.008151
4.191200,60.000309
4.191300,59.989316
4.191400,59.996578
4.191500,60.007064
4.191600,60.005274
4.191700,60.017516
4.191800,60.010954
4.191900,59.994650
4.192000,59.993333
4.192100,59.988100
4.192200,59.983845
4.192300,59.986196
4.192400,59.984637
4.192500,59.984642
4.192600,59.983742
4.192700,59.982528
4.192800,59.983427
4.192900,59.983196
4.193000,59.982654
4.193100,59.982460
4.193200,59.982506
4.193300,59.983206
4.193400,59.982922
4.193500,59.982383
4.193600,59.981872
4.193700,59.982036
4.193800,59.982409
4.193900,59.981706
4.194000,59.981430
4.194100,59.981259
4.194200,59.981902
4.194300,59.981654
4.194400,59.981879
4.194500,59.982179
4.194600,59.982227
4.194700,59.981932
4.194800,59.981852
4.194900,59.981841
4.195000,59.982195
4.195100,59.982448
4.195200,59.981922
4.195300,59.982160
4.195400,59.981923
4.195500,59.981840
4.195600,59.981680
4.195700,59.982215
4.195800,59.982281
4.195900,59.981527
4.196000,59.982049
4.196100,59.981792
4.196200,59.981527
4.196300,59.981695
4.196400,59.982129
4.196500,59.981792
4.196600,59.981378
4.196700,59.981823
4.196800,59.981359
4.196900,59.982133
4.197000,59.981741
4.197100,59.982228
4.197200,59.982059
4.197300,59.982452
4.197400,59.982557
4.197500,59.982049
4.197600,59.981844
4.197700,59.981825
4.197800,59.981860
4.197900,59.982588
4.198000,59.981025
4.198100,59.982316
4.198200,59.981786
4.198300,59.979634
4.198400,59.981530
4.198500,59.981681
4.198600,59.982032
4.198700,59.985573
4.198800,59.986537
4.198900,59.985530
4.199000,59.981428
4.199100,59.985193
4.199200,59.981653
4.199300,59.981441
4.199400,59.973190
4.199500,59.976702
4.199600,59.986336
4.199700,59.987485
4.199800,59.985639
4.199900,59.982729
4.200000,59.971450
4.200100,59.990163
4.200200,59.988642
4.200300,60.004938
4.200400,60.003720
4.200500,59.997542
4.200600,59.996878
4.200700,59.997379
4.200800,59.997160
4.200900,59.996970
4.201000,59.997537
4.201100,59.999039
4.201200,59.997321
4.201300,59.997126
4.201400,59.996561
4.201500,59.995892
4.201600,59.996579
4.201700,59.996888
4.201800,59.996826
4.201900,59.997066
4.202000,59.996674
4.202100,59.996246
4.202200,59.996431
4.202300,59.996455
4.202400,59.996772
4.202500,59.997050
4.202600,59.996450
4.202700,59.996581
4.202800,59.996368
4.202900,59.996339
4.203000,59.996404
4.203100,59.996086
4.203200,59.996559
4.203300,59.996503
4.203400,59.996094
4.203500,59.996630
4.203600,59.996655
4.203700,59.996489
4.203800,59.996505
4.203900,59.996532
4.204000,59.996635
4.204100,59.996766
4.204200,59.996256
4.204300,59.996152
4.204400,59.995751
4.204500,59.996590
4.204600,59.996183
4.204700,59.996403
4.204800,59.996376
4.204900,59.996288
4.205000,59.997001
4.205100,59.996426
4.205200,59.996094
4.205300,59.996144
4.205400,59.996495
4.205500,59.996078
4.205600,59.996940
4.205700,59.995962
4.205800,59.996310
4.205900,59.996013
4.206000,59.996869
4.206100,59.995717
4.206200,59.997468
4.206300,59.997359
4.206400,59.996311
4.206500,59.996719
4.206600,59.996835
4.206700,59.999237
4.206800,59.998103
4.206900,59.995072
4.207000,59.994452
4.207100,59.995816
4.207200,59.995871
4.207300,59.998236
4.207400,59.997106
4.207500,59.999107
4.207600,59.993036
4.207700,59.999993
4.207800,59.999133
4.207900,60.004346
4.208000,60.004542
4.208100,60.017215
4.208200,60.019297
4.208300,60.016429
4.208400,60.000344
4.208500,59.999619
4.208600,60.013366
4.208700,60.005528
4.208800,60.005053
4.208900,60.010089
4.209000,60.010806
4.209100,60.010901
4.209200,60.011016
4.209300,60.010476
4.209400,60.011200
4.209500,60.011170
4.209600,60.012295
4.209700,60.012855
4.209800,60.011876
4.209900,60.011865
4.210000,60.011782
4.210100,60.011752
4.210200,60.012175
4.210300,60.012583
4.210400,60.012332
4.210500,60.012929
4.210600,60.012494
4.210700,60.012452
4.210800,60.012801
4.210900,60.012180
4.211000,60.012504
4.211100,60.012408
4.211200,60.012223
4.211300,60.012101
4.211400,60.011808
4.211500,60.011833
4.211600,60.011844
4.211700,60.012121
4.211800,60.012259
4.211900,60.012045
4.212000,60.011961
4.212100,60.012284
4.212200,60.012320
4.212300,60.012213
4.212400,60.012641
4.212500,60.012165
4.212600,60.012355
4.212700,60.012343
4.212800,60.012490
4.212900,60.013051
4.213000,60.012226
4.213100,60.012268
4.213200,60.012318
4.213300,60.012719
4.213400,60.012300
4.213500,60.011544
4.213600,60.012083
4.213700,60.011996
4.213800,60.012733
4.213900,60.012413
4.214000,60.012847
4.214100,60.011831
4.214200,60.012619
4.214300,60.012647
4.214400,60.012576
4.214500,60.013647
4.214600,60.011849
4.214700,60.012485
4.214800,60.014649
4.214900,60.014466
4.215000,60.013396
4.215100,60.012285
4.215200,60.009716
4.215300,60.010148
4.215400,60.010773
4.215500,60.008064
4.215600,60.006792
4.215700,60.007988
4.215800,60.013173
4.215900,60.020196
4.216000,60.020098
4.216100,60.013790
4.216200,60.001025
4.216300,59.993198
4.216400,59.996722
4.216500,59.986183
4.216600,60.008226
4.216700,60.018869
4.216800,60.004790
4.216900,59.991814
4.217000,59.983834
4.217100,59.987200
4.217200,59.990921
4.217300,59.990696
4.217400,59.990229
4.217500,59.990315
4.217600,59.989729
4.217700,59.989430
4.217800,59.990216
4.217900,59.990022
4.218000,59.989511
4.218100,59.990380
4.218200,59.990017
4.218300,59.989843
4.218400,59.989599
4.218500,59.988610
4.218600,59.988742
4.218700,59.988773
4.218800,59.989356
4.218900,59.988917
4.219000,59.989409
4.219100,59.989650
4.219200,59.989710
4.219300,59.989528
4.219400,59.989427
4.219500,59.989432
4.219600,59.989425
4.219700,59.989552
4.219800,59.989277
4.219900,59.989593
4.220000,59.989228
4.220100,59.989268
4.220200,59.989508
4.220300,59.989248
4.220400,59.989193
4.220500,59.989462
4.220600,59.989338
4.220700,59.989157
4.220800,59.989115
4.220900,59.989248
4.221000,59.989706
4.221100,59.989153
4.221200,59.989133
4.221300,59.989019
4.221400,59.989127
4.221500,59.989249
4.221600,59.989142
4.221700,59.989587
4.221800,59.989506
4.221900,59.989094
4.222000,59.989983
4.222100,59.988936
4.222200,59.988672
4.222300,59.988851
4.222400,59.990072
4.222500,59.989323
4.222600,59.989692
4.222700,59.989343
4.222800,59.989670
4.222900,59.988861
4.223000,59.989712
4.223100,59.987473
4.223200,59.990144
4.223300,59.991879
4.223400,59.993436
4.223500,59.990478
4.223600,59.991359
4.223700,59.988739
4.223800,59.987912
4.223900,59.983576
4.224000,59.986989
4.224100,59.986856
4.224200,59.987422
4.224300,59.981164
4.224400,59.991440
4.224500,59.992279
4.224600,60.002912
4.224700,59.991429
4.224800,59.980650
4.224900,59.983682
4.225000,59.992665
4.225100,59.984588
4.225200,59.984805
4.225300,59.995945
4.225400,59.991956
4.225500,59.989990
4.225600,59.991790
4.225700,59.993031
4.225800,59.993015
4.225900,59.993891
4.226000,59.993121
4.226100,59.994698
4.226200,59.994134
4.226300,59.993305
4.226400,59.992962
4.226500,59.994128
4.226600,59.994589
4.226700,59.994246
4.226800,59.993614
4.226900,59.994193
4.227000,59.994173
4.227100,59.993413
4.227200,59.994021
4.227300,59.994150
4.227400,59.994275
4.227500,59.993733
4.227600,59.993937
4.227700,59.994009
4.227800,59.994099
4.227900,59.994081
4.228000,59.994091
4.228100,59.993828
4.228200,59.994006
4.228300,59.993937
4.228400,59.993845
4.228500,59.994308
4.228600,59.993889
4.228700,59.993760
4.228800,59.993935
4.228900,59.993523
4.229000,59.993853
4.229100,59.993858
4.229200,59.993446
4.229300,59.993516
4.229400,59.992984
4.229500,59.993476
4.229600,59.994008
4.229700,59.993268
4.229800,59.993769
4.229900,59.993592
4.230000,59.993469
4.230100,59.994246
4.230200,59.994060
4.230300,59.994972
4.230400,59.994776
4.230500,59.994356
4.230600,59.994219
4.230700,59.994274
4.230800,59.993698
4.230900,59.994156
4.231000,59.994376
4.231100,59.994588
4.231200,59.994222
4.231300,59.994403
4.231400,59.994859
4.231500,59.995510
4.231600,59.994749
4.231700,59.991839
4.231800,59.991931
4.231900,59.991433
4.232000,59.993031
4.232100,59.994202
4.232200,59.994369
4.232300,59.995683
4.232400,59.993497
4.232500,59.996629
4.232600,60.000616
4.232700,60.001716
4.232800,59.995342
4.232900,59.990696
4.233000,59.987803
4.233100,59.976498
4.233200,59.973613
4.233300,59.970339
4.233400,59.975904
4.233500,59.983918
4.233600,59.982743
4.233700,59.991251
4.233800,59.996019
4.233900,59.997077
4.234000,59.996074
4.234100,59.996080
4.234200,59.996233
4.234300,59.996951
4.234400,59.998886
4.234500,59.999748
4.234600,59.998874
4.234700,59.998020
4.234800,59.999441
4.234900,59.999221
4.235000,59.999016
4.235100,59.998247
4.235200,59.999107
4.235300,59.998767
4.235400,59.999345
4.235500,59.998646
4.235600,59.998626
4.235700,59.998962
4.235800,59.998650
4.235900,59.998648
4.236000,59.998733
4.236100,59.998753
4.236200,59.998495
4.236300,59.998687
4.236400,59.998541
4.236500,59.998627
4.236600,59.998625
4.236700,59.998706
4.236800,59.998637
4.236900,59.998977
4.237000,59.998471
4.237100,59.998384
4.237200,59.998645
4.237300,59.998594
4.237400,59.998651
4.237500,59.998622
4.237600,59.998678
4.237700,59.998600
4.237800,59.998677
4.237900,59.998223
4.238000,59.998513
4.238100,59.998252
4.238200,59.998276
4.238300,59.998519
4.238400,59.998596
4.238500,59.997979
4.238600,59.997466
4.238700,59.998670
4.238800,59.998358
4.238900,59.997069
4.239000,59.998426
4.239100,59.998235
4.239200,59.998749
4.239300,59.999213
4.239400,59.998584
4.239500,59.997911
4.239600,59.998346
4.239700,59.999106
4.239800,59.998925
4.239900,59.999988
4.240000,59.999231
4.240100,59.999311
4.240200,59.998364
4.240300,59.996945
4.240400,59.997079
4.240500,60.000214
4.240600,59.997311
4.240700,60.000674
4.240800,59.998018
4.240900,59.992207
4.241000,59.994502
4.241100,59.992753
4.241200,59.989430
4.241300,60.000256
4.241400,60.007832
4.241500,60.004753
4.241600,59.996901
4.241700,59.983725
4.241800,59.986357
4.241900,59.992965
4.242000,59.992609
4.242100,59.989295
4.242200,59.989813
4.242300,59.991067
4.242400,59.990656
4.242500,59.990388
4.242600,59.990779
4.242700,59.992352
4.242800,59.990299
4.242900,59.990558
4.243000,59.989801
4.243100,59.991237
4.243200,59.990457
4.243300,59.991095
4.243400,59.990699
4.243500,59.990554
4.243600,59.990365
4.243700,59.991147
4.243800,59.991634
4.243900,59.991789
4.244000,59.991578
4.244100,59.990924
4.244200,59.990727
4.244300,59.990727
4.244400,59.990655
4.244500,59.990547
4.244600,59.990678
4.244700,59.990640
4.244800,59.991124
4.244900,59.990862
4.245000,59.990572
4.245100,59.990843
4.245200,59.990822
4.245300,59.991010
4.245400,59.990751
4.245500,59.991109
4.245600,59.991264
4.245700,59.991390
4.245800,59.990972
4.245900,59.990332
4.246000,59.990681
4.246100,59.990730
4.246200,59.990538
4.246300,59.991146
4.246400,59.991165
4.246500,59.990808
4.246600,59.991004
4.246700,59.991300
4.246800,59.991230
4.246900,59.990800
4.247000,59.991288
4.247100,59.990748
4.247200,59.991264
4.247300,59.991481
4.247400,59.990403
4.247500,59.991086
4.247600,59.991078
4.247700,59.991346
4.247800,59.990536
4.247900,59.990424
4.248000,59.990063
4.248100,59.991816
4.248200,59.991915
4.248300,59.992136
4.248400,59.990303
4.248500,59.993620
4.248600,59.994439
4.248700,59.991950
4.248800,59.988387
4.248900,59.989462
4.249000,59.994493
4.249100,59.993535
4.249200,59.995040
4.249300,59.997680
4.249400,59.988466
4.249500,59.989914
4.249600,59.992053
4.249700,59.986918
4.249800,59.980967
4.249900,59.984692
4.250000,59.991753
4.250100,60.012594
4.250200,60.030388
4.250300,60.023821
4.250400,60.014429
4.250500,60.013729
4.250600,60.018221
4.250700,60.015923
4.250800,60.016036
4.250900,60.015903
4.251000,60.016468
4.251100,60.016660
4.251200,60.017023
4.251300,60.015910
4.251400,60.015993
4.251500,60.016422
4.251600,60.016035
4.251700,60.016571
4.251800,60.015865
4.251900,60.016260
4.252000,60.016559
4.252100,60.016673
4.252200,60.016639
4.252300,60.016286
4.252400,60.016971
4.252500,60.016331
4.252600,60.016669
4.252700,60.016204
4.252800,60.016299
4.252900,60.016321
4.253000,60.016309
4.253100,60.016360
4.253200,60.016728
4.253300,60.016622
4.253400,60.016349
4.253500,60.016202
4.253600,60.016444
4.253700,60.016981
4.253800,60.016438
4.253900,60.016507
4.254000,60.016659
4.254100,60.016396
4.254200,60.016323
4.254300,60.016501
4.254400,60.016586
4.254500,60.016371
4.254600,60.016235
4.254700,60.016574
4.254800,60.016339
4.254900,60.016012
4.255000,60.016470
4.255100,60.015914
4.255200,60.016735
4.255300,60.017409
4.255400,60.016832
4.255500,60.015921
4.255600,60.016366
4.255700,60.016034
4.255800,60.016200
4.255900,60.015974
4.256000,60.016090
4.256100,60.016662
4.256200,60.017643
4.256300,60.015716
4.256400,60.015908
4.256500,60.016953
4.256600,60.016344
4.256700,60.015219
4.256800,60.016789
4.256900,60.016497
4.257000,60.014140
4.257100,60.012395
4.257200,60.016920
4.257300,60.019486
4.257400,60.015472
4.257500,60.023029
4.257600,60.021440
4.257700,60.027338
4.257800,60.024071
4.257900,60.027396
4.258000,60.039974
4.258100,60.025195
4.258200,60.007009
4.258300,60.016163
4.258400,59.993650
4.258500,60.013854
4.258600,60.006915
4.258700,60.014150
4.258800,60.016248
4.258900,60.015586
4.259000,60.014471
4.259100,60.014561
4.259200,60.014058
4.259300,60.015144
4.259400,60.014805
4.259500,60.015356
4.259600,60.014938
4.259700,60.014690
4.259800,60.015380
4.259900,60.016114
4.260000,60.016522
4.260100,60.015584
4.260200,60.015511
4.260300,60.015368
4.260400,60.015470
4.260500,60.015120
4.260600,60.015080
4.260700,60.015695
4.260800,60.015467
4.260900,60.014971
4.261000,60.015398
4.261100,60.015373
4.261200,60.015304
4.261300,60.015296
4.261400,60.015011
4.261500,60.014899
4.261600,60.015314
4.261700,60.015483
4.261800,60.014903
4.261900,60.015078
4.262000,60.014979
4.262100,60.015195
4.262200,60.015154
4.262300,60.015533
4.262400,60.015448
4.262500,60.015374
4.262600,60.015161
4.262700,60.014795
4.262800,60.015238
4.262900,60.015224
4.263000,60.015057
4.263100,60.015279
4.263200,60.015449
4.263300,60.015102
4.263400,60.015087
4.263500,60.015684
4.263600,60.014844
4.263700,60.015169
4.263800,60.015617
4.263900,60.016279
4.264000,60.015168
4.264100,60.014907
4.264200,60.015750
4.264300,60.015816
4.264400,60.014084
4.264500,60.015251
4.264600,60.014196
4.264700,60.014991
4.264800,60.015004
4.264900,60.014086
4.265000,60.014646
4.265100,60.017358
4.265200,60.016281
4.265300,60.013040
4.265400,60.016714
4.265500,60.014975
4.265600,60.014758
4.265700,60.016645
4.265800,60.012348
4.265900,60.011212
4.266000,60.003618
4.266100,60.009609
4.266200,60.022449
4.266300,60.023675
4.266400,60.019860
4.266500,60.015991
4.266600,60.013689
4.266700,59.998136
4.266800,59.996833
4.266900,60.005441
4.267000,60.012922
4.267100,60.001645
4.267200,60.003019
4.267300,60.005991
4.267400,60.004643
4.267500,60.004627
4.267600,60.004203
4.267700,60.005067
4.267800,60.003611
4.267900,60.005398
4.268000,60.004665
4.268100,60.004304
4.268200,60.004859
4.268300,60.004861
4.268400,60.004964
4.268500,60.004773
4.268600,60.004987
4.268700,60.005307
4.268800,60.004811
4.268900,60.005089
4.269000,60.004927
4.269100,60.004818
4.269200,60.004924
4.269300,60.005058
4.269400,60.005174
4.269500,60.005216
4.269600,60.005474
4.269700,60.005479
4.269800,60.004858
4.269900,60.004986
4.270000,60.004872
4.270100,60.005112
4.270200,60.004768
4.270300,60.004742
4.270400,60.004631
4.270500,60.005052
4.270600,60.004454
4.270700,60.004829
4.270800,60.005290
4.270900,60.005126
4.271000,60.004610
4.271100,60.005230
4.271200,60.004949
4.271300,60.004632
4.271400,60.004858
4.271500,60.005338
4.271600,60.005486
4.271700,60.004929
4.271800,60.004784
4.271900,60.004924
4.272000,60.004780
4.272100,60.004913
4.272200,60.004804
4.272300,60.004418
4.272400,60.005513
4.272500,60.005341
4.272600,60.005809
4.272700,60.004646
4.272800,60.004689
4.272900,60.004558
4.273000,60.005566
4.273100,60.003899
4.273200,60.004773
4.273300,60.005393
4.273400,60.008073
4.273500,60.004986
4.273600,60.006542
4.273700,60.007682
4.273800,60.005053
4.273900,60.004455
4.274000,60.008114
4.274100,60.003776
4.274200,60.008513
4.274300,60.007901
4.274400,60.001159
4.274500,59.989214
4.274600,59.992128
4.274700,60.002331
4.274800,60.020917
4.274900,60.004144
4.275000,59.995797
4.275100,59.976364
4.275200,59.974394
4.275300,59.983550
4.275400,59.984481
4.275500,59.983049
4.275600,59.983902
4.275700,59.982998
4.275800,59.983148
4.275900,59.983011
4.276000,59.982871
4.276100,59.984031
4.276200,59.983133
4.276300,59.981600
4.276400,59.981471
4.276500,59.982927
4.276600,59.982952
4.276700,59.983162
4.276800,59.981924
4.276900,59.982157
4.277000,59.981888
4.277100,59.982426
4.277200,59.982784
4.277300,59.982239
4.277400,59.982068
4.277500,59.982431
4.277600,59.982341
4.277700,59.982604
4.277800,59.982738
4.277900,59.982235
4.278000,59.981854
4.278100,59.982166
4.278200,59.982448
4.278300,59.982310
4.278400,59.982169
4.278500,59.981964
4.278600,59.982271
4.278700,59.982103
4.278800,59.982207
4.278900,59.982404
4.279000,59.982418
4.279100,59.982001
4.279200,59.982153
4.279300,59.982478
4.279400,59.981913
4.279500,59.982135
4.279600,59.982315
4.279700,59.982332
4.279800,59.982163
4.279900,59.982345
4.280000,59.982427
4.280100,59.982845
4.280200,59.982403
4.280300,59.983508
4.280400,59.982395
4.280500,59.982795
4.280600,59.983180
4.280700,59.982069
4.280800,59.982092
4.280900,59.980685
4.281000,59.981229
4.281100,59.981685
4.281200,59.981883
4.281300,59.982085
4.281400,59.982394
4.281500,59.983069
4.281600,59.983058
4.281700,59.980096
4.281800,59.980614
4.281900,59.978779
4.282000,59.982973
4.282100,59.985740
4.282200,59.988034
4.282300,59.985794
4.282400,59.984286
4.282500,59.984405
4.282600,59.976759
4.282700,59.978926
4.282800,59.980868
4.282900,59.969233
4.283000,59.976383
4.283100,59.971993
4.283200,59.965992
4.283300,59.970068
4.283400,59.966710
4.283500,59.964986
4.283600,59.965794
4.283700,59.970238
4.283800,59.960305
4.283900,59.959401
4.284000,59.962329
4.284100,59.961911
4.284200,59.962057
4.284300,59.960731
4.284400,59.960872
4.284500,59.960651
4.284600,59.961636
4.284700,59.961744
4.284800,59.961604
4.284900,59.961188
4.285000,59.960262
4.285100,59.960612
4.285200,59.960790
4.285300,59.961040
4.285400,59.961021
4.285500,59.961562
4.285600,59.961344
4.285700,59.961106
4.285800,59.960887
4.285900,59.960938
4.286000,59.961244
4.286100,59.960931
4.286200,59.961016
4.286300,59.960620
4.286400,59.960750
4.286500,59.960960
4.286600,59.961201
4.286700,59.960954
4.286800,59.960848
4.286900,59.961044
4.287000,59.961402
4.287100,59.961172
4.287200,59.961305
4.287300,59.961034
4.287400,59.961034
4.287500,59.961354
4.287600,59.961112
4.287700,59.960956
4.287800,59.960664
4.287900,59.961448
4.288000,59.961068
4.288100,59.961218
4.288200,59.960708
4.288300,59.961242
4.288400,59.961187
4.288500,59.960747
4.288600,59.961576
4.288700,59.960804
4.288800,59.960885
4.288900,59.961377
4.289000,59.960381
4.289100,59.960045
4.289200,59.960432
4.289300,59.960711
4.289400,59.961026
4.289500,59.960429
4.289600,59.960094
4.289700,59.961965
4.289800,59.960695
4.289900,59.959517
4.290000,59.962280
4.290100,59.964410
4.290200,59.963195
4.290300,59.964868
4.290400,59.964358
4.290500,59.965446
4.290600,59.967181
4.290700,59.969062
4.290800,59.967493
4.290900,59.960893
4.291000,59.962660
4.291100,59.951643
4.291200,59.949860
4.291300,59.963433
4.291400,59.976188
4.291500,59.983395
4.291600,59.964087
4.291700,59.967703
4.291800,59.984672
4.291900,59.981842
4.292000,59.984011
4.292100,59.991886
4.292200,59.994816
4.292300,59.993573
4.292400,59.992948
4.292500,59.992961
4.292600,59.992748
4.292700,59.993719
4.292800,59.994121
4.292900,59.993684
4.293000,59.993139
4.293100,59.992957
4.293200,59.992080
4.293300,59.992306
4.293400,59.993392
4.293500,59.992987
4.293600,59.992488
4.293700,59.992773
4.293800,59.992505
4.293900,59.992742
4.294000,59.992550
4.294100,59.992424
4.294200,59.992499
4.294300,59.992623
4.294400,59.992424
4.294500,59.992132
4.294600,59.992316
4.294700,59.992558
4.294800,59.992799
4.294900,59.992471
4.295000,59.992519
4.295100,59.992673
4.295200,59.992607
4.295300,59.992738
4.295400,59.993099
4.295500,59.993116
4.295600,59.992430
4.295700,59.993101
4.295800,59.992385
4.295900,59.992080
4.296000,59.992832
4.296100,59.992884
4.296200,59.992685
4.296300,59.992314
4.296400,59.992201
4.296500,59.992458
4.296600,59.992521
4.296700,59.993147
4.296800,59.993381
4.296900,59.992715
4.297000,59.992475
4.297100,59.992395
4.297200,59.992723
4.297300,59.993211
4.297400,59.993503
4.297500,59.993783
4.297600,59.993488
4.297700,59.994172
4.297800,59.993831
4.297900,59.993273
4.298000,59.993797
4.298100,59.992036
4.298200,59.994730
4.298300,59.993249
4.298400,59.990911
4.298500,59.994441
4.298600,59.994715
4.298700,59.993889
4.298800,59.994677
4.298900,59.992335
4.299000,59.994101
4.299100,59.993958
4.299200,59.991081
4.299300,59.992054
4.299400,59.989693
4.299500,59.996987
4.299600,60.012181
4.299700,60.009384
4.299800,59.990943
4.299900,59.986599
4.300000,59.988015
4.300100,59.969756
4.300200,59.988221
4.300300,60.003061
4.300400,60.002198
4.300500,60.004431
4.300600,60.002567
4.300700,60.003529
4.300800,60.003654
4.300900,60.004392
4.301000,60.003297
4.301100,60.004817
4.301200,60.004847
4.301300,60.004923
4.301400,60.006568
4.301500,60.004900
4.301600,60.004708
4.301700,60.005357
4.301800,60.005728
4.301900,60.005148
4.302000,60.005135
4.302100,60.005130
4.302200,60.005042
4.302300,60.005124
4.302400,60.004944
4.302500,60.005154
4.302600,60.005258
4.302700,60.005072
4.302800,60.005239
4.302900,60.005613
4.303000,60.005508
4.303100,60.005517
4.303200,60.005372
4.303300,60.005490
4.303400,60.005482
4.303500,60.005494
4.303600,60.005153
4.303700,60.005136
4.303800,60.005243
4.303900,60.005068
4.304000,60.005366
4.304100,60.005334
4.304200,60.005155
4.304300,60.005766
4.304400,60.005368
4.304500,60.005317
4.304600,60.004833
4.304700,60.005323
4.304800,60.004937
4.304900,60.005186
4.305000,60.005297
4.305100,60.005909
4.305200,60.005211
4.305300,60.005156
4.305400,60.005468
4.305500,60.005053
4.305600,60.004876
4.305700,60.005084
4.305800,60.005521
4.305900,60.004959
4.306000,60.004784
4.306100,60.005135
4.306200,60.005546
4.306300,60.005162
4.306400,60.005499
4.306500,60.006099
4.306600,60.006328
4.306700,60.006466
4.306800,60.006010
4.306900,60.008774
4.307000,60.006170
4.307100,60.005153
4.307200,60.004474
4.307300,60.007729
4.307400,60.007534
4.307500,60.010333
4.307600,60.009810
4.307700,60.009711
4.307800,60.000391
4.307900,60.001195
4.308000,60.016536
4.308100,60.017422
4.308200,60.004721
4.308300,60.027334
4.308400,60.022312
4.308500,60.039846
4.308600,60.031506
4.308700,60.022284
4.308800,60.022662
4.308900,60.022097
4.309000,60.023836
4.309100,60.023908
4.309200,60.023192
4.309300,60.024628
4.309400,60.024104
4.309500,60.025777
4.309600,60.023669
4.309700,60.024608
4.309800,60.025262
4.309900,60.024425
4.310000,60.024857
4.310100,60.024024
4.310200,60.024220
4.310300,60.024717
4.310400,60.024696
4.310500,60.024921
4.310600,60.024652
4.310700,60.024856
4.310800,60.024869
4.310900,60.024869
4.311000,60.024764
4.311100,60.024781
4.311200,60.025143
4.311300,60.024583
4.311400,60.024423
4.311500,60.024443
4.311600,60.024388
4.311700,60.024262
4.311800,60.024689
4.311900,60.024135
4.312000,60.024503
4.312100,60.024430
4.312200,60.024999
4.312300,60.024896
4.312400,60.025023
4.312500,60.024583
4.312600,60.024590
4.312700,60.024615
4.312800,60.024659
4.312900,60.024674
4.313000,60.024452
4.313100,60.024508
4.313200,60.024450
4.313300,60.024670
4.313400,60.024768
4.313500,60.024983
4.313600,60.024913
4.313700,60.024545
4.313800,60.024665
4.313900,60.024950
4.314000,60.024440
4.314100,60.024166
4.314200,60.025506
4.314300,60.025618
4.314400,60.024059
4.314500,60.024589
4.314600,60.024963
4.314700,60.025274
4.314800,60.024588
4.314900,60.024939
4.315000,60.024799
4.315100,60.024625
4.315200,60.024953
4.315300,60.026304
4.315400,60.024689
4.315500,60.021246
4.315600,60.019920
4.315700,60.026287
4.315800,60.026810
4.315900,60.023522
4.316000,60.031039
4.316100,60.039662
4.316200,60.035359
4.316300,60.030956
4.316400,60.018665
4.316500,60.029197
4.316600,60.017428
4.316700,60.013797
4.316800,60.014015
4.316900,60.032657
4.317000,60.031100
4.317100,60.028594
4.317200,60.029476
4.317300,60.030371
4.317400,60.029529
4.317500,60.029841
4.317600,60.028963
4.317700,60.030373
4.317800,60.030075
4.317900,60.030465
4.318000,60.029005
4.318100,60.028586
4.318200,60.028879
4.318300,60.028342
4.318400,60.028384
4.318500,60.028570
4.318600,60.028588
4.318700,60.028410
4.318800,60.028097
4.318900,60.028770
4.319000,60.028850
4.319100,60.028580
4.319200,60.028531
4.319300,60.028551
4.319400,60.028251
4.319500,60.028757
4.319600,60.028702
4.319700,60.028515
4.319800,60.028496
4.319900,60.028946
4.320000,60.028847
4.320100,60.028528
4.320200,60.028441
4.320300,60.028549
4.320400,60.028297
4.320500,60.028454
4.320600,60.028447
4.320700,60.028475
4.320800,60.028434
4.320900,60.028712
4.321000,60.028727
4.321100,60.028773
4.321200,60.028747
4.321300,60.029022
4.321400,60.028998
4.321500,60.029253
4.321600,60.028905
4.321700,60.028203
4.321800,60.028853
4.321900,60.027864
4.322000,60.028613
4.322100,60.029111
4.322200,60.028590
4.322300,60.028438
4.322400,60.028538
4.322500,60.029240
4.322600,60.028614
4.322700,60.028222
4.322800,60.027531
4.322900,60.028342
4.323000,60.029325
4.323100,60.030445
4.323200,60.028760
4.323300,60.028004
4.323400,60.029535
4.323500,60.030245
4.323600,60.031825
4.323700,60.028304
4.323800,60.031465
4.323900,60.030333
4.324000,60.028320
4.324100,60.029646
4.324200,60.032093
4.324300,60.028007
4.324400,60.023585
4.324500,60.023410
4.324600,60.038698
4.324700,60.031717
4.324800,60.023639
4.324900,60.011956
4.325000,60.003810
4.325100,59.983586
4.325200,59.972077
4.325300,59.980800
4.325400,59.988998
4.325500,59.989950
4.325600,59.992409
4.325700,59.992274
4.325800,59.992261
4.325900,59.992553
4.326000,59.993488
4.326100,59.993529
4.326200,59.994041
4.326300,59.992255
4.326400,59.992675
4.326500,59.993255
4.326600,59.994261
4.326700,59.993031
4.326800,59.993030
4.326900,59.993676
4.327000,59.993567
4.327100,59.993955
4.327200,59.993219
4.327300,59.992898
4.327400,59.993107
4.327500,59.993105
4.327600,59.993742
4.327700,59.993006
4.327800,59.992982
4.327900,59.993152
4.328000,59.992996
4.328100,59.993161
4.328200,59.992818
4.328300,59.992907
4.328400,59.993084
4.328500,59.993232
4.328600,59.993065
4.328700,59.993132
4.328800,59.993051
4.328900,59.993111
4.329000,59.993282
4.329100,59.993228
4.329200,59.993042
4.329300,59.992613
4.329400,59.992659
4.329500,59.992877
4.329600,59.992842
4.329700,59.992599
4.329800,59.992891
4.329900,59.992472
4.330000,59.992833
4.330100,59.992978
4.330200,59.992512
4.330300,59.992496
4.330400,59.992419
4.330500,59.993251
4.330600,59.992975
4.330700,59.993313
4.330800,59.992944
4.330900,59.993505
4.331000,59.993505
4.331100,59.993500
4.331200,59.993737
4.331300,59.992954
4.331400,59.991082
4.331500,59.992508
4.331600,59.992157
4.331700,59.993982
4.331800,59.993060
4.331900,59.994923
4.332000,59.994411
4.332100,59.990477
4.332200,59.994160
4.332300,59.992855
4.332400,59.992718
4.332500,59.990894
4.332600,59.989502
4.332700,59.981079
4.332800,59.977385
4.332900,59.987099
4.333000,59.981671
4.333100,60.001699
4.333200,59.994463
4.333300,60.003446
4.333400,59.986893
4.333500,59.981495
4.333600,59.998418
4.333700,59.989042
4.333800,59.988212
4.333900,59.991470
4.334000,59.991299
4.334100,59.991183
4.334200,59.991672
4.334300,59.991084
4.334400,59.992642
4.334500,59.991257
4.334600,59.992115
4.334700,59.992124
4.334800,59.991065
4.334900,59.990136
4.335000,59.990669
4.335100,59.991399
4.335200,59.991517
4.335300,59.991631
4.335400,59.991819
4.335500,59.991721
4.335600,59.991803
4.335700,59.991141
4.335800,59.991338
4.335900,59.991622
4.336000,59.991430
4.336100,59.991480
4.336200,59.991304
4.336300,59.991386
4.336400,59.991455
4.336500,59.991787
4.336600,59.991208
4.336700,59.991638
4.336800,59.991052
4.336900,59.991341
4.337000,59.991359
4.337100,59.991451
4.337200,59.991299
4.337300,59.991462
4.337400,59.991559
4.337500,59.991160
4.337600,59.991005
4.337700,59.991152
4.337800,59.991629
4.337900,59.991424
4.338000,59.991445
4.338100,59.990937
4.338200,59.991448
4.338300,59.990834
4.338400,59.991583
4.338500,59.991074
4.338600,59.992024
4.338700,59.991145
4.338800,59.990958
4.338900,59.991024
4.339000,59.991844
4.339100,59.991653
4.339200,59.991626
4.339300,59.991303
4.339400,59.991602
4.339500,59.991152
4.339600,59.991782
4.339700,59.990788
4.339800,59.991617
4.339900,59.991266
4.340000,59.992388
4.340100,59.993195
4.340200,59.993706
4.340300,59.994377
4.340400,59.992914
4.340500,59.989295
4.340600,59.985465
4.340700,59.990300
4.340800,59.987804
4.340900,59.985423
4.341000,59.986098
4.341100,59.987910
4.341200,59.975322
4.341300,59.962309
4.341400,59.978691
4.341500,59.976120
4.341600,59.983867
4.341700,59.976752
4.341800,59.987941
4.341900,59.983375
4.342000,59.990069
4.342100,59.982123
4.342200,59.979263
4.342300,59.980000
4.342400,59.979107
4.342500,59.979212
4.342600,59.978542
4.342700,59.977508
4.342800,59.978193
4.342900,59.980046
4.343000,59.978304
4.343100,59.979136
4.343200,59.978304
4.343300,59.978107
4.343400,59.978830
4.343500,59.978984
4.343600,59.978488
4.343700,59.978018
4.343800,59.978067
4.343900,59.978716
4.344000,59.978104
4.344100,59.978241
4.344200,59.978146
4.344300,59.978061
4.344400,59.978403
4.344500,59.978138
4.344600,59.978079
4.344700,59.978159
4.344800,59.977793
4.344900,59.977809
4.345000,59.978037
4.345100,59.978016
4.345200,59.977815
4.345300,59.978209
4.345400,59.977959
4.345500,59.977847
4.345600,59.978103
4.345700,59.977920
4.345800,59.978125
4.345900,59.978445
4.346000,59.978087
4.346100,59.978421
4.346200,59.978260
4.346300,59.977775
4.346400,59.978183
4.346500,59.978293
4.346600,59.978264
4.346700,59.977644
4.346800,59.977324
4.346900,59.977842
4.347000,59.977799
4.347100,59.977432
4.347200,59.977086
4.347300,59.978409
4.347400,59.979093
4.347500,59.979011
4.347600,59.978233
4.347700,59.978445
4.347800,59.977271
4.347900,59.977051
4.348000,59.978386
4.348100,59.976398
4.348200,59.978130
4.348300,59.978973
4.348400,59.978706
4.348500,59.975869
4.348600,59.978602
4.348700,59.974653
4.348800,59.978411
4.348900,59.979670
4.349000,59.979237
4.349100,59.980101
4.349200,59.983975
4.349300,59.977773
4.349400,59.974505
4.349500,59.975803
4.349600,59.977217
4.349700,59.973852
4.349800,59.982647
4.349900,59.973748
4.350000,59.981188
4.350100,59.966991
4.350200,59.987194
4.350300,59.997876
4.350400,60.003724
4.350500,60.006006
4.350600,60.001105
4.350700,59.999607
4.350800,59.999686
4.350900,60.000009
4.351000,60.001341
4.351100,60.000945
4.351200,60.000074
4.351300,59.999518
4.351400,59.999300
4.351500,59.999653
4.351600,59.998683
4.351700,59.999516
4.351800,59.999114
4.351900,59.999340
4.352000,59.999247
4.352100,59.999536
4.352200,59.999286
4.352300,59.999230
4.352400,59.999922
4.352500,60.000071
4.352600,59.999505
4.352700,59.999613
4.352800,59.999901
4.352900,59.999469
4.353000,59.999561
4.353100,59.999312
4.353200,59.999486
4.353300,59.999473
4.353400,59.999108
4.353500,59.999183
4.353600,59.999527
4.353700,59.999014
4.353800,59.999270
4.353900,59.999852
4.354000,59.999732
4.354100,59.999470
4.354200,59.999290
4.354300,59.999776
4.354400,59.999185
4.354500,59.999286
4.354600,59.998990
4.354700,59.999326
4.354800,60.000189
4.354900,59.999359
4.355000,59.999816
4.355100,60.000133
4.355200,60.000083
4.355300,60.000564
4.355400,60.000263
4.355500,59.999604
4.355600,59.998943
4.355700,59.998684
4.355800,59.999239
4.355900,59.999244
4.356000,59.999811
4.356100,59.999055
4.356200,59.999526
4.356300,59.999596
4.356400,60.000415
4.356500,59.998862
4.356600,59.999175
4.356700,59.999285
4.356800,59.997442
4.356900,59.999317
4.357000,60.001810
4.357100,60.002768
4.357200,60.001912
4.357300,59.996747
4.357400,59.999689
4.357500,59.993198
4.357600,59.993424
4.357700,59.996355
4.357800,59.985482
4.357900,59.993569
4.358000,60.005984
4.358100,60.012707
4.358200,60.008217
4.358300,60.026953
4.358400,60.027108
4.358500,60.019138
4.358600,60.018362
4.358700,60.004788
4.358800,60.012379
4.358900,60.009761
4.359000,60.011607
4.359100,60.011551
4.359200,60.011541
4.359300,60.012170
4.359400,60.011828
4.359500,60.010260
4.359600,60.010368
4.359700,60.011538
4.359800,60.011892
4.359900,60.011382
4.360000,60.010565
4.360100,60.010346
4.360200,60.010691
4.360300,60.011464
4.360400,60.010926
4.360500,60.010964
4.360600,60.011300
4.360700,60.011317
4.360800,60.011237
4.360900,60.011141
4.361000,60.011303
4.361100,60.011381
4.361200,60.011485
4.361300,60.011409
4.361400,60.011278
4.361500,60.010948
4.361600,60.010940
4.361700,60.011171
4.361800,60.011565
4.361900,60.010922
4.362000,60.010850
4.362100,60.011297
4.362200,60.011318
4.362300,60.011772
4.362400,60.011081
4.362500,60.011187
4.362600,60.011207
4.362700,60.011404
4.362800,60.011465
4.362900,60.011288
4.363000,60.010957
4.363100,60.011322
4.363200,60.011215
4.363300,60.011844
4.363400,60.011540
4.363500,60.011679
4.363600,60.012050
4.363700,60.011272
4.363800,60.011204
4.363900,60.011180
4.364000,60.011695
4.364100,60.010631
4.364200,60.010709
4.364300,60.011270
4.364400,60.011360
4.364500,60.010988
4.364600,60.012241
4.364700,60.010560
4.364800,60.012207
4.364900,60.011937
4.365000,60.014785
4.365100,60.012139
4.365200,60.013820
4.365300,60.012671
4.365400,60.011407
4.365500,60.011779
4.365600,60.013964
4.365700,60.012289
4.365800,60.015705
4.365900,60.011880
4.366000,60.002865
4.366100,60.012767
4.366200,60.022790
4.366300,60.009231
4.366400,60.015091
4.366500,60.015812
4.366600,60.012463
4.366700,60.019734
4.366800,60.014454
4.366900,60.012556
4.367000,60.014875
4.367100,60.008772
4.367200,60.014109
4.367300,60.016684
4.367400,60.016434
4.367500,60.016445
4.367600,60.016527
4.367700,60.015346
4.367800,60.013988
4.367900,60.015541
4.368000,60.017418
4.368100,60.018629
4.368200,60.018933
4.368300,60.018435
4.368400,60.019521
4.368500,60.018452
4.368600,60.018546
4.368700,60.018823
4.368800,60.018553
4.368900,60.018515
4.369000,60.017834
4.369100,60.017860
4.369200,60.018018
4.369300,60.018096
4.369400,60.018155
4.369500,60.017739
4.369600,60.018327
4.369700,60.018496
4.369800,60.017891
4.369900,60.018089
4.370000,60.018338
4.370100,60.018530
4.370200,60.018107
4.370300,60.017863
4.370400,60.018124
4.370500,60.018330
4.370600,60.018066
4.370700,60.017861
4.370800,60.017737
4.370900,60.017933
4.371000,60.017960
4.371100,60.018353
4.371200,60.018211
4.371300,60.018428
4.371400,60.018793
4.371500,60.018756
4.371600,60.018748
4.371700,60.018440
4.371800,60.018623
4.371900,60.018015
4.372000,60.018223
4.372100,60.018915
4.372200,60.018298
4.372300,60.018757
4.372400,60.018147
4.372500,60.017649
4.372600,60.018436
4.372700,60.018010
4.372800,60.019027
4.372900,60.018798
4.373000,60.020004
4.373100,60.018545
4.373200,60.018181
4.373300,60.018198
4.373400,60.017162
4.373500,60.016472
4.373600,60.015195
4.373700,60.017782
4.373800,60.016010
4.373900,60.012265
4.374000,60.017889
4.374100,60.014149
4.374200,60.012259
4.374300,60.014887
4.374400,60.016673
4.374500,60.024246
4.374600,60.017565
4.374700,60.014422
4.374800,60.021050
4.374900,60.034388
4.375000,60.028690
4.375100,60.043726
4.375200,60.046395
4.375300,60.052380
4.375400,60.042089
4.375500,60.043095
4.375600,60.039463
4.375700,60.037983
4.375800,60.037811
4.375900,60.037881
4.376000,60.037848
4.376100,60.037966
4.376200,60.037329
4.376300,60.037670
4.376400,60.037895
4.376500,60.036585
4.376600,60.037176
4.376700,60.037637
4.376800,60.037356
4.376900,60.037472
4.377000,60.037358
4.377100,60.037677
4.377200,60.037575
4.377300,60.037552
4.377400,60.037421
4.377500,60.037334
4.377600,60.037752
4.377700,60.037145
4.377800,60.037336
4.377900,60.037291
4.378000,60.037629
4.378100,60.037527
4.378200,60.037738
4.378300,60.037131
4.378400,60.037547
4.378500,60.037644
4.378600,60.037151
4.378700,60.037242
4.378800,60.037305
4.378900,60.037468
4.379000,60.037701
4.379100,60.037496
4.379200,60.037722
4.379300,60.037803
4.379400,60.037510
4.379500,60.037283
4.379600,60.037379
4.379700,60.037151
4.379800,60.037539
4.379900,60.037072
4.380000,60.036303
4.380100,60.036965
4.380200,60.037616
4.380300,60.037681
4.380400,60.037664
4.380500,60.037267
4.380600,60.037182
4.380700,60.036748
4.380800,60.037211
4.380900,60.037079
4.381000,60.037789
4.381100,60.037760
4.381200,60.037319
4.381300,60.039037
4.381400,60.037237
4.381500,60.038689
4.381600,60.037381
4.381700,60.036812
4.381800,60.037249
4.381900,60.038692
4.382000,60.035090
4.382100,60.035009
4.382200,60.035280
4.382300,60.036552
4.382400,60.031498
4.382500,60.036248
4.382600,60.027883
4.382700,60.021183
4.382800,60.021679
4.382900,60.015007
4.383000,60.018978
4.383100,60.032281
4.383200,60.027942
4.383300,60.022579
4.383400,60.002354
4.383500,60.002328
4.383600,59.999610
4.383700,59.997860
4.383800,59.999411
4.383900,59.998300
4.384000,59.997176
4.384100,59.997197
4.384200,59.998105
4.384300,59.998144
4.384400,59.998901
4.384500,59.997242
4.384600,59.995585
4.384700,59.996501
4.384800,59.997975
4.384900,59.997371
4.385000,59.996502
4.385100,59.996394
4.385200,59.996781
4.385300,59.996813
4.385400,59.996602
4.385500,59.996508
4.385600,59.996248
4.385700,59.996639
4.385800,59.996473
4.385900,59.995833
4.386000,59.995917
4.386100,59.996384
4.386200,59.996573
4.386300,59.996713
4.386400,59.996442
4.386500,59.996614
4.386600,59.996807
4.386700,59.996315
4.386800,59.996086
4.386900,59.996374
4.387000,59.996424
4.387100,59.996323
4.387200,59.996081
4.387300,59.996579
4.387400,59.996482
4.387500,59.996230
4.387600,59.996608
4.387700,59.996283
4.387800,59.996218
4.387900,59.996140
4.388000,59.996374
4.388100,59.996546
4.388200,59.996157
4.388300,59.996424
4.388400,59.996835
4.388500,59.996491
4.388600,59.996032
4.388700,59.996482
4.388800,59.995823
4.388900,59.995756
4.389000,59.995931
4.389100,59.996145
4.389200,59.996355
4.389300,59.996425
4.389400,59.997466
4.389500,59.997066
4.389600,59.995478
4.389700,59.993319
4.389800,59.994450
4.389900,59.995939
4.390000,59.996990
4.390100,59.996250
4.390200,59.996392
4.390300,59.994164
4.390400,59.996971
4.390500,59.993803
4.390600,59.989763
4.390700,59.989217
4.390800,59.996140
4.390900,59.991771
4.391000,59.992241
4.391100,60.002900
4.391200,59.995117
4.391300,60.007371
4.391400,60.020475
4.391500,60.010062
4.391600,60.016496
4.391700,59.993858
4.391800,60.014426
4.391900,60.008285
4.392000,59.993551
4.392100,59.984305
4.392200,59.989552
4.392300,59.989977
4.392400,59.989679
4.392500,59.989680
4.392600,59.989076
4.392700,59.989190
4.392800,59.989655
4.392900,59.988453
4.393000,59.988920
4.393100,59.989175
4.393200,59.989308
4.393300,59.989088
4.393400,59.988270
4.393500,59.988632
4.393600,59.989170
4.393700,59.988986
4.393800,59.988998
4.393900,59.988630
4.394000,59.988875
4.394100,59.989303
4.394200,59.988885
4.394300,59.988831
4.394400,59.989041
4.394500,59.988649
4.394600,59.988697
4.394700,59.988594
4.394800,59.988201
4.394900,59.988657
4.395000,59.988808
4.395100,59.988845
4.395200,59.988897
4.395300,59.988600
4.395400,59.988770
4.395500,59.988216
4.395600,59.988538
4.395700,59.988508
4.395800,59.988622
4.395900,59.988789
4.396000,59.988930
4.396100,59.989111
4.396200,59.988413
4.396300,59.988648
4.396400,59.989293
4.396500,59.988929
4.396600,59.989013
4.396700,59.988443
4.396800,59.988177
4.396900,59.988685
4.397000,59.988731
4.397100,59.988972
4.397200,59.988449
4.397300,59.988761
4.397400,59.988156
4.397500,59.988215
4.397600,59.988965
4.397700,59.987922
4.397800,59.988325
4.397900,59.990315
4.398000,59.988190
4.398100,59.989149
4.398200,59.987701
4.398300,59.987589
4.398400,59.988961
4.398500,59.988905
4.398600,59.991095
4.398700,59.992948
4.398800,59.991454
4.398900,59.992651
4.399000,59.993581
4.399100,59.986774
4.399200,59.991313
4.399300,59.984144
4.399400,59.990650
4.399500,60.002126
4.399600,59.999210
4.399700,59.985774
4.399800,59.989670
4.399900,59.986891
4.400000,59.984586
4.400100,59.997886
4.400200,60.001781
4.400300,59.993248
4.400400,59.992127
4.400500,59.989082
4.400600,59.990287
4.400700,59.989648
4.400800,59.989862
4.400900,59.989987
4.401000,59.990616
4.401100,59.990054
4.401200,59.989377
4.401300,59.990910
4.401400,59.991863
4.401500,59.991362
4.401600,59.990528
4.401700,59.989824
4.401800,59.989557
4.401900,59.989680
4.402000,59.989612
4.402100,59.990152
4.402200,59.990014
4.402300,59.990118
4.402400,59.989352
4.402500,59.989796
4.402600,59.989416
4.402700,59.989425
4.402800,59.989259
4.402900,59.989548
4.403000,59.989722
4.403100,59.989747
4.403200,59.989965
4.403300,59.989319
4.403400,59.989501
4.403500,59.989405
4.403600,59.989765
4.403700,59.989769
4.403800,59.989566
4.403900,59.989733
4.404000,59.989610
4.404100,59.989464
4.404200,59.989936
4.404300,59.989238
4.404400,59.989177
4.404500,59.989730
4.404600,59.989596
4.404700,59.989821
4.404800,59.989519
4.404900,59.989628
4.405000,59.989951
4.405100,59.990048
4.405200,59.989177
4.405300,59.989477
4.405400,59.989727
4.405500,59.988738
4.405600,59.989596
4.405700,59.990135
4.405800,59.990268
4.405900,59.990407
4.406000,59.989902
4.406100,59.988791
4.406200,59.989335
4.406300,59.989570
4.406400,59.989280
4.406500,59.988744
4.406600,59.988599
4.406700,59.990374
4.406800,59.991050
4.406900,59.989756
4.407000,59.992337
4.407100,59.992176
4.407200,59.989080
4.407300,59.990123
4.407400,59.993261
4.407500,59.993803
4.407600,59.989016
4.407700,59.988522
4.407800,59.977638
4.407900,59.972319
4.408000,59.989951
4.408100,60.004728
4.408200,59.987667
4.408300,59.978032
4.408400,59.981740
4.408500,59.999104
4.408600,59.982388
4.408700,59.981348
4.408800,59.976004
4.408900,59.978729
4.409000,59.981727
4.409100,59.981120
4.409200,59.981231
4.409300,59.981404
4.409400,59.982125
4.409500,59.981116
4.409600,59.981617
4.409700,59.980966
4.409800,59.980281
4.409900,59.980309
4.410000,59.980590
4.410100,59.980562
4.410200,59.979741
4.410300,59.979934
4.410400,59.980308
4.410500,59.980272
4.410600,59.979783
4.410700,59.979117
4.410800,59.979697
4.410900,59.980081
4.411000,59.980827
4.411100,59.980009
4.411200,59.980026
4.411300,59.979958
4.411400,59.980248
4.411500,59.980306
4.411600,59.980270
4.411700,59.980406
4.411800,59.980257
4.411900,59.979888
4.412000,59.979643
4.412100,59.979738
4.412200,59.979953
4.412300,59.979700
4.412400,59.979590
4.412500,59.980151
4.412600,59.980369
4.412700,59.980476
4.412800,59.980029
4.412900,59.980219
4.413000,59.980234
4.413100,59.979848
4.413200,59.980215
4.413300,59.980294
4.413400,59.980150
4.413500,59.980113
4.413600,59.980165
4.413700,59.980163
4.413800,59.978954
4.413900,59.978669
4.414000,59.979692
4.414100,59.979690
4.414200,59.979660
4.414300,59.978862
4.414400,59.978799
4.414500,59.979221
4.414600,59.981230
4.414700,59.981038
4.414800,59.980484
4.414900,59.980272
4.415000,59.978433
4.415100,59.979004
4.415200,59.979936
4.415300,59.980609
4.415400,59.981321
4.415500,59.984303
4.415600,59.986577
4.415700,59.981459
4.415800,59.974010
4.415900,59.975628
4.416000,59.980449
4.416100,59.984188
4.416200,59.987444
4.416300,59.992774
4.416400,60.005709
4.416500,59.996378
4.416600,59.982180
4.416700,59.971433
4.416800,59.984804
4.416900,59.995003
4.417000,59.979423
4.417100,59.972615
4.417200,59.975844
4.417300,59.979811
4.417400,59.979602
4.417500,59.979619
4.417600,59.978918
4.417700,59.980061
4.417800,59.979318
4.417900,59.979267
4.418000,59.977791
4.418100,59.978603
4.418200,59.979540
4.418300,59.980017
4.418400,59.979637
4.418500,59.979254
4.418600,59.979124
4.418700,59.979172
4.418800,59.979197
4.418900,59.979342
4.419000,59.979031
4.419100,59.979354
4.419200,59.979281
4.419300,59.979623
4.419400,59.979223
4.419500,59.979812
4.419600,59.979231
4.419700,59.979457
4.419800,59.979164
4.419900,59.979262
4.420000,59.979154
4.420100,59.979150
4.420200,59.978925
4.420300,59.979470
4.420400,59.978787
4.420500,59.978928
4.420600,59.979185
4.420700,59.979276
4.420800,59.979113
4.420900,59.979125
4.421000,59.978854
4.421100,59.979406
4.421200,59.979286
4.421300,59.979252
4.421400,59.978986
4.421500,59.978920
4.421600,59.978797
4.421700,59.979263
4.421800,59.978739
4.421900,59.979233
4.422000,59.979354
4.422100,59.979450
4.422200,59.979115
4.422300,59.979235
4.422400,59.980187
4.422500,59.979910
4.422600,59.978900
4.422700,59.978022
4.422800,59.979373
4.422900,59.979890
4.423000,59.979201
4.423100,59.980779
4.423200,59.980439
4.423300,59.979341
4.423400,59.979640
4.423500,59.979639
4.423600,59.979132
4.423700,59.977341
4.423800,59.981083
4.423900,59.981358
4.424000,59.980310
4.424100,59.976469
4.424200,59.977707
4.424300,59.985288
4.424400,59.987956
4.424500,59.975522
4.424600,59.975032
4.424700,59.969598
4.424800,59.960642
4.424900,59.954134
4.425000,59.961811
4.425100,59.984225
4.425200,59.968625
4.425300,59.956638
4.425400,59.963149
4.425500,59.968962
4.425600,59.971138
4.425700,59.969399
4.425800,59.969311
4.425900,59.969927
4.426000,59.968573
4.426100,59.968291
4.426200,59.968581
4.426300,59.969382
4.426400,59.970117
4.426500,59.970078
4.426600,59.969863
4.426700,59.969253
4.426800,59.968788
4.426900,59.969446
4.427000,59.969528
4.427100,59.968920
4.427200,59.969267
4.427300,59.968677
4.427400,59.969080
4.427500,59.968823
4.427600,59.968782
4.427700,59.968638
4.427800,59.969043
4.427900,59.968563
4.428000,59.968870
4.428100,59.968591
4.428200,59.968609
4.428300,59.968605
4.428400,59.968953
4.428500,59.968310
4.428600,59.968473
4.428700,59.968427
4.428800,59.968607
4.428900,59.968445
4.429000,59.968342
4.429100,59.968325
4.429200,59.968332
4.429300,59.968768
4.429400,59.968661
4.429500,59.968799
4.429600,59.968284
4.429700,59.968416
4.429800,59.968237
4.429900,59.968133
4.430000,59.968632
4.430100,59.968548
4.430200,59.968550
4.430300,59.968421
4.430400,59.968044
4.430500,59.968398
4.430600,59.968892
4.430700,59.968658
4.430800,59.968549
4.430900,59.969603
4.431000,59.968862
4.431100,59.969147
4.431200,59.968487
4.431300,59.968425
4.431400,59.969524
4.431500,59.969613
4.431600,59.971463
4.431700,59.970066
4.431800,59.969655
4.431900,59.969653
4.432000,59.968732
4.432100,59.968321
4.432200,59.970522
4.432300,59.975264
4.432400,59.974692
4.432500,59.970113
4.432600,59.968485
4.432700,59.966521
4.432800,59.969450
4.432900,59.961431
4.433000,59.976348
4.433100,59.960429
4.433200,59.963445
4.433300,59.963261
4.433400,59.974110
4.433500,59.994555
4.433600,59.991887
4.433700,60.000657
4.433800,59.993532
4.433900,59.996879
4.434000,59.994908
4.434100,59.994854
4.434200,59.995354
4.434300,59.995355
4.434400,59.995533
4.434500,59.995908
4.434600,59.994073
4.434700,59.993949
4.434800,59.994857
4.434900,59.994033
4.435000,59.993604
4.435100,59.993432
4.435200,59.993769
4.435300,59.994089
4.435400,59.993650
4.435500,59.993848
4.435600,59.993760
4.435700,59.993966
4.435800,59.993920
4.435900,59.993994
4.436000,59.993890
4.436100,59.994149
4.436200,59.993871
4.436300,59.993654
4.436400,59.993583
4.436500,59.993728
4.436600,59.993587
4.436700,59.993367
4.436800,59.993590
4.436900,59.993444
4.437000,59.993554
4.437100,59.994191
4.437200,59.994289
4.437300,59.994472
4.437400,59.994365
4.437500,59.993998
4.437600,59.993995
4.437700,59.993682
4.437800,59.994174
4.437900,59.994353
4.438000,59.993904
4.438100,59.994231
4.438200,59.994126
4.438300,59.994239
4.438400,59.994110
4.438500,59.993675
4.438600,59.993933
4.438700,59.993796
4.438800,59.993821
4.438900,59.994403
4.439000,59.993464
4.439100,59.993775
4.439200,59.995036
4.439300,59.994226
4.439400,59.994316
4.439500,59.994437
4.439600,59.994472
4.439700,59.992377
4.439800,59.993492
4.439900,59.994546
4.440000,59.994017
4.440100,59.994594
4.440200,59.997570
4.440300,59.994420
4.440400,59.996097
4.440500,59.995379
4.440600,59.991995
4.440700,59.997363
4.440800,59.998577
4.440900,59.999136
4.441000,59.998978
4.441100,60.005538
4.441200,60.017367
4.441300,60.010920
4.441400,60.023427
4.441500,60.018349
4.441600,60.012252
4.441700,60.012223
4.441800,60.003297
4.441900,60.010148
4.442000,60.004441
4.442100,60.014544
4.442200,60.012772
4.442300,60.013038
4.442400,60.013150
4.442500,60.013185
4.442600,60.012802
4.442700,60.011716
4.442800,60.011036
4.442900,60.011550
4.443000,60.012298
4.443100,60.011547
4.443200,60.010874
4.443300,60.010399
4.443400,60.011442
4.443500,60.011209
4.443600,60.011597
4.443700,60.011388
4.443800,60.011937
4.443900,60.011448
4.444000,60.011387
4.444100,60.011456
4.444200,60.011859
4.444300,60.011729
4.444400,60.011763
4.444500,60.011571
4.444600,60.011718
4.444700,60.011492
4.444800,60.011681
4.444900,60.011433
4.445000,60.011292
4.445100,60.011442
4.445200,60.011757
4.445300,60.011349
4.445400,60.011716
4.445500,60.011587
4.445600,60.011594
4.445700,60.011404
4.445800,60.011324
4.445900,60.011301
4.446000,60.011688
4.446100,60.011603
4.446200,60.011541
4.446300,60.011575
4.446400,60.011465
4.446500,60.011628
4.446600,60.011311
4.446700,60.011858
4.446800,60.011472
4.446900,60.010769
4.447000,60.010636
4.447100,60.011762
4.447200,60.011662
4.447300,60.010998
4.447400,60.010752
4.447500,60.011403
4.447600,60.011416
4.447700,60.012146
4.447800,60.012031
4.447900,60.012895
4.448000,60.012618
4.448100,60.012700
4.448200,60.013494
4.448300,60.013589
4.448400,60.013150
4.448500,60.010127
4.448600,60.007003
4.448700,60.005727
4.448800,60.009661
4.448900,60.007892
4.449000,60.008154
4.449100,60.002294
4.449200,60.003441
4.449300,60.011129
4.449400,60.009541
4.449500,60.021294
4.449600,60.027862
4.449700,60.020419
4.449800,60.022949
4.449900,60.024800
4.450000,60.028033
4.450100,60.033593
4.450200,60.049195
4.450300,60.048198
4.450400,60.037051
4.450500,60.031903
4.450600,60.030350
4.450700,60.030441
4.450800,60.030592
4.450900,60.030704
4.451000,60.029559
4.451100,60.028329
4.451200,60.027772
4.451300,60.027112
4.451400,60.027239
4.451500,60.027551
4.451600,60.027927
4.451700,60.028171
4.451800,60.027791
4.451900,60.028419
4.452000,60.028324
4.452100,60.028337
4.452200,60.028455
4.452300,60.028863
4.452400,60.028271
4.452500,60.028027
4.452600,60.027866
4.452700,60.028167
4.452800,60.028404
4.452900,60.028143
4.453000,60.028400
4.453100,60.027833
4.453200,60.027737
4.453300,60.027818
4.453400,60.028201
4.453500,60.028146
4.453600,60.027551
4.453700,60.027735
4.453800,60.028003
4.453900,60.028031
4.454000,60.027973
4.454100,60.027903
4.454200,60.027990
4.454300,60.028110
4.454400,60.028078
4.454500,60.027797
4.454600,60.028048
4.454700,60.027716
4.454800,60.028294
4.454900,60.027978
4.455000,60.028617
4.455100,60.028078
4.455200,60.028774
4.455300,60.028462
4.455400,60.028599
4.455500,60.028355
4.455600,60.028358
4.455700,60.027991
4.455800,60.028271
4.455900,60.028431
4.456000,60.029144
4.456100,60.029257
4.456200,60.029030
4.456300,60.028014
4.456400,60.027416
4.456500,60.027730
4.456600,60.028380
4.456700,60.027710
4.456800,60.028590
4.456900,60.030098
4.457000,60.030966
4.457100,60.031558
4.457200,60.027378
4.457300,60.023962
4.457400,60.017774
4.457500,60.023814
4.457600,60.025917
4.457700,60.028841
4.457800,60.030118
4.457900,60.035880
4.458000,60.036861
4.458100,60.037599
4.458200,60.029087
4.458300,60.035356
4.458400,60.022871
4.458500,60.041745
4.458600,60.049213
4.458700,60.041597
4.458800,60.039996
4.458900,60.038811
4.459000,60.037958
4.459100,60.037956
4.459200,60.037448
4.459300,60.037355
4.459400,60.037621
4.459500,60.036188
4.459600,60.037786
4.459700,60.038924
4.459800,60.038172
4.459900,60.038066
4.460000,60.038049
4.460100,60.037774
4.460200,60.037800
4.460300,60.038208
4.460400,60.038039
4.460500,60.038008
4.460600,60.038211
4.460700,60.037745
4.460800,60.037883
4.460900,60.038128
4.461000,60.037661
4.461100,60.037699
4.461200,60.037277
4.461300,60.037415
4.461400,60.037907
4.461500,60.037889
4.461600,60.037728
4.461700,60.038029
4.461800,60.038189
4.461900,60.037742
4.462000,60.037987
4.462100,60.037679
4.462200,60.037726
4.462300,60.038238
4.462400,60.038029
4.462500,60.037935
4.462600,60.038316
4.462700,60.038015
4.462800,60.037684
4.462900,60.037499
4.463000,60.037731
4.463100,60.037894
4.463200,60.038350
4.463300,60.038583
4.463400,60.038451
4.463500,60.038434
4.463600,60.037860
4.463700,60.038514
4.463800,60.038107
4.463900,60.037994
4.464000,60.038029
4.464100,60.037522
4.464200,60.038461
4.464300,60.038071
4.464400,60.037626
4.464500,60.038269
4.464600,60.037240
4.464700,60.036934
4.464800,60.037316
4.464900,60.039053
4.465000,60.037828
4.465100,60.036758
4.465200,60.038610
4.465300,60.037679
4.465400,60.035634
4.465500,60.034215
4.465600,60.039784
4.465700,60.039348
4.465800,60.045233
4.465900,60.046423
4.466000,60.039403
4.466100,60.030205
4.466200,60.020377
4.466300,60.018993
4.466400,60.016517
4.466500,60.035233
4.466600,60.041778
4.466700,60.017603
4.466800,60.012000
4.466900,60.009411
4.467000,60.023134
4.467100,60.013388
4.467200,60.009431
4.467300,60.009406
4.467400,60.010397
4.467500,60.010315
4.467600,60.011135
4.467700,60.011556
4.467800,60.013425
4.467900,60.012750
4.468000,60.011472
4.468100,60.011331
4.468200,60.011783
4.468300,60.011081
4.468400,60.011193
4.468500,60.011652
4.468600,60.011243
4.468700,60.011203
4.468800,60.011183
4.468900,60.011401
4.469000,60.010790
4.469100,60.011346
4.469200,60.011337
4.469300,60.011231
4.469400,60.011090
4.469500,60.010498
4.469600,60.010780
4.469700,60.011116
4.469800,60.011295
4.469900,60.011363
4.470000,60.011154
4.470100,60.011376
4.470200,60.011108
4.470300,60.010992
4.470400,60.011014
4.470500,60.011257
4.470600,60.010848
4.470700,60.011132
4.470800,60.011294
4.470900,60.011367
4.471000,60.011218
4.471100,60.011454
4.471200,60.011356
4.471300,60.011332
4.471400,60.010697
4.471500,60.011053
4.471600,60.011011
4.471700,60.010882
4.471800,60.011392
4.471900,60.011663
4.472000,60.011356
4.472100,60.010988
4.472200,60.011104
4.472300,60.011839
4.472400,60.011468
4.472500,60.010957
4.472600,60.011563
4.472700,60.012032
4.472800,60.010899
4.472900,60.012384
4.473000,60.010672
4.473100,60.011064
4.473200,60.011218
4.473300,60.009982
4.473400,60.011124
4.473500,60.011841
4.473600,60.010842
4.473700,60.012270
4.473800,60.012029
4.473900,60.009895
4.474000,60.009754
4.474100,60.006946
4.474200,60.011609
4.474300,60.015142
4.474400,60.018534
4.474500,60.023159
4.474600,60.009083
4.474700,60.027282
4.474800,60.008548
4.474900,60.005178
4.475000,60.007076
4.475100,59.998266
4.475200,60.013329
4.475300,60.002684
4.475400,59.996680
4.475500,60.002445
4.475600,60.000262
4.475700,60.000960
4.475800,60.000976
4.475900,60.001575
4.476000,59.999780
4.476100,59.998475
4.476200,59.999116
4.476300,59.998322
4.476400,59.998475
4.476500,59.998814
4.476600,59.999293
4.476700,59.999469
4.476800,59.999335
4.476900,59.999783
4.477000,59.999710
4.477100,59.999636
4.477200,60.000003
4.477300,59.999967
4.477400,59.999577
4.477500,59.999681
4.477600,59.999928
4.477700,59.999622
4.477800,59.999658
4.477900,59.999252
4.478000,59.999596
4.478100,59.999559
4.478200,59.999550
4.478300,59.999572
4.478400,59.999719
4.478500,59.999256
4.478600,59.999519
4.478700,59.999527
4.478800,59.999536
4.478900,59.999181
4.479000,59.999627
4.479100,59.999454
4.479200,59.999227
4.479300,59.999458
4.479400,59.999649
4.479500,59.999613
4.479600,59.999625
4.479700,59.999192
4.479800,59.999454
4.479900,59.999938
4.480000,59.999666
4.480100,59.998946
4.480200,59.998744
4.480300,59.999767
4.480400,60.000086
4.480500,60.000028
4.480600,59.999443
4.480700,59.999975
4.480800,59.999354
4.480900,59.999189
4.481000,60.000195
4.481100,59.998797
4.481200,59.998816
4.481300,59.999661
4.481400,59.997785
4.481500,59.998858
4.481600,60.000636
4.481700,60.001118
4.481800,60.002290
4.481900,60.001303
4.482000,60.003324
4.482100,60.001661
4.482200,59.997136
4.482300,59.993748
4.482400,59.990560
4.482500,59.996557
4.482600,59.996336
4.482700,60.004657
4.482800,60.006963
4.482900,60.015264
4.483000,60.006376
4.483100,60.016558
4.483200,60.037828
4.483300,60.019944
4.483400,60.027975
4.483500,60.018845
4.483600,60.018896
4.483700,60.006863
4.483800,60.009643
4.483900,60.009748
4.484000,60.009143
4.484100,60.009224
4.484200,60.009031
4.484300,60.009040
4.484400,60.009121
4.484500,60.010002
4.484600,60.008892
4.484700,60.009113
4.484800,60.007825
4.484900,60.008030
4.485000,60.007890
4.485100,60.007606
4.485200,60.007749
4.485300,60.007787
4.485400,60.007789
4.485500,60.007434
4.485600,60.007517
4.485700,60.007895
4.485800,60.007864
4.485900,60.007658
4.486000,60.007326
4.486100,60.007858
4.486200,60.007305
4.486300,60.006747
4.486400,60.006967
4.486500,60.007113
4.486600,60.007331
4.486700,60.007219
4.486800,60.007556
4.486900,60.007744
4.487000,60.007754
4.487100,60.007759
4.487200,60.007925
4.487300,60.007452
4.487400,60.007546
4.487500,60.007188
4.487600,60.007721
4.487700,60.007170
4.487800,60.007585
4.487900,60.007437
4.488000,60.008059
4.488100,60.007794
4.488200,60.007428
4.488300,60.007267
4.488400,60.007607
4.488500,60.007363
4.488600,60.007482
4.488700,60.007626
4.488800,60.007242
4.488900,60.007185
4.489000,60.007602
4.489100,60.006513
4.489200,60.007876
4.489300,60.008376
4.489400,60.007405
4.489500,60.006539
4.489600,60.006651
4.489700,60.007475
4.489800,60.008190
4.489900,60.007628
4.490000,60.007761
4.490100,60.007057
4.490200,60.009329
4.490300,60.008137
4.490400,60.003908
4.490500,60.001933
4.490600,60.007184
4.490700,60.006288
4.490800,59.999051
4.490900,60.004011
4.491000,60.012050
4.491100,60.003306
4.491200,60.008300
4.491300,60.011273
4.491400,60.006537
4.491500,60.008073
4.491600,60.003265
4.491700,60.022159
4.491800,60.004707
4.491900,60.019361
4.492000,60.007565
4.492100,60.001243
4.492200,60.003877
4.492300,60.003973
4.492400,60.003642
4.492500,60.003690
4.492600,60.004343
4.492700,60.005577
4.492800,60.003809
4.492900,60.002034
4.493000,60.002694
4.493100,60.001811
4.493200,60.002109
4.493300,60.002891
4.493400,60.003064
4.493500,60.002391
4.493600,60.002211
4.493700,60.001702
4.493800,60.002265
4.493900,60.002493
4.494000,60.002149
4.494100,60.002426
4.494200,60.002730
4.494300,60.002562
4.494400,60.002173
4.494500,60.002080
4.494600,60.002311
4.494700,60.002325
4.494800,60.002252
4.494900,60.002132
4.495000,60.001795
4.495100,60.001915
4.495200,60.002154
4.495300,60.002274
4.495400,60.002359
4.495500,60.002396
4.495600,60.002262
4.495700,60.001563
4.495800,60.001765
4.495900,60.002284
4.496000,60.002275
4.496100,60.002080
4.496200,60.002404
4.496300,60.002378
4.496400,60.002466
4.496500,60.002100
4.496600,60.001689
4.496700,60.002002
4.496800,60.001869
4.496900,60.002847
4.497000,60.003008
4.497100,60.002393
4.497200,60.002393
4.497300,60.002161
4.497400,60.002320
4.497500,60.002825
4.497600,60.002621
4.497700,60.002002
4.497800,60.002333
4.497900,60.001979
4.498000,60.003780
4.498100,60.003268
4.498200,60.000799
4.498300,59.999642
4.498400,60.000263
4.498500,60.002647
4.498600,60.002630
4.498700,60.000377
4.498800,59.999938
4.498900,60.001948
4.499000,60.000251
4.499100,60.002501
4.499200,59.997652
4.499300,60.000009
4.499400,60.011245
4.499500,60.006118
4.499600,60.006848
4.499700,60.002323
4.499800,60.012915
4.499900,59.996790
4.500000,60.002910
4.500100,59.987495
4.500200,59.969670
4.500300,59.963118
4.500400,59.972046
4.500500,59.977298
4.500600,59.978442
4.500700,59.978616
4.500800,59.978354
4.500900,59.978075
4.501000,59.977275
4.501100,59.977454
4.501200,59.978001
4.501300,59.979699
4.501400,59.979249
4.501500,59.977753
4.501600,59.977476
4.501700,59.978324
4.501800,59.977634
4.501900,59.977941
4.502000,59.977524
4.502100,59.977715
4.502200,59.977764
4.502300,59.977565
4.502400,59.977786
4.502500,59.977568
4.502600,59.977736
4.502700,59.978004
4.502800,59.977547
4.502900,59.977566
4.503000,59.977402
4.503100,59.977719
4.503200,59.977415
4.503300,59.977350
4.503400,59.977581
4.503500,59.977271
4.503600,59.977616
4.503700,59.977777
4.503800,59.977336
4.503900,59.977228
4.504000,59.977514
4.504100,59.977361
4.504200,59.976982
4.504300,59.977326
4.504400,59.977215
4.504500,59.976920
4.504600,59.976869
4.504700,59.977396
4.504800,59.977303
4.504900,59.977049
4.505000,59.977394
4.505100,59.977418
4.505200,59.977740
4.505300,59.977822
4.505400,59.977532
4.505500,59.977366
4.505600,59.977244
4.505700,59.976624
4.505800,59.977081
4.505900,59.977719
4.506000,59.977169
4.506100,59.978501
4.506200,59.977356
4.506300,59.978384
4.506400,59.976948
4.506500,59.977640
4.506600,59.977796
4.506700,59.977377
4.506800,59.978030
4.506900,59.977893
4.507000,59.978137
4.507100,59.977840
4.507200,59.982512
4.507300,59.980190
4.507400,59.974745
4.507500,59.968879
4.507600,59.974642
4.507700,59.978562
4.507800,59.981030
4.507900,59.982837
4.508000,59.994959
4.508100,59.991775
4.508200,60.003303
4.508300,59.981739
4.508400,59.974745
4.508500,59.977677
4.508600,59.978499
4.508700,59.983074
4.508800,59.984885
4.508900,59.985785
4.509000,59.986062
4.509100,59.985946
4.509200,59.986866
4.509300,59.987628
4.509400,59.986247
4.509500,59.985057
4.509600,59.985374
4.509700,59.984247
4.509800,59.984736
4.509900,59.984726
4.510000,59.985048
4.510100,59.984544
4.510200,59.983960
4.510300,59.983896
4.510400,59.984704
4.510500,59.984542
4.510600,59.984826
4.510700,59.984774
4.510800,59.984527
4.510900,59.984547
4.511000,59.984537
4.511100,59.984678
4.511200,59.984422
4.511300,59.984738
4.511400,59.984160
4.511500,59.984382
4.511600,59.984406
4.511700,59.984575
4.511800,59.984655
4.511900,59.984633
4.512000,59.984583
4.512100,59.984418
4.512200,59.984276
4.512300,59.984337
4.512400,59.984510
4.512500,59.984398
4.512600,59.984675
4.512700,59.984530
4.512800,59.984430
4.512900,59.984212
4.513000,59.983699
4.513100,59.984608
4.513200,59.983856
4.513300,59.984747
4.513400,59.984378
4.513500,59.984036
4.513600,59.984354
4.513700,59.984691
4.513800,59.984149
4.513900,59.984462
4.514000,59.983810
4.514100,59.984884
4.514200,59.984932
4.514300,59.983765
4.514400,59.984010
4.514500,59.984149
4.514600,59.985582
4.514700,59.985330
4.514800,59.986273
4.514900,59.985839
4.515000,59.985852
4.515100,59.985486
4.515200,59.985367
4.515300,59.987493
4.515400,59.986823
4.515500,59.986274
4.515600,59.988390
4.515700,59.990243
4.515800,59.993033
4.515900,59.987464
4.516000,59.992398
4.516100,59.980704
4.516200,59.978236
4.516300,59.980317
4.516400,59.983945
4.516500,59.996871
4.516600,60.016589
4.516700,60.003647
4.516800,59.994283
4.516900,60.006684
4.517000,60.000456
4.517100,59.996063
4.517200,59.999029
4.517300,60.001253
4.517400,60.001572
4.517500,60.001492
4.517600,60.001277
4.517700,60.001784
4.517800,60.003106
4.517900,60.001583
4.518000,60.002545
4.518100,60.002824
4.518200,60.002567
4.518300,60.002360
4.518400,60.002264
4.518500,60.002013
4.518600,60.002902
4.518700,60.003560
4.518800,60.002742
4.518900,60.002541
4.519000,60.002751
4.519100,60.002998
4.519200,60.002479
4.519300,60.002472
4.519400,60.002385
4.519500,60.002388
4.519600,60.002830
4.519700,60.002810
4.519800,60.002683
4.519900,60.002681
4.520000,60.002793
4.520100,60.002925
4.520200,60.002807
4.520300,60.002806
4.520400,60.002656
4.520500,60.002623
4.520600,60.002559
4.520700,60.002741
4.520800,60.002870
4.520900,60.002251
4.521000,60.002752
4.521100,60.002532
4.521200,60.002649
4.521300,60.002911
4.521400,60.002384
4.521500,60.002395
4.521600,60.001869
4.521700,60.002309
4.521800,60.003022
4.521900,60.003012
4.522000,60.002648
4.522100,60.002044
4.522200,60.002448
4.522300,60.002928
4.522400,60.003228
4.522500,60.003510
4.522600,60.002531
4.522700,60.001588
4.522800,60.002694
4.522900,60.002742
4.523000,60.002499
4.523100,60.003312
4.523200,60.003946
4.523300,60.002261
4.523400,60.001173
4.523500,60.002989
4.523600,60.004803
4.523700,60.006404
4.523800,60.004695
4.523900,60.000913
4.524000,60.002989
4.524100,60.001369
4.524200,59.999181
4.524300,60.005053
4.524400,60.006713
4.524500,60.001328
4.524600,59.998176
4.524700,60.008132
4.524800,60.020277
4.524900,60.018503
4.525000,60.009659
4.525100,60.022602
4.525200,60.019670
4.525300,60.010680
4.525400,60.010437
4.525500,60.014179
4.525600,60.012132
4.525700,60.012164
4.525800,60.011882
4.525900,60.012103
4.526000,60.011474
4.526100,60.010780
4.526200,60.011725
4.526300,60.011845
4.526400,60.011459
4.526500,60.012636
4.526600,60.012596
4.526700,60.011893
4.526800,60.011639
4.526900,60.011507
4.527000,60.011891
4.527100,60.012225
4.527200,60.011965
4.527300,60.011974
4.527400,60.011452
4.527500,60.011773
4.527600,60.011891
4.527700,60.011875
4.527800,60.012178
4.527900,60.011634
4.528000,60.011896
4.528100,60.011740
4.528200,60.011618
4.528300,60.011917
4.528400,60.011659
4.528500,60.011480
4.528600,60.011821
4.528700,60.011875
4.528800,60.011630
4.528900,60.011584
4.529000,60.011432
4.529100,60.011545
4.529200,60.011924
4.529300,60.011546
4.529400,60.011938
4.529500,60.011901
4.529600,60.011262
4.529700,60.011314
4.529800,60.011998
4.529900,60.011156
4.530000,60.012201
4.530100,60.011939
4.530200,60.011873
4.530300,60.012124
4.530400,60.012656
4.530500,60.012123
4.530600,60.012496
4.530700,60.011260
4.530800,60.010050
4.530900,60.011678
4.531000,60.011040
4.531100,60.012010
4.531200,60.012363
4.531300,60.011834
4.531400,60.012370
4.531500,60.014650
4.531600,60.013407
4.531700,60.013216
4.531800,60.012447
4.531900,60.013452
4.532000,60.014911
4.532100,60.010837
4.532200,60.008338
4.532300,60.013644
4.532400,60.012559
4.532500,60.010254
4.532600,60.008757
4.532700,60.013624
4.532800,60.006961
4.532900,60.002307
4.533000,59.999180
4.533100,60.000396
4.533200,59.994142
4.533300,60.012798
4.533400,60.014813
4.533500,60.009303
4.533600,60.002117
4.533700,59.993909
4.533800,59.996400
4.533900,59.994298
4.534000,59.994257
4.534100,59.994323
4.534200,59.994432
4.534300,59.994508
4.534400,59.993505
4.534500,59.993068
4.534600,59.993339
4.534700,59.992445
4.534800,59.993909
4.534900,59.992943
4.535000,59.992898
4.535100,59.993039
4.535200,59.992455
4.535300,59.993333
4.535400,59.993193
4.535500,59.993424
4.535600,59.992774
4.535700,59.992734
4.535800,59.992831
4.535900,59.992699
4.536000,59.993140
4.536100,59.992848
4.536200,59.992678
4.536300,59.992585
4.536400,59.992560
4.536500,59.992612
4.536600,59.992614
4.536700,59.992761
4.536800,59.992836
4.536900,59.992662
4.537000,59.992735
4.537100,59.992901
4.537200,59.993076
4.537300,59.993004
4.537400,59.993018
4.537500,59.992791
4.537600,59.992304
4.537700,59.992501
4.537800,59.992953
4.537900,59.993185
4.538000,59.992640
4.538100,59.992616
4.538200,59.992692
4.538300,59.992617
4.538400,59.992529
4.538500,59.992878
4.538600,59.992211
4.538700,59.992669
4.538800,59.992893
4.538900,59.993325
4.539000,59.992303
4.539100,59.993185
4.539200,59.992549
4.539300,59.992360
4.539400,59.992765
4.539500,59.992078
4.539600,59.992133
4.539700,59.991230
4.539800,59.993752
4.539900,59.993996
4.540000,59.994226
4.540100,59.991931
4.540200,59.992108
4.540300,59.995924
4.540400,59.995965
4.540500,59.996999
4.540600,59.997125
4.540700,59.992775
4.540800,59.997303
4.540900,59.992826
4.541000,59.992084
4.541100,59.993598
4.541200,59.996535
4.541300,59.997299
4.541400,59.992894
4.541500,60.003708
4.541600,60.009040
4.541700,60.013361
4.541800,59.999989
4.541900,60.017891
4.542000,60.007253
4.542100,60.007049
4.542200,60.005107
4.542300,60.004735
4.542400,60.005107
4.542500,60.005103
4.542600,60.006152
4.542700,60.004304
4.542800,60.004874
4.542900,60.003103
4.543000,60.002977
4.543100,60.003392
4.543200,60.004152
4.543300,60.004743
4.543400,60.004108
4.543500,60.003500
4.543600,60.003810
4.543700,60.003793
4.543800,60.003517
4.543900,60.003981
4.544000,60.003726
4.544100,60.003880
4.544200,60.003931
4.544300,60.003569
4.544400,60.003673
4.544500,60.003516
4.544600,60.003789
4.544700,60.003563
4.544800,60.003712
4.544900,60.003578
4.545000,60.003713
4.545100,60.003948
4.545200,60.003985
4.545300,60.004078
4.545400,60.004022
4.545500,60.004206
4.545600,60.003836
4.545700,60.003416
4.545800,60.003899
4.545900,60.003754
4.546000,60.003684
4.546100,60.003677
4.546200,60.003658
4.546300,60.003672
4.546400,60.004051
4.546500,60.003835
4.546600,60.003104
4.546700,60.004152
4.546800,60.004207
4.546900,60.004144
4.547000,60.003982
4.547100,60.004746
4.547200,60.004508
4.547300,60.003899
4.547400,60.003821
4.547500,60.004053
4.547600,60.002866
4.547700,60.003725
4.547800,60.004002
4.547900,60.004196
4.548000,60.003971
4.548100,60.003919
4.548200,60.002177
4.548300,60.004909
4.548400,60.004888
4.548500,60.004395
4.548600,60.007414
4.548700,60.009646
4.548800,60.005424
4.548900,60.003202
4.549000,60.004511
4.549100,60.009498
4.549200,60.005519
4.549300,59.999118
4.549400,59.994266
4.549500,59.984495
4.549600,59.980153
4.549700,59.972881
4.549800,59.977163
4.549900,59.984330
4.550000,59.976589
4.550100,59.984980
4.550200,59.965695
4.550300,59.952037
4.550400,59.961053
4.550500,59.954881
4.550600,59.952728
4.550700,59.953194
4.550800,59.953372
4.550900,59.952636
4.551000,59.952536
4.551100,59.953054
4.551200,59.952753
4.551300,59.953234
4.551400,59.952608
4.551500,59.953410
4.551600,59.953403
4.551700,59.953483
4.551800,59.953601
4.551900,59.952916
4.552000,59.953433
4.552100,59.952851
4.552200,59.953324
4.552300,59.953541
4.552400,59.953199
4.552500,59.953292
4.552600,59.953286
4.552700,59.953512
4.552800,59.952852
4.552900,59.952970
4.553000,59.952905
4.553100,59.952877
4.553200,59.952840
4.553300,59.952855
4.553400,59.952981
4.553500,59.952962
4.553600,59.953001
4.553700,59.953184
4.553800,59.952505
4.553900,59.952717
4.554000,59.952904
4.554100,59.953007
4.554200,59.952331
4.554300,59.952423
4.554400,59.952440
4.554500,59.952952
4.554600,59.952577
4.554700,59.952594
4.554800,59.953037
4.554900,59.953073
4.555000,59.953221
4.555100,59.953569
4.555200,59.953122
4.555300,59.952936
4.555400,59.952848
4.555500,59.952486
4.555600,59.952436
4.555700,59.951548
4.555800,59.953068
4.555900,59.953940
4.556000,59.953029
4.556100,59.953835
4.556200,59.952762
4.556300,59.951403
4.556400,59.952289
4.556500,59.953788
4.556600,59.952127
4.556700,59.953806
4.556800,59.954564
4.556900,59.952368
4.557000,59.954325
4.557100,59.952549
4.557200,59.956510
4.557300,59.960183
4.557400,59.958263
4.557500,59.961480
4.557600,59.960042
4.557700,59.955803
4.557800,59.960665
4.557900,59.970396
4.558000,59.976904
4.558100,59.984555
4.558200,59.996816
4.558300,59.998970
4.558400,59.998102
4.558500,59.997841
4.558600,59.985467
4.558700,59.997973
4.558800,60.002850
4.558900,60.007274
4.559000,60.006363
4.559100,60.006375
4.559200,60.006160
4.559300,60.006380
4.559400,60.005999
4.559500,60.004559
4.559600,60.005891
4.559700,60.004864
4.559800,60.004978
4.559900,60.006395
4.560000,60.006549
4.560100,60.006533
4.560200,60.007114
4.560300,60.006907
4.560400,60.006939
4.560500,60.006952
4.560600,60.006743
4.560700,60.006606
4.560800,60.006505
4.560900,60.006963
4.561000,60.006427
4.561100,60.006650
4.561200,60.006584
4.561300,60.006438
4.561400,60.006211
4.561500,60.006591
4.561600,60.006468
4.561700,60.006767
4.561800,60.006710
4.561900,60.006529
4.562000,60.006504
4.562100,60.006457
4.562200,60.006942
4.562300,60.006415
4.562400,60.006292
4.562500,60.006840
4.562600,60.006820
4.562700,60.006780
4.562800,60.006595
4.562900,60.006796
4.563000,60.006278
4.563100,60.006444
4.563200,60.007028
4.563300,60.006546
4.563400,60.005984
4.563500,60.006141
4.563600,60.006338
4.563700,60.007418
4.563800,60.007103
4.563900,60.007059
4.564000,60.006538
4.564100,60.007035
4.564200,60.006790
4.564300,60.007038
4.564400,60.006753
4.564500,60.006235
4.564600,60.007225
4.564700,60.006977
4.564800,60.005065
4.564900,60.006391
4.565000,60.005393
4.565100,60.005428
4.565200,60.003061
4.565300,60.006692
4.565400,60.006124
4.565500,60.004741
4.565600,60.009455
4.565700,60.005711
4.565800,60.008781
4.565900,60.009227
4.566000,60.007435
4.566100,60.009237
4.566200,60.014150
4.566300,60.019577
4.566400,60.021412
4.566500,60.003981
4.566600,60.026408
4.566700,60.032538
4.566800,60.033329
4.566900,60.027711
4.567000,60.032588
4.567100,60.035254
4.567200,60.035586
4.567300,60.033364
4.567400,60.033110
4.567500,60.032800
4.567600,60.032364
4.567700,60.032600
4.567800,60.032725
4.567900,60.034553
4.568000,60.034665
4.568100,60.034920
4.568200,60.033766
4.568300,60.033799
4.568400,60.033667
4.568500,60.034014
4.568600,60.033656
4.568700,60.033357
4.568800,60.033880
4.568900,60.033862
4.569000,60.033457
4.569100,60.033301
4.569200,60.033708
4.569300,60.034047
4.569400,60.034218
4.569500,60.033867
4.569600,60.034045
4.569700,60.033871
4.569800,60.033825
4.569900,60.033784
4.570000,60.033986
4.570100,60.033817
4.570200,60.033988
4.570300,60.033715
4.570400,60.033592
4.570500,60.033657
4.570600,60.033732
4.570700,60.033445
4.570800,60.033470
4.570900,60.033392
4.571000,60.034118
4.571100,60.034131
4.571200,60.034149
4.571300,60.034622
4.571400,60.034235
4.571500,60.033895
4.571600,60.033771
4.571700,60.033946
4.571800,60.033645
4.571900,60.033620
4.572000,60.034174
4.572100,60.034260
4.572200,60.034901
4.572300,60.034459
4.572400,60.033638
4.572500,60.033604
4.572600,60.034681
4.572700,60.034413
4.572800,60.033298
4.572900,60.034789
4.573000,60.034897
4.573100,60.034319
4.573200,60.034699
4.573300,60.035736
4.573400,60.035509
4.573500,60.034574
4.573600,60.035158
4.573700,60.035972
4.573800,60.031347
4.573900,60.032842
4.574000,60.026788
4.574100,60.021028
4.574200,60.021119
4.574300,60.030032
4.574400,60.029235
4.574500,60.036426
4.574600,60.020934
4.574700,60.018063
4.574800,60.008820
4.574900,59.992087
4.575000,59.973587
4.575100,59.991053
4.575200,59.998537
4.575300,59.992179
4.575400,60.003330
4.575500,59.997249
4.575600,59.996275
4.575700,59.995145
4.575800,59.995071
4.575900,59.995342
4.576000,59.995419
4.576100,59.996101
4.576200,59.996238
4.576300,59.995276
4.576400,59.994706
4.576500,59.993902
4.576600,59.994653
4.576700,59.995073
4.576800,59.995416
4.576900,59.994483
4.577000,59.994643
4.577100,59.994840
4.577200,59.994747
4.577300,59.994738
4.577400,59.994798
4.577500,59.994749
4.577600,59.994796
4.577700,59.994976
4.577800,59.995271
4.577900,59.994883
4.578000,59.994864
4.578100,59.995064
4.578200,59.995054
4.578300,59.994922
4.578400,59.994876
4.578500,59.994645
4.578600,59.994943
4.578700,59.994885
4.578800,59.994731
4.578900,59.994931
4.579000,59.994579
4.579100,59.994679
4.579200,59.994966
4.579300,59.994810
4.579400,59.994539
4.579500,59.994830
4.579600,59.994693
4.579700,59.994916
4.579800,59.994922
4.579900,59.995005
4.580000,59.995014
4.580100,59.995040
4.580200,59.994437
4.580300,59.994731
4.580400,59.994491
4.580500,59.995203
4.580600,59.994904
4.580700,59.995756
4.580800,59.995364
4.580900,59.994609
4.581000,59.995454
4.581100,59.995549
4.581200,59.994461
4.581300,59.995348
4.581400,59.995179
4.581500,59.994063
4.581600,59.994701
4.581700,59.994852
4.581800,59.996482
4.581900,59.997600
4.582000,59.995294
4.582100,59.994095
4.582200,59.995948
4.582300,59.994476
4.582400,59.999956
4.582500,59.998009
4.582600,59.998173
4.582700,59.997030
4.582800,60.002772
4.582900,59.991264
4.583000,59.983139
4.583100,59.986897
4.583200,60.009366
4.583300,60.028543
4.583400,60.051361
4.583500,60.034666
4.583600,60.023346
4.583700,60.031195
4.583800,60.024128
4.583900,60.019917
4.584000,60.019210
4.584100,60.019228
4.584200,60.018961
4.584300,60.018154
4.584400,60.017734
4.584500,60.018978
4.584600,60.017297
4.584700,60.017482
4.584800,60.018778
4.584900,60.017456
4.585000,60.017800
4.585100,60.017138
4.585200,60.017217
4.585300,60.017614
4.585400,60.017928
4.585500,60.017377
4.585600,60.017690
4.585700,60.017213
4.585800,60.017225
4.585900,60.017376
4.586000,60.017338
4.586100,60.017686
4.586200,60.017447
4.586300,60.017385
4.586400,60.017513
4.586500,60.017706
4.586600,60.017349
4.586700,60.017289
4.586800,60.017280
4.586900,60.017087
4.587000,60.017062
4.587100,60.017383
4.587200,60.016936
4.587300,60.016994
4.587400,60.017514
4.587500,60.017398
4.587600,60.017430
4.587700,60.017404
4.587800,60.017283
4.587900,60.016977
4.588000,60.016839
4.588100,60.016978
4.588200,60.017146
4.588300,60.017869
4.588400,60.017224
4.588500,60.016702
4.588600,60.017371
4.588700,60.017530
4.588800,60.018524
4.588900,60.018452
4.589000,60.017254
4.589100,60.017103
4.589200,60.017438
4.589300,60.016418
4.589400,60.017633
4.589500,60.017350
4.589600,60.017860
4.589700,60.017483
4.589800,60.016288
4.589900,60.017069
4.590000,60.018040
4.590100,60.016996
4.590200,60.017712
4.590300,60.016484
4.590400,60.019634
4.590500,60.019821
4.590600,60.019469
4.590700,60.018017
4.590800,60.017681
4.590900,60.023482
4.591000,60.018554
4.591100,60.027207
4.591200,60.021937
4.591300,60.018933
4.591400,60.022167
4.591500,60.001871
4.591600,60.022219
4.591700,60.015171
4.591800,60.018731
4.591900,60.024306
4.592000,60.029496
4.592100,60.027229
4.592200,60.021367
4.592300,60.021952
4.592400,60.021653
4.592500,60.021013
4.592600,60.021947
4.592700,60.020393
4.592800,60.020939
4.592900,60.020962
4.593000,60.021425
4.593100,60.021653
4.593200,60.021466
4.593300,60.021619
4.593400,60.021506
4.593500,60.020517
4.593600,60.021066
4.593700,60.021157
4.593800,60.020807
4.593900,60.021149
4.594000,60.020870
4.594100,60.021060
4.594200,60.021239
4.594300,60.021487
4.594400,60.020927
4.594500,60.020878
4.594600,60.020977
4.594700,60.021118
4.594800,60.021327
4.594900,60.020861
4.595000,60.020698
4.595100,60.021152
4.595200,60.021037
4.595300,60.021063
4.595400,60.020876
4.595500,60.020840
4.595600,60.020605
4.595700,60.020879
4.595800,60.020747
4.595900,60.020792
4.596000,60.021025
4.596100,60.020966
4.596200,60.020830
4.596300,60.021032
4.596400,60.021462
4.596500,60.021012
4.596600,60.020651
4.596700,60.021677
4.596800,60.021121
4.596900,60.020836
4.597000,60.021481
4.597100,60.021277
4.597200,60.022335
4.597300,60.021283
4.597400,60.021222
4.597500,60.021096
4.597600,60.020016
4.597700,60.020394
4.597800,60.020025
4.597900,60.020916
4.598000,60.019659
4.598100,60.020875
4.598200,60.020790
4.598300,60.021862
4.598400,60.021293
4.598500,60.018389
4.598600,60.022074
4.598700,60.017804
4.598800,60.014910
4.598900,60.020086
4.599000,60.021817
4.599100,60.021626
4.599200,60.027026
4.599300,60.026635
4.599400,60.027629
4.599500,60.021117
4.599600,60.012082
4.599700,60.025152
4.599800,60.041135
4.599900,60.032791
4.600000,60.037686
4.600100,60.017129
4.600200,60.015821
4.600300,59.999756
4.600400,60.002161
4.600500,60.005590
4.600600,60.009998
4.600700,60.011905
4.600800,60.011379
4.600900,60.011530
4.601000,60.012799
4.601100,60.010838
4.601200,60.010826
4.601300,60.012395
4.601400,60.012469
4.601500,60.011617
4.601600,60.012329
4.601700,60.012792
4.601800,60.012916
4.601900,60.012086
4.602000,60.012059
4.602100,60.012365
4.602200,60.012633
4.602300,60.012504
4.602400,60.012186
4.602500,60.012287
4.602600,60.012396
4.602700,60.012657
4.602800,60.012508
4.602900,60.012227
4.603000,60.012135
4.603100,60.012088
4.603200,60.012023
4.603300,60.012071
4.603400,60.012120
4.603500,60.012094
4.603600,60.012271
4.603700,60.012304
4.603800,60.012384
4.603900,60.012056
4.604000,60.012079
4.604100,60.012015
4.604200,60.011895
4.604300,60.012037
4.604400,60.012258
4.604500,60.012187
4.604600,60.011761
4.604700,60.012078
4.604800,60.012081
4.604900,60.012120
4.605000,60.011662
4.605100,60.012113
4.605200,60.011554
4.605300,60.011794
4.605400,60.012960
4.605500,60.011838
4.605600,60.011470
4.605700,60.012200
4.605800,60.012751
4.605900,60.012299
4.606000,60.012678
4.606100,60.012623
4.606200,60.012519
4.606300,60.013250
4.606400,60.015363
4.606500,60.014082
4.606600,60.012468
4.606700,60.009390
4.606800,60.010785
4.606900,60.008587
4.607000,60.008801
4.607100,60.011861
4.607200,60.009741
4.607300,60.007825
4.607400,60.011744
4.607500,60.008829
4.607600,60.014790
4.607700,60.007300
4.607800,60.005878
4.607900,60.008157
4.608000,60.013455
4.608100,60.016317
4.608200,60.012954
4.608300,60.008411
4.608400,59.992270
4.608500,59.983437
4.608600,59.967673
4.608700,59.967553
4.608800,59.972838
4.608900,59.969637
4.609000,59.971019
4.609100,59.971141
4.609200,59.970586
4.609300,59.971398
4.609400,59.970121
4.609500,59.970977
4.609600,59.971918
4.609700,59.971061
4.609800,59.970497
4.609900,59.969985
4.610000,59.969936
4.610100,59.970813
4.610200,59.970650
4.610300,59.970652
4.610400,59.970491
4.610500,59.971193
4.610600,59.970377
4.610700,59.970348
4.610800,59.970587
4.610900,59.970756
4.611000,59.970355
4.611100,59.969978
4.611200,59.969877
4.611300,59.969943
4.611400,59.970202
4.611500,59.970119
4.611600,59.969996
4.611700,59.970009
4.611800,59.970214
4.611900,59.970322
4.612000,59.970056
4.612100,59.970099
4.612200,59.970078
4.612300,59.970024
4.612400,59.970254
4.612500,59.970707
4.612600,59.970168
4.612700,59.970212
4.612800,59.970342
4.612900,59.969993
4.613000,59.969885
4.613100,59.970722
4.613200,59.970244
4.613300,59.970048
4.613400,59.969906
4.613500,59.970100
4.613600,59.970585
4.613700,59.970215
4.613800,59.970442
4.613900,59.969540
4.614000,59.970954
4.614100,59.970724
4.614200,59.970241
4.614300,59.970754
4.614400,59.970683
4.614500,59.970318
4.614600,59.970411
4.614700,59.971783
4.614800,59.969632
4.614900,59.970778
4.615000,59.969372
4.615100,59.966925
4.615200,59.967734
4.615300,59.971417
4.615400,59.972766
4.615500,59.971959
4.615600,59.969267
4.615700,59.970768
4.615800,59.968546
4.615900,59.973266
4.616000,59.978126
4.616100,59.970603
4.616200,59.982186
4.616300,59.968715
4.616400,59.969115
4.616500,59.975546
4.616600,59.969730
4.616700,59.980003
4.616800,59.969125
4.616900,59.968698
4.617000,59.972997
4.617100,59.970431
4.617200,59.972178
4.617300,59.971977
4.617400,59.972958
4.617500,59.972954
4.617600,59.972808
4.617700,59.974169
4.617800,59.975515
4.617900,59.975589
4.618000,59.974203
4.618100,59.973699
4.618200,59.973443
4.618300,59.973729
4.618400,59.973299
4.618500,59.972688
4.618600,59.973235
4.618700,59.973616
4.618800,59.973090
4.618900,59.972666
4.619000,59.973329
4.619100,59.973372
4.619200,59.973107
4.619300,59.973353
4.619400,59.973471
4.619500,59.973127
4.619600,59.973068
4.619700,59.973104
4.619800,59.972931
4.619900,59.972903
4.620000,59.973011
4.620100,59.973229
4.620200,59.972960
4.620300,59.973272
4.620400,59.973182
4.620500,59.973196
4.620600,59.972634
4.620700,59.972634
4.620800,59.973215
4.620900,59.972984
4.621000,59.973461
4.621100,59.973056
4.621200,59.973345
4.621300,59.972874
4.621400,59.972949
4.621500,59.972626
4.621600,59.972253
4.621700,59.972656
4.621800,59.973322
4.621900,59.973463
4.622000,59.972895
4.622100,59.972876
4.622200,59.972714
4.622300,59.972961
4.622400,59.973206
4.622500,59.972859
4.622600,59.973443
4.622700,59.973443
4.622800,59.973925
4.622900,59.973733
4.623000,59.972995
4.623100,59.973838
4.623200,59.972872
4.623300,59.973989
4.623400,59.972952
4.623500,59.973483
4.623600,59.976133
4.623700,59.974045
4.623800,59.972594
4.623900,59.973730
4.624000,59.972518
4.624100,59.972897
4.624200,59.970067
4.624300,59.977000
4.624400,59.983595
4.624500,59.986056
4.624600,59.992893
4.624700,59.977987
4.624800,59.960462
4.624900,59.938627
4.625000,59.917659
4.625100,59.937947
4.625200,59.960388
4.625300,59.967138
4.625400,59.963904
4.625500,59.966603
4.625600,59.969943
4.625700,59.967966
4.625800,59.968048
4.625900,59.967908
4.626000,59.968084
4.626100,59.967271
4.626200,59.967643
4.626300,59.966050
4.626400,59.967437
4.626500,59.966783
4.626600,59.968190
4.626700,59.968178
4.626800,59.968662
4.626900,59.969334
4.627000,59.968461
4.627100,59.969060
4.627200,59.969301
4.627300,59.968971
4.627400,59.968604
4.627500,59.968770
4.627600,59.969100
4.627700,59.968757
4.627800,59.968758
4.627900,59.968526
4.628000,59.968570
4.628100,59.969071
4.628200,59.968959
4.628300,59.968364
4.628400,59.968436
4.628500,59.968208
4.628600,59.968168
4.628700,59.968298
4.628800,59.968395
4.628900,59.968911
4.629000,59.968366
4.629100,59.968271
4.629200,59.968138
4.629300,59.968195
4.629400,59.968876
4.629500,59.968914
4.629600,59.968609
4.629700,59.968335
4.629800,59.968453
4.629900,59.968859
4.630000,59.968707
4.630100,59.969015
4.630200,59.969237
4.630300,59.968575
4.630400,59.968251
4.630500,59.968707
4.630600,59.968454
4.630700,59.968311
4.630800,59.969023
4.630900,59.968985
4.631000,59.968437
4.631100,59.968504
4.631200,59.969253
4.631300,59.968945
4.631400,59.968418
4.631500,59.969827
4.631600,59.969076
4.631700,59.970202
4.631800,59.968180
4.631900,59.969216
4.632000,59.966444
4.632100,59.970285
4.632200,59.970293
4.632300,59.968850
4.632400,59.973728
4.632500,59.970680
4.632600,59.978553
4.632700,59.974602
4.632800,59.983367
4.632900,59.992587
4.633000,59.997247
4.633100,60.009553
4.633200,60.011876
4.633300,60.013892
4.633400,60.017444
4.633500,60.010970
4.633600,60.021433
4.633700,60.023248
4.633800,60.023679
4.633900,60.026804
4.634000,60.024415
4.634100,60.024875
4.634200,60.024628
4.634300,60.024993
4.634400,60.024679
4.634500,60.024479
4.634600,60.024920
4.634700,60.026660
4.634800,60.025503
4.634900,60.026512
4.635000,60.026330
4.635100,60.025306
4.635200,60.025402
4.635300,60.025874
4.635400,60.025415
4.635500,60.025439
4.635600,60.025777
4.635700,60.025276
4.635800,60.025408
4.635900,60.024860
4.636000,60.025221
4.636100,60.025057
4.636200,60.025299
4.636300,60.025306
4.636400,60.025678
4.636500,60.025572
4.636600,60.025347
4.636700,60.025329
4.636800,60.025379
4.636900,60.025103
4.637000,60.025365
4.637100,60.025095
4.637200,60.025270
4.637300,60.025529
4.637400,60.025280
4.637500,60.024861
4.637600,60.025642
4.637700,60.025729
4.637800,60.025305
4.637900,60.025555
4.638000,60.025216
4.638100,60.025513
4.638200,60.025294
4.638300,60.025440
4.638400,60.025307
4.638500,60.025764
4.638600,60.025547
4.638700,60.025486
4.638800,60.025324
4.638900,60.026370
4.639000,60.025853
4.639100,60.024364
4.639200,60.025592
4.639300,60.025195
4.639400,60.026076
4.639500,60.024783
4.639600,60.024531
4.639700,60.024314
4.639800,60.024787
4.639900,60.025334
4.640000,60.025377
4.640100,60.024510
4.640200,60.024898
4.640300,60.025901
4.640400,60.027575
4.640500,60.026827
4.640600,60.026737
4.640700,60.025792
4.640800,60.027559
4.640900,60.025535
4.641000,60.028031
4.641100,60.032418
4.641200,60.026132
4.641300,60.042407
4.641400,60.027909
4.641500,60.036833
4.641600,60.023975
4.641700,60.022628
4.641800,60.013816
4.641900,60.016225
4.642000,60.026971
4.642100,60.024757
4.642200,60.026100
4.642300,60.025509
4.642400,60.025257
4.642500,60.025711
4.642600,60.024968
4.642700,60.024106
4.642800,60.024299
4.642900,60.022423
4.643000,60.023523
4.643100,60.023829
4.643200,60.024105
4.643300,60.024226
4.643400,60.024121
4.643500,60.024280
4.643600,60.024750
4.643700,60.024985
4.643800,60.024129
4.643900,60.024103
4.644000,60.023984
4.644100,60.024338
4.644200,60.024364
4.644300,60.024561
4.644400,60.024267
4.644500,60.024201
4.644600,60.024082
4.644700,60.024157
4.644800,60.024096
4.644900,60.024267
4.645000,60.024103
4.645100,60.024147
4.645200,60.023821
4.645300,60.023857
4.645400,60.024169
4.645500,60.024526
4.645600,60.024032
4.645700,60.024032
4.645800,60.024134
4.645900,60.023895
4.646000,60.023904
4.646100,60.024344
4.646200,60.024183
4.646300,60.024367
4.646400,60.024319
4.646500,60.024866
4.646600,60.024697
4.646700,60.024473
4.646800,60.024663
4.646900,60.024022
4.647000,60.023737
4.647100,60.024728
4.647200,60.023872
4.647300,60.024112
4.647400,60.023426
4.647500,60.024347
4.647600,60.024388
4.647700,60.023843
4.647800,60.024165
4.647900,60.024955
4.648000,60.024456
4.648100,60.025159
4.648200,60.024537
4.648300,60.024702
4.648400,60.025606
4.648500,60.023591
4.648600,60.020094
4.648700,60.021610
4.648800,60.025050
4.648900,60.025965
4.649000,60.026582
4.649100,60.032731
4.649200,60.024792
4.649300,60.023285
4.649400,60.017490
4.649500,60.014863
4.649600,60.020286
4.649700,60.007744
4.649800,60.005661
4.649900,59.995148
4.650000,59.993588
4.650100,59.994298
4.650200,59.991270
4.650300,59.985521
4.650400,59.978956
4.650500,59.983050
4.650600,59.980662
4.650700,59.981029
4.650800,59.980823
4.650900,59.980462
4.651000,59.979559
4.651100,59.979117
4.651200,59.977723
4.651300,59.978902
4.651400,59.979455
4.651500,59.979461
4.651600,59.979527
4.651700,59.980466
4.651800,59.979786
4.651900,59.980169
4.652000,59.980168
4.652100,59.979865
4.652200,59.980206
4.652300,59.980219
4.652400,59.979750
4.652500,59.979680
4.652600,59.980016
4.652700,59.980069
4.652800,59.979987
4.652900,59.980019
4.653000,59.980071
4.653100,59.979919
4.653200,59.979785
4.653300,59.979681
4.653400,59.980136
4.653500,59.980082
4.653600,59.979954
4.653700,59.979702
4.653800,59.980072
4.653900,59.980250
4.654000,59.980143
4.654100,59.980264
4.654200,59.980096
4.654300,59.980199
4.654400,59.979822
4.654500,59.979915
4.654600,59.979255
4.654700,59.979522
4.654800,59.979528
4.654900,59.979566
4.655000,59.979787
4.655100,59.980248
4.655200,59.980415
4.655300,59.979560
4.655400,59.979497
4.655500,59.980045
4.655600,59.980272
4.655700,59.979506
4.655800,59.979617
4.655900,59.979994
4.656000,59.980416
4.656100,59.979423
4.656200,59.979315
4.656300,59.979707
4.656400,59.978596
4.656500,59.977536
4.656600,59.980232
4.656700,59.982357
4.656800,59.982419
4.656900,59.982237
4.657000,59.980977
4.657100,59.981850
4.657200,59.979045
4.657300,59.984232
4.657400,59.982063
4.657500,59.980858
4.657600,59.980309
4.657700,59.973143
4.657800,59.981118
4.657900,59.984729
4.658000,59.985734
4.658100,59.991837
4.658200,59.984524
4.658300,59.984361
4.658400,59.981478
4.658500,59.967229
4.658600,59.974554
4.658700,59.978019
4.658800,59.974227
4.658900,59.975903
4.659000,59.977093
4.659100,59.977149
4.659200,59.977412
4.659300,59.976867
4.659400,59.977924
4.659500,59.977854
4.659600,59.977213
4.659700,59.978566
4.659800,59.978658
4.659900,59.978574
4.660000,59.977850
4.660100,59.977402
4.660200,59.977256
4.660300,59.977692
4.660400,59.977953
4.660500,59.977416
4.660600,59.977648
4.660700,59.976944
4.660800,59.977281
4.660900,59.976888
4.661000,59.977329
4.661100,59.976978
4.661200,59.977359
4.661300,59.977161
4.661400,59.977053
4.661500,59.976995
4.661600,59.977171
4.661700,59.977372
4.661800,59.977019
4.661900,59.977288
4.662000,59.977196
4.662100,59.977298
4.662200,59.977360
4.662300,59.977098
4.662400,59.977069
4.662500,59.977603
4.662600,59.977016
4.662700,59.977069
4.662800,59.976762
4.662900,59.976661
4.663000,59.977520
4.663100,59.977089
4.663200,59.977296
4.663300,59.977495
4.663400,59.976586
4.663500,59.977529
4.663600,59.978203
4.663700,59.977579
4.663800,59.977195
4.663900,59.976992
4.664000,59.977677
4.664100,59.977079
4.664200,59.977605
4.664300,59.977640
4.664400,59.977060
4.664500,59.977597
4.664600,59.976698
4.664700,59.977741
4.664800,59.977115
4.664900,59.976272
4.665000,59.975549
4.665100,59.975978
4.665200,59.975756
4.665300,59.979518
4.665400,59.981013
4.665500,59.981228
4.665600,59.979187
4.665700,59.982880
4.665800,59.977745
4.665900,59.978679
4.666000,59.976365
4.666100,59.973776
4.666200,59.977955
4.666300,59.968086
4.666400,59.963851
4.666500,59.969312
4.666600,59.978486
4.666700,59.974840
4.666800,59.983894
4.666900,59.981946
4.667000,59.977752
4.667100,59.971233
4.667200,59.972091
4.667300,59.972642
4.667400,59.971980
4.667500,59.971850
4.667600,59.972229
4.667700,59.972270
4.667800,59.971032
4.667900,59.971387
4.668000,59.971227
4.668100,59.970915
4.668200,59.970435
4.668300,59.970095
4.668400,59.969684
4.668500,59.969769
4.668600,59.969571
4.668700,59.969451
4.668800,59.969223
4.668900,59.969422
4.669000,59.969487
4.669100,59.969566
4.669200,59.969803
4.669300,59.970032
4.669400,59.970376
4.669500,59.970220
4.669600,59.969714
4.669700,59.969556
4.669800,59.969629
4.669900,59.969632
4.670000,59.970256
4.670100,59.970149
4.670200,59.970093
4.670300,59.969959
4.670400,59.970050
4.670500,59.969954
4.670600,59.969890
4.670700,59.969982
4.670800,59.969987
4.670900,59.969700
4.671000,59.969686
4.671100,59.970160
4.671200,59.969913
4.671300,59.969601
4.671400,59.969322
4.671500,59.970083
4.671600,59.969381
4.671700,59.969728
4.671800,59.970329
4.671900,59.970178
4.672000,59.970063
4.672100,59.970987
4.672200,59.970887
4.672300,59.970176
4.672400,59.970809
4.672500,59.970378
4.672600,59.971318
4.672700,59.969761
4.672800,59.968795
4.672900,59.969858
4.673000,59.971070
4.673100,59.969936
4.673200,59.969827
4.673300,59.967564
4.673400,59.968113
4.673500,59.968533
4.673600,59.971063
4.673700,59.970637
4.673800,59.967972
4.673900,59.970457
4.674000,59.973358
4.674100,59.974166
4.674200,59.979362
4.674300,59.985342
4.674400,59.976401
4.674500,59.980108
4.674600,59.980641
4.674700,59.982328
4.674800,59.990701
4.674900,60.012159
4.675000,59.999031
4.675100,60.002197
4.675200,60.022514
4.675300,60.018860
4.675400,60.010207
4.675500,60.005213
4.675600,60.006451
4.675700,60.007301
4.675800,60.007282
4.675900,60.006318
4.676000,60.004829
4.676100,60.004629
4.676200,60.003801
4.676300,60.003398
4.676400,60.004365
4.676500,60.004105
4.676600,60.003225
4.676700,60.004196
4.676800,60.004598
4.676900,60.004318
4.677000,60.005199
4.677100,60.005071
4.677200,60.005247
4.677300,60.005214
4.677400,60.004721
4.677500,60.004812
4.677600,60.004601
4.677700,60.004956
4.677800,60.004918
4.677900,60.005117
4.678000,60.004760
4.678100,60.005066
4.678200,60.004582
4.678300,60.004625
4.678400,60.005047
4.678500,60.004529
4.678600,60.004598
4.678700,60.004743
4.678800,60.005102
4.678900,60.005195
4.679000,60.005288
4.679100,60.004592
4.679200,60.005081
4.679300,60.005283
4.679400,60.004927
4.679500,60.004976
4.679600,60.004684
4.679700,60.004958
4.679800,60.004583
4.679900,60.005060
4.680000,60.004860
4.680100,60.004790
4.680200,60.005198
4.680300,60.004548
4.680400,60.004871
4.680500,60.004670
4.680600,60.005158
4.680700,60.005041
4.680800,60.004497
4.680900,60.004896
4.681000,60.004947
4.681100,60.005795
4.681200,60.005830
4.681300,60.004399
4.681400,60.003381
4.681500,60.003756
4.681600,60.005085
4.681700,60.007838
4.681800,60.007294
4.681900,60.006825
4.682000,60.008908
4.682100,60.005261
4.682200,60.004711
4.682300,60.008551
4.682400,60.008787
4.682500,60.006833
4.682600,60.015162
4.682700,60.021519
4.682800,60.017982
4.682900,60.019575
4.683000,60.011735
4.683100,60.004489
4.683200,60.016024
4.683300,60.027708
4.683400,60.038851
4.683500,60.033341
4.683600,60.019952
4.683700,60.023792
4.683800,60.023477
4.683900,60.025017
4.684000,60.027415
4.684100,60.026576
4.684200,60.026429
4.684300,60.025809
4.684400,60.024757
4.684500,60.026463
4.684600,60.025587
4.684700,60.026516
4.684800,60.024864
4.684900,60.025054
4.685000,60.024931
4.685100,60.024469
4.685200,60.025368
4.685300,60.025166
4.685400,60.025282
4.685500,60.025076
4.685600,60.025269
4.685700,60.024676
4.685800,60.024674
4.685900,60.024865
4.686000,60.024552
4.686100,60.024582
4.686200,60.024949
4.686300,60.025384
4.686400,60.025121
4.686500,60.025422
4.686600,60.024878
4.686700,60.024670
4.686800,60.024901
4.686900,60.025435
4.687000,60.025009
4.687100,60.025272
4.687200,60.025202
4.687300,60.025497
4.687400,60.025128
4.687500,60.025300
4.687600,60.025589
4.687700,60.025461
4.687800,60.025237
4.687900,60.025473
4.688000,60.024965
4.688100,60.025444
4.688200,60.025105
4.688300,60.025393
4.688400,60.024844
4.688500,60.024445
4.688600,60.024741
4.688700,60.025699
4.688800,60.025382
4.688900,60.025552
4.689000,60.025338
4.689100,60.025764
4.689200,60.025353
4.689300,60.025775
4.689400,60.024761
4.689500,60.025513
4.689600,60.023532
4.689700,60.025150
4.689800,60.023512
4.689900,60.023841
4.690000,60.026366
4.690100,60.026506
4.690200,60.024783
4.690300,60.024650
4.690400,60.022609
4.690500,60.025828
4.690600,60.026432
4.690700,60.026389
4.690800,60.028636
4.690900,60.030927
4.691000,60.033945
4.691100,60.031724
4.691200,60.029929
4.691300,60.021189
4.691400,60.005217
4.691500,59.993203
4.691600,59.995415
4.691700,60.005678
4.691800,60.005342
4.691900,59.994661
4.692000,60.003927
4.692100,60.008185
4.692200,60.007513
4.692300,60.006048
4.692400,60.006101
4.692500,60.006013
4.692600,60.005948
4.692700,60.007354
4.692800,60.006723
4.692900,60.006254
4.693000,60.007356
4.693100,60.006556
4.693200,60.008024
4.693300,60.006919
4.693400,60.007693
4.693500,60.006571
4.693600,60.006528
4.693700,60.006712
4.693800,60.006910
4.693900,60.006918
4.694000,60.006344
4.694100,60.006489
4.694200,60.006548
4.694300,60.006793
4.694400,60.007042
4.694500,60.007017
4.694600,60.006890
4.694700,60.006458
4.694800,60.006479
4.694900,60.006871
4.695000,60.006783
4.695100,60.006738
4.695200,60.007122
4.695300,60.007172
4.695400,60.007026
4.695500,60.006993
4.695600,60.006487
4.695700,60.006662
4.695800,60.006508
4.695900,60.006789
4.696000,60.006578
4.696100,60.007058
4.696200,60.007129
4.696300,60.006758
4.696400,60.006938
4.696500,60.006782
4.696600,60.006635
4.696700,60.006622
4.696800,60.006492
4.696900,60.007156
4.697000,60.007106
4.697100,60.007122
4.697200,60.007622
4.697300,60.007071
4.697400,60.007472
4.697500,60.007484
4.697600,60.006733
4.697700,60.005800
4.697800,60.005725
4.697900,60.006612
4.698000,60.007329
4.698100,60.008058
4.698200,60.005642
4.698300,60.006642
4.698400,60.007222
4.698500,60.008943
4.698600,60.009594
4.698700,60.009945
4.698800,60.009397
4.698900,60.007312
4.699000,60.008148
4.699100,60.001505
4.699200,60.009782
4.699300,60.005074
4.699400,60.010227
4.699500,60.013279
4.699600,60.024808
4.699700,60.031241
4.699800,60.011733
4.699900,60.013047
4.700000,60.001151
4.700100,60.020850
4.700200,60.012507
4.700300,60.013044
4.700400,60.005586
4.700500,60.004577
4.700600,60.008171
4.700700,60.008597
4.700800,60.008594
4.700900,60.008352
4.701000,60.007929
4.701100,60.007434
4.701200,60.008534
4.701300,60.007998
4.701400,60.008150
4.701500,60.008022
4.701600,60.008119
4.701700,60.009010
4.701800,60.008661
4.701900,60.008478
4.702000,60.008424
4.702100,60.009015
4.702200,60.008960
4.702300,60.008813
4.702400,60.008592
4.702500,60.008931
4.702600,60.008746
4.702700,60.008827
4.702800,60.008420
4.702900,60.008408
4.703000,60.008788
4.703100,60.008669
4.703200,60.008878
4.703300,60.008770
4.703400,60.008696
4.703500,60.008848
4.703600,60.008843
4.703700,60.008542
4.703800,60.008737
4.703900,60.008554
4.704000,60.008660
4.704100,60.009092
4.704200,60.008532
4.704300,60.008439
4.704400,60.008826
4.704500,60.008873
4.704600,60.008205
4.704700,60.008357
4.704800,60.008398
4.704900,60.008698
4.705000,60.008686
4.705100,60.008857
4.705200,60.008544
4.705300,60.009132
4.705400,60.009010
4.705500,60.008674
4.705600,60.009107
4.705700,60.008894
4.705800,60.008707
4.705900,60.008324
4.706000,60.009578
4.706100,60.009068
4.706200,60.008242
4.706300,60.009641
4.706400,60.007552
4.706500,60.010284
4.706600,60.010123
4.706700,60.008328
4.706800,60.010421
4.706900,60.009176
4.707000,60.009909
4.707100,60.012465
4.707200,60.009565
4.707300,60.006725
4.707400,60.006118
4.707500,60.012434
4.707600,60.014308
4.707700,60.016121
4.707800,60.011566
4.707900,59.998033
4.708000,59.997582
4.708100,60.002421
4.708200,59.980647
4.708300,59.994331
4.708400,59.993887
4.708500,59.983838
4.708600,59.995705
4.708700,60.007494
4.708800,60.003806
4.708900,60.004683
4.709000,60.005411
4.709100,60.005028
4.709200,60.005958
4.709300,60.005041
4.709400,60.004466
4.709500,60.004870
4.709600,60.005274
4.709700,60.004775
4.709800,60.004206
4.709900,60.004458
4.710000,60.004093
4.710100,60.005035
4.710200,60.005175
4.710300,60.004467
4.710400,60.004392
4.710500,60.004637
4.710600,60.004585
4.710700,60.004133
4.710800,60.004565
4.710900,60.004553
4.711000,60.004354
4.711100,60.004853
4.711200,60.004452
4.711300,60.004804
4.711400,60.005341
4.711500,60.004889
4.711600,60.004468
4.711700,60.004804
4.711800,60.004643
4.711900,60.004425
4.712000,60.004842
4.712100,60.005058
4.712200,60.004567
4.712300,60.004605
4.712400,60.004523
4.712500,60.004674
4.712600,60.004601
4.712700,60.004138
4.712800,60.003963
4.712900,60.004438
4.713000,60.004042
4.713100,60.004422
4.713200,60.004202
4.713300,60.004165
4.713400,60.003901
4.713500,60.004589
4.713600,60.004985
4.713700,60.004636
4.713800,60.005019
4.713900,60.005261
4.714000,60.005410
4.714100,60.004321
4.714200,60.003996
4.714300,60.004456
4.714400,60.004306
4.714500,60.005831
4.714600,60.005210
4.714700,60.006347
4.714800,60.006348
4.714900,60.008116
4.715000,60.006489
4.715100,60.006112
4.715200,60.005842
4.715300,60.004274
4.715400,60.003606
4.715500,60.002835
4.715600,60.003684
4.715700,60.008338
4.715800,60.010995
4.715900,60.003911
4.716000,60.013184
4.716100,60.011306
4.716200,60.012055
4.716300,60.012175
4.716400,60.006676
4.716500,59.996583
4.716600,60.003804
4.716700,59.996683
4.716800,60.000330
4.716900,59.993107
4.717000,59.994307
4.717100,59.998053
4.717200,60.000354
4.717300,60.001603
4.717400,60.001206
4.717500,60.001007
4.717600,60.002143
4.717700,60.001323
4.717800,60.001498
4.717900,60.002057
4.718000,60.003066
4.718100,60.001343
4.718200,60.001428
4.718300,60.002214
4.718400,60.002108
4.718500,60.001257
4.718600,60.001379
4.718700,60.001848
4.718800,60.001084
4.718900,60.001546
4.719000,60.001165
4.719100,60.001038
4.719200,60.001324
4.719300,60.001246
4.719400,60.001209
4.719500,60.001096
4.719600,60.001449
4.719700,60.001741
4.719800,60.001288
4.719900,60.001209
4.720000,60.001182
4.720100,60.001386
4.720200,60.001091
4.720300,60.001556
4.720400,60.001493
4.720500,60.001400
4.720600,60.000885
4.720700,60.001565
4.720800,60.001076
4.720900,60.000758
4.721000,60.000918
4.721100,60.001071
4.721200,60.000988
4.721300,60.001362
4.721400,60.000964
4.721500,60.001160
4.721600,60.001253
4.721700,60.001221
4.721800,60.001356
4.721900,60.001520
4.722000,60.001084
4.722100,60.001196
4.722200,60.000683
4.722300,60.000733
4.722400,60.001560
4.722500,60.002366
4.722600,60.002080
4.722700,60.000852
4.722800,60.001694
4.722900,60.002447
4.723000,60.000475
4.723100,60.001163
4.723200,60.000426
4.723300,59.999343
4.723400,60.000368
4.723500,60.001590
4.723600,60.000899
4.723700,59.996859
4.723800,59.996611
4.723900,59.999023
4.724000,60.001127
4.724100,60.003214
4.724200,59.995665
4.724300,60.005190
4.724400,60.004712
4.724500,60.000696
4.724600,59.990262
4.724700,60.003598
4.724800,60.004663
4.724900,60.017377
4.725000,60.011059
4.725100,60.029248
4.725200,60.026620
4.725300,60.010495
4.725400,60.015643
4.725500,60.010421
4.725600,60.015596
4.725700,60.013704
4.725800,60.013485
4.725900,60.013018
4.726000,60.013407
4.726100,60.015124
4.726200,60.013065
4.726300,60.015002
4.726400,60.013863
4.726500,60.013320
4.726600,60.014214
4.726700,60.013631
4.726800,60.013368
4.726900,60.013815
4.727000,60.014138
4.727100,60.013638
4.727200,60.014048
4.727300,60.014008
4.727400,60.013819
4.727500,60.013666
4.727600,60.013891
4.727700,60.014005
4.727800,60.013866
4.727900,60.014041
4.728000,60.014106
4.728100,60.014046
4.728200,60.014037
4.728300,60.013796
4.728400,60.013648
4.728500,60.013697
4.728600,60.013660
4.728700,60.013653
4.728800,60.013916
4.728900,60.014257
4.729000,60.013746
4.729100,60.014025
4.729200,60.014012
4.729300,60.013246
4.729400,60.013612
4.729500,60.013664
4.729600,60.014480
4.729700,60.014442
4.729800,60.014300
4.729900,60.013825
4.730000,60.013921
4.730100,60.013423
4.730200,60.013248
4.730300,60.013484
4.730400,60.013968
4.730500,60.013437
4.730600,60.012927
4.730700,60.014299
4.730800,60.014262
4.730900,60.013850
4.731000,60.014058
4.731100,60.014122
4.731200,60.014264
4.731300,60.012416
4.731400,60.012005
4.731500,60.012003
4.731600,60.012382
4.731700,60.013182
4.731800,60.013588
4.731900,60.012808
4.732000,60.011603
4.732100,60.013386
4.732200,60.014309
4.732300,60.013720
4.732400,60.010380
4.732500,60.015925
4.732600,60.011979
4.732700,60.019687
4.732800,60.021897
4.732900,60.027900
4.733000,60.011793
4.733100,60.008875
4.733200,60.006981
4.733300,59.988756
4.733400,59.985118
4.733500,59.979242
4.733600,59.996817
4.733700,59.987646
4.733800,59.988925
4.733900,59.991104
4.734000,59.990321
4.734100,59.990601
4.734200,59.990845
4.734300,59.990183
4.734400,59.990514
4.734500,59.990512
4.734600,59.990775
4.734700,59.992509
4.734800,59.990961
4.734900,59.991643
4.735000,59.991897
4.735100,59.991502
4.735200,59.990595
4.735300,59.990331
4.735400,59.990750
4.735500,59.990666
4.735600,59.990763
4.735700,59.990711
4.735800,59.990808
4.735900,59.990916
4.736000,59.990825
4.736100,59.990710
4.736200,59.990482
4.736300,59.990793
4.736400,59.990561
4.736500,59.990864
4.736600,59.990818
4.736700,59.991242
4.736800,59.990821
4.736900,59.990959
4.737000,59.990669
4.737100,59.990742
4.737200,59.991214
4.737300,59.990950
4.737400,59.991015
4.737500,59.990620
4.737600,59.990202
4.737700,59.990939
4.737800,59.990878
4.737900,59.990613
4.738000,59.989989
4.738100,59.990279
4.738200,59.990668
4.738300,59.991441
4.738400,59.990602
4.738500,59.990879
4.738600,59.990377
4.738700,59.989787
4.738800,59.990282
4.738900,59.991366
4.739000,59.991362
4.739100,59.990765
4.739200,59.991112
4.739300,59.990849
4.739400,59.991008
4.739500,59.990560
4.739600,59.990595
4.739700,59.991024
4.739800,59.991899
4.739900,59.990869
4.740000,59.989340
4.740100,59.989234
4.740200,59.992566
4.740300,59.990951
4.740400,59.991399
4.740500,59.990306
4.740600,59.990001
4.740700,59.991299
4.740800,59.993489
4.740900,59.995616
4.741000,59.993548
4.741100,59.996155
4.741200,59.998373
4.741300,59.990586
4.741400,59.999160
4.741500,59.994705
4.741600,59.989142
4.741700,59.972736
4.741800,59.973363
4.741900,59.984644
4.742000,59.981684
4.742100,59.984550
4.742200,59.980187
4.742300,59.981458
4.742400,59.982438
4.742500,59.982501
4.742600,59.981585
4.742700,59.982021
4.742800,59.981291
4.742900,59.982743
4.743000,59.983136
4.743100,59.981600
4.743200,59.980723
4.743300,59.981276
4.743400,59.981802
4.743500,59.982218
4.743600,59.981756
4.743700,59.982063
4.743800,59.981694
4.743900,59.981735
4.744000,59.981259
4.744100,59.981498
4.744200,59.981827
4.744300,59.981879
4.744400,59.981740
4.744500,59.981637
4.744600,59.981812
4.744700,59.981677
4.744800,59.981974
4.744900,59.981765
4.745000,59.981357
4.745100,59.981604
4.745200,59.981902
4.745300,59.981748
4.745400,59.981742
4.745500,59.981710
4.745600,59.981699
4.745700,59.981687
4.745800,59.981757
4.745900,59.981347
4.746000,59.981383
4.746100,59.981241
4.746200,59.981389
4.746300,59.981442
4.746400,59.981940
4.746500,59.981595
4.746600,59.981848
4.746700,59.981382
4.746800,59.982249
4.746900,59.981849
4.747000,59.982083
4.747100,59.981632
4.747200,59.981787
4.747300,59.982388
4.747400,59.981820
4.747500,59.981483
4.747600,59.982354
4.747700,59.981886
4.747800,59.981408
4.747900,59.979932
4.748000,59.980574
4.748100,59.981876
4.748200,59.980098
4.748300,59.980565
4.748400,59.981753
4.748500,59.982111
4.748600,59.982433
4.748700,59.985891
4.748800,59.986966
4.748900,59.985522
4.749000,59.983912
4.749100,59.977177
4.749200,59.974017
4.749300,59.974659
4.749400,59.976298
4.749500,59.981298
4.749600,59.974461
4.749700,59.968560
4.749800,59.981530
4.749900,59.979877
4.750000,59.974223
4.750100,59.974306
4.750200,59.967881
4.750300,59.976446
4.750400,59.985099
4.750500,59.987556
4.750600,59.987526
4.750700,59.986091
4.750800,59.986110
4.750900,59.986620
4.751000,59.987949
4.751100,59.988878
4.751200,59.987675
4.751300,59.986712
4.751400,59.987010
4.751500,59.986981
4.751600,59.986765
4.751700,59.986538
4.751800,59.986181
4.751900,59.987036
4.752000,59.987250
4.752100,59.987112
4.752200,59.987332
4.752300,59.987192
4.752400,59.987234
4.752500,59.987339
4.752600,59.987182
4.752700,59.986792
4.752800,59.986937
4.752900,59.987058
4.753000,59.986815
4.753100,59.986750
4.753200,59.986992
4.753300,59.986842
4.753400,59.987147
4.753500,59.987110
4.753600,59.986848
4.753700,59.986774
4.753800,59.987087
4.753900,59.986880
4.754000,59.987194
4.754100,59.986892
4.754200,59.987111
4.754300,59.987086
4.754400,59.987384
4.754500,59.987219
4.754600,59.986734
4.754700,59.987095
4.754800,59.986736
4.754900,59.986898
4.755000,59.986568
4.755100,59.987546
4.755200,59.987247
4.755300,59.987044
4.755400,59.986795
4.755500,59.987171
4.755600,59.987366
4.755700,59.987359
4.755800,59.987904
4.755900,59.986451
4.756000,59.986961
4.756100,59.986349
4.756200,59.985837
4.756300,59.987577
4.756400,59.987156
4.756500,59.987996
4.756600,59.988301
4.756700,59.988150
4.756800,59.988532
4.756900,59.985187
4.757000,59.986630
4.757100,59.986912
4.757200,59.989180
4.757300,59.985740
4.757400,59.986310
4.757500,59.980609
4.757600,59.980993
4.757700,59.985579
4.757800,59.992754
4.757900,59.993963
4.758000,59.994564
4.758100,60.002399
4.758200,60.008428
4.758300,60.020372
4.758400,60.025172
4.758500,60.019249
4.758600,60.026160
4.758700,60.015157
4.758800,60.014368
4.758900,60.011756
4.759000,60.010591
4.759100,60.010825
4.759200,60.010864
4.759300,60.010603
4.759400,60.009961
4.759500,60.010343
4.759600,60.010844
4.759700,60.010369
4.759800,60.010135
4.759900,60.010869
4.760000,60.011325
4.760100,60.010258
4.760200,60.010046
4.760300,60.010427
4.760400,60.010219
4.760500,60.010037
4.760600,60.010271
4.760700,60.009758
4.760800,60.009813
4.760900,60.009951
4.761000,60.010106
4.761100,60.010250
4.761200,60.009995
4.761300,60.009888
4.761400,60.009843
4.761500,60.009955
4.761600,60.010241
4.761700,60.010353
4.761800,60.010017
4.761900,60.010145
4.762000,60.010159
4.762100,60.010200
4.762200,60.010099
4.762300,60.009799
4.762400,60.010057
4.762500,60.009897
4.762600,60.009762
4.762700,60.009910
4.762800,60.009621
4.762900,60.009548
4.763000,60.010314
4.763100,60.010309
4.763200,60.010115
4.763300,60.009851
4.763400,60.009436
4.763500,60.009978
4.763600,60.009156
4.763700,60.009803
4.763800,60.010194
4.763900,60.010804
4.764000,60.009568
4.764100,60.010152
4.764200,60.010501
4.764300,60.010136
4.764400,60.010781
4.764500,60.011016
4.764600,60.010219
4.764700,60.011579
4.764800,60.011007
4.764900,60.009651
4.765000,60.011850
4.765100,60.014573
4.765200,60.011463
4.765300,60.008650
4.765400,60.007668
4.765500,60.006910
4.765600,60.009805
4.765700,60.011456
4.765800,60.013747
4.765900,60.007448
4.766000,60.013302
4.766100,60.017043
4.766200,60.016374
4.766300,60.019808
4.766400,60.037017
4.766500,60.031703
4.766600,60.023704
4.766700,60.000479
4.766800,59.993468
4.766900,60.001967
4.767000,60.006495
4.767100,60.005008
4.767200,60.011556
4.767300,60.010908
4.767400,60.009916
4.767500,60.010289
4.767600,60.009015
4.767700,60.007087
4.767800,60.008397
4.767900,60.008046
4.768000,60.007271
4.768100,60.006517
4.768200,60.006641
4.768300,60.007022
4.768400,60.006773
4.768500,60.006895
4.768600,60.007254
4.768700,60.007711
4.768800,60.008201
4.768900,60.007771
4.769000,60.007808
4.769100,60.007743
4.769200,60.007412
4.769300,60.007481
4.769400,60.007351
4.769500,60.007366
4.769600,60.007682
4.769700,60.007616
4.769800,60.007799
4.769900,60.007387
4.770000,60.007851
4.770100,60.007766
4.770200,60.007539
4.770300,60.007507
4.770400,60.007309
4.770500,60.007531
4.770600,60.007573
4.770700,60.007434
4.770800,60.007345
4.770900,60.007297
4.771000,60.007691
4.771100,60.007951
4.771200,60.007838
4.771300,60.007415
4.771400,60.007575
4.771500,60.007432
4.771600,60.007432
4.771700,60.007300
4.771800,60.007458
4.771900,60.008058
4.772000,60.007616
4.772100,60.007559
4.772200,60.007472
4.772300,60.007390
4.772400,60.007925
4.772500,60.008149
4.772600,60.008320
4.772700,60.009436
4.772800,60.008046
4.772900,60.008233
4.773000,60.007896
4.773100,60.008924
4.773200,60.007239
4.773300,60.007316
4.773400,60.006172
4.773500,60.007133
4.773600,60.007669
4.773700,60.008535
4.773800,60.008026
4.773900,60.007856
4.774000,60.009759
4.774100,60.008074
4.774200,60.006336
4.774300,60.014251
4.774400,60.004790
4.774500,60.002584
4.774600,59.997752
4.774700,60.001104
4.774800,60.013433
4.774900,59.995849
4.775000,59.971249
4.775100,59.962281
4.775200,59.965020
4.775300,59.958071
4.775400,59.961204
4.775500,59.965342
4.775600,59.963266
4.775700,59.965090
4.775800,59.965023
4.775900,59.965528
4.776000,59.964741
4.776100,59.964224
4.776200,59.964539
4.776300,59.964219
4.776400,59.964317
4.776500,59.963426
4.776600,59.963914
4.776700,59.963255
4.776800,59.963631
4.776900,59.964068
4.777000,59.963609
4.777100,59.963735
4.777200,59.963448
4.777300,59.963818
4.777400,59.963411
4.777500,59.963330
4.777600,59.963050
4.777700,59.963319
4.777800,59.963045
4.777900,59.963514
4.778000,59.963649
4.778100,59.963554
4.778200,59.963533
4.778300,59.963700
4.778400,59.963618
4.778500,59.963308
4.778600,59.963483
4.778700,59.963620
4.778800,59.963377
4.778900,59.963184
4.779000,59.963352
4.779100,59.963424
4.779200,59.963088
4.779300,59.963099
4.779400,59.963438
4.779500,59.963952
4.779600,59.963958
4.779700,59.964096
4.779800,59.963411
4.779900,59.963264
4.780000,59.963032
4.780100,59.962981
4.780200,59.964010
4.780300,59.963712
4.780400,59.963729
4.780500,59.963445
4.780600,59.963386
4.780700,59.962646
4.780800,59.963224
4.780900,59.962910
4.781000,59.963070
4.781100,59.964858
4.781200,59.963847
4.781300,59.963888
4.781400,59.965086
4.781500,59.964079
4.781600,59.965879
4.781700,59.967800
4.781800,59.964885
4.781900,59.962147
4.782000,59.966025
4.782100,59.967772
4.782200,59.965091
4.782300,59.964356
4.782400,59.965028
4.782500,59.970641
4.782600,59.975319
4.782700,59.982423
4.782800,59.976300
4.782900,59.973897
4.783000,59.967799
4.783100,59.961485
4.783200,59.969979
4.783300,59.991523
4.783400,60.002472
4.783500,60.014365
4.783600,60.024434
4.783700,60.026014
4.783800,60.022620
4.783900,60.026054
4.784000,60.026268
4.784100,60.026523
4.784200,60.026813
4.784300,60.028407
4.784400,60.028598
4.784500,60.027979
4.784600,60.028003
4.784700,60.027804
4.784800,60.027088
4.784900,60.027820
4.785000,60.028514
4.785100,60.028030
4.785200,60.028410
4.785300,60.028397
4.785400,60.028148
4.785500,60.028013
4.785600,60.027961
4.785700,60.028488
4.785800,60.028567
4.785900,60.028337
4.786000,60.028568
4.786100,60.028184
4.786200,60.028100
4.786300,60.028393
4.786400,60.028485
4.786500,60.028386
4.786600,60.028471
4.786700,60.028560
4.786800,60.028174
4.786900,60.028233
4.787000,60.028156
4.787100,60.028100
4.787200,60.028110
4.787300,60.028279
4.787400,60.028640
4.787500,60.028637
4.787600,60.028224
4.787700,60.028436
4.787800,60.028548
4.787900,60.028239
4.788000,60.027940
4.788100,60.028500
4.788200,60.028436
4.788300,60.028695
4.788400,60.028094
4.788500,60.028529
4.788600,60.028510
4.788700,60.028533
4.788800,60.028163
4.788900,60.028953
4.789000,60.028879
4.789100,60.029025
4.789200,60.028404
4.789300,60.028194
4.789400,60.029334
4.789500,60.028859
4.789600,60.028167
4.789700,60.027501
4.789800,60.028592
4.789900,60.027943
4.790000,60.028437
4.790100,60.028239
4.790200,60.025185
4.790300,60.028067
4.790400,60.028745
4.790500,60.030125
4.790600,60.026782
4.790700,60.032754
4.790800,60.030546
4.790900,60.025393
4.791000,60.033589
4.791100,60.029950
4.791200,60.024705
4.791300,60.028048
4.791400,60.017631
4.791500,60.003198
4.791600,60.012634
4.791700,60.006389
4.791800,60.013024
4.791900,60.015462
4.792000,60.022270
4.792100,60.013311
4.792200,60.013640
4.792300,60.012793
4.792400,60.012721
4.792500,60.012093
4.792600,60.011941
4.792700,60.012081
4.792800,60.011699
4.792900,60.011221
4.793000,60.012122
4.793100,60.011345
4.793200,60.012482
4.793300,60.013197
4.793400,60.013112
4.793500,60.012332
4.793600,60.012116
4.793700,60.012492
4.793800,60.012249
4.793900,60.012358
4.794000,60.012462
4.794100,60.011861
4.794200,60.012141
4.794300,60.012254
4.794400,60.011882
4.794500,60.012136
4.794600,60.012022
4.794700,60.012216
4.794800,60.012375
4.794900,60.012465
4.795000,60.012198
4.795100,60.012156
4.795200,60.012664
4.795300,60.012318
4.795400,60.012214
4.795500,60.012272
4.795600,60.011989
4.795700,60.012331
4.795800,60.012508
4.795900,60.011989
4.796000,60.012280
4.796100,60.012072
4.796200,60.011955
4.796300,60.012637
4.796400,60.012172
4.796500,60.011907
4.796600,60.012136
4.796700,60.012312
4.796800,60.012526
4.796900,60.012135
4.797000,60.011929
4.797100,60.011867
4.797200,60.012022
4.797300,60.011545
4.797400,60.011883
4.797500,60.011881
4.797600,60.013179
4.797700,60.012871
4.797800,60.013163
4.797900,60.013082
4.798000,60.011151
4.798100,60.010702
4.798200,60.013012
4.798300,60.012394
4.798400,60.014976
4.798500,60.014900
4.798600,60.014718
4.798700,60.012316
4.798800,60.012642
4.798900,60.008985
4.799000,60.013419
4.799100,60.009722
4.799200,60.008619
4.799300,60.008085
4.799400,60.009559
4.799500,60.009655
4.799600,60.002564
4.799700,60.000316
4.799800,60.017416
4.799900,60.018712
4.800000,60.010172
4.800100,60.013712
4.800200,60.000658
4.800300,59.990687
4.800400,59.992233
4.800500,59.994876
4.800600,59.994013
4.800700,59.994864
4.800800,59.994904
4.800900,59.994909
4.801000,59.993298
4.801100,59.995155
4.801200,59.996059
4.801300,59.995914
4.801400,59.996695
4.801500,59.995709
4.801600,59.994983
4.801700,59.995421
4.801800,59.995068
4.801900,59.995866
4.802000,59.995297
4.802100,59.995409
4.802200,59.995419
4.802300,59.995499
4.802400,59.995386
4.802500,59.995699
4.802600,59.995219
4.802700,59.994973
4.802800,59.995305
4.802900,59.995610
4.803000,59.995053
4.803100,59.994993
4.803200,59.995172
4.803300,59.995328
4.803400,59.994966
4.803500,59.994834
4.803600,59.994799
4.803700,59.994819
4.803800,59.994574
4.803900,59.994842
4.804000,59.995405
4.804100,59.995423
4.804200,59.995369
4.804300,59.995135
4.804400,59.995171
4.804500,59.995076
4.804600,59.994983
4.804700,59.995562
4.804800,59.995507
4.804900,59.995293
4.805000,59.995247
4.805100,59.995503
4.805200,59.995213
4.805300,59.995103
4.805400,59.994918
4.805500,59.994742
4.805600,59.995065
4.805700,59.996034
4.805800,59.995132
4.805900,59.994666
4.806000,59.994658
4.806100,59.995521
4.806200,59.994981
4.806300,59.994354
4.806400,59.993962
4.806500,59.995076
4.806600,59.996119
4.806700,59.995432
4.806800,59.994530
4.806900,59.995283
4.807000,59.993035
4.807100,59.996342
4.807200,59.997452
4.807300,59.998608
4.807400,60.001190
4.807500,59.999518
4.807600,59.998198
4.807700,59.995968
4.807800,59.991353
4.807900,59.984448
4.808000,59.993619
4.808100,59.984060
4.808200,59.990274
4.808300,59.987531
4.808400,59.994887
4.808500,59.984050
4.808600,59.997659
4.808700,59.985364
4.808800,59.983837
4.808900,59.988135
4.809000,59.987709
4.809100,59.987667
4.809200,59.988055
4.809300,59.987742
4.809400,59.987832
4.809500,59.987378
4.809600,59.986032
4.809700,59.985897
4.809800,59.986229
4.809900,59.987049
4.810000,59.986624
4.810100,59.986475
4.810200,59.987115
4.810300,59.987042
4.810400,59.986799
4.810500,59.986580
4.810600,59.986635
4.810700,59.986582
4.810800,59.986475
4.810900,59.986434
4.811000,59.986585
4.811100,59.986801
4.811200,59.987046
4.811300,59.986831
4.811400,59.986387
4.811500,59.986771
4.811600,59.986465
4.811700,59.986535
4.811800,59.986302
4.811900,59.986473
4.812000,59.986928
4.812100,59.986682
4.812200,59.986448
4.812300,59.986751
4.812400,59.987067
4.812500,59.986689
4.812600,59.986612
4.812700,59.986681
4.812800,59.986537
4.812900,59.987251
4.813000,59.986566
4.813100,59.986338
4.813200,59.986814
4.813300,59.986960
4.813400,59.986526
4.813500,59.986306
4.813600,59.986480
4.813700,59.986107
4.813800,59.986623
4.813900,59.987177
4.814000,59.987851
4.814100,59.986836
4.814200,59.986516
4.814300,59.985562
4.814400,59.986728
4.814500,59.987528
4.814600,59.986738
4.814700,59.987041
4.814800,59.986098
4.814900,59.986212
4.815000,59.986169
4.815100,59.984839
4.815200,59.984177
4.815300,59.985411
4.815400,59.988762
4.815500,59.991592
4.815600,59.992731
4.815700,59.991064
4.815800,59.988896
4.815900,59.988329
4.816000,59.984268
4.816100,59.979076
4.816200,59.975463
4.816300,59.983852
4.816400,59.999004
4.816500,59.980401
4.816600,60.001429
4.816700,59.996962
4.816800,60.013376
4.816900,60.011121
4.817000,60.020708
4.817100,60.012373
4.817200,60.015484
4.817300,60.015513
4.817400,60.014938
4.817500,60.014591
4.817600,60.015171
4.817700,60.016984
4.817800,60.015838
4.817900,60.017744
4.818000,60.017010
4.818100,60.017219
4.818200,60.017620
4.818300,60.017111
4.818400,60.017000
4.818500,60.017002
4.818600,60.016734
4.818700,60.016396
4.818800,60.016560
4.818900,60.017000
4.819000,60.016571
4.819100,60.016555
4.819200,60.016572
4.819300,60.016547
4.819400,60.016677
4.819500,60.016383
4.819600,60.016464
4.819700,60.016275
4.819800,60.016733
4.819900,60.016787
4.820000,60.016452
4.820100,60.016341
4.820200,60.016832
4.820300,60.016725
4.820400,60.016368
4.820500,60.016787
4.820600,60.016269
4.820700,60.016426
4.820800,60.016649
4.820900,60.016492
4.821000,60.016899
4.821100,60.016929
4.821200,60.016731
4.821300,60.016662
4.821400,60.016604
4.821500,60.016426
4.821600,60.016255
4.821700,60.016170
4.821800,60.016501
4.821900,60.016743
4.822000,60.016789
4.822100,60.015749
4.822200,60.015946
4.822300,60.016644
4.822400,60.016512
4.822500,60.016568
4.822600,60.015966
4.822700,60.014876
4.822800,60.016851
4.822900,60.016538
4.823000,60.017165
4.823100,60.016731
4.823200,60.017545
4.823300,60.015785
4.823400,60.014040
4.823500,60.015006
4.823600,60.018655
4.823700,60.017841
4.823800,60.015975
4.823900,60.020924
4.824000,60.023123
4.824100,60.026244
4.824200,60.024267
4.824300,60.016006
4.824400,60.022880
4.824500,60.023630
4.824600,60.023843
4.824700,60.030426
4.824800,60.016922
4.824900,60.037868
4.825000,60.052258
4.825100,60.043073
4.825200,60.042292
4.825300,60.033443
4.825400,60.026669
4.825500,60.028063
4.825600,60.029334
4.825700,60.029355
4.825800,60.029555
4.825900,60.029392
4.826000,60.028054
4.826100,60.028048
4.826200,60.026868
4.826300,60.027412
4.826400,60.026571
4.826500,60.026782
4.826600,60.026227
4.826700,60.025732
4.826800,60.025933
4.826900,60.026681
4.827000,60.026371
4.827100,60.026000
4.827200,60.026712
4.827300,60.026286
4.827400,60.025898
4.827500,60.026222
4.827600,60.026254
4.827700,60.026364
4.827800,60.026310
4.827900,60.026263
4.828000,60.025787
4.828100,60.026161
4.828200,60.026124
4.828300,60.026483
4.828400,60.026058
4.828500,60.025995
4.828600,60.025859
4.828700,60.026161
4.828800,60.026163
4.828900,60.026044
4.829000,60.025867
4.829100,60.025863
4.829200,60.025882
4.829300,60.025796
4.829400,60.025524
4.829500,60.026091
4.829600,60.026384
4.829700,60.026311
4.829800,60.025637
4.829900,60.026145
4.830000,60.026261
4.830100,60.026131
4.830200,60.026608
4.830300,60.025904
4.830400,60.026247
4.830500,60.026239
4.830600,60.025885
4.830700,60.025130
4.830800,60.026706
4.830900,60.026981
4.831000,60.026608
4.831100,60.026285
4.831200,60.026435
4.831300,60.025539
4.831400,60.026938
4.831500,60.027831
4.831600,60.028278
4.831700,60.029626
4.831800,60.028313
4.831900,60.030168
4.832000,60.026790
4.832100,60.022136
4.832200,60.021510
4.832300,60.022865
4.832400,60.025598
4.832500,60.025394
4.832600,60.020924
4.832700,60.016738
4.832800,60.004514
4.832900,60.010956
4.833000,60.013709
4.833100,60.011897
4.833200,60.011831
4.833300,60.020144
4.833400,60.039629
4.833500,60.037788
4.833600,60.028495
4.833700,60.028432
4.833800,60.022378
4.833900,60.025447
4.834000,60.025957
4.834100,60.025296
4.834200,60.025455
4.834300,60.025833
4.834400,60.025051
4.834500,60.024392
4.834600,60.024461
4.834700,60.025992
4.834800,60.026206
4.834900,60.026491
4.835000,60.026168
4.835100,60.026637
4.835200,60.026738
4.835300,60.026253
4.835400,60.025774
4.835500,60.025902
4.835600,60.026262
4.835700,60.026065
4.835800,60.026183
4.835900,60.026254
4.836000,60.026509
4.836100,60.026507
4.836200,60.025887
4.836300,60.026056
4.836400,60.025714
4.836500,60.025734
4.836600,60.025540
4.836700,60.025282
4.836800,60.025903
4.836900,60.025871
4.837000,60.026123
4.837100,60.026101
4.837200,60.025919
4.837300,60.026132
4.837400,60.026127
4.837500,60.026092
4.837600,60.025731
4.837700,60.025810
4.837800,60.025678
4.837900,60.026479
4.838000,60.026297
4.838100,60.026152
4.838200,60.026132
4.838300,60.026111
4.838400,60.026105
4.838500,60.026010
4.838600,60.025231
4.838700,60.025597
4.838800,60.025916
4.838900,60.025378
4.839000,60.026249
4.839100,60.026402
4.839200,60.024908
4.839300,60.026535
4.839400,60.025609
4.839500,60.027551
4.839600,60.028453
4.839700,60.026942
4.839800,60.027929
4.839900,60.026977
4.840000,60.024147
4.840100,60.026376
4.840200,60.026954
4.840300,60.025891
4.840400,60.024658
4.840500,60.025130
4.840600,60.022837
4.840700,60.024101
4.840800,60.025413
4.840900,60.020110
4.841000,60.022348
4.841100,60.011060
4.841200,60.006903
4.841300,60.009102
4.841400,60.004430
4.841500,59.988131
4.841600,59.978433
4.841700,59.967085
4.841800,59.972290
4.841900,59.964600
4.842000,59.964040
4.842100,59.959134
4.842200,59.961477
4.842300,59.961162
4.842400,59.960257
4.842500,59.960296
4.842600,59.959856
4.842700,59.958909
4.842800,59.959615
4.842900,59.959914
4.843000,59.959295
4.843100,59.959024
4.843200,59.958894
4.843300,59.959358
4.843400,59.959425
4.843500,59.959746
4.843600,59.959875
4.843700,59.959026
4.843800,59.959601
4.843900,59.959357
4.844000,59.959356
4.844100,59.958891
4.844200,59.959243
4.844300,59.959264
4.844400,59.959068
4.844500,59.958552
4.844600,59.959014
4.844700,59.959075
4.844800,59.959677
4.844900,59.958974
4.845000,59.958952
4.845100,59.958616
4.845200,59.958711
4.845300,59.959065
4.845400,59.958790
4.845500,59.958723
4.845600,59.958933
4.845700,59.958521
4.845800,59.959038
4.845900,59.959155
4.846000,59.958922
4.846100,59.958605
4.846200,59.958506
4.846300,59.958437
4.846400,59.958742
4.846500,59.958384
4.846600,59.958753
4.846700,59.959115
4.846800,59.958610
4.846900,59.958285
4.847000,59.958605
4.847100,59.958462
4.847200,59.958678
4.847300,59.959282
4.847400,59.959624
4.847500,59.959258
4.847600,59.959808
4.847700,59.960444
4.847800,59.958710
4.847900,59.958612
4.848000,59.959504
4.848100,59.959880
4.848200,59.960306
4.848300,59.959839
4.848400,59.959576
4.848500,59.957494
4.848600,59.957431
4.848700,59.957128
4.848800,59.958848
4.848900,59.960937
4.849000,59.958806
4.849100,59.955269
4.849200,59.959693
4.849300,59.953426
4.849400,59.958437
4.849500,59.946340
4.849600,59.956079
4.849700,59.961470
4.849800,59.945844
4.849900,59.947616
4.850000,59.969307
4.850100,59.990330
4.850200,59.982871
4.850300,59.971333
4.850400,59.980620
4.850500,59.977338
4.850600,59.981161
4.850700,59.979549
4.850800,59.979447
4.850900,59.979768
4.851000,59.979312
4.851100,59.980483
4.851200,59.980520
4.851300,59.980076
4.851400,59.979520
4.851500,59.979865
4.851600,59.979581
4.851700,59.979308
4.851800,59.978539
4.851900,59.979416
4.852000,59.980022
4.852100,59.979967
4.852200,59.980022
4.852300,59.980175
4.852400,59.980116
4.852500,59.979695
4.852600,59.979589
4.852700,59.980041
4.852800,59.979639
4.852900,59.979424
4.853000,59.979611
4.853100,59.979677
4.853200,59.979637
4.853300,59.979324
4.853400,59.979502
4.853500,59.979194
4.853600,59.979268
4.853700,59.979445
4.853800,59.980044
4.853900,59.979528
4.854000,59.979372
4.854100,59.979629
4.854200,59.979758
4.854300,59.979132
4.854400,59.979412
4.854500,59.979735
4.854600,59.979657
4.854700,59.979942
4.854800,59.979422
4.854900,59.979739
4.855000,59.979363
4.855100,59.979116
4.855200,59.978835
4.855300,59.979497
4.855400,59.979599
4.855500,59.979585
4.855600,59.979674
4.855700,59.978982
4.855800,59.979143
4.855900,59.978956
4.856000,59.978955
4.856100,59.978610
4.856200,59.980453
4.856300,59.980631
4.856400,59.980374
4.856500,59.979043
4.856600,59.979955
4.856700,59.979238
4.856800,59.978602
4.856900,59.978509
4.857000,59.975830
4.857100,59.978144
4.857200,59.982848
4.857300,59.982730
4.857400,59.980450
4.857500,59.974201
4.857600,59.975538
4.857700,59.984511
4.857800,59.988869
4.857900,59.988841
4.858000,59.999606
4.858100,59.998497
4.858200,60.003068
4.858300,59.986766
4.858400,59.999896
4.858500,59.992452
4.858600,59.987304
4.858700,59.983550
4.858800,59.989992
4.858900,59.988666
4.859000,59.990724
4.859100,59.991480
4.859200,59.991854
4.859300,59.990775
4.859400,59.991064
4.859500,59.990975
4.859600,59.991514
4.859700,59.992829
4.859800,59.992554
4.859900,59.991789
4.860000,59.992307
4.860100,59.992353
4.860200,59.992047
4.860300,59.992427
4.860400,59.992218
4.860500,59.992747
4.860600,59.992056
4.860700,59.991881
4.860800,59.991843
4.860900,59.991957
4.861000,59.992016
4.861100,59.992545
4.861200,59.992240
4.861300,59.992451
4.861400,59.992297
4.861500,59.991917
4.861600,59.992074
4.861700,59.992185
4.861800,59.992481
4.861900,59.992536
4.862000,59.992428
4.862100,59.992265
4.862200,59.992269
4.862300,59.992197
4.862400,59.992106
4.862500,59.991983
4.862600,59.992195
4.862700,59.992341
4.862800,59.992225
4.862900,59.991827
4.863000,59.992309
4.863100,59.992484
4.863200,59.991941
4.863300,59.991937
4.863400,59.992117
4.863500,59.992071
4.863600,59.992758
4.863700,59.992288
4.863800,59.992784
4.863900,59.992272
4.864000,59.992285
4.864100,59.992031
4.864200,59.993622
4.864300,59.992446
4.864400,59.992034
4.864500,59.992045
4.864600,59.993983
4.864700,59.993189
4.864800,59.992469
4.864900,59.991039
4.865000,59.991715
4.865100,59.989980
4.865200,59.993274
4.865300,59.990665
4.865400,59.988530
4.865500,59.991799
4.865600,59.993707
4.865700,59.994133
4.865800,59.988355
4.865900,59.989820
4.866000,59.995600
4.866100,59.993027
4.866200,59.988633
4.866300,59.981389
4.866400,59.985284
4.866500,59.987142
4.866600,60.008001
4.866700,60.009663
4.866800,60.020479
4.866900,60.024800
4.867000,60.030291
4.867100,60.027086
4.867200,60.023962
4.867300,60.024701
4.867400,60.024441
4.867500,60.024522
4.867600,60.025687
4.867700,60.024881
4.867800,60.025370
4.867900,60.027295
4.868000,60.026985
4.868100,60.026931
4.868200,60.026245
4.868300,60.025325
4.868400,60.026262
4.868500,60.026402
4.868600,60.025642
4.868700,60.025810
4.868800,60.026042
4.868900,60.025300
4.869000,60.025905
4.869100,60.025211
4.869200,60.025805
4.869300,60.026077
4.869400,60.025760
4.869500,60.025888
4.869600,60.025867
4.869700,60.025642
4.869800,60.025688
4.869900,60.025684
4.870000,60.025655
4.870100,60.025776
4.870200,60.025915
4.870300,60.026036
4.870400,60.025720
4.870500,60.025806
4.870600,60.026411
4.870700,60.025897
4.870800,60.026166
4.870900,60.025546
4.871000,60.025937
4.871100,60.025517
4.871200,60.025641
4.871300,60.025863
4.871400,60.025997
4.871500,60.026089
4.871600,60.025826
4.871700,60.025997
4.871800,60.025485
4.871900,60.026161
4.872000,60.025867
4.872100,60.025507
4.872200,60.025279
4.872300,60.025691
4.872400,60.026147
4.872500,60.025839
4.872600,60.026426
4.872700,60.026509
4.872800,60.025591
4.872900,60.025600
4.873000,60.027085
4.873100,60.026272
4.873200,60.026037
4.873300,60.024048
4.873400,60.023957
4.873500,60.024830
4.873600,60.024909
4.873700,60.025087
4.873800,60.025775
4.873900,60.023230
4.874000,60.020793
4.874100,60.019001
4.874200,60.017920
4.874300,60.020305
4.874400,60.015951
4.874500,60.020165
4.874600,60.023849
4.874700,60.039372
4.874800,60.026609
4.874900,60.020503
4.875000,60.024037
4.875100,60.001383
4.875200,60.007906
4.875300,60.003970
4.875400,60.009554
4.875500,60.014263
4.875600,60.014501
4.875700,60.014318
4.875800,60.014325
4.875900,60.014323
4.876000,60.013430
4.876100,60.014418
4.876200,60.015269
4.876300,60.015350
4.876400,60.015324
4.876500,60.015112
4.876600,60.015723
4.876700,60.015127
4.876800,60.015290
4.876900,60.014763
4.877000,60.015515
4.877100,60.015579
4.877200,60.015727
4.877300,60.016081
4.877400,60.015364
4.877500,60.014830
4.877600,60.015351
4.877700,60.015361
4.877800,60.015089
4.877900,60.015610
4.878000,60.014990
4.878100,60.014991
4.878200,60.015124
4.878300,60.015218
4.878400,60.015133
4.878500,60.015645
4.878600,60.015265
4.878700,60.015391
4.878800,60.014954
4.878900,60.015597
4.879000,60.015723
4.879100,60.015257
4.879200,60.015406
4.879300,60.015289
4.879400,60.014983
4.879500,60.015165
4.879600,60.015493
4.879700,60.015043
4.879800,60.015230
4.879900,60.015169
4.880000,60.015373
4.880100,60.014970
4.880200,60.015353
4.880300,60.014709
4.880400,60.014847
4.880500,60.015260
4.880600,60.015956
4.880700,60.015642
4.880800,60.014808
4.880900,60.014344
4.881000,60.014997
4.881100,60.015126
4.881200,60.015444
4.881300,60.015564
4.881400,60.016183
4.881500,60.014582
4.881600,60.016375
4.881700,60.018279
4.881800,60.018525
4.881900,60.017343
4.882000,60.016092
4.882100,60.017331
4.882200,60.017012
4.882300,60.011506
4.882400,60.010066
4.882500,60.008397
4.882600,60.007067
4.882700,60.001012
4.882800,60.011054
4.882900,60.001115
4.883000,60.003167
4.883100,60.008015
4.883200,60.002689
4.883300,59.993414
4.883400,59.984976
4.883500,59.972184
4.883600,59.974369
4.883700,59.977126
4.883800,59.974814
4.883900,59.969159
4.884000,59.970330
4.884100,59.970521
4.884200,59.970687
4.884300,59.969321
4.884400,59.969733
4.884500,59.968883
4.884600,59.970422
4.884700,59.969778
4.884800,59.970489
4.884900,59.969225
4.885000,59.968994
4.885100,59.968902
4.885200,59.969427
4.885300,59.968435
4.885400,59.968997
4.885500,59.969448
4.885600,59.969484
4.885700,59.969575
4.885800,59.969199
4.885900,59.968979
4.886000,59.968809
4.886100,59.968906
4.886200,59.968927
4.886300,59.969269
4.886400,59.969729
4.886500,59.969035
4.886600,59.969180
4.886700,59.969348
4.886800,59.969425
4.886900,59.969245
4.887000,59.969187
4.887100,59.969031
4.887200,59.968950
4.887300,59.969281
4.887400,59.968980
4.887500,59.969155
4.887600,59.969050
4.887700,59.969000
4.887800,59.968805
4.887900,59.968918
4.888000,59.968937
4.888100,59.968987
4.888200,59.968869
4.888300,59.968618
4.888400,59.969428
4.888500,59.969230
4.888600,59.969657
4.888700,59.969116
4.888800,59.969606
4.888900,59.969606
4.889000,59.970270
4.889100,59.970490
4.889200,59.969606
4.889300,59.968641
4.889400,59.970022
4.889500,59.969393
4.889600,59.967895
4.889700,59.968729
4.889800,59.969135
4.889900,59.967968
4.890000,59.967877
4.890100,59.969666
4.890200,59.971214
4.890300,59.972395
4.890400,59.973619
4.890500,59.971876
4.890600,59.974403
4.890700,59.972371
4.890800,59.974260
4.890900,59.969088
4.891000,59.968911
4.891100,59.974596
4.891200,59.977024
4.891300,59.977343
4.891400,59.960914
4.891500,59.966236
4.891600,59.965110
4.891700,59.954378
4.891800,59.967042
4.891900,59.970531
4.892000,59.983778
4.892100,59.983876
4.892200,59.980517
4.892300,59.982312
4.892400,59.981913
4.892500,59.981797
4.892600,59.982266
4.892700,59.981738
4.892800,59.982784
4.892900,59.983205
4.893000,59.981494
4.893100,59.982171
4.893200,59.982023
4.893300,59.982935
4.893400,59.982546
4.893500,59.982019
4.893600,59.981895
4.893700,59.982394
4.893800,59.982208
4.893900,59.981815
4.894000,59.982265
4.894100,59.982734
4.894200,59.982391
4.894300,59.982377
4.894400,59.982390
4.894500,59.982499
4.894600,59.982154
4.894700,59.981990
4.894800,59.982494
4.894900,59.982567
4.895000,59.982207
4.895100,59.982192
4.895200,59.982265
4.895300,59.982317
4.895400,59.982168
4.895500,59.982157
4.895600,59.982519
4.895700,59.982428
4.895800,59.982567
4.895900,59.982270
4.896000,59.982267
4.896100,59.981878
4.896200,59.982259
4.896300,59.982271
4.896400,59.981719
4.896500,59.982132
4.896600,59.982140
4.896700,59.982493
4.896800,59.982199
4.896900,59.982880
4.897000,59.982265
4.897100,59.981941
4.897200,59.981740
4.897300,59.981694
4.897400,59.981339
4.897500,59.981792
4.897600,59.981638
4.897700,59.980316
4.897800,59.982332
4.897900,59.982214
4.898000,59.982201
4.898100,59.982296
4.898200,59.981916
4.898300,59.983706
4.898400,59.984584
4.898500,59.981361
4.898600,59.983244
4.898700,59.984230
4.898800,59.983907
4.898900,59.984197
4.899000,59.983643
4.899100,59.986888
4.899200,59.985547
4.899300,59.982989
4.899400,59.986725
4.899500,59.992414
4.899600,59.991120
4.899700,59.990227
4.899800,60.008855
4.899900,59.997527
4.900000,60.021090
4.900100,60.019831
4.900200,60.020723
4.900300,60.028844
4.900400,60.017484
4.900500,60.023283
4.900600,60.021857
4.900700,60.021220
4.900800,60.021167
4.900900,60.021181
4.901000,60.019923
4.901100,60.021371
4.901200,60.022063
4.901300,60.022072
4.901400,60.022313
4.901500,60.021756
4.901600,60.021311
4.901700,60.021554
4.901800,60.021316
4.901900,60.021750
4.902000,60.021204
4.902100,60.020997
4.902200,60.021015
4.902300,60.021284
4.902400,60.021257
4.902500,60.021681
4.902600,60.021972
4.902700,60.021535
4.902800,60.021731
4.902900,60.021573
4.903000,60.021318
4.903100,60.021024
4.903200,60.021469
4.903300,60.021096
4.903400,60.021345
4.903500,60.021305
4.903600,60.021238
4.903700,60.021119
4.903800,60.021117
4.903900,60.021225
4.904000,60.021533
4.904100,60.021420
4.904200,60.021275
4.904300,60.020850
4.904400,60.021580
4.904500,60.021241
4.904600,60.021432
4.904700,60.021211
4.904800,60.021540
4.904900,60.021685
4.905000,60.021733
4.905100,60.021062
4.905200,60.022061
4.905300,60.021858
4.905400,60.022492
4.905500,60.022269
4.905600,60.021741
4.905700,60.021450
4.905800,60.021623
4.905900,60.022418
4.906000,60.022393
4.906100,60.022049
4.906200,60.021094
4.906300,60.021758
4.906400,60.021627
4.906500,60.022712
4.906600,60.020726
4.906700,60.022258
4.906800,60.021951
4.906900,60.020012
4.907000,60.021285
4.907100,60.021692
4.907200,60.020190
4.907300,60.018932
4.907400,60.019624
4.907500,60.018079
4.907600,60.026267
4.907700,60.016416
4.907800,60.010756
4.907900,60.001228
4.908000,60.005880
4.908100,59.992067
4.908200,59.999265
4.908300,59.980950
4.908400,60.003700
4.908500,59.997410
4.908600,59.999931
4.908700,59.993838
4.908800,59.990908
4.908900,59.988790
4.909000,59.990390
4.909100,59.990242
4.909200,59.990745
4.909300,59.991053
4.909400,59.990557
4.909500,59.989247
4.909600,59.989745
4.909700,59.989851
4.909800,59.989719
4.909900,59.990741
4.910000,59.989754
4.910100,59.989681
4.910200,59.990034
4.910300,59.990057
4.910400,59.990177
4.910500,59.989892
4.910600,59.989912
4.910700,59.990042
4.910800,59.989613
4.910900,59.989532
4.911000,59.989845
4.911100,59.989567
4.911200,59.989542
4.911300,59.989453
4.911400,59.989125
4.911500,59.989576
4.911600,59.989315
4.911700,59.989412
4.911800,59.989999
4.911900,59.989651
4.912000,59.989481
4.912100,59.989467
4.912200,59.989898
4.912300,59.989652
4.912400,59.989485
4.912500,59.989207
4.912600,59.989240
4.912700,59.989147
4.912800,59.989340
4.912900,59.989544
4.913000,59.989349
4.913100,59.989449
4.913200,59.989288
4.913300,59.989951
4.913400,59.990330
4.913500,59.989971
4.913600,59.990326
4.913700,59.989634
4.913800,59.989886
4.913900,59.990372
4.914000,59.989102
4.914100,59.989058
4.914200,59.988075
4.914300,59.989779
4.914400,59.988745
4.914500,59.989332
4.914600,59.989989
4.914700,59.989930
4.914800,59.988971
4.914900,59.991545
4.915000,59.989860
4.915100,59.990660
4.915200,59.992204
4.915300,59.994048
4.915400,59.996547
4.915500,59.995524
4.915600,59.993066
4.915700,59.990599
4.915800,59.992438
4.915900,59.994293
4.916000,59.994233
4.916100,59.988311
4.916200,59.999932
4.916300,60.010727
4.916400,60.007279
4.916500,60.005887
4.916600,60.001044
4.916700,60.004819
4.916800,60.002902
4.916900,60.021474
4.917000,60.025317
4.917100,60.027538
4.917200,60.027308
4.917300,60.026938
4.917400,60.026270
4.917500,60.026526
4.917600,60.025023
4.917700,60.025198
4.917800,60.025851
4.917900,60.026211
4.918000,60.025330
4.918100,60.025112
4.918200,60.026031
4.918300,60.025260
4.918400,60.025158
4.918500,60.025576
4.918600,60.025327
4.918700,60.025688
4.918800,60.026192
4.918900,60.025645
4.919000,60.025884
4.919100,60.025746
4.919200,60.025093
4.919300,60.025220
4.919400,60.025262
4.919500,60.025475
4.919600,60.025271
4.919700,60.025574
4.919800,60.025582
4.919900,60.025718
4.920000,60.025747
4.920100,60.025424
4.920200,60.025429
4.920300,60.025813
4.920400,60.025775
4.920500,60.025094
4.920600,60.025100
4.920700,60.025114
4.920800,60.025419
4.920900,60.025732
4.921000,60.025592
4.921100,60.025486
4.921200,60.025516
4.921300,60.025052
4.921400,60.025659
4.921500,60.025802
4.921600,60.025632
4.921700,60.025672
4.921800,60.025520
4.921900,60.025311
4.922000,60.026081
4.922100,60.025083
4.922200,60.025211
4.922300,60.025085
4.922400,60.026206
4.922500,60.025562
4.922600,60.024715
4.922700,60.025863
4.922800,60.026132
4.922900,60.026438
4.923000,60.027155
4.923100,60.026898
4.923200,60.025758
4.923300,60.025362
4.923400,60.025899
4.923500,60.024168
4.923600,60.023631
4.923700,60.027833
4.923800,60.024543
4.923900,60.024297
4.924000,60.018095
4.924100,60.017356
4.924200,60.021461
4.924300,60.030179
4.924400,60.023934
4.924500,60.014840
4.924600,60.023775
4.924700,60.020117
4.924800,60.012291
4.924900,60.023389
4.925000,60.020899
4.925100,60.003482
4.925200,60.014757
4.925300,60.011581
4.925400,60.009449
4.925500,60.010288
4.925600,60.011055
4.925700,60.009411
4.925800,60.009347
4.925900,60.009960
4.926000,60.011022
4.926100,60.009808
4.926200,60.011162
4.926300,60.010510
4.926400,60.010996
4.926500,60.010577
4.926600,60.009744
4.926700,60.009993
4.926800,60.009006
4.926900,60.009221
4.927000,60.009226
4.927100,60.009628
4.927200,60.009844
4.927300,60.009729
4.927400,60.009178
4.927500,60.009210
4.927600,60.009626
4.927700,60.009764
4.927800,60.009191
4.927900,60.009595
4.928000,60.008990
4.928100,60.009009
4.928200,60.009260
4.928300,60.009191
4.928400,60.009027
4.928500,60.009124
4.928600,60.009198
4.928700,60.009244
4.928800,60.008994
4.928900,60.009293
4.929000,60.009619
4.929100,60.009593
4.929200,60.009386
4.929300,60.008908
4.929400,60.009068
4.929500,60.008912
4.929600,60.009170
4.929700,60.009301
4.929800,60.009416
4.929900,60.009262
4.930000,60.009087
4.930100,60.009019
4.930200,60.009987
4.930300,60.010175
4.930400,60.009372
4.930500,60.009816
4.930600,60.009437
4.930700,60.009282
4.930800,60.008753
4.930900,60.008921
4.931000,60.008749
4.931100,60.008151
4.931200,60.008686
4.931300,60.009875
4.931400,60.009756
4.931500,60.009194
4.931600,60.010053
4.931700,60.009517
4.931800,60.007552
4.931900,60.008370
4.932000,60.009283
4.932100,60.007671
4.932200,60.010996
4.932300,60.009527
4.932400,60.011712
4.932500,60.010568
4.932600,60.015126
4.932700,60.010898
4.932800,59.999126
4.932900,60.007336
4.933000,60.019405
4.933100,60.029385
4.933200,60.012670
4.933300,60.013919
4.933400,60.034561
4.933500,60.025791
4.933600,60.028605
4.933700,60.026384
4.933800,60.023816
4.933900,60.025699
4.934000,60.025734
4.934100,60.025433
4.934200,60.025404
4.934300,60.024547
4.934400,60.024705
4.934500,60.024050
4.934600,60.024076
4.934700,60.024914
4.934800,60.024760
4.934900,60.023870
4.935000,60.024339
4.935100,60.024190
4.935200,60.024597
4.935300,60.025135
4.935400,60.024689
4.935500,60.024895
4.935600,60.024232
4.935700,60.024641
4.935800,60.025243
4.935900,60.024487
4.936000,60.024396
4.936100,60.024128
4.936200,60.024333
4.936300,60.024311
4.936400,60.024572
4.936500,60.024426
4.936600,60.024262
4.936700,60.024370
4.936800,60.024781
4.936900,60.024611
4.937000,60.024790
4.937100,60.024843
4.937200,60.024529
4.937300,60.024389
4.937400,60.024331
4.937500,60.024371
4.937600,60.024399
4.937700,60.024352
4.937800,60.024412
4.937900,60.024995
4.938000,60.024394
4.938100,60.024860
4.938200,60.024359
4.938300,60.024490
4.938400,60.024387
4.938500,60.024306
4.938600,60.024136
4.938700,60.023872
4.938800,60.024436
4.938900,60.023886
4.939000,60.024078
4.939100,60.023943
4.939200,60.023496
4.939300,60.024721
4.939400,60.023242
4.939500,60.023225
4.939600,60.023780
4.939700,60.024845
4.939800,60.024778
4.939900,60.025690
4.940000,60.022928
4.940100,60.024759
4.940200,60.024379
4.940300,60.021687
4.940400,60.024820
4.940500,60.022342
4.940600,60.020391
4.940700,60.020453
4.940800,60.018560
4.940900,60.014197
4.941000,60.022762
4.941100,60.024880
4.941200,60.016532
4.941300,60.011529
4.941400,60.009061
4.941500,59.993550
4.941600,59.983781
4.941700,59.985990
4.941800,59.975247
4.941900,59.988088
4.942000,59.984409
4.942100,59.985988
4.942200,59.980295
4.942300,59.978004
4.942400,59.978242
4.942500,59.977985
4.942600,59.978134
4.942700,59.978298
4.942800,59.978925
4.942900,59.979097
4.943000,59.977452
4.943100,59.977825
4.943200,59.977073
4.943300,59.976982
4.943400,59.977633
4.943500,59.977727
4.943600,59.977944
4.943700,59.977755
4.943800,59.977931
4.943900,59.977685
4.944000,59.977403
4.944100,59.977607
4.944200,59.977858
4.944300,59.977825
4.944400,59.978105
4.944500,59.977464
4.944600,59.977362
4.944700,59.977229
4.944800,59.977624
4.944900,59.977856
4.945000,59.977497
4.945100,59.977298
4.945200,59.977409
4.945300,59.977810
4.945400,59.977811
4.945500,59.977985
4.945600,59.977898
4.945700,59.977815
4.945800,59.977674
4.945900,59.977319
4.946000,59.977404
4.946100,59.977290
4.946200,59.977068
4.946300,59.977432
4.946400,59.977968
4.946500,59.977407
4.946600,59.977365
4.946700,59.977921
4.946800,59.978082
4.946900,59.977544
4.947000,59.977076
4.947100,59.977734
4.947200,59.977545
4.947300,59.976977
4.947400,59.977222
4.947500,59.977973
4.947600,59.977607
4.947700,59.976771
4.947800,59.977149
4.947900,59.976222
4.948000,59.977478
4.948100,59.977959
4.948200,59.978775
4.948300,59.976986
4.948400,59.977022
4.948500,59.976224
4.948600,59.975557
4.948700,59.976105
4.948800,59.977889
4.948900,59.972930
4.949000,59.974912
4.949100,59.979795
4.949200,59.984250
4.949300,59.986696
4.949400,59.982012
4.949500,59.977580
4.949600,59.983848
4.949700,59.976323
4.949800,59.992766
4.949900,59.988912
4.950000,59.974180
4.950100,59.996481
4.950200,60.003930
4.950300,60.006195
4.950400,60.007889
4.950500,60.000938
4.950600,59.999980
4.950700,60.000341
4.950800,60.000306
4.950900,60.000807
4.951000,60.001201
4.951100,60.000265
4.951200,59.999738
4.951300,60.000909
4.951400,60.000278
4.951500,59.999347
4.951600,60.000022
4.951700,59.999612
4.951800,59.999881
4.951900,60.000131
4.952000,59.999714
4.952100,59.999537
4.952200,60.000048
4.952300,60.000237
4.952400,60.000003
4.952500,59.999916
4.952600,59.999998
4.952700,59.999723
4.952800,59.999563
4.952900,59.999758
4.953000,59.999843
4.953100,59.999937
4.953200,59.999920
4.953300,59.999891
4.953400,59.999818
4.953500,59.999755
4.953600,59.999799
4.953700,60.000148
4.953800,60.000081
4.953900,60.000054
4.954000,59.999920
4.954100,60.000081
4.954200,60.000168
4.954300,59.999900
4.954400,59.999895
4.954500,59.999915
4.954600,59.999874
4.954700,59.999297
4.954800,59.999897
4.954900,59.999535
4.955000,59.999438
4.955100,59.999962
4.955200,59.999921
4.955300,59.999944
4.955400,59.999800
4.955500,60.000196
4.955600,60.000196
4.955700,60.000118
4.955800,59.999804
4.955900,59.998948
4.956000,59.999085
4.956100,60.000223
4.956200,60.000160
4.956300,60.002174
4.956400,60.000165
4.956500,60.000676
4.956600,60.001394
4.956700,60.000197
4.956800,59.998910
4.956900,59.997564
4.957000,59.997462
4.957100,60.000892
4.957200,59.997094
4.957300,59.998664
4.957400,60.001940
4.957500,59.998386
4.957600,59.993157
4.957700,60.001179
4.957800,59.998845
4.957900,59.989677
4.958000,59.993685
4.958100,60.003088
4.958200,60.012051
4.958300,59.990099
4.958400,60.001084
4.958500,60.011100
4.958600,60.004023
4.958700,59.998244
4.958800,59.997522
4.958900,59.997864
4.959000,59.999483
4.959100,59.999466
4.959200,59.999895
4.959300,60.000013
4.959400,59.998184
4.959500,59.998661
4.959600,59.999831
4.959700,60.001265
4.959800,60.001023
4.959900,59.999986
4.960000,60.000044
4.960100,60.000962
4.960200,60.001052
4.960300,60.000927
4.960400,60.000538
4.960500,60.000892
4.960600,60.000208
4.960700,60.000882
4.960800,60.000456
4.960900,60.000327
4.961000,59.999913
4.961100,59.999947
4.961200,60.000015
4.961300,60.000090
4.961400,60.000314
4.961500,60.000270
4.961600,60.000554
4.961700,60.000357
4.961800,60.000627
4.961900,60.000558
4.962000,60.000360
4.962100,60.000187
4.962200,60.000667
4.962300,60.000251
4.962400,60.000071
4.962500,59.999768
4.962600,59.999877
4.962700,60.000268
4.962800,60.000444
4.962900,60.000554
4.963000,60.000895
4.963100,60.000582
4.963200,60.000356
4.963300,60.000464
4.963400,59.999890
4.963500,60.000293
4.963600,59.999402
4.963700,59.999845
4.963800,60.000079
4.963900,60.000125
4.964000,60.000237
4.964100,59.999779
4.964200,59.999847
4.964300,60.001398
4.964400,60.001333
4.964500,60.000203
4.964600,60.000229
4.964700,60.000941
4.964800,60.000495
4.964900,60.000717
4.965000,60.003323
4.965100,60.002509
4.965200,59.999818
4.965300,59.998606
4.965400,59.995637
4.965500,59.998275
4.965600,59.998186
4.965700,60.000736
4.965800,60.006863
4.965900,60.006126
4.966000,60.005072
4.966100,60.006488
4.966200,60.015628
4.966300,60.013947
4.966400,60.002907
4.966500,59.986530
4.966600,59.999996
4.966700,60.009675
4.966800,60.016068
4.966900,60.024100
4.967000,60.024524
4.967100,60.028921
4.967200,60.025868
4.967300,60.024060
4.967400,60.024229
4.967500,60.024006
4.967600,60.024744
4.967700,60.024662
4.967800,60.023775
4.967900,60.025294
4.968000,60.024342
4.968100,60.024693
4.968200,60.025226
4.968300,60.025141
4.968400,60.026327
4.968500,60.026083
4.968600,60.025956
4.968700,60.025715
4.968800,60.025533
4.968900,60.025756
4.969000,60.025082
4.969100,60.025513
4.969200,60.024978
4.969300,60.024923
4.969400,60.025040
4.969500,60.025038
4.969600,60.025197
4.969700,60.025066
4.969800,60.025264
4.969900,60.024920
4.970000,60.025033
4.970100,60.025013
4.970200,60.025447
4.970300,60.024999
4.970400,60.025021
4.970500,60.025175
4.970600,60.025658
4.970700,60.025723
4.970800,60.025572
4.970900,60.025534
4.971000,60.025383
4.971100,60.025346
4.971200,60.025412
4.971300,60.024880
4.971400,60.024960
4.971500,60.024740
4.971600,60.024999
4.971700,60.024681
4.971800,60.025217
4.971900,60.025189
4.972000,60.025157
4.972100,60.025775
4.972200,60.025131
4.972300,60.025238
4.972400,60.025812
4.972500,60.025883
4.972600,60.024817
4.972700,60.024747
4.972800,60.024935
4.972900,60.025017
4.973000,60.025493
4.973100,60.025985
4.973200,60.026197
4.973300,60.024703
4.973400,60.025085
4.973500,60.025292
4.973600,60.026531
4.973700,60.024224
4.973800,60.024918
4.973900,60.022396
4.974000,60.018016
4.974100,60.020768
4.974200,60.021555
4.974300,60.028779
4.974400,60.029901
4.974500,60.024964
4.974600,60.010621
4.974700,60.025587
4.974800,60.032465
4.974900,60.013146
4.975000,60.010595
4.975100,60.015265
4.975200,60.027615
4.975300,60.012205
4.975400,60.001833
4.975500,60.002188
4.975600,60.001812
4.975700,60.001988
4.975800,60.002174
4.975900,60.002244
4.976000,60.001042
4.976100,60.000824
4.976200,60.001158
4.976300,59.999478
4.976400,59.999289
4.976500,59.999559
4.976600,59.999934
4.976700,59.999672
4.976800,59.999646
4.976900,59.999407
4.977000,59.999225
4.977100,59.999602
4.977200,60.000336
4.977300,59.999530
4.977400,59.999462
4.977500,59.999089
4.977600,59.998790
4.977700,59.998983
4.977800,59.998831
4.977900,59.999337
4.978000,59.999370
4.978100,59.999529
4.978200,59.999470
4.978300,59.999608
4.978400,59.999513
4.978500,59.999534
4.978600,59.999317
4.978700,59.999477
4.978800,59.999830
4.978900,59.999771
4.979000,59.999203
4.979100,59.999325
4.979200,59.999244
4.979300,59.999339
4.979400,59.999316
4.979500,59.999362
4.979600,59.999305
4.979700,59.999164
4.979800,59.999321
4.979900,59.999966
4.980000,59.999579
4.980100,59.999442
4.980200,59.999637
4.980300,59.999915
4.980400,59.998876
4.980500,59.999654
4.980600,59.999364
4.980700,59.999478
4.980800,59.998913
4.980900,59.999835
4.981000,59.998841
4.981100,59.998440
4.981200,59.998904
4.981300,60.000839
4.981400,59.999783
4.981500,59.998117
4.981600,59.998827
4.981700,60.001584
4.981800,60.002452
4.981900,60.002481
4.982000,60.002903
4.982100,59.999657
4.982200,59.995937
4.982300,59.998414
4.982400,60.000154
4.982500,59.999011
4.982600,60.001102
4.982700,60.005934
4.982800,59.996460
4.982900,59.993236
4.983000,59.999225
4.983100,60.012368
4.983200,59.993149
4.983300,59.988698
4.983400,59.988034
4.983500,59.976669
4.983600,59.964579
4.983700,59.971846
4.983800,59.973812
4.983900,59.976110
4.984000,59.976632
4.984100,59.976745
4.984200,59.977354
4.984300,59.977798
4.984400,59.977765
4.984500,59.978361
4.984600,59.977637
4.984700,59.979245
4.984800,59.977562
4.984900,59.977777
4.985000,59.977294
4.985100,59.976959
4.985200,59.976804
4.985300,59.976616
4.985400,59.977327
4.985500,59.976632
4.985600,59.976879
4.985700,59.976886
4.985800,59.977061
4.985900,59.976904
4.986000,59.976591
4.986100,59.976804
4.986200,59.976947
4.986300,59.976523
4.986400,59.976959
4.986500,59.976774
4.986600,59.977012
4.986700,59.976686
4.986800,59.976709
4.986900,59.976373
4.987000,59.976768
4.987100,59.976745
4.987200,59.976966
4.987300,59.976668
4.987400,59.976695
4.987500,59.976485
4.987600,59.976185
4.987700,59.976142
4.987800,59.976554
4.987900,59.976967
4.988000,59.977116
4.988100,59.976777
4.988200,59.976468
4.988300,59.976530
4.988400,59.976458
4.988500,59.977021
4.988600,59.976043
4.988700,59.977295
4.988800,59.977498
4.988900,59.976911
4.989000,59.977454
4.989100,59.977273
4.989200,59.976591
4.989300,59.976634
4.989400,59.976648
4.989500,59.977668
4.989600,59.976957
4.989700,59.977658
4.989800,59.976662
4.989900,59.975698
4.990000,59.977980
4.990100,59.976739
4.990200,59.977413
4.990300,59.977917
4.990400,59.978283
4.990500,59.980395
4.990600,59.977096
4.990700,59.974104
4.990800,59.978507
4.990900,59.975364
4.991000,59.981303
4.991100,59.974879
4.991200,59.984723
4.991300,59.992485
4.991400,59.992600
4.991500,59.973746
4.991600,59.991726
4.991700,60.009510
4.991800,60.006005
4.991900,60.003331
4.992000,59.999768
4.992100,59.994196
4.992200,59.998698
4.992300,59.996297
4.992400,59.995925
4.992500,59.995348
4.992600,59.995554
4.992700,59.995070
4.992800,59.994488
4.992900,59.993995
4.993000,59.993767
4.993100,59.993803
4.993200,59.992772
4.993300,59.992924
4.993400,59.993787
4.993500,59.993192
4.993600,59.993232
4.993700,59.992922
4.993800,59.993587
4.993900,59.993643
4.994000,59.993563
4.994100,59.993786
4.994200,59.993875
4.994300,59.993647
4.994400,59.994023
4.994500,59.993367
4.994600,59.993499
4.994700,59.993385
4.994800,59.993302
4.994900,59.993388
4.995000,59.993519
4.995100,59.993485
4.995200,59.993571
4.995300,59.993251
4.995400,59.993054
4.995500,59.993235
4.995600,59.993771
4.995700,59.993677
4.995800,59.993067
4.995900,59.993530
4.996000,59.993315
4.996100,59.993259
4.996200,59.993294
4.996300,59.993718
4.996400,59.993495
4.996500,59.994388
4.996600,59.993506
4.996700,59.994040
4.996800,59.994687
4.996900,59.993710
4.997000,59.993244
4.997100,59.992998
4.997200,59.993338
4.997300,59.993923
4.997400,59.992789
4.997500,59.993490
4.997600,59.993687
4.997700,59.993225
4.997800,59.992733
4.997900,59.993074
4.998000,59.995157
4.998100,59.994358
4.998200,59.993564
4.998300,59.993414
4.998400,59.992592
4.998500,59.991976
4.998600,59.990378
4.998700,59.990486
4.998800,59.991572
4.998900,59.993016
4.999000,59.993533
4.999100,59.994159
4.999200,59.997445
4.999300,60.005887
4.999400,60.003474
4.999500,59.994968
4.999600,59.991327
4.999700,59.980472
4.999800,59.994912
4.999900,60.000201
