t,f_hat
2.500000,60.000000
2.500100,60.000000
2.500200,60.000000
2.500300,60.000000
2.500400,60.000000
2.500500,60.000000
2.500600,60.000000
2.500700,60.000000
2.500800,60.000000
2.500900,60.000000
2.501000,60.000000
2.501100,60.000000
2.501200,60.000000
2.501300,60.000000
2.501400,60.000000
2.501500,60.000000
2.501600,60.000000
2.501700,60.000000
2.501800,60.000000
2.501900,60.000000
2.502000,60.000000
2.502100,60.000000
2.502200,60.000000
2.502300,60.000000
2.502400,60.000000
2.502500,60.000000
2.502600,60.000000
2.502700,60.000000
2.502800,60.000000
2.502900,60.000000
2.503000,60.000000
2.503100,60.000000
2.503200,60.000000
2.503300,60.000000
2.503400,60.000000
2.503500,60.000000
2.503600,60.000000
2.503700,60.000000
2.503800,60.000000
2.503900,60.000000
2.504000,60.000000
2.504100,60.000000
2.504200,60.000000
2.504300,60.000000
2.504400,60.000000
2.504500,60.000000
2.504600,60.000000
2.504700,60.000000
2.504800,60.000000
2.504900,60.000000
2.505000,60.000000
2.505100,60.000000
2.505200,60.000000
2.505300,60.000000
2.505400,60.000000
2.505500,60.000000
2.505600,60.000000
2.505700,60.000000
2.505800,60.000000
2.505900,60.000000
2.506000,60.000000
2.506100,60.000000
2.506200,60.000000
2.506300,60.000000
2.506400,60.000000
2.506500,60.000000
2.506600,60.000000
2.506700,60.000000
2.506800,60.000000
2.506900,60.000000
2.507000,60.000000
2.507100,60.000000
2.507200,60.000000
2.507300,60.000000
2.507400,60.000000
2.507500,60.000000
2.507600,60.000000
2.507700,60.000000
2.507800,60.000000
2.507900,60.000000
2.508000,60.000000
2.508100,60.000000
2.508200,60.000000
2.508300,60.000000
2.508400,60.000000
2.508500,60.000000
2.508600,60.000000
2.508700,60.000000
2.508800,60.000000
2.508900,60.000000
2.509000,60.000000
2.509100,60.000000
2.509200,60.000000
2.509300,60.000000
2.509400,60.000000
2.509500,60.000000
2.509600,60.000000
2.509700,60.000000
2.509800,60.000000
2.509900,60.000000
2.510000,60.000000
2.510100,60.000000
2.510200,60.000000
2.510300,60.000000
2.510400,60.000000
2.510500,60.000000
2.510600,60.000000
2.510700,60.000000
2.510800,60.000000
2.510900,60.000000
2.511000,60.000000
2.511100,60.000000
2.511200,60.000000
2.511300,60.000000
2.511400,60.000000
2.511500,60.000000
2.511600,60.000000
2.511700,60.000000
2.511800,60.000000
2.511900,60.000000
2.512000,60.000000
2.512100,60.000000
2.512200,60.000000
2.512300,60.000000
2.512400,60.000000
2.512500,60.000000
2.512600,60.000000
2.512700,60.000000
2.512800,60.000000
2.512900,60.000000
2.513000,60.000000
2.513100,60.000000
2.513200,60.000000
2.513300,60.000000
2.513400,60.000000
2.513500,60.000000
2.513600,60.000000
2.513700,60.000000
2.513800,60.000000
2.513900,60.000000
2.514000,60.000000
2.514100,60.000000
2.514200,60.000000
2.514300,60.000000
2.514400,60.000000
2.514500,60.000000
2.514600,60.000000
2.514700,60.000000
2.514800,60.000000
2.514900,60.000000
2.515000,60.000000
2.515100,60.000000
2.515200,60.000000
2.515300,60.000000
2.515400,60.000000
2.515500,60.000000
2.515600,60.000000
2.515700,60.000000
2.515800,60.000000
2.515900,60.000000
2.516000,60.000000
2.516100,60.000000
2.516200,60.000000
2.516300,60.000000
2.516400,60.000000
2.516500,60.000000
2.516600,60.000000
2.516700,60.000000
2.516800,60.000000
2.516900,60.000000
2.517000,60.000000
2.517100,60.000000
2.517200,60.000000
2.517300,60.000000
2.517400,60.000000
2.517500,60.000000
2.517600,60.000000
2.517700,60.000000
2.517800,60.000000
2.517900,60.000000
2.518000,60.000000
2.518100,60.000000
2.518200,60.000000
2.518300,60.000000
2.518400,60.000000
2.518500,60.000000
2.518600,60.000000
2.518700,60.000000
2.518800,60.000000
2.518900,60.000000
2.519000,60.000000
2.519100,60.000000
2.519200,60.000000
2.519300,60.000000
2.519400,60.000000
2.519500,60.000000
2.519600,60.000000
2.519700,60.000000
2.519800,60.000000
2.519900,60.000000
2.520000,60.000000
2.520100,60.000000
2.520200,60.000000
2.520300,60.000000
2.520400,60.000000
2.520500,60.000000
2.520600,60.000000
2.520700,60.000000
2.520800,60.000000
2.520900,60.000000
2.521000,60.000000
2.521100,60.000000
2.521200,60.000000
2.521300,60.000000
2.521400,60.000000
2.521500,60.000000
2.521600,60.000000
2.521700,60.000000
2.521800,60.000000
2.521900,60.000000
2.522000,60.000000
2.522100,60.000000
2.522200,60.000000
2.522300,60.000000
2.522400,60.000000
2.522500,60.000000
2.522600,60.000000
2.522700,60.000000
2.522800,60.000000
2.522900,60.000000
2.523000,60.000000
2.523100,60.000000
2.523200,60.000000
2.523300,60.000000
2.523400,60.000000
2.523500,60.000000
2.523600,60.000000
2.523700,60.000000
2.523800,60.000000
2.523900,60.000000
2.524000,60.000000
2.524100,60.000000
2.524200,60.000000
2.524300,60.000000
2.524400,60.000000
2.524500,60.000000
2.524600,60.000000
2.524700,60.000000
2.524800,60.000000
2.524900,60.000000
2.525000,60.000000
2.525100,60.000000
2.525200,60.000000
2.525300,60.000000
2.525400,60.000000
2.525500,60.000000
2.525600,60.000000
2.525700,60.000000
2.525800,60.000000
2.525900,60.000000
2.526000,60.000000
2.526100,60.000000
2.526200,60.000000
2.526300,60.000000
2.526400,60.000000
2.526500,60.000000
2.526600,60.000000
2.526700,60.000000
2.526800,60.000000
2.526900,60.000000
2.527000,60.000000
2.527100,60.000000
2.527200,60.000000
2.527300,60.000000
2.527400,60.000000
2.527500,60.000000
2.527600,60.000000
2.527700,60.000000
2.527800,60.000000
2.527900,60.000000
2.528000,60.000000
2.528100,60.000000
2.528200,60.000000
2.528300,60.000000
2.528400,60.000000
2.528500,60.000000
2.528600,60.000000
2.528700,60.000000
2.528800,60.000000
2.528900,60.000000
2.529000,60.000000
2.529100,60.000000
2.529200,60.000000
2.529300,60.000000
2.529400,60.000000
2.529500,60.000000
2.529600,60.000000
2.529700,60.000000
2.529800,60.000000
2.529900,60.000000
2.530000,60.000000
2.530100,60.000000
2.530200,60.000000
2.530300,60.000000
2.530400,60.000000
2.530500,60.000000
2.530600,60.000000
2.530700,60.000000
2.530800,60.000000
2.530900,60.000000
2.531000,60.000000
2.531100,60.000000
2.531200,60.000000
2.531300,60.000000
2.531400,60.000000
2.531500,60.000000
2.531600,60.000000
2.531700,60.000000
2.531800,60.000000
2.531900,60.000000
2.532000,60.000000
2.532100,60.000000
2.532200,60.000000
2.532300,60.000000
2.532400,60.000000
2.532500,60.000000
2.532600,60.000000
2.532700,60.000000
2.532800,60.000000
2.532900,60.000000
2.533000,60.000000
2.533100,60.000000
2.533200,60.000000
2.533300,60.000000
2.533400,60.000000
2.533500,60.000000
2.533600,60.000000
2.533700,60.000000
2.533800,60.000000
2.533900,60.000000
2.534000,60.000000
2.534100,60.000000
2.534200,60.000000
2.534300,60.000000
2.534400,60.000000
2.534500,60.000000
2.534600,60.000000
2.534700,60.000000
2.534800,60.000000
2.534900,60.000000
2.535000,60.000000
2.535100,60.000000
2.535200,60.000000
2.535300,60.000000
2.535400,60.000000
2.535500,60.000000
2.535600,60.000000
2.535700,60.000000
2.535800,60.000000
2.535900,60.000000
2.536000,60.000000
2.536100,60.000000
2.536200,60.000000
2.536300,60.000000
2.536400,60.000000
2.536500,60.000000
2.536600,60.000000
2.536700,60.000000
2.536800,60.000000
2.536900,60.000000
2.537000,60.000000
2.537100,60.000000
2.537200,60.000000
2.537300,60.000000
2.537400,60.000000
2.537500,60.000000
2.537600,60.000000
2.537700,60.000000
2.537800,60.000000
2.537900,60.000000
2.538000,60.000000
2.538100,60.000000
2.538200,60.000000
2.538300,60.000000
2.538400,60.000000
2.538500,60.000000
2.538600,60.000000
2.538700,60.000000
2.538800,60.000000
2.538900,60.000000
2.539000,60.000000
2.539100,60.000000
2.539200,60.000000
2.539300,60.000000
2.539400,60.000000
2.539500,60.000000
2.539600,60.000000
2.539700,60.000000
2.539800,60.000000
2.539900,60.000000
2.540000,60.000000
2.540100,60.000000
2.540200,60.000000
2.540300,60.000000
2.540400,60.000000
2.540500,60.000000
2.540600,60.000000
2.540700,60.000000
2.540800,60.000000
2.540900,60.000000
2.541000,60.000000
2.541100,60.000000
2.541200,60.000000
2.541300,60.000000
2.541400,60.000000
2.541500,60.000000
2.541600,60.000000
2.541700,60.000000
2.541800,60.000000
2.541900,60.000000
2.542000,60.000000
2.542100,60.000000
2.542200,60.000000
2.542300,60.000000
2.542400,60.000000
2.542500,60.000000
2.542600,60.000000
2.542700,60.000000
2.542800,60.000000
2.542900,60.000000
2.543000,60.000000
2.543100,60.000000
2.543200,60.000000
2.543300,60.000000
2.543400,60.000000
2.543500,60.000000
2.543600,60.000000
2.543700,60.000000
2.543800,60.000000
2.543900,60.000000
2.544000,60.000000
2.544100,60.000000
2.544200,60.000000
2.544300,60.000000
2.544400,60.000000
2.544500,60.000000
2.544600,60.000000
2.544700,60.000000
2.544800,60.000000
2.544900,60.000000
2.545000,60.000000
2.545100,60.000000
2.545200,60.000000
2.545300,60.000000
2.545400,60.000000
2.545500,60.000000
2.545600,60.000000
2.545700,60.000000
2.545800,60.000000
2.545900,60.000000
2.546000,60.000000
2.546100,60.000000
2.546200,60.000000
2.546300,60.000000
2.546400,60.000000
2.546500,60.000000
2.546600,60.000000
2.546700,60.000000
2.546800,60.000000
2.546900,60.000000
2.547000,60.000000
2.547100,60.000000
2.547200,60.000000
2.547300,60.000000
2.547400,60.000000
2.547500,60.000000
2.547600,60.000000
2.547700,60.000000
2.547800,60.000000
2.547900,60.000000
2.548000,60.000000
2.548100,60.000000
2.548200,60.000000
2.548300,60.000000
2.548400,60.000000
2.548500,60.000000
2.548600,60.000000
2.548700,60.000000
2.548800,60.000000
2.548900,60.000000
2.549000,60.000000
2.549100,60.000000
2.549200,60.000000
2.549300,60.000000
2.549400,60.000000
2.549500,60.000000
2.549600,60.000000
2.549700,60.000000
2.549800,60.000000
2.549900,60.000000
2.550000,60.000000
2.550100,60.000000
2.550200,60.000000
2.550300,60.000000
2.550400,60.000000
2.550500,60.000000
2.550600,60.000000
2.550700,60.000000
2.550800,60.000000
2.550900,60.000000
2.551000,60.000000
2.551100,60.000000
2.551200,60.000000
2.551300,60.000000
2.551400,60.000000
2.551500,60.000000
2.551600,60.000000
2.551700,60.000000
2.551800,60.000000
2.551900,60.000000
2.552000,60.000000
2.552100,60.000000
2.552200,60.000000
2.552300,60.000000
2.552400,60.000000
2.552500,60.000000
2.552600,60.000000
2.552700,60.000000
2.552800,60.000000
2.552900,60.000000
2.553000,60.000000
2.553100,60.000000
2.553200,60.000000
2.553300,60.000000
2.553400,60.000000
2.553500,60.000000
2.553600,60.000000
2.553700,60.000000
2.553800,60.000000
2.553900,60.000000
2.554000,60.000000
2.554100,60.000000
2.554200,60.000000
2.554300,60.000000
2.554400,60.000000
2.554500,60.000000
2.554600,60.000000
2.554700,60.000000
2.554800,60.000000
2.554900,60.000000
2.555000,60.000000
2.555100,60.000000
2.555200,60.000000
2.555300,60.000000
2.555400,60.000000
2.555500,60.000000
2.555600,60.000000
2.555700,60.000000
2.555800,60.000000
2.555900,60.000000
2.556000,60.000000
2.556100,60.000000
2.556200,60.000000
2.556300,60.000000
2.556400,60.000000
2.556500,60.000000
2.556600,60.000000
2.556700,60.000000
2.556800,60.000000
2.556900,60.000000
2.557000,60.000000
2.557100,60.000000
2.557200,60.000000
2.557300,60.000000
2.557400,60.000000
2.557500,60.000000
2.557600,60.000000
2.557700,60.000000
2.557800,60.000000
2.557900,60.000000
2.558000,60.000000
2.558100,60.000000
2.558200,60.000000
2.558300,60.000000
2.558400,60.000000
2.558500,60.000000
2.558600,60.000000
2.558700,60.000000
2.558800,60.000000
2.558900,60.000000
2.559000,60.000000
2.559100,60.000000
2.559200,60.000000
2.559300,60.000000
2.559400,60.000000
2.559500,60.000000
2.559600,60.000000
2.559700,60.000000
2.559800,60.000000
2.559900,60.000000
2.560000,60.000000
2.560100,60.000000
2.560200,60.000000
2.560300,60.000000
2.560400,60.000000
2.560500,60.000000
2.560600,60.000000
2.560700,60.000000
2.560800,60.000000
2.560900,60.000000
2.561000,60.000000
2.561100,60.000000
2.561200,60.000000
2.561300,60.000000
2.561400,60.000000
2.561500,60.000000
2.561600,60.000000
2.561700,60.000000
2.561800,60.000000
2.561900,60.000000
2.562000,60.000000
2.562100,60.000000
2.562200,60.000000
2.562300,60.000000
2.562400,60.000000
2.562500,60.000000
2.562600,60.000000
2.562700,60.000000
2.562800,60.000000
2.562900,60.000000
2.563000,60.000000
2.563100,60.000000
2.563200,60.000000
2.563300,60.000000
2.563400,60.000000
2.563500,60.000000
2.563600,60.000000
2.563700,60.000000
2.563800,60.000000
2.563900,60.000000
2.564000,60.000000
2.564100,60.000000
2.564200,60.000000
2.564300,60.000000
2.564400,60.000000
2.564500,60.000000
2.564600,60.000000
2.564700,60.000000
2.564800,60.000000
2.564900,60.000000
2.565000,60.000000
2.565100,60.000000
2.565200,60.000000
2.565300,60.000000
2.565400,60.000000
2.565500,60.000000
2.565600,60.000000
2.565700,60.000000
2.565800,60.000000
2.565900,60.000000
2.566000,60.000000
2.566100,60.000000
2.566200,60.000000
2.566300,60.000000
2.566400,60.000000
2.566500,60.000000
2.566600,60.000000
2.566700,60.000000
2.566800,60.000000
2.566900,60.000000
2.567000,60.000000
2.567100,60.000000
2.567200,60.000000
2.567300,60.000000
2.567400,60.000000
2.567500,60.000000
2.567600,60.000000
2.567700,60.000000
2.567800,60.000000
2.567900,60.000000
2.568000,60.000000
2.568100,60.000000
2.568200,60.000000
2.568300,60.000000
2.568400,60.000000
2.568500,60.000000
2.568600,60.000000
2.568700,60.000000
2.568800,60.000000
2.568900,60.000000
2.569000,60.000000
2.569100,60.000000
2.569200,60.000000
2.569300,60.000000
2.569400,60.000000
2.569500,60.000000
2.569600,60.000000
2.569700,60.000000
2.569800,60.000000
2.569900,60.000000
2.570000,60.000000
2.570100,60.000000
2.570200,60.000000
2.570300,60.000000
2.570400,60.000000
2.570500,60.000000
2.570600,60.000000
2.570700,60.000000
2.570800,60.000000
2.570900,60.000000
2.571000,60.000000
2.571100,60.000000
2.571200,60.000000
2.571300,60.000000
2.571400,60.000000
2.571500,60.000000
2.571600,60.000000
2.571700,60.000000
2.571800,60.000000
2.571900,60.000000
2.572000,60.000000
2.572100,60.000000
2.572200,60.000000
2.572300,60.000000
2.572400,60.000000
2.572500,60.000000
2.572600,60.000000
2.572700,60.000000
2.572800,60.000000
2.572900,60.000000
2.573000,60.000000
2.573100,60.000000
2.573200,60.000000
2.573300,60.000000
2.573400,60.000000
2.573500,60.000000
2.573600,60.000000
2.573700,60.000000
2.573800,60.000000
2.573900,60.000000
2.574000,60.000000
2.574100,60.000000
2.574200,60.000000
2.574300,60.000000
2.574400,60.000000
2.574500,60.000000
2.574600,60.000000
2.574700,60.000000
2.574800,60.000000
2.574900,60.000000
2.575000,60.000000
2.575100,60.000000
2.575200,60.000000
2.575300,60.000000
2.575400,60.000000
2.575500,60.000000
2.575600,60.000000
2.575700,60.000000
2.575800,60.000000
2.575900,60.000000
2.576000,60.000000
2.576100,60.000000
2.576200,60.000000
2.576300,60.000000
2.576400,60.000000
2.576500,60.000000
2.576600,60.000000
2.576700,60.000000
2.576800,60.000000
2.576900,60.000000
2.577000,60.000000
2.577100,60.000000
2.577200,60.000000
2.577300,60.000000
2.577400,60.000000
2.577500,60.000000
2.577600,60.000000
2.577700,60.000000
2.577800,60.000000
2.577900,60.000000
2.578000,60.000000
2.578100,60.000000
2.578200,60.000000
2.578300,60.000000
2.578400,60.000000
2.578500,60.000000
2.578600,60.000000
2.578700,60.000000
2.578800,60.000000
2.578900,60.000000
2.579000,60.000000
2.579100,60.000000
2.579200,60.000000
2.579300,60.000000
2.579400,60.000000
2.579500,60.000000
2.579600,60.000000
2.579700,60.000000
2.579800,60.000000
2.579900,60.000000
2.580000,60.000000
2.580100,60.000000
2.580200,60.000000
2.580300,60.000000
2.580400,60.000000
2.580500,60.000000
2.580600,60.000000
2.580700,60.000000
2.580800,60.000000
2.580900,60.000000
2.581000,60.000000
2.581100,60.000000
2.581200,60.000000
2.581300,60.000000
2.581400,60.000000
2.581500,60.000000
2.581600,60.000000
2.581700,60.000000
2.581800,60.000000
2.581900,60.000000
2.582000,60.000000
2.582100,60.000000
2.582200,60.000000
2.582300,60.000000
2.582400,60.000000
2.582500,60.000000
2.582600,60.000000
2.582700,60.000000
2.582800,60.000000
2.582900,60.000000
2.583000,60.000000
2.583100,60.000000
2.583200,60.000000
2.583300,60.000000
2.583400,60.000000
2.583500,60.000000
2.583600,60.000000
2.583700,60.000000
2.583800,60.000000
2.583900,60.000000
2.584000,60.000000
2.584100,60.000000
2.584200,60.000000
2.584300,60.000000
2.584400,60.000000
2.584500,60.000000
2.584600,60.000000
2.584700,60.000000
2.584800,60.000000
2.584900,60.000000
2.585000,60.000000
2.585100,60.000000
2.585200,60.000000
2.585300,60.000000
2.585400,60.000000
2.585500,60.000000
2.585600,60.000000
2.585700,60.000000
2.585800,60.000000
2.585900,60.000000
2.586000,60.000000
2.586100,60.000000
2.586200,60.000000
2.586300,60.000000
2.586400,60.000000
2.586500,60.000000
2.586600,60.000000
2.586700,60.000000
2.586800,60.000000
2.586900,60.000000
2.587000,60.000000
2.587100,60.000000
2.587200,60.000000
2.587300,60.000000
2.587400,60.000000
2.587500,60.000000
2.587600,60.000000
2.587700,60.000000
2.587800,60.000000
2.587900,60.000000
2.588000,60.000000
2.588100,60.000000
2.588200,60.000000
2.588300,60.000000
2.588400,60.000000
2.588500,60.000000
2.588600,60.000000
2.588700,60.000000
2.588800,60.000000
2.588900,60.000000
2.589000,60.000000
2.589100,60.000000
2.589200,60.000000
2.589300,60.000000
2.589400,60.000000
2.589500,60.000000
2.589600,60.000000
2.589700,60.000000
2.589800,60.000000
2.589900,60.000000
2.590000,60.000000
2.590100,60.000000
2.590200,60.000000
2.590300,60.000000
2.590400,60.000000
2.590500,60.000000
2.590600,60.000000
2.590700,60.000000
2.590800,60.000000
2.590900,60.000000
2.591000,60.000000
2.591100,60.000000
2.591200,60.000000
2.591300,60.000000
2.591400,60.000000
2.591500,60.000000
2.591600,60.000000
2.591700,60.000000
2.591800,60.000000
2.591900,60.000000
2.592000,60.000000
2.592100,60.000000
2.592200,60.000000
2.592300,60.000000
2.592400,60.000000
2.592500,60.000000
2.592600,60.000000
2.592700,60.000000
2.592800,60.000000
2.592900,60.000000
2.593000,60.000000
2.593100,60.000000
2.593200,60.000000
2.593300,60.000000
2.593400,60.000000
2.593500,60.000000
2.593600,60.000000
2.593700,60.000000
2.593800,60.000000
2.593900,60.000000
2.594000,60.000000
2.594100,60.000000
2.594200,60.000000
2.594300,60.000000
2.594400,60.000000
2.594500,60.000000
2.594600,60.000000
2.594700,60.000000
2.594800,60.000000
2.594900,60.000000
2.595000,60.000000
2.595100,60.000000
2.595200,60.000000
2.595300,60.000000
2.595400,60.000000
2.595500,60.000000
2.595600,60.000000
2.595700,60.000000
2.595800,60.000000
2.595900,60.000000
2.596000,60.000000
2.596100,60.000000
2.596200,60.000000
2.596300,60.000000
2.596400,60.000000
2.596500,60.000000
2.596600,60.000000
2.596700,60.000000
2.596800,60.000000
2.596900,60.000000
2.597000,60.000000
2.597100,60.000000
2.597200,60.000000
2.597300,60.000000
2.597400,60.000000
2.597500,60.000000
2.597600,60.000000
2.597700,60.000000
2.597800,60.000000
2.597900,60.000000
2.598000,60.000000
2.598100,60.000000
2.598200,60.000000
2.598300,60.000000
2.598400,60.000000
2.598500,60.000000
2.598600,60.000000
2.598700,60.000000
2.598800,60.000000
2.598900,60.000000
2.599000,60.000000
2.599100,60.000000
2.599200,60.000000
2.599300,60.000000
2.599400,60.000000
2.599500,60.000000
2.599600,60.000000
2.599700,60.000000
2.599800,60.000000
2.599900,60.000000
2.600000,60.000000
2.600100,60.000000
2.600200,60.000000
2.600300,60.000000
2.600400,60.000000
2.600500,60.000000
2.600600,60.000000
2.600700,60.000000
2.600800,60.000000
2.600900,60.000000
2.601000,60.000000
2.601100,60.000000
2.601200,60.000000
2.601300,60.000000
2.601400,60.000000
2.601500,60.000000
2.601600,60.000000
2.601700,60.000000
2.601800,60.000000
2.601900,60.000000
2.602000,60.000000
2.602100,60.000000
2.602200,60.000000
2.602300,60.000000
2.602400,60.000000
2.602500,60.000000
2.602600,60.000000
2.602700,60.000000
2.602800,60.000000
2.602900,60.000000
2.603000,60.000000
2.603100,60.000000
2.603200,60.000000
2.603300,60.000000
2.603400,60.000000
2.603500,60.000000
2.603600,60.000000
2.603700,60.000000
2.603800,60.000000
2.603900,60.000000
2.604000,60.000000
2.604100,60.000000
2.604200,60.000000
2.604300,60.000000
2.604400,60.000000
2.604500,60.000000
2.604600,60.000000
2.604700,60.000000
2.604800,60.000000
2.604900,60.000000
2.605000,60.000000
2.605100,60.000000
2.605200,60.000000
2.605300,60.000000
2.605400,60.000000
2.605500,60.000000
2.605600,60.000000
2.605700,60.000000
2.605800,60.000000
2.605900,60.000000
2.606000,60.000000
2.606100,60.000000
2.606200,60.000000
2.606300,60.000000
2.606400,60.000000
2.606500,60.000000
2.606600,60.000000
2.606700,60.000000
2.606800,60.000000
2.606900,60.000000
2.607000,60.000000
2.607100,60.000000
2.607200,60.000000
2.607300,60.000000
2.607400,60.000000
2.607500,60.000000
2.607600,60.000000
2.607700,60.000000
2.607800,60.000000
2.607900,60.000000
2.608000,60.000000
2.608100,60.000000
2.608200,60.000000
2.608300,60.000000
2.608400,60.000000
2.608500,60.000000
2.608600,60.000000
2.608700,60.000000
2.608800,60.000000
2.608900,60.000000
2.609000,60.000000
2.609100,60.000000
2.609200,60.000000
2.609300,60.000000
2.609400,60.000000
2.609500,60.000000
2.609600,60.000000
2.609700,60.000000
2.609800,60.000000
2.609900,60.000000
2.610000,60.000000
2.610100,60.000000
2.610200,60.000000
2.610300,60.000000
2.610400,60.000000
2.610500,60.000000
2.610600,60.000000
2.610700,60.000000
2.610800,60.000000
2.610900,60.000000
2.611000,60.000000
2.611100,60.000000
2.611200,60.000000
2.611300,60.000000
2.611400,60.000000
2.611500,60.000000
2.611600,60.000000
2.611700,60.000000
2.611800,60.000000
2.611900,60.000000
2.612000,60.000000
2.612100,60.000000
2.612200,60.000000
2.612300,60.000000
2.612400,60.000000
2.612500,60.000000
2.612600,60.000000
2.612700,60.000000
2.612800,60.000000
2.612900,60.000000
2.613000,60.000000
2.613100,60.000000
2.613200,60.000000
2.613300,60.000000
2.613400,60.000000
2.613500,60.000000
2.613600,60.000000
2.613700,60.000000
2.613800,60.000000
2.613900,60.000000
2.614000,60.000000
2.614100,60.000000
2.614200,60.000000
2.614300,60.000000
2.614400,60.000000
2.614500,60.000000
2.614600,60.000000
2.614700,60.000000
2.614800,60.000000
2.614900,60.000000
2.615000,60.000000
2.615100,60.000000
2.615200,60.000000
2.615300,60.000000
2.615400,60.000000
2.615500,60.000000
2.615600,60.000000
2.615700,60.000000
2.615800,60.000000
2.615900,60.000000
2.616000,60.000000
2.616100,60.000000
2.616200,60.000000
2.616300,60.000000
2.616400,60.000000
2.616500,60.000000
2.616600,60.000000
2.616700,60.000000
2.616800,60.000000
2.616900,60.000000
2.617000,60.000000
2.617100,60.000000
2.617200,60.000000
2.617300,60.000000
2.617400,60.000000
2.617500,60.000000
2.617600,60.000000
2.617700,60.000000
2.617800,60.000000
2.617900,60.000000
2.618000,60.000000
2.618100,60.000000
2.618200,60.000000
2.618300,60.000000
2.618400,60.000000
2.618500,60.000000
2.618600,60.000000
2.618700,60.000000
2.618800,60.000000
2.618900,60.000000
2.619000,60.000000
2.619100,60.000000
2.619200,60.000000
2.619300,60.000000
2.619400,60.000000
2.619500,60.000000
2.619600,60.000000
2.619700,60.000000
2.619800,60.000000
2.619900,60.000000
2.620000,60.000000
2.620100,60.000000
2.620200,60.000000
2.620300,60.000000
2.620400,60.000000
2.620500,60.000000
2.620600,60.000000
2.620700,60.000000
2.620800,60.000000
2.620900,60.000000
2.621000,60.000000
2.621100,60.000000
2.621200,60.000000
2.621300,60.000000
2.621400,60.000000
2.621500,60.000000
2.621600,60.000000
2.621700,60.000000
2.621800,60.000000
2.621900,60.000000
2.622000,60.000000
2.622100,60.000000
2.622200,60.000000
2.622300,60.000000
2.622400,60.000000
2.622500,60.000000
2.622600,60.000000
2.622700,60.000000
2.622800,60.000000
2.622900,60.000000
2.623000,60.000000
2.623100,60.000000
2.623200,60.000000
2.623300,60.000000
2.623400,60.000000
2.623500,60.000000
2.623600,60.000000
2.623700,60.000000
2.623800,60.000000
2.623900,60.000000
2.624000,60.000000
2.624100,60.000000
2.624200,60.000000
2.624300,60.000000
2.624400,60.000000
2.624500,60.000000
2.624600,60.000000
2.624700,60.000000
2.624800,60.000000
2.624900,60.000000
2.625000,60.000000
2.625100,60.000000
2.625200,60.000000
2.625300,60.000000
2.625400,60.000000
2.625500,60.000000
2.625600,60.000000
2.625700,60.000000
2.625800,60.000000
2.625900,60.000000
2.626000,60.000000
2.626100,60.000000
2.626200,60.000000
2.626300,60.000000
2.626400,60.000000
2.626500,60.000000
2.626600,60.000000
2.626700,60.000000
2.626800,60.000000
2.626900,60.000000
2.627000,60.000000
2.627100,60.000000
2.627200,60.000000
2.627300,60.000000
2.627400,60.000000
2.627500,60.000000
2.627600,60.000000
2.627700,60.000000
2.627800,60.000000
2.627900,60.000000
2.628000,60.000000
2.628100,60.000000
2.628200,60.000000
2.628300,60.000000
2.628400,60.000000
2.628500,60.000000
2.628600,60.000000
2.628700,60.000000
2.628800,60.000000
2.628900,60.000000
2.629000,60.000000
2.629100,60.000000
2.629200,60.000000
2.629300,60.000000
2.629400,60.000000
2.629500,60.000000
2.629600,60.000000
2.629700,60.000000
2.629800,60.000000
2.629900,60.000000
2.630000,60.000000
2.630100,60.000000
2.630200,60.000000
2.630300,60.000000
2.630400,60.000000
2.630500,60.000000
2.630600,60.000000
2.630700,60.000000
2.630800,60.000000
2.630900,60.000000
2.631000,60.000000
2.631100,60.000000
2.631200,60.000000
2.631300,60.000000
2.631400,60.000000
2.631500,60.000000
2.631600,60.000000
2.631700,60.000000
2.631800,60.000000
2.631900,60.000000
2.632000,60.000000
2.632100,60.000000
2.632200,60.000000
2.632300,60.000000
2.632400,60.000000
2.632500,60.000000
2.632600,60.000000
2.632700,60.000000
2.632800,60.000000
2.632900,60.000000
2.633000,60.000000
2.633100,60.000000
2.633200,60.000000
2.633300,60.000000
2.633400,60.000000
2.633500,60.000000
2.633600,60.000000
2.633700,60.000000
2.633800,60.000000
2.633900,60.000000
2.634000,60.000000
2.634100,60.000000
2.634200,60.000000
2.634300,60.000000
2.634400,60.000000
2.634500,60.000000
2.634600,60.000000
2.634700,60.000000
2.634800,60.000000
2.634900,60.000000
2.635000,60.000000
2.635100,60.000000
2.635200,60.000000
2.635300,60.000000
2.635400,60.000000
2.635500,60.000000
2.635600,60.000000
2.635700,60.000000
2.635800,60.000000
2.635900,60.000000
2.636000,60.000000
2.636100,60.000000
2.636200,60.000000
2.636300,60.000000
2.636400,60.000000
2.636500,60.000000
2.636600,60.000000
2.636700,60.000000
2.636800,60.000000
2.636900,60.000000
2.637000,60.000000
2.637100,60.000000
2.637200,60.000000
2.637300,60.000000
2.637400,60.000000
2.637500,60.000000
2.637600,60.000000
2.637700,60.000000
2.637800,60.000000
2.637900,60.000000
2.638000,60.000000
2.638100,60.000000
2.638200,60.000000
2.638300,60.000000
2.638400,60.000000
2.638500,60.000000
2.638600,60.000000
2.638700,60.000000
2.638800,60.000000
2.638900,60.000000
2.639000,60.000000
2.639100,60.000000
2.639200,60.000000
2.639300,60.000000
2.639400,60.000000
2.639500,60.000000
2.639600,60.000000
2.639700,60.000000
2.639800,60.000000
2.639900,60.000000
2.640000,60.000000
2.640100,60.000000
2.640200,60.000000
2.640300,60.000000
2.640400,60.000000
2.640500,60.000000
2.640600,60.000000
2.640700,60.000000
2.640800,60.000000
2.640900,60.000000
2.641000,60.000000
2.641100,60.000000
2.641200,60.000000
2.641300,60.000000
2.641400,60.000000
2.641500,60.000000
2.641600,60.000000
2.641700,60.000000
2.641800,60.000000
2.641900,60.000000
2.642000,60.000000
2.642100,60.000000
2.642200,60.000000
2.642300,60.000000
2.642400,60.000000
2.642500,60.000000
2.642600,60.000000
2.642700,60.000000
2.642800,60.000000
2.642900,60.000000
2.643000,60.000000
2.643100,60.000000
2.643200,60.000000
2.643300,60.000000
2.643400,60.000000
2.643500,60.000000
2.643600,60.000000
2.643700,60.000000
2.643800,60.000000
2.643900,60.000000
2.644000,60.000000
2.644100,60.000000
2.644200,60.000000
2.644300,60.000000
2.644400,60.000000
2.644500,60.000000
2.644600,60.000000
2.644700,60.000000
2.644800,60.000000
2.644900,60.000000
2.645000,60.000000
2.645100,60.000000
2.645200,60.000000
2.645300,60.000000
2.645400,60.000000
2.645500,60.000000
2.645600,60.000000
2.645700,60.000000
2.645800,60.000000
2.645900,60.000000
2.646000,60.000000
2.646100,60.000000
2.646200,60.000000
2.646300,60.000000
2.646400,60.000000
2.646500,60.000000
2.646600,60.000000
2.646700,60.000000
2.646800,60.000000
2.646900,60.000000
2.647000,60.000000
2.647100,60.000000
2.647200,60.000000
2.647300,60.000000
2.647400,60.000000
2.647500,60.000000
2.647600,60.000000
2.647700,60.000000
2.647800,60.000000
2.647900,60.000000
2.648000,60.000000
2.648100,60.000000
2.648200,60.000000
2.648300,60.000000
2.648400,60.000000
2.648500,60.000000
2.648600,60.000000
2.648700,60.000000
2.648800,60.000000
2.648900,60.000000
2.649000,60.000000
2.649100,60.000000
2.649200,60.000000
2.649300,60.000000
2.649400,60.000000
2.649500,60.000000
2.649600,60.000000
2.649700,60.000000
2.649800,60.000000
2.649900,60.000000
2.650000,60.000000
2.650100,60.000000
2.650200,60.000000
2.650300,60.000000
2.650400,60.000000
2.650500,60.000000
2.650600,60.000000
2.650700,60.000000
2.650800,60.000000
2.650900,60.000000
2.651000,60.000000
2.651100,60.000000
2.651200,60.000000
2.651300,60.000000
2.651400,60.000000
2.651500,60.000000
2.651600,60.000000
2.651700,60.000000
2.651800,60.000000
2.651900,60.000000
2.652000,60.000000
2.652100,60.000000
2.652200,60.000000
2.652300,60.000000
2.652400,60.000000
2.652500,60.000000
2.652600,60.000000
2.652700,60.000000
2.652800,60.000000
2.652900,60.000000
2.653000,60.000000
2.653100,60.000000
2.653200,60.000000
2.653300,60.000000
2.653400,60.000000
2.653500,60.000000
2.653600,60.000000
2.653700,60.000000
2.653800,60.000000
2.653900,60.000000
2.654000,60.000000
2.654100,60.000000
2.654200,60.000000
2.654300,60.000000
2.654400,60.000000
2.654500,60.000000
2.654600,60.000000
2.654700,60.000000
2.654800,60.000000
2.654900,60.000000
2.655000,60.000000
2.655100,60.000000
2.655200,60.000000
2.655300,60.000000
2.655400,60.000000
2.655500,60.000000
2.655600,60.000000
2.655700,60.000000
2.655800,60.000000
2.655900,60.000000
2.656000,60.000000
2.656100,60.000000
2.656200,60.000000
2.656300,60.000000
2.656400,60.000000
2.656500,60.000000
2.656600,60.000000
2.656700,60.000000
2.656800,60.000000
2.656900,60.000000
2.657000,60.000000
2.657100,60.000000
2.657200,60.000000
2.657300,60.000000
2.657400,60.000000
2.657500,60.000000
2.657600,60.000000
2.657700,60.000000
2.657800,60.000000
2.657900,60.000000
2.658000,60.000000
2.658100,60.000000
2.658200,60.000000
2.658300,60.000000
2.658400,60.000000
2.658500,60.000000
2.658600,60.000000
2.658700,60.000000
2.658800,60.000000
2.658900,60.000000
2.659000,60.000000
2.659100,60.000000
2.659200,60.000000
2.659300,60.000000
2.659400,60.000000
2.659500,60.000000
2.659600,60.000000
2.659700,60.000000
2.659800,60.000000
2.659900,60.000000
2.660000,60.000000
2.660100,60.000000
2.660200,60.000000
2.660300,60.000000
2.660400,60.000000
2.660500,60.000000
2.660600,60.000000
2.660700,60.000000
2.660800,60.000000
2.660900,60.000000
2.661000,60.000000
2.661100,60.000000
2.661200,60.000000
2.661300,60.000000
2.661400,60.000000
2.661500,60.000000
2.661600,60.000000
2.661700,60.000000
2.661800,60.000000
2.661900,60.000000
2.662000,60.000000
2.662100,60.000000
2.662200,60.000000
2.662300,60.000000
2.662400,60.000000
2.662500,60.000000
2.662600,60.000000
2.662700,60.000000
2.662800,60.000000
2.662900,60.000000
2.663000,60.000000
2.663100,60.000000
2.663200,60.000000
2.663300,60.000000
2.663400,60.000000
2.663500,60.000000
2.663600,60.000000
2.663700,60.000000
2.663800,60.000000
2.663900,60.000000
2.664000,60.000000
2.664100,60.000000
2.664200,60.000000
2.664300,60.000000
2.664400,60.000000
2.664500,60.000000
2.664600,60.000000
2.664700,60.000000
2.664800,60.000000
2.664900,60.000000
2.665000,60.000000
2.665100,60.000000
2.665200,60.000000
2.665300,60.000000
2.665400,60.000000
2.665500,60.000000
2.665600,60.000000
2.665700,60.000000
2.665800,60.000000
2.665900,60.000000
2.666000,60.000000
2.666100,60.000000
2.666200,60.000000
2.666300,60.000000
2.666400,60.000000
2.666500,60.000000
2.666600,60.000000
2.666700,60.000000
2.666800,60.000000
2.666900,60.000000
2.667000,60.000000
2.667100,60.000000
2.667200,60.000000
2.667300,60.000000
2.667400,60.000000
2.667500,60.000000
2.667600,60.000000
2.667700,60.000000
2.667800,60.000000
2.667900,60.000000
2.668000,60.000000
2.668100,60.000000
2.668200,60.000000
2.668300,60.000000
2.668400,60.000000
2.668500,60.000000
2.668600,60.000000
2.668700,60.000000
2.668800,60.000000
2.668900,60.000000
2.669000,60.000000
2.669100,60.000000
2.669200,60.000000
2.669300,60.000000
2.669400,60.000000
2.669500,60.000000
2.669600,60.000000
2.669700,60.000000
2.669800,60.000000
2.669900,60.000000
2.670000,60.000000
2.670100,60.000000
2.670200,60.000000
2.670300,60.000000
2.670400,60.000000
2.670500,60.000000
2.670600,60.000000
2.670700,60.000000
2.670800,60.000000
2.670900,60.000000
2.671000,60.000000
2.671100,60.000000
2.671200,60.000000
2.671300,60.000000
2.671400,60.000000
2.671500,60.000000
2.671600,60.000000
2.671700,60.000000
2.671800,60.000000
2.671900,60.000000
2.672000,60.000000
2.672100,60.000000
2.672200,60.000000
2.672300,60.000000
2.672400,60.000000
2.672500,60.000000
2.672600,60.000000
2.672700,60.000000
2.672800,60.000000
2.672900,60.000000
2.673000,60.000000
2.673100,60.000000
2.673200,60.000000
2.673300,60.000000
2.673400,60.000000
2.673500,60.000000
2.673600,60.000000
2.673700,60.000000
2.673800,60.000000
2.673900,60.000000
2.674000,60.000000
2.674100,60.000000
2.674200,60.000000
2.674300,60.000000
2.674400,60.000000
2.674500,60.000000
2.674600,60.000000
2.674700,60.000000
2.674800,60.000000
2.674900,60.000000
2.675000,60.000000
2.675100,60.000000
2.675200,60.000000
2.675300,60.000000
2.675400,60.000000
2.675500,60.000000
2.675600,60.000000
2.675700,60.000000
2.675800,60.000000
2.675900,60.000000
2.676000,60.000000
2.676100,60.000000
2.676200,60.000000
2.676300,60.000000
2.676400,60.000000
2.676500,60.000000
2.676600,60.000000
2.676700,60.000000
2.676800,60.000000
2.676900,60.000000
2.677000,60.000000
2.677100,60.000000
2.677200,60.000000
2.677300,60.000000
2.677400,60.000000
2.677500,60.000000
2.677600,60.000000
2.677700,60.000000
2.677800,60.000000
2.677900,60.000000
2.678000,60.000000
2.678100,60.000000
2.678200,60.000000
2.678300,60.000000
2.678400,60.000000
2.678500,60.000000
2.678600,60.000000
2.678700,60.000000
2.678800,60.000000
2.678900,60.000000
2.679000,60.000000
2.679100,60.000000
2.679200,60.000000
2.679300,60.000000
2.679400,60.000000
2.679500,60.000000
2.679600,60.000000
2.679700,60.000000
2.679800,60.000000
2.679900,60.000000
2.680000,60.000000
2.680100,60.000000
2.680200,60.000000
2.680300,60.000000
2.680400,60.000000
2.680500,60.000000
2.680600,60.000000
2.680700,60.000000
2.680800,60.000000
2.680900,60.000000
2.681000,60.000000
2.681100,60.000000
2.681200,60.000000
2.681300,60.000000
2.681400,60.000000
2.681500,60.000000
2.681600,60.000000
2.681700,60.000000
2.681800,60.000000
2.681900,60.000000
2.682000,60.000000
2.682100,60.000000
2.682200,60.000000
2.682300,60.000000
2.682400,60.000000
2.682500,60.000000
2.682600,60.000000
2.682700,60.000000
2.682800,60.000000
2.682900,60.000000
2.683000,60.000000
2.683100,60.000000
2.683200,60.000000
2.683300,60.000000
2.683400,60.000000
2.683500,60.000000
2.683600,60.000000
2.683700,60.000000
2.683800,60.000000
2.683900,60.000000
2.684000,60.000000
2.684100,60.000000
2.684200,60.000000
2.684300,60.000000
2.684400,60.000000
2.684500,60.000000
2.684600,60.000000
2.684700,60.000000
2.684800,60.000000
2.684900,60.000000
2.685000,60.000000
2.685100,60.000000
2.685200,60.000000
2.685300,60.000000
2.685400,60.000000
2.685500,60.000000
2.685600,60.000000
2.685700,60.000000
2.685800,60.000000
2.685900,60.000000
2.686000,60.000000
2.686100,60.000000
2.686200,60.000000
2.686300,60.000000
2.686400,60.000000
2.686500,60.000000
2.686600,60.000000
2.686700,60.000000
2.686800,60.000000
2.686900,60.000000
2.687000,60.000000
2.687100,60.000000
2.687200,60.000000
2.687300,60.000000
2.687400,60.000000
2.687500,60.000000
2.687600,60.000000
2.687700,60.000000
2.687800,60.000000
2.687900,60.000000
2.688000,60.000000
2.688100,60.000000
2.688200,60.000000
2.688300,60.000000
2.688400,60.000000
2.688500,60.000000
2.688600,60.000000
2.688700,60.000000
2.688800,60.000000
2.688900,60.000000
2.689000,60.000000
2.689100,60.000000
2.689200,60.000000
2.689300,60.000000
2.689400,60.000000
2.689500,60.000000
2.689600,60.000000
2.689700,60.000000
2.689800,60.000000
2.689900,60.000000
2.690000,60.000000
2.690100,60.000000
2.690200,60.000000
2.690300,60.000000
2.690400,60.000000
2.690500,60.000000
2.690600,60.000000
2.690700,60.000000
2.690800,60.000000
2.690900,60.000000
2.691000,60.000000
2.691100,60.000000
2.691200,60.000000
2.691300,60.000000
2.691400,60.000000
2.691500,60.000000
2.691600,60.000000
2.691700,60.000000
2.691800,60.000000
2.691900,60.000000
2.692000,60.000000
2.692100,60.000000
2.692200,60.000000
2.692300,60.000000
2.692400,60.000000
2.692500,60.000000
2.692600,60.000000
2.692700,60.000000
2.692800,60.000000
2.692900,60.000000
2.693000,60.000000
2.693100,60.000000
2.693200,60.000000
2.693300,60.000000
2.693400,60.000000
2.693500,60.000000
2.693600,60.000000
2.693700,60.000000
2.693800,60.000000
2.693900,60.000000
2.694000,60.000000
2.694100,60.000000
2.694200,60.000000
2.694300,60.000000
2.694400,60.000000
2.694500,60.000000
2.694600,60.000000
2.694700,60.000000
2.694800,60.000000
2.694900,60.000000
2.695000,60.000000
2.695100,60.000000
2.695200,60.000000
2.695300,60.000000
2.695400,60.000000
2.695500,60.000000
2.695600,60.000000
2.695700,60.000000
2.695800,60.000000
2.695900,60.000000
2.696000,60.000000
2.696100,60.000000
2.696200,60.000000
2.696300,60.000000
2.696400,60.000000
2.696500,60.000000
2.696600,60.000000
2.696700,60.000000
2.696800,60.000000
2.696900,60.000000
2.697000,60.000000
2.697100,60.000000
2.697200,60.000000
2.697300,60.000000
2.697400,60.000000
2.697500,60.000000
2.697600,60.000000
2.697700,60.000000
2.697800,60.000000
2.697900,60.000000
2.698000,60.000000
2.698100,60.000000
2.698200,60.000000
2.698300,60.000000
2.698400,60.000000
2.698500,60.000000
2.698600,60.000000
2.698700,60.000000
2.698800,60.000000
2.698900,60.000000
2.699000,60.000000
2.699100,60.000000
2.699200,60.000000
2.699300,60.000000
2.699400,60.000000
2.699500,60.000000
2.699600,60.000000
2.699700,60.000000
2.699800,60.000000
2.699900,60.000000
2.700000,60.000000
2.700100,60.000000
2.700200,60.000000
2.700300,60.000000
2.700400,60.000000
2.700500,60.000000
2.700600,60.000000
2.700700,60.000000
2.700800,60.000000
2.700900,60.000000
2.701000,60.000000
2.701100,60.000000
2.701200,60.000000
2.701300,60.000000
2.701400,60.000000
2.701500,60.000000
2.701600,60.000000
2.701700,60.000000
2.701800,60.000000
2.701900,60.000000
2.702000,60.000000
2.702100,60.000000
2.702200,60.000000
2.702300,60.000000
2.702400,60.000000
2.702500,60.000000
2.702600,60.000000
2.702700,60.000000
2.702800,60.000000
2.702900,60.000000
2.703000,60.000000
2.703100,60.000000
2.703200,60.000000
2.703300,60.000000
2.703400,60.000000
2.703500,60.000000
2.703600,60.000000
2.703700,60.000000
2.703800,60.000000
2.703900,60.000000
2.704000,60.000000
2.704100,60.000000
2.704200,60.000000
2.704300,60.000000
2.704400,60.000000
2.704500,60.000000
2.704600,60.000000
2.704700,60.000000
2.704800,60.000000
2.704900,60.000000
2.705000,60.000000
2.705100,60.000000
2.705200,60.000000
2.705300,60.000000
2.705400,60.000000
2.705500,60.000000
2.705600,60.000000
2.705700,60.000000
2.705800,60.000000
2.705900,60.000000
2.706000,60.000000
2.706100,60.000000
2.706200,60.000000
2.706300,60.000000
2.706400,60.000000
2.706500,60.000000
2.706600,60.000000
2.706700,60.000000
2.706800,60.000000
2.706900,60.000000
2.707000,60.000000
2.707100,60.000000
2.707200,60.000000
2.707300,60.000000
2.707400,60.000000
2.707500,60.000000
2.707600,60.000000
2.707700,60.000000
2.707800,60.000000
2.707900,60.000000
2.708000,60.000000
2.708100,60.000000
2.708200,60.000000
2.708300,60.000000
2.708400,60.000000
2.708500,60.000000
2.708600,60.000000
2.708700,60.000000
2.708800,60.000000
2.708900,60.000000
2.709000,60.000000
2.709100,60.000000
2.709200,60.000000
2.709300,60.000000
2.709400,60.000000
2.709500,60.000000
2.709600,60.000000
2.709700,60.000000
2.709800,60.000000
2.709900,60.000000
2.710000,60.000000
2.710100,60.000000
2.710200,60.000000
2.710300,60.000000
2.710400,60.000000
2.710500,60.000000
2.710600,60.000000
2.710700,60.000000
2.710800,60.000000
2.710900,60.000000
2.711000,60.000000
2.711100,60.000000
2.711200,60.000000
2.711300,60.000000
2.711400,60.000000
2.711500,60.000000
2.711600,60.000000
2.711700,60.000000
2.711800,60.000000
2.711900,60.000000
2.712000,60.000000
2.712100,60.000000
2.712200,60.000000
2.712300,60.000000
2.712400,60.000000
2.712500,60.000000
2.712600,60.000000
2.712700,60.000000
2.712800,60.000000
2.712900,60.000000
2.713000,60.000000
2.713100,60.000000
2.713200,60.000000
2.713300,60.000000
2.713400,60.000000
2.713500,60.000000
2.713600,60.000000
2.713700,60.000000
2.713800,60.000000
2.713900,60.000000
2.714000,60.000000
2.714100,60.000000
2.714200,60.000000
2.714300,60.000000
2.714400,60.000000
2.714500,60.000000
2.714600,60.000000
2.714700,60.000000
2.714800,60.000000
2.714900,60.000000
2.715000,60.000000
2.715100,60.000000
2.715200,60.000000
2.715300,60.000000
2.715400,60.000000
2.715500,60.000000
2.715600,60.000000
2.715700,60.000000
2.715800,60.000000
2.715900,60.000000
2.716000,60.000000
2.716100,60.000000
2.716200,60.000000
2.716300,60.000000
2.716400,60.000000
2.716500,60.000000
2.716600,60.000000
2.716700,60.000000
2.716800,60.000000
2.716900,60.000000
2.717000,60.000000
2.717100,60.000000
2.717200,60.000000
2.717300,60.000000
2.717400,60.000000
2.717500,60.000000
2.717600,60.000000
2.717700,60.000000
2.717800,60.000000
2.717900,60.000000
2.718000,60.000000
2.718100,60.000000
2.718200,60.000000
2.718300,60.000000
2.718400,60.000000
2.718500,60.000000
2.718600,60.000000
2.718700,60.000000
2.718800,60.000000
2.718900,60.000000
2.719000,60.000000
2.719100,60.000000
2.719200,60.000000
2.719300,60.000000
2.719400,60.000000
2.719500,60.000000
2.719600,60.000000
2.719700,60.000000
2.719800,60.000000
2.719900,60.000000
2.720000,60.000000
2.720100,60.000000
2.720200,60.000000
2.720300,60.000000
2.720400,60.000000
2.720500,60.000000
2.720600,60.000000
2.720700,60.000000
2.720800,60.000000
2.720900,60.000000
2.721000,60.000000
2.721100,60.000000
2.721200,60.000000
2.721300,60.000000
2.721400,60.000000
2.721500,60.000000
2.721600,60.000000
2.721700,60.000000
2.721800,60.000000
2.721900,60.000000
2.722000,60.000000
2.722100,60.000000
2.722200,60.000000
2.722300,60.000000
2.722400,60.000000
2.722500,60.000000
2.722600,60.000000
2.722700,60.000000
2.722800,60.000000
2.722900,60.000000
2.723000,60.000000
2.723100,60.000000
2.723200,60.000000
2.723300,60.000000
2.723400,60.000000
2.723500,60.000000
2.723600,60.000000
2.723700,60.000000
2.723800,60.000000
2.723900,60.000000
2.724000,60.000000
2.724100,60.000000
2.724200,60.000000
2.724300,60.000000
2.724400,60.000000
2.724500,60.000000
2.724600,60.000000
2.724700,60.000000
2.724800,60.000000
2.724900,60.000000
2.725000,60.000000
2.725100,60.000000
2.725200,60.000000
2.725300,60.000000
2.725400,60.000000
2.725500,60.000000
2.725600,60.000000
2.725700,60.000000
2.725800,60.000000
2.725900,60.000000
2.726000,60.000000
2.726100,60.000000
2.726200,60.000000
2.726300,60.000000
2.726400,60.000000
2.726500,60.000000
2.726600,60.000000
2.726700,60.000000
2.726800,60.000000
2.726900,60.000000
2.727000,60.000000
2.727100,60.000000
2.727200,60.000000
2.727300,60.000000
2.727400,60.000000
2.727500,60.000000
2.727600,60.000000
2.727700,60.000000
2.727800,60.000000
2.727900,60.000000
2.728000,60.000000
2.728100,60.000000
2.728200,60.000000
2.728300,60.000000
2.728400,60.000000
2.728500,60.000000
2.728600,60.000000
2.728700,60.000000
2.728800,60.000000
2.728900,60.000000
2.729000,60.000000
2.729100,60.000000
2.729200,60.000000
2.729300,60.000000
2.729400,60.000000
2.729500,60.000000
2.729600,60.000000
2.729700,60.000000
2.729800,60.000000
2.729900,60.000000
2.730000,60.000000
2.730100,60.000000
2.730200,60.000000
2.730300,60.000000
2.730400,60.000000
2.730500,60.000000
2.730600,60.000000
2.730700,60.000000
2.730800,60.000000
2.730900,60.000000
2.731000,60.000000
2.731100,60.000000
2.731200,60.000000
2.731300,60.000000
2.731400,60.000000
2.731500,60.000000
2.731600,60.000000
2.731700,60.000000
2.731800,60.000000
2.731900,60.000000
2.732000,60.000000
2.732100,60.000000
2.732200,60.000000
2.732300,60.000000
2.732400,60.000000
2.732500,60.000000
2.732600,60.000000
2.732700,60.000000
2.732800,60.000000
2.732900,60.000000
2.733000,60.000000
2.733100,60.000000
2.733200,60.000000
2.733300,60.000000
2.733400,60.000000
2.733500,60.000000
2.733600,60.000000
2.733700,60.000000
2.733800,60.000000
2.733900,60.000000
2.734000,60.000000
2.734100,60.000000
2.734200,60.000000
2.734300,60.000000
2.734400,60.000000
2.734500,60.000000
2.734600,60.000000
2.734700,60.000000
2.734800,60.000000
2.734900,60.000000
2.735000,60.000000
2.735100,60.000000
2.735200,60.000000
2.735300,60.000000
2.735400,60.000000
2.735500,60.000000
2.735600,60.000000
2.735700,60.000000
2.735800,60.000000
2.735900,60.000000
2.736000,60.000000
2.736100,60.000000
2.736200,60.000000
2.736300,60.000000
2.736400,60.000000
2.736500,60.000000
2.736600,60.000000
2.736700,60.000000
2.736800,60.000000
2.736900,60.000000
2.737000,60.000000
2.737100,60.000000
2.737200,60.000000
2.737300,60.000000
2.737400,60.000000
2.737500,60.000000
2.737600,60.000000
2.737700,60.000000
2.737800,60.000000
2.737900,60.000000
2.738000,60.000000
2.738100,60.000000
2.738200,60.000000
2.738300,60.000000
2.738400,60.000000
2.738500,60.000000
2.738600,60.000000
2.738700,60.000000
2.738800,60.000000
2.738900,60.000000
2.739000,60.000000
2.739100,60.000000
2.739200,60.000000
2.739300,60.000000
2.739400,60.000000
2.739500,60.000000
2.739600,60.000000
2.739700,60.000000
2.739800,60.000000
2.739900,60.000000
2.740000,60.000000
2.740100,60.000000
2.740200,60.000000
2.740300,60.000000
2.740400,60.000000
2.740500,60.000000
2.740600,60.000000
2.740700,60.000000
2.740800,60.000000
2.740900,60.000000
2.741000,60.000000
2.741100,60.000000
2.741200,60.000000
2.741300,60.000000
2.741400,60.000000
2.741500,60.000000
2.741600,60.000000
2.741700,60.000000
2.741800,60.000000
2.741900,60.000000
2.742000,60.000000
2.742100,60.000000
2.742200,60.000000
2.742300,60.000000
2.742400,60.000000
2.742500,60.000000
2.742600,60.000000
2.742700,60.000000
2.742800,60.000000
2.742900,60.000000
2.743000,60.000000
2.743100,60.000000
2.743200,60.000000
2.743300,60.000000
2.743400,60.000000
2.743500,60.000000
2.743600,60.000000
2.743700,60.000000
2.743800,60.000000
2.743900,60.000000
2.744000,60.000000
2.744100,60.000000
2.744200,60.000000
2.744300,60.000000
2.744400,60.000000
2.744500,60.000000
2.744600,60.000000
2.744700,60.000000
2.744800,60.000000
2.744900,60.000000
2.745000,60.000000
2.745100,60.000000
2.745200,60.000000
2.745300,60.000000
2.745400,60.000000
2.745500,60.000000
2.745600,60.000000
2.745700,60.000000
2.745800,60.000000
2.745900,60.000000
2.746000,60.000000
2.746100,60.000000
2.746200,60.000000
2.746300,60.000000
2.746400,60.000000
2.746500,60.000000
2.746600,60.000000
2.746700,60.000000
2.746800,60.000000
2.746900,60.000000
2.747000,60.000000
2.747100,60.000000
2.747200,60.000000
2.747300,60.000000
2.747400,60.000000
2.747500,60.000000
2.747600,60.000000
2.747700,60.000000
2.747800,60.000000
2.747900,60.000000
2.748000,60.000000
2.748100,60.000000
2.748200,60.000000
2.748300,60.000000
2.748400,60.000000
2.748500,60.000000
2.748600,60.000000
2.748700,60.000000
2.748800,60.000000
2.748900,60.000000
2.749000,60.000000
2.749100,60.000000
2.749200,60.000000
2.749300,60.000000
2.749400,60.000000
2.749500,60.000000
2.749600,60.000000
2.749700,60.000000
2.749800,60.000000
2.749900,60.000000
2.750000,60.000000
2.750100,60.000000
2.750200,60.000000
2.750300,60.000000
2.750400,60.000000
2.750500,60.000000
2.750600,60.000000
2.750700,60.000000
2.750800,60.000000
2.750900,60.000000
2.751000,60.000000
2.751100,60.000000
2.751200,60.000000
2.751300,60.000000
2.751400,60.000000
2.751500,60.000000
2.751600,60.000000
2.751700,60.000000
2.751800,60.000000
2.751900,60.000000
2.752000,60.000000
2.752100,60.000000
2.752200,60.000000
2.752300,60.000000
2.752400,60.000000
2.752500,60.000000
2.752600,60.000000
2.752700,60.000000
2.752800,60.000000
2.752900,60.000000
2.753000,60.000000
2.753100,60.000000
2.753200,60.000000
2.753300,60.000000
2.753400,60.000000
2.753500,60.000000
2.753600,60.000000
2.753700,60.000000
2.753800,60.000000
2.753900,60.000000
2.754000,60.000000
2.754100,60.000000
2.754200,60.000000
2.754300,60.000000
2.754400,60.000000
2.754500,60.000000
2.754600,60.000000
2.754700,60.000000
2.754800,60.000000
2.754900,60.000000
2.755000,60.000000
2.755100,60.000000
2.755200,60.000000
2.755300,60.000000
2.755400,60.000000
2.755500,60.000000
2.755600,60.000000
2.755700,60.000000
2.755800,60.000000
2.755900,60.000000
2.756000,60.000000
2.756100,60.000000
2.756200,60.000000
2.756300,60.000000
2.756400,60.000000
2.756500,60.000000
2.756600,60.000000
2.756700,60.000000
2.756800,60.000000
2.756900,60.000000
2.757000,60.000000
2.757100,60.000000
2.757200,60.000000
2.757300,60.000000
2.757400,60.000000
2.757500,60.000000
2.757600,60.000000
2.757700,60.000000
2.757800,60.000000
2.757900,60.000000
2.758000,60.000000
2.758100,60.000000
2.758200,60.000000
2.758300,60.000000
2.758400,60.000000
2.758500,60.000000
2.758600,60.000000
2.758700,60.000000
2.758800,60.000000
2.758900,60.000000
2.759000,60.000000
2.759100,60.000000
2.759200,60.000000
2.759300,60.000000
2.759400,60.000000
2.759500,60.000000
2.759600,60.000000
2.759700,60.000000
2.759800,60.000000
2.759900,60.000000
2.760000,60.000000
2.760100,60.000000
2.760200,60.000000
2.760300,60.000000
2.760400,60.000000
2.760500,60.000000
2.760600,60.000000
2.760700,60.000000
2.760800,60.000000
2.760900,60.000000
2.761000,60.000000
2.761100,60.000000
2.761200,60.000000
2.761300,60.000000
2.761400,60.000000
2.761500,60.000000
2.761600,60.000000
2.761700,60.000000
2.761800,60.000000
2.761900,60.000000
2.762000,60.000000
2.762100,60.000000
2.762200,60.000000
2.762300,60.000000
2.762400,60.000000
2.762500,60.000000
2.762600,60.000000
2.762700,60.000000
2.762800,60.000000
2.762900,60.000000
2.763000,60.000000
2.763100,60.000000
2.763200,60.000000
2.763300,60.000000
2.763400,60.000000
2.763500,60.000000
2.763600,60.000000
2.763700,60.000000
2.763800,60.000000
2.763900,60.000000
2.764000,60.000000
2.764100,60.000000
2.764200,60.000000
2.764300,60.000000
2.764400,60.000000
2.764500,60.000000
2.764600,60.000000
2.764700,60.000000
2.764800,60.000000
2.764900,60.000000
2.765000,60.000000
2.765100,60.000000
2.765200,60.000000
2.765300,60.000000
2.765400,60.000000
2.765500,60.000000
2.765600,60.000000
2.765700,60.000000
2.765800,60.000000
2.765900,60.000000
2.766000,60.000000
2.766100,60.000000
2.766200,60.000000
2.766300,60.000000
2.766400,60.000000
2.766500,60.000000
2.766600,60.000000
2.766700,60.000000
2.766800,60.000000
2.766900,60.000000
2.767000,60.000000
2.767100,60.000000
2.767200,60.000000
2.767300,60.000000
2.767400,60.000000
2.767500,60.000000
2.767600,60.000000
2.767700,60.000000
2.767800,60.000000
2.767900,60.000000
2.768000,60.000000
2.768100,60.000000
2.768200,60.000000
2.768300,60.000000
2.768400,60.000000
2.768500,60.000000
2.768600,60.000000
2.768700,60.000000
2.768800,60.000000
2.768900,60.000000
2.769000,60.000000
2.769100,60.000000
2.769200,60.000000
2.769300,60.000000
2.769400,60.000000
2.769500,60.000000
2.769600,60.000000
2.769700,60.000000
2.769800,60.000000
2.769900,60.000000
2.770000,60.000000
2.770100,60.000000
2.770200,60.000000
2.770300,60.000000
2.770400,60.000000
2.770500,60.000000
2.770600,60.000000
2.770700,60.000000
2.770800,60.000000
2.770900,60.000000
2.771000,60.000000
2.771100,60.000000
2.771200,60.000000
2.771300,60.000000
2.771400,60.000000
2.771500,60.000000
2.771600,60.000000
2.771700,60.000000
2.771800,60.000000
2.771900,60.000000
2.772000,60.000000
2.772100,60.000000
2.772200,60.000000
2.772300,60.000000
2.772400,60.000000
2.772500,60.000000
2.772600,60.000000
2.772700,60.000000
2.772800,60.000000
2.772900,60.000000
2.773000,60.000000
2.773100,60.000000
2.773200,60.000000
2.773300,60.000000
2.773400,60.000000
2.773500,60.000000
2.773600,60.000000
2.773700,60.000000
2.773800,60.000000
2.773900,60.000000
2.774000,60.000000
2.774100,60.000000
2.774200,60.000000
2.774300,60.000000
2.774400,60.000000
2.774500,60.000000
2.774600,60.000000
2.774700,60.000000
2.774800,60.000000
2.774900,60.000000
2.775000,60.000000
2.775100,60.000000
2.775200,60.000000
2.775300,60.000000
2.775400,60.000000
2.775500,60.000000
2.775600,60.000000
2.775700,60.000000
2.775800,60.000000
2.775900,60.000000
2.776000,60.000000
2.776100,60.000000
2.776200,60.000000
2.776300,60.000000
2.776400,60.000000
2.776500,60.000000
2.776600,60.000000
2.776700,60.000000
2.776800,60.000000
2.776900,60.000000
2.777000,60.000000
2.777100,60.000000
2.777200,60.000000
2.777300,60.000000
2.777400,60.000000
2.777500,60.000000
2.777600,60.000000
2.777700,60.000000
2.777800,60.000000
2.777900,60.000000
2.778000,60.000000
2.778100,60.000000
2.778200,60.000000
2.778300,60.000000
2.778400,60.000000
2.778500,60.000000
2.778600,60.000000
2.778700,60.000000
2.778800,60.000000
2.778900,60.000000
2.779000,60.000000
2.779100,60.000000
2.779200,60.000000
2.779300,60.000000
2.779400,60.000000
2.779500,60.000000
2.779600,60.000000
2.779700,60.000000
2.779800,60.000000
2.779900,60.000000
2.780000,60.000000
2.780100,60.000000
2.780200,60.000000
2.780300,60.000000
2.780400,60.000000
2.780500,60.000000
2.780600,60.000000
2.780700,60.000000
2.780800,60.000000
2.780900,60.000000
2.781000,60.000000
2.781100,60.000000
2.781200,60.000000
2.781300,60.000000
2.781400,60.000000
2.781500,60.000000
2.781600,60.000000
2.781700,60.000000
2.781800,60.000000
2.781900,60.000000
2.782000,60.000000
2.782100,60.000000
2.782200,60.000000
2.782300,60.000000
2.782400,60.000000
2.782500,60.000000
2.782600,60.000000
2.782700,60.000000
2.782800,60.000000
2.782900,60.000000
2.783000,60.000000
2.783100,60.000000
2.783200,60.000000
2.783300,60.000000
2.783400,60.000000
2.783500,60.000000
2.783600,60.000000
2.783700,60.000000
2.783800,60.000000
2.783900,60.000000
2.784000,60.000000
2.784100,60.000000
2.784200,60.000000
2.784300,60.000000
2.784400,60.000000
2.784500,60.000000
2.784600,60.000000
2.784700,60.000000
2.784800,60.000000
2.784900,60.000000
2.785000,60.000000
2.785100,60.000000
2.785200,60.000000
2.785300,60.000000
2.785400,60.000000
2.785500,60.000000
2.785600,60.000000
2.785700,60.000000
2.785800,60.000000
2.785900,60.000000
2.786000,60.000000
2.786100,60.000000
2.786200,60.000000
2.786300,60.000000
2.786400,60.000000
2.786500,60.000000
2.786600,60.000000
2.786700,60.000000
2.786800,60.000000
2.786900,60.000000
2.787000,60.000000
2.787100,60.000000
2.787200,60.000000
2.787300,60.000000
2.787400,60.000000
2.787500,60.000000
2.787600,60.000000
2.787700,60.000000
2.787800,60.000000
2.787900,60.000000
2.788000,60.000000
2.788100,60.000000
2.788200,60.000000
2.788300,60.000000
2.788400,60.000000
2.788500,60.000000
2.788600,60.000000
2.788700,60.000000
2.788800,60.000000
2.788900,60.000000
2.789000,60.000000
2.789100,60.000000
2.789200,60.000000
2.789300,60.000000
2.789400,60.000000
2.789500,60.000000
2.789600,60.000000
2.789700,60.000000
2.789800,60.000000
2.789900,60.000000
2.790000,60.000000
2.790100,60.000000
2.790200,60.000000
2.790300,60.000000
2.790400,60.000000
2.790500,60.000000
2.790600,60.000000
2.790700,60.000000
2.790800,60.000000
2.790900,60.000000
2.791000,60.000000
2.791100,60.000000
2.791200,60.000000
2.791300,60.000000
2.791400,60.000000
2.791500,60.000000
2.791600,60.000000
2.791700,60.000000
2.791800,60.000000
2.791900,60.000000
2.792000,60.000000
2.792100,60.000000
2.792200,60.000000
2.792300,60.000000
2.792400,60.000000
2.792500,60.000000
2.792600,60.000000
2.792700,60.000000
2.792800,60.000000
2.792900,60.000000
2.793000,60.000000
2.793100,60.000000
2.793200,60.000000
2.793300,60.000000
2.793400,60.000000
2.793500,60.000000
2.793600,60.000000
2.793700,60.000000
2.793800,60.000000
2.793900,60.000000
2.794000,60.000000
2.794100,60.000000
2.794200,60.000000
2.794300,60.000000
2.794400,60.000000
2.794500,60.000000
2.794600,60.000000
2.794700,60.000000
2.794800,60.000000
2.794900,60.000000
2.795000,60.000000
2.795100,60.000000
2.795200,60.000000
2.795300,60.000000
2.795400,60.000000
2.795500,60.000000
2.795600,60.000000
2.795700,60.000000
2.795800,60.000000
2.795900,60.000000
2.796000,60.000000
2.796100,60.000000
2.796200,60.000000
2.796300,60.000000
2.796400,60.000000
2.796500,60.000000
2.796600,60.000000
2.796700,60.000000
2.796800,60.000000
2.796900,60.000000
2.797000,60.000000
2.797100,60.000000
2.797200,60.000000
2.797300,60.000000
2.797400,60.000000
2.797500,60.000000
2.797600,60.000000
2.797700,60.000000
2.797800,60.000000
2.797900,60.000000
2.798000,60.000000
2.798100,60.000000
2.798200,60.000000
2.798300,60.000000
2.798400,60.000000
2.798500,60.000000
2.798600,60.000000
2.798700,60.000000
2.798800,60.000000
2.798900,60.000000
2.799000,60.000000
2.799100,60.000000
2.799200,60.000000
2.799300,60.000000
2.799400,60.000000
2.799500,60.000000
2.799600,60.000000
2.799700,60.000000
2.799800,60.000000
2.799900,60.000000
2.800000,60.000000
2.800100,60.000000
2.800200,60.000000
2.800300,60.000000
2.800400,60.000000
2.800500,60.000000
2.800600,60.000000
2.800700,60.000000
2.800800,60.000000
2.800900,60.000000
2.801000,60.000000
2.801100,60.000000
2.801200,60.000000
2.801300,60.000000
2.801400,60.000000
2.801500,60.000000
2.801600,60.000000
2.801700,60.000000
2.801800,60.000000
2.801900,60.000000
2.802000,60.000000
2.802100,60.000000
2.802200,60.000000
2.802300,60.000000
2.802400,60.000000
2.802500,60.000000
2.802600,60.000000
2.802700,60.000000
2.802800,60.000000
2.802900,60.000000
2.803000,60.000000
2.803100,60.000000
2.803200,60.000000
2.803300,60.000000
2.803400,60.000000
2.803500,60.000000
2.803600,60.000000
2.803700,60.000000
2.803800,60.000000
2.803900,60.000000
2.804000,60.000000
2.804100,60.000000
2.804200,60.000000
2.804300,60.000000
2.804400,60.000000
2.804500,60.000000
2.804600,60.000000
2.804700,60.000000
2.804800,60.000000
2.804900,60.000000
2.805000,60.000000
2.805100,60.000000
2.805200,60.000000
2.805300,60.000000
2.805400,60.000000
2.805500,60.000000
2.805600,60.000000
2.805700,60.000000
2.805800,60.000000
2.805900,60.000000
2.806000,60.000000
2.806100,60.000000
2.806200,60.000000
2.806300,60.000000
2.806400,60.000000
2.806500,60.000000
2.806600,60.000000
2.806700,60.000000
2.806800,60.000000
2.806900,60.000000
2.807000,60.000000
2.807100,60.000000
2.807200,60.000000
2.807300,60.000000
2.807400,60.000000
2.807500,60.000000
2.807600,60.000000
2.807700,60.000000
2.807800,60.000000
2.807900,60.000000
2.808000,60.000000
2.808100,60.000000
2.808200,60.000000
2.808300,60.000000
2.808400,60.000000
2.808500,60.000000
2.808600,60.000000
2.808700,60.000000
2.808800,60.000000
2.808900,60.000000
2.809000,60.000000
2.809100,60.000000
2.809200,60.000000
2.809300,60.000000
2.809400,60.000000
2.809500,60.000000
2.809600,60.000000
2.809700,60.000000
2.809800,60.000000
2.809900,60.000000
2.810000,60.000000
2.810100,60.000000
2.810200,60.000000
2.810300,60.000000
2.810400,60.000000
2.810500,60.000000
2.810600,60.000000
2.810700,60.000000
2.810800,60.000000
2.810900,60.000000
2.811000,60.000000
2.811100,60.000000
2.811200,60.000000
2.811300,60.000000
2.811400,60.000000
2.811500,60.000000
2.811600,60.000000
2.811700,60.000000
2.811800,60.000000
2.811900,60.000000
2.812000,60.000000
2.812100,60.000000
2.812200,60.000000
2.812300,60.000000
2.812400,60.000000
2.812500,60.000000
2.812600,60.000000
2.812700,60.000000
2.812800,60.000000
2.812900,60.000000
2.813000,60.000000
2.813100,60.000000
2.813200,60.000000
2.813300,60.000000
2.813400,60.000000
2.813500,60.000000
2.813600,60.000000
2.813700,60.000000
2.813800,60.000000
2.813900,60.000000
2.814000,60.000000
2.814100,60.000000
2.814200,60.000000
2.814300,60.000000
2.814400,60.000000
2.814500,60.000000
2.814600,60.000000
2.814700,60.000000
2.814800,60.000000
2.814900,60.000000
2.815000,60.000000
2.815100,60.000000
2.815200,60.000000
2.815300,60.000000
2.815400,60.000000
2.815500,60.000000
2.815600,60.000000
2.815700,60.000000
2.815800,60.000000
2.815900,60.000000
2.816000,60.000000
2.816100,60.000000
2.816200,60.000000
2.816300,60.000000
2.816400,60.000000
2.816500,60.000000
2.816600,60.000000
2.816700,60.000000
2.816800,60.000000
2.816900,60.000000
2.817000,60.000000
2.817100,60.000000
2.817200,60.000000
2.817300,60.000000
2.817400,60.000000
2.817500,60.000000
2.817600,60.000000
2.817700,60.000000
2.817800,60.000000
2.817900,60.000000
2.818000,60.000000
2.818100,60.000000
2.818200,60.000000
2.818300,60.000000
2.818400,60.000000
2.818500,60.000000
2.818600,60.000000
2.818700,60.000000
2.818800,60.000000
2.818900,60.000000
2.819000,60.000000
2.819100,60.000000
2.819200,60.000000
2.819300,60.000000
2.819400,60.000000
2.819500,60.000000
2.819600,60.000000
2.819700,60.000000
2.819800,60.000000
2.819900,60.000000
2.820000,60.000000
2.820100,60.000000
2.820200,60.000000
2.820300,60.000000
2.820400,60.000000
2.820500,60.000000
2.820600,60.000000
2.820700,60.000000
2.820800,60.000000
2.820900,60.000000
2.821000,60.000000
2.821100,60.000000
2.821200,60.000000
2.821300,60.000000
2.821400,60.000000
2.821500,60.000000
2.821600,60.000000
2.821700,60.000000
2.821800,60.000000
2.821900,60.000000
2.822000,60.000000
2.822100,60.000000
2.822200,60.000000
2.822300,60.000000
2.822400,60.000000
2.822500,60.000000
2.822600,60.000000
2.822700,60.000000
2.822800,60.000000
2.822900,60.000000
2.823000,60.000000
2.823100,60.000000
2.823200,60.000000
2.823300,60.000000
2.823400,60.000000
2.823500,60.000000
2.823600,60.000000
2.823700,60.000000
2.823800,60.000000
2.823900,60.000000
2.824000,60.000000
2.824100,60.000000
2.824200,60.000000
2.824300,60.000000
2.824400,60.000000
2.824500,60.000000
2.824600,60.000000
2.824700,60.000000
2.824800,60.000000
2.824900,60.000000
2.825000,60.000000
2.825100,60.000000
2.825200,60.000000
2.825300,60.000000
2.825400,60.000000
2.825500,60.000000
2.825600,60.000000
2.825700,60.000000
2.825800,60.000000
2.825900,60.000000
2.826000,60.000000
2.826100,60.000000
2.826200,60.000000
2.826300,60.000000
2.826400,60.000000
2.826500,60.000000
2.826600,60.000000
2.826700,60.000000
2.826800,60.000000
2.826900,60.000000
2.827000,60.000000
2.827100,60.000000
2.827200,60.000000
2.827300,60.000000
2.827400,60.000000
2.827500,60.000000
2.827600,60.000000
2.827700,60.000000
2.827800,60.000000
2.827900,60.000000
2.828000,60.000000
2.828100,60.000000
2.828200,60.000000
2.828300,60.000000
2.828400,60.000000
2.828500,60.000000
2.828600,60.000000
2.828700,60.000000
2.828800,60.000000
2.828900,60.000000
2.829000,60.000000
2.829100,60.000000
2.829200,60.000000
2.829300,60.000000
2.829400,60.000000
2.829500,60.000000
2.829600,60.000000
2.829700,60.000000
2.829800,60.000000
2.829900,60.000000
2.830000,60.000000
2.830100,60.000000
2.830200,60.000000
2.830300,60.000000
2.830400,60.000000
2.830500,60.000000
2.830600,60.000000
2.830700,60.000000
2.830800,60.000000
2.830900,60.000000
2.831000,60.000000
2.831100,60.000000
2.831200,60.000000
2.831300,60.000000
2.831400,60.000000
2.831500,60.000000
2.831600,60.000000
2.831700,60.000000
2.831800,60.000000
2.831900,60.000000
2.832000,60.000000
2.832100,60.000000
2.832200,60.000000
2.832300,60.000000
2.832400,60.000000
2.832500,60.000000
2.832600,60.000000
2.832700,60.000000
2.832800,60.000000
2.832900,60.000000
2.833000,60.000000
2.833100,60.000000
2.833200,60.000000
2.833300,60.000000
2.833400,60.000000
2.833500,60.000000
2.833600,60.000000
2.833700,60.000000
2.833800,60.000000
2.833900,60.000000
2.834000,60.000000
2.834100,60.000000
2.834200,60.000000
2.834300,60.000000
2.834400,60.000000
2.834500,60.000000
2.834600,60.000000
2.834700,60.000000
2.834800,60.000000
2.834900,60.000000
2.835000,60.000000
2.835100,60.000000
2.835200,60.000000
2.835300,60.000000
2.835400,60.000000
2.835500,60.000000
2.835600,60.000000
2.835700,60.000000
2.835800,60.000000
2.835900,60.000000
2.836000,60.000000
2.836100,60.000000
2.836200,60.000000
2.836300,60.000000
2.836400,60.000000
2.836500,60.000000
2.836600,60.000000
2.836700,60.000000
2.836800,60.000000
2.836900,60.000000
2.837000,60.000000
2.837100,60.000000
2.837200,60.000000
2.837300,60.000000
2.837400,60.000000
2.837500,60.000000
2.837600,60.000000
2.837700,60.000000
2.837800,60.000000
2.837900,60.000000
2.838000,60.000000
2.838100,60.000000
2.838200,60.000000
2.838300,60.000000
2.838400,60.000000
2.838500,60.000000
2.838600,60.000000
2.838700,60.000000
2.838800,60.000000
2.838900,60.000000
2.839000,60.000000
2.839100,60.000000
2.839200,60.000000
2.839300,60.000000
2.839400,60.000000
2.839500,60.000000
2.839600,60.000000
2.839700,60.000000
2.839800,60.000000
2.839900,60.000000
2.840000,60.000000
2.840100,60.000000
2.840200,60.000000
2.840300,60.000000
2.840400,60.000000
2.840500,60.000000
2.840600,60.000000
2.840700,60.000000
2.840800,60.000000
2.840900,60.000000
2.841000,60.000000
2.841100,60.000000
2.841200,60.000000
2.841300,60.000000
2.841400,60.000000
2.841500,60.000000
2.841600,60.000000
2.841700,60.000000
2.841800,60.000000
2.841900,60.000000
2.842000,60.000000
2.842100,60.000000
2.842200,60.000000
2.842300,60.000000
2.842400,60.000000
2.842500,60.000000
2.842600,60.000000
2.842700,60.000000
2.842800,60.000000
2.842900,60.000000
2.843000,60.000000
2.843100,60.000000
2.843200,60.000000
2.843300,60.000000
2.843400,60.000000
2.843500,60.000000
2.843600,60.000000
2.843700,60.000000
2.843800,60.000000
2.843900,60.000000
2.844000,60.000000
2.844100,60.000000
2.844200,60.000000
2.844300,60.000000
2.844400,60.000000
2.844500,60.000000
2.844600,60.000000
2.844700,60.000000
2.844800,60.000000
2.844900,60.000000
2.845000,60.000000
2.845100,60.000000
2.845200,60.000000
2.845300,60.000000
2.845400,60.000000
2.845500,60.000000
2.845600,60.000000
2.845700,60.000000
2.845800,60.000000
2.845900,60.000000
2.846000,60.000000
2.846100,60.000000
2.846200,60.000000
2.846300,60.000000
2.846400,60.000000
2.846500,60.000000
2.846600,60.000000
2.846700,60.000000
2.846800,60.000000
2.846900,60.000000
2.847000,60.000000
2.847100,60.000000
2.847200,60.000000
2.847300,60.000000
2.847400,60.000000
2.847500,60.000000
2.847600,60.000000
2.847700,60.000000
2.847800,60.000000
2.847900,60.000000
2.848000,60.000000
2.848100,60.000000
2.848200,60.000000
2.848300,60.000000
2.848400,60.000000
2.848500,60.000000
2.848600,60.000000
2.848700,60.000000
2.848800,60.000000
2.848900,60.000000
2.849000,60.000000
2.849100,60.000000
2.849200,60.000000
2.849300,60.000000
2.849400,60.000000
2.849500,60.000000
2.849600,60.000000
2.849700,60.000000
2.849800,60.000000
2.849900,60.000000
2.850000,60.000000
2.850100,60.000000
2.850200,60.000000
2.850300,60.000000
2.850400,60.000000
2.850500,60.000000
2.850600,60.000000
2.850700,60.000000
2.850800,60.000000
2.850900,60.000000
2.851000,60.000000
2.851100,60.000000
2.851200,60.000000
2.851300,60.000000
2.851400,60.000000
2.851500,60.000000
2.851600,60.000000
2.851700,60.000000
2.851800,60.000000
2.851900,60.000000
2.852000,60.000000
2.852100,60.000000
2.852200,60.000000
2.852300,60.000000
2.852400,60.000000
2.852500,60.000000
2.852600,60.000000
2.852700,60.000000
2.852800,60.000000
2.852900,60.000000
2.853000,60.000000
2.853100,60.000000
2.853200,60.000000
2.853300,60.000000
2.853400,60.000000
2.853500,60.000000
2.853600,60.000000
2.853700,60.000000
2.853800,60.000000
2.853900,60.000000
2.854000,60.000000
2.854100,60.000000
2.854200,60.000000
2.854300,60.000000
2.854400,60.000000
2.854500,60.000000
2.854600,60.000000
2.854700,60.000000
2.854800,60.000000
2.854900,60.000000
2.855000,60.000000
2.855100,60.000000
2.855200,60.000000
2.855300,60.000000
2.855400,60.000000
2.855500,60.000000
2.855600,60.000000
2.855700,60.000000
2.855800,60.000000
2.855900,60.000000
2.856000,60.000000
2.856100,60.000000
2.856200,60.000000
2.856300,60.000000
2.856400,60.000000
2.856500,60.000000
2.856600,60.000000
2.856700,60.000000
2.856800,60.000000
2.856900,60.000000
2.857000,60.000000
2.857100,60.000000
2.857200,60.000000
2.857300,60.000000
2.857400,60.000000
2.857500,60.000000
2.857600,60.000000
2.857700,60.000000
2.857800,60.000000
2.857900,60.000000
2.858000,60.000000
2.858100,60.000000
2.858200,60.000000
2.858300,60.000000
2.858400,60.000000
2.858500,60.000000
2.858600,60.000000
2.858700,60.000000
2.858800,60.000000
2.858900,60.000000
2.859000,60.000000
2.859100,60.000000
2.859200,60.000000
2.859300,60.000000
2.859400,60.000000
2.859500,60.000000
2.859600,60.000000
2.859700,60.000000
2.859800,60.000000
2.859900,60.000000
2.860000,60.000000
2.860100,60.000000
2.860200,60.000000
2.860300,60.000000
2.860400,60.000000
2.860500,60.000000
2.860600,60.000000
2.860700,60.000000
2.860800,60.000000
2.860900,60.000000
2.861000,60.000000
2.861100,60.000000
2.861200,60.000000
2.861300,60.000000
2.861400,60.000000
2.861500,60.000000
2.861600,60.000000
2.861700,60.000000
2.861800,60.000000
2.861900,60.000000
2.862000,60.000000
2.862100,60.000000
2.862200,60.000000
2.862300,60.000000
2.862400,60.000000
2.862500,60.000000
2.862600,60.000000
2.862700,60.000000
2.862800,60.000000
2.862900,60.000000
2.863000,60.000000
2.863100,60.000000
2.863200,60.000000
2.863300,60.000000
2.863400,60.000000
2.863500,60.000000
2.863600,60.000000
2.863700,60.000000
2.863800,60.000000
2.863900,60.000000
2.864000,60.000000
2.864100,60.000000
2.864200,60.000000
2.864300,60.000000
2.864400,60.000000
2.864500,60.000000
2.864600,60.000000
2.864700,60.000000
2.864800,60.000000
2.864900,60.000000
2.865000,60.000000
2.865100,60.000000
2.865200,60.000000
2.865300,60.000000
2.865400,60.000000
2.865500,60.000000
2.865600,60.000000
2.865700,60.000000
2.865800,60.000000
2.865900,60.000000
2.866000,60.000000
2.866100,60.000000
2.866200,60.000000
2.866300,60.000000
2.866400,60.000000
2.866500,60.000000
2.866600,60.000000
2.866700,60.000000
2.866800,60.000000
2.866900,60.000000
2.867000,60.000000
2.867100,60.000000
2.867200,60.000000
2.867300,60.000000
2.867400,60.000000
2.867500,60.000000
2.867600,60.000000
2.867700,60.000000
2.867800,60.000000
2.867900,60.000000
2.868000,60.000000
2.868100,60.000000
2.868200,60.000000
2.868300,60.000000
2.868400,60.000000
2.868500,60.000000
2.868600,60.000000
2.868700,60.000000
2.868800,60.000000
2.868900,60.000000
2.869000,60.000000
2.869100,60.000000
2.869200,60.000000
2.869300,60.000000
2.869400,60.000000
2.869500,60.000000
2.869600,60.000000
2.869700,60.000000
2.869800,60.000000
2.869900,60.000000
2.870000,60.000000
2.870100,60.000000
2.870200,60.000000
2.870300,60.000000
2.870400,60.000000
2.870500,60.000000
2.870600,60.000000
2.870700,60.000000
2.870800,60.000000
2.870900,60.000000
2.871000,60.000000
2.871100,60.000000
2.871200,60.000000
2.871300,60.000000
2.871400,60.000000
2.871500,60.000000
2.871600,60.000000
2.871700,60.000000
2.871800,60.000000
2.871900,60.000000
2.872000,60.000000
2.872100,60.000000
2.872200,60.000000
2.872300,60.000000
2.872400,60.000000
2.872500,60.000000
2.872600,60.000000
2.872700,60.000000
2.872800,60.000000
2.872900,60.000000
2.873000,60.000000
2.873100,60.000000
2.873200,60.000000
2.873300,60.000000
2.873400,60.000000
2.873500,60.000000
2.873600,60.000000
2.873700,60.000000
2.873800,60.000000
2.873900,60.000000
2.874000,60.000000
2.874100,60.000000
2.874200,60.000000
2.874300,60.000000
2.874400,60.000000
2.874500,60.000000
2.874600,60.000000
2.874700,60.000000
2.874800,60.000000
2.874900,60.000000
2.875000,60.000000
2.875100,60.000000
2.875200,60.000000
2.875300,60.000000
2.875400,60.000000
2.875500,60.000000
2.875600,60.000000
2.875700,60.000000
2.875800,60.000000
2.875900,60.000000
2.876000,60.000000
2.876100,60.000000
2.876200,60.000000
2.876300,60.000000
2.876400,60.000000
2.876500,60.000000
2.876600,60.000000
2.876700,60.000000
2.876800,60.000000
2.876900,60.000000
2.877000,60.000000
2.877100,60.000000
2.877200,60.000000
2.877300,60.000000
2.877400,60.000000
2.877500,60.000000
2.877600,60.000000
2.877700,60.000000
2.877800,60.000000
2.877900,60.000000
2.878000,60.000000
2.878100,60.000000
2.878200,60.000000
2.878300,60.000000
2.878400,60.000000
2.878500,60.000000
2.878600,60.000000
2.878700,60.000000
2.878800,60.000000
2.878900,60.000000
2.879000,60.000000
2.879100,60.000000
2.879200,60.000000
2.879300,60.000000
2.879400,60.000000
2.879500,60.000000
2.879600,60.000000
2.879700,60.000000
2.879800,60.000000
2.879900,60.000000
2.880000,60.000000
2.880100,60.000000
2.880200,60.000000
2.880300,60.000000
2.880400,60.000000
2.880500,60.000000
2.880600,60.000000
2.880700,60.000000
2.880800,60.000000
2.880900,60.000000
2.881000,60.000000
2.881100,60.000000
2.881200,60.000000
2.881300,60.000000
2.881400,60.000000
2.881500,60.000000
2.881600,60.000000
2.881700,60.000000
2.881800,60.000000
2.881900,60.000000
2.882000,60.000000
2.882100,60.000000
2.882200,60.000000
2.882300,60.000000
2.882400,60.000000
2.882500,60.000000
2.882600,60.000000
2.882700,60.000000
2.882800,60.000000
2.882900,60.000000
2.883000,60.000000
2.883100,60.000000
2.883200,60.000000
2.883300,60.000000
2.883400,60.000000
2.883500,60.000000
2.883600,60.000000
2.883700,60.000000
2.883800,60.000000
2.883900,60.000000
2.884000,60.000000
2.884100,60.000000
2.884200,60.000000
2.884300,60.000000
2.884400,60.000000
2.884500,60.000000
2.884600,60.000000
2.884700,60.000000
2.884800,60.000000
2.884900,60.000000
2.885000,60.000000
2.885100,60.000000
2.885200,60.000000
2.885300,60.000000
2.885400,60.000000
2.885500,60.000000
2.885600,60.000000
2.885700,60.000000
2.885800,60.000000
2.885900,60.000000
2.886000,60.000000
2.886100,60.000000
2.886200,60.000000
2.886300,60.000000
2.886400,60.000000
2.886500,60.000000
2.886600,60.000000
2.886700,60.000000
2.886800,60.000000
2.886900,60.000000
2.887000,60.000000
2.887100,60.000000
2.887200,60.000000
2.887300,60.000000
2.887400,60.000000
2.887500,60.000000
2.887600,60.000000
2.887700,60.000000
2.887800,60.000000
2.887900,60.000000
2.888000,60.000000
2.888100,60.000000
2.888200,60.000000
2.888300,60.000000
2.888400,60.000000
2.888500,60.000000
2.888600,60.000000
2.888700,60.000000
2.888800,60.000000
2.888900,60.000000
2.889000,60.000000
2.889100,60.000000
2.889200,60.000000
2.889300,60.000000
2.889400,60.000000
2.889500,60.000000
2.889600,60.000000
2.889700,60.000000
2.889800,60.000000
2.889900,60.000000
2.890000,60.000000
2.890100,60.000000
2.890200,60.000000
2.890300,60.000000
2.890400,60.000000
2.890500,60.000000
2.890600,60.000000
2.890700,60.000000
2.890800,60.000000
2.890900,60.000000
2.891000,60.000000
2.891100,60.000000
2.891200,60.000000
2.891300,60.000000
2.891400,60.000000
2.891500,60.000000
2.891600,60.000000
2.891700,60.000000
2.891800,60.000000
2.891900,60.000000
2.892000,60.000000
2.892100,60.000000
2.892200,60.000000
2.892300,60.000000
2.892400,60.000000
2.892500,60.000000
2.892600,60.000000
2.892700,60.000000
2.892800,60.000000
2.892900,60.000000
2.893000,60.000000
2.893100,60.000000
2.893200,60.000000
2.893300,60.000000
2.893400,60.000000
2.893500,60.000000
2.893600,60.000000
2.893700,60.000000
2.893800,60.000000
2.893900,60.000000
2.894000,60.000000
2.894100,60.000000
2.894200,60.000000
2.894300,60.000000
2.894400,60.000000
2.894500,60.000000
2.894600,60.000000
2.894700,60.000000
2.894800,60.000000
2.894900,60.000000
2.895000,60.000000
2.895100,60.000000
2.895200,60.000000
2.895300,60.000000
2.895400,60.000000
2.895500,60.000000
2.895600,60.000000
2.895700,60.000000
2.895800,60.000000
2.895900,60.000000
2.896000,60.000000
2.896100,60.000000
2.896200,60.000000
2.896300,60.000000
2.896400,60.000000
2.896500,60.000000
2.896600,60.000000
2.896700,60.000000
2.896800,60.000000
2.896900,60.000000
2.897000,60.000000
2.897100,60.000000
2.897200,60.000000
2.897300,60.000000
2.897400,60.000000
2.897500,60.000000
2.897600,60.000000
2.897700,60.000000
2.897800,60.000000
2.897900,60.000000
2.898000,60.000000
2.898100,60.000000
2.898200,60.000000
2.898300,60.000000
2.898400,60.000000
2.898500,60.000000
2.898600,60.000000
2.898700,60.000000
2.898800,60.000000
2.898900,60.000000
2.899000,60.000000
2.899100,60.000000
2.899200,60.000000
2.899300,60.000000
2.899400,60.000000
2.899500,60.000000
2.899600,60.000000
2.899700,60.000000
2.899800,60.000000
2.899900,60.000000
2.900000,60.000000
2.900100,60.000000
2.900200,60.000000
2.900300,60.000000
2.900400,60.000000
2.900500,60.000000
2.900600,60.000000
2.900700,60.000000
2.900800,60.000000
2.900900,60.000000
2.901000,60.000000
2.901100,60.000000
2.901200,60.000000
2.901300,60.000000
2.901400,60.000000
2.901500,60.000000
2.901600,60.000000
2.901700,60.000000
2.901800,60.000000
2.901900,60.000000
2.902000,60.000000
2.902100,60.000000
2.902200,60.000000
2.902300,60.000000
2.902400,60.000000
2.902500,60.000000
2.902600,60.000000
2.902700,60.000000
2.902800,60.000000
2.902900,60.000000
2.903000,60.000000
2.903100,60.000000
2.903200,60.000000
2.903300,60.000000
2.903400,60.000000
2.903500,60.000000
2.903600,60.000000
2.903700,60.000000
2.903800,60.000000
2.903900,60.000000
2.904000,60.000000
2.904100,60.000000
2.904200,60.000000
2.904300,60.000000
2.904400,60.000000
2.904500,60.000000
2.904600,60.000000
2.904700,60.000000
2.904800,60.000000
2.904900,60.000000
2.905000,60.000000
2.905100,60.000000
2.905200,60.000000
2.905300,60.000000
2.905400,60.000000
2.905500,60.000000
2.905600,60.000000
2.905700,60.000000
2.905800,60.000000
2.905900,60.000000
2.906000,60.000000
2.906100,60.000000
2.906200,60.000000
2.906300,60.000000
2.906400,60.000000
2.906500,60.000000
2.906600,60.000000
2.906700,60.000000
2.906800,60.000000
2.906900,60.000000
2.907000,60.000000
2.907100,60.000000
2.907200,60.000000
2.907300,60.000000
2.907400,60.000000
2.907500,60.000000
2.907600,60.000000
2.907700,60.000000
2.907800,60.000000
2.907900,60.000000
2.908000,60.000000
2.908100,60.000000
2.908200,60.000000
2.908300,60.000000
2.908400,60.000000
2.908500,60.000000
2.908600,60.000000
2.908700,60.000000
2.908800,60.000000
2.908900,60.000000
2.909000,60.000000
2.909100,60.000000
2.909200,60.000000
2.909300,60.000000
2.909400,60.000000
2.909500,60.000000
2.909600,60.000000
2.909700,60.000000
2.909800,60.000000
2.909900,60.000000
2.910000,60.000000
2.910100,60.000000
2.910200,60.000000
2.910300,60.000000
2.910400,60.000000
2.910500,60.000000
2.910600,60.000000
2.910700,60.000000
2.910800,60.000000
2.910900,60.000000
2.911000,60.000000
2.911100,60.000000
2.911200,60.000000
2.911300,60.000000
2.911400,60.000000
2.911500,60.000000
2.911600,60.000000
2.911700,60.000000
2.911800,60.000000
2.911900,60.000000
2.912000,60.000000
2.912100,60.000000
2.912200,60.000000
2.912300,60.000000
2.912400,60.000000
2.912500,60.000000
2.912600,60.000000
2.912700,60.000000
2.912800,60.000000
2.912900,60.000000
2.913000,60.000000
2.913100,60.000000
2.913200,60.000000
2.913300,60.000000
2.913400,60.000000
2.913500,60.000000
2.913600,60.000000
2.913700,60.000000
2.913800,60.000000
2.913900,60.000000
2.914000,60.000000
2.914100,60.000000
2.914200,60.000000
2.914300,60.000000
2.914400,60.000000
2.914500,60.000000
2.914600,60.000000
2.914700,60.000000
2.914800,60.000000
2.914900,60.000000
2.915000,60.000000
2.915100,60.000000
2.915200,60.000000
2.915300,60.000000
2.915400,60.000000
2.915500,60.000000
2.915600,60.000000
2.915700,60.000000
2.915800,60.000000
2.915900,60.000000
2.916000,60.000000
2.916100,60.000000
2.916200,60.000000
2.916300,60.000000
2.916400,60.000000
2.916500,60.000000
2.916600,60.000000
2.916700,60.000000
2.916800,60.000000
2.916900,60.000000
2.917000,60.000000
2.917100,60.000000
2.917200,60.000000
2.917300,60.000000
2.917400,60.000000
2.917500,60.000000
2.917600,60.000000
2.917700,60.000000
2.917800,60.000000
2.917900,60.000000
2.918000,60.000000
2.918100,60.000000
2.918200,60.000000
2.918300,60.000000
2.918400,60.000000
2.918500,60.000000
2.918600,60.000000
2.918700,60.000000
2.918800,60.000000
2.918900,60.000000
2.919000,60.000000
2.919100,60.000000
2.919200,60.000000
2.919300,60.000000
2.919400,60.000000
2.919500,60.000000
2.919600,60.000000
2.919700,60.000000
2.919800,60.000000
2.919900,60.000000
2.920000,60.000000
2.920100,60.000000
2.920200,60.000000
2.920300,60.000000
2.920400,60.000000
2.920500,60.000000
2.920600,60.000000
2.920700,60.000000
2.920800,60.000000
2.920900,60.000000
2.921000,60.000000
2.921100,60.000000
2.921200,60.000000
2.921300,60.000000
2.921400,60.000000
2.921500,60.000000
2.921600,60.000000
2.921700,60.000000
2.921800,60.000000
2.921900,60.000000
2.922000,60.000000
2.922100,60.000000
2.922200,60.000000
2.922300,60.000000
2.922400,60.000000
2.922500,60.000000
2.922600,60.000000
2.922700,60.000000
2.922800,60.000000
2.922900,60.000000
2.923000,60.000000
2.923100,60.000000
2.923200,60.000000
2.923300,60.000000
2.923400,60.000000
2.923500,60.000000
2.923600,60.000000
2.923700,60.000000
2.923800,60.000000
2.923900,60.000000
2.924000,60.000000
2.924100,60.000000
2.924200,60.000000
2.924300,60.000000
2.924400,60.000000
2.924500,60.000000
2.924600,60.000000
2.924700,60.000000
2.924800,60.000000
2.924900,60.000000
2.925000,60.000000
2.925100,60.000000
2.925200,60.000000
2.925300,60.000000
2.925400,60.000000
2.925500,60.000000
2.925600,60.000000
2.925700,60.000000
2.925800,60.000000
2.925900,60.000000
2.926000,60.000000
2.926100,60.000000
2.926200,60.000000
2.926300,60.000000
2.926400,60.000000
2.926500,60.000000
2.926600,60.000000
2.926700,60.000000
2.926800,60.000000
2.926900,60.000000
2.927000,60.000000
2.927100,60.000000
2.927200,60.000000
2.927300,60.000000
2.927400,60.000000
2.927500,60.000000
2.927600,60.000000
2.927700,60.000000
2.927800,60.000000
2.927900,60.000000
2.928000,60.000000
2.928100,60.000000
2.928200,60.000000
2.928300,60.000000
2.928400,60.000000
2.928500,60.000000
2.928600,60.000000
2.928700,60.000000
2.928800,60.000000
2.928900,60.000000
2.929000,60.000000
2.929100,60.000000
2.929200,60.000000
2.929300,60.000000
2.929400,60.000000
2.929500,60.000000
2.929600,60.000000
2.929700,60.000000
2.929800,60.000000
2.929900,60.000000
2.930000,60.000000
2.930100,60.000000
2.930200,60.000000
2.930300,60.000000
2.930400,60.000000
2.930500,60.000000
2.930600,60.000000
2.930700,60.000000
2.930800,60.000000
2.930900,60.000000
2.931000,60.000000
2.931100,60.000000
2.931200,60.000000
2.931300,60.000000
2.931400,60.000000
2.931500,60.000000
2.931600,60.000000
2.931700,60.000000
2.931800,60.000000
2.931900,60.000000
2.932000,60.000000
2.932100,60.000000
2.932200,60.000000
2.932300,60.000000
2.932400,60.000000
2.932500,60.000000
2.932600,60.000000
2.932700,60.000000
2.932800,60.000000
2.932900,60.000000
2.933000,60.000000
2.933100,60.000000
2.933200,60.000000
2.933300,60.000000
2.933400,60.000000
2.933500,60.000000
2.933600,60.000000
2.933700,60.000000
2.933800,60.000000
2.933900,60.000000
2.934000,60.000000
2.934100,60.000000
2.934200,60.000000
2.934300,60.000000
2.934400,60.000000
2.934500,60.000000
2.934600,60.000000
2.934700,60.000000
2.934800,60.000000
2.934900,60.000000
2.935000,60.000000
2.935100,60.000000
2.935200,60.000000
2.935300,60.000000
2.935400,60.000000
2.935500,60.000000
2.935600,60.000000
2.935700,60.000000
2.935800,60.000000
2.935900,60.000000
2.936000,60.000000
2.936100,60.000000
2.936200,60.000000
2.936300,60.000000
2.936400,60.000000
2.936500,60.000000
2.936600,60.000000
2.936700,60.000000
2.936800,60.000000
2.936900,60.000000
2.937000,60.000000
2.937100,60.000000
2.937200,60.000000
2.937300,60.000000
2.937400,60.000000
2.937500,60.000000
2.937600,60.000000
2.937700,60.000000
2.937800,60.000000
2.937900,60.000000
2.938000,60.000000
2.938100,60.000000
2.938200,60.000000
2.938300,60.000000
2.938400,60.000000
2.938500,60.000000
2.938600,60.000000
2.938700,60.000000
2.938800,60.000000
2.938900,60.000000
2.939000,60.000000
2.939100,60.000000
2.939200,60.000000
2.939300,60.000000
2.939400,60.000000
2.939500,60.000000
2.939600,60.000000
2.939700,60.000000
2.939800,60.000000
2.939900,60.000000
2.940000,60.000000
2.940100,60.000000
2.940200,60.000000
2.940300,60.000000
2.940400,60.000000
2.940500,60.000000
2.940600,60.000000
2.940700,60.000000
2.940800,60.000000
2.940900,60.000000
2.941000,60.000000
2.941100,60.000000
2.941200,60.000000
2.941300,60.000000
2.941400,60.000000
2.941500,60.000000
2.941600,60.000000
2.941700,60.000000
2.941800,60.000000
2.941900,60.000000
2.942000,60.000000
2.942100,60.000000
2.942200,60.000000
2.942300,60.000000
2.942400,60.000000
2.942500,60.000000
2.942600,60.000000
2.942700,60.000000
2.942800,60.000000
2.942900,60.000000
2.943000,60.000000
2.943100,60.000000
2.943200,60.000000
2.943300,60.000000
2.943400,60.000000
2.943500,60.000000
2.943600,60.000000
2.943700,60.000000
2.943800,60.000000
2.943900,60.000000
2.944000,60.000000
2.944100,60.000000
2.944200,60.000000
2.944300,60.000000
2.944400,60.000000
2.944500,60.000000
2.944600,60.000000
2.944700,60.000000
2.944800,60.000000
2.944900,60.000000
2.945000,60.000000
2.945100,60.000000
2.945200,60.000000
2.945300,60.000000
2.945400,60.000000
2.945500,60.000000
2.945600,60.000000
2.945700,60.000000
2.945800,60.000000
2.945900,60.000000
2.946000,60.000000
2.946100,60.000000
2.946200,60.000000
2.946300,60.000000
2.946400,60.000000
2.946500,60.000000
2.946600,60.000000
2.946700,60.000000
2.946800,60.000000
2.946900,60.000000
2.947000,60.000000
2.947100,60.000000
2.947200,60.000000
2.947300,60.000000
2.947400,60.000000
2.947500,60.000000
2.947600,60.000000
2.947700,60.000000
2.947800,60.000000
2.947900,60.000000
2.948000,60.000000
2.948100,60.000000
2.948200,60.000000
2.948300,60.000000
2.948400,60.000000
2.948500,60.000000
2.948600,60.000000
2.948700,60.000000
2.948800,60.000000
2.948900,60.000000
2.949000,60.000000
2.949100,60.000000
2.949200,60.000000
2.949300,60.000000
2.949400,60.000000
2.949500,60.000000
2.949600,60.000000
2.949700,60.000000
2.949800,60.000000
2.949900,60.000000
2.950000,60.000000
2.950100,60.000000
2.950200,60.000000
2.950300,60.000000
2.950400,60.000000
2.950500,60.000000
2.950600,60.000000
2.950700,60.000000
2.950800,60.000000
2.950900,60.000000
2.951000,60.000000
2.951100,60.000000
2.951200,60.000000
2.951300,60.000000
2.951400,60.000000
2.951500,60.000000
2.951600,60.000000
2.951700,60.000000
2.951800,60.000000
2.951900,60.000000
2.952000,60.000000
2.952100,60.000000
2.952200,60.000000
2.952300,60.000000
2.952400,60.000000
2.952500,60.000000
2.952600,60.000000
2.952700,60.000000
2.952800,60.000000
2.952900,60.000000
2.953000,60.000000
2.953100,60.000000
2.953200,60.000000
2.953300,60.000000
2.953400,60.000000
2.953500,60.000000
2.953600,60.000000
2.953700,60.000000
2.953800,60.000000
2.953900,60.000000
2.954000,60.000000
2.954100,60.000000
2.954200,60.000000
2.954300,60.000000
2.954400,60.000000
2.954500,60.000000
2.954600,60.000000
2.954700,60.000000
2.954800,60.000000
2.954900,60.000000
2.955000,60.000000
2.955100,60.000000
2.955200,60.000000
2.955300,60.000000
2.955400,60.000000
2.955500,60.000000
2.955600,60.000000
2.955700,60.000000
2.955800,60.000000
2.955900,60.000000
2.956000,60.000000
2.956100,60.000000
2.956200,60.000000
2.956300,60.000000
2.956400,60.000000
2.956500,60.000000
2.956600,60.000000
2.956700,60.000000
2.956800,60.000000
2.956900,60.000000
2.957000,60.000000
2.957100,60.000000
2.957200,60.000000
2.957300,60.000000
2.957400,60.000000
2.957500,60.000000
2.957600,60.000000
2.957700,60.000000
2.957800,60.000000
2.957900,60.000000
2.958000,60.000000
2.958100,60.000000
2.958200,60.000000
2.958300,60.000000
2.958400,60.000000
2.958500,60.000000
2.958600,60.000000
2.958700,60.000000
2.958800,60.000000
2.958900,60.000000
2.959000,60.000000
2.959100,60.000000
2.959200,60.000000
2.959300,60.000000
2.959400,60.000000
2.959500,60.000000
2.959600,60.000000
2.959700,60.000000
2.959800,60.000000
2.959900,60.000000
2.960000,60.000000
2.960100,60.000000
2.960200,60.000000
2.960300,60.000000
2.960400,60.000000
2.960500,60.000000
2.960600,60.000000
2.960700,60.000000
2.960800,60.000000
2.960900,60.000000
2.961000,60.000000
2.961100,60.000000
2.961200,60.000000
2.961300,60.000000
2.961400,60.000000
2.961500,60.000000
2.961600,60.000000
2.961700,60.000000
2.961800,60.000000
2.961900,60.000000
2.962000,60.000000
2.962100,60.000000
2.962200,60.000000
2.962300,60.000000
2.962400,60.000000
2.962500,60.000000
2.962600,60.000000
2.962700,60.000000
2.962800,60.000000
2.962900,60.000000
2.963000,60.000000
2.963100,60.000000
2.963200,60.000000
2.963300,60.000000
2.963400,60.000000
2.963500,60.000000
2.963600,60.000000
2.963700,60.000000
2.963800,60.000000
2.963900,60.000000
2.964000,60.000000
2.964100,60.000000
2.964200,60.000000
2.964300,60.000000
2.964400,60.000000
2.964500,60.000000
2.964600,60.000000
2.964700,60.000000
2.964800,60.000000
2.964900,60.000000
2.965000,60.000000
2.965100,60.000000
2.965200,60.000000
2.965300,60.000000
2.965400,60.000000
2.965500,60.000000
2.965600,60.000000
2.965700,60.000000
2.965800,60.000000
2.965900,60.000000
2.966000,60.000000
2.966100,60.000000
2.966200,60.000000
2.966300,60.000000
2.966400,60.000000
2.966500,60.000000
2.966600,60.000000
2.966700,60.000000
2.966800,60.000000
2.966900,60.000000
2.967000,60.000000
2.967100,60.000000
2.967200,60.000000
2.967300,60.000000
2.967400,60.000000
2.967500,60.000000
2.967600,60.000000
2.967700,60.000000
2.967800,60.000000
2.967900,60.000000
2.968000,60.000000
2.968100,60.000000
2.968200,60.000000
2.968300,60.000000
2.968400,60.000000
2.968500,60.000000
2.968600,60.000000
2.968700,60.000000
2.968800,60.000000
2.968900,60.000000
2.969000,60.000000
2.969100,60.000000
2.969200,60.000000
2.969300,60.000000
2.969400,60.000000
2.969500,60.000000
2.969600,60.000000
2.969700,60.000000
2.969800,60.000000
2.969900,60.000000
2.970000,60.000000
2.970100,60.000000
2.970200,60.000000
2.970300,60.000000
2.970400,60.000000
2.970500,60.000000
2.970600,60.000000
2.970700,60.000000
2.970800,60.000000
2.970900,60.000000
2.971000,60.000000
2.971100,60.000000
2.971200,60.000000
2.971300,60.000000
2.971400,60.000000
2.971500,60.000000
2.971600,60.000000
2.971700,60.000000
2.971800,60.000000
2.971900,60.000000
2.972000,60.000000
2.972100,60.000000
2.972200,60.000000
2.972300,60.000000
2.972400,60.000000
2.972500,60.000000
2.972600,60.000000
2.972700,60.000000
2.972800,60.000000
2.972900,60.000000
2.973000,60.000000
2.973100,60.000000
2.973200,60.000000
2.973300,60.000000
2.973400,60.000000
2.973500,60.000000
2.973600,60.000000
2.973700,60.000000
2.973800,60.000000
2.973900,60.000000
2.974000,60.000000
2.974100,60.000000
2.974200,60.000000
2.974300,60.000000
2.974400,60.000000
2.974500,60.000000
2.974600,60.000000
2.974700,60.000000
2.974800,60.000000
2.974900,60.000000
2.975000,60.000000
2.975100,60.000000
2.975200,60.000000
2.975300,60.000000
2.975400,60.000000
2.975500,60.000000
2.975600,60.000000
2.975700,60.000000
2.975800,60.000000
2.975900,60.000000
2.976000,60.000000
2.976100,60.000000
2.976200,60.000000
2.976300,60.000000
2.976400,60.000000
2.976500,60.000000
2.976600,60.000000
2.976700,60.000000
2.976800,60.000000
2.976900,60.000000
2.977000,60.000000
2.977100,60.000000
2.977200,60.000000
2.977300,60.000000
2.977400,60.000000
2.977500,60.000000
2.977600,60.000000
2.977700,60.000000
2.977800,60.000000
2.977900,60.000000
2.978000,60.000000
2.978100,60.000000
2.978200,60.000000
2.978300,60.000000
2.978400,60.000000
2.978500,60.000000
2.978600,60.000000
2.978700,60.000000
2.978800,60.000000
2.978900,60.000000
2.979000,60.000000
2.979100,60.000000
2.979200,60.000000
2.979300,60.000000
2.979400,60.000000
2.979500,60.000000
2.979600,60.000000
2.979700,60.000000
2.979800,60.000000
2.979900,60.000000
2.980000,60.000000
2.980100,60.000000
2.980200,60.000000
2.980300,60.000000
2.980400,60.000000
2.980500,60.000000
2.980600,60.000000
2.980700,60.000000
2.980800,60.000000
2.980900,60.000000
2.981000,60.000000
2.981100,60.000000
2.981200,60.000000
2.981300,60.000000
2.981400,60.000000
2.981500,60.000000
2.981600,60.000000
2.981700,60.000000
2.981800,60.000000
2.981900,60.000000
2.982000,60.000000
2.982100,60.000000
2.982200,60.000000
2.982300,60.000000
2.982400,60.000000
2.982500,60.000000
2.982600,60.000000
2.982700,60.000000
2.982800,60.000000
2.982900,60.000000
2.983000,60.000000
2.983100,60.000000
2.983200,60.000000
2.983300,60.000000
2.983400,60.000000
2.983500,60.000000
2.983600,60.000000
2.983700,60.000000
2.983800,60.000000
2.983900,60.000000
2.984000,60.000000
2.984100,60.000000
2.984200,60.000000
2.984300,60.000000
2.984400,60.000000
2.984500,60.000000
2.984600,60.000000
2.984700,60.000000
2.984800,60.000000
2.984900,60.000000
2.985000,60.000000
2.985100,60.000000
2.985200,60.000000
2.985300,60.000000
2.985400,60.000000
2.985500,60.000000
2.985600,60.000000
2.985700,60.000000
2.985800,60.000000
2.985900,60.000000
2.986000,60.000000
2.986100,60.000000
2.986200,60.000000
2.986300,60.000000
2.986400,60.000000
2.986500,60.000000
2.986600,60.000000
2.986700,60.000000
2.986800,60.000000
2.986900,60.000000
2.987000,60.000000
2.987100,60.000000
2.987200,60.000000
2.987300,60.000000
2.987400,60.000000
2.987500,60.000000
2.987600,60.000000
2.987700,60.000000
2.987800,60.000000
2.987900,60.000000
2.988000,60.000000
2.988100,60.000000
2.988200,60.000000
2.988300,60.000000
2.988400,60.000000
2.988500,60.000000
2.988600,60.000000
2.988700,60.000000
2.988800,60.000000
2.988900,60.000000
2.989000,60.000000
2.989100,60.000000
2.989200,60.000000
2.989300,60.000000
2.989400,60.000000
2.989500,60.000000
2.989600,60.000000
2.989700,60.000000
2.989800,60.000000
2.989900,60.000000
2.990000,60.000000
2.990100,60.000000
2.990200,60.000000
2.990300,60.000000
2.990400,60.000000
2.990500,60.000000
2.990600,60.000000
2.990700,60.000000
2.990800,60.000000
2.990900,60.000000
2.991000,60.000000
2.991100,60.000000
2.991200,60.000000
2.991300,60.000000
2.991400,60.000000
2.991500,60.000000
2.991600,60.000000
2.991700,60.000000
2.991800,60.000000
2.991900,60.000000
2.992000,60.000000
2.992100,60.000000
2.992200,60.000000
2.992300,60.000000
2.992400,60.000000
2.992500,60.000000
2.992600,60.000000
2.992700,60.000000
2.992800,60.000000
2.992900,60.000000
2.993000,60.000000
2.993100,60.000000
2.993200,60.000000
2.993300,60.000000
2.993400,60.000000
2.993500,60.000000
2.993600,60.000000
2.993700,60.000000
2.993800,60.000000
2.993900,60.000000
2.994000,60.000000
2.994100,60.000000
2.994200,60.000000
2.994300,60.000000
2.994400,60.000000
2.994500,60.000000
2.994600,60.000000
2.994700,60.000000
2.994800,60.000000
2.994900,60.000000
2.995000,60.000000
2.995100,60.000000
2.995200,60.000000
2.995300,60.000000
2.995400,60.000000
2.995500,60.000000
2.995600,60.000000
2.995700,60.000000
2.995800,60.000000
2.995900,60.000000
2.996000,60.000000
2.996100,60.000000
2.996200,60.000000
2.996300,60.000000
2.996400,60.000000
2.996500,60.000000
2.996600,60.000000
2.996700,60.000000
2.996800,60.000000
2.996900,60.000000
2.997000,60.000000
2.997100,60.000000
2.997200,60.000000
2.997300,60.000000
2.997400,60.000000
2.997500,60.000000
2.997600,60.000000
2.997700,60.000000
2.997800,60.000000
2.997900,60.000000
2.998000,60.000000
2.998100,60.000000
2.998200,60.000000
2.998300,60.000000
2.998400,60.000000
2.998500,60.000000
2.998600,60.000000
2.998700,60.000000
2.998800,60.000000
2.998900,60.000000
2.999000,60.000000
2.999100,60.000000
2.999200,60.000000
2.999300,60.000000
2.999400,60.000000
2.999500,60.000000
2.999600,60.000000
2.999700,60.000000
2.999800,60.000000
2.999900,60.000000
3.000000,60.000000
3.000100,60.000000
3.000200,60.000000
3.000300,60.000000
3.000400,60.000000
3.000500,60.000000
3.000600,60.000000
3.000700,60.000000
3.000800,60.000000
3.000900,60.000000
3.001000,60.000000
3.001100,60.000000
3.001200,60.000000
3.001300,60.000000
3.001400,60.000000
3.001500,60.000000
3.001600,60.000000
3.001700,60.000000
3.001800,60.000000
3.001900,60.000000
3.002000,60.000000
3.002100,60.000000
3.002200,60.000000
3.002300,60.000000
3.002400,60.000000
3.002500,60.000000
3.002600,60.000000
3.002700,60.000000
3.002800,60.000000
3.002900,60.000000
3.003000,60.000000
3.003100,60.000000
3.003200,60.000000
3.003300,60.000000
3.003400,60.000000
3.003500,60.000000
3.003600,60.000000
3.003700,60.000000
3.003800,60.000000
3.003900,60.000000
3.004000,60.000000
3.004100,60.000000
3.004200,60.000000
3.004300,60.000000
3.004400,60.000000
3.004500,60.000000
3.004600,60.000000
3.004700,60.000000
3.004800,60.000000
3.004900,60.000000
3.005000,60.000000
3.005100,60.000000
3.005200,60.000000
3.005300,60.000000
3.005400,60.000000
3.005500,60.000000
3.005600,60.000000
3.005700,60.000000
3.005800,60.000000
3.005900,60.000000
3.006000,60.000000
3.006100,60.000000
3.006200,60.000000
3.006300,60.000000
3.006400,60.000000
3.006500,60.000000
3.006600,60.000000
3.006700,60.000000
3.006800,60.000000
3.006900,60.000000
3.007000,60.000000
3.007100,60.000000
3.007200,60.000000
3.007300,60.000000
3.007400,60.000000
3.007500,60.000000
3.007600,60.000000
3.007700,60.000000
3.007800,60.000000
3.007900,60.000000
3.008000,60.000000
3.008100,60.000000
3.008200,60.000000
3.008300,60.000000
3.008400,60.000000
3.008500,60.000000
3.008600,60.000000
3.008700,60.000000
3.008800,60.000000
3.008900,60.000000
3.009000,60.000000
3.009100,60.000000
3.009200,60.000000
3.009300,60.000000
3.009400,60.000000
3.009500,60.000000
3.009600,60.000000
3.009700,60.000000
3.009800,60.000000
3.009900,60.000000
3.010000,60.000000
3.010100,60.000000
3.010200,60.000000
3.010300,60.000000
3.010400,60.000000
3.010500,60.000000
3.010600,60.000000
3.010700,60.000000
3.010800,60.000000
3.010900,60.000000
3.011000,60.000000
3.011100,60.000000
3.011200,60.000000
3.011300,60.000000
3.011400,60.000000
3.011500,60.000000
3.011600,60.000000
3.011700,60.000000
3.011800,60.000000
3.011900,60.000000
3.012000,60.000000
3.012100,60.000000
3.012200,60.000000
3.012300,60.000000
3.012400,60.000000
3.012500,60.000000
3.012600,60.000000
3.012700,60.000000
3.012800,60.000000
3.012900,60.000000
3.013000,60.000000
3.013100,60.000000
3.013200,60.000000
3.013300,60.000000
3.013400,60.000000
3.013500,60.000000
3.013600,60.000000
3.013700,60.000000
3.013800,60.000000
3.013900,60.000000
3.014000,60.000000
3.014100,60.000000
3.014200,60.000000
3.014300,60.000000
3.014400,60.000000
3.014500,60.000000
3.014600,60.000000
3.014700,60.000000
3.014800,60.000000
3.014900,60.000000
3.015000,60.000000
3.015100,60.000000
3.015200,60.000000
3.015300,60.000000
3.015400,60.000000
3.015500,60.000000
3.015600,60.000000
3.015700,60.000000
3.015800,60.000000
3.015900,60.000000
3.016000,60.000000
3.016100,60.000000
3.016200,60.000000
3.016300,60.000000
3.016400,60.000000
3.016500,60.000000
3.016600,60.000000
3.016700,60.000000
3.016800,60.000000
3.016900,60.000000
3.017000,60.000000
3.017100,60.000000
3.017200,60.000000
3.017300,60.000000
3.017400,60.000000
3.017500,60.000000
3.017600,60.000000
3.017700,60.000000
3.017800,60.000000
3.017900,60.000000
3.018000,60.000000
3.018100,60.000000
3.018200,60.000000
3.018300,60.000000
3.018400,60.000000
3.018500,60.000000
3.018600,60.000000
3.018700,60.000000
3.018800,60.000000
3.018900,60.000000
3.019000,60.000000
3.019100,60.000000
3.019200,60.000000
3.019300,60.000000
3.019400,60.000000
3.019500,60.000000
3.019600,60.000000
3.019700,60.000000
3.019800,60.000000
3.019900,60.000000
3.020000,60.000000
3.020100,60.000000
3.020200,60.000000
3.020300,60.000000
3.020400,60.000000
3.020500,60.000000
3.020600,60.000000
3.020700,60.000000
3.020800,60.000000
3.020900,60.000000
3.021000,60.000000
3.021100,60.000000
3.021200,60.000000
3.021300,60.000000
3.021400,60.000000
3.021500,60.000000
3.021600,60.000000
3.021700,60.000000
3.021800,60.000000
3.021900,60.000000
3.022000,60.000000
3.022100,60.000000
3.022200,60.000000
3.022300,60.000000
3.022400,60.000000
3.022500,60.000000
3.022600,60.000000
3.022700,60.000000
3.022800,60.000000
3.022900,60.000000
3.023000,60.000000
3.023100,60.000000
3.023200,60.000000
3.023300,60.000000
3.023400,60.000000
3.023500,60.000000
3.023600,60.000000
3.023700,60.000000
3.023800,60.000000
3.023900,60.000000
3.024000,60.000000
3.024100,60.000000
3.024200,60.000000
3.024300,60.000000
3.024400,60.000000
3.024500,60.000000
3.024600,60.000000
3.024700,60.000000
3.024800,60.000000
3.024900,60.000000
3.025000,60.000000
3.025100,60.000000
3.025200,60.000000
3.025300,60.000000
3.025400,60.000000
3.025500,60.000000
3.025600,60.000000
3.025700,60.000000
3.025800,60.000000
3.025900,60.000000
3.026000,60.000000
3.026100,60.000000
3.026200,60.000000
3.026300,60.000000
3.026400,60.000000
3.026500,60.000000
3.026600,60.000000
3.026700,60.000000
3.026800,60.000000
3.026900,60.000000
3.027000,60.000000
3.027100,60.000000
3.027200,60.000000
3.027300,60.000000
3.027400,60.000000
3.027500,60.000000
3.027600,60.000000
3.027700,60.000000
3.027800,60.000000
3.027900,60.000000
3.028000,60.000000
3.028100,60.000000
3.028200,60.000000
3.028300,60.000000
3.028400,60.000000
3.028500,60.000000
3.028600,60.000000
3.028700,60.000000
3.028800,60.000000
3.028900,60.000000
3.029000,60.000000
3.029100,60.000000
3.029200,60.000000
3.029300,60.000000
3.029400,60.000000
3.029500,60.000000
3.029600,60.000000
3.029700,60.000000
3.029800,60.000000
3.029900,60.000000
3.030000,60.000000
3.030100,60.000000
3.030200,60.000000
3.030300,60.000000
3.030400,60.000000
3.030500,60.000000
3.030600,60.000000
3.030700,60.000000
3.030800,60.000000
3.030900,60.000000
3.031000,60.000000
3.031100,60.000000
3.031200,60.000000
3.031300,60.000000
3.031400,60.000000
3.031500,60.000000
3.031600,60.000000
3.031700,60.000000
3.031800,60.000000
3.031900,60.000000
3.032000,60.000000
3.032100,60.000000
3.032200,60.000000
3.032300,60.000000
3.032400,60.000000
3.032500,60.000000
3.032600,60.000000
3.032700,60.000000
3.032800,60.000000
3.032900,60.000000
3.033000,60.000000
3.033100,60.000000
3.033200,60.000000
3.033300,60.000000
3.033400,60.000000
3.033500,60.000000
3.033600,60.000000
3.033700,60.000000
3.033800,60.000000
3.033900,60.000000
3.034000,60.000000
3.034100,60.000000
3.034200,60.000000
3.034300,60.000000
3.034400,60.000000
3.034500,60.000000
3.034600,60.000000
3.034700,60.000000
3.034800,60.000000
3.034900,60.000000
3.035000,60.000000
3.035100,60.000000
3.035200,60.000000
3.035300,60.000000
3.035400,60.000000
3.035500,60.000000
3.035600,60.000000
3.035700,60.000000
3.035800,60.000000
3.035900,60.000000
3.036000,60.000000
3.036100,60.000000
3.036200,60.000000
3.036300,60.000000
3.036400,60.000000
3.036500,60.000000
3.036600,60.000000
3.036700,60.000000
3.036800,60.000000
3.036900,60.000000
3.037000,60.000000
3.037100,60.000000
3.037200,60.000000
3.037300,60.000000
3.037400,60.000000
3.037500,60.000000
3.037600,60.000000
3.037700,60.000000
3.037800,60.000000
3.037900,60.000000
3.038000,60.000000
3.038100,60.000000
3.038200,60.000000
3.038300,60.000000
3.038400,60.000000
3.038500,60.000000
3.038600,60.000000
3.038700,60.000000
3.038800,60.000000
3.038900,60.000000
3.039000,60.000000
3.039100,60.000000
3.039200,60.000000
3.039300,60.000000
3.039400,60.000000
3.039500,60.000000
3.039600,60.000000
3.039700,60.000000
3.039800,60.000000
3.039900,60.000000
3.040000,60.000000
3.040100,60.000000
3.040200,60.000000
3.040300,60.000000
3.040400,60.000000
3.040500,60.000000
3.040600,60.000000
3.040700,60.000000
3.040800,60.000000
3.040900,60.000000
3.041000,60.000000
3.041100,60.000000
3.041200,60.000000
3.041300,60.000000
3.041400,60.000000
3.041500,60.000000
3.041600,60.000000
3.041700,60.000000
3.041800,60.000000
3.041900,60.000000
3.042000,60.000000
3.042100,60.000000
3.042200,60.000000
3.042300,60.000000
3.042400,60.000000
3.042500,60.000000
3.042600,60.000000
3.042700,60.000000
3.042800,60.000000
3.042900,60.000000
3.043000,60.000000
3.043100,60.000000
3.043200,60.000000
3.043300,60.000000
3.043400,60.000000
3.043500,60.000000
3.043600,60.000000
3.043700,60.000000
3.043800,60.000000
3.043900,60.000000
3.044000,60.000000
3.044100,60.000000
3.044200,60.000000
3.044300,60.000000
3.044400,60.000000
3.044500,60.000000
3.044600,60.000000
3.044700,60.000000
3.044800,60.000000
3.044900,60.000000
3.045000,60.000000
3.045100,60.000000
3.045200,60.000000
3.045300,60.000000
3.045400,60.000000
3.045500,60.000000
3.045600,60.000000
3.045700,60.000000
3.045800,60.000000
3.045900,60.000000
3.046000,60.000000
3.046100,60.000000
3.046200,60.000000
3.046300,60.000000
3.046400,60.000000
3.046500,60.000000
3.046600,60.000000
3.046700,60.000000
3.046800,60.000000
3.046900,60.000000
3.047000,60.000000
3.047100,60.000000
3.047200,60.000000
3.047300,60.000000
3.047400,60.000000
3.047500,60.000000
3.047600,60.000000
3.047700,60.000000
3.047800,60.000000
3.047900,60.000000
3.048000,60.000000
3.048100,60.000000
3.048200,60.000000
3.048300,60.000000
3.048400,60.000000
3.048500,60.000000
3.048600,60.000000
3.048700,60.000000
3.048800,60.000000
3.048900,60.000000
3.049000,60.000000
3.049100,60.000000
3.049200,60.000000
3.049300,60.000000
3.049400,60.000000
3.049500,60.000000
3.049600,60.000000
3.049700,60.000000
3.049800,60.000000
3.049900,60.000000
3.050000,60.000000
3.050100,60.000000
3.050200,60.000000
3.050300,60.000000
3.050400,60.000000
3.050500,60.000000
3.050600,60.000000
3.050700,60.000000
3.050800,60.000000
3.050900,60.000000
3.051000,60.000000
3.051100,60.000000
3.051200,60.000000
3.051300,60.000000
3.051400,60.000000
3.051500,60.000000
3.051600,60.000000
3.051700,60.000000
3.051800,60.000000
3.051900,60.000000
3.052000,60.000000
3.052100,60.000000
3.052200,60.000000
3.052300,60.000000
3.052400,60.000000
3.052500,60.000000
3.052600,60.000000
3.052700,60.000000
3.052800,60.000000
3.052900,60.000000
3.053000,60.000000
3.053100,60.000000
3.053200,60.000000
3.053300,60.000000
3.053400,60.000000
3.053500,60.000000
3.053600,60.000000
3.053700,60.000000
3.053800,60.000000
3.053900,60.000000
3.054000,60.000000
3.054100,60.000000
3.054200,60.000000
3.054300,60.000000
3.054400,60.000000
3.054500,60.000000
3.054600,60.000000
3.054700,60.000000
3.054800,60.000000
3.054900,60.000000
3.055000,60.000000
3.055100,60.000000
3.055200,60.000000
3.055300,60.000000
3.055400,60.000000
3.055500,60.000000
3.055600,60.000000
3.055700,60.000000
3.055800,60.000000
3.055900,60.000000
3.056000,60.000000
3.056100,60.000000
3.056200,60.000000
3.056300,60.000000
3.056400,60.000000
3.056500,60.000000
3.056600,60.000000
3.056700,60.000000
3.056800,60.000000
3.056900,60.000000
3.057000,60.000000
3.057100,60.000000
3.057200,60.000000
3.057300,60.000000
3.057400,60.000000
3.057500,60.000000
3.057600,60.000000
3.057700,60.000000
3.057800,60.000000
3.057900,60.000000
3.058000,60.000000
3.058100,60.000000
3.058200,60.000000
3.058300,60.000000
3.058400,60.000000
3.058500,60.000000
3.058600,60.000000
3.058700,60.000000
3.058800,60.000000
3.058900,60.000000
3.059000,60.000000
3.059100,60.000000
3.059200,60.000000
3.059300,60.000000
3.059400,60.000000
3.059500,60.000000
3.059600,60.000000
3.059700,60.000000
3.059800,60.000000
3.059900,60.000000
3.060000,60.000000
3.060100,60.000000
3.060200,60.000000
3.060300,60.000000
3.060400,60.000000
3.060500,60.000000
3.060600,60.000000
3.060700,60.000000
3.060800,60.000000
3.060900,60.000000
3.061000,60.000000
3.061100,60.000000
3.061200,60.000000
3.061300,60.000000
3.061400,60.000000
3.061500,60.000000
3.061600,60.000000
3.061700,60.000000
3.061800,60.000000
3.061900,60.000000
3.062000,60.000000
3.062100,60.000000
3.062200,60.000000
3.062300,60.000000
3.062400,60.000000
3.062500,60.000000
3.062600,60.000000
3.062700,60.000000
3.062800,60.000000
3.062900,60.000000
3.063000,60.000000
3.063100,60.000000
3.063200,60.000000
3.063300,60.000000
3.063400,60.000000
3.063500,60.000000
3.063600,60.000000
3.063700,60.000000
3.063800,60.000000
3.063900,60.000000
3.064000,60.000000
3.064100,60.000000
3.064200,60.000000
3.064300,60.000000
3.064400,60.000000
3.064500,60.000000
3.064600,60.000000
3.064700,60.000000
3.064800,60.000000
3.064900,60.000000
3.065000,60.000000
3.065100,60.000000
3.065200,60.000000
3.065300,60.000000
3.065400,60.000000
3.065500,60.000000
3.065600,60.000000
3.065700,60.000000
3.065800,60.000000
3.065900,60.000000
3.066000,60.000000
3.066100,60.000000
3.066200,60.000000
3.066300,60.000000
3.066400,60.000000
3.066500,60.000000
3.066600,60.000000
3.066700,60.000000
3.066800,60.000000
3.066900,60.000000
3.067000,60.000000
3.067100,60.000000
3.067200,60.000000
3.067300,60.000000
3.067400,60.000000
3.067500,60.000000
3.067600,60.000000
3.067700,60.000000
3.067800,60.000000
3.067900,60.000000
3.068000,60.000000
3.068100,60.000000
3.068200,60.000000
3.068300,60.000000
3.068400,60.000000
3.068500,60.000000
3.068600,60.000000
3.068700,60.000000
3.068800,60.000000
3.068900,60.000000
3.069000,60.000000
3.069100,60.000000
3.069200,60.000000
3.069300,60.000000
3.069400,60.000000
3.069500,60.000000
3.069600,60.000000
3.069700,60.000000
3.069800,60.000000
3.069900,60.000000
3.070000,60.000000
3.070100,60.000000
3.070200,60.000000
3.070300,60.000000
3.070400,60.000000
3.070500,60.000000
3.070600,60.000000
3.070700,60.000000
3.070800,60.000000
3.070900,60.000000
3.071000,60.000000
3.071100,60.000000
3.071200,60.000000
3.071300,60.000000
3.071400,60.000000
3.071500,60.000000
3.071600,60.000000
3.071700,60.000000
3.071800,60.000000
3.071900,60.000000
3.072000,60.000000
3.072100,60.000000
3.072200,60.000000
3.072300,60.000000
3.072400,60.000000
3.072500,60.000000
3.072600,60.000000
3.072700,60.000000
3.072800,60.000000
3.072900,60.000000
3.073000,60.000000
3.073100,60.000000
3.073200,60.000000
3.073300,60.000000
3.073400,60.000000
3.073500,60.000000
3.073600,60.000000
3.073700,60.000000
3.073800,60.000000
3.073900,60.000000
3.074000,60.000000
3.074100,60.000000
3.074200,60.000000
3.074300,60.000000
3.074400,60.000000
3.074500,60.000000
3.074600,60.000000
3.074700,60.000000
3.074800,60.000000
3.074900,60.000000
3.075000,60.000000
3.075100,60.000000
3.075200,60.000000
3.075300,60.000000
3.075400,60.000000
3.075500,60.000000
3.075600,60.000000
3.075700,60.000000
3.075800,60.000000
3.075900,60.000000
3.076000,60.000000
3.076100,60.000000
3.076200,60.000000
3.076300,60.000000
3.076400,60.000000
3.076500,60.000000
3.076600,60.000000
3.076700,60.000000
3.076800,60.000000
3.076900,60.000000
3.077000,60.000000
3.077100,60.000000
3.077200,60.000000
3.077300,60.000000
3.077400,60.000000
3.077500,60.000000
3.077600,60.000000
3.077700,60.000000
3.077800,60.000000
3.077900,60.000000
3.078000,60.000000
3.078100,60.000000
3.078200,60.000000
3.078300,60.000000
3.078400,60.000000
3.078500,60.000000
3.078600,60.000000
3.078700,60.000000
3.078800,60.000000
3.078900,60.000000
3.079000,60.000000
3.079100,60.000000
3.079200,60.000000
3.079300,60.000000
3.079400,60.000000
3.079500,60.000000
3.079600,60.000000
3.079700,60.000000
3.079800,60.000000
3.079900,60.000000
3.080000,60.000000
3.080100,60.000000
3.080200,60.000000
3.080300,60.000000
3.080400,60.000000
3.080500,60.000000
3.080600,60.000000
3.080700,60.000000
3.080800,60.000000
3.080900,60.000000
3.081000,60.000000
3.081100,60.000000
3.081200,60.000000
3.081300,60.000000
3.081400,60.000000
3.081500,60.000000
3.081600,60.000000
3.081700,60.000000
3.081800,60.000000
3.081900,60.000000
3.082000,60.000000
3.082100,60.000000
3.082200,60.000000
3.082300,60.000000
3.082400,60.000000
3.082500,60.000000
3.082600,60.000000
3.082700,60.000000
3.082800,60.000000
3.082900,60.000000
3.083000,60.000000
3.083100,60.000000
3.083200,60.000000
3.083300,60.000000
3.083400,60.000000
3.083500,60.000000
3.083600,60.000000
3.083700,60.000000
3.083800,60.000000
3.083900,60.000000
3.084000,60.000000
3.084100,60.000000
3.084200,60.000000
3.084300,60.000000
3.084400,60.000000
3.084500,60.000000
3.084600,60.000000
3.084700,60.000000
3.084800,60.000000
3.084900,60.000000
3.085000,60.000000
3.085100,60.000000
3.085200,60.000000
3.085300,60.000000
3.085400,60.000000
3.085500,60.000000
3.085600,60.000000
3.085700,60.000000
3.085800,60.000000
3.085900,60.000000
3.086000,60.000000
3.086100,60.000000
3.086200,60.000000
3.086300,60.000000
3.086400,60.000000
3.086500,60.000000
3.086600,60.000000
3.086700,60.000000
3.086800,60.000000
3.086900,60.000000
3.087000,60.000000
3.087100,60.000000
3.087200,60.000000
3.087300,60.000000
3.087400,60.000000
3.087500,60.000000
3.087600,60.000000
3.087700,60.000000
3.087800,60.000000
3.087900,60.000000
3.088000,60.000000
3.088100,60.000000
3.088200,60.000000
3.088300,60.000000
3.088400,60.000000
3.088500,60.000000
3.088600,60.000000
3.088700,60.000000
3.088800,60.000000
3.088900,60.000000
3.089000,60.000000
3.089100,60.000000
3.089200,60.000000
3.089300,60.000000
3.089400,60.000000
3.089500,60.000000
3.089600,60.000000
3.089700,60.000000
3.089800,60.000000
3.089900,60.000000
3.090000,60.000000
3.090100,60.000000
3.090200,60.000000
3.090300,60.000000
3.090400,60.000000
3.090500,60.000000
3.090600,60.000000
3.090700,60.000000
3.090800,60.000000
3.090900,60.000000
3.091000,60.000000
3.091100,60.000000
3.091200,60.000000
3.091300,60.000000
3.091400,60.000000
3.091500,60.000000
3.091600,60.000000
3.091700,60.000000
3.091800,60.000000
3.091900,60.000000
3.092000,60.000000
3.092100,60.000000
3.092200,60.000000
3.092300,60.000000
3.092400,60.000000
3.092500,60.000000
3.092600,60.000000
3.092700,60.000000
3.092800,60.000000
3.092900,60.000000
3.093000,60.000000
3.093100,60.000000
3.093200,60.000000
3.093300,60.000000
3.093400,60.000000
3.093500,60.000000
3.093600,60.000000
3.093700,60.000000
3.093800,60.000000
3.093900,60.000000
3.094000,60.000000
3.094100,60.000000
3.094200,60.000000
3.094300,60.000000
3.094400,60.000000
3.094500,60.000000
3.094600,60.000000
3.094700,60.000000
3.094800,60.000000
3.094900,60.000000
3.095000,60.000000
3.095100,60.000000
3.095200,60.000000
3.095300,60.000000
3.095400,60.000000
3.095500,60.000000
3.095600,60.000000
3.095700,60.000000
3.095800,60.000000
3.095900,60.000000
3.096000,60.000000
3.096100,60.000000
3.096200,60.000000
3.096300,60.000000
3.096400,60.000000
3.096500,60.000000
3.096600,60.000000
3.096700,60.000000
3.096800,60.000000
3.096900,60.000000
3.097000,60.000000
3.097100,60.000000
3.097200,60.000000
3.097300,60.000000
3.097400,60.000000
3.097500,60.000000
3.097600,60.000000
3.097700,60.000000
3.097800,60.000000
3.097900,60.000000
3.098000,60.000000
3.098100,60.000000
3.098200,60.000000
3.098300,60.000000
3.098400,60.000000
3.098500,60.000000
3.098600,60.000000
3.098700,60.000000
3.098800,60.000000
3.098900,60.000000
3.099000,60.000000
3.099100,60.000000
3.099200,60.000000
3.099300,60.000000
3.099400,60.000000
3.099500,60.000000
3.099600,60.000000
3.099700,60.000000
3.099800,60.000000
3.099900,60.000000
3.100000,60.000000
3.100100,60.000000
3.100200,60.000000
3.100300,60.000000
3.100400,60.000000
3.100500,60.000000
3.100600,60.000000
3.100700,60.000000
3.100800,60.000000
3.100900,60.000000
3.101000,60.000000
3.101100,60.000000
3.101200,60.000000
3.101300,60.000000
3.101400,60.000000
3.101500,60.000000
3.101600,60.000000
3.101700,60.000000
3.101800,60.000000
3.101900,60.000000
3.102000,60.000000
3.102100,60.000000
3.102200,60.000000
3.102300,60.000000
3.102400,60.000000
3.102500,60.000000
3.102600,60.000000
3.102700,60.000000
3.102800,60.000000
3.102900,60.000000
3.103000,60.000000
3.103100,60.000000
3.103200,60.000000
3.103300,60.000000
3.103400,60.000000
3.103500,60.000000
3.103600,60.000000
3.103700,60.000000
3.103800,60.000000
3.103900,60.000000
3.104000,60.000000
3.104100,60.000000
3.104200,60.000000
3.104300,60.000000
3.104400,60.000000
3.104500,60.000000
3.104600,60.000000
3.104700,60.000000
3.104800,60.000000
3.104900,60.000000
3.105000,60.000000
3.105100,60.000000
3.105200,60.000000
3.105300,60.000000
3.105400,60.000000
3.105500,60.000000
3.105600,60.000000
3.105700,60.000000
3.105800,60.000000
3.105900,60.000000
3.106000,60.000000
3.106100,60.000000
3.106200,60.000000
3.106300,60.000000
3.106400,60.000000
3.106500,60.000000
3.106600,60.000000
3.106700,60.000000
3.106800,60.000000
3.106900,60.000000
3.107000,60.000000
3.107100,60.000000
3.107200,60.000000
3.107300,60.000000
3.107400,60.000000
3.107500,60.000000
3.107600,60.000000
3.107700,60.000000
3.107800,60.000000
3.107900,60.000000
3.108000,60.000000
3.108100,60.000000
3.108200,60.000000
3.108300,60.000000
3.108400,60.000000
3.108500,60.000000
3.108600,60.000000
3.108700,60.000000
3.108800,60.000000
3.108900,60.000000
3.109000,60.000000
3.109100,60.000000
3.109200,60.000000
3.109300,60.000000
3.109400,60.000000
3.109500,60.000000
3.109600,60.000000
3.109700,60.000000
3.109800,60.000000
3.109900,60.000000
3.110000,60.000000
3.110100,60.000000
3.110200,60.000000
3.110300,60.000000
3.110400,60.000000
3.110500,60.000000
3.110600,60.000000
3.110700,60.000000
3.110800,60.000000
3.110900,60.000000
3.111000,60.000000
3.111100,60.000000
3.111200,60.000000
3.111300,60.000000
3.111400,60.000000
3.111500,60.000000
3.111600,60.000000
3.111700,60.000000
3.111800,60.000000
3.111900,60.000000
3.112000,60.000000
3.112100,60.000000
3.112200,60.000000
3.112300,60.000000
3.112400,60.000000
3.112500,60.000000
3.112600,60.000000
3.112700,60.000000
3.112800,60.000000
3.112900,60.000000
3.113000,60.000000
3.113100,60.000000
3.113200,60.000000
3.113300,60.000000
3.113400,60.000000
3.113500,60.000000
3.113600,60.000000
3.113700,60.000000
3.113800,60.000000
3.113900,60.000000
3.114000,60.000000
3.114100,60.000000
3.114200,60.000000
3.114300,60.000000
3.114400,60.000000
3.114500,60.000000
3.114600,60.000000
3.114700,60.000000
3.114800,60.000000
3.114900,60.000000
3.115000,60.000000
3.115100,60.000000
3.115200,60.000000
3.115300,60.000000
3.115400,60.000000
3.115500,60.000000
3.115600,60.000000
3.115700,60.000000
3.115800,60.000000
3.115900,60.000000
3.116000,60.000000
3.116100,60.000000
3.116200,60.000000
3.116300,60.000000
3.116400,60.000000
3.116500,60.000000
3.116600,60.000000
3.116700,60.000000
3.116800,60.000000
3.116900,60.000000
3.117000,60.000000
3.117100,60.000000
3.117200,60.000000
3.117300,60.000000
3.117400,60.000000
3.117500,60.000000
3.117600,60.000000
3.117700,60.000000
3.117800,60.000000
3.117900,60.000000
3.118000,60.000000
3.118100,60.000000
3.118200,60.000000
3.118300,60.000000
3.118400,60.000000
3.118500,60.000000
3.118600,60.000000
3.118700,60.000000
3.118800,60.000000
3.118900,60.000000
3.119000,60.000000
3.119100,60.000000
3.119200,60.000000
3.119300,60.000000
3.119400,60.000000
3.119500,60.000000
3.119600,60.000000
3.119700,60.000000
3.119800,60.000000
3.119900,60.000000
3.120000,60.000000
3.120100,60.000000
3.120200,60.000000
3.120300,60.000000
3.120400,60.000000
3.120500,60.000000
3.120600,60.000000
3.120700,60.000000
3.120800,60.000000
3.120900,60.000000
3.121000,60.000000
3.121100,60.000000
3.121200,60.000000
3.121300,60.000000
3.121400,60.000000
3.121500,60.000000
3.121600,60.000000
3.121700,60.000000
3.121800,60.000000
3.121900,60.000000
3.122000,60.000000
3.122100,60.000000
3.122200,60.000000
3.122300,60.000000
3.122400,60.000000
3.122500,60.000000
3.122600,60.000000
3.122700,60.000000
3.122800,60.000000
3.122900,60.000000
3.123000,60.000000
3.123100,60.000000
3.123200,60.000000
3.123300,60.000000
3.123400,60.000000
3.123500,60.000000
3.123600,60.000000
3.123700,60.000000
3.123800,60.000000
3.123900,60.000000
3.124000,60.000000
3.124100,60.000000
3.124200,60.000000
3.124300,60.000000
3.124400,60.000000
3.124500,60.000000
3.124600,60.000000
3.124700,60.000000
3.124800,60.000000
3.124900,60.000000
3.125000,60.000000
3.125100,60.000000
3.125200,60.000000
3.125300,60.000000
3.125400,60.000000
3.125500,60.000000
3.125600,60.000000
3.125700,60.000000
3.125800,60.000000
3.125900,60.000000
3.126000,60.000000
3.126100,60.000000
3.126200,60.000000
3.126300,60.000000
3.126400,60.000000
3.126500,60.000000
3.126600,60.000000
3.126700,60.000000
3.126800,60.000000
3.126900,60.000000
3.127000,60.000000
3.127100,60.000000
3.127200,60.000000
3.127300,60.000000
3.127400,60.000000
3.127500,60.000000
3.127600,60.000000
3.127700,60.000000
3.127800,60.000000
3.127900,60.000000
3.128000,60.000000
3.128100,60.000000
3.128200,60.000000
3.128300,60.000000
3.128400,60.000000
3.128500,60.000000
3.128600,60.000000
3.128700,60.000000
3.128800,60.000000
3.128900,60.000000
3.129000,60.000000
3.129100,60.000000
3.129200,60.000000
3.129300,60.000000
3.129400,60.000000
3.129500,60.000000
3.129600,60.000000
3.129700,60.000000
3.129800,60.000000
3.129900,60.000000
3.130000,60.000000
3.130100,60.000000
3.130200,60.000000
3.130300,60.000000
3.130400,60.000000
3.130500,60.000000
3.130600,60.000000
3.130700,60.000000
3.130800,60.000000
3.130900,60.000000
3.131000,60.000000
3.131100,60.000000
3.131200,60.000000
3.131300,60.000000
3.131400,60.000000
3.131500,60.000000
3.131600,60.000000
3.131700,60.000000
3.131800,60.000000
3.131900,60.000000
3.132000,60.000000
3.132100,60.000000
3.132200,60.000000
3.132300,60.000000
3.132400,60.000000
3.132500,60.000000
3.132600,60.000000
3.132700,60.000000
3.132800,60.000000
3.132900,60.000000
3.133000,60.000000
3.133100,60.000000
3.133200,60.000000
3.133300,60.000000
3.133400,60.000000
3.133500,60.000000
3.133600,60.000000
3.133700,60.000000
3.133800,60.000000
3.133900,60.000000
3.134000,60.000000
3.134100,60.000000
3.134200,60.000000
3.134300,60.000000
3.134400,60.000000
3.134500,60.000000
3.134600,60.000000
3.134700,60.000000
3.134800,60.000000
3.134900,60.000000
3.135000,60.000000
3.135100,60.000000
3.135200,60.000000
3.135300,60.000000
3.135400,60.000000
3.135500,60.000000
3.135600,60.000000
3.135700,60.000000
3.135800,60.000000
3.135900,60.000000
3.136000,60.000000
3.136100,60.000000
3.136200,60.000000
3.136300,60.000000
3.136400,60.000000
3.136500,60.000000
3.136600,60.000000
3.136700,60.000000
3.136800,60.000000
3.136900,60.000000
3.137000,60.000000
3.137100,60.000000
3.137200,60.000000
3.137300,60.000000
3.137400,60.000000
3.137500,60.000000
3.137600,60.000000
3.137700,60.000000
3.137800,60.000000
3.137900,60.000000
3.138000,60.000000
3.138100,60.000000
3.138200,60.000000
3.138300,60.000000
3.138400,60.000000
3.138500,60.000000
3.138600,60.000000
3.138700,60.000000
3.138800,60.000000
3.138900,60.000000
3.139000,60.000000
3.139100,60.000000
3.139200,60.000000
3.139300,60.000000
3.139400,60.000000
3.139500,60.000000
3.139600,60.000000
3.139700,60.000000
3.139800,60.000000
3.139900,60.000000
3.140000,60.000000
3.140100,60.000000
3.140200,60.000000
3.140300,60.000000
3.140400,60.000000
3.140500,60.000000
3.140600,60.000000
3.140700,60.000000
3.140800,60.000000
3.140900,60.000000
3.141000,60.000000
3.141100,60.000000
3.141200,60.000000
3.141300,60.000000
3.141400,60.000000
3.141500,60.000000
3.141600,60.000000
3.141700,60.000000
3.141800,60.000000
3.141900,60.000000
3.142000,60.000000
3.142100,60.000000
3.142200,60.000000
3.142300,60.000000
3.142400,60.000000
3.142500,60.000000
3.142600,60.000000
3.142700,60.000000
3.142800,60.000000
3.142900,60.000000
3.143000,60.000000
3.143100,60.000000
3.143200,60.000000
3.143300,60.000000
3.143400,60.000000
3.143500,60.000000
3.143600,60.000000
3.143700,60.000000
3.143800,60.000000
3.143900,60.000000
3.144000,60.000000
3.144100,60.000000
3.144200,60.000000
3.144300,60.000000
3.144400,60.000000
3.144500,60.000000
3.144600,60.000000
3.144700,60.000000
3.144800,60.000000
3.144900,60.000000
3.145000,60.000000
3.145100,60.000000
3.145200,60.000000
3.145300,60.000000
3.145400,60.000000
3.145500,60.000000
3.145600,60.000000
3.145700,60.000000
3.145800,60.000000
3.145900,60.000000
3.146000,60.000000
3.146100,60.000000
3.146200,60.000000
3.146300,60.000000
3.146400,60.000000
3.146500,60.000000
3.146600,60.000000
3.146700,60.000000
3.146800,60.000000
3.146900,60.000000
3.147000,60.000000
3.147100,60.000000
3.147200,60.000000
3.147300,60.000000
3.147400,60.000000
3.147500,60.000000
3.147600,60.000000
3.147700,60.000000
3.147800,60.000000
3.147900,60.000000
3.148000,60.000000
3.148100,60.000000
3.148200,60.000000
3.148300,60.000000
3.148400,60.000000
3.148500,60.000000
3.148600,60.000000
3.148700,60.000000
3.148800,60.000000
3.148900,60.000000
3.149000,60.000000
3.149100,60.000000
3.149200,60.000000
3.149300,60.000000
3.149400,60.000000
3.149500,60.000000
3.149600,60.000000
3.149700,60.000000
3.149800,60.000000
3.149900,60.000000
3.150000,60.000000
3.150100,60.000000
3.150200,60.000000
3.150300,60.000000
3.150400,60.000000
3.150500,60.000000
3.150600,60.000000
3.150700,60.000000
3.150800,60.000000
3.150900,60.000000
3.151000,60.000000
3.151100,60.000000
3.151200,60.000000
3.151300,60.000000
3.151400,60.000000
3.151500,60.000000
3.151600,60.000000
3.151700,60.000000
3.151800,60.000000
3.151900,60.000000
3.152000,60.000000
3.152100,60.000000
3.152200,60.000000
3.152300,60.000000
3.152400,60.000000
3.152500,60.000000
3.152600,60.000000
3.152700,60.000000
3.152800,60.000000
3.152900,60.000000
3.153000,60.000000
3.153100,60.000000
3.153200,60.000000
3.153300,60.000000
3.153400,60.000000
3.153500,60.000000
3.153600,60.000000
3.153700,60.000000
3.153800,60.000000
3.153900,60.000000
3.154000,60.000000
3.154100,60.000000
3.154200,60.000000
3.154300,60.000000
3.154400,60.000000
3.154500,60.000000
3.154600,60.000000
3.154700,60.000000
3.154800,60.000000
3.154900,60.000000
3.155000,60.000000
3.155100,60.000000
3.155200,60.000000
3.155300,60.000000
3.155400,60.000000
3.155500,60.000000
3.155600,60.000000
3.155700,60.000000
3.155800,60.000000
3.155900,60.000000
3.156000,60.000000
3.156100,60.000000
3.156200,60.000000
3.156300,60.000000
3.156400,60.000000
3.156500,60.000000
3.156600,60.000000
3.156700,60.000000
3.156800,60.000000
3.156900,60.000000
3.157000,60.000000
3.157100,60.000000
3.157200,60.000000
3.157300,60.000000
3.157400,60.000000
3.157500,60.000000
3.157600,60.000000
3.157700,60.000000
3.157800,60.000000
3.157900,60.000000
3.158000,60.000000
3.158100,60.000000
3.158200,60.000000
3.158300,60.000000
3.158400,60.000000
3.158500,60.000000
3.158600,60.000000
3.158700,60.000000
3.158800,60.000000
3.158900,60.000000
3.159000,60.000000
3.159100,60.000000
3.159200,60.000000
3.159300,60.000000
3.159400,60.000000
3.159500,60.000000
3.159600,60.000000
3.159700,60.000000
3.159800,60.000000
3.159900,60.000000
3.160000,60.000000
3.160100,60.000000
3.160200,60.000000
3.160300,60.000000
3.160400,60.000000
3.160500,60.000000
3.160600,60.000000
3.160700,60.000000
3.160800,60.000000
3.160900,60.000000
3.161000,60.000000
3.161100,60.000000
3.161200,60.000000
3.161300,60.000000
3.161400,60.000000
3.161500,60.000000
3.161600,60.000000
3.161700,60.000000
3.161800,60.000000
3.161900,60.000000
3.162000,60.000000
3.162100,60.000000
3.162200,60.000000
3.162300,60.000000
3.162400,60.000000
3.162500,60.000000
3.162600,60.000000
3.162700,60.000000
3.162800,60.000000
3.162900,60.000000
3.163000,60.000000
3.163100,60.000000
3.163200,60.000000
3.163300,60.000000
3.163400,60.000000
3.163500,60.000000
3.163600,60.000000
3.163700,60.000000
3.163800,60.000000
3.163900,60.000000
3.164000,60.000000
3.164100,60.000000
3.164200,60.000000
3.164300,60.000000
3.164400,60.000000
3.164500,60.000000
3.164600,60.000000
3.164700,60.000000
3.164800,60.000000
3.164900,60.000000
3.165000,60.000000
3.165100,60.000000
3.165200,60.000000
3.165300,60.000000
3.165400,60.000000
3.165500,60.000000
3.165600,60.000000
3.165700,60.000000
3.165800,60.000000
3.165900,60.000000
3.166000,60.000000
3.166100,60.000000
3.166200,60.000000
3.166300,60.000000
3.166400,60.000000
3.166500,60.000000
3.166600,60.000000
3.166700,60.000000
3.166800,60.000000
3.166900,60.000000
3.167000,60.000000
3.167100,60.000000
3.167200,60.000000
3.167300,60.000000
3.167400,60.000000
3.167500,60.000000
3.167600,60.000000
3.167700,60.000000
3.167800,60.000000
3.167900,60.000000
3.168000,60.000000
3.168100,60.000000
3.168200,60.000000
3.168300,60.000000
3.168400,60.000000
3.168500,60.000000
3.168600,60.000000
3.168700,60.000000
3.168800,60.000000
3.168900,60.000000
3.169000,60.000000
3.169100,60.000000
3.169200,60.000000
3.169300,60.000000
3.169400,60.000000
3.169500,60.000000
3.169600,60.000000
3.169700,60.000000
3.169800,60.000000
3.169900,60.000000
3.170000,60.000000
3.170100,60.000000
3.170200,60.000000
3.170300,60.000000
3.170400,60.000000
3.170500,60.000000
3.170600,60.000000
3.170700,60.000000
3.170800,60.000000
3.170900,60.000000
3.171000,60.000000
3.171100,60.000000
3.171200,60.000000
3.171300,60.000000
3.171400,60.000000
3.171500,60.000000
3.171600,60.000000
3.171700,60.000000
3.171800,60.000000
3.171900,60.000000
3.172000,60.000000
3.172100,60.000000
3.172200,60.000000
3.172300,60.000000
3.172400,60.000000
3.172500,60.000000
3.172600,60.000000
3.172700,60.000000
3.172800,60.000000
3.172900,60.000000
3.173000,60.000000
3.173100,60.000000
3.173200,60.000000
3.173300,60.000000
3.173400,60.000000
3.173500,60.000000
3.173600,60.000000
3.173700,60.000000
3.173800,60.000000
3.173900,60.000000
3.174000,60.000000
3.174100,60.000000
3.174200,60.000000
3.174300,60.000000
3.174400,60.000000
3.174500,60.000000
3.174600,60.000000
3.174700,60.000000
3.174800,60.000000
3.174900,60.000000
3.175000,60.000000
3.175100,60.000000
3.175200,60.000000
3.175300,60.000000
3.175400,60.000000
3.175500,60.000000
3.175600,60.000000
3.175700,60.000000
3.175800,60.000000
3.175900,60.000000
3.176000,60.000000
3.176100,60.000000
3.176200,60.000000
3.176300,60.000000
3.176400,60.000000
3.176500,60.000000
3.176600,60.000000
3.176700,60.000000
3.176800,60.000000
3.176900,60.000000
3.177000,60.000000
3.177100,60.000000
3.177200,60.000000
3.177300,60.000000
3.177400,60.000000
3.177500,60.000000
3.177600,60.000000
3.177700,60.000000
3.177800,60.000000
3.177900,60.000000
3.178000,60.000000
3.178100,60.000000
3.178200,60.000000
3.178300,60.000000
3.178400,60.000000
3.178500,60.000000
3.178600,60.000000
3.178700,60.000000
3.178800,60.000000
3.178900,60.000000
3.179000,60.000000
3.179100,60.000000
3.179200,60.000000
3.179300,60.000000
3.179400,60.000000
3.179500,60.000000
3.179600,60.000000
3.179700,60.000000
3.179800,60.000000
3.179900,60.000000
3.180000,60.000000
3.180100,60.000000
3.180200,60.000000
3.180300,60.000000
3.180400,60.000000
3.180500,60.000000
3.180600,60.000000
3.180700,60.000000
3.180800,60.000000
3.180900,60.000000
3.181000,60.000000
3.181100,60.000000
3.181200,60.000000
3.181300,60.000000
3.181400,60.000000
3.181500,60.000000
3.181600,60.000000
3.181700,60.000000
3.181800,60.000000
3.181900,60.000000
3.182000,60.000000
3.182100,60.000000
3.182200,60.000000
3.182300,60.000000
3.182400,60.000000
3.182500,60.000000
3.182600,60.000000
3.182700,60.000000
3.182800,60.000000
3.182900,60.000000
3.183000,60.000000
3.183100,60.000000
3.183200,60.000000
3.183300,60.000000
3.183400,60.000000
3.183500,60.000000
3.183600,60.000000
3.183700,60.000000
3.183800,60.000000
3.183900,60.000000
3.184000,60.000000
3.184100,60.000000
3.184200,60.000000
3.184300,60.000000
3.184400,60.000000
3.184500,60.000000
3.184600,60.000000
3.184700,60.000000
3.184800,60.000000
3.184900,60.000000
3.185000,60.000000
3.185100,60.000000
3.185200,60.000000
3.185300,60.000000
3.185400,60.000000
3.185500,60.000000
3.185600,60.000000
3.185700,60.000000
3.185800,60.000000
3.185900,60.000000
3.186000,60.000000
3.186100,60.000000
3.186200,60.000000
3.186300,60.000000
3.186400,60.000000
3.186500,60.000000
3.186600,60.000000
3.186700,60.000000
3.186800,60.000000
3.186900,60.000000
3.187000,60.000000
3.187100,60.000000
3.187200,60.000000
3.187300,60.000000
3.187400,60.000000
3.187500,60.000000
3.187600,60.000000
3.187700,60.000000
3.187800,60.000000
3.187900,60.000000
3.188000,60.000000
3.188100,60.000000
3.188200,60.000000
3.188300,60.000000
3.188400,60.000000
3.188500,60.000000
3.188600,60.000000
3.188700,60.000000
3.188800,60.000000
3.188900,60.000000
3.189000,60.000000
3.189100,60.000000
3.189200,60.000000
3.189300,60.000000
3.189400,60.000000
3.189500,60.000000
3.189600,60.000000
3.189700,60.000000
3.189800,60.000000
3.189900,60.000000
3.190000,60.000000
3.190100,60.000000
3.190200,60.000000
3.190300,60.000000
3.190400,60.000000
3.190500,60.000000
3.190600,60.000000
3.190700,60.000000
3.190800,60.000000
3.190900,60.000000
3.191000,60.000000
3.191100,60.000000
3.191200,60.000000
3.191300,60.000000
3.191400,60.000000
3.191500,60.000000
3.191600,60.000000
3.191700,60.000000
3.191800,60.000000
3.191900,60.000000
3.192000,60.000000
3.192100,60.000000
3.192200,60.000000
3.192300,60.000000
3.192400,60.000000
3.192500,60.000000
3.192600,60.000000
3.192700,60.000000
3.192800,60.000000
3.192900,60.000000
3.193000,60.000000
3.193100,60.000000
3.193200,60.000000
3.193300,60.000000
3.193400,60.000000
3.193500,60.000000
3.193600,60.000000
3.193700,60.000000
3.193800,60.000000
3.193900,60.000000
3.194000,60.000000
3.194100,60.000000
3.194200,60.000000
3.194300,60.000000
3.194400,60.000000
3.194500,60.000000
3.194600,60.000000
3.194700,60.000000
3.194800,60.000000
3.194900,60.000000
3.195000,60.000000
3.195100,60.000000
3.195200,60.000000
3.195300,60.000000
3.195400,60.000000
3.195500,60.000000
3.195600,60.000000
3.195700,60.000000
3.195800,60.000000
3.195900,60.000000
3.196000,60.000000
3.196100,60.000000
3.196200,60.000000
3.196300,60.000000
3.196400,60.000000
3.196500,60.000000
3.196600,60.000000
3.196700,60.000000
3.196800,60.000000
3.196900,60.000000
3.197000,60.000000
3.197100,60.000000
3.197200,60.000000
3.197300,60.000000
3.197400,60.000000
3.197500,60.000000
3.197600,60.000000
3.197700,60.000000
3.197800,60.000000
3.197900,60.000000
3.198000,60.000000
3.198100,60.000000
3.198200,60.000000
3.198300,60.000000
3.198400,60.000000
3.198500,60.000000
3.198600,60.000000
3.198700,60.000000
3.198800,60.000000
3.198900,60.000000
3.199000,60.000000
3.199100,60.000000
3.199200,60.000000
3.199300,60.000000
3.199400,60.000000
3.199500,60.000000
3.199600,60.000000
3.199700,60.000000
3.199800,60.000000
3.199900,60.000000
3.200000,60.000000
3.200100,60.000000
3.200200,60.000000
3.200300,60.000000
3.200400,60.000000
3.200500,60.000000
3.200600,60.000000
3.200700,60.000000
3.200800,60.000000
3.200900,60.000000
3.201000,60.000000
3.201100,60.000000
3.201200,60.000000
3.201300,60.000000
3.201400,60.000000
3.201500,60.000000
3.201600,60.000000
3.201700,60.000000
3.201800,60.000000
3.201900,60.000000
3.202000,60.000000
3.202100,60.000000
3.202200,60.000000
3.202300,60.000000
3.202400,60.000000
3.202500,60.000000
3.202600,60.000000
3.202700,60.000000
3.202800,60.000000
3.202900,60.000000
3.203000,60.000000
3.203100,60.000000
3.203200,60.000000
3.203300,60.000000
3.203400,60.000000
3.203500,60.000000
3.203600,60.000000
3.203700,60.000000
3.203800,60.000000
3.203900,60.000000
3.204000,60.000000
3.204100,60.000000
3.204200,60.000000
3.204300,60.000000
3.204400,60.000000
3.204500,60.000000
3.204600,60.000000
3.204700,60.000000
3.204800,60.000000
3.204900,60.000000
3.205000,60.000000
3.205100,60.000000
3.205200,60.000000
3.205300,60.000000
3.205400,60.000000
3.205500,60.000000
3.205600,60.000000
3.205700,60.000000
3.205800,60.000000
3.205900,60.000000
3.206000,60.000000
3.206100,60.000000
3.206200,60.000000
3.206300,60.000000
3.206400,60.000000
3.206500,60.000000
3.206600,60.000000
3.206700,60.000000
3.206800,60.000000
3.206900,60.000000
3.207000,60.000000
3.207100,60.000000
3.207200,60.000000
3.207300,60.000000
3.207400,60.000000
3.207500,60.000000
3.207600,60.000000
3.207700,60.000000
3.207800,60.000000
3.207900,60.000000
3.208000,60.000000
3.208100,60.000000
3.208200,60.000000
3.208300,60.000000
3.208400,60.000000
3.208500,60.000000
3.208600,60.000000
3.208700,60.000000
3.208800,60.000000
3.208900,60.000000
3.209000,60.000000
3.209100,60.000000
3.209200,60.000000
3.209300,60.000000
3.209400,60.000000
3.209500,60.000000
3.209600,60.000000
3.209700,60.000000
3.209800,60.000000
3.209900,60.000000
3.210000,60.000000
3.210100,60.000000
3.210200,60.000000
3.210300,60.000000
3.210400,60.000000
3.210500,60.000000
3.210600,60.000000
3.210700,60.000000
3.210800,60.000000
3.210900,60.000000
3.211000,60.000000
3.211100,60.000000
3.211200,60.000000
3.211300,60.000000
3.211400,60.000000
3.211500,60.000000
3.211600,60.000000
3.211700,60.000000
3.211800,60.000000
3.211900,60.000000
3.212000,60.000000
3.212100,60.000000
3.212200,60.000000
3.212300,60.000000
3.212400,60.000000
3.212500,60.000000
3.212600,60.000000
3.212700,60.000000
3.212800,60.000000
3.212900,60.000000
3.213000,60.000000
3.213100,60.000000
3.213200,60.000000
3.213300,60.000000
3.213400,60.000000
3.213500,60.000000
3.213600,60.000000
3.213700,60.000000
3.213800,60.000000
3.213900,60.000000
3.214000,60.000000
3.214100,60.000000
3.214200,60.000000
3.214300,60.000000
3.214400,60.000000
3.214500,60.000000
3.214600,60.000000
3.214700,60.000000
3.214800,60.000000
3.214900,60.000000
3.215000,60.000000
3.215100,60.000000
3.215200,60.000000
3.215300,60.000000
3.215400,60.000000
3.215500,60.000000
3.215600,60.000000
3.215700,60.000000
3.215800,60.000000
3.215900,60.000000
3.216000,60.000000
3.216100,60.000000
3.216200,60.000000
3.216300,60.000000
3.216400,60.000000
3.216500,60.000000
3.216600,60.000000
3.216700,60.000000
3.216800,60.000000
3.216900,60.000000
3.217000,60.000000
3.217100,60.000000
3.217200,60.000000
3.217300,60.000000
3.217400,60.000000
3.217500,60.000000
3.217600,60.000000
3.217700,60.000000
3.217800,60.000000
3.217900,60.000000
3.218000,60.000000
3.218100,60.000000
3.218200,60.000000
3.218300,60.000000
3.218400,60.000000
3.218500,60.000000
3.218600,60.000000
3.218700,60.000000
3.218800,60.000000
3.218900,60.000000
3.219000,60.000000
3.219100,60.000000
3.219200,60.000000
3.219300,60.000000
3.219400,60.000000
3.219500,60.000000
3.219600,60.000000
3.219700,60.000000
3.219800,60.000000
3.219900,60.000000
3.220000,60.000000
3.220100,60.000000
3.220200,60.000000
3.220300,60.000000
3.220400,60.000000
3.220500,60.000000
3.220600,60.000000
3.220700,60.000000
3.220800,60.000000
3.220900,60.000000
3.221000,60.000000
3.221100,60.000000
3.221200,60.000000
3.221300,60.000000
3.221400,60.000000
3.221500,60.000000
3.221600,60.000000
3.221700,60.000000
3.221800,60.000000
3.221900,60.000000
3.222000,60.000000
3.222100,60.000000
3.222200,60.000000
3.222300,60.000000
3.222400,60.000000
3.222500,60.000000
3.222600,60.000000
3.222700,60.000000
3.222800,60.000000
3.222900,60.000000
3.223000,60.000000
3.223100,60.000000
3.223200,60.000000
3.223300,60.000000
3.223400,60.000000
3.223500,60.000000
3.223600,60.000000
3.223700,60.000000
3.223800,60.000000
3.223900,60.000000
3.224000,60.000000
3.224100,60.000000
3.224200,60.000000
3.224300,60.000000
3.224400,60.000000
3.224500,60.000000
3.224600,60.000000
3.224700,60.000000
3.224800,60.000000
3.224900,60.000000
3.225000,60.000000
3.225100,60.000000
3.225200,60.000000
3.225300,60.000000
3.225400,60.000000
3.225500,60.000000
3.225600,60.000000
3.225700,60.000000
3.225800,60.000000
3.225900,60.000000
3.226000,60.000000
3.226100,60.000000
3.226200,60.000000
3.226300,60.000000
3.226400,60.000000
3.226500,60.000000
3.226600,60.000000
3.226700,60.000000
3.226800,60.000000
3.226900,60.000000
3.227000,60.000000
3.227100,60.000000
3.227200,60.000000
3.227300,60.000000
3.227400,60.000000
3.227500,60.000000
3.227600,60.000000
3.227700,60.000000
3.227800,60.000000
3.227900,60.000000
3.228000,60.000000
3.228100,60.000000
3.228200,60.000000
3.228300,60.000000
3.228400,60.000000
3.228500,60.000000
3.228600,60.000000
3.228700,60.000000
3.228800,60.000000
3.228900,60.000000
3.229000,60.000000
3.229100,60.000000
3.229200,60.000000
3.229300,60.000000
3.229400,60.000000
3.229500,60.000000
3.229600,60.000000
3.229700,60.000000
3.229800,60.000000
3.229900,60.000000
3.230000,60.000000
3.230100,60.000000
3.230200,60.000000
3.230300,60.000000
3.230400,60.000000
3.230500,60.000000
3.230600,60.000000
3.230700,60.000000
3.230800,60.000000
3.230900,60.000000
3.231000,60.000000
3.231100,60.000000
3.231200,60.000000
3.231300,60.000000
3.231400,60.000000
3.231500,60.000000
3.231600,60.000000
3.231700,60.000000
3.231800,60.000000
3.231900,60.000000
3.232000,60.000000
3.232100,60.000000
3.232200,60.000000
3.232300,60.000000
3.232400,60.000000
3.232500,60.000000
3.232600,60.000000
3.232700,60.000000
3.232800,60.000000
3.232900,60.000000
3.233000,60.000000
3.233100,60.000000
3.233200,60.000000
3.233300,60.000000
3.233400,60.000000
3.233500,60.000000
3.233600,60.000000
3.233700,60.000000
3.233800,60.000000
3.233900,60.000000
3.234000,60.000000
3.234100,60.000000
3.234200,60.000000
3.234300,60.000000
3.234400,60.000000
3.234500,60.000000
3.234600,60.000000
3.234700,60.000000
3.234800,60.000000
3.234900,60.000000
3.235000,60.000000
3.235100,60.000000
3.235200,60.000000
3.235300,60.000000
3.235400,60.000000
3.235500,60.000000
3.235600,60.000000
3.235700,60.000000
3.235800,60.000000
3.235900,60.000000
3.236000,60.000000
3.236100,60.000000
3.236200,60.000000
3.236300,60.000000
3.236400,60.000000
3.236500,60.000000
3.236600,60.000000
3.236700,60.000000
3.236800,60.000000
3.236900,60.000000
3.237000,60.000000
3.237100,60.000000
3.237200,60.000000
3.237300,60.000000
3.237400,60.000000
3.237500,60.000000
3.237600,60.000000
3.237700,60.000000
3.237800,60.000000
3.237900,60.000000
3.238000,60.000000
3.238100,60.000000
3.238200,60.000000
3.238300,60.000000
3.238400,60.000000
3.238500,60.000000
3.238600,60.000000
3.238700,60.000000
3.238800,60.000000
3.238900,60.000000
3.239000,60.000000
3.239100,60.000000
3.239200,60.000000
3.239300,60.000000
3.239400,60.000000
3.239500,60.000000
3.239600,60.000000
3.239700,60.000000
3.239800,60.000000
3.239900,60.000000
3.240000,60.000000
3.240100,60.000000
3.240200,60.000000
3.240300,60.000000
3.240400,60.000000
3.240500,60.000000
3.240600,60.000000
3.240700,60.000000
3.240800,60.000000
3.240900,60.000000
3.241000,60.000000
3.241100,60.000000
3.241200,60.000000
3.241300,60.000000
3.241400,60.000000
3.241500,60.000000
3.241600,60.000000
3.241700,60.000000
3.241800,60.000000
3.241900,60.000000
3.242000,60.000000
3.242100,60.000000
3.242200,60.000000
3.242300,60.000000
3.242400,60.000000
3.242500,60.000000
3.242600,60.000000
3.242700,60.000000
3.242800,60.000000
3.242900,60.000000
3.243000,60.000000
3.243100,60.000000
3.243200,60.000000
3.243300,60.000000
3.243400,60.000000
3.243500,60.000000
3.243600,60.000000
3.243700,60.000000
3.243800,60.000000
3.243900,60.000000
3.244000,60.000000
3.244100,60.000000
3.244200,60.000000
3.244300,60.000000
3.244400,60.000000
3.244500,60.000000
3.244600,60.000000
3.244700,60.000000
3.244800,60.000000
3.244900,60.000000
3.245000,60.000000
3.245100,60.000000
3.245200,60.000000
3.245300,60.000000
3.245400,60.000000
3.245500,60.000000
3.245600,60.000000
3.245700,60.000000
3.245800,60.000000
3.245900,60.000000
3.246000,60.000000
3.246100,60.000000
3.246200,60.000000
3.246300,60.000000
3.246400,60.000000
3.246500,60.000000
3.246600,60.000000
3.246700,60.000000
3.246800,60.000000
3.246900,60.000000
3.247000,60.000000
3.247100,60.000000
3.247200,60.000000
3.247300,60.000000
3.247400,60.000000
3.247500,60.000000
3.247600,60.000000
3.247700,60.000000
3.247800,60.000000
3.247900,60.000000
3.248000,60.000000
3.248100,60.000000
3.248200,60.000000
3.248300,60.000000
3.248400,60.000000
3.248500,60.000000
3.248600,60.000000
3.248700,60.000000
3.248800,60.000000
3.248900,60.000000
3.249000,60.000000
3.249100,60.000000
3.249200,60.000000
3.249300,60.000000
3.249400,60.000000
3.249500,60.000000
3.249600,60.000000
3.249700,60.000000
3.249800,60.000000
3.249900,60.000000
3.250000,60.000000
3.250100,60.000000
3.250200,60.000000
3.250300,60.000000
3.250400,60.000000
3.250500,60.000000
3.250600,60.000000
3.250700,60.000000
3.250800,60.000000
3.250900,60.000000
3.251000,60.000000
3.251100,60.000000
3.251200,60.000000
3.251300,60.000000
3.251400,60.000000
3.251500,60.000000
3.251600,60.000000
3.251700,60.000000
3.251800,60.000000
3.251900,60.000000
3.252000,60.000000
3.252100,60.000000
3.252200,60.000000
3.252300,60.000000
3.252400,60.000000
3.252500,60.000000
3.252600,60.000000
3.252700,60.000000
3.252800,60.000000
3.252900,60.000000
3.253000,60.000000
3.253100,60.000000
3.253200,60.000000
3.253300,60.000000
3.253400,60.000000
3.253500,60.000000
3.253600,60.000000
3.253700,60.000000
3.253800,60.000000
3.253900,60.000000
3.254000,60.000000
3.254100,60.000000
3.254200,60.000000
3.254300,60.000000
3.254400,60.000000
3.254500,60.000000
3.254600,60.000000
3.254700,60.000000
3.254800,60.000000
3.254900,60.000000
3.255000,60.000000
3.255100,60.000000
3.255200,60.000000
3.255300,60.000000
3.255400,60.000000
3.255500,60.000000
3.255600,60.000000
3.255700,60.000000
3.255800,60.000000
3.255900,60.000000
3.256000,60.000000
3.256100,60.000000
3.256200,60.000000
3.256300,60.000000
3.256400,60.000000
3.256500,60.000000
3.256600,60.000000
3.256700,60.000000
3.256800,60.000000
3.256900,60.000000
3.257000,60.000000
3.257100,60.000000
3.257200,60.000000
3.257300,60.000000
3.257400,60.000000
3.257500,60.000000
3.257600,60.000000
3.257700,60.000000
3.257800,60.000000
3.257900,60.000000
3.258000,60.000000
3.258100,60.000000
3.258200,60.000000
3.258300,60.000000
3.258400,60.000000
3.258500,60.000000
3.258600,60.000000
3.258700,60.000000
3.258800,60.000000
3.258900,60.000000
3.259000,60.000000
3.259100,60.000000
3.259200,60.000000
3.259300,60.000000
3.259400,60.000000
3.259500,60.000000
3.259600,60.000000
3.259700,60.000000
3.259800,60.000000
3.259900,60.000000
3.260000,60.000000
3.260100,60.000000
3.260200,60.000000
3.260300,60.000000
3.260400,60.000000
3.260500,60.000000
3.260600,60.000000
3.260700,60.000000
3.260800,60.000000
3.260900,60.000000
3.261000,60.000000
3.261100,60.000000
3.261200,60.000000
3.261300,60.000000
3.261400,60.000000
3.261500,60.000000
3.261600,60.000000
3.261700,60.000000
3.261800,60.000000
3.261900,60.000000
3.262000,60.000000
3.262100,60.000000
3.262200,60.000000
3.262300,60.000000
3.262400,60.000000
3.262500,60.000000
3.262600,60.000000
3.262700,60.000000
3.262800,60.000000
3.262900,60.000000
3.263000,60.000000
3.263100,60.000000
3.263200,60.000000
3.263300,60.000000
3.263400,60.000000
3.263500,60.000000
3.263600,60.000000
3.263700,60.000000
3.263800,60.000000
3.263900,60.000000
3.264000,60.000000
3.264100,60.000000
3.264200,60.000000
3.264300,60.000000
3.264400,60.000000
3.264500,60.000000
3.264600,60.000000
3.264700,60.000000
3.264800,60.000000
3.264900,60.000000
3.265000,60.000000
3.265100,60.000000
3.265200,60.000000
3.265300,60.000000
3.265400,60.000000
3.265500,60.000000
3.265600,60.000000
3.265700,60.000000
3.265800,60.000000
3.265900,60.000000
3.266000,60.000000
3.266100,60.000000
3.266200,60.000000
3.266300,60.000000
3.266400,60.000000
3.266500,60.000000
3.266600,60.000000
3.266700,60.000000
3.266800,60.000000
3.266900,60.000000
3.267000,60.000000
3.267100,60.000000
3.267200,60.000000
3.267300,60.000000
3.267400,60.000000
3.267500,60.000000
3.267600,60.000000
3.267700,60.000000
3.267800,60.000000
3.267900,60.000000
3.268000,60.000000
3.268100,60.000000
3.268200,60.000000
3.268300,60.000000
3.268400,60.000000
3.268500,60.000000
3.268600,60.000000
3.268700,60.000000
3.268800,60.000000
3.268900,60.000000
3.269000,60.000000
3.269100,60.000000
3.269200,60.000000
3.269300,60.000000
3.269400,60.000000
3.269500,60.000000
3.269600,60.000000
3.269700,60.000000
3.269800,60.000000
3.269900,60.000000
3.270000,60.000000
3.270100,60.000000
3.270200,60.000000
3.270300,60.000000
3.270400,60.000000
3.270500,60.000000
3.270600,60.000000
3.270700,60.000000
3.270800,60.000000
3.270900,60.000000
3.271000,60.000000
3.271100,60.000000
3.271200,60.000000
3.271300,60.000000
3.271400,60.000000
3.271500,60.000000
3.271600,60.000000
3.271700,60.000000
3.271800,60.000000
3.271900,60.000000
3.272000,60.000000
3.272100,60.000000
3.272200,60.000000
3.272300,60.000000
3.272400,60.000000
3.272500,60.000000
3.272600,60.000000
3.272700,60.000000
3.272800,60.000000
3.272900,60.000000
3.273000,60.000000
3.273100,60.000000
3.273200,60.000000
3.273300,60.000000
3.273400,60.000000
3.273500,60.000000
3.273600,60.000000
3.273700,60.000000
3.273800,60.000000
3.273900,60.000000
3.274000,60.000000
3.274100,60.000000
3.274200,60.000000
3.274300,60.000000
3.274400,60.000000
3.274500,60.000000
3.274600,60.000000
3.274700,60.000000
3.274800,60.000000
3.274900,60.000000
3.275000,60.000000
3.275100,60.000000
3.275200,60.000000
3.275300,60.000000
3.275400,60.000000
3.275500,60.000000
3.275600,60.000000
3.275700,60.000000
3.275800,60.000000
3.275900,60.000000
3.276000,60.000000
3.276100,60.000000
3.276200,60.000000
3.276300,60.000000
3.276400,60.000000
3.276500,60.000000
3.276600,60.000000
3.276700,60.000000
3.276800,60.000000
3.276900,60.000000
3.277000,60.000000
3.277100,60.000000
3.277200,60.000000
3.277300,60.000000
3.277400,60.000000
3.277500,60.000000
3.277600,60.000000
3.277700,60.000000
3.277800,60.000000
3.277900,60.000000
3.278000,60.000000
3.278100,60.000000
3.278200,60.000000
3.278300,60.000000
3.278400,60.000000
3.278500,60.000000
3.278600,60.000000
3.278700,60.000000
3.278800,60.000000
3.278900,60.000000
3.279000,60.000000
3.279100,60.000000
3.279200,60.000000
3.279300,60.000000
3.279400,60.000000
3.279500,60.000000
3.279600,60.000000
3.279700,60.000000
3.279800,60.000000
3.279900,60.000000
3.280000,60.000000
3.280100,60.000000
3.280200,60.000000
3.280300,60.000000
3.280400,60.000000
3.280500,60.000000
3.280600,60.000000
3.280700,60.000000
3.280800,60.000000
3.280900,60.000000
3.281000,60.000000
3.281100,60.000000
3.281200,60.000000
3.281300,60.000000
3.281400,60.000000
3.281500,60.000000
3.281600,60.000000
3.281700,60.000000
3.281800,60.000000
3.281900,60.000000
3.282000,60.000000
3.282100,60.000000
3.282200,60.000000
3.282300,60.000000
3.282400,60.000000
3.282500,60.000000
3.282600,60.000000
3.282700,60.000000
3.282800,60.000000
3.282900,60.000000
3.283000,60.000000
3.283100,60.000000
3.283200,60.000000
3.283300,60.000000
3.283400,60.000000
3.283500,60.000000
3.283600,60.000000
3.283700,60.000000
3.283800,60.000000
3.283900,60.000000
3.284000,60.000000
3.284100,60.000000
3.284200,60.000000
3.284300,60.000000
3.284400,60.000000
3.284500,60.000000
3.284600,60.000000
3.284700,60.000000
3.284800,60.000000
3.284900,60.000000
3.285000,60.000000
3.285100,60.000000
3.285200,60.000000
3.285300,60.000000
3.285400,60.000000
3.285500,60.000000
3.285600,60.000000
3.285700,60.000000
3.285800,60.000000
3.285900,60.000000
3.286000,60.000000
3.286100,60.000000
3.286200,60.000000
3.286300,60.000000
3.286400,60.000000
3.286500,60.000000
3.286600,60.000000
3.286700,60.000000
3.286800,60.000000
3.286900,60.000000
3.287000,60.000000
3.287100,60.000000
3.287200,60.000000
3.287300,60.000000
3.287400,60.000000
3.287500,60.000000
3.287600,60.000000
3.287700,60.000000
3.287800,60.000000
3.287900,60.000000
3.288000,60.000000
3.288100,60.000000
3.288200,60.000000
3.288300,60.000000
3.288400,60.000000
3.288500,60.000000
3.288600,60.000000
3.288700,60.000000
3.288800,60.000000
3.288900,60.000000
3.289000,60.000000
3.289100,60.000000
3.289200,60.000000
3.289300,60.000000
3.289400,60.000000
3.289500,60.000000
3.289600,60.000000
3.289700,60.000000
3.289800,60.000000
3.289900,60.000000
3.290000,60.000000
3.290100,60.000000
3.290200,60.000000
3.290300,60.000000
3.290400,60.000000
3.290500,60.000000
3.290600,60.000000
3.290700,60.000000
3.290800,60.000000
3.290900,60.000000
3.291000,60.000000
3.291100,60.000000
3.291200,60.000000
3.291300,60.000000
3.291400,60.000000
3.291500,60.000000
3.291600,60.000000
3.291700,60.000000
3.291800,60.000000
3.291900,60.000000
3.292000,60.000000
3.292100,60.000000
3.292200,60.000000
3.292300,60.000000
3.292400,60.000000
3.292500,60.000000
3.292600,60.000000
3.292700,60.000000
3.292800,60.000000
3.292900,60.000000
3.293000,60.000000
3.293100,60.000000
3.293200,60.000000
3.293300,60.000000
3.293400,60.000000
3.293500,60.000000
3.293600,60.000000
3.293700,60.000000
3.293800,60.000000
3.293900,60.000000
3.294000,60.000000
3.294100,60.000000
3.294200,60.000000
3.294300,60.000000
3.294400,60.000000
3.294500,60.000000
3.294600,60.000000
3.294700,60.000000
3.294800,60.000000
3.294900,60.000000
3.295000,60.000000
3.295100,60.000000
3.295200,60.000000
3.295300,60.000000
3.295400,60.000000
3.295500,60.000000
3.295600,60.000000
3.295700,60.000000
3.295800,60.000000
3.295900,60.000000
3.296000,60.000000
3.296100,60.000000
3.296200,60.000000
3.296300,60.000000
3.296400,60.000000
3.296500,60.000000
3.296600,60.000000
3.296700,60.000000
3.296800,60.000000
3.296900,60.000000
3.297000,60.000000
3.297100,60.000000
3.297200,60.000000
3.297300,60.000000
3.297400,60.000000
3.297500,60.000000
3.297600,60.000000
3.297700,60.000000
3.297800,60.000000
3.297900,60.000000
3.298000,60.000000
3.298100,60.000000
3.298200,60.000000
3.298300,60.000000
3.298400,60.000000
3.298500,60.000000
3.298600,60.000000
3.298700,60.000000
3.298800,60.000000
3.298900,60.000000
3.299000,60.000000
3.299100,60.000000
3.299200,60.000000
3.299300,60.000000
3.299400,60.000000
3.299500,60.000000
3.299600,60.000000
3.299700,60.000000
3.299800,60.000000
3.299900,60.000000
3.300000,60.000000
3.300100,60.000000
3.300200,60.000000
3.300300,60.000000
3.300400,60.000000
3.300500,60.000000
3.300600,60.000000
3.300700,60.000000
3.300800,60.000000
3.300900,60.000000
3.301000,60.000000
3.301100,60.000000
3.301200,60.000000
3.301300,60.000000
3.301400,60.000000
3.301500,60.000000
3.301600,60.000000
3.301700,60.000000
3.301800,60.000000
3.301900,60.000000
3.302000,60.000000
3.302100,60.000000
3.302200,60.000000
3.302300,60.000000
3.302400,60.000000
3.302500,60.000000
3.302600,60.000000
3.302700,60.000000
3.302800,60.000000
3.302900,60.000000
3.303000,60.000000
3.303100,60.000000
3.303200,60.000000
3.303300,60.000000
3.303400,60.000000
3.303500,60.000000
3.303600,60.000000
3.303700,60.000000
3.303800,60.000000
3.303900,60.000000
3.304000,60.000000
3.304100,60.000000
3.304200,60.000000
3.304300,60.000000
3.304400,60.000000
3.304500,60.000000
3.304600,60.000000
3.304700,60.000000
3.304800,60.000000
3.304900,60.000000
3.305000,60.000000
3.305100,60.000000
3.305200,60.000000
3.305300,60.000000
3.305400,60.000000
3.305500,60.000000
3.305600,60.000000
3.305700,60.000000
3.305800,60.000000
3.305900,60.000000
3.306000,60.000000
3.306100,60.000000
3.306200,60.000000
3.306300,60.000000
3.306400,60.000000
3.306500,60.000000
3.306600,60.000000
3.306700,60.000000
3.306800,60.000000
3.306900,60.000000
3.307000,60.000000
3.307100,60.000000
3.307200,60.000000
3.307300,60.000000
3.307400,60.000000
3.307500,60.000000
3.307600,60.000000
3.307700,60.000000
3.307800,60.000000
3.307900,60.000000
3.308000,60.000000
3.308100,60.000000
3.308200,60.000000
3.308300,60.000000
3.308400,60.000000
3.308500,60.000000
3.308600,60.000000
3.308700,60.000000
3.308800,60.000000
3.308900,60.000000
3.309000,60.000000
3.309100,60.000000
3.309200,60.000000
3.309300,60.000000
3.309400,60.000000
3.309500,60.000000
3.309600,60.000000
3.309700,60.000000
3.309800,60.000000
3.309900,60.000000
3.310000,60.000000
3.310100,60.000000
3.310200,60.000000
3.310300,60.000000
3.310400,60.000000
3.310500,60.000000
3.310600,60.000000
3.310700,60.000000
3.310800,60.000000
3.310900,60.000000
3.311000,60.000000
3.311100,60.000000
3.311200,60.000000
3.311300,60.000000
3.311400,60.000000
3.311500,60.000000
3.311600,60.000000
3.311700,60.000000
3.311800,60.000000
3.311900,60.000000
3.312000,60.000000
3.312100,60.000000
3.312200,60.000000
3.312300,60.000000
3.312400,60.000000
3.312500,60.000000
3.312600,60.000000
3.312700,60.000000
3.312800,60.000000
3.312900,60.000000
3.313000,60.000000
3.313100,60.000000
3.313200,60.000000
3.313300,60.000000
3.313400,60.000000
3.313500,60.000000
3.313600,60.000000
3.313700,60.000000
3.313800,60.000000
3.313900,60.000000
3.314000,60.000000
3.314100,60.000000
3.314200,60.000000
3.314300,60.000000
3.314400,60.000000
3.314500,60.000000
3.314600,60.000000
3.314700,60.000000
3.314800,60.000000
3.314900,60.000000
3.315000,60.000000
3.315100,60.000000
3.315200,60.000000
3.315300,60.000000
3.315400,60.000000
3.315500,60.000000
3.315600,60.000000
3.315700,60.000000
3.315800,60.000000
3.315900,60.000000
3.316000,60.000000
3.316100,60.000000
3.316200,60.000000
3.316300,60.000000
3.316400,60.000000
3.316500,60.000000
3.316600,60.000000
3.316700,60.000000
3.316800,60.000000
3.316900,60.000000
3.317000,60.000000
3.317100,60.000000
3.317200,60.000000
3.317300,60.000000
3.317400,60.000000
3.317500,60.000000
3.317600,60.000000
3.317700,60.000000
3.317800,60.000000
3.317900,60.000000
3.318000,60.000000
3.318100,60.000000
3.318200,60.000000
3.318300,60.000000
3.318400,60.000000
3.318500,60.000000
3.318600,60.000000
3.318700,60.000000
3.318800,60.000000
3.318900,60.000000
3.319000,60.000000
3.319100,60.000000
3.319200,60.000000
3.319300,60.000000
3.319400,60.000000
3.319500,60.000000
3.319600,60.000000
3.319700,60.000000
3.319800,60.000000
3.319900,60.000000
3.320000,60.000000
3.320100,60.000000
3.320200,60.000000
3.320300,60.000000
3.320400,60.000000
3.320500,60.000000
3.320600,60.000000
3.320700,60.000000
3.320800,60.000000
3.320900,60.000000
3.321000,60.000000
3.321100,60.000000
3.321200,60.000000
3.321300,60.000000
3.321400,60.000000
3.321500,60.000000
3.321600,60.000000
3.321700,60.000000
3.321800,60.000000
3.321900,60.000000
3.322000,60.000000
3.322100,60.000000
3.322200,60.000000
3.322300,60.000000
3.322400,60.000000
3.322500,60.000000
3.322600,60.000000
3.322700,60.000000
3.322800,60.000000
3.322900,60.000000
3.323000,60.000000
3.323100,60.000000
3.323200,60.000000
3.323300,60.000000
3.323400,60.000000
3.323500,60.000000
3.323600,60.000000
3.323700,60.000000
3.323800,60.000000
3.323900,60.000000
3.324000,60.000000
3.324100,60.000000
3.324200,60.000000
3.324300,60.000000
3.324400,60.000000
3.324500,60.000000
3.324600,60.000000
3.324700,60.000000
3.324800,60.000000
3.324900,60.000000
3.325000,60.000000
3.325100,60.000000
3.325200,60.000000
3.325300,60.000000
3.325400,60.000000
3.325500,60.000000
3.325600,60.000000
3.325700,60.000000
3.325800,60.000000
3.325900,60.000000
3.326000,60.000000
3.326100,60.000000
3.326200,60.000000
3.326300,60.000000
3.326400,60.000000
3.326500,60.000000
3.326600,60.000000
3.326700,60.000000
3.326800,60.000000
3.326900,60.000000
3.327000,60.000000
3.327100,60.000000
3.327200,60.000000
3.327300,60.000000
3.327400,60.000000
3.327500,60.000000
3.327600,60.000000
3.327700,60.000000
3.327800,60.000000
3.327900,60.000000
3.328000,60.000000
3.328100,60.000000
3.328200,60.000000
3.328300,60.000000
3.328400,60.000000
3.328500,60.000000
3.328600,60.000000
3.328700,60.000000
3.328800,60.000000
3.328900,60.000000
3.329000,60.000000
3.329100,60.000000
3.329200,60.000000
3.329300,60.000000
3.329400,60.000000
3.329500,60.000000
3.329600,60.000000
3.329700,60.000000
3.329800,60.000000
3.329900,60.000000
3.330000,60.000000
3.330100,60.000000
3.330200,60.000000
3.330300,60.000000
3.330400,60.000000
3.330500,60.000000
3.330600,60.000000
3.330700,60.000000
3.330800,60.000000
3.330900,60.000000
3.331000,60.000000
3.331100,60.000000
3.331200,60.000000
3.331300,60.000000
3.331400,60.000000
3.331500,60.000000
3.331600,60.000000
3.331700,60.000000
3.331800,60.000000
3.331900,60.000000
3.332000,60.000000
3.332100,60.000000
3.332200,60.000000
3.332300,60.000000
3.332400,60.000000
3.332500,60.000000
3.332600,60.000000
3.332700,60.000000
3.332800,60.000000
3.332900,60.000000
3.333000,60.000000
3.333100,60.000000
3.333200,60.000000
3.333300,60.000000
3.333400,60.000000
3.333500,60.000000
3.333600,60.000000
3.333700,60.000000
3.333800,60.000000
3.333900,60.000000
3.334000,60.000000
3.334100,60.000000
3.334200,60.000000
3.334300,60.000000
3.334400,60.000000
3.334500,60.000000
3.334600,60.000000
3.334700,60.000000
3.334800,60.000000
3.334900,60.000000
3.335000,60.000000
3.335100,60.000000
3.335200,60.000000
3.335300,60.000000
3.335400,60.000000
3.335500,60.000000
3.335600,60.000000
3.335700,60.000000
3.335800,60.000000
3.335900,60.000000
3.336000,60.000000
3.336100,60.000000
3.336200,60.000000
3.336300,60.000000
3.336400,60.000000
3.336500,60.000000
3.336600,60.000000
3.336700,60.000000
3.336800,60.000000
3.336900,60.000000
3.337000,60.000000
3.337100,60.000000
3.337200,60.000000
3.337300,60.000000
3.337400,60.000000
3.337500,60.000000
3.337600,60.000000
3.337700,60.000000
3.337800,60.000000
3.337900,60.000000
3.338000,60.000000
3.338100,60.000000
3.338200,60.000000
3.338300,60.000000
3.338400,60.000000
3.338500,60.000000
3.338600,60.000000
3.338700,60.000000
3.338800,60.000000
3.338900,60.000000
3.339000,60.000000
3.339100,60.000000
3.339200,60.000000
3.339300,60.000000
3.339400,60.000000
3.339500,60.000000
3.339600,60.000000
3.339700,60.000000
3.339800,60.000000
3.339900,60.000000
3.340000,60.000000
3.340100,60.000000
3.340200,60.000000
3.340300,60.000000
3.340400,60.000000
3.340500,60.000000
3.340600,60.000000
3.340700,60.000000
3.340800,60.000000
3.340900,60.000000
3.341000,60.000000
3.341100,60.000000
3.341200,60.000000
3.341300,60.000000
3.341400,60.000000
3.341500,60.000000
3.341600,60.000000
3.341700,60.000000
3.341800,60.000000
3.341900,60.000000
3.342000,60.000000
3.342100,60.000000
3.342200,60.000000
3.342300,60.000000
3.342400,60.000000
3.342500,60.000000
3.342600,60.000000
3.342700,60.000000
3.342800,60.000000
3.342900,60.000000
3.343000,60.000000
3.343100,60.000000
3.343200,60.000000
3.343300,60.000000
3.343400,60.000000
3.343500,60.000000
3.343600,60.000000
3.343700,60.000000
3.343800,60.000000
3.343900,60.000000
3.344000,60.000000
3.344100,60.000000
3.344200,60.000000
3.344300,60.000000
3.344400,60.000000
3.344500,60.000000
3.344600,60.000000
3.344700,60.000000
3.344800,60.000000
3.344900,60.000000
3.345000,60.000000
3.345100,60.000000
3.345200,60.000000
3.345300,60.000000
3.345400,60.000000
3.345500,60.000000
3.345600,60.000000
3.345700,60.000000
3.345800,60.000000
3.345900,60.000000
3.346000,60.000000
3.346100,60.000000
3.346200,60.000000
3.346300,60.000000
3.346400,60.000000
3.346500,60.000000
3.346600,60.000000
3.346700,60.000000
3.346800,60.000000
3.346900,60.000000
3.347000,60.000000
3.347100,60.000000
3.347200,60.000000
3.347300,60.000000
3.347400,60.000000
3.347500,60.000000
3.347600,60.000000
3.347700,60.000000
3.347800,60.000000
3.347900,60.000000
3.348000,60.000000
3.348100,60.000000
3.348200,60.000000
3.348300,60.000000
3.348400,60.000000
3.348500,60.000000
3.348600,60.000000
3.348700,60.000000
3.348800,60.000000
3.348900,60.000000
3.349000,60.000000
3.349100,60.000000
3.349200,60.000000
3.349300,60.000000
3.349400,60.000000
3.349500,60.000000
3.349600,60.000000
3.349700,60.000000
3.349800,60.000000
3.349900,60.000000
3.350000,60.000000
3.350100,60.000000
3.350200,60.000000
3.350300,60.000000
3.350400,60.000000
3.350500,60.000000
3.350600,60.000000
3.350700,60.000000
3.350800,60.000000
3.350900,60.000000
3.351000,60.000000
3.351100,60.000000
3.351200,60.000000
3.351300,60.000000
3.351400,60.000000
3.351500,60.000000
3.351600,60.000000
3.351700,60.000000
3.351800,60.000000
3.351900,60.000000
3.352000,60.000000
3.352100,60.000000
3.352200,60.000000
3.352300,60.000000
3.352400,60.000000
3.352500,60.000000
3.352600,60.000000
3.352700,60.000000
3.352800,60.000000
3.352900,60.000000
3.353000,60.000000
3.353100,60.000000
3.353200,60.000000
3.353300,60.000000
3.353400,60.000000
3.353500,60.000000
3.353600,60.000000
3.353700,60.000000
3.353800,60.000000
3.353900,60.000000
3.354000,60.000000
3.354100,60.000000
3.354200,60.000000
3.354300,60.000000
3.354400,60.000000
3.354500,60.000000
3.354600,60.000000
3.354700,60.000000
3.354800,60.000000
3.354900,60.000000
3.355000,60.000000
3.355100,60.000000
3.355200,60.000000
3.355300,60.000000
3.355400,60.000000
3.355500,60.000000
3.355600,60.000000
3.355700,60.000000
3.355800,60.000000
3.355900,60.000000
3.356000,60.000000
3.356100,60.000000
3.356200,60.000000
3.356300,60.000000
3.356400,60.000000
3.356500,60.000000
3.356600,60.000000
3.356700,60.000000
3.356800,60.000000
3.356900,60.000000
3.357000,60.000000
3.357100,60.000000
3.357200,60.000000
3.357300,60.000000
3.357400,60.000000
3.357500,60.000000
3.357600,60.000000
3.357700,60.000000
3.357800,60.000000
3.357900,60.000000
3.358000,60.000000
3.358100,60.000000
3.358200,60.000000
3.358300,60.000000
3.358400,60.000000
3.358500,60.000000
3.358600,60.000000
3.358700,60.000000
3.358800,60.000000
3.358900,60.000000
3.359000,60.000000
3.359100,60.000000
3.359200,60.000000
3.359300,60.000000
3.359400,60.000000
3.359500,60.000000
3.359600,60.000000
3.359700,60.000000
3.359800,60.000000
3.359900,60.000000
3.360000,60.000000
3.360100,60.000000
3.360200,60.000000
3.360300,60.000000
3.360400,60.000000
3.360500,60.000000
3.360600,60.000000
3.360700,60.000000
3.360800,60.000000
3.360900,60.000000
3.361000,60.000000
3.361100,60.000000
3.361200,60.000000
3.361300,60.000000
3.361400,60.000000
3.361500,60.000000
3.361600,60.000000
3.361700,60.000000
3.361800,60.000000
3.361900,60.000000
3.362000,60.000000
3.362100,60.000000
3.362200,60.000000
3.362300,60.000000
3.362400,60.000000
3.362500,60.000000
3.362600,60.000000
3.362700,60.000000
3.362800,60.000000
3.362900,60.000000
3.363000,60.000000
3.363100,60.000000
3.363200,60.000000
3.363300,60.000000
3.363400,60.000000
3.363500,60.000000
3.363600,60.000000
3.363700,60.000000
3.363800,60.000000
3.363900,60.000000
3.364000,60.000000
3.364100,60.000000
3.364200,60.000000
3.364300,60.000000
3.364400,60.000000
3.364500,60.000000
3.364600,60.000000
3.364700,60.000000
3.364800,60.000000
3.364900,60.000000
3.365000,60.000000
3.365100,60.000000
3.365200,60.000000
3.365300,60.000000
3.365400,60.000000
3.365500,60.000000
3.365600,60.000000
3.365700,60.000000
3.365800,60.000000
3.365900,60.000000
3.366000,60.000000
3.366100,60.000000
3.366200,60.000000
3.366300,60.000000
3.366400,60.000000
3.366500,60.000000
3.366600,60.000000
3.366700,60.000000
3.366800,60.000000
3.366900,60.000000
3.367000,60.000000
3.367100,60.000000
3.367200,60.000000
3.367300,60.000000
3.367400,60.000000
3.367500,60.000000
3.367600,60.000000
3.367700,60.000000
3.367800,60.000000
3.367900,60.000000
3.368000,60.000000
3.368100,60.000000
3.368200,60.000000
3.368300,60.000000
3.368400,60.000000
3.368500,60.000000
3.368600,60.000000
3.368700,60.000000
3.368800,60.000000
3.368900,60.000000
3.369000,60.000000
3.369100,60.000000
3.369200,60.000000
3.369300,60.000000
3.369400,60.000000
3.369500,60.000000
3.369600,60.000000
3.369700,60.000000
3.369800,60.000000
3.369900,60.000000
3.370000,60.000000
3.370100,60.000000
3.370200,60.000000
3.370300,60.000000
3.370400,60.000000
3.370500,60.000000
3.370600,60.000000
3.370700,60.000000
3.370800,60.000000
3.370900,60.000000
3.371000,60.000000
3.371100,60.000000
3.371200,60.000000
3.371300,60.000000
3.371400,60.000000
3.371500,60.000000
3.371600,60.000000
3.371700,60.000000
3.371800,60.000000
3.371900,60.000000
3.372000,60.000000
3.372100,60.000000
3.372200,60.000000
3.372300,60.000000
3.372400,60.000000
3.372500,60.000000
3.372600,60.000000
3.372700,60.000000
3.372800,60.000000
3.372900,60.000000
3.373000,60.000000
3.373100,60.000000
3.373200,60.000000
3.373300,60.000000
3.373400,60.000000
3.373500,60.000000
3.373600,60.000000
3.373700,60.000000
3.373800,60.000000
3.373900,60.000000
3.374000,60.000000
3.374100,60.000000
3.374200,60.000000
3.374300,60.000000
3.374400,60.000000
3.374500,60.000000
3.374600,60.000000
3.374700,60.000000
3.374800,60.000000
3.374900,60.000000
3.375000,60.000000
3.375100,60.000000
3.375200,60.000000
3.375300,60.000000
3.375400,60.000000
3.375500,60.000000
3.375600,60.000000
3.375700,60.000000
3.375800,60.000000
3.375900,60.000000
3.376000,60.000000
3.376100,60.000000
3.376200,60.000000
3.376300,60.000000
3.376400,60.000000
3.376500,60.000000
3.376600,60.000000
3.376700,60.000000
3.376800,60.000000
3.376900,60.000000
3.377000,60.000000
3.377100,60.000000
3.377200,60.000000
3.377300,60.000000
3.377400,60.000000
3.377500,60.000000
3.377600,60.000000
3.377700,60.000000
3.377800,60.000000
3.377900,60.000000
3.378000,60.000000
3.378100,60.000000
3.378200,60.000000
3.378300,60.000000
3.378400,60.000000
3.378500,60.000000
3.378600,60.000000
3.378700,60.000000
3.378800,60.000000
3.378900,60.000000
3.379000,60.000000
3.379100,60.000000
3.379200,60.000000
3.379300,60.000000
3.379400,60.000000
3.379500,60.000000
3.379600,60.000000
3.379700,60.000000
3.379800,60.000000
3.379900,60.000000
3.380000,60.000000
3.380100,60.000000
3.380200,60.000000
3.380300,60.000000
3.380400,60.000000
3.380500,60.000000
3.380600,60.000000
3.380700,60.000000
3.380800,60.000000
3.380900,60.000000
3.381000,60.000000
3.381100,60.000000
3.381200,60.000000
3.381300,60.000000
3.381400,60.000000
3.381500,60.000000
3.381600,60.000000
3.381700,60.000000
3.381800,60.000000
3.381900,60.000000
3.382000,60.000000
3.382100,60.000000
3.382200,60.000000
3.382300,60.000000
3.382400,60.000000
3.382500,60.000000
3.382600,60.000000
3.382700,60.000000
3.382800,60.000000
3.382900,60.000000
3.383000,60.000000
3.383100,60.000000
3.383200,60.000000
3.383300,60.000000
3.383400,60.000000
3.383500,60.000000
3.383600,60.000000
3.383700,60.000000
3.383800,60.000000
3.383900,60.000000
3.384000,60.000000
3.384100,60.000000
3.384200,60.000000
3.384300,60.000000
3.384400,60.000000
3.384500,60.000000
3.384600,60.000000
3.384700,60.000000
3.384800,60.000000
3.384900,60.000000
3.385000,60.000000
3.385100,60.000000
3.385200,60.000000
3.385300,60.000000
3.385400,60.000000
3.385500,60.000000
3.385600,60.000000
3.385700,60.000000
3.385800,60.000000
3.385900,60.000000
3.386000,60.000000
3.386100,60.000000
3.386200,60.000000
3.386300,60.000000
3.386400,60.000000
3.386500,60.000000
3.386600,60.000000
3.386700,60.000000
3.386800,60.000000
3.386900,60.000000
3.387000,60.000000
3.387100,60.000000
3.387200,60.000000
3.387300,60.000000
3.387400,60.000000
3.387500,60.000000
3.387600,60.000000
3.387700,60.000000
3.387800,60.000000
3.387900,60.000000
3.388000,60.000000
3.388100,60.000000
3.388200,60.000000
3.388300,60.000000
3.388400,60.000000
3.388500,60.000000
3.388600,60.000000
3.388700,60.000000
3.388800,60.000000
3.388900,60.000000
3.389000,60.000000
3.389100,60.000000
3.389200,60.000000
3.389300,60.000000
3.389400,60.000000
3.389500,60.000000
3.389600,60.000000
3.389700,60.000000
3.389800,60.000000
3.389900,60.000000
3.390000,60.000000
3.390100,60.000000
3.390200,60.000000
3.390300,60.000000
3.390400,60.000000
3.390500,60.000000
3.390600,60.000000
3.390700,60.000000
3.390800,60.000000
3.390900,60.000000
3.391000,60.000000
3.391100,60.000000
3.391200,60.000000
3.391300,60.000000
3.391400,60.000000
3.391500,60.000000
3.391600,60.000000
3.391700,60.000000
3.391800,60.000000
3.391900,60.000000
3.392000,60.000000
3.392100,60.000000
3.392200,60.000000
3.392300,60.000000
3.392400,60.000000
3.392500,60.000000
3.392600,60.000000
3.392700,60.000000
3.392800,60.000000
3.392900,60.000000
3.393000,60.000000
3.393100,60.000000
3.393200,60.000000
3.393300,60.000000
3.393400,60.000000
3.393500,60.000000
3.393600,60.000000
3.393700,60.000000
3.393800,60.000000
3.393900,60.000000
3.394000,60.000000
3.394100,60.000000
3.394200,60.000000
3.394300,60.000000
3.394400,60.000000
3.394500,60.000000
3.394600,60.000000
3.394700,60.000000
3.394800,60.000000
3.394900,60.000000
3.395000,60.000000
3.395100,60.000000
3.395200,60.000000
3.395300,60.000000
3.395400,60.000000
3.395500,60.000000
3.395600,60.000000
3.395700,60.000000
3.395800,60.000000
3.395900,60.000000
3.396000,60.000000
3.396100,60.000000
3.396200,60.000000
3.396300,60.000000
3.396400,60.000000
3.396500,60.000000
3.396600,60.000000
3.396700,60.000000
3.396800,60.000000
3.396900,60.000000
3.397000,60.000000
3.397100,60.000000
3.397200,60.000000
3.397300,60.000000
3.397400,60.000000
3.397500,60.000000
3.397600,60.000000
3.397700,60.000000
3.397800,60.000000
3.397900,60.000000
3.398000,60.000000
3.398100,60.000000
3.398200,60.000000
3.398300,60.000000
3.398400,60.000000
3.398500,60.000000
3.398600,60.000000
3.398700,60.000000
3.398800,60.000000
3.398900,60.000000
3.399000,60.000000
3.399100,60.000000
3.399200,60.000000
3.399300,60.000000
3.399400,60.000000
3.399500,60.000000
3.399600,60.000000
3.399700,60.000000
3.399800,60.000000
3.399900,60.000000
3.400000,60.000000
3.400100,60.000000
3.400200,60.000000
3.400300,60.000000
3.400400,60.000000
3.400500,60.000000
3.400600,60.000000
3.400700,60.000000
3.400800,60.000000
3.400900,60.000000
3.401000,60.000000
3.401100,60.000000
3.401200,60.000000
3.401300,60.000000
3.401400,60.000000
3.401500,60.000000
3.401600,60.000000
3.401700,60.000000
3.401800,60.000000
3.401900,60.000000
3.402000,60.000000
3.402100,60.000000
3.402200,60.000000
3.402300,60.000000
3.402400,60.000000
3.402500,60.000000
3.402600,60.000000
3.402700,60.000000
3.402800,60.000000
3.402900,60.000000
3.403000,60.000000
3.403100,60.000000
3.403200,60.000000
3.403300,60.000000
3.403400,60.000000
3.403500,60.000000
3.403600,60.000000
3.403700,60.000000
3.403800,60.000000
3.403900,60.000000
3.404000,60.000000
3.404100,60.000000
3.404200,60.000000
3.404300,60.000000
3.404400,60.000000
3.404500,60.000000
3.404600,60.000000
3.404700,60.000000
3.404800,60.000000
3.404900,60.000000
3.405000,60.000000
3.405100,60.000000
3.405200,60.000000
3.405300,60.000000
3.405400,60.000000
3.405500,60.000000
3.405600,60.000000
3.405700,60.000000
3.405800,60.000000
3.405900,60.000000
3.406000,60.000000
3.406100,60.000000
3.406200,60.000000
3.406300,60.000000
3.406400,60.000000
3.406500,60.000000
3.406600,60.000000
3.406700,60.000000
3.406800,60.000000
3.406900,60.000000
3.407000,60.000000
3.407100,60.000000
3.407200,60.000000
3.407300,60.000000
3.407400,60.000000
3.407500,60.000000
3.407600,60.000000
3.407700,60.000000
3.407800,60.000000
3.407900,60.000000
3.408000,60.000000
3.408100,60.000000
3.408200,60.000000
3.408300,60.000000
3.408400,60.000000
3.408500,60.000000
3.408600,60.000000
3.408700,60.000000
3.408800,60.000000
3.408900,60.000000
3.409000,60.000000
3.409100,60.000000
3.409200,60.000000
3.409300,60.000000
3.409400,60.000000
3.409500,60.000000
3.409600,60.000000
3.409700,60.000000
3.409800,60.000000
3.409900,60.000000
3.410000,60.000000
3.410100,60.000000
3.410200,60.000000
3.410300,60.000000
3.410400,60.000000
3.410500,60.000000
3.410600,60.000000
3.410700,60.000000
3.410800,60.000000
3.410900,60.000000
3.411000,60.000000
3.411100,60.000000
3.411200,60.000000
3.411300,60.000000
3.411400,60.000000
3.411500,60.000000
3.411600,60.000000
3.411700,60.000000
3.411800,60.000000
3.411900,60.000000
3.412000,60.000000
3.412100,60.000000
3.412200,60.000000
3.412300,60.000000
3.412400,60.000000
3.412500,60.000000
3.412600,60.000000
3.412700,60.000000
3.412800,60.000000
3.412900,60.000000
3.413000,60.000000
3.413100,60.000000
3.413200,60.000000
3.413300,60.000000
3.413400,60.000000
3.413500,60.000000
3.413600,60.000000
3.413700,60.000000
3.413800,60.000000
3.413900,60.000000
3.414000,60.000000
3.414100,60.000000
3.414200,60.000000
3.414300,60.000000
3.414400,60.000000
3.414500,60.000000
3.414600,60.000000
3.414700,60.000000
3.414800,60.000000
3.414900,60.000000
3.415000,60.000000
3.415100,60.000000
3.415200,60.000000
3.415300,60.000000
3.415400,60.000000
3.415500,60.000000
3.415600,60.000000
3.415700,60.000000
3.415800,60.000000
3.415900,60.000000
3.416000,60.000000
3.416100,60.000000
3.416200,60.000000
3.416300,60.000000
3.416400,60.000000
3.416500,60.000000
3.416600,60.000000
3.416700,60.000000
3.416800,60.000000
3.416900,60.000000
3.417000,60.000000
3.417100,60.000000
3.417200,60.000000
3.417300,60.000000
3.417400,60.000000
3.417500,60.000000
3.417600,60.000000
3.417700,60.000000
3.417800,60.000000
3.417900,60.000000
3.418000,60.000000
3.418100,60.000000
3.418200,60.000000
3.418300,60.000000
3.418400,60.000000
3.418500,60.000000
3.418600,60.000000
3.418700,60.000000
3.418800,60.000000
3.418900,60.000000
3.419000,60.000000
3.419100,60.000000
3.419200,60.000000
3.419300,60.000000
3.419400,60.000000
3.419500,60.000000
3.419600,60.000000
3.419700,60.000000
3.419800,60.000000
3.419900,60.000000
3.420000,60.000000
3.420100,60.000000
3.420200,60.000000
3.420300,60.000000
3.420400,60.000000
3.420500,60.000000
3.420600,60.000000
3.420700,60.000000
3.420800,60.000000
3.420900,60.000000
3.421000,60.000000
3.421100,60.000000
3.421200,60.000000
3.421300,60.000000
3.421400,60.000000
3.421500,60.000000
3.421600,60.000000
3.421700,60.000000
3.421800,60.000000
3.421900,60.000000
3.422000,60.000000
3.422100,60.000000
3.422200,60.000000
3.422300,60.000000
3.422400,60.000000
3.422500,60.000000
3.422600,60.000000
3.422700,60.000000
3.422800,60.000000
3.422900,60.000000
3.423000,60.000000
3.423100,60.000000
3.423200,60.000000
3.423300,60.000000
3.423400,60.000000
3.423500,60.000000
3.423600,60.000000
3.423700,60.000000
3.423800,60.000000
3.423900,60.000000
3.424000,60.000000
3.424100,60.000000
3.424200,60.000000
3.424300,60.000000
3.424400,60.000000
3.424500,60.000000
3.424600,60.000000
3.424700,60.000000
3.424800,60.000000
3.424900,60.000000
3.425000,60.000000
3.425100,60.000000
3.425200,60.000000
3.425300,60.000000
3.425400,60.000000
3.425500,60.000000
3.425600,60.000000
3.425700,60.000000
3.425800,60.000000
3.425900,60.000000
3.426000,60.000000
3.426100,60.000000
3.426200,60.000000
3.426300,60.000000
3.426400,60.000000
3.426500,60.000000
3.426600,60.000000
3.426700,60.000000
3.426800,60.000000
3.426900,60.000000
3.427000,60.000000
3.427100,60.000000
3.427200,60.000000
3.427300,60.000000
3.427400,60.000000
3.427500,60.000000
3.427600,60.000000
3.427700,60.000000
3.427800,60.000000
3.427900,60.000000
3.428000,60.000000
3.428100,60.000000
3.428200,60.000000
3.428300,60.000000
3.428400,60.000000
3.428500,60.000000
3.428600,60.000000
3.428700,60.000000
3.428800,60.000000
3.428900,60.000000
3.429000,60.000000
3.429100,60.000000
3.429200,60.000000
3.429300,60.000000
3.429400,60.000000
3.429500,60.000000
3.429600,60.000000
3.429700,60.000000
3.429800,60.000000
3.429900,60.000000
3.430000,60.000000
3.430100,60.000000
3.430200,60.000000
3.430300,60.000000
3.430400,60.000000
3.430500,60.000000
3.430600,60.000000
3.430700,60.000000
3.430800,60.000000
3.430900,60.000000
3.431000,60.000000
3.431100,60.000000
3.431200,60.000000
3.431300,60.000000
3.431400,60.000000
3.431500,60.000000
3.431600,60.000000
3.431700,60.000000
3.431800,60.000000
3.431900,60.000000
3.432000,60.000000
3.432100,60.000000
3.432200,60.000000
3.432300,60.000000
3.432400,60.000000
3.432500,60.000000
3.432600,60.000000
3.432700,60.000000
3.432800,60.000000
3.432900,60.000000
3.433000,60.000000
3.433100,60.000000
3.433200,60.000000
3.433300,60.000000
3.433400,60.000000
3.433500,60.000000
3.433600,60.000000
3.433700,60.000000
3.433800,60.000000
3.433900,60.000000
3.434000,60.000000
3.434100,60.000000
3.434200,60.000000
3.434300,60.000000
3.434400,60.000000
3.434500,60.000000
3.434600,60.000000
3.434700,60.000000
3.434800,60.000000
3.434900,60.000000
3.435000,60.000000
3.435100,60.000000
3.435200,60.000000
3.435300,60.000000
3.435400,60.000000
3.435500,60.000000
3.435600,60.000000
3.435700,60.000000
3.435800,60.000000
3.435900,60.000000
3.436000,60.000000
3.436100,60.000000
3.436200,60.000000
3.436300,60.000000
3.436400,60.000000
3.436500,60.000000
3.436600,60.000000
3.436700,60.000000
3.436800,60.000000
3.436900,60.000000
3.437000,60.000000
3.437100,60.000000
3.437200,60.000000
3.437300,60.000000
3.437400,60.000000
3.437500,60.000000
3.437600,60.000000
3.437700,60.000000
3.437800,60.000000
3.437900,60.000000
3.438000,60.000000
3.438100,60.000000
3.438200,60.000000
3.438300,60.000000
3.438400,60.000000
3.438500,60.000000
3.438600,60.000000
3.438700,60.000000
3.438800,60.000000
3.438900,60.000000
3.439000,60.000000
3.439100,60.000000
3.439200,60.000000
3.439300,60.000000
3.439400,60.000000
3.439500,60.000000
3.439600,60.000000
3.439700,60.000000
3.439800,60.000000
3.439900,60.000000
3.440000,60.000000
3.440100,60.000000
3.440200,60.000000
3.440300,60.000000
3.440400,60.000000
3.440500,60.000000
3.440600,60.000000
3.440700,60.000000
3.440800,60.000000
3.440900,60.000000
3.441000,60.000000
3.441100,60.000000
3.441200,60.000000
3.441300,60.000000
3.441400,60.000000
3.441500,60.000000
3.441600,60.000000
3.441700,60.000000
3.441800,60.000000
3.441900,60.000000
3.442000,60.000000
3.442100,60.000000
3.442200,60.000000
3.442300,60.000000
3.442400,60.000000
3.442500,60.000000
3.442600,60.000000
3.442700,60.000000
3.442800,60.000000
3.442900,60.000000
3.443000,60.000000
3.443100,60.000000
3.443200,60.000000
3.443300,60.000000
3.443400,60.000000
3.443500,60.000000
3.443600,60.000000
3.443700,60.000000
3.443800,60.000000
3.443900,60.000000
3.444000,60.000000
3.444100,60.000000
3.444200,60.000000
3.444300,60.000000
3.444400,60.000000
3.444500,60.000000
3.444600,60.000000
3.444700,60.000000
3.444800,60.000000
3.444900,60.000000
3.445000,60.000000
3.445100,60.000000
3.445200,60.000000
3.445300,60.000000
3.445400,60.000000
3.445500,60.000000
3.445600,60.000000
3.445700,60.000000
3.445800,60.000000
3.445900,60.000000
3.446000,60.000000
3.446100,60.000000
3.446200,60.000000
3.446300,60.000000
3.446400,60.000000
3.446500,60.000000
3.446600,60.000000
3.446700,60.000000
3.446800,60.000000
3.446900,60.000000
3.447000,60.000000
3.447100,60.000000
3.447200,60.000000
3.447300,60.000000
3.447400,60.000000
3.447500,60.000000
3.447600,60.000000
3.447700,60.000000
3.447800,60.000000
3.447900,60.000000
3.448000,60.000000
3.448100,60.000000
3.448200,60.000000
3.448300,60.000000
3.448400,60.000000
3.448500,60.000000
3.448600,60.000000
3.448700,60.000000
3.448800,60.000000
3.448900,60.000000
3.449000,60.000000
3.449100,60.000000
3.449200,60.000000
3.449300,60.000000
3.449400,60.000000
3.449500,60.000000
3.449600,60.000000
3.449700,60.000000
3.449800,60.000000
3.449900,60.000000
3.450000,60.000000
3.450100,60.000000
3.450200,60.000000
3.450300,60.000000
3.450400,60.000000
3.450500,60.000000
3.450600,60.000000
3.450700,60.000000
3.450800,60.000000
3.450900,60.000000
3.451000,60.000000
3.451100,60.000000
3.451200,60.000000
3.451300,60.000000
3.451400,60.000000
3.451500,60.000000
3.451600,60.000000
3.451700,60.000000
3.451800,60.000000
3.451900,60.000000
3.452000,60.000000
3.452100,60.000000
3.452200,60.000000
3.452300,60.000000
3.452400,60.000000
3.452500,60.000000
3.452600,60.000000
3.452700,60.000000
3.452800,60.000000
3.452900,60.000000
3.453000,60.000000
3.453100,60.000000
3.453200,60.000000
3.453300,60.000000
3.453400,60.000000
3.453500,60.000000
3.453600,60.000000
3.453700,60.000000
3.453800,60.000000
3.453900,60.000000
3.454000,60.000000
3.454100,60.000000
3.454200,60.000000
3.454300,60.000000
3.454400,60.000000
3.454500,60.000000
3.454600,60.000000
3.454700,60.000000
3.454800,60.000000
3.454900,60.000000
3.455000,60.000000
3.455100,60.000000
3.455200,60.000000
3.455300,60.000000
3.455400,60.000000
3.455500,60.000000
3.455600,60.000000
3.455700,60.000000
3.455800,60.000000
3.455900,60.000000
3.456000,60.000000
3.456100,60.000000
3.456200,60.000000
3.456300,60.000000
3.456400,60.000000
3.456500,60.000000
3.456600,60.000000
3.456700,60.000000
3.456800,60.000000
3.456900,60.000000
3.457000,60.000000
3.457100,60.000000
3.457200,60.000000
3.457300,60.000000
3.457400,60.000000
3.457500,60.000000
3.457600,60.000000
3.457700,60.000000
3.457800,60.000000
3.457900,60.000000
3.458000,60.000000
3.458100,60.000000
3.458200,60.000000
3.458300,60.000000
3.458400,60.000000
3.458500,60.000000
3.458600,60.000000
3.458700,60.000000
3.458800,60.000000
3.458900,60.000000
3.459000,60.000000
3.459100,60.000000
3.459200,60.000000
3.459300,60.000000
3.459400,60.000000
3.459500,60.000000
3.459600,60.000000
3.459700,60.000000
3.459800,60.000000
3.459900,60.000000
3.460000,60.000000
3.460100,60.000000
3.460200,60.000000
3.460300,60.000000
3.460400,60.000000
3.460500,60.000000
3.460600,60.000000
3.460700,60.000000
3.460800,60.000000
3.460900,60.000000
3.461000,60.000000
3.461100,60.000000
3.461200,60.000000
3.461300,60.000000
3.461400,60.000000
3.461500,60.000000
3.461600,60.000000
3.461700,60.000000
3.461800,60.000000
3.461900,60.000000
3.462000,60.000000
3.462100,60.000000
3.462200,60.000000
3.462300,60.000000
3.462400,60.000000
3.462500,60.000000
3.462600,60.000000
3.462700,60.000000
3.462800,60.000000
3.462900,60.000000
3.463000,60.000000
3.463100,60.000000
3.463200,60.000000
3.463300,60.000000
3.463400,60.000000
3.463500,60.000000
3.463600,60.000000
3.463700,60.000000
3.463800,60.000000
3.463900,60.000000
3.464000,60.000000
3.464100,60.000000
3.464200,60.000000
3.464300,60.000000
3.464400,60.000000
3.464500,60.000000
3.464600,60.000000
3.464700,60.000000
3.464800,60.000000
3.464900,60.000000
3.465000,60.000000
3.465100,60.000000
3.465200,60.000000
3.465300,60.000000
3.465400,60.000000
3.465500,60.000000
3.465600,60.000000
3.465700,60.000000
3.465800,60.000000
3.465900,60.000000
3.466000,60.000000
3.466100,60.000000
3.466200,60.000000
3.466300,60.000000
3.466400,60.000000
3.466500,60.000000
3.466600,60.000000
3.466700,60.000000
3.466800,60.000000
3.466900,60.000000
3.467000,60.000000
3.467100,60.000000
3.467200,60.000000
3.467300,60.000000
3.467400,60.000000
3.467500,60.000000
3.467600,60.000000
3.467700,60.000000
3.467800,60.000000
3.467900,60.000000
3.468000,60.000000
3.468100,60.000000
3.468200,60.000000
3.468300,60.000000
3.468400,60.000000
3.468500,60.000000
3.468600,60.000000
3.468700,60.000000
3.468800,60.000000
3.468900,60.000000
3.469000,60.000000
3.469100,60.000000
3.469200,60.000000
3.469300,60.000000
3.469400,60.000000
3.469500,60.000000
3.469600,60.000000
3.469700,60.000000
3.469800,60.000000
3.469900,60.000000
3.470000,60.000000
3.470100,60.000000
3.470200,60.000000
3.470300,60.000000
3.470400,60.000000
3.470500,60.000000
3.470600,60.000000
3.470700,60.000000
3.470800,60.000000
3.470900,60.000000
3.471000,60.000000
3.471100,60.000000
3.471200,60.000000
3.471300,60.000000
3.471400,60.000000
3.471500,60.000000
3.471600,60.000000
3.471700,60.000000
3.471800,60.000000
3.471900,60.000000
3.472000,60.000000
3.472100,60.000000
3.472200,60.000000
3.472300,60.000000
3.472400,60.000000
3.472500,60.000000
3.472600,60.000000
3.472700,60.000000
3.472800,60.000000
3.472900,60.000000
3.473000,60.000000
3.473100,60.000000
3.473200,60.000000
3.473300,60.000000
3.473400,60.000000
3.473500,60.000000
3.473600,60.000000
3.473700,60.000000
3.473800,60.000000
3.473900,60.000000
3.474000,60.000000
3.474100,60.000000
3.474200,60.000000
3.474300,60.000000
3.474400,60.000000
3.474500,60.000000
3.474600,60.000000
3.474700,60.000000
3.474800,60.000000
3.474900,60.000000
3.475000,60.000000
3.475100,60.000000
3.475200,60.000000
3.475300,60.000000
3.475400,60.000000
3.475500,60.000000
3.475600,60.000000
3.475700,60.000000
3.475800,60.000000
3.475900,60.000000
3.476000,60.000000
3.476100,60.000000
3.476200,60.000000
3.476300,60.000000
3.476400,60.000000
3.476500,60.000000
3.476600,60.000000
3.476700,60.000000
3.476800,60.000000
3.476900,60.000000
3.477000,60.000000
3.477100,60.000000
3.477200,60.000000
3.477300,60.000000
3.477400,60.000000
3.477500,60.000000
3.477600,60.000000
3.477700,60.000000
3.477800,60.000000
3.477900,60.000000
3.478000,60.000000
3.478100,60.000000
3.478200,60.000000
3.478300,60.000000
3.478400,60.000000
3.478500,60.000000
3.478600,60.000000
3.478700,60.000000
3.478800,60.000000
3.478900,60.000000
3.479000,60.000000
3.479100,60.000000
3.479200,60.000000
3.479300,60.000000
3.479400,60.000000
3.479500,60.000000
3.479600,60.000000
3.479700,60.000000
3.479800,60.000000
3.479900,60.000000
3.480000,60.000000
3.480100,60.000000
3.480200,60.000000
3.480300,60.000000
3.480400,60.000000
3.480500,60.000000
3.480600,60.000000
3.480700,60.000000
3.480800,60.000000
3.480900,60.000000
3.481000,60.000000
3.481100,60.000000
3.481200,60.000000
3.481300,60.000000
3.481400,60.000000
3.481500,60.000000
3.481600,60.000000
3.481700,60.000000
3.481800,60.000000
3.481900,60.000000
3.482000,60.000000
3.482100,60.000000
3.482200,60.000000
3.482300,60.000000
3.482400,60.000000
3.482500,60.000000
3.482600,60.000000
3.482700,60.000000
3.482800,60.000000
3.482900,60.000000
3.483000,60.000000
3.483100,60.000000
3.483200,60.000000
3.483300,60.000000
3.483400,60.000000
3.483500,60.000000
3.483600,60.000000
3.483700,60.000000
3.483800,60.000000
3.483900,60.000000
3.484000,60.000000
3.484100,60.000000
3.484200,60.000000
3.484300,60.000000
3.484400,60.000000
3.484500,60.000000
3.484600,60.000000
3.484700,60.000000
3.484800,60.000000
3.484900,60.000000
3.485000,60.000000
3.485100,60.000000
3.485200,60.000000
3.485300,60.000000
3.485400,60.000000
3.485500,60.000000
3.485600,60.000000
3.485700,60.000000
3.485800,60.000000
3.485900,60.000000
3.486000,60.000000
3.486100,60.000000
3.486200,60.000000
3.486300,60.000000
3.486400,60.000000
3.486500,60.000000
3.486600,60.000000
3.486700,60.000000
3.486800,60.000000
3.486900,60.000000
3.487000,60.000000
3.487100,60.000000
3.487200,60.000000
3.487300,60.000000
3.487400,60.000000
3.487500,60.000000
3.487600,60.000000
3.487700,60.000000
3.487800,60.000000
3.487900,60.000000
3.488000,60.000000
3.488100,60.000000
3.488200,60.000000
3.488300,60.000000
3.488400,60.000000
3.488500,60.000000
3.488600,60.000000
3.488700,60.000000
3.488800,60.000000
3.488900,60.000000
3.489000,60.000000
3.489100,60.000000
3.489200,60.000000
3.489300,60.000000
3.489400,60.000000
3.489500,60.000000
3.489600,60.000000
3.489700,60.000000
3.489800,60.000000
3.489900,60.000000
3.490000,60.000000
3.490100,60.000000
3.490200,60.000000
3.490300,60.000000
3.490400,60.000000
3.490500,60.000000
3.490600,60.000000
3.490700,60.000000
3.490800,60.000000
3.490900,60.000000
3.491000,60.000000
3.491100,60.000000
3.491200,60.000000
3.491300,60.000000
3.491400,60.000000
3.491500,60.000000
3.491600,60.000000
3.491700,60.000000
3.491800,60.000000
3.491900,60.000000
3.492000,60.000000
3.492100,60.000000
3.492200,60.000000
3.492300,60.000000
3.492400,60.000000
3.492500,60.000000
3.492600,60.000000
3.492700,60.000000
3.492800,60.000000
3.492900,60.000000
3.493000,60.000000
3.493100,60.000000
3.493200,60.000000
3.493300,60.000000
3.493400,60.000000
3.493500,60.000000
3.493600,60.000000
3.493700,60.000000
3.493800,60.000000
3.493900,60.000000
3.494000,60.000000
3.494100,60.000000
3.494200,60.000000
3.494300,60.000000
3.494400,60.000000
3.494500,60.000000
3.494600,60.000000
3.494700,60.000000
3.494800,60.000000
3.494900,60.000000
3.495000,60.000000
3.495100,60.000000
3.495200,60.000000
3.495300,60.000000
3.495400,60.000000
3.495500,60.000000
3.495600,60.000000
3.495700,60.000000
3.495800,60.000000
3.495900,60.000000
3.496000,60.000000
3.496100,60.000000
3.496200,60.000000
3.496300,60.000000
3.496400,60.000000
3.496500,60.000000
3.496600,60.000000
3.496700,60.000000
3.496800,60.000000
3.496900,60.000000
3.497000,60.000000
3.497100,60.000000
3.497200,60.000000
3.497300,60.000000
3.497400,60.000000
3.497500,60.000000
3.497600,60.000000
3.497700,60.000000
3.497800,60.000000
3.497900,60.000000
3.498000,60.000000
3.498100,60.000000
3.498200,60.000000
3.498300,60.000000
3.498400,60.000000
3.498500,60.000000
3.498600,60.000000
3.498700,60.000000
3.498800,60.000000
3.498900,60.000000
3.499000,60.000000
3.499100,60.000000
3.499200,60.000000
3.499300,60.000000
3.499400,60.000000
3.499500,60.000000
3.499600,60.000000
3.499700,60.000000
3.499800,60.000000
3.499900,60.000000
3.500000,60.000000
3.500100,60.000000
3.500200,60.000000
3.500300,60.000000
3.500400,60.000000
3.500500,60.000000
3.500600,60.000000
3.500700,60.000000
3.500800,60.000000
3.500900,60.000000
3.501000,60.000000
3.501100,60.000000
3.501200,60.000000
3.501300,60.000000
3.501400,60.000000
3.501500,60.000000
3.501600,60.000000
3.501700,60.000000
3.501800,60.000000
3.501900,60.000000
3.502000,60.000000
3.502100,60.000000
3.502200,60.000000
3.502300,60.000000
3.502400,60.000000
3.502500,60.000000
3.502600,60.000000
3.502700,60.000000
3.502800,60.000000
3.502900,60.000000
3.503000,60.000000
3.503100,60.000000
3.503200,60.000000
3.503300,60.000000
3.503400,60.000000
3.503500,60.000000
3.503600,60.000000
3.503700,60.000000
3.503800,60.000000
3.503900,60.000000
3.504000,60.000000
3.504100,60.000000
3.504200,60.000000
3.504300,60.000000
3.504400,60.000000
3.504500,60.000000
3.504600,60.000000
3.504700,60.000000
3.504800,60.000000
3.504900,60.000000
3.505000,60.000000
3.505100,60.000000
3.505200,60.000000
3.505300,60.000000
3.505400,60.000000
3.505500,60.000000
3.505600,60.000000
3.505700,60.000000
3.505800,60.000000
3.505900,60.000000
3.506000,60.000000
3.506100,60.000000
3.506200,60.000000
3.506300,60.000000
3.506400,60.000000
3.506500,60.000000
3.506600,60.000000
3.506700,60.000000
3.506800,60.000000
3.506900,60.000000
3.507000,60.000000
3.507100,60.000000
3.507200,60.000000
3.507300,60.000000
3.507400,60.000000
3.507500,60.000000
3.507600,60.000000
3.507700,60.000000
3.507800,60.000000
3.507900,60.000000
3.508000,60.000000
3.508100,60.000000
3.508200,60.000000
3.508300,60.000000
3.508400,60.000000
3.508500,60.000000
3.508600,60.000000
3.508700,60.000000
3.508800,60.000000
3.508900,60.000000
3.509000,60.000000
3.509100,60.000000
3.509200,60.000000
3.509300,60.000000
3.509400,60.000000
3.509500,60.000000
3.509600,60.000000
3.509700,60.000000
3.509800,60.000000
3.509900,60.000000
3.510000,60.000000
3.510100,60.000000
3.510200,60.000000
3.510300,60.000000
3.510400,60.000000
3.510500,60.000000
3.510600,60.000000
3.510700,60.000000
3.510800,60.000000
3.510900,60.000000
3.511000,60.000000
3.511100,60.000000
3.511200,60.000000
3.511300,60.000000
3.511400,60.000000
3.511500,60.000000
3.511600,60.000000
3.511700,60.000000
3.511800,60.000000
3.511900,60.000000
3.512000,60.000000
3.512100,60.000000
3.512200,60.000000
3.512300,60.000000
3.512400,60.000000
3.512500,60.000000
3.512600,60.000000
3.512700,60.000000
3.512800,60.000000
3.512900,60.000000
3.513000,60.000000
3.513100,60.000000
3.513200,60.000000
3.513300,60.000000
3.513400,60.000000
3.513500,60.000000
3.513600,60.000000
3.513700,60.000000
3.513800,60.000000
3.513900,60.000000
3.514000,60.000000
3.514100,60.000000
3.514200,60.000000
3.514300,60.000000
3.514400,60.000000
3.514500,60.000000
3.514600,60.000000
3.514700,60.000000
3.514800,60.000000
3.514900,60.000000
3.515000,60.000000
3.515100,60.000000
3.515200,60.000000
3.515300,60.000000
3.515400,60.000000
3.515500,60.000000
3.515600,60.000000
3.515700,60.000000
3.515800,60.000000
3.515900,60.000000
3.516000,60.000000
3.516100,60.000000
3.516200,60.000000
3.516300,60.000000
3.516400,60.000000
3.516500,60.000000
3.516600,60.000000
3.516700,60.000000
3.516800,60.000000
3.516900,60.000000
3.517000,60.000000
3.517100,60.000000
3.517200,60.000000
3.517300,60.000000
3.517400,60.000000
3.517500,60.000000
3.517600,60.000000
3.517700,60.000000
3.517800,60.000000
3.517900,60.000000
3.518000,60.000000
3.518100,60.000000
3.518200,60.000000
3.518300,60.000000
3.518400,60.000000
3.518500,60.000000
3.518600,60.000000
3.518700,60.000000
3.518800,60.000000
3.518900,60.000000
3.519000,60.000000
3.519100,60.000000
3.519200,60.000000
3.519300,60.000000
3.519400,60.000000
3.519500,60.000000
3.519600,60.000000
3.519700,60.000000
3.519800,60.000000
3.519900,60.000000
3.520000,60.000000
3.520100,60.000000
3.520200,60.000000
3.520300,60.000000
3.520400,60.000000
3.520500,60.000000
3.520600,60.000000
3.520700,60.000000
3.520800,60.000000
3.520900,60.000000
3.521000,60.000000
3.521100,60.000000
3.521200,60.000000
3.521300,60.000000
3.521400,60.000000
3.521500,60.000000
3.521600,60.000000
3.521700,60.000000
3.521800,60.000000
3.521900,60.000000
3.522000,60.000000
3.522100,60.000000
3.522200,60.000000
3.522300,60.000000
3.522400,60.000000
3.522500,60.000000
3.522600,60.000000
3.522700,60.000000
3.522800,60.000000
3.522900,60.000000
3.523000,60.000000
3.523100,60.000000
3.523200,60.000000
3.523300,60.000000
3.523400,60.000000
3.523500,60.000000
3.523600,60.000000
3.523700,60.000000
3.523800,60.000000
3.523900,60.000000
3.524000,60.000000
3.524100,60.000000
3.524200,60.000000
3.524300,60.000000
3.524400,60.000000
3.524500,60.000000
3.524600,60.000000
3.524700,60.000000
3.524800,60.000000
3.524900,60.000000
3.525000,60.000000
3.525100,60.000000
3.525200,60.000000
3.525300,60.000000
3.525400,60.000000
3.525500,60.000000
3.525600,60.000000
3.525700,60.000000
3.525800,60.000000
3.525900,60.000000
3.526000,60.000000
3.526100,60.000000
3.526200,60.000000
3.526300,60.000000
3.526400,60.000000
3.526500,60.000000
3.526600,60.000000
3.526700,60.000000
3.526800,60.000000
3.526900,60.000000
3.527000,60.000000
3.527100,60.000000
3.527200,60.000000
3.527300,60.000000
3.527400,60.000000
3.527500,60.000000
3.527600,60.000000
3.527700,60.000000
3.527800,60.000000
3.527900,60.000000
3.528000,60.000000
3.528100,60.000000
3.528200,60.000000
3.528300,60.000000
3.528400,60.000000
3.528500,60.000000
3.528600,60.000000
3.528700,60.000000
3.528800,60.000000
3.528900,60.000000
3.529000,60.000000
3.529100,60.000000
3.529200,60.000000
3.529300,60.000000
3.529400,60.000000
3.529500,60.000000
3.529600,60.000000
3.529700,60.000000
3.529800,60.000000
3.529900,60.000000
3.530000,60.000000
3.530100,60.000000
3.530200,60.000000
3.530300,60.000000
3.530400,60.000000
3.530500,60.000000
3.530600,60.000000
3.530700,60.000000
3.530800,60.000000
3.530900,60.000000
3.531000,60.000000
3.531100,60.000000
3.531200,60.000000
3.531300,60.000000
3.531400,60.000000
3.531500,60.000000
3.531600,60.000000
3.531700,60.000000
3.531800,60.000000
3.531900,60.000000
3.532000,60.000000
3.532100,60.000000
3.532200,60.000000
3.532300,60.000000
3.532400,60.000000
3.532500,60.000000
3.532600,60.000000
3.532700,60.000000
3.532800,60.000000
3.532900,60.000000
3.533000,60.000000
3.533100,60.000000
3.533200,60.000000
3.533300,60.000000
3.533400,60.000000
3.533500,60.000000
3.533600,60.000000
3.533700,60.000000
3.533800,60.000000
3.533900,60.000000
3.534000,60.000000
3.534100,60.000000
3.534200,60.000000
3.534300,60.000000
3.534400,60.000000
3.534500,60.000000
3.534600,60.000000
3.534700,60.000000
3.534800,60.000000
3.534900,60.000000
3.535000,60.000000
3.535100,60.000000
3.535200,60.000000
3.535300,60.000000
3.535400,60.000000
3.535500,60.000000
3.535600,60.000000
3.535700,60.000000
3.535800,60.000000
3.535900,60.000000
3.536000,60.000000
3.536100,60.000000
3.536200,60.000000
3.536300,60.000000
3.536400,60.000000
3.536500,60.000000
3.536600,60.000000
3.536700,60.000000
3.536800,60.000000
3.536900,60.000000
3.537000,60.000000
3.537100,60.000000
3.537200,60.000000
3.537300,60.000000
3.537400,60.000000
3.537500,60.000000
3.537600,60.000000
3.537700,60.000000
3.537800,60.000000
3.537900,60.000000
3.538000,60.000000
3.538100,60.000000
3.538200,60.000000
3.538300,60.000000
3.538400,60.000000
3.538500,60.000000
3.538600,60.000000
3.538700,60.000000
3.538800,60.000000
3.538900,60.000000
3.539000,60.000000
3.539100,60.000000
3.539200,60.000000
3.539300,60.000000
3.539400,60.000000
3.539500,60.000000
3.539600,60.000000
3.539700,60.000000
3.539800,60.000000
3.539900,60.000000
3.540000,60.000000
3.540100,60.000000
3.540200,60.000000
3.540300,60.000000
3.540400,60.000000
3.540500,60.000000
3.540600,60.000000
3.540700,60.000000
3.540800,60.000000
3.540900,60.000000
3.541000,60.000000
3.541100,60.000000
3.541200,60.000000
3.541300,60.000000
3.541400,60.000000
3.541500,60.000000
3.541600,60.000000
3.541700,60.000000
3.541800,60.000000
3.541900,60.000000
3.542000,60.000000
3.542100,60.000000
3.542200,60.000000
3.542300,60.000000
3.542400,60.000000
3.542500,60.000000
3.542600,60.000000
3.542700,60.000000
3.542800,60.000000
3.542900,60.000000
3.543000,60.000000
3.543100,60.000000
3.543200,60.000000
3.543300,60.000000
3.543400,60.000000
3.543500,60.000000
3.543600,60.000000
3.543700,60.000000
3.543800,60.000000
3.543900,60.000000
3.544000,60.000000
3.544100,60.000000
3.544200,60.000000
3.544300,60.000000
3.544400,60.000000
3.544500,60.000000
3.544600,60.000000
3.544700,60.000000
3.544800,60.000000
3.544900,60.000000
3.545000,60.000000
3.545100,60.000000
3.545200,60.000000
3.545300,60.000000
3.545400,60.000000
3.545500,60.000000
3.545600,60.000000
3.545700,60.000000
3.545800,60.000000
3.545900,60.000000
3.546000,60.000000
3.546100,60.000000
3.546200,60.000000
3.546300,60.000000
3.546400,60.000000
3.546500,60.000000
3.546600,60.000000
3.546700,60.000000
3.546800,60.000000
3.546900,60.000000
3.547000,60.000000
3.547100,60.000000
3.547200,60.000000
3.547300,60.000000
3.547400,60.000000
3.547500,60.000000
3.547600,60.000000
3.547700,60.000000
3.547800,60.000000
3.547900,60.000000
3.548000,60.000000
3.548100,60.000000
3.548200,60.000000
3.548300,60.000000
3.548400,60.000000
3.548500,60.000000
3.548600,60.000000
3.548700,60.000000
3.548800,60.000000
3.548900,60.000000
3.549000,60.000000
3.549100,60.000000
3.549200,60.000000
3.549300,60.000000
3.549400,60.000000
3.549500,60.000000
3.549600,60.000000
3.549700,60.000000
3.549800,60.000000
3.549900,60.000000
3.550000,60.000000
3.550100,60.000000
3.550200,60.000000
3.550300,60.000000
3.550400,60.000000
3.550500,60.000000
3.550600,60.000000
3.550700,60.000000
3.550800,60.000000
3.550900,60.000000
3.551000,60.000000
3.551100,60.000000
3.551200,60.000000
3.551300,60.000000
3.551400,60.000000
3.551500,60.000000
3.551600,60.000000
3.551700,60.000000
3.551800,60.000000
3.551900,60.000000
3.552000,60.000000
3.552100,60.000000
3.552200,60.000000
3.552300,60.000000
3.552400,60.000000
3.552500,60.000000
3.552600,60.000000
3.552700,60.000000
3.552800,60.000000
3.552900,60.000000
3.553000,60.000000
3.553100,60.000000
3.553200,60.000000
3.553300,60.000000
3.553400,60.000000
3.553500,60.000000
3.553600,60.000000
3.553700,60.000000
3.553800,60.000000
3.553900,60.000000
3.554000,60.000000
3.554100,60.000000
3.554200,60.000000
3.554300,60.000000
3.554400,60.000000
3.554500,60.000000
3.554600,60.000000
3.554700,60.000000
3.554800,60.000000
3.554900,60.000000
3.555000,60.000000
3.555100,60.000000
3.555200,60.000000
3.555300,60.000000
3.555400,60.000000
3.555500,60.000000
3.555600,60.000000
3.555700,60.000000
3.555800,60.000000
3.555900,60.000000
3.556000,60.000000
3.556100,60.000000
3.556200,60.000000
3.556300,60.000000
3.556400,60.000000
3.556500,60.000000
3.556600,60.000000
3.556700,60.000000
3.556800,60.000000
3.556900,60.000000
3.557000,60.000000
3.557100,60.000000
3.557200,60.000000
3.557300,60.000000
3.557400,60.000000
3.557500,60.000000
3.557600,60.000000
3.557700,60.000000
3.557800,60.000000
3.557900,60.000000
3.558000,60.000000
3.558100,60.000000
3.558200,60.000000
3.558300,60.000000
3.558400,60.000000
3.558500,60.000000
3.558600,60.000000
3.558700,60.000000
3.558800,60.000000
3.558900,60.000000
3.559000,60.000000
3.559100,60.000000
3.559200,60.000000
3.559300,60.000000
3.559400,60.000000
3.559500,60.000000
3.559600,60.000000
3.559700,60.000000
3.559800,60.000000
3.559900,60.000000
3.560000,60.000000
3.560100,60.000000
3.560200,60.000000
3.560300,60.000000
3.560400,60.000000
3.560500,60.000000
3.560600,60.000000
3.560700,60.000000
3.560800,60.000000
3.560900,60.000000
3.561000,60.000000
3.561100,60.000000
3.561200,60.000000
3.561300,60.000000
3.561400,60.000000
3.561500,60.000000
3.561600,60.000000
3.561700,60.000000
3.561800,60.000000
3.561900,60.000000
3.562000,60.000000
3.562100,60.000000
3.562200,60.000000
3.562300,60.000000
3.562400,60.000000
3.562500,60.000000
3.562600,60.000000
3.562700,60.000000
3.562800,60.000000
3.562900,60.000000
3.563000,60.000000
3.563100,60.000000
3.563200,60.000000
3.563300,60.000000
3.563400,60.000000
3.563500,60.000000
3.563600,60.000000
3.563700,60.000000
3.563800,60.000000
3.563900,60.000000
3.564000,60.000000
3.564100,60.000000
3.564200,60.000000
3.564300,60.000000
3.564400,60.000000
3.564500,60.000000
3.564600,60.000000
3.564700,60.000000
3.564800,60.000000
3.564900,60.000000
3.565000,60.000000
3.565100,60.000000
3.565200,60.000000
3.565300,60.000000
3.565400,60.000000
3.565500,60.000000
3.565600,60.000000
3.565700,60.000000
3.565800,60.000000
3.565900,60.000000
3.566000,60.000000
3.566100,60.000000
3.566200,60.000000
3.566300,60.000000
3.566400,60.000000
3.566500,60.000000
3.566600,60.000000
3.566700,60.000000
3.566800,60.000000
3.566900,60.000000
3.567000,60.000000
3.567100,60.000000
3.567200,60.000000
3.567300,60.000000
3.567400,60.000000
3.567500,60.000000
3.567600,60.000000
3.567700,60.000000
3.567800,60.000000
3.567900,60.000000
3.568000,60.000000
3.568100,60.000000
3.568200,60.000000
3.568300,60.000000
3.568400,60.000000
3.568500,60.000000
3.568600,60.000000
3.568700,60.000000
3.568800,60.000000
3.568900,60.000000
3.569000,60.000000
3.569100,60.000000
3.569200,60.000000
3.569300,60.000000
3.569400,60.000000
3.569500,60.000000
3.569600,60.000000
3.569700,60.000000
3.569800,60.000000
3.569900,60.000000
3.570000,60.000000
3.570100,60.000000
3.570200,60.000000
3.570300,60.000000
3.570400,60.000000
3.570500,60.000000
3.570600,60.000000
3.570700,60.000000
3.570800,60.000000
3.570900,60.000000
3.571000,60.000000
3.571100,60.000000
3.571200,60.000000
3.571300,60.000000
3.571400,60.000000
3.571500,60.000000
3.571600,60.000000
3.571700,60.000000
3.571800,60.000000
3.571900,60.000000
3.572000,60.000000
3.572100,60.000000
3.572200,60.000000
3.572300,60.000000
3.572400,60.000000
3.572500,60.000000
3.572600,60.000000
3.572700,60.000000
3.572800,60.000000
3.572900,60.000000
3.573000,60.000000
3.573100,60.000000
3.573200,60.000000
3.573300,60.000000
3.573400,60.000000
3.573500,60.000000
3.573600,60.000000
3.573700,60.000000
3.573800,60.000000
3.573900,60.000000
3.574000,60.000000
3.574100,60.000000
3.574200,60.000000
3.574300,60.000000
3.574400,60.000000
3.574500,60.000000
3.574600,60.000000
3.574700,60.000000
3.574800,60.000000
3.574900,60.000000
3.575000,60.000000
3.575100,60.000000
3.575200,60.000000
3.575300,60.000000
3.575400,60.000000
3.575500,60.000000
3.575600,60.000000
3.575700,60.000000
3.575800,60.000000
3.575900,60.000000
3.576000,60.000000
3.576100,60.000000
3.576200,60.000000
3.576300,60.000000
3.576400,60.000000
3.576500,60.000000
3.576600,60.000000
3.576700,60.000000
3.576800,60.000000
3.576900,60.000000
3.577000,60.000000
3.577100,60.000000
3.577200,60.000000
3.577300,60.000000
3.577400,60.000000
3.577500,60.000000
3.577600,60.000000
3.577700,60.000000
3.577800,60.000000
3.577900,60.000000
3.578000,60.000000
3.578100,60.000000
3.578200,60.000000
3.578300,60.000000
3.578400,60.000000
3.578500,60.000000
3.578600,60.000000
3.578700,60.000000
3.578800,60.000000
3.578900,60.000000
3.579000,60.000000
3.579100,60.000000
3.579200,60.000000
3.579300,60.000000
3.579400,60.000000
3.579500,60.000000
3.579600,60.000000
3.579700,60.000000
3.579800,60.000000
3.579900,60.000000
3.580000,60.000000
3.580100,60.000000
3.580200,60.000000
3.580300,60.000000
3.580400,60.000000
3.580500,60.000000
3.580600,60.000000
3.580700,60.000000
3.580800,60.000000
3.580900,60.000000
3.581000,60.000000
3.581100,60.000000
3.581200,60.000000
3.581300,60.000000
3.581400,60.000000
3.581500,60.000000
3.581600,60.000000
3.581700,60.000000
3.581800,60.000000
3.581900,60.000000
3.582000,60.000000
3.582100,60.000000
3.582200,60.000000
3.582300,60.000000
3.582400,60.000000
3.582500,60.000000
3.582600,60.000000
3.582700,60.000000
3.582800,60.000000
3.582900,60.000000
3.583000,60.000000
3.583100,60.000000
3.583200,60.000000
3.583300,60.000000
3.583400,60.000000
3.583500,60.000000
3.583600,60.000000
3.583700,60.000000
3.583800,60.000000
3.583900,60.000000
3.584000,60.000000
3.584100,60.000000
3.584200,60.000000
3.584300,60.000000
3.584400,60.000000
3.584500,60.000000
3.584600,60.000000
3.584700,60.000000
3.584800,60.000000
3.584900,60.000000
3.585000,60.000000
3.585100,60.000000
3.585200,60.000000
3.585300,60.000000
3.585400,60.000000
3.585500,60.000000
3.585600,60.000000
3.585700,60.000000
3.585800,60.000000
3.585900,60.000000
3.586000,60.000000
3.586100,60.000000
3.586200,60.000000
3.586300,60.000000
3.586400,60.000000
3.586500,60.000000
3.586600,60.000000
3.586700,60.000000
3.586800,60.000000
3.586900,60.000000
3.587000,60.000000
3.587100,60.000000
3.587200,60.000000
3.587300,60.000000
3.587400,60.000000
3.587500,60.000000
3.587600,60.000000
3.587700,60.000000
3.587800,60.000000
3.587900,60.000000
3.588000,60.000000
3.588100,60.000000
3.588200,60.000000
3.588300,60.000000
3.588400,60.000000
3.588500,60.000000
3.588600,60.000000
3.588700,60.000000
3.588800,60.000000
3.588900,60.000000
3.589000,60.000000
3.589100,60.000000
3.589200,60.000000
3.589300,60.000000
3.589400,60.000000
3.589500,60.000000
3.589600,60.000000
3.589700,60.000000
3.589800,60.000000
3.589900,60.000000
3.590000,60.000000
3.590100,60.000000
3.590200,60.000000
3.590300,60.000000
3.590400,60.000000
3.590500,60.000000
3.590600,60.000000
3.590700,60.000000
3.590800,60.000000
3.590900,60.000000
3.591000,60.000000
3.591100,60.000000
3.591200,60.000000
3.591300,60.000000
3.591400,60.000000
3.591500,60.000000
3.591600,60.000000
3.591700,60.000000
3.591800,60.000000
3.591900,60.000000
3.592000,60.000000
3.592100,60.000000
3.592200,60.000000
3.592300,60.000000
3.592400,60.000000
3.592500,60.000000
3.592600,60.000000
3.592700,60.000000
3.592800,60.000000
3.592900,60.000000
3.593000,60.000000
3.593100,60.000000
3.593200,60.000000
3.593300,60.000000
3.593400,60.000000
3.593500,60.000000
3.593600,60.000000
3.593700,60.000000
3.593800,60.000000
3.593900,60.000000
3.594000,60.000000
3.594100,60.000000
3.594200,60.000000
3.594300,60.000000
3.594400,60.000000
3.594500,60.000000
3.594600,60.000000
3.594700,60.000000
3.594800,60.000000
3.594900,60.000000
3.595000,60.000000
3.595100,60.000000
3.595200,60.000000
3.595300,60.000000
3.595400,60.000000
3.595500,60.000000
3.595600,60.000000
3.595700,60.000000
3.595800,60.000000
3.595900,60.000000
3.596000,60.000000
3.596100,60.000000
3.596200,60.000000
3.596300,60.000000
3.596400,60.000000
3.596500,60.000000
3.596600,60.000000
3.596700,60.000000
3.596800,60.000000
3.596900,60.000000
3.597000,60.000000
3.597100,60.000000
3.597200,60.000000
3.597300,60.000000
3.597400,60.000000
3.597500,60.000000
3.597600,60.000000
3.597700,60.000000
3.597800,60.000000
3.597900,60.000000
3.598000,60.000000
3.598100,60.000000
3.598200,60.000000
3.598300,60.000000
3.598400,60.000000
3.598500,60.000000
3.598600,60.000000
3.598700,60.000000
3.598800,60.000000
3.598900,60.000000
3.599000,60.000000
3.599100,60.000000
3.599200,60.000000
3.599300,60.000000
3.599400,60.000000
3.599500,60.000000
3.599600,60.000000
3.599700,60.000000
3.599800,60.000000
3.599900,60.000000
3.600000,60.000000
3.600100,60.000000
3.600200,60.000000
3.600300,60.000000
3.600400,60.000000
3.600500,60.000000
3.600600,60.000000
3.600700,60.000000
3.600800,60.000000
3.600900,60.000000
3.601000,60.000000
3.601100,60.000000
3.601200,60.000000
3.601300,60.000000
3.601400,60.000000
3.601500,60.000000
3.601600,60.000000
3.601700,60.000000
3.601800,60.000000
3.601900,60.000000
3.602000,60.000000
3.602100,60.000000
3.602200,60.000000
3.602300,60.000000
3.602400,60.000000
3.602500,60.000000
3.602600,60.000000
3.602700,60.000000
3.602800,60.000000
3.602900,60.000000
3.603000,60.000000
3.603100,60.000000
3.603200,60.000000
3.603300,60.000000
3.603400,60.000000
3.603500,60.000000
3.603600,60.000000
3.603700,60.000000
3.603800,60.000000
3.603900,60.000000
3.604000,60.000000
3.604100,60.000000
3.604200,60.000000
3.604300,60.000000
3.604400,60.000000
3.604500,60.000000
3.604600,60.000000
3.604700,60.000000
3.604800,60.000000
3.604900,60.000000
3.605000,60.000000
3.605100,60.000000
3.605200,60.000000
3.605300,60.000000
3.605400,60.000000
3.605500,60.000000
3.605600,60.000000
3.605700,60.000000
3.605800,60.000000
3.605900,60.000000
3.606000,60.000000
3.606100,60.000000
3.606200,60.000000
3.606300,60.000000
3.606400,60.000000
3.606500,60.000000
3.606600,60.000000
3.606700,60.000000
3.606800,60.000000
3.606900,60.000000
3.607000,60.000000
3.607100,60.000000
3.607200,60.000000
3.607300,60.000000
3.607400,60.000000
3.607500,60.000000
3.607600,60.000000
3.607700,60.000000
3.607800,60.000000
3.607900,60.000000
3.608000,60.000000
3.608100,60.000000
3.608200,60.000000
3.608300,60.000000
3.608400,60.000000
3.608500,60.000000
3.608600,60.000000
3.608700,60.000000
3.608800,60.000000
3.608900,60.000000
3.609000,60.000000
3.609100,60.000000
3.609200,60.000000
3.609300,60.000000
3.609400,60.000000
3.609500,60.000000
3.609600,60.000000
3.609700,60.000000
3.609800,60.000000
3.609900,60.000000
3.610000,60.000000
3.610100,60.000000
3.610200,60.000000
3.610300,60.000000
3.610400,60.000000
3.610500,60.000000
3.610600,60.000000
3.610700,60.000000
3.610800,60.000000
3.610900,60.000000
3.611000,60.000000
3.611100,60.000000
3.611200,60.000000
3.611300,60.000000
3.611400,60.000000
3.611500,60.000000
3.611600,60.000000
3.611700,60.000000
3.611800,60.000000
3.611900,60.000000
3.612000,60.000000
3.612100,60.000000
3.612200,60.000000
3.612300,60.000000
3.612400,60.000000
3.612500,60.000000
3.612600,60.000000
3.612700,60.000000
3.612800,60.000000
3.612900,60.000000
3.613000,60.000000
3.613100,60.000000
3.613200,60.000000
3.613300,60.000000
3.613400,60.000000
3.613500,60.000000
3.613600,60.000000
3.613700,60.000000
3.613800,60.000000
3.613900,60.000000
3.614000,60.000000
3.614100,60.000000
3.614200,60.000000
3.614300,60.000000
3.614400,60.000000
3.614500,60.000000
3.614600,60.000000
3.614700,60.000000
3.614800,60.000000
3.614900,60.000000
3.615000,60.000000
3.615100,60.000000
3.615200,60.000000
3.615300,60.000000
3.615400,60.000000
3.615500,60.000000
3.615600,60.000000
3.615700,60.000000
3.615800,60.000000
3.615900,60.000000
3.616000,60.000000
3.616100,60.000000
3.616200,60.000000
3.616300,60.000000
3.616400,60.000000
3.616500,60.000000
3.616600,60.000000
3.616700,60.000000
3.616800,60.000000
3.616900,60.000000
3.617000,60.000000
3.617100,60.000000
3.617200,60.000000
3.617300,60.000000
3.617400,60.000000
3.617500,60.000000
3.617600,60.000000
3.617700,60.000000
3.617800,60.000000
3.617900,60.000000
3.618000,60.000000
3.618100,60.000000
3.618200,60.000000
3.618300,60.000000
3.618400,60.000000
3.618500,60.000000
3.618600,60.000000
3.618700,60.000000
3.618800,60.000000
3.618900,60.000000
3.619000,60.000000
3.619100,60.000000
3.619200,60.000000
3.619300,60.000000
3.619400,60.000000
3.619500,60.000000
3.619600,60.000000
3.619700,60.000000
3.619800,60.000000
3.619900,60.000000
3.620000,60.000000
3.620100,60.000000
3.620200,60.000000
3.620300,60.000000
3.620400,60.000000
3.620500,60.000000
3.620600,60.000000
3.620700,60.000000
3.620800,60.000000
3.620900,60.000000
3.621000,60.000000
3.621100,60.000000
3.621200,60.000000
3.621300,60.000000
3.621400,60.000000
3.621500,60.000000
3.621600,60.000000
3.621700,60.000000
3.621800,60.000000
3.621900,60.000000
3.622000,60.000000
3.622100,60.000000
3.622200,60.000000
3.622300,60.000000
3.622400,60.000000
3.622500,60.000000
3.622600,60.000000
3.622700,60.000000
3.622800,60.000000
3.622900,60.000000
3.623000,60.000000
3.623100,60.000000
3.623200,60.000000
3.623300,60.000000
3.623400,60.000000
3.623500,60.000000
3.623600,60.000000
3.623700,60.000000
3.623800,60.000000
3.623900,60.000000
3.624000,60.000000
3.624100,60.000000
3.624200,60.000000
3.624300,60.000000
3.624400,60.000000
3.624500,60.000000
3.624600,60.000000
3.624700,60.000000
3.624800,60.000000
3.624900,60.000000
3.625000,60.000000
3.625100,60.000000
3.625200,60.000000
3.625300,60.000000
3.625400,60.000000
3.625500,60.000000
3.625600,60.000000
3.625700,60.000000
3.625800,60.000000
3.625900,60.000000
3.626000,60.000000
3.626100,60.000000
3.626200,60.000000
3.626300,60.000000
3.626400,60.000000
3.626500,60.000000
3.626600,60.000000
3.626700,60.000000
3.626800,60.000000
3.626900,60.000000
3.627000,60.000000
3.627100,60.000000
3.627200,60.000000
3.627300,60.000000
3.627400,60.000000
3.627500,60.000000
3.627600,60.000000
3.627700,60.000000
3.627800,60.000000
3.627900,60.000000
3.628000,60.000000
3.628100,60.000000
3.628200,60.000000
3.628300,60.000000
3.628400,60.000000
3.628500,60.000000
3.628600,60.000000
3.628700,60.000000
3.628800,60.000000
3.628900,60.000000
3.629000,60.000000
3.629100,60.000000
3.629200,60.000000
3.629300,60.000000
3.629400,60.000000
3.629500,60.000000
3.629600,60.000000
3.629700,60.000000
3.629800,60.000000
3.629900,60.000000
3.630000,60.000000
3.630100,60.000000
3.630200,60.000000
3.630300,60.000000
3.630400,60.000000
3.630500,60.000000
3.630600,60.000000
3.630700,60.000000
3.630800,60.000000
3.630900,60.000000
3.631000,60.000000
3.631100,60.000000
3.631200,60.000000
3.631300,60.000000
3.631400,60.000000
3.631500,60.000000
3.631600,60.000000
3.631700,60.000000
3.631800,60.000000
3.631900,60.000000
3.632000,60.000000
3.632100,60.000000
3.632200,60.000000
3.632300,60.000000
3.632400,60.000000
3.632500,60.000000
3.632600,60.000000
3.632700,60.000000
3.632800,60.000000
3.632900,60.000000
3.633000,60.000000
3.633100,60.000000
3.633200,60.000000
3.633300,60.000000
3.633400,60.000000
3.633500,60.000000
3.633600,60.000000
3.633700,60.000000
3.633800,60.000000
3.633900,60.000000
3.634000,60.000000
3.634100,60.000000
3.634200,60.000000
3.634300,60.000000
3.634400,60.000000
3.634500,60.000000
3.634600,60.000000
3.634700,60.000000
3.634800,60.000000
3.634900,60.000000
3.635000,60.000000
3.635100,60.000000
3.635200,60.000000
3.635300,60.000000
3.635400,60.000000
3.635500,60.000000
3.635600,60.000000
3.635700,60.000000
3.635800,60.000000
3.635900,60.000000
3.636000,60.000000
3.636100,60.000000
3.636200,60.000000
3.636300,60.000000
3.636400,60.000000
3.636500,60.000000
3.636600,60.000000
3.636700,60.000000
3.636800,60.000000
3.636900,60.000000
3.637000,60.000000
3.637100,60.000000
3.637200,60.000000
3.637300,60.000000
3.637400,60.000000
3.637500,60.000000
3.637600,60.000000
3.637700,60.000000
3.637800,60.000000
3.637900,60.000000
3.638000,60.000000
3.638100,60.000000
3.638200,60.000000
3.638300,60.000000
3.638400,60.000000
3.638500,60.000000
3.638600,60.000000
3.638700,60.000000
3.638800,60.000000
3.638900,60.000000
3.639000,60.000000
3.639100,60.000000
3.639200,60.000000
3.639300,60.000000
3.639400,60.000000
3.639500,60.000000
3.639600,60.000000
3.639700,60.000000
3.639800,60.000000
3.639900,60.000000
3.640000,60.000000
3.640100,60.000000
3.640200,60.000000
3.640300,60.000000
3.640400,60.000000
3.640500,60.000000
3.640600,60.000000
3.640700,60.000000
3.640800,60.000000
3.640900,60.000000
3.641000,60.000000
3.641100,60.000000
3.641200,60.000000
3.641300,60.000000
3.641400,60.000000
3.641500,60.000000
3.641600,60.000000
3.641700,60.000000
3.641800,60.000000
3.641900,60.000000
3.642000,60.000000
3.642100,60.000000
3.642200,60.000000
3.642300,60.000000
3.642400,60.000000
3.642500,60.000000
3.642600,60.000000
3.642700,60.000000
3.642800,60.000000
3.642900,60.000000
3.643000,60.000000
3.643100,60.000000
3.643200,60.000000
3.643300,60.000000
3.643400,60.000000
3.643500,60.000000
3.643600,60.000000
3.643700,60.000000
3.643800,60.000000
3.643900,60.000000
3.644000,60.000000
3.644100,60.000000
3.644200,60.000000
3.644300,60.000000
3.644400,60.000000
3.644500,60.000000
3.644600,60.000000
3.644700,60.000000
3.644800,60.000000
3.644900,60.000000
3.645000,60.000000
3.645100,60.000000
3.645200,60.000000
3.645300,60.000000
3.645400,60.000000
3.645500,60.000000
3.645600,60.000000
3.645700,60.000000
3.645800,60.000000
3.645900,60.000000
3.646000,60.000000
3.646100,60.000000
3.646200,60.000000
3.646300,60.000000
3.646400,60.000000
3.646500,60.000000
3.646600,60.000000
3.646700,60.000000
3.646800,60.000000
3.646900,60.000000
3.647000,60.000000
3.647100,60.000000
3.647200,60.000000
3.647300,60.000000
3.647400,60.000000
3.647500,60.000000
3.647600,60.000000
3.647700,60.000000
3.647800,60.000000
3.647900,60.000000
3.648000,60.000000
3.648100,60.000000
3.648200,60.000000
3.648300,60.000000
3.648400,60.000000
3.648500,60.000000
3.648600,60.000000
3.648700,60.000000
3.648800,60.000000
3.648900,60.000000
3.649000,60.000000
3.649100,60.000000
3.649200,60.000000
3.649300,60.000000
3.649400,60.000000
3.649500,60.000000
3.649600,60.000000
3.649700,60.000000
3.649800,60.000000
3.649900,60.000000
3.650000,60.000000
3.650100,60.000000
3.650200,60.000000
3.650300,60.000000
3.650400,60.000000
3.650500,60.000000
3.650600,60.000000
3.650700,60.000000
3.650800,60.000000
3.650900,60.000000
3.651000,60.000000
3.651100,60.000000
3.651200,60.000000
3.651300,60.000000
3.651400,60.000000
3.651500,60.000000
3.651600,60.000000
3.651700,60.000000
3.651800,60.000000
3.651900,60.000000
3.652000,60.000000
3.652100,60.000000
3.652200,60.000000
3.652300,60.000000
3.652400,60.000000
3.652500,60.000000
3.652600,60.000000
3.652700,60.000000
3.652800,60.000000
3.652900,60.000000
3.653000,60.000000
3.653100,60.000000
3.653200,60.000000
3.653300,60.000000
3.653400,60.000000
3.653500,60.000000
3.653600,60.000000
3.653700,60.000000
3.653800,60.000000
3.653900,60.000000
3.654000,60.000000
3.654100,60.000000
3.654200,60.000000
3.654300,60.000000
3.654400,60.000000
3.654500,60.000000
3.654600,60.000000
3.654700,60.000000
3.654800,60.000000
3.654900,60.000000
3.655000,60.000000
3.655100,60.000000
3.655200,60.000000
3.655300,60.000000
3.655400,60.000000
3.655500,60.000000
3.655600,60.000000
3.655700,60.000000
3.655800,60.000000
3.655900,60.000000
3.656000,60.000000
3.656100,60.000000
3.656200,60.000000
3.656300,60.000000
3.656400,60.000000
3.656500,60.000000
3.656600,60.000000
3.656700,60.000000
3.656800,60.000000
3.656900,60.000000
3.657000,60.000000
3.657100,60.000000
3.657200,60.000000
3.657300,60.000000
3.657400,60.000000
3.657500,60.000000
3.657600,60.000000
3.657700,60.000000
3.657800,60.000000
3.657900,60.000000
3.658000,60.000000
3.658100,60.000000
3.658200,60.000000
3.658300,60.000000
3.658400,60.000000
3.658500,60.000000
3.658600,60.000000
3.658700,60.000000
3.658800,60.000000
3.658900,60.000000
3.659000,60.000000
3.659100,60.000000
3.659200,60.000000
3.659300,60.000000
3.659400,60.000000
3.659500,60.000000
3.659600,60.000000
3.659700,60.000000
3.659800,60.000000
3.659900,60.000000
3.660000,60.000000
3.660100,60.000000
3.660200,60.000000
3.660300,60.000000
3.660400,60.000000
3.660500,60.000000
3.660600,60.000000
3.660700,60.000000
3.660800,60.000000
3.660900,60.000000
3.661000,60.000000
3.661100,60.000000
3.661200,60.000000
3.661300,60.000000
3.661400,60.000000
3.661500,60.000000
3.661600,60.000000
3.661700,60.000000
3.661800,60.000000
3.661900,60.000000
3.662000,60.000000
3.662100,60.000000
3.662200,60.000000
3.662300,60.000000
3.662400,60.000000
3.662500,60.000000
3.662600,60.000000
3.662700,60.000000
3.662800,60.000000
3.662900,60.000000
3.663000,60.000000
3.663100,60.000000
3.663200,60.000000
3.663300,60.000000
3.663400,60.000000
3.663500,60.000000
3.663600,60.000000
3.663700,60.000000
3.663800,60.000000
3.663900,60.000000
3.664000,60.000000
3.664100,60.000000
3.664200,60.000000
3.664300,60.000000
3.664400,60.000000
3.664500,60.000000
3.664600,60.000000
3.664700,60.000000
3.664800,60.000000
3.664900,60.000000
3.665000,60.000000
3.665100,60.000000
3.665200,60.000000
3.665300,60.000000
3.665400,60.000000
3.665500,60.000000
3.665600,60.000000
3.665700,60.000000
3.665800,60.000000
3.665900,60.000000
3.666000,60.000000
3.666100,60.000000
3.666200,60.000000
3.666300,60.000000
3.666400,60.000000
3.666500,60.000000
3.666600,60.000000
3.666700,60.000000
3.666800,60.000000
3.666900,60.000000
3.667000,60.000000
3.667100,60.000000
3.667200,60.000000
3.667300,60.000000
3.667400,60.000000
3.667500,60.000000
3.667600,60.000000
3.667700,60.000000
3.667800,60.000000
3.667900,60.000000
3.668000,60.000000
3.668100,60.000000
3.668200,60.000000
3.668300,60.000000
3.668400,60.000000
3.668500,60.000000
3.668600,60.000000
3.668700,60.000000
3.668800,60.000000
3.668900,60.000000
3.669000,60.000000
3.669100,60.000000
3.669200,60.000000
3.669300,60.000000
3.669400,60.000000
3.669500,60.000000
3.669600,60.000000
3.669700,60.000000
3.669800,60.000000
3.669900,60.000495
3.670000,60.000495
3.670100,60.000495
3.670200,60.000495
3.670300,60.000495
3.670400,60.000495
3.670500,60.000495
3.670600,60.000495
3.670700,60.000495
3.670800,60.000495
3.670900,60.000495
3.671000,60.000495
3.671100,60.000495
3.671200,60.000495
3.671300,60.000495
3.671400,60.000495
3.671500,60.000495
3.671600,60.000495
3.671700,60.000495
3.671800,60.000495
3.671900,60.000495
3.672000,60.000495
3.672100,60.000495
3.672200,60.000495
3.672300,60.000495
3.672400,60.000495
3.672500,60.000495
3.672600,60.000495
3.672700,60.000495
3.672800,60.000495
3.672900,60.000495
3.673000,60.000495
3.673100,60.000495
3.673200,60.000495
3.673300,60.000495
3.673400,60.000495
3.673500,60.000495
3.673600,60.000495
3.673700,60.000495
3.673800,60.000495
3.673900,60.000495
3.674000,60.000495
3.674100,60.000495
3.674200,60.000495
3.674300,60.000495
3.674400,60.000495
3.674500,60.000495
3.674600,60.000495
3.674700,60.000495
3.674800,60.000495
3.674900,60.000513
3.675000,60.000513
3.675100,60.000513
3.675200,60.000513
3.675300,60.000513
3.675400,60.000513
3.675500,60.000513
3.675600,60.000513
3.675700,60.000513
3.675800,60.000513
3.675900,60.000513
3.676000,60.000513
3.676100,60.000513
3.676200,60.000513
3.676300,60.000513
3.676400,60.000513
3.676500,60.000513
3.676600,60.000513
3.676700,60.000513
3.676800,60.000513
3.676900,60.000513
3.677000,60.000513
3.677100,60.000513
3.677200,60.000513
3.677300,60.000513
3.677400,60.000513
3.677500,60.000513
3.677600,60.000513
3.677700,60.000513
3.677800,60.000513
3.677900,60.000513
3.678000,60.000513
3.678100,60.000513
3.678200,60.000513
3.678300,60.000513
3.678400,60.000513
3.678500,60.000513
3.678600,60.000513
3.678700,60.000513
3.678800,60.000513
3.678900,60.000513
3.679000,60.000513
3.679100,60.000513
3.679200,60.000513
3.679300,60.000513
3.679400,60.000513
3.679500,60.000513
3.679600,60.000513
3.679700,60.000513
3.679800,60.000513
3.679900,60.000531
3.680000,60.000531
3.680100,60.000531
3.680200,60.000531
3.680300,60.000531
3.680400,60.000531
3.680500,60.000531
3.680600,60.000531
3.680700,60.000531
3.680800,60.000531
3.680900,60.000531
3.681000,60.000531
3.681100,60.000531
3.681200,60.000531
3.681300,60.000531
3.681400,60.000531
3.681500,60.000531
3.681600,60.000531
3.681700,60.000531
3.681800,60.000531
3.681900,60.000531
3.682000,60.000531
3.682100,60.000531
3.682200,60.000531
3.682300,60.000531
3.682400,60.000531
3.682500,60.000531
3.682600,60.000531
3.682700,60.000531
3.682800,60.000531
3.682900,60.000531
3.683000,60.000531
3.683100,60.000531
3.683200,60.000531
3.683300,60.000531
3.683400,60.000531
3.683500,60.000531
3.683600,60.000531
3.683700,60.000531
3.683800,60.000531
3.683900,60.000531
3.684000,60.000531
3.684100,60.000531
3.684200,60.000531
3.684300,60.000531
3.684400,60.000531
3.684500,60.000531
3.684600,60.000531
3.684700,60.000531
3.684800,60.000531
3.684900,60.000549
3.685000,60.000549
3.685100,60.000549
3.685200,60.000549
3.685300,60.000549
3.685400,60.000549
3.685500,60.000549
3.685600,60.000549
3.685700,60.000549
3.685800,60.000549
3.685900,60.000549
3.686000,60.000549
3.686100,60.000549
3.686200,60.000549
3.686300,60.000549
3.686400,60.000549
3.686500,60.000549
3.686600,60.000549
3.686700,60.000549
3.686800,60.000549
3.686900,60.000549
3.687000,60.000549
3.687100,60.000549
3.687200,60.000549
3.687300,60.000549
3.687400,60.000549
3.687500,60.000549
3.687600,60.000549
3.687700,60.000549
3.687800,60.000549
3.687900,60.000549
3.688000,60.000549
3.688100,60.000549
3.688200,60.000549
3.688300,60.000549
3.688400,60.000549
3.688500,60.000549
3.688600,60.000549
3.688700,60.000549
3.688800,60.000549
3.688900,60.000549
3.689000,60.000549
3.689100,60.000549
3.689200,60.000549
3.689300,60.000549
3.689400,60.000549
3.689500,60.000549
3.689600,60.000549
3.689700,60.000549
3.689800,60.000549
3.689900,60.000567
3.690000,60.000567
3.690100,60.000567
3.690200,60.000567
3.690300,60.000567
3.690400,60.000567
3.690500,60.000567
3.690600,60.000567
3.690700,60.000567
3.690800,60.000567
3.690900,60.000567
3.691000,60.000567
3.691100,60.000567
3.691200,60.000567
3.691300,60.000567
3.691400,60.000567
3.691500,60.000567
3.691600,60.000567
3.691700,60.000567
3.691800,60.000567
3.691900,60.000567
3.692000,60.000567
3.692100,60.000567
3.692200,60.000567
3.692300,60.000567
3.692400,60.000567
3.692500,60.000567
3.692600,60.000567
3.692700,60.000567
3.692800,60.000567
3.692900,60.000567
3.693000,60.000567
3.693100,60.000567
3.693200,60.000567
3.693300,60.000567
3.693400,60.000567
3.693500,60.000567
3.693600,60.000567
3.693700,60.000567
3.693800,60.000567
3.693900,60.000567
3.694000,60.000567
3.694100,60.000567
3.694200,60.000567
3.694300,60.000567
3.694400,60.000567
3.694500,60.000567
3.694600,60.000567
3.694700,60.000567
3.694800,60.000567
3.694900,60.000584
3.695000,60.000584
3.695100,60.000584
3.695200,60.000584
3.695300,60.000584
3.695400,60.000584
3.695500,60.000584
3.695600,60.000584
3.695700,60.000584
3.695800,60.000584
3.695900,60.000584
3.696000,60.000584
3.696100,60.000584
3.696200,60.000584
3.696300,60.000584
3.696400,60.000584
3.696500,60.000584
3.696600,60.000584
3.696700,60.000584
3.696800,60.000584
3.696900,60.000584
3.697000,60.000584
3.697100,60.000584
3.697200,60.000584
3.697300,60.000584
3.697400,60.000584
3.697500,60.000584
3.697600,60.000584
3.697700,60.000584
3.697800,60.000584
3.697900,60.000584
3.698000,60.000584
3.698100,60.000584
3.698200,60.000584
3.698300,60.000584
3.698400,60.000584
3.698500,60.000584
3.698600,60.000584
3.698700,60.000584
3.698800,60.000584
3.698900,60.000584
3.699000,60.000584
3.699100,60.000584
3.699200,60.000584
3.699300,60.000584
3.699400,60.000584
3.699500,60.000584
3.699600,60.000584
3.699700,60.000584
3.699800,60.000584
3.699900,60.000600
3.700000,60.000600
3.700100,60.000600
3.700200,60.000600
3.700300,60.000600
3.700400,60.000600
3.700500,60.000600
3.700600,60.000600
3.700700,60.000600
3.700800,60.000600
3.700900,60.000600
3.701000,60.000600
3.701100,60.000600
3.701200,60.000600
3.701300,60.000600
3.701400,60.000600
3.701500,60.000600
3.701600,60.000600
3.701700,60.000600
3.701800,60.000600
3.701900,60.000600
3.702000,60.000600
3.702100,60.000600
3.702200,60.000600
3.702300,60.000600
3.702400,60.000600
3.702500,60.000600
3.702600,60.000600
3.702700,60.000600
3.702800,60.000600
3.702900,60.000600
3.703000,60.000600
3.703100,60.000600
3.703200,60.000600
3.703300,60.000600
3.703400,60.000600
3.703500,60.000600
3.703600,60.000600
3.703700,60.000600
3.703800,60.000600
3.703900,60.000600
3.704000,60.000600
3.704100,60.000600
3.704200,60.000600
3.704300,60.000600
3.704400,60.000600
3.704500,60.000600
3.704600,60.000600
3.704700,60.000600
3.704800,60.000600
3.704900,60.000617
3.705000,60.000617
3.705100,60.000617
3.705200,60.000617
3.705300,60.000617
3.705400,60.000617
3.705500,60.000617
3.705600,60.000617
3.705700,60.000617
3.705800,60.000617
3.705900,60.000617
3.706000,60.000617
3.706100,60.000617
3.706200,60.000617
3.706300,60.000617
3.706400,60.000617
3.706500,60.000617
3.706600,60.000617
3.706700,60.000617
3.706800,60.000617
3.706900,60.000617
3.707000,60.000617
3.707100,60.000617
3.707200,60.000617
3.707300,60.000617
3.707400,60.000617
3.707500,60.000617
3.707600,60.000617
3.707700,60.000617
3.707800,60.000617
3.707900,60.000617
3.708000,60.000617
3.708100,60.000617
3.708200,60.000617
3.708300,60.000617
3.708400,60.000617
3.708500,60.000617
3.708600,60.000617
3.708700,60.000617
3.708800,60.000617
3.708900,60.000617
3.709000,60.000617
3.709100,60.000617
3.709200,60.000617
3.709300,60.000617
3.709400,60.000617
3.709500,60.000617
3.709600,60.000617
3.709700,60.000617
3.709800,60.000617
3.709900,60.000633
3.710000,60.000633
3.710100,60.000633
3.710200,60.000633
3.710300,60.000633
3.710400,60.000633
3.710500,60.000633
3.710600,60.000633
3.710700,60.000633
3.710800,60.000633
3.710900,60.000633
3.711000,60.000633
3.711100,60.000633
3.711200,60.000633
3.711300,60.000633
3.711400,60.000633
3.711500,60.000633
3.711600,60.000633
3.711700,60.000633
3.711800,60.000633
3.711900,60.000633
3.712000,60.000633
3.712100,60.000633
3.712200,60.000633
3.712300,60.000633
3.712400,60.000633
3.712500,60.000633
3.712600,60.000633
3.712700,60.000633
3.712800,60.000633
3.712900,60.000633
3.713000,60.000633
3.713100,60.000633
3.713200,60.000633
3.713300,60.000633
3.713400,60.000633
3.713500,60.000633
3.713600,60.000633
3.713700,60.000633
3.713800,60.000633
3.713900,60.000633
3.714000,60.000633
3.714100,60.000633
3.714200,60.000633
3.714300,60.000633
3.714400,60.000633
3.714500,60.000633
3.714600,60.000633
3.714700,60.000633
3.714800,60.000633
3.714900,60.000649
3.715000,60.000649
3.715100,60.000649
3.715200,60.000649
3.715300,60.000649
3.715400,60.000649
3.715500,60.000649
3.715600,60.000649
3.715700,60.000649
3.715800,60.000649
3.715900,60.000649
3.716000,60.000649
3.716100,60.000649
3.716200,60.000649
3.716300,60.000649
3.716400,60.000649
3.716500,60.000649
3.716600,60.000649
3.716700,60.000649
3.716800,60.000649
3.716900,60.000649
3.717000,60.000649
3.717100,60.000649
3.717200,60.000649
3.717300,60.000649
3.717400,60.000649
3.717500,60.000649
3.717600,60.000649
3.717700,60.000649
3.717800,60.000649
3.717900,60.000649
3.718000,60.000649
3.718100,60.000649
3.718200,60.000649
3.718300,60.000649
3.718400,60.000649
3.718500,60.000649
3.718600,60.000649
3.718700,60.000649
3.718800,60.000649
3.718900,60.000649
3.719000,60.000649
3.719100,60.000649
3.719200,60.000649
3.719300,60.000649
3.719400,60.000649
3.719500,60.000649
3.719600,60.000649
3.719700,60.000649
3.719800,60.000649
3.719900,60.000664
3.720000,60.000664
3.720100,60.000664
3.720200,60.000664
3.720300,60.000664
3.720400,60.000664
3.720500,60.000664
3.720600,60.000664
3.720700,60.000664
3.720800,60.000664
3.720900,60.000664
3.721000,60.000664
3.721100,60.000664
3.721200,60.000664
3.721300,60.000664
3.721400,60.000664
3.721500,60.000664
3.721600,60.000664
3.721700,60.000664
3.721800,60.000664
3.721900,60.000664
3.722000,60.000664
3.722100,60.000664
3.722200,60.000664
3.722300,60.000664
3.722400,60.000664
3.722500,60.000664
3.722600,60.000664
3.722700,60.000664
3.722800,60.000664
3.722900,60.000664
3.723000,60.000664
3.723100,60.000664
3.723200,60.000664
3.723300,60.000664
3.723400,60.000664
3.723500,60.000664
3.723600,60.000664
3.723700,60.000664
3.723800,60.000664
3.723900,60.000664
3.724000,60.000664
3.724100,60.000664
3.724200,60.000664
3.724300,60.000664
3.724400,60.000664
3.724500,60.000664
3.724600,60.000664
3.724700,60.000664
3.724800,60.000664
3.724900,60.000679
3.725000,60.000679
3.725100,60.000679
3.725200,60.000679
3.725300,60.000679
3.725400,60.000679
3.725500,60.000679
3.725600,60.000679
3.725700,60.000679
3.725800,60.000679
3.725900,60.000679
3.726000,60.000679
3.726100,60.000679
3.726200,60.000679
3.726300,60.000679
3.726400,60.000679
3.726500,60.000679
3.726600,60.000679
3.726700,60.000679
3.726800,60.000679
3.726900,60.000679
3.727000,60.000679
3.727100,60.000679
3.727200,60.000679
3.727300,60.000679
3.727400,60.000679
3.727500,60.000679
3.727600,60.000679
3.727700,60.000679
3.727800,60.000679
3.727900,60.000679
3.728000,60.000679
3.728100,60.000679
3.728200,60.000679
3.728300,60.000679
3.728400,60.000679
3.728500,60.000679
3.728600,60.000679
3.728700,60.000679
3.728800,60.000679
3.728900,60.000679
3.729000,60.000679
3.729100,60.000679
3.729200,60.000679
3.729300,60.000679
3.729400,60.000679
3.729500,60.000679
3.729600,60.000679
3.729700,60.000679
3.729800,60.000679
3.729900,60.000693
3.730000,60.000693
3.730100,60.000693
3.730200,60.000693
3.730300,60.000693
3.730400,60.000693
3.730500,60.000693
3.730600,60.000693
3.730700,60.000693
3.730800,60.000693
3.730900,60.000693
3.731000,60.000693
3.731100,60.000693
3.731200,60.000693
3.731300,60.000693
3.731400,60.000693
3.731500,60.000693
3.731600,60.000693
3.731700,60.000693
3.731800,60.000693
3.731900,60.000693
3.732000,60.000693
3.732100,60.000693
3.732200,60.000693
3.732300,60.000693
3.732400,60.000693
3.732500,60.000693
3.732600,60.000693
3.732700,60.000693
3.732800,60.000693
3.732900,60.000693
3.733000,60.000693
3.733100,60.000693
3.733200,60.000693
3.733300,60.000693
3.733400,60.000693
3.733500,60.000693
3.733600,60.000693
3.733700,60.000693
3.733800,60.000693
3.733900,60.000693
3.734000,60.000693
3.734100,60.000693
3.734200,60.000693
3.734300,60.000693
3.734400,60.000693
3.734500,60.000693
3.734600,60.000693
3.734700,60.000693
3.734800,60.000693
3.734900,60.000707
3.735000,60.000707
3.735100,60.000707
3.735200,60.000707
3.735300,60.000707
3.735400,60.000707
3.735500,60.000707
3.735600,60.000707
3.735700,60.000707
3.735800,60.000707
3.735900,60.000707
3.736000,60.000707
3.736100,60.000707
3.736200,60.000707
3.736300,60.000707
3.736400,60.000707
3.736500,60.000707
3.736600,60.000707
3.736700,60.000707
3.736800,60.000707
3.736900,60.000707
3.737000,60.000707
3.737100,60.000707
3.737200,60.000707
3.737300,60.000707
3.737400,60.000707
3.737500,60.000707
3.737600,60.000707
3.737700,60.000707
3.737800,60.000707
3.737900,60.000707
3.738000,60.000707
3.738100,60.000707
3.738200,60.000707
3.738300,60.000707
3.738400,60.000707
3.738500,60.000707
3.738600,60.000707
3.738700,60.000707
3.738800,60.000707
3.738900,60.000707
3.739000,60.000707
3.739100,60.000707
3.739200,60.000707
3.739300,60.000707
3.739400,60.000707
3.739500,60.000707
3.739600,60.000707
3.739700,60.000707
3.739800,60.000707
3.739900,60.000720
3.740000,60.000720
3.740100,60.000720
3.740200,60.000720
3.740300,60.000720
3.740400,60.000720
3.740500,60.000720
3.740600,60.000720
3.740700,60.000720
3.740800,60.000720
3.740900,60.000720
3.741000,60.000720
3.741100,60.000720
3.741200,60.000720
3.741300,60.000720
3.741400,60.000720
3.741500,60.000720
3.741600,60.000720
3.741700,60.000720
3.741800,60.000720
3.741900,60.000720
3.742000,60.000720
3.742100,60.000720
3.742200,60.000720
3.742300,60.000720
3.742400,60.000720
3.742500,60.000720
3.742600,60.000720
3.742700,60.000720
3.742800,60.000720
3.742900,60.000720
3.743000,60.000720
3.743100,60.000720
3.743200,60.000720
3.743300,60.000720
3.743400,60.000720
3.743500,60.000720
3.743600,60.000720
3.743700,60.000720
3.743800,60.000720
3.743900,60.000720
3.744000,60.000720
3.744100,60.000720
3.744200,60.000720
3.744300,60.000720
3.744400,60.000720
3.744500,60.000720
3.744600,60.000720
3.744700,60.000720
3.744800,60.000720
3.744900,60.000733
3.745000,60.000733
3.745100,60.000733
3.745200,60.000733
3.745300,60.000733
3.745400,60.000733
3.745500,60.000733
3.745600,60.000733
3.745700,60.000733
3.745800,60.000733
3.745900,60.000733
3.746000,60.000733
3.746100,60.000733
3.746200,60.000733
3.746300,60.000733
3.746400,60.000733
3.746500,60.000733
3.746600,60.000733
3.746700,60.000733
3.746800,60.000733
3.746900,60.000733
3.747000,60.000733
3.747100,60.000733
3.747200,60.000733
3.747300,60.000733
3.747400,60.000733
3.747500,60.000733
3.747600,60.000733
3.747700,60.000733
3.747800,60.000733
3.747900,60.000733
3.748000,60.000733
3.748100,60.000733
3.748200,60.000733
3.748300,60.000733
3.748400,60.000733
3.748500,60.000733
3.748600,60.000733
3.748700,60.000733
3.748800,60.000733
3.748900,60.000733
3.749000,60.000733
3.749100,60.000733
3.749200,60.000733
3.749300,60.000733
3.749400,60.000733
3.749500,60.000733
3.749600,60.000733
3.749700,60.000733
3.749800,60.000733
3.749900,60.000746
3.750000,60.000746
3.750100,60.000746
3.750200,60.000746
3.750300,60.000746
3.750400,60.000746
3.750500,60.000746
3.750600,60.000746
3.750700,60.000746
3.750800,60.000746
3.750900,60.000746
3.751000,60.000746
3.751100,60.000746
3.751200,60.000746
3.751300,60.000746
3.751400,60.000746
3.751500,60.000746
3.751600,60.000746
3.751700,60.000746
3.751800,60.000746
3.751900,60.000746
3.752000,60.000746
3.752100,60.000746
3.752200,60.000746
3.752300,60.000746
3.752400,60.000746
3.752500,60.000746
3.752600,60.000746
3.752700,60.000746
3.752800,60.000746
3.752900,60.000746
3.753000,60.000746
3.753100,60.000746
3.753200,60.000746
3.753300,60.000746
3.753400,60.000746
3.753500,60.000746
3.753600,60.000746
3.753700,60.000746
3.753800,60.000746
3.753900,60.000746
3.754000,60.000746
3.754100,60.000746
3.754200,60.000746
3.754300,60.000746
3.754400,60.000746
3.754500,60.000746
3.754600,60.000746
3.754700,60.000746
3.754800,60.000746
3.754900,60.000758
3.755000,60.000758
3.755100,60.000758
3.755200,60.000758
3.755300,60.000758
3.755400,60.000758
3.755500,60.000758
3.755600,60.000758
3.755700,60.000758
3.755800,60.000758
3.755900,60.000758
3.756000,60.000758
3.756100,60.000758
3.756200,60.000758
3.756300,60.000758
3.756400,60.000758
3.756500,60.000758
3.756600,60.000758
3.756700,60.000758
3.756800,60.000758
3.756900,60.000758
3.757000,60.000758
3.757100,60.000758
3.757200,60.000758
3.757300,60.000758
3.757400,60.000758
3.757500,60.000758
3.757600,60.000758
3.757700,60.000758
3.757800,60.000758
3.757900,60.000758
3.758000,60.000758
3.758100,60.000758
3.758200,60.000758
3.758300,60.000758
3.758400,60.000758
3.758500,60.000758
3.758600,60.000758
3.758700,60.000758
3.758800,60.000758
3.758900,60.000758
3.759000,60.000758
3.759100,60.000758
3.759200,60.000758
3.759300,60.000758
3.759400,60.000758
3.759500,60.000758
3.759600,60.000758
3.759700,60.000758
3.759800,60.000758
3.759900,60.000769
3.760000,60.000769
3.760100,60.000769
3.760200,60.000769
3.760300,60.000769
3.760400,60.000769
3.760500,60.000769
3.760600,60.000769
3.760700,60.000769
3.760800,60.000769
3.760900,60.000769
3.761000,60.000769
3.761100,60.000769
3.761200,60.000769
3.761300,60.000769
3.761400,60.000769
3.761500,60.000769
3.761600,60.000769
3.761700,60.000769
3.761800,60.000769
3.761900,60.000769
3.762000,60.000769
3.762100,60.000769
3.762200,60.000769
3.762300,60.000769
3.762400,60.000769
3.762500,60.000769
3.762600,60.000769
3.762700,60.000769
3.762800,60.000769
3.762900,60.000769
3.763000,60.000769
3.763100,60.000769
3.763200,60.000769
3.763300,60.000769
3.763400,60.000769
3.763500,60.000769
3.763600,60.000769
3.763700,60.000769
3.763800,60.000769
3.763900,60.000769
3.764000,60.000769
3.764100,60.000769
3.764200,60.000769
3.764300,60.000769
3.764400,60.000769
3.764500,60.000769
3.764600,60.000769
3.764700,60.000769
3.764800,60.000769
3.764900,60.000780
3.765000,60.000780
3.765100,60.000780
3.765200,60.000780
3.765300,60.000780
3.765400,60.000780
3.765500,60.000780
3.765600,60.000780
3.765700,60.000780
3.765800,60.000780
3.765900,60.000780
3.766000,60.000780
3.766100,60.000780
3.766200,60.000780
3.766300,60.000780
3.766400,60.000780
3.766500,60.000780
3.766600,60.000780
3.766700,60.000780
3.766800,60.000780
3.766900,60.000780
3.767000,60.000780
3.767100,60.000780
3.767200,60.000780
3.767300,60.000780
3.767400,60.000780
3.767500,60.000780
3.767600,60.000780
3.767700,60.000780
3.767800,60.000780
3.767900,60.000780
3.768000,60.000780
3.768100,60.000780
3.768200,60.000780
3.768300,60.000780
3.768400,60.000780
3.768500,60.000780
3.768600,60.000780
3.768700,60.000780
3.768800,60.000780
3.768900,60.000780
3.769000,60.000780
3.769100,60.000780
3.769200,60.000780
3.769300,60.000780
3.769400,60.000780
3.769500,60.000780
3.769600,60.000780
3.769700,60.000780
3.769800,60.000780
3.769900,60.000790
3.770000,60.000790
3.770100,60.000790
3.770200,60.000790
3.770300,60.000790
3.770400,60.000790
3.770500,60.000790
3.770600,60.000790
3.770700,60.000790
3.770800,60.000790
3.770900,60.000790
3.771000,60.000790
3.771100,60.000790
3.771200,60.000790
3.771300,60.000790
3.771400,60.000790
3.771500,60.000790
3.771600,60.000790
3.771700,60.000790
3.771800,60.000790
3.771900,60.000790
3.772000,60.000790
3.772100,60.000790
3.772200,60.000790
3.772300,60.000790
3.772400,60.000790
3.772500,60.000790
3.772600,60.000790
3.772700,60.000790
3.772800,60.000790
3.772900,60.000790
3.773000,60.000790
3.773100,60.000790
3.773200,60.000790
3.773300,60.000790
3.773400,60.000790
3.773500,60.000790
3.773600,60.000790
3.773700,60.000790
3.773800,60.000790
3.773900,60.000790
3.774000,60.000790
3.774100,60.000790
3.774200,60.000790
3.774300,60.000790
3.774400,60.000790
3.774500,60.000790
3.774600,60.000790
3.774700,60.000790
3.774800,60.000790
3.774900,60.000800
3.775000,60.000800
3.775100,60.000800
3.775200,60.000800
3.775300,60.000800
3.775400,60.000800
3.775500,60.000800
3.775600,60.000800
3.775700,60.000800
3.775800,60.000800
3.775900,60.000800
3.776000,60.000800
3.776100,60.000800
3.776200,60.000800
3.776300,60.000800
3.776400,60.000800
3.776500,60.000800
3.776600,60.000800
3.776700,60.000800
3.776800,60.000800
3.776900,60.000800
3.777000,60.000800
3.777100,60.000800
3.777200,60.000800
3.777300,60.000800
3.777400,60.000800
3.777500,60.000800
3.777600,60.000800
3.777700,60.000800
3.777800,60.000800
3.777900,60.000800
3.778000,60.000800
3.778100,60.000800
3.778200,60.000800
3.778300,60.000800
3.778400,60.000800
3.778500,60.000800
3.778600,60.000800
3.778700,60.000800
3.778800,60.000800
3.778900,60.000800
3.779000,60.000800
3.779100,60.000800
3.779200,60.000800
3.779300,60.000800
3.779400,60.000800
3.779500,60.000800
3.779600,60.000800
3.779700,60.000800
3.779800,60.000800
3.779900,60.000809
3.780000,60.000809
3.780100,60.000809
3.780200,60.000809
3.780300,60.000809
3.780400,60.000809
3.780500,60.000809
3.780600,60.000809
3.780700,60.000809
3.780800,60.000809
3.780900,60.000809
3.781000,60.000809
3.781100,60.000809
3.781200,60.000809
3.781300,60.000809
3.781400,60.000809
3.781500,60.000809
3.781600,60.000809
3.781700,60.000809
3.781800,60.000809
3.781900,60.000809
3.782000,60.000809
3.782100,60.000809
3.782200,60.000809
3.782300,60.000809
3.782400,60.000809
3.782500,60.000809
3.782600,60.000809
3.782700,60.000809
3.782800,60.000809
3.782900,60.000809
3.783000,60.000809
3.783100,60.000809
3.783200,60.000809
3.783300,60.000809
3.783400,60.000809
3.783500,60.000809
3.783600,60.000809
3.783700,60.000809
3.783800,60.000809
3.783900,60.000809
3.784000,60.000809
3.784100,60.000809
3.784200,60.000809
3.784300,60.000809
3.784400,60.000809
3.784500,60.000809
3.784600,60.000809
3.784700,60.000809
3.784800,60.000809
3.784900,60.000817
3.785000,60.000817
3.785100,60.000817
3.785200,60.000817
3.785300,60.000817
3.785400,60.000817
3.785500,60.000817
3.785600,60.000817
3.785700,60.000817
3.785800,60.000817
3.785900,60.000817
3.786000,60.000817
3.786100,60.000817
3.786200,60.000817
3.786300,60.000817
3.786400,60.000817
3.786500,60.000817
3.786600,60.000817
3.786700,60.000817
3.786800,60.000817
3.786900,60.000817
3.787000,60.000817
3.787100,60.000817
3.787200,60.000817
3.787300,60.000817
3.787400,60.000817
3.787500,60.000817
3.787600,60.000817
3.787700,60.000817
3.787800,60.000817
3.787900,60.000817
3.788000,60.000817
3.788100,60.000817
3.788200,60.000817
3.788300,60.000817
3.788400,60.000817
3.788500,60.000817
3.788600,60.000817
3.788700,60.000817
3.788800,60.000817
3.788900,60.000817
3.789000,60.000817
3.789100,60.000817
3.789200,60.000817
3.789300,60.000817
3.789400,60.000817
3.789500,60.000817
3.789600,60.000817
3.789700,60.000817
3.789800,60.000817
3.789900,60.000825
3.790000,60.000825
3.790100,60.000825
3.790200,60.000825
3.790300,60.000825
3.790400,60.000825
3.790500,60.000825
3.790600,60.000825
3.790700,60.000825
3.790800,60.000825
3.790900,60.000825
3.791000,60.000825
3.791100,60.000825
3.791200,60.000825
3.791300,60.000825
3.791400,60.000825
3.791500,60.000825
3.791600,60.000825
3.791700,60.000825
3.791800,60.000825
3.791900,60.000825
3.792000,60.000825
3.792100,60.000825
3.792200,60.000825
3.792300,60.000825
3.792400,60.000825
3.792500,60.000825
3.792600,60.000825
3.792700,60.000825
3.792800,60.000825
3.792900,60.000825
3.793000,60.000825
3.793100,60.000825
3.793200,60.000825
3.793300,60.000825
3.793400,60.000825
3.793500,60.000825
3.793600,60.000825
3.793700,60.000825
3.793800,60.000825
3.793900,60.000825
3.794000,60.000825
3.794100,60.000825
3.794200,60.000825
3.794300,60.000825
3.794400,60.000825
3.794500,60.000825
3.794600,60.000825
3.794700,60.000825
3.794800,60.000825
3.794900,60.000833
3.795000,60.000833
3.795100,60.000833
3.795200,60.000833
3.795300,60.000833
3.795400,60.000833
3.795500,60.000833
3.795600,60.000833
3.795700,60.000833
3.795800,60.000833
3.795900,60.000833
3.796000,60.000833
3.796100,60.000833
3.796200,60.000833
3.796300,60.000833
3.796400,60.000833
3.796500,60.000833
3.796600,60.000833
3.796700,60.000833
3.796800,60.000833
3.796900,60.000833
3.797000,60.000833
3.797100,60.000833
3.797200,60.000833
3.797300,60.000833
3.797400,60.000833
3.797500,60.000833
3.797600,60.000833
3.797700,60.000833
3.797800,60.000833
3.797900,60.000833
3.798000,60.000833
3.798100,60.000833
3.798200,60.000833
3.798300,60.000833
3.798400,60.000833
3.798500,60.000833
3.798600,60.000833
3.798700,60.000833
3.798800,60.000833
3.798900,60.000833
3.799000,60.000833
3.799100,60.000833
3.799200,60.000833
3.799300,60.000833
3.799400,60.000833
3.799500,60.000833
3.799600,60.000833
3.799700,60.000833
3.799800,60.000833
3.799900,60.000839
3.800000,60.000839
3.800100,60.000839
3.800200,60.000839
3.800300,60.000839
3.800400,60.000839
3.800500,60.000839
3.800600,60.000839
3.800700,60.000839
3.800800,60.000839
3.800900,60.000839
3.801000,60.000839
3.801100,60.000839
3.801200,60.000839
3.801300,60.000839
3.801400,60.000839
3.801500,60.000839
3.801600,60.000839
3.801700,60.000839
3.801800,60.000839
3.801900,60.000839
3.802000,60.000839
3.802100,60.000839
3.802200,60.000839
3.802300,60.000839
3.802400,60.000839
3.802500,60.000839
3.802600,60.000839
3.802700,60.000839
3.802800,60.000839
3.802900,60.000839
3.803000,60.000839
3.803100,60.000839
3.803200,60.000839
3.803300,60.000839
3.803400,60.000839
3.803500,60.000839
3.803600,60.000839
3.803700,60.000839
3.803800,60.000839
3.803900,60.000839
3.804000,60.000839
3.804100,60.000839
3.804200,60.000839
3.804300,60.000839
3.804400,60.000839
3.804500,60.000839
3.804600,60.000839
3.804700,60.000839
3.804800,60.000839
3.804900,60.000845
3.805000,60.000845
3.805100,60.000845
3.805200,60.000845
3.805300,60.000845
3.805400,60.000845
3.805500,60.000845
3.805600,60.000845
3.805700,60.000845
3.805800,60.000845
3.805900,60.000845
3.806000,60.000845
3.806100,60.000845
3.806200,60.000845
3.806300,60.000845
3.806400,60.000845
3.806500,60.000845
3.806600,60.000845
3.806700,60.000845
3.806800,60.000845
3.806900,60.000845
3.807000,60.000845
3.807100,60.000845
3.807200,60.000845
3.807300,60.000845
3.807400,60.000845
3.807500,60.000845
3.807600,60.000845
3.807700,60.000845
3.807800,60.000845
3.807900,60.000845
3.808000,60.000845
3.808100,60.000845
3.808200,60.000845
3.808300,60.000845
3.808400,60.000845
3.808500,60.000845
3.808600,60.000845
3.808700,60.000845
3.808800,60.000845
3.808900,60.000845
3.809000,60.000845
3.809100,60.000845
3.809200,60.000845
3.809300,60.000845
3.809400,60.000845
3.809500,60.000845
3.809600,60.000845
3.809700,60.000845
3.809800,60.000845
3.809900,60.000851
3.810000,60.000851
3.810100,60.000851
3.810200,60.000851
3.810300,60.000851
3.810400,60.000851
3.810500,60.000851
3.810600,60.000851
3.810700,60.000851
3.810800,60.000851
3.810900,60.000851
3.811000,60.000851
3.811100,60.000851
3.811200,60.000851
3.811300,60.000851
3.811400,60.000851
3.811500,60.000851
3.811600,60.000851
3.811700,60.000851
3.811800,60.000851
3.811900,60.000851
3.812000,60.000851
3.812100,60.000851
3.812200,60.000851
3.812300,60.000851
3.812400,60.000851
3.812500,60.000851
3.812600,60.000851
3.812700,60.000851
3.812800,60.000851
3.812900,60.000851
3.813000,60.000851
3.813100,60.000851
3.813200,60.000851
3.813300,60.000851
3.813400,60.000851
3.813500,60.000851
3.813600,60.000851
3.813700,60.000851
3.813800,60.000851
3.813900,60.000851
3.814000,60.000851
3.814100,60.000851
3.814200,60.000851
3.814300,60.000851
3.814400,60.000851
3.814500,60.000851
3.814600,60.000851
3.814700,60.000851
3.814800,60.000851
3.814900,60.000856
3.815000,60.000856
3.815100,60.000856
3.815200,60.000856
3.815300,60.000856
3.815400,60.000856
3.815500,60.000856
3.815600,60.000856
3.815700,60.000856
3.815800,60.000856
3.815900,60.000856
3.816000,60.000856
3.816100,60.000856
3.816200,60.000856
3.816300,60.000856
3.816400,60.000856
3.816500,60.000856
3.816600,60.000856
3.816700,60.000856
3.816800,60.000856
3.816900,60.000856
3.817000,60.000856
3.817100,60.000856
3.817200,60.000856
3.817300,60.000856
3.817400,60.000856
3.817500,60.000856
3.817600,60.000856
3.817700,60.000856
3.817800,60.000856
3.817900,60.000856
3.818000,60.000856
3.818100,60.000856
3.818200,60.000856
3.818300,60.000856
3.818400,60.000856
3.818500,60.000856
3.818600,60.000856
3.818700,60.000856
3.818800,60.000856
3.818900,60.000856
3.819000,60.000856
3.819100,60.000856
3.819200,60.000856
3.819300,60.000856
3.819400,60.000856
3.819500,60.000856
3.819600,60.000856
3.819700,60.000856
3.819800,60.000856
3.819900,60.000860
3.820000,60.000860
3.820100,60.000860
3.820200,60.000860
3.820300,60.000860
3.820400,60.000860
3.820500,60.000860
3.820600,60.000860
3.820700,60.000860
3.820800,60.000860
3.820900,60.000860
3.821000,60.000860
3.821100,60.000860
3.821200,60.000860
3.821300,60.000860
3.821400,60.000860
3.821500,60.000860
3.821600,60.000860
3.821700,60.000860
3.821800,60.000860
3.821900,60.000860
3.822000,60.000860
3.822100,60.000860
3.822200,60.000860
3.822300,60.000860
3.822400,60.000860
3.822500,60.000860
3.822600,60.000860
3.822700,60.000860
3.822800,60.000860
3.822900,60.000860
3.823000,60.000860
3.823100,60.000860
3.823200,60.000860
3.823300,60.000860
3.823400,60.000860
3.823500,60.000860
3.823600,60.000860
3.823700,60.000860
3.823800,60.000860
3.823900,60.000860
3.824000,60.000860
3.824100,60.000860
3.824200,60.000860
3.824300,60.000860
3.824400,60.000860
3.824500,60.000860
3.824600,60.000860
3.824700,60.000860
3.824800,60.000860
3.824900,60.000864
3.825000,60.000864
3.825100,60.000864
3.825200,60.000864
3.825300,60.000864
3.825400,60.000864
3.825500,60.000864
3.825600,60.000864
3.825700,60.000864
3.825800,60.000864
3.825900,60.000864
3.826000,60.000864
3.826100,60.000864
3.826200,60.000864
3.826300,60.000864
3.826400,60.000864
3.826500,60.000864
3.826600,60.000864
3.826700,60.000864
3.826800,60.000864
3.826900,60.000864
3.827000,60.000864
3.827100,60.000864
3.827200,60.000864
3.827300,60.000864
3.827400,60.000864
3.827500,60.000864
3.827600,60.000864
3.827700,60.000864
3.827800,60.000864
3.827900,60.000864
3.828000,60.000864
3.828100,60.000864
3.828200,60.000864
3.828300,60.000864
3.828400,60.000864
3.828500,60.000864
3.828600,60.000864
3.828700,60.000864
3.828800,60.000864
3.828900,60.000864
3.829000,60.000864
3.829100,60.000864
3.829200,60.000864
3.829300,60.000864
3.829400,60.000864
3.829500,60.000864
3.829600,60.000864
3.829700,60.000864
3.829800,60.000864
3.829900,60.000866
3.830000,60.000866
3.830100,60.000866
3.830200,60.000866
3.830300,60.000866
3.830400,60.000866
3.830500,60.000866
3.830600,60.000866
3.830700,60.000866
3.830800,60.000866
3.830900,60.000866
3.831000,60.000866
3.831100,60.000866
3.831200,60.000866
3.831300,60.000866
3.831400,60.000866
3.831500,60.000866
3.831600,60.000866
3.831700,60.000866
3.831800,60.000866
3.831900,60.000866
3.832000,60.000866
3.832100,60.000866
3.832200,60.000866
3.832300,60.000866
3.832400,60.000866
3.832500,60.000866
3.832600,60.000866
3.832700,60.000866
3.832800,60.000866
3.832900,60.000866
3.833000,60.000866
3.833100,60.000866
3.833200,60.000866
3.833300,60.000866
3.833400,60.000866
3.833500,60.000866
3.833600,60.000866
3.833700,60.000866
3.833800,60.000866
3.833900,60.000866
3.834000,60.000866
3.834100,60.000866
3.834200,60.000866
3.834300,60.000866
3.834400,60.000866
3.834500,60.000866
3.834600,60.000866
3.834700,60.000866
3.834800,60.000866
3.834900,60.000869
3.835000,60.000869
3.835100,60.000869
3.835200,60.000869
3.835300,60.000869
3.835400,60.000869
3.835500,60.000869
3.835600,60.000869
3.835700,60.000869
3.835800,60.000869
3.835900,60.000869
3.836000,60.000869
3.836100,60.000869
3.836200,60.000869
3.836300,60.000869
3.836400,60.000869
3.836500,60.000869
3.836600,60.000869
3.836700,60.000869
3.836800,60.000869
3.836900,60.000869
3.837000,60.000869
3.837100,60.000869
3.837200,60.000869
3.837300,60.000869
3.837400,60.000869
3.837500,60.000869
3.837600,60.000869
3.837700,60.000869
3.837800,60.000869
3.837900,60.000869
3.838000,60.000869
3.838100,60.000869
3.838200,60.000869
3.838300,60.000869
3.838400,60.000869
3.838500,60.000869
3.838600,60.000869
3.838700,60.000869
3.838800,60.000869
3.838900,60.000869
3.839000,60.000869
3.839100,60.000869
3.839200,60.000869
3.839300,60.000869
3.839400,60.000869
3.839500,60.000869
3.839600,60.000869
3.839700,60.000869
3.839800,60.000869
3.839900,60.000870
3.840000,60.000870
3.840100,60.000870
3.840200,60.000870
3.840300,60.000870
3.840400,60.000870
3.840500,60.000870
3.840600,60.000870
3.840700,60.000870
3.840800,60.000870
3.840900,60.000870
3.841000,60.000870
3.841100,60.000870
3.841200,60.000870
3.841300,60.000870
3.841400,60.000870
3.841500,60.000870
3.841600,60.000870
3.841700,60.000870
3.841800,60.000870
3.841900,60.000870
3.842000,60.000870
3.842100,60.000870
3.842200,60.000870
3.842300,60.000870
3.842400,60.000870
3.842500,60.000870
3.842600,60.000870
3.842700,60.000870
3.842800,60.000870
3.842900,60.000870
3.843000,60.000870
3.843100,60.000870
3.843200,60.000870
3.843300,60.000870
3.843400,60.000870
3.843500,60.000870
3.843600,60.000870
3.843700,60.000870
3.843800,60.000870
3.843900,60.000870
3.844000,60.000870
3.844100,60.000870
3.844200,60.000870
3.844300,60.000870
3.844400,60.000870
3.844500,60.000870
3.844600,60.000870
3.844700,60.000870
3.844800,60.000870
3.844900,60.000871
3.845000,60.000871
3.845100,60.000871
3.845200,60.000871
3.845300,60.000871
3.845400,60.000871
3.845500,60.000871
3.845600,60.000871
3.845700,60.000871
3.845800,60.000871
3.845900,60.000871
3.846000,60.000871
3.846100,60.000871
3.846200,60.000871
3.846300,60.000871
3.846400,60.000871
3.846500,60.000871
3.846600,60.000871
3.846700,60.000871
3.846800,60.000871
3.846900,60.000871
3.847000,60.000871
3.847100,60.000871
3.847200,60.000871
3.847300,60.000871
3.847400,60.000871
3.847500,60.000871
3.847600,60.000871
3.847700,60.000871
3.847800,60.000871
3.847900,60.000871
3.848000,60.000871
3.848100,60.000871
3.848200,60.000871
3.848300,60.000871
3.848400,60.000871
3.848500,60.000871
3.848600,60.000871
3.848700,60.000871
3.848800,60.000871
3.848900,60.000871
3.849000,60.000871
3.849100,60.000871
3.849200,60.000871
3.849300,60.000871
3.849400,60.000871
3.849500,60.000871
3.849600,60.000871
3.849700,60.000871
3.849800,60.000871
3.849900,60.000871
3.850000,60.000871
3.850100,60.000871
3.850200,60.000871
3.850300,60.000871
3.850400,60.000871
3.850500,60.000871
3.850600,60.000871
3.850700,60.000871
3.850800,60.000871
3.850900,60.000871
3.851000,60.000871
3.851100,60.000871
3.851200,60.000871
3.851300,60.000871
3.851400,60.000871
3.851500,60.000871
3.851600,60.000871
3.851700,60.000871
3.851800,60.000871
3.851900,60.000871
3.852000,60.000871
3.852100,60.000871
3.852200,60.000871
3.852300,60.000871
3.852400,60.000871
3.852500,60.000871
3.852600,60.000871
3.852700,60.000871
3.852800,60.000871
3.852900,60.000871
3.853000,60.000871
3.853100,60.000871
3.853200,60.000871
3.853300,60.000871
3.853400,60.000871
3.853500,60.000871
3.853600,60.000871
3.853700,60.000871
3.853800,60.000871
3.853900,60.000871
3.854000,60.000871
3.854100,60.000871
3.854200,60.000871
3.854300,60.000871
3.854400,60.000871
3.854500,60.000871
3.854600,60.000871
3.854700,60.000871
3.854800,60.000871
3.854900,60.000871
3.855000,60.000871
3.855100,60.000871
3.855200,60.000871
3.855300,60.000871
3.855400,60.000871
3.855500,60.000871
3.855600,60.000871
3.855700,60.000871
3.855800,60.000871
3.855900,60.000871
3.856000,60.000871
3.856100,60.000871
3.856200,60.000871
3.856300,60.000871
3.856400,60.000871
3.856500,60.000871
3.856600,60.000871
3.856700,60.000871
3.856800,60.000871
3.856900,60.000871
3.857000,60.000871
3.857100,60.000871
3.857200,60.000871
3.857300,60.000871
3.857400,60.000871
3.857500,60.000871
3.857600,60.000871
3.857700,60.000871
3.857800,60.000871
3.857900,60.000871
3.858000,60.000871
3.858100,60.000871
3.858200,60.000871
3.858300,60.000871
3.858400,60.000871
3.858500,60.000871
3.858600,60.000871
3.858700,60.000871
3.858800,60.000871
3.858900,60.000871
3.859000,60.000871
3.859100,60.000871
3.859200,60.000871
3.859300,60.000871
3.859400,60.000871
3.859500,60.000871
3.859600,60.000871
3.859700,60.000871
3.859800,60.000871
3.859900,60.000870
3.860000,60.000870
3.860100,60.000870
3.860200,60.000870
3.860300,60.000870
3.860400,60.000870
3.860500,60.000870
3.860600,60.000870
3.860700,60.000870
3.860800,60.000870
3.860900,60.000870
3.861000,60.000870
3.861100,60.000870
3.861200,60.000870
3.861300,60.000870
3.861400,60.000870
3.861500,60.000870
3.861600,60.000870
3.861700,60.000870
3.861800,60.000870
3.861900,60.000870
3.862000,60.000870
3.862100,60.000870
3.862200,60.000870
3.862300,60.000870
3.862400,60.000870
3.862500,60.000870
3.862600,60.000870
3.862700,60.000870
3.862800,60.000870
3.862900,60.000870
3.863000,60.000870
3.863100,60.000870
3.863200,60.000870
3.863300,60.000870
3.863400,60.000870
3.863500,60.000870
3.863600,60.000870
3.863700,60.000870
3.863800,60.000870
3.863900,60.000870
3.864000,60.000870
3.864100,60.000870
3.864200,60.000870
3.864300,60.000870
3.864400,60.000870
3.864500,60.000870
3.864600,60.000870
3.864700,60.000870
3.864800,60.000870
3.864900,60.000868
3.865000,60.000868
3.865100,60.000868
3.865200,60.000868
3.865300,60.000868
3.865400,60.000868
3.865500,60.000868
3.865600,60.000868
3.865700,60.000868
3.865800,60.000868
3.865900,60.000868
3.866000,60.000868
3.866100,60.000868
3.866200,60.000868
3.866300,60.000868
3.866400,60.000868
3.866500,60.000868
3.866600,60.000868
3.866700,60.000868
3.866800,60.000868
3.866900,60.000868
3.867000,60.000868
3.867100,60.000868
3.867200,60.000868
3.867300,60.000868
3.867400,60.000868
3.867500,60.000868
3.867600,60.000868
3.867700,60.000868
3.867800,60.000868
3.867900,60.000868
3.868000,60.000868
3.868100,60.000868
3.868200,60.000868
3.868300,60.000868
3.868400,60.000868
3.868500,60.000868
3.868600,60.000868
3.868700,60.000868
3.868800,60.000868
3.868900,60.000868
3.869000,60.000868
3.869100,60.000868
3.869200,60.000868
3.869300,60.000868
3.869400,60.000868
3.869500,60.000868
3.869600,60.000868
3.869700,60.000868
3.869800,60.000868
3.869900,60.000865
3.870000,60.000865
3.870100,60.000865
3.870200,60.000865
3.870300,60.000865
3.870400,60.000865
3.870500,60.000865
3.870600,60.000865
3.870700,60.000865
3.870800,60.000865
3.870900,60.000865
3.871000,60.000865
3.871100,60.000865
3.871200,60.000865
3.871300,60.000865
3.871400,60.000865
3.871500,60.000865
3.871600,60.000865
3.871700,60.000865
3.871800,60.000865
3.871900,60.000865
3.872000,60.000865
3.872100,60.000865
3.872200,60.000865
3.872300,60.000865
3.872400,60.000865
3.872500,60.000865
3.872600,60.000865
3.872700,60.000865
3.872800,60.000865
3.872900,60.000865
3.873000,60.000865
3.873100,60.000865
3.873200,60.000865
3.873300,60.000865
3.873400,60.000865
3.873500,60.000865
3.873600,60.000865
3.873700,60.000865
3.873800,60.000865
3.873900,60.000865
3.874000,60.000865
3.874100,60.000865
3.874200,60.000865
3.874300,60.000865
3.874400,60.000865
3.874500,60.000865
3.874600,60.000865
3.874700,60.000865
3.874800,60.000865
3.874900,60.000862
3.875000,60.000862
3.875100,60.000862
3.875200,60.000862
3.875300,60.000862
3.875400,60.000862
3.875500,60.000862
3.875600,60.000862
3.875700,60.000862
3.875800,60.000862
3.875900,60.000862
3.876000,60.000862
3.876100,60.000862
3.876200,60.000862
3.876300,60.000862
3.876400,60.000862
3.876500,60.000862
3.876600,60.000862
3.876700,60.000862
3.876800,60.000862
3.876900,60.000862
3.877000,60.000862
3.877100,60.000862
3.877200,60.000862
3.877300,60.000862
3.877400,60.000862
3.877500,60.000862
3.877600,60.000862
3.877700,60.000862
3.877800,60.000862
3.877900,60.000862
3.878000,60.000862
3.878100,60.000862
3.878200,60.000862
3.878300,60.000862
3.878400,60.000862
3.878500,60.000862
3.878600,60.000862
3.878700,60.000862
3.878800,60.000862
3.878900,60.000862
3.879000,60.000862
3.879100,60.000862
3.879200,60.000862
3.879300,60.000862
3.879400,60.000862
3.879500,60.000862
3.879600,60.000862
3.879700,60.000862
3.879800,60.000862
3.879900,60.000858
3.880000,60.000858
3.880100,60.000858
3.880200,60.000858
3.880300,60.000858
3.880400,60.000858
3.880500,60.000858
3.880600,60.000858
3.880700,60.000858
3.880800,60.000858
3.880900,60.000858
3.881000,60.000858
3.881100,60.000858
3.881200,60.000858
3.881300,60.000858
3.881400,60.000858
3.881500,60.000858
3.881600,60.000858
3.881700,60.000858
3.881800,60.000858
3.881900,60.000858
3.882000,60.000858
3.882100,60.000858
3.882200,60.000858
3.882300,60.000858
3.882400,60.000858
3.882500,60.000858
3.882600,60.000858
3.882700,60.000858
3.882800,60.000858
3.882900,60.000858
3.883000,60.000858
3.883100,60.000858
3.883200,60.000858
3.883300,60.000858
3.883400,60.000858
3.883500,60.000858
3.883600,60.000858
3.883700,60.000858
3.883800,60.000858
3.883900,60.000858
3.884000,60.000858
3.884100,60.000858
3.884200,60.000858
3.884300,60.000858
3.884400,60.000858
3.884500,60.000858
3.884600,60.000858
3.884700,60.000858
3.884800,60.000858
3.884900,60.000853
3.885000,60.000853
3.885100,60.000853
3.885200,60.000853
3.885300,60.000853
3.885400,60.000853
3.885500,60.000853
3.885600,60.000853
3.885700,60.000853
3.885800,60.000853
3.885900,60.000853
3.886000,60.000853
3.886100,60.000853
3.886200,60.000853
3.886300,60.000853
3.886400,60.000853
3.886500,60.000853
3.886600,60.000853
3.886700,60.000853
3.886800,60.000853
3.886900,60.000853
3.887000,60.000853
3.887100,60.000853
3.887200,60.000853
3.887300,60.000853
3.887400,60.000853
3.887500,60.000853
3.887600,60.000853
3.887700,60.000853
3.887800,60.000853
3.887900,60.000853
3.888000,60.000853
3.888100,60.000853
3.888200,60.000853
3.888300,60.000853
3.888400,60.000853
3.888500,60.000853
3.888600,60.000853
3.888700,60.000853
3.888800,60.000853
3.888900,60.000853
3.889000,60.000853
3.889100,60.000853
3.889200,60.000853
3.889300,60.000853
3.889400,60.000853
3.889500,60.000853
3.889600,60.000853
3.889700,60.000853
3.889800,60.000853
3.889900,60.000848
3.890000,60.000848
3.890100,60.000848
3.890200,60.000848
3.890300,60.000848
3.890400,60.000848
3.890500,60.000848
3.890600,60.000848
3.890700,60.000848
3.890800,60.000848
3.890900,60.000848
3.891000,60.000848
3.891100,60.000848
3.891200,60.000848
3.891300,60.000848
3.891400,60.000848
3.891500,60.000848
3.891600,60.000848
3.891700,60.000848
3.891800,60.000848
3.891900,60.000848
3.892000,60.000848
3.892100,60.000848
3.892200,60.000848
3.892300,60.000848
3.892400,60.000848
3.892500,60.000848
3.892600,60.000848
3.892700,60.000848
3.892800,60.000848
3.892900,60.000848
3.893000,60.000848
3.893100,60.000848
3.893200,60.000848
3.893300,60.000848
3.893400,60.000848
3.893500,60.000848
3.893600,60.000848
3.893700,60.000848
3.893800,60.000848
3.893900,60.000848
3.894000,60.000848
3.894100,60.000848
3.894200,60.000848
3.894300,60.000848
3.894400,60.000848
3.894500,60.000848
3.894600,60.000848
3.894700,60.000848
3.894800,60.000848
3.894900,60.000842
3.895000,60.000842
3.895100,60.000842
3.895200,60.000842
3.895300,60.000842
3.895400,60.000842
3.895500,60.000842
3.895600,60.000842
3.895700,60.000842
3.895800,60.000842
3.895900,60.000842
3.896000,60.000842
3.896100,60.000842
3.896200,60.000842
3.896300,60.000842
3.896400,60.000842
3.896500,60.000842
3.896600,60.000842
3.896700,60.000842
3.896800,60.000842
3.896900,60.000842
3.897000,60.000842
3.897100,60.000842
3.897200,60.000842
3.897300,60.000842
3.897400,60.000842
3.897500,60.000842
3.897600,60.000842
3.897700,60.000842
3.897800,60.000842
3.897900,60.000842
3.898000,60.000842
3.898100,60.000842
3.898200,60.000842
3.898300,60.000842
3.898400,60.000842
3.898500,60.000842
3.898600,60.000842
3.898700,60.000842
3.898800,60.000842
3.898900,60.000842
3.899000,60.000842
3.899100,60.000842
3.899200,60.000842
3.899300,60.000842
3.899400,60.000842
3.899500,60.000842
3.899600,60.000842
3.899700,60.000842
3.899800,60.000842
3.899900,60.000835
3.900000,60.000835
3.900100,60.000835
3.900200,60.000835
3.900300,60.000835
3.900400,60.000835
3.900500,60.000835
3.900600,60.000835
3.900700,60.000835
3.900800,60.000835
3.900900,60.000835
3.901000,60.000835
3.901100,60.000835
3.901200,60.000835
3.901300,60.000835
3.901400,60.000835
3.901500,60.000835
3.901600,60.000835
3.901700,60.000835
3.901800,60.000835
3.901900,60.000835
3.902000,60.000835
3.902100,60.000835
3.902200,60.000835
3.902300,60.000835
3.902400,60.000835
3.902500,60.000835
3.902600,60.000835
3.902700,60.000835
3.902800,60.000835
3.902900,60.000835
3.903000,60.000835
3.903100,60.000835
3.903200,60.000835
3.903300,60.000835
3.903400,60.000835
3.903500,60.000835
3.903600,60.000835
3.903700,60.000835
3.903800,60.000835
3.903900,60.000835
3.904000,60.000835
3.904100,60.000835
3.904200,60.000835
3.904300,60.000835
3.904400,60.000835
3.904500,60.000835
3.904600,60.000835
3.904700,60.000835
3.904800,60.000835
3.904900,60.000828
3.905000,60.000828
3.905100,60.000828
3.905200,60.000828
3.905300,60.000828
3.905400,60.000828
3.905500,60.000828
3.905600,60.000828
3.905700,60.000828
3.905800,60.000828
3.905900,60.000828
3.906000,60.000828
3.906100,60.000828
3.906200,60.000828
3.906300,60.000828
3.906400,60.000828
3.906500,60.000828
3.906600,60.000828
3.906700,60.000828
3.906800,60.000828
3.906900,60.000828
3.907000,60.000828
3.907100,60.000828
3.907200,60.000828
3.907300,60.000828
3.907400,60.000828
3.907500,60.000828
3.907600,60.000828
3.907700,60.000828
3.907800,60.000828
3.907900,60.000828
3.908000,60.000828
3.908100,60.000828
3.908200,60.000828
3.908300,60.000828
3.908400,60.000828
3.908500,60.000828
3.908600,60.000828
3.908700,60.000828
3.908800,60.000828
3.908900,60.000828
3.909000,60.000828
3.909100,60.000828
3.909200,60.000828
3.909300,60.000828
3.909400,60.000828
3.909500,60.000828
3.909600,60.000828
3.909700,60.000828
3.909800,60.000828
3.909900,60.000820
3.910000,60.000820
3.910100,60.000820
3.910200,60.000820
3.910300,60.000820
3.910400,60.000820
3.910500,60.000820
3.910600,60.000820
3.910700,60.000820
3.910800,60.000820
3.910900,60.000820
3.911000,60.000820
3.911100,60.000820
3.911200,60.000820
3.911300,60.000820
3.911400,60.000820
3.911500,60.000820
3.911600,60.000820
3.911700,60.000820
3.911800,60.000820
3.911900,60.000820
3.912000,60.000820
3.912100,60.000820
3.912200,60.000820
3.912300,60.000820
3.912400,60.000820
3.912500,60.000820
3.912600,60.000820
3.912700,60.000820
3.912800,60.000820
3.912900,60.000820
3.913000,60.000820
3.913100,60.000820
3.913200,60.000820
3.913300,60.000820
3.913400,60.000820
3.913500,60.000820
3.913600,60.000820
3.913700,60.000820
3.913800,60.000820
3.913900,60.000820
3.914000,60.000820
3.914100,60.000820
3.914200,60.000820
3.914300,60.000820
3.914400,60.000820
3.914500,60.000820
3.914600,60.000820
3.914700,60.000820
3.914800,60.000820
3.914900,60.000811
3.915000,60.000811
3.915100,60.000811
3.915200,60.000811
3.915300,60.000811
3.915400,60.000811
3.915500,60.000811
3.915600,60.000811
3.915700,60.000811
3.915800,60.000811
3.915900,60.000811
3.916000,60.000811
3.916100,60.000811
3.916200,60.000811
3.916300,60.000811
3.916400,60.000811
3.916500,60.000811
3.916600,60.000811
3.916700,60.000811
3.916800,60.000811
3.916900,60.000811
3.917000,60.000811
3.917100,60.000811
3.917200,60.000811
3.917300,60.000811
3.917400,60.000811
3.917500,60.000811
3.917600,60.000811
3.917700,60.000811
3.917800,60.000811
3.917900,60.000811
3.918000,60.000811
3.918100,60.000811
3.918200,60.000811
3.918300,60.000811
3.918400,60.000811
3.918500,60.000811
3.918600,60.000811
3.918700,60.000811
3.918800,60.000811
3.918900,60.000811
3.919000,60.000811
3.919100,60.000811
3.919200,60.000811
3.919300,60.000811
3.919400,60.000811
3.919500,60.000811
3.919600,60.000811
3.919700,60.000811
3.919800,60.000811
3.919900,60.000802
3.920000,60.000802
3.920100,60.000802
3.920200,60.000802
3.920300,60.000802
3.920400,60.000802
3.920500,60.000802
3.920600,60.000802
3.920700,60.000802
3.920800,60.000802
3.920900,60.000802
3.921000,60.000802
3.921100,60.000802
3.921200,60.000802
3.921300,60.000802
3.921400,60.000802
3.921500,60.000802
3.921600,60.000802
3.921700,60.000802
3.921800,60.000802
3.921900,60.000802
3.922000,60.000802
3.922100,60.000802
3.922200,60.000802
3.922300,60.000802
3.922400,60.000802
3.922500,60.000802
3.922600,60.000802
3.922700,60.000802
3.922800,60.000802
3.922900,60.000802
3.923000,60.000802
3.923100,60.000802
3.923200,60.000802
3.923300,60.000802
3.923400,60.000802
3.923500,60.000802
3.923600,60.000802
3.923700,60.000802
3.923800,60.000802
3.923900,60.000802
3.924000,60.000802
3.924100,60.000802
3.924200,60.000802
3.924300,60.000802
3.924400,60.000802
3.924500,60.000802
3.924600,60.000802
3.924700,60.000802
3.924800,60.000802
3.924900,60.000792
3.925000,60.000792
3.925100,60.000792
3.925200,60.000792
3.925300,60.000792
3.925400,60.000792
3.925500,60.000792
3.925600,60.000792
3.925700,60.000792
3.925800,60.000792
3.925900,60.000792
3.926000,60.000792
3.926100,60.000792
3.926200,60.000792
3.926300,60.000792
3.926400,60.000792
3.926500,60.000792
3.926600,60.000792
3.926700,60.000792
3.926800,60.000792
3.926900,60.000792
3.927000,60.000792
3.927100,60.000792
3.927200,60.000792
3.927300,60.000792
3.927400,60.000792
3.927500,60.000792
3.927600,60.000792
3.927700,60.000792
3.927800,60.000792
3.927900,60.000792
3.928000,60.000792
3.928100,60.000792
3.928200,60.000792
3.928300,60.000792
3.928400,60.000792
3.928500,60.000792
3.928600,60.000792
3.928700,60.000792
3.928800,60.000792
3.928900,60.000792
3.929000,60.000792
3.929100,60.000792
3.929200,60.000792
3.929300,60.000792
3.929400,60.000792
3.929500,60.000792
3.929600,60.000792
3.929700,60.000792
3.929800,60.000792
3.929900,60.000781
3.930000,60.000781
3.930100,60.000781
3.930200,60.000781
3.930300,60.000781
3.930400,60.000781
3.930500,60.000781
3.930600,60.000781
3.930700,60.000781
3.930800,60.000781
3.930900,60.000781
3.931000,60.000781
3.931100,60.000781
3.931200,60.000781
3.931300,60.000781
3.931400,60.000781
3.931500,60.000781
3.931600,60.000781
3.931700,60.000781
3.931800,60.000781
3.931900,60.000781
3.932000,60.000781
3.932100,60.000781
3.932200,60.000781
3.932300,60.000781
3.932400,60.000781
3.932500,60.000781
3.932600,60.000781
3.932700,60.000781
3.932800,60.000781
3.932900,60.000781
3.933000,60.000781
3.933100,60.000781
3.933200,60.000781
3.933300,60.000781
3.933400,60.000781
3.933500,60.000781
3.933600,60.000781
3.933700,60.000781
3.933800,60.000781
3.933900,60.000781
3.934000,60.000781
3.934100,60.000781
3.934200,60.000781
3.934300,60.000781
3.934400,60.000781
3.934500,60.000781
3.934600,60.000781
3.934700,60.000781
3.934800,60.000781
3.934900,60.000770
3.935000,60.000770
3.935100,60.000770
3.935200,60.000770
3.935300,60.000770
3.935400,60.000770
3.935500,60.000770
3.935600,60.000770
3.935700,60.000770
3.935800,60.000770
3.935900,60.000770
3.936000,60.000770
3.936100,60.000770
3.936200,60.000770
3.936300,60.000770
3.936400,60.000770
3.936500,60.000770
3.936600,60.000770
3.936700,60.000770
3.936800,60.000770
3.936900,60.000770
3.937000,60.000770
3.937100,60.000770
3.937200,60.000770
3.937300,60.000770
3.937400,60.000770
3.937500,60.000770
3.937600,60.000770
3.937700,60.000770
3.937800,60.000770
3.937900,60.000770
3.938000,60.000770
3.938100,60.000770
3.938200,60.000770
3.938300,60.000770
3.938400,60.000770
3.938500,60.000770
3.938600,60.000770
3.938700,60.000770
3.938800,60.000770
3.938900,60.000770
3.939000,60.000770
3.939100,60.000770
3.939200,60.000770
3.939300,60.000770
3.939400,60.000770
3.939500,60.000770
3.939600,60.000770
3.939700,60.000770
3.939800,60.000770
3.939900,60.000758
3.940000,60.000758
3.940100,60.000758
3.940200,60.000758
3.940300,60.000758
3.940400,60.000758
3.940500,60.000758
3.940600,60.000758
3.940700,60.000758
3.940800,60.000758
3.940900,60.000758
3.941000,60.000758
3.941100,60.000758
3.941200,60.000758
3.941300,60.000758
3.941400,60.000758
3.941500,60.000758
3.941600,60.000758
3.941700,60.000758
3.941800,60.000758
3.941900,60.000758
3.942000,60.000758
3.942100,60.000758
3.942200,60.000758
3.942300,60.000758
3.942400,60.000758
3.942500,60.000758
3.942600,60.000758
3.942700,60.000758
3.942800,60.000758
3.942900,60.000758
3.943000,60.000758
3.943100,60.000758
3.943200,60.000758
3.943300,60.000758
3.943400,60.000758
3.943500,60.000758
3.943600,60.000758
3.943700,60.000758
3.943800,60.000758
3.943900,60.000758
3.944000,60.000758
3.944100,60.000758
3.944200,60.000758
3.944300,60.000758
3.944400,60.000758
3.944500,60.000758
3.944600,60.000758
3.944700,60.000758
3.944800,60.000758
3.944900,60.000745
3.945000,60.000745
3.945100,60.000745
3.945200,60.000745
3.945300,60.000745
3.945400,60.000745
3.945500,60.000745
3.945600,60.000745
3.945700,60.000745
3.945800,60.000745
3.945900,60.000745
3.946000,60.000745
3.946100,60.000745
3.946200,60.000745
3.946300,60.000745
3.946400,60.000745
3.946500,60.000745
3.946600,60.000745
3.946700,60.000745
3.946800,60.000745
3.946900,60.000745
3.947000,60.000745
3.947100,60.000745
3.947200,60.000745
3.947300,60.000745
3.947400,60.000745
3.947500,60.000745
3.947600,60.000745
3.947700,60.000745
3.947800,60.000745
3.947900,60.000745
3.948000,60.000745
3.948100,60.000745
3.948200,60.000745
3.948300,60.000745
3.948400,60.000745
3.948500,60.000745
3.948600,60.000745
3.948700,60.000745
3.948800,60.000745
3.948900,60.000745
3.949000,60.000745
3.949100,60.000745
3.949200,60.000745
3.949300,60.000745
3.949400,60.000745
3.949500,60.000745
3.949600,60.000745
3.949700,60.000745
3.949800,60.000745
3.949900,60.000732
3.950000,60.000732
3.950100,60.000732
3.950200,60.000732
3.950300,60.000732
3.950400,60.000732
3.950500,60.000732
3.950600,60.000732
3.950700,60.000732
3.950800,60.000732
3.950900,60.000732
3.951000,60.000732
3.951100,60.000732
3.951200,60.000732
3.951300,60.000732
3.951400,60.000732
3.951500,60.000732
3.951600,60.000732
3.951700,60.000732
3.951800,60.000732
3.951900,60.000732
3.952000,60.000732
3.952100,60.000732
3.952200,60.000732
3.952300,60.000732
3.952400,60.000732
3.952500,60.000732
3.952600,60.000732
3.952700,60.000732
3.952800,60.000732
3.952900,60.000732
3.953000,60.000732
3.953100,60.000732
3.953200,60.000732
3.953300,60.000732
3.953400,60.000732
3.953500,60.000732
3.953600,60.000732
3.953700,60.000732
3.953800,60.000732
3.953900,60.000732
3.954000,60.000732
3.954100,60.000732
3.954200,60.000732
3.954300,60.000732
3.954400,60.000732
3.954500,60.000732
3.954600,60.000732
3.954700,60.000732
3.954800,60.000732
3.954900,60.000718
3.955000,60.000718
3.955100,60.000718
3.955200,60.000718
3.955300,60.000718
3.955400,60.000718
3.955500,60.000718
3.955600,60.000718
3.955700,60.000718
3.955800,60.000718
3.955900,60.000718
3.956000,60.000718
3.956100,60.000718
3.956200,60.000718
3.956300,60.000718
3.956400,60.000718
3.956500,60.000718
3.956600,60.000718
3.956700,60.000718
3.956800,60.000718
3.956900,60.000718
3.957000,60.000718
3.957100,60.000718
3.957200,60.000718
3.957300,60.000718
3.957400,60.000718
3.957500,60.000718
3.957600,60.000718
3.957700,60.000718
3.957800,60.000718
3.957900,60.000718
3.958000,60.000718
3.958100,60.000718
3.958200,60.000718
3.958300,60.000718
3.958400,60.000718
3.958500,60.000718
3.958600,60.000718
3.958700,60.000718
3.958800,60.000718
3.958900,60.000718
3.959000,60.000718
3.959100,60.000718
3.959200,60.000718
3.959300,60.000718
3.959400,60.000718
3.959500,60.000718
3.959600,60.000718
3.959700,60.000718
3.959800,60.000718
3.959900,60.000704
3.960000,60.000704
3.960100,60.000704
3.960200,60.000704
3.960300,60.000704
3.960400,60.000704
3.960500,60.000704
3.960600,60.000704
3.960700,60.000704
3.960800,60.000704
3.960900,60.000704
3.961000,60.000704
3.961100,60.000704
3.961200,60.000704
3.961300,60.000704
3.961400,60.000704
3.961500,60.000704
3.961600,60.000704
3.961700,60.000704
3.961800,60.000704
3.961900,60.000704
3.962000,60.000704
3.962100,60.000704
3.962200,60.000704
3.962300,60.000704
3.962400,60.000704
3.962500,60.000704
3.962600,60.000704
3.962700,60.000704
3.962800,60.000704
3.962900,60.000704
3.963000,60.000704
3.963100,60.000704
3.963200,60.000704
3.963300,60.000704
3.963400,60.000704
3.963500,60.000704
3.963600,60.000704
3.963700,60.000704
3.963800,60.000704
3.963900,60.000704
3.964000,60.000704
3.964100,60.000704
3.964200,60.000704
3.964300,60.000704
3.964400,60.000704
3.964500,60.000704
3.964600,60.000704
3.964700,60.000704
3.964800,60.000704
3.964900,60.000689
3.965000,60.000689
3.965100,60.000689
3.965200,60.000689
3.965300,60.000689
3.965400,60.000689
3.965500,60.000689
3.965600,60.000689
3.965700,60.000689
3.965800,60.000689
3.965900,60.000689
3.966000,60.000689
3.966100,60.000689
3.966200,60.000689
3.966300,60.000689
3.966400,60.000689
3.966500,60.000689
3.966600,60.000689
3.966700,60.000689
3.966800,60.000689
3.966900,60.000689
3.967000,60.000689
3.967100,60.000689
3.967200,60.000689
3.967300,60.000689
3.967400,60.000689
3.967500,60.000689
3.967600,60.000689
3.967700,60.000689
3.967800,60.000689
3.967900,60.000689
3.968000,60.000689
3.968100,60.000689
3.968200,60.000689
3.968300,60.000689
3.968400,60.000689
3.968500,60.000689
3.968600,60.000689
3.968700,60.000689
3.968800,60.000689
3.968900,60.000689
3.969000,60.000689
3.969100,60.000689
3.969200,60.000689
3.969300,60.000689
3.969400,60.000689
3.969500,60.000689
3.969600,60.000689
3.969700,60.000689
3.969800,60.000689
3.969900,60.000674
3.970000,60.000674
3.970100,60.000674
3.970200,60.000674
3.970300,60.000674
3.970400,60.000674
3.970500,60.000674
3.970600,60.000674
3.970700,60.000674
3.970800,60.000674
3.970900,60.000674
3.971000,60.000674
3.971100,60.000674
3.971200,60.000674
3.971300,60.000674
3.971400,60.000674
3.971500,60.000674
3.971600,60.000674
3.971700,60.000674
3.971800,60.000674
3.971900,60.000674
3.972000,60.000674
3.972100,60.000674
3.972200,60.000674
3.972300,60.000674
3.972400,60.000674
3.972500,60.000674
3.972600,60.000674
3.972700,60.000674
3.972800,60.000674
3.972900,60.000674
3.973000,60.000674
3.973100,60.000674
3.973200,60.000674
3.973300,60.000674
3.973400,60.000674
3.973500,60.000674
3.973600,60.000674
3.973700,60.000674
3.973800,60.000674
3.973900,60.000674
3.974000,60.000674
3.974100,60.000674
3.974200,60.000674
3.974300,60.000674
3.974400,60.000674
3.974500,60.000674
3.974600,60.000674
3.974700,60.000674
3.974800,60.000674
3.974900,60.000658
3.975000,60.000658
3.975100,60.000658
3.975200,60.000658
3.975300,60.000658
3.975400,60.000658
3.975500,60.000658
3.975600,60.000658
3.975700,60.000658
3.975800,60.000658
3.975900,60.000658
3.976000,60.000658
3.976100,60.000658
3.976200,60.000658
3.976300,60.000658
3.976400,60.000658
3.976500,60.000658
3.976600,60.000658
3.976700,60.000658
3.976800,60.000658
3.976900,60.000658
3.977000,60.000658
3.977100,60.000658
3.977200,60.000658
3.977300,60.000658
3.977400,60.000658
3.977500,60.000658
3.977600,60.000658
3.977700,60.000658
3.977800,60.000658
3.977900,60.000658
3.978000,60.000658
3.978100,60.000658
3.978200,60.000658
3.978300,60.000658
3.978400,60.000658
3.978500,60.000658
3.978600,60.000658
3.978700,60.000658
3.978800,60.000658
3.978900,60.000658
3.979000,60.000658
3.979100,60.000658
3.979200,60.000658
3.979300,60.000658
3.979400,60.000658
3.979500,60.000658
3.979600,60.000658
3.979700,60.000658
3.979800,60.000658
3.979900,60.000641
3.980000,60.000641
3.980100,60.000641
3.980200,60.000641
3.980300,60.000641
3.980400,60.000641
3.980500,60.000641
3.980600,60.000641
3.980700,60.000641
3.980800,60.000641
3.980900,60.000641
3.981000,60.000641
3.981100,60.000641
3.981200,60.000641
3.981300,60.000641
3.981400,60.000641
3.981500,60.000641
3.981600,60.000641
3.981700,60.000641
3.981800,60.000641
3.981900,60.000641
3.982000,60.000641
3.982100,60.000641
3.982200,60.000641
3.982300,60.000641
3.982400,60.000641
3.982500,60.000641
3.982600,60.000641
3.982700,60.000641
3.982800,60.000641
3.982900,60.000641
3.983000,60.000641
3.983100,60.000641
3.983200,60.000641
3.983300,60.000641
3.983400,60.000641
3.983500,60.000641
3.983600,60.000641
3.983700,60.000641
3.983800,60.000641
3.983900,60.000641
3.984000,60.000641
3.984100,60.000641
3.984200,60.000641
3.984300,60.000641
3.984400,60.000641
3.984500,60.000641
3.984600,60.000641
3.984700,60.000641
3.984800,60.000641
3.984900,60.000624
3.985000,60.000624
3.985100,60.000624
3.985200,60.000624
3.985300,60.000624
3.985400,60.000624
3.985500,60.000624
3.985600,60.000624
3.985700,60.000624
3.985800,60.000624
3.985900,60.000624
3.986000,60.000624
3.986100,60.000624
3.986200,60.000624
3.986300,60.000624
3.986400,60.000624
3.986500,60.000624
3.986600,60.000624
3.986700,60.000624
3.986800,60.000624
3.986900,60.000624
3.987000,60.000624
3.987100,60.000624
3.987200,60.000624
3.987300,60.000624
3.987400,60.000624
3.987500,60.000624
3.987600,60.000624
3.987700,60.000624
3.987800,60.000624
3.987900,60.000624
3.988000,60.000624
3.988100,60.000624
3.988200,60.000624
3.988300,60.000624
3.988400,60.000624
3.988500,60.000624
3.988600,60.000624
3.988700,60.000624
3.988800,60.000624
3.988900,60.000624
3.989000,60.000624
3.989100,60.000624
3.989200,60.000624
3.989300,60.000624
3.989400,60.000624
3.989500,60.000624
3.989600,60.000624
3.989700,60.000624
3.989800,60.000624
3.989900,60.000607
3.990000,60.000607
3.990100,60.000607
3.990200,60.000607
3.990300,60.000607
3.990400,60.000607
3.990500,60.000607
3.990600,60.000607
3.990700,60.000607
3.990800,60.000607
3.990900,60.000607
3.991000,60.000607
3.991100,60.000607
3.991200,60.000607
3.991300,60.000607
3.991400,60.000607
3.991500,60.000607
3.991600,60.000607
3.991700,60.000607
3.991800,60.000607
3.991900,60.000607
3.992000,60.000607
3.992100,60.000607
3.992200,60.000607
3.992300,60.000607
3.992400,60.000607
3.992500,60.000607
3.992600,60.000607
3.992700,60.000607
3.992800,60.000607
3.992900,60.000607
3.993000,60.000607
3.993100,60.000607
3.993200,60.000607
3.993300,60.000607
3.993400,60.000607
3.993500,60.000607
3.993600,60.000607
3.993700,60.000607
3.993800,60.000607
3.993900,60.000607
3.994000,60.000607
3.994100,60.000607
3.994200,60.000607
3.994300,60.000607
3.994400,60.000607
3.994500,60.000607
3.994600,60.000607
3.994700,60.000607
3.994800,60.000607
3.994900,60.000589
3.995000,60.000589
3.995100,60.000589
3.995200,60.000589
3.995300,60.000589
3.995400,60.000589
3.995500,60.000589
3.995600,60.000589
3.995700,60.000589
3.995800,60.000589
3.995900,60.000589
3.996000,60.000589
3.996100,60.000589
3.996200,60.000589
3.996300,60.000589
3.996400,60.000589
3.996500,60.000589
3.996600,60.000589
3.996700,60.000589
3.996800,60.000589
3.996900,60.000589
3.997000,60.000589
3.997100,60.000589
3.997200,60.000589
3.997300,60.000589
3.997400,60.000589
3.997500,60.000589
3.997600,60.000589
3.997700,60.000589
3.997800,60.000589
3.997900,60.000589
3.998000,60.000589
3.998100,60.000589
3.998200,60.000589
3.998300,60.000589
3.998400,60.000589
3.998500,60.000589
3.998600,60.000589
3.998700,60.000589
3.998800,60.000589
3.998900,60.000589
3.999000,60.000589
3.999100,60.000589
3.999200,60.000589
3.999300,60.000589
3.999400,60.000589
3.999500,60.000589
3.999600,60.000589
3.999700,60.000589
3.999800,60.000589
3.999900,60.000571
4.000000,60.000571
4.000100,60.000571
4.000200,60.000571
4.000300,60.000571
4.000400,60.000571
4.000500,60.000571
4.000600,60.000571
4.000700,60.000571
4.000800,60.000571
4.000900,60.000571
4.001000,60.000571
4.001100,60.000571
4.001200,60.000571
4.001300,60.000571
4.001400,60.000571
4.001500,60.000571
4.001600,60.000571
4.001700,60.000571
4.001800,60.000571
4.001900,60.000571
4.002000,60.000571
4.002100,60.000571
4.002200,60.000571
4.002300,60.000571
4.002400,60.000571
4.002500,60.000571
4.002600,60.000571
4.002700,60.000571
4.002800,60.000571
4.002900,60.000571
4.003000,60.000571
4.003100,60.000571
4.003200,60.000571
4.003300,60.000571
4.003400,60.000571
4.003500,60.000571
4.003600,60.000571
4.003700,60.000571
4.003800,60.000571
4.003900,60.000571
4.004000,60.000571
4.004100,60.000571
4.004200,60.000571
4.004300,60.000571
4.004400,60.000571
4.004500,60.000571
4.004600,60.000571
4.004700,60.000571
4.004800,60.000571
4.004900,60.000552
4.005000,60.000552
4.005100,60.000552
4.005200,60.000552
4.005300,60.000552
4.005400,60.000552
4.005500,60.000552
4.005600,60.000552
4.005700,60.000552
4.005800,60.000552
4.005900,60.000552
4.006000,60.000552
4.006100,60.000552
4.006200,60.000552
4.006300,60.000552
4.006400,60.000552
4.006500,60.000552
4.006600,60.000552
4.006700,60.000552
4.006800,60.000552
4.006900,60.000552
4.007000,60.000552
4.007100,60.000552
4.007200,60.000552
4.007300,60.000552
4.007400,60.000552
4.007500,60.000552
4.007600,60.000552
4.007700,60.000552
4.007800,60.000552
4.007900,60.000552
4.008000,60.000552
4.008100,60.000552
4.008200,60.000552
4.008300,60.000552
4.008400,60.000552
4.008500,60.000552
4.008600,60.000552
4.008700,60.000552
4.008800,60.000552
4.008900,60.000552
4.009000,60.000552
4.009100,60.000552
4.009200,60.000552
4.009300,60.000552
4.009400,60.000552
4.009500,60.000552
4.009600,60.000552
4.009700,60.000552
4.009800,60.000552
4.009900,60.000533
4.010000,60.000533
4.010100,60.000533
4.010200,60.000533
4.010300,60.000533
4.010400,60.000533
4.010500,60.000533
4.010600,60.000533
4.010700,60.000533
4.010800,60.000533
4.010900,60.000533
4.011000,60.000533
4.011100,60.000533
4.011200,60.000533
4.011300,60.000533
4.011400,60.000533
4.011500,60.000533
4.011600,60.000533
4.011700,60.000533
4.011800,60.000533
4.011900,60.000533
4.012000,60.000533
4.012100,60.000533
4.012200,60.000533
4.012300,60.000533
4.012400,60.000533
4.012500,60.000533
4.012600,60.000533
4.012700,60.000533
4.012800,60.000533
4.012900,60.000533
4.013000,60.000533
4.013100,60.000533
4.013200,60.000533
4.013300,60.000533
4.013400,60.000533
4.013500,60.000533
4.013600,60.000533
4.013700,60.000533
4.013800,60.000533
4.013900,60.000533
4.014000,60.000533
4.014100,60.000533
4.014200,60.000533
4.014300,60.000533
4.014400,60.000533
4.014500,60.000533
4.014600,60.000533
4.014700,60.000533
4.014800,60.000533
4.014900,60.000514
4.015000,60.000514
4.015100,60.000514
4.015200,60.000514
4.015300,60.000514
4.015400,60.000514
4.015500,60.000514
4.015600,60.000514
4.015700,60.000514
4.015800,60.000514
4.015900,60.000514
4.016000,60.000514
4.016100,60.000514
4.016200,60.000514
4.016300,60.000514
4.016400,60.000514
4.016500,60.000514
4.016600,60.000514
4.016700,60.000514
4.016800,60.000514
4.016900,60.000514
4.017000,60.000514
4.017100,60.000514
4.017200,60.000514
4.017300,60.000514
4.017400,60.000514
4.017500,60.000514
4.017600,60.000514
4.017700,60.000514
4.017800,60.000514
4.017900,60.000514
4.018000,60.000514
4.018100,60.000514
4.018200,60.000514
4.018300,60.000514
4.018400,60.000514
4.018500,60.000514
4.018600,60.000514
4.018700,60.000514
4.018800,60.000514
4.018900,60.000514
4.019000,60.000514
4.019100,60.000514
4.019200,60.000514
4.019300,60.000514
4.019400,60.000514
4.019500,60.000514
4.019600,60.000514
4.019700,60.000514
4.019800,60.000514
4.019900,60.000494
4.020000,60.000494
4.020100,60.000494
4.020200,60.000494
4.020300,60.000494
4.020400,60.000494
4.020500,60.000494
4.020600,60.000494
4.020700,60.000494
4.020800,60.000494
4.020900,60.000494
4.021000,60.000494
4.021100,60.000494
4.021200,60.000494
4.021300,60.000494
4.021400,60.000494
4.021500,60.000494
4.021600,60.000494
4.021700,60.000494
4.021800,60.000494
4.021900,60.000494
4.022000,60.000494
4.022100,60.000494
4.022200,60.000494
4.022300,60.000494
4.022400,60.000494
4.022500,60.000494
4.022600,60.000494
4.022700,60.000494
4.022800,60.000494
4.022900,60.000494
4.023000,60.000494
4.023100,60.000494
4.023200,60.000494
4.023300,60.000494
4.023400,60.000494
4.023500,60.000494
4.023600,60.000494
4.023700,60.000494
4.023800,60.000494
4.023900,60.000494
4.024000,60.000494
4.024100,60.000494
4.024200,60.000494
4.024300,60.000494
4.024400,60.000494
4.024500,60.000494
4.024600,60.000494
4.024700,60.000494
4.024800,60.000494
4.024900,60.000474
4.025000,60.000474
4.025100,60.000474
4.025200,60.000474
4.025300,60.000474
4.025400,60.000474
4.025500,60.000474
4.025600,60.000474
4.025700,60.000474
4.025800,60.000474
4.025900,60.000474
4.026000,60.000474
4.026100,60.000474
4.026200,60.000474
4.026300,60.000474
4.026400,60.000474
4.026500,60.000474
4.026600,60.000474
4.026700,60.000474
4.026800,60.000474
4.026900,60.000474
4.027000,60.000474
4.027100,60.000474
4.027200,60.000474
4.027300,60.000474
4.027400,60.000474
4.027500,60.000474
4.027600,60.000474
4.027700,60.000474
4.027800,60.000474
4.027900,60.000474
4.028000,60.000474
4.028100,60.000474
4.028200,60.000474
4.028300,60.000474
4.028400,60.000474
4.028500,60.000474
4.028600,60.000474
4.028700,60.000474
4.028800,60.000474
4.028900,60.000474
4.029000,60.000474
4.029100,60.000474
4.029200,60.000474
4.029300,60.000474
4.029400,60.000474
4.029500,60.000474
4.029600,60.000474
4.029700,60.000474
4.029800,60.000474
4.029900,60.000453
4.030000,60.000453
4.030100,60.000453
4.030200,60.000453
4.030300,60.000453
4.030400,60.000453
4.030500,60.000453
4.030600,60.000453
4.030700,60.000453
4.030800,60.000453
4.030900,60.000453
4.031000,60.000453
4.031100,60.000453
4.031200,60.000453
4.031300,60.000453
4.031400,60.000453
4.031500,60.000453
4.031600,60.000453
4.031700,60.000453
4.031800,60.000453
4.031900,60.000453
4.032000,60.000453
4.032100,60.000453
4.032200,60.000453
4.032300,60.000453
4.032400,60.000453
4.032500,60.000453
4.032600,60.000453
4.032700,60.000453
4.032800,60.000453
4.032900,60.000453
4.033000,60.000453
4.033100,60.000453
4.033200,60.000453
4.033300,60.000453
4.033400,60.000453
4.033500,60.000453
4.033600,60.000453
4.033700,60.000453
4.033800,60.000453
4.033900,60.000453
4.034000,60.000453
4.034100,60.000453
4.034200,60.000453
4.034300,60.000453
4.034400,60.000453
4.034500,60.000453
4.034600,60.000453
4.034700,60.000453
4.034800,60.000453
4.034900,60.000432
4.035000,60.000432
4.035100,60.000432
4.035200,60.000432
4.035300,60.000432
4.035400,60.000432
4.035500,60.000432
4.035600,60.000432
4.035700,60.000432
4.035800,60.000432
4.035900,60.000432
4.036000,60.000432
4.036100,60.000432
4.036200,60.000432
4.036300,60.000432
4.036400,60.000432
4.036500,60.000432
4.036600,60.000432
4.036700,60.000432
4.036800,60.000432
4.036900,60.000432
4.037000,60.000432
4.037100,60.000432
4.037200,60.000432
4.037300,60.000432
4.037400,60.000432
4.037500,60.000432
4.037600,60.000432
4.037700,60.000432
4.037800,60.000432
4.037900,60.000432
4.038000,60.000432
4.038100,60.000432
4.038200,60.000432
4.038300,60.000432
4.038400,60.000432
4.038500,60.000432
4.038600,60.000432
4.038700,60.000432
4.038800,60.000432
4.038900,60.000432
4.039000,60.000432
4.039100,60.000432
4.039200,60.000432
4.039300,60.000432
4.039400,60.000432
4.039500,60.000432
4.039600,60.000432
4.039700,60.000432
4.039800,60.000432
4.039900,60.000410
4.040000,60.000410
4.040100,60.000410
4.040200,60.000410
4.040300,60.000410
4.040400,60.000410
4.040500,60.000410
4.040600,60.000410
4.040700,60.000410
4.040800,60.000410
4.040900,60.000410
4.041000,60.000410
4.041100,60.000410
4.041200,60.000410
4.041300,60.000410
4.041400,60.000410
4.041500,60.000410
4.041600,60.000410
4.041700,60.000410
4.041800,60.000410
4.041900,60.000410
4.042000,60.000410
4.042100,60.000410
4.042200,60.000410
4.042300,60.000410
4.042400,60.000410
4.042500,60.000410
4.042600,60.000410
4.042700,60.000410
4.042800,60.000410
4.042900,60.000410
4.043000,60.000410
4.043100,60.000410
4.043200,60.000410
4.043300,60.000410
4.043400,60.000410
4.043500,60.000410
4.043600,60.000410
4.043700,60.000410
4.043800,60.000410
4.043900,60.000410
4.044000,60.000410
4.044100,60.000410
4.044200,60.000410
4.044300,60.000410
4.044400,60.000410
4.044500,60.000410
4.044600,60.000410
4.044700,60.000410
4.044800,60.000410
4.044900,60.000388
4.045000,60.000388
4.045100,60.000388
4.045200,60.000388
4.045300,60.000388
4.045400,60.000388
4.045500,60.000388
4.045600,60.000388
4.045700,60.000388
4.045800,60.000388
4.045900,60.000388
4.046000,60.000388
4.046100,60.000388
4.046200,60.000388
4.046300,60.000388
4.046400,60.000388
4.046500,60.000388
4.046600,60.000388
4.046700,60.000388
4.046800,60.000388
4.046900,60.000388
4.047000,60.000388
4.047100,60.000388
4.047200,60.000388
4.047300,60.000388
4.047400,60.000388
4.047500,60.000388
4.047600,60.000388
4.047700,60.000388
4.047800,60.000388
4.047900,60.000388
4.048000,60.000388
4.048100,60.000388
4.048200,60.000388
4.048300,60.000388
4.048400,60.000388
4.048500,60.000388
4.048600,60.000388
4.048700,60.000388
4.048800,60.000388
4.048900,60.000388
4.049000,60.000388
4.049100,60.000388
4.049200,60.000388
4.049300,60.000388
4.049400,60.000388
4.049500,60.000388
4.049600,60.000388
4.049700,60.000388
4.049800,60.000388
4.049900,60.000365
4.050000,60.000365
4.050100,60.000365
4.050200,60.000365
4.050300,60.000365
4.050400,60.000365
4.050500,60.000365
4.050600,60.000365
4.050700,60.000365
4.050800,60.000365
4.050900,60.000365
4.051000,60.000365
4.051100,60.000365
4.051200,60.000365
4.051300,60.000365
4.051400,60.000365
4.051500,60.000365
4.051600,60.000365
4.051700,60.000365
4.051800,60.000365
4.051900,60.000365
4.052000,60.000365
4.052100,60.000365
4.052200,60.000365
4.052300,60.000365
4.052400,60.000365
4.052500,60.000365
4.052600,60.000365
4.052700,60.000365
4.052800,60.000365
4.052900,60.000365
4.053000,60.000365
4.053100,60.000365
4.053200,60.000365
4.053300,60.000365
4.053400,60.000365
4.053500,60.000365
4.053600,60.000365
4.053700,60.000365
4.053800,60.000365
4.053900,60.000365
4.054000,60.000365
4.054100,60.000365
4.054200,60.000365
4.054300,60.000365
4.054400,60.000365
4.054500,60.000365
4.054600,60.000365
4.054700,60.000365
4.054800,60.000365
4.054900,60.000343
4.055000,60.000343
4.055100,60.000343
4.055200,60.000343
4.055300,60.000343
4.055400,60.000343
4.055500,60.000343
4.055600,60.000343
4.055700,60.000343
4.055800,60.000343
4.055900,60.000343
4.056000,60.000343
4.056100,60.000343
4.056200,60.000343
4.056300,60.000343
4.056400,60.000343
4.056500,60.000343
4.056600,60.000343
4.056700,60.000343
4.056800,60.000343
4.056900,60.000343
4.057000,60.000343
4.057100,60.000343
4.057200,60.000343
4.057300,60.000343
4.057400,60.000343
4.057500,60.000343
4.057600,60.000343
4.057700,60.000343
4.057800,60.000343
4.057900,60.000343
4.058000,60.000343
4.058100,60.000343
4.058200,60.000343
4.058300,60.000343
4.058400,60.000343
4.058500,60.000343
4.058600,60.000343
4.058700,60.000343
4.058800,60.000343
4.058900,60.000343
4.059000,60.000343
4.059100,60.000343
4.059200,60.000343
4.059300,60.000343
4.059400,60.000343
4.059500,60.000343
4.059600,60.000343
4.059700,60.000343
4.059800,60.000343
4.059900,60.000319
4.060000,60.000319
4.060100,60.000319
4.060200,60.000319
4.060300,60.000319
4.060400,60.000319
4.060500,60.000319
4.060600,60.000319
4.060700,60.000319
4.060800,60.000319
4.060900,60.000319
4.061000,60.000319
4.061100,60.000319
4.061200,60.000319
4.061300,60.000319
4.061400,60.000319
4.061500,60.000319
4.061600,60.000319
4.061700,60.000319
4.061800,60.000319
4.061900,60.000319
4.062000,60.000319
4.062100,60.000319
4.062200,60.000319
4.062300,60.000319
4.062400,60.000319
4.062500,60.000319
4.062600,60.000319
4.062700,60.000319
4.062800,60.000319
4.062900,60.000319
4.063000,60.000319
4.063100,60.000319
4.063200,60.000319
4.063300,60.000319
4.063400,60.000319
4.063500,60.000319
4.063600,60.000319
4.063700,60.000319
4.063800,60.000319
4.063900,60.000319
4.064000,60.000319
4.064100,60.000319
4.064200,60.000319
4.064300,60.000319
4.064400,60.000319
4.064500,60.000319
4.064600,60.000319
4.064700,60.000319
4.064800,60.000319
4.064900,60.000296
4.065000,60.000296
4.065100,60.000296
4.065200,60.000296
4.065300,60.000296
4.065400,60.000296
4.065500,60.000296
4.065600,60.000296
4.065700,60.000296
4.065800,60.000296
4.065900,60.000296
4.066000,60.000296
4.066100,60.000296
4.066200,60.000296
4.066300,60.000296
4.066400,60.000296
4.066500,60.000296
4.066600,60.000296
4.066700,60.000296
4.066800,60.000296
4.066900,60.000296
4.067000,60.000296
4.067100,60.000296
4.067200,60.000296
4.067300,60.000296
4.067400,60.000296
4.067500,60.000296
4.067600,60.000296
4.067700,60.000296
4.067800,60.000296
4.067900,60.000296
4.068000,60.000296
4.068100,60.000296
4.068200,60.000296
4.068300,60.000296
4.068400,60.000296
4.068500,60.000296
4.068600,60.000296
4.068700,60.000296
4.068800,60.000296
4.068900,60.000296
4.069000,60.000296
4.069100,60.000296
4.069200,60.000296
4.069300,60.000296
4.069400,60.000296
4.069500,60.000296
4.069600,60.000296
4.069700,60.000296
4.069800,60.000296
4.069900,60.000272
4.070000,60.000272
4.070100,60.000272
4.070200,60.000272
4.070300,60.000272
4.070400,60.000272
4.070500,60.000272
4.070600,60.000272
4.070700,60.000272
4.070800,60.000272
4.070900,60.000272
4.071000,60.000272
4.071100,60.000272
4.071200,60.000272
4.071300,60.000272
4.071400,60.000272
4.071500,60.000272
4.071600,60.000272
4.071700,60.000272
4.071800,60.000272
4.071900,60.000272
4.072000,60.000272
4.072100,60.000272
4.072200,60.000272
4.072300,60.000272
4.072400,60.000272
4.072500,60.000272
4.072600,60.000272
4.072700,60.000272
4.072800,60.000272
4.072900,60.000272
4.073000,60.000272
4.073100,60.000272
4.073200,60.000272
4.073300,60.000272
4.073400,60.000272
4.073500,60.000272
4.073600,60.000272
4.073700,60.000272
4.073800,60.000272
4.073900,60.000272
4.074000,60.000272
4.074100,60.000272
4.074200,60.000272
4.074300,60.000272
4.074400,60.000272
4.074500,60.000272
4.074600,60.000272
4.074700,60.000272
4.074800,60.000272
4.074900,60.000248
4.075000,60.000248
4.075100,60.000248
4.075200,60.000248
4.075300,60.000248
4.075400,60.000248
4.075500,60.000248
4.075600,60.000248
4.075700,60.000248
4.075800,60.000248
4.075900,60.000248
4.076000,60.000248
4.076100,60.000248
4.076200,60.000248
4.076300,60.000248
4.076400,60.000248
4.076500,60.000248
4.076600,60.000248
4.076700,60.000248
4.076800,60.000248
4.076900,60.000248
4.077000,60.000248
4.077100,60.000248
4.077200,60.000248
4.077300,60.000248
4.077400,60.000248
4.077500,60.000248
4.077600,60.000248
4.077700,60.000248
4.077800,60.000248
4.077900,60.000248
4.078000,60.000248
4.078100,60.000248
4.078200,60.000248
4.078300,60.000248
4.078400,60.000248
4.078500,60.000248
4.078600,60.000248
4.078700,60.000248
4.078800,60.000248
4.078900,60.000248
4.079000,60.000248
4.079100,60.000248
4.079200,60.000248
4.079300,60.000248
4.079400,60.000248
4.079500,60.000248
4.079600,60.000248
4.079700,60.000248
4.079800,60.000248
4.079900,60.000223
4.080000,60.000223
4.080100,60.000223
4.080200,60.000223
4.080300,60.000223
4.080400,60.000223
4.080500,60.000223
4.080600,60.000223
4.080700,60.000223
4.080800,60.000223
4.080900,60.000223
4.081000,60.000223
4.081100,60.000223
4.081200,60.000223
4.081300,60.000223
4.081400,60.000223
4.081500,60.000223
4.081600,60.000223
4.081700,60.000223
4.081800,60.000223
4.081900,60.000223
4.082000,60.000223
4.082100,60.000223
4.082200,60.000223
4.082300,60.000223
4.082400,60.000223
4.082500,60.000223
4.082600,60.000223
4.082700,60.000223
4.082800,60.000223
4.082900,60.000223
4.083000,60.000223
4.083100,60.000223
4.083200,60.000223
4.083300,60.000223
4.083400,60.000223
4.083500,60.000223
4.083600,60.000223
4.083700,60.000223
4.083800,60.000223
4.083900,60.000223
4.084000,60.000223
4.084100,60.000223
4.084200,60.000223
4.084300,60.000223
4.084400,60.000223
4.084500,60.000223
4.084600,60.000223
4.084700,60.000223
4.084800,60.000223
4.084900,60.000198
4.085000,60.000198
4.085100,60.000198
4.085200,60.000198
4.085300,60.000198
4.085400,60.000198
4.085500,60.000198
4.085600,60.000198
4.085700,60.000198
4.085800,60.000198
4.085900,60.000198
4.086000,60.000198
4.086100,60.000198
4.086200,60.000198
4.086300,60.000198
4.086400,60.000198
4.086500,60.000198
4.086600,60.000198
4.086700,60.000198
4.086800,60.000198
4.086900,60.000198
4.087000,60.000198
4.087100,60.000198
4.087200,60.000198
4.087300,60.000198
4.087400,60.000198
4.087500,60.000198
4.087600,60.000198
4.087700,60.000198
4.087800,60.000198
4.087900,60.000198
4.088000,60.000198
4.088100,60.000198
4.088200,60.000198
4.088300,60.000198
4.088400,60.000198
4.088500,60.000198
4.088600,60.000198
4.088700,60.000198
4.088800,60.000198
4.088900,60.000198
4.089000,60.000198
4.089100,60.000198
4.089200,60.000198
4.089300,60.000198
4.089400,60.000198
4.089500,60.000198
4.089600,60.000198
4.089700,60.000198
4.089800,60.000198
4.089900,60.000173
4.090000,60.000173
4.090100,60.000173
4.090200,60.000173
4.090300,60.000173
4.090400,60.000173
4.090500,60.000173
4.090600,60.000173
4.090700,60.000173
4.090800,60.000173
4.090900,60.000173
4.091000,60.000173
4.091100,60.000173
4.091200,60.000173
4.091300,60.000173
4.091400,60.000173
4.091500,60.000173
4.091600,60.000173
4.091700,60.000173
4.091800,60.000173
4.091900,60.000173
4.092000,60.000173
4.092100,60.000173
4.092200,60.000173
4.092300,60.000173
4.092400,60.000173
4.092500,60.000173
4.092600,60.000173
4.092700,60.000173
4.092800,60.000173
4.092900,60.000173
4.093000,60.000173
4.093100,60.000173
4.093200,60.000173
4.093300,60.000173
4.093400,60.000173
4.093500,60.000173
4.093600,60.000173
4.093700,60.000173
4.093800,60.000173
4.093900,60.000173
4.094000,60.000173
4.094100,60.000173
4.094200,60.000173
4.094300,60.000173
4.094400,60.000173
4.094500,60.000173
4.094600,60.000173
4.094700,60.000173
4.094800,60.000173
4.094900,60.000148
4.095000,60.000148
4.095100,60.000148
4.095200,60.000148
4.095300,60.000148
4.095400,60.000148
4.095500,60.000148
4.095600,60.000148
4.095700,60.000148
4.095800,60.000148
4.095900,60.000148
4.096000,60.000148
4.096100,60.000148
4.096200,60.000148
4.096300,60.000148
4.096400,60.000148
4.096500,60.000148
4.096600,60.000148
4.096700,60.000148
4.096800,60.000148
4.096900,60.000148
4.097000,60.000148
4.097100,60.000148
4.097200,60.000148
4.097300,60.000148
4.097400,60.000148
4.097500,60.000148
4.097600,60.000148
4.097700,60.000148
4.097800,60.000148
4.097900,60.000148
4.098000,60.000148
4.098100,60.000148
4.098200,60.000148
4.098300,60.000148
4.098400,60.000148
4.098500,60.000148
4.098600,60.000148
4.098700,60.000148
4.098800,60.000148
4.098900,60.000148
4.099000,60.000148
4.099100,60.000148
4.099200,60.000148
4.099300,60.000148
4.099400,60.000148
4.099500,60.000148
4.099600,60.000148
4.099700,60.000148
4.099800,60.000148
4.099900,60.000123
4.100000,60.000123
4.100100,60.000123
4.100200,60.000123
4.100300,60.000123
4.100400,60.000123
4.100500,60.000123
4.100600,60.000123
4.100700,60.000123
4.100800,60.000123
4.100900,60.000123
4.101000,60.000123
4.101100,60.000123
4.101200,60.000123
4.101300,60.000123
4.101400,60.000123
4.101500,60.000123
4.101600,60.000123
4.101700,60.000123
4.101800,60.000123
4.101900,60.000123
4.102000,60.000123
4.102100,60.000123
4.102200,60.000123
4.102300,60.000123
4.102400,60.000123
4.102500,60.000123
4.102600,60.000123
4.102700,60.000123
4.102800,60.000123
4.102900,60.000123
4.103000,60.000123
4.103100,60.000123
4.103200,60.000123
4.103300,60.000123
4.103400,60.000123
4.103500,60.000123
4.103600,60.000123
4.103700,60.000123
4.103800,60.000123
4.103900,60.000123
4.104000,60.000123
4.104100,60.000123
4.104200,60.000123
4.104300,60.000123
4.104400,60.000123
4.104500,60.000123
4.104600,60.000123
4.104700,60.000123
4.104800,60.000123
4.104900,60.000098
4.105000,60.000098
4.105100,60.000098
4.105200,60.000098
4.105300,60.000098
4.105400,60.000098
4.105500,60.000098
4.105600,60.000098
4.105700,60.000098
4.105800,60.000098
4.105900,60.000098
4.106000,60.000098
4.106100,60.000098
4.106200,60.000098
4.106300,60.000098
4.106400,60.000098
4.106500,60.000098
4.106600,60.000098
4.106700,60.000098
4.106800,60.000098
4.106900,60.000098
4.107000,60.000098
4.107100,60.000098
4.107200,60.000098
4.107300,60.000098
4.107400,60.000098
4.107500,60.000098
4.107600,60.000098
4.107700,60.000098
4.107800,60.000098
4.107900,60.000098
4.108000,60.000098
4.108100,60.000098
4.108200,60.000098
4.108300,60.000098
4.108400,60.000098
4.108500,60.000098
4.108600,60.000098
4.108700,60.000098
4.108800,60.000098
4.108900,60.000098
4.109000,60.000098
4.109100,60.000098
4.109200,60.000098
4.109300,60.000098
4.109400,60.000098
4.109500,60.000098
4.109600,60.000098
4.109700,60.000098
4.109800,60.000098
4.109900,60.000072
4.110000,60.000072
4.110100,60.000072
4.110200,60.000072
4.110300,60.000072
4.110400,60.000072
4.110500,60.000072
4.110600,60.000072
4.110700,60.000072
4.110800,60.000072
4.110900,60.000072
4.111000,60.000072
4.111100,60.000072
4.111200,60.000072
4.111300,60.000072
4.111400,60.000072
4.111500,60.000072
4.111600,60.000072
4.111700,60.000072
4.111800,60.000072
4.111900,60.000072
4.112000,60.000072
4.112100,60.000072
4.112200,60.000072
4.112300,60.000072
4.112400,60.000072
4.112500,60.000072
4.112600,60.000072
4.112700,60.000072
4.112800,60.000072
4.112900,60.000072
4.113000,60.000072
4.113100,60.000072
4.113200,60.000072
4.113300,60.000072
4.113400,60.000072
4.113500,60.000072
4.113600,60.000072
4.113700,60.000072
4.113800,60.000072
4.113900,60.000072
4.114000,60.000072
4.114100,60.000072
4.114200,60.000072
4.114300,60.000072
4.114400,60.000072
4.114500,60.000072
4.114600,60.000072
4.114700,60.000072
4.114800,60.000072
4.114900,60.000047
4.115000,60.000047
4.115100,60.000047
4.115200,60.000047
4.115300,60.000047
4.115400,60.000047
4.115500,60.000047
4.115600,60.000047
4.115700,60.000047
4.115800,60.000047
4.115900,60.000047
4.116000,60.000047
4.116100,60.000047
4.116200,60.000047
4.116300,60.000047
4.116400,60.000047
4.116500,60.000047
4.116600,60.000047
4.116700,60.000047
4.116800,60.000047
4.116900,60.000047
4.117000,60.000047
4.117100,60.000047
4.117200,60.000047
4.117300,60.000047
4.117400,60.000047
4.117500,60.000047
4.117600,60.000047
4.117700,60.000047
4.117800,60.000047
4.117900,60.000047
4.118000,60.000047
4.118100,60.000047
4.118200,60.000047
4.118300,60.000047
4.118400,60.000047
4.118500,60.000047
4.118600,60.000047
4.118700,60.000047
4.118800,60.000047
4.118900,60.000047
4.119000,60.000047
4.119100,60.000047
4.119200,60.000047
4.119300,60.000047
4.119400,60.000047
4.119500,60.000047
4.119600,60.000047
4.119700,60.000047
4.119800,60.000047
4.119900,60.000021
4.120000,60.000021
4.120100,60.000021
4.120200,60.000021
4.120300,60.000021
4.120400,60.000021
4.120500,60.000021
4.120600,60.000021
4.120700,60.000021
4.120800,60.000021
4.120900,60.000021
4.121000,60.000021
4.121100,60.000021
4.121200,60.000021
4.121300,60.000021
4.121400,60.000021
4.121500,60.000021
4.121600,60.000021
4.121700,60.000021
4.121800,60.000021
4.121900,60.000021
4.122000,60.000021
4.122100,60.000021
4.122200,60.000021
4.122300,60.000021
4.122400,60.000021
4.122500,60.000021
4.122600,60.000021
4.122700,60.000021
4.122800,60.000021
4.122900,60.000021
4.123000,60.000021
4.123100,60.000021
4.123200,60.000021
4.123300,60.000021
4.123400,60.000021
4.123500,60.000021
4.123600,60.000021
4.123700,60.000021
4.123800,60.000021
4.123900,60.000021
4.124000,60.000021
4.124100,60.000021
4.124200,60.000021
4.124300,60.000021
4.124400,60.000021
4.124500,60.000021
4.124600,60.000021
4.124700,60.000021
4.124800,60.000021
4.124900,59.999995
4.125000,59.999995
4.125100,59.999995
4.125200,59.999995
4.125300,59.999995
4.125400,59.999995
4.125500,59.999995
4.125600,59.999995
4.125700,59.999995
4.125800,59.999995
4.125900,59.999995
4.126000,59.999995
4.126100,59.999995
4.126200,59.999995
4.126300,59.999995
4.126400,59.999995
4.126500,59.999995
4.126600,59.999995
4.126700,59.999995
4.126800,59.999995
4.126900,59.999995
4.127000,59.999995
4.127100,59.999995
4.127200,59.999995
4.127300,59.999995
4.127400,59.999995
4.127500,59.999995
4.127600,59.999995
4.127700,59.999995
4.127800,59.999995
4.127900,59.999995
4.128000,59.999995
4.128100,59.999995
4.128200,59.999995
4.128300,59.999995
4.128400,59.999995
4.128500,59.999995
4.128600,59.999995
4.128700,59.999995
4.128800,59.999995
4.128900,59.999995
4.129000,59.999995
4.129100,59.999995
4.129200,59.999995
4.129300,59.999995
4.129400,59.999995
4.129500,59.999995
4.129600,59.999995
4.129700,59.999995
4.129800,59.999995
4.129900,59.999970
4.130000,59.999970
4.130100,59.999970
4.130200,59.999970
4.130300,59.999970
4.130400,59.999970
4.130500,59.999970
4.130600,59.999970
4.130700,59.999970
4.130800,59.999970
4.130900,59.999970
4.131000,59.999970
4.131100,59.999970
4.131200,59.999970
4.131300,59.999970
4.131400,59.999970
4.131500,59.999970
4.131600,59.999970
4.131700,59.999970
4.131800,59.999970
4.131900,59.999970
4.132000,59.999970
4.132100,59.999970
4.132200,59.999970
4.132300,59.999970
4.132400,59.999970
4.132500,59.999970
4.132600,59.999970
4.132700,59.999970
4.132800,59.999970
4.132900,59.999970
4.133000,59.999970
4.133100,59.999970
4.133200,59.999970
4.133300,59.999970
4.133400,59.999970
4.133500,59.999970
4.133600,59.999970
4.133700,59.999970
4.133800,59.999970
4.133900,59.999970
4.134000,59.999970
4.134100,59.999970
4.134200,59.999970
4.134300,59.999970
4.134400,59.999970
4.134500,59.999970
4.134600,59.999970
4.134700,59.999970
4.134800,59.999970
4.134900,59.999944
4.135000,59.999944
4.135100,59.999944
4.135200,59.999944
4.135300,59.999944
4.135400,59.999944
4.135500,59.999944
4.135600,59.999944
4.135700,59.999944
4.135800,59.999944
4.135900,59.999944
4.136000,59.999944
4.136100,59.999944
4.136200,59.999944
4.136300,59.999944
4.136400,59.999944
4.136500,59.999944
4.136600,59.999944
4.136700,59.999944
4.136800,59.999944
4.136900,59.999944
4.137000,59.999944
4.137100,59.999944
4.137200,59.999944
4.137300,59.999944
4.137400,59.999944
4.137500,59.999944
4.137600,59.999944
4.137700,59.999944
4.137800,59.999944
4.137900,59.999944
4.138000,59.999944
4.138100,59.999944
4.138200,59.999944
4.138300,59.999944
4.138400,59.999944
4.138500,59.999944
4.138600,59.999944
4.138700,59.999944
4.138800,59.999944
4.138900,59.999944
4.139000,59.999944
4.139100,59.999944
4.139200,59.999944
4.139300,59.999944
4.139400,59.999944
4.139500,59.999944
4.139600,59.999944
4.139700,59.999944
4.139800,59.999944
4.139900,59.999919
4.140000,59.999919
4.140100,59.999919
4.140200,59.999919
4.140300,59.999919
4.140400,59.999919
4.140500,59.999919
4.140600,59.999919
4.140700,59.999919
4.140800,59.999919
4.140900,59.999919
4.141000,59.999919
4.141100,59.999919
4.141200,59.999919
4.141300,59.999919
4.141400,59.999919
4.141500,59.999919
4.141600,59.999919
4.141700,59.999919
4.141800,59.999919
4.141900,59.999919
4.142000,59.999919
4.142100,59.999919
4.142200,59.999919
4.142300,59.999919
4.142400,59.999919
4.142500,59.999919
4.142600,59.999919
4.142700,59.999919
4.142800,59.999919
4.142900,59.999919
4.143000,59.999919
4.143100,59.999919
4.143200,59.999919
4.143300,59.999919
4.143400,59.999919
4.143500,59.999919
4.143600,59.999919
4.143700,59.999919
4.143800,59.999919
4.143900,59.999919
4.144000,59.999919
4.144100,59.999919
4.144200,59.999919
4.144300,59.999919
4.144400,59.999919
4.144500,59.999919
4.144600,59.999919
4.144700,59.999919
4.144800,59.999919
4.144900,59.999893
4.145000,59.999893
4.145100,59.999893
4.145200,59.999893
4.145300,59.999893
4.145400,59.999893
4.145500,59.999893
4.145600,59.999893
4.145700,59.999893
4.145800,59.999893
4.145900,59.999893
4.146000,59.999893
4.146100,59.999893
4.146200,59.999893
4.146300,59.999893
4.146400,59.999893
4.146500,59.999893
4.146600,59.999893
4.146700,59.999893
4.146800,59.999893
4.146900,59.999893
4.147000,59.999893
4.147100,59.999893
4.147200,59.999893
4.147300,59.999893
4.147400,59.999893
4.147500,59.999893
4.147600,59.999893
4.147700,59.999893
4.147800,59.999893
4.147900,59.999893
4.148000,59.999893
4.148100,59.999893
4.148200,59.999893
4.148300,59.999893
4.148400,59.999893
4.148500,59.999893
4.148600,59.999893
4.148700,59.999893
4.148800,59.999893
4.148900,59.999893
4.149000,59.999893
4.149100,59.999893
4.149200,59.999893
4.149300,59.999893
4.149400,59.999893
4.149500,59.999893
4.149600,59.999893
4.149700,59.999893
4.149800,59.999893
4.149900,59.999868
4.150000,59.999868
4.150100,59.999868
4.150200,59.999868
4.150300,59.999868
4.150400,59.999868
4.150500,59.999868
4.150600,59.999868
4.150700,59.999868
4.150800,59.999868
4.150900,59.999868
4.151000,59.999868
4.151100,59.999868
4.151200,59.999868
4.151300,59.999868
4.151400,59.999868
4.151500,59.999868
4.151600,59.999868
4.151700,59.999868
4.151800,59.999868
4.151900,59.999868
4.152000,59.999868
4.152100,59.999868
4.152200,59.999868
4.152300,59.999868
4.152400,59.999868
4.152500,59.999868
4.152600,59.999868
4.152700,59.999868
4.152800,59.999868
4.152900,59.999868
4.153000,59.999868
4.153100,59.999868
4.153200,59.999868
4.153300,59.999868
4.153400,59.999868
4.153500,59.999868
4.153600,59.999868
4.153700,59.999868
4.153800,59.999868
4.153900,59.999868
4.154000,59.999868
4.154100,59.999868
4.154200,59.999868
4.154300,59.999868
4.154400,59.999868
4.154500,59.999868
4.154600,59.999868
4.154700,59.999868
4.154800,59.999868
4.154900,59.999843
4.155000,59.999843
4.155100,59.999843
4.155200,59.999843
4.155300,59.999843
4.155400,59.999843
4.155500,59.999843
4.155600,59.999843
4.155700,59.999843
4.155800,59.999843
4.155900,59.999843
4.156000,59.999843
4.156100,59.999843
4.156200,59.999843
4.156300,59.999843
4.156400,59.999843
4.156500,59.999843
4.156600,59.999843
4.156700,59.999843
4.156800,59.999843
4.156900,59.999843
4.157000,59.999843
4.157100,59.999843
4.157200,59.999843
4.157300,59.999843
4.157400,59.999843
4.157500,59.999843
4.157600,59.999843
4.157700,59.999843
4.157800,59.999843
4.157900,59.999843
4.158000,59.999843
4.158100,59.999843
4.158200,59.999843
4.158300,59.999843
4.158400,59.999843
4.158500,59.999843
4.158600,59.999843
4.158700,59.999843
4.158800,59.999843
4.158900,59.999843
4.159000,59.999843
4.159100,59.999843
4.159200,59.999843
4.159300,59.999843
4.159400,59.999843
4.159500,59.999843
4.159600,59.999843
4.159700,59.999843
4.159800,59.999843
4.159900,59.999818
4.160000,59.999818
4.160100,59.999818
4.160200,59.999818
4.160300,59.999818
4.160400,59.999818
4.160500,59.999818
4.160600,59.999818
4.160700,59.999818
4.160800,59.999818
4.160900,59.999818
4.161000,59.999818
4.161100,59.999818
4.161200,59.999818
4.161300,59.999818
4.161400,59.999818
4.161500,59.999818
4.161600,59.999818
4.161700,59.999818
4.161800,59.999818
4.161900,59.999818
4.162000,59.999818
4.162100,59.999818
4.162200,59.999818
4.162300,59.999818
4.162400,59.999818
4.162500,59.999818
4.162600,59.999818
4.162700,59.999818
4.162800,59.999818
4.162900,59.999818
4.163000,59.999818
4.163100,59.999818
4.163200,59.999818
4.163300,59.999818
4.163400,59.999818
4.163500,59.999818
4.163600,59.999818
4.163700,59.999818
4.163800,59.999818
4.163900,59.999818
4.164000,59.999818
4.164100,59.999818
4.164200,59.999818
4.164300,59.999818
4.164400,59.999818
4.164500,59.999818
4.164600,59.999818
4.164700,59.999818
4.164800,59.999818
4.164900,59.999794
4.165000,59.999794
4.165100,59.999794
4.165200,59.999794
4.165300,59.999794
4.165400,59.999794
4.165500,59.999794
4.165600,59.999794
4.165700,59.999794
4.165800,59.999794
4.165900,59.999794
4.166000,59.999794
4.166100,59.999794
4.166200,59.999794
4.166300,59.999794
4.166400,59.999794
4.166500,59.999794
4.166600,59.999794
4.166700,59.999794
4.166800,59.999794
4.166900,59.999794
4.167000,59.999794
4.167100,59.999794
4.167200,59.999794
4.167300,59.999794
4.167400,59.999794
4.167500,59.999794
4.167600,59.999794
4.167700,59.999794
4.167800,59.999794
4.167900,59.999794
4.168000,59.999794
4.168100,59.999794
4.168200,59.999794
4.168300,59.999794
4.168400,59.999794
4.168500,59.999794
4.168600,59.999794
4.168700,59.999794
4.168800,59.999794
4.168900,59.999794
4.169000,59.999794
4.169100,59.999794
4.169200,59.999794
4.169300,59.999794
4.169400,59.999794
4.169500,59.999794
4.169600,59.999794
4.169700,59.999794
4.169800,59.999794
4.169900,59.999769
4.170000,59.999769
4.170100,59.999769
4.170200,59.999769
4.170300,59.999769
4.170400,59.999769
4.170500,59.999769
4.170600,59.999769
4.170700,59.999769
4.170800,59.999769
4.170900,59.999769
4.171000,59.999769
4.171100,59.999769
4.171200,59.999769
4.171300,59.999769
4.171400,59.999769
4.171500,59.999769
4.171600,59.999769
4.171700,59.999769
4.171800,59.999769
4.171900,59.999769
4.172000,59.999769
4.172100,59.999769
4.172200,59.999769
4.172300,59.999769
4.172400,59.999769
4.172500,59.999769
4.172600,59.999769
4.172700,59.999769
4.172800,59.999769
4.172900,59.999769
4.173000,59.999769
4.173100,59.999769
4.173200,59.999769
4.173300,59.999769
4.173400,59.999769
4.173500,59.999769
4.173600,59.999769
4.173700,59.999769
4.173800,59.999769
4.173900,59.999769
4.174000,59.999769
4.174100,59.999769
4.174200,59.999769
4.174300,59.999769
4.174400,59.999769
4.174500,59.999769
4.174600,59.999769
4.174700,59.999769
4.174800,59.999769
4.174900,59.999745
4.175000,59.999745
4.175100,59.999745
4.175200,59.999745
4.175300,59.999745
4.175400,59.999745
4.175500,59.999745
4.175600,59.999745
4.175700,59.999745
4.175800,59.999745
4.175900,59.999745
4.176000,59.999745
4.176100,59.999745
4.176200,59.999745
4.176300,59.999745
4.176400,59.999745
4.176500,59.999745
4.176600,59.999745
4.176700,59.999745
4.176800,59.999745
4.176900,59.999745
4.177000,59.999745
4.177100,59.999745
4.177200,59.999745
4.177300,59.999745
4.177400,59.999745
4.177500,59.999745
4.177600,59.999745
4.177700,59.999745
4.177800,59.999745
4.177900,59.999745
4.178000,59.999745
4.178100,59.999745
4.178200,59.999745
4.178300,59.999745
4.178400,59.999745
4.178500,59.999745
4.178600,59.999745
4.178700,59.999745
4.178800,59.999745
4.178900,59.999745
4.179000,59.999745
4.179100,59.999745
4.179200,59.999745
4.179300,59.999745
4.179400,59.999745
4.179500,59.999745
4.179600,59.999745
4.179700,59.999745
4.179800,59.999745
4.179900,59.999721
4.180000,59.999721
4.180100,59.999721
4.180200,59.999721
4.180300,59.999721
4.180400,59.999721
4.180500,59.999721
4.180600,59.999721
4.180700,59.999721
4.180800,59.999721
4.180900,59.999721
4.181000,59.999721
4.181100,59.999721
4.181200,59.999721
4.181300,59.999721
4.181400,59.999721
4.181500,59.999721
4.181600,59.999721
4.181700,59.999721
4.181800,59.999721
4.181900,59.999721
4.182000,59.999721
4.182100,59.999721
4.182200,59.999721
4.182300,59.999721
4.182400,59.999721
4.182500,59.999721
4.182600,59.999721
4.182700,59.999721
4.182800,59.999721
4.182900,59.999721
4.183000,59.999721
4.183100,59.999721
4.183200,59.999721
4.183300,59.999721
4.183400,59.999721
4.183500,59.999721
4.183600,59.999721
4.183700,59.999721
4.183800,59.999721
4.183900,59.999721
4.184000,59.999721
4.184100,59.999721
4.184200,59.999721
4.184300,59.999721
4.184400,59.999721
4.184500,59.999721
4.184600,59.999721
4.184700,59.999721
4.184800,59.999721
4.184900,59.999697
4.185000,59.999697
4.185100,59.999697
4.185200,59.999697
4.185300,59.999697
4.185400,59.999697
4.185500,59.999697
4.185600,59.999697
4.185700,59.999697
4.185800,59.999697
4.185900,59.999697
4.186000,59.999697
4.186100,59.999697
4.186200,59.999697
4.186300,59.999697
4.186400,59.999697
4.186500,59.999697
4.186600,59.999697
4.186700,59.999697
4.186800,59.999697
4.186900,59.999697
4.187000,59.999697
4.187100,59.999697
4.187200,59.999697
4.187300,59.999697
4.187400,59.999697
4.187500,59.999697
4.187600,59.999697
4.187700,59.999697
4.187800,59.999697
4.187900,59.999697
4.188000,59.999697
4.188100,59.999697
4.188200,59.999697
4.188300,59.999697
4.188400,59.999697
4.188500,59.999697
4.188600,59.999697
4.188700,59.999697
4.188800,59.999697
4.188900,59.999697
4.189000,59.999697
4.189100,59.999697
4.189200,59.999697
4.189300,59.999697
4.189400,59.999697
4.189500,59.999697
4.189600,59.999697
4.189700,59.999697
4.189800,59.999697
4.189900,59.999673
4.190000,59.999673
4.190100,59.999673
4.190200,59.999673
4.190300,59.999673
4.190400,59.999673
4.190500,59.999673
4.190600,59.999673
4.190700,59.999673
4.190800,59.999673
4.190900,59.999673
4.191000,59.999673
4.191100,59.999673
4.191200,59.999673
4.191300,59.999673
4.191400,59.999673
4.191500,59.999673
4.191600,59.999673
4.191700,59.999673
4.191800,59.999673
4.191900,59.999673
4.192000,59.999673
4.192100,59.999673
4.192200,59.999673
4.192300,59.999673
4.192400,59.999673
4.192500,59.999673
4.192600,59.999673
4.192700,59.999673
4.192800,59.999673
4.192900,59.999673
4.193000,59.999673
4.193100,59.999673
4.193200,59.999673
4.193300,59.999673
4.193400,59.999673
4.193500,59.999673
4.193600,59.999673
4.193700,59.999673
4.193800,59.999673
4.193900,59.999673
4.194000,59.999673
4.194100,59.999673
4.194200,59.999673
4.194300,59.999673
4.194400,59.999673
4.194500,59.999673
4.194600,59.999673
4.194700,59.999673
4.194800,59.999673
4.194900,59.999650
4.195000,59.999650
4.195100,59.999650
4.195200,59.999650
4.195300,59.999650
4.195400,59.999650
4.195500,59.999650
4.195600,59.999650
4.195700,59.999650
4.195800,59.999650
4.195900,59.999650
4.196000,59.999650
4.196100,59.999650
4.196200,59.999650
4.196300,59.999650
4.196400,59.999650
4.196500,59.999650
4.196600,59.999650
4.196700,59.999650
4.196800,59.999650
4.196900,59.999650
4.197000,59.999650
4.197100,59.999650
4.197200,59.999650
4.197300,59.999650
4.197400,59.999650
4.197500,59.999650
4.197600,59.999650
4.197700,59.999650
4.197800,59.999650
4.197900,59.999650
4.198000,59.999650
4.198100,59.999650
4.198200,59.999650
4.198300,59.999650
4.198400,59.999650
4.198500,59.999650
4.198600,59.999650
4.198700,59.999650
4.198800,59.999650
4.198900,59.999650
4.199000,59.999650
4.199100,59.999650
4.199200,59.999650
4.199300,59.999650
4.199400,59.999650
4.199500,59.999650
4.199600,59.999650
4.199700,59.999650
4.199800,59.999650
4.199900,59.999627
4.200000,59.999627
4.200100,59.999627
4.200200,59.999627
4.200300,59.999627
4.200400,59.999627
4.200500,59.999627
4.200600,59.999627
4.200700,59.999627
4.200800,59.999627
4.200900,59.999627
4.201000,59.999627
4.201100,59.999627
4.201200,59.999627
4.201300,59.999627
4.201400,59.999627
4.201500,59.999627
4.201600,59.999627
4.201700,59.999627
4.201800,59.999627
4.201900,59.999627
4.202000,59.999627
4.202100,59.999627
4.202200,59.999627
4.202300,59.999627
4.202400,59.999627
4.202500,59.999627
4.202600,59.999627
4.202700,59.999627
4.202800,59.999627
4.202900,59.999627
4.203000,59.999627
4.203100,59.999627
4.203200,59.999627
4.203300,59.999627
4.203400,59.999627
4.203500,59.999627
4.203600,59.999627
4.203700,59.999627
4.203800,59.999627
4.203900,59.999627
4.204000,59.999627
4.204100,59.999627
4.204200,59.999627
4.204300,59.999627
4.204400,59.999627
4.204500,59.999627
4.204600,59.999627
4.204700,59.999627
4.204800,59.999627
4.204900,59.999604
4.205000,59.999604
4.205100,59.999604
4.205200,59.999604
4.205300,59.999604
4.205400,59.999604
4.205500,59.999604
4.205600,59.999604
4.205700,59.999604
4.205800,59.999604
4.205900,59.999604
4.206000,59.999604
4.206100,59.999604
4.206200,59.999604
4.206300,59.999604
4.206400,59.999604
4.206500,59.999604
4.206600,59.999604
4.206700,59.999604
4.206800,59.999604
4.206900,59.999604
4.207000,59.999604
4.207100,59.999604
4.207200,59.999604
4.207300,59.999604
4.207400,59.999604
4.207500,59.999604
4.207600,59.999604
4.207700,59.999604
4.207800,59.999604
4.207900,59.999604
4.208000,59.999604
4.208100,59.999604
4.208200,59.999604
4.208300,59.999604
4.208400,59.999604
4.208500,59.999604
4.208600,59.999604
4.208700,59.999604
4.208800,59.999604
4.208900,59.999604
4.209000,59.999604
4.209100,59.999604
4.209200,59.999604
4.209300,59.999604
4.209400,59.999604
4.209500,59.999604
4.209600,59.999604
4.209700,59.999604
4.209800,59.999604
4.209900,59.999582
4.210000,59.999582
4.210100,59.999582
4.210200,59.999582
4.210300,59.999582
4.210400,59.999582
4.210500,59.999582
4.210600,59.999582
4.210700,59.999582
4.210800,59.999582
4.210900,59.999582
4.211000,59.999582
4.211100,59.999582
4.211200,59.999582
4.211300,59.999582
4.211400,59.999582
4.211500,59.999582
4.211600,59.999582
4.211700,59.999582
4.211800,59.999582
4.211900,59.999582
4.212000,59.999582
4.212100,59.999582
4.212200,59.999582
4.212300,59.999582
4.212400,59.999582
4.212500,59.999582
4.212600,59.999582
4.212700,59.999582
4.212800,59.999582
4.212900,59.999582
4.213000,59.999582
4.213100,59.999582
4.213200,59.999582
4.213300,59.999582
4.213400,59.999582
4.213500,59.999582
4.213600,59.999582
4.213700,59.999582
4.213800,59.999582
4.213900,59.999582
4.214000,59.999582
4.214100,59.999582
4.214200,59.999582
4.214300,59.999582
4.214400,59.999582
4.214500,59.999582
4.214600,59.999582
4.214700,59.999582
4.214800,59.999582
4.214900,59.999560
4.215000,59.999560
4.215100,59.999560
4.215200,59.999560
4.215300,59.999560
4.215400,59.999560
4.215500,59.999560
4.215600,59.999560
4.215700,59.999560
4.215800,59.999560
4.215900,59.999560
4.216000,59.999560
4.216100,59.999560
4.216200,59.999560
4.216300,59.999560
4.216400,59.999560
4.216500,59.999560
4.216600,59.999560
4.216700,59.999560
4.216800,59.999560
4.216900,59.999560
4.217000,59.999560
4.217100,59.999560
4.217200,59.999560
4.217300,59.999560
4.217400,59.999560
4.217500,59.999560
4.217600,59.999560
4.217700,59.999560
4.217800,59.999560
4.217900,59.999560
4.218000,59.999560
4.218100,59.999560
4.218200,59.999560
4.218300,59.999560
4.218400,59.999560
4.218500,59.999560
4.218600,59.999560
4.218700,59.999560
4.218800,59.999560
4.218900,59.999560
4.219000,59.999560
4.219100,59.999560
4.219200,59.999560
4.219300,59.999560
4.219400,59.999560
4.219500,59.999560
4.219600,59.999560
4.219700,59.999560
4.219800,59.999560
4.219900,59.999538
4.220000,59.999538
4.220100,59.999538
4.220200,59.999538
4.220300,59.999538
4.220400,59.999538
4.220500,59.999538
4.220600,59.999538
4.220700,59.999538
4.220800,59.999538
4.220900,59.999538
4.221000,59.999538
4.221100,59.999538
4.221200,59.999538
4.221300,59.999538
4.221400,59.999538
4.221500,59.999538
4.221600,59.999538
4.221700,59.999538
4.221800,59.999538
4.221900,59.999538
4.222000,59.999538
4.222100,59.999538
4.222200,59.999538
4.222300,59.999538
4.222400,59.999538
4.222500,59.999538
4.222600,59.999538
4.222700,59.999538
4.222800,59.999538
4.222900,59.999538
4.223000,59.999538
4.223100,59.999538
4.223200,59.999538
4.223300,59.999538
4.223400,59.999538
4.223500,59.999538
4.223600,59.999538
4.223700,59.999538
4.223800,59.999538
4.223900,59.999538
4.224000,59.999538
4.224100,59.999538
4.224200,59.999538
4.224300,59.999538
4.224400,59.999538
4.224500,59.999538
4.224600,59.999538
4.224700,59.999538
4.224800,59.999538
4.224900,59.999517
4.225000,59.999517
4.225100,59.999517
4.225200,59.999517
4.225300,59.999517
4.225400,59.999517
4.225500,59.999517
4.225600,59.999517
4.225700,59.999517
4.225800,59.999517
4.225900,59.999517
4.226000,59.999517
4.226100,59.999517
4.226200,59.999517
4.226300,59.999517
4.226400,59.999517
4.226500,59.999517
4.226600,59.999517
4.226700,59.999517
4.226800,59.999517
4.226900,59.999517
4.227000,59.999517
4.227100,59.999517
4.227200,59.999517
4.227300,59.999517
4.227400,59.999517
4.227500,59.999517
4.227600,59.999517
4.227700,59.999517
4.227800,59.999517
4.227900,59.999517
4.228000,59.999517
4.228100,59.999517
4.228200,59.999517
4.228300,59.999517
4.228400,59.999517
4.228500,59.999517
4.228600,59.999517
4.228700,59.999517
4.228800,59.999517
4.228900,59.999517
4.229000,59.999517
4.229100,59.999517
4.229200,59.999517
4.229300,59.999517
4.229400,59.999517
4.229500,59.999517
4.229600,59.999517
4.229700,59.999517
4.229800,59.999517
4.229900,59.999496
4.230000,59.999496
4.230100,59.999496
4.230200,59.999496
4.230300,59.999496
4.230400,59.999496
4.230500,59.999496
4.230600,59.999496
4.230700,59.999496
4.230800,59.999496
4.230900,59.999496
4.231000,59.999496
4.231100,59.999496
4.231200,59.999496
4.231300,59.999496
4.231400,59.999496
4.231500,59.999496
4.231600,59.999496
4.231700,59.999496
4.231800,59.999496
4.231900,59.999496
4.232000,59.999496
4.232100,59.999496
4.232200,59.999496
4.232300,59.999496
4.232400,59.999496
4.232500,59.999496
4.232600,59.999496
4.232700,59.999496
4.232800,59.999496
4.232900,59.999496
4.233000,59.999496
4.233100,59.999496
4.233200,59.999496
4.233300,59.999496
4.233400,59.999496
4.233500,59.999496
4.233600,59.999496
4.233700,59.999496
4.233800,59.999496
4.233900,59.999496
4.234000,59.999496
4.234100,59.999496
4.234200,59.999496
4.234300,59.999496
4.234400,59.999496
4.234500,59.999496
4.234600,59.999496
4.234700,59.999496
4.234800,59.999496
4.234900,59.999475
4.235000,59.999475
4.235100,59.999475
4.235200,59.999475
4.235300,59.999475
4.235400,59.999475
4.235500,59.999475
4.235600,59.999475
4.235700,59.999475
4.235800,59.999475
4.235900,59.999475
4.236000,59.999475
4.236100,59.999475
4.236200,59.999475
4.236300,59.999475
4.236400,59.999475
4.236500,59.999475
4.236600,59.999475
4.236700,59.999475
4.236800,59.999475
4.236900,59.999475
4.237000,59.999475
4.237100,59.999475
4.237200,59.999475
4.237300,59.999475
4.237400,59.999475
4.237500,59.999475
4.237600,59.999475
4.237700,59.999475
4.237800,59.999475
4.237900,59.999475
4.238000,59.999475
4.238100,59.999475
4.238200,59.999475
4.238300,59.999475
4.238400,59.999475
4.238500,59.999475
4.238600,59.999475
4.238700,59.999475
4.238800,59.999475
4.238900,59.999475
4.239000,59.999475
4.239100,59.999475
4.239200,59.999475
4.239300,59.999475
4.239400,59.999475
4.239500,59.999475
4.239600,59.999475
4.239700,59.999475
4.239800,59.999475
4.239900,59.999455
4.240000,59.999455
4.240100,59.999455
4.240200,59.999455
4.240300,59.999455
4.240400,59.999455
4.240500,59.999455
4.240600,59.999455
4.240700,59.999455
4.240800,59.999455
4.240900,59.999455
4.241000,59.999455
4.241100,59.999455
4.241200,59.999455
4.241300,59.999455
4.241400,59.999455
4.241500,59.999455
4.241600,59.999455
4.241700,59.999455
4.241800,59.999455
4.241900,59.999455
4.242000,59.999455
4.242100,59.999455
4.242200,59.999455
4.242300,59.999455
4.242400,59.999455
4.242500,59.999455
4.242600,59.999455
4.242700,59.999455
4.242800,59.999455
4.242900,59.999455
4.243000,59.999455
4.243100,59.999455
4.243200,59.999455
4.243300,59.999455
4.243400,59.999455
4.243500,59.999455
4.243600,59.999455
4.243700,59.999455
4.243800,59.999455
4.243900,59.999455
4.244000,59.999455
4.244100,59.999455
4.244200,59.999455
4.244300,59.999455
4.244400,59.999455
4.244500,59.999455
4.244600,59.999455
4.244700,59.999455
4.244800,59.999455
4.244900,59.999435
4.245000,59.999435
4.245100,59.999435
4.245200,59.999435
4.245300,59.999435
4.245400,59.999435
4.245500,59.999435
4.245600,59.999435
4.245700,59.999435
4.245800,59.999435
4.245900,59.999435
4.246000,59.999435
4.246100,59.999435
4.246200,59.999435
4.246300,59.999435
4.246400,59.999435
4.246500,59.999435
4.246600,59.999435
4.246700,59.999435
4.246800,59.999435
4.246900,59.999435
4.247000,59.999435
4.247100,59.999435
4.247200,59.999435
4.247300,59.999435
4.247400,59.999435
4.247500,59.999435
4.247600,59.999435
4.247700,59.999435
4.247800,59.999435
4.247900,59.999435
4.248000,59.999435
4.248100,59.999435
4.248200,59.999435
4.248300,59.999435
4.248400,59.999435
4.248500,59.999435
4.248600,59.999435
4.248700,59.999435
4.248800,59.999435
4.248900,59.999435
4.249000,59.999435
4.249100,59.999435
4.249200,59.999435
4.249300,59.999435
4.249400,59.999435
4.249500,59.999435
4.249600,59.999435
4.249700,59.999435
4.249800,59.999435
4.249900,59.999415
4.250000,59.999415
4.250100,59.999415
4.250200,59.999415
4.250300,59.999415
4.250400,59.999415
4.250500,59.999415
4.250600,59.999415
4.250700,59.999415
4.250800,59.999415
4.250900,59.999415
4.251000,59.999415
4.251100,59.999415
4.251200,59.999415
4.251300,59.999415
4.251400,59.999415
4.251500,59.999415
4.251600,59.999415
4.251700,59.999415
4.251800,59.999415
4.251900,59.999415
4.252000,59.999415
4.252100,59.999415
4.252200,59.999415
4.252300,59.999415
4.252400,59.999415
4.252500,59.999415
4.252600,59.999415
4.252700,59.999415
4.252800,59.999415
4.252900,59.999415
4.253000,59.999415
4.253100,59.999415
4.253200,59.999415
4.253300,59.999415
4.253400,59.999415
4.253500,59.999415
4.253600,59.999415
4.253700,59.999415
4.253800,59.999415
4.253900,59.999415
4.254000,59.999415
4.254100,59.999415
4.254200,59.999415
4.254300,59.999415
4.254400,59.999415
4.254500,59.999415
4.254600,59.999415
4.254700,59.999415
4.254800,59.999415
4.254900,59.999396
4.255000,59.999396
4.255100,59.999396
4.255200,59.999396
4.255300,59.999396
4.255400,59.999396
4.255500,59.999396
4.255600,59.999396
4.255700,59.999396
4.255800,59.999396
4.255900,59.999396
4.256000,59.999396
4.256100,59.999396
4.256200,59.999396
4.256300,59.999396
4.256400,59.999396
4.256500,59.999396
4.256600,59.999396
4.256700,59.999396
4.256800,59.999396
4.256900,59.999396
4.257000,59.999396
4.257100,59.999396
4.257200,59.999396
4.257300,59.999396
4.257400,59.999396
4.257500,59.999396
4.257600,59.999396
4.257700,59.999396
4.257800,59.999396
4.257900,59.999396
4.258000,59.999396
4.258100,59.999396
4.258200,59.999396
4.258300,59.999396
4.258400,59.999396
4.258500,59.999396
4.258600,59.999396
4.258700,59.999396
4.258800,59.999396
4.258900,59.999396
4.259000,59.999396
4.259100,59.999396
4.259200,59.999396
4.259300,59.999396
4.259400,59.999396
4.259500,59.999396
4.259600,59.999396
4.259700,59.999396
4.259800,59.999396
4.259900,59.999378
4.260000,59.999378
4.260100,59.999378
4.260200,59.999378
4.260300,59.999378
4.260400,59.999378
4.260500,59.999378
4.260600,59.999378
4.260700,59.999378
4.260800,59.999378
4.260900,59.999378
4.261000,59.999378
4.261100,59.999378
4.261200,59.999378
4.261300,59.999378
4.261400,59.999378
4.261500,59.999378
4.261600,59.999378
4.261700,59.999378
4.261800,59.999378
4.261900,59.999378
4.262000,59.999378
4.262100,59.999378
4.262200,59.999378
4.262300,59.999378
4.262400,59.999378
4.262500,59.999378
4.262600,59.999378
4.262700,59.999378
4.262800,59.999378
4.262900,59.999378
4.263000,59.999378
4.263100,59.999378
4.263200,59.999378
4.263300,59.999378
4.263400,59.999378
4.263500,59.999378
4.263600,59.999378
4.263700,59.999378
4.263800,59.999378
4.263900,59.999378
4.264000,59.999378
4.264100,59.999378
4.264200,59.999378
4.264300,59.999378
4.264400,59.999378
4.264500,59.999378
4.264600,59.999378
4.264700,59.999378
4.264800,59.999378
4.264900,59.999360
4.265000,59.999360
4.265100,59.999360
4.265200,59.999360
4.265300,59.999360
4.265400,59.999360
4.265500,59.999360
4.265600,59.999360
4.265700,59.999360
4.265800,59.999360
4.265900,59.999360
4.266000,59.999360
4.266100,59.999360
4.266200,59.999360
4.266300,59.999360
4.266400,59.999360
4.266500,59.999360
4.266600,59.999360
4.266700,59.999360
4.266800,59.999360
4.266900,59.999360
4.267000,59.999360
4.267100,59.999360
4.267200,59.999360
4.267300,59.999360
4.267400,59.999360
4.267500,59.999360
4.267600,59.999360
4.267700,59.999360
4.267800,59.999360
4.267900,59.999360
4.268000,59.999360
4.268100,59.999360
4.268200,59.999360
4.268300,59.999360
4.268400,59.999360
4.268500,59.999360
4.268600,59.999360
4.268700,59.999360
4.268800,59.999360
4.268900,59.999360
4.269000,59.999360
4.269100,59.999360
4.269200,59.999360
4.269300,59.999360
4.269400,59.999360
4.269500,59.999360
4.269600,59.999360
4.269700,59.999360
4.269800,59.999360
4.269900,59.999342
4.270000,59.999342
4.270100,59.999342
4.270200,59.999342
4.270300,59.999342
4.270400,59.999342
4.270500,59.999342
4.270600,59.999342
4.270700,59.999342
4.270800,59.999342
4.270900,59.999342
4.271000,59.999342
4.271100,59.999342
4.271200,59.999342
4.271300,59.999342
4.271400,59.999342
4.271500,59.999342
4.271600,59.999342
4.271700,59.999342
4.271800,59.999342
4.271900,59.999342
4.272000,59.999342
4.272100,59.999342
4.272200,59.999342
4.272300,59.999342
4.272400,59.999342
4.272500,59.999342
4.272600,59.999342
4.272700,59.999342
4.272800,59.999342
4.272900,59.999342
4.273000,59.999342
4.273100,59.999342
4.273200,59.999342
4.273300,59.999342
4.273400,59.999342
4.273500,59.999342
4.273600,59.999342
4.273700,59.999342
4.273800,59.999342
4.273900,59.999342
4.274000,59.999342
4.274100,59.999342
4.274200,59.999342
4.274300,59.999342
4.274400,59.999342
4.274500,59.999342
4.274600,59.999342
4.274700,59.999342
4.274800,59.999342
4.274900,59.999325
4.275000,59.999325
4.275100,59.999325
4.275200,59.999325
4.275300,59.999325
4.275400,59.999325
4.275500,59.999325
4.275600,59.999325
4.275700,59.999325
4.275800,59.999325
4.275900,59.999325
4.276000,59.999325
4.276100,59.999325
4.276200,59.999325
4.276300,59.999325
4.276400,59.999325
4.276500,59.999325
4.276600,59.999325
4.276700,59.999325
4.276800,59.999325
4.276900,59.999325
4.277000,59.999325
4.277100,59.999325
4.277200,59.999325
4.277300,59.999325
4.277400,59.999325
4.277500,59.999325
4.277600,59.999325
4.277700,59.999325
4.277800,59.999325
4.277900,59.999325
4.278000,59.999325
4.278100,59.999325
4.278200,59.999325
4.278300,59.999325
4.278400,59.999325
4.278500,59.999325
4.278600,59.999325
4.278700,59.999325
4.278800,59.999325
4.278900,59.999325
4.279000,59.999325
4.279100,59.999325
4.279200,59.999325
4.279300,59.999325
4.279400,59.999325
4.279500,59.999325
4.279600,59.999325
4.279700,59.999325
4.279800,59.999325
4.279900,59.999308
4.280000,59.999308
4.280100,59.999308
4.280200,59.999308
4.280300,59.999308
4.280400,59.999308
4.280500,59.999308
4.280600,59.999308
4.280700,59.999308
4.280800,59.999308
4.280900,59.999308
4.281000,59.999308
4.281100,59.999308
4.281200,59.999308
4.281300,59.999308
4.281400,59.999308
4.281500,59.999308
4.281600,59.999308
4.281700,59.999308
4.281800,59.999308
4.281900,59.999308
4.282000,59.999308
4.282100,59.999308
4.282200,59.999308
4.282300,59.999308
4.282400,59.999308
4.282500,59.999308
4.282600,59.999308
4.282700,59.999308
4.282800,59.999308
4.282900,59.999308
4.283000,59.999308
4.283100,59.999308
4.283200,59.999308
4.283300,59.999308
4.283400,59.999308
4.283500,59.999308
4.283600,59.999308
4.283700,59.999308
4.283800,59.999308
4.283900,59.999308
4.284000,59.999308
4.284100,59.999308
4.284200,59.999308
4.284300,59.999308
4.284400,59.999308
4.284500,59.999308
4.284600,59.999308
4.284700,59.999308
4.284800,59.999308
4.284900,59.999292
4.285000,59.999292
4.285100,59.999292
4.285200,59.999292
4.285300,59.999292
4.285400,59.999292
4.285500,59.999292
4.285600,59.999292
4.285700,59.999292
4.285800,59.999292
4.285900,59.999292
4.286000,59.999292
4.286100,59.999292
4.286200,59.999292
4.286300,59.999292
4.286400,59.999292
4.286500,59.999292
4.286600,59.999292
4.286700,59.999292
4.286800,59.999292
4.286900,59.999292
4.287000,59.999292
4.287100,59.999292
4.287200,59.999292
4.287300,59.999292
4.287400,59.999292
4.287500,59.999292
4.287600,59.999292
4.287700,59.999292
4.287800,59.999292
4.287900,59.999292
4.288000,59.999292
4.288100,59.999292
4.288200,59.999292
4.288300,59.999292
4.288400,59.999292
4.288500,59.999292
4.288600,59.999292
4.288700,59.999292
4.288800,59.999292
4.288900,59.999292
4.289000,59.999292
4.289100,59.999292
4.289200,59.999292
4.289300,59.999292
4.289400,59.999292
4.289500,59.999292
4.289600,59.999292
4.289700,59.999292
4.289800,59.999292
4.289900,59.999276
4.290000,59.999276
4.290100,59.999276
4.290200,59.999276
4.290300,59.999276
4.290400,59.999276
4.290500,59.999276
4.290600,59.999276
4.290700,59.999276
4.290800,59.999276
4.290900,59.999276
4.291000,59.999276
4.291100,59.999276
4.291200,59.999276
4.291300,59.999276
4.291400,59.999276
4.291500,59.999276
4.291600,59.999276
4.291700,59.999276
4.291800,59.999276
4.291900,59.999276
4.292000,59.999276
4.292100,59.999276
4.292200,59.999276
4.292300,59.999276
4.292400,59.999276
4.292500,59.999276
4.292600,59.999276
4.292700,59.999276
4.292800,59.999276
4.292900,59.999276
4.293000,59.999276
4.293100,59.999276
4.293200,59.999276
4.293300,59.999276
4.293400,59.999276
4.293500,59.999276
4.293600,59.999276
4.293700,59.999276
4.293800,59.999276
4.293900,59.999276
4.294000,59.999276
4.294100,59.999276
4.294200,59.999276
4.294300,59.999276
4.294400,59.999276
4.294500,59.999276
4.294600,59.999276
4.294700,59.999276
4.294800,59.999276
4.294900,59.999261
4.295000,59.999261
4.295100,59.999261
4.295200,59.999261
4.295300,59.999261
4.295400,59.999261
4.295500,59.999261
4.295600,59.999261
4.295700,59.999261
4.295800,59.999261
4.295900,59.999261
4.296000,59.999261
4.296100,59.999261
4.296200,59.999261
4.296300,59.999261
4.296400,59.999261
4.296500,59.999261
4.296600,59.999261
4.296700,59.999261
4.296800,59.999261
4.296900,59.999261
4.297000,59.999261
4.297100,59.999261
4.297200,59.999261
4.297300,59.999261
4.297400,59.999261
4.297500,59.999261
4.297600,59.999261
4.297700,59.999261
4.297800,59.999261
4.297900,59.999261
4.298000,59.999261
4.298100,59.999261
4.298200,59.999261
4.298300,59.999261
4.298400,59.999261
4.298500,59.999261
4.298600,59.999261
4.298700,59.999261
4.298800,59.999261
4.298900,59.999261
4.299000,59.999261
4.299100,59.999261
4.299200,59.999261
4.299300,59.999261
4.299400,59.999261
4.299500,59.999261
4.299600,59.999261
4.299700,59.999261
4.299800,59.999261
4.299900,59.999246
4.300000,59.999246
4.300100,59.999246
4.300200,59.999246
4.300300,59.999246
4.300400,59.999246
4.300500,59.999246
4.300600,59.999246
4.300700,59.999246
4.300800,59.999246
4.300900,59.999246
4.301000,59.999246
4.301100,59.999246
4.301200,59.999246
4.301300,59.999246
4.301400,59.999246
4.301500,59.999246
4.301600,59.999246
4.301700,59.999246
4.301800,59.999246
4.301900,59.999246
4.302000,59.999246
4.302100,59.999246
4.302200,59.999246
4.302300,59.999246
4.302400,59.999246
4.302500,59.999246
4.302600,59.999246
4.302700,59.999246
4.302800,59.999246
4.302900,59.999246
4.303000,59.999246
4.303100,59.999246
4.303200,59.999246
4.303300,59.999246
4.303400,59.999246
4.303500,59.999246
4.303600,59.999246
4.303700,59.999246
4.303800,59.999246
4.303900,59.999246
4.304000,59.999246
4.304100,59.999246
4.304200,59.999246
4.304300,59.999246
4.304400,59.999246
4.304500,59.999246
4.304600,59.999246
4.304700,59.999246
4.304800,59.999246
4.304900,59.999232
4.305000,59.999232
4.305100,59.999232
4.305200,59.999232
4.305300,59.999232
4.305400,59.999232
4.305500,59.999232
4.305600,59.999232
4.305700,59.999232
4.305800,59.999232
4.305900,59.999232
4.306000,59.999232
4.306100,59.999232
4.306200,59.999232
4.306300,59.999232
4.306400,59.999232
4.306500,59.999232
4.306600,59.999232
4.306700,59.999232
4.306800,59.999232
4.306900,59.999232
4.307000,59.999232
4.307100,59.999232
4.307200,59.999232
4.307300,59.999232
4.307400,59.999232
4.307500,59.999232
4.307600,59.999232
4.307700,59.999232
4.307800,59.999232
4.307900,59.999232
4.308000,59.999232
4.308100,59.999232
4.308200,59.999232
4.308300,59.999232
4.308400,59.999232
4.308500,59.999232
4.308600,59.999232
4.308700,59.999232
4.308800,59.999232
4.308900,59.999232
4.309000,59.999232
4.309100,59.999232
4.309200,59.999232
4.309300,59.999232
4.309400,59.999232
4.309500,59.999232
4.309600,59.999232
4.309700,59.999232
4.309800,59.999232
4.309900,59.999218
4.310000,59.999218
4.310100,59.999218
4.310200,59.999218
4.310300,59.999218
4.310400,59.999218
4.310500,59.999218
4.310600,59.999218
4.310700,59.999218
4.310800,59.999218
4.310900,59.999218
4.311000,59.999218
4.311100,59.999218
4.311200,59.999218
4.311300,59.999218
4.311400,59.999218
4.311500,59.999218
4.311600,59.999218
4.311700,59.999218
4.311800,59.999218
4.311900,59.999218
4.312000,59.999218
4.312100,59.999218
4.312200,59.999218
4.312300,59.999218
4.312400,59.999218
4.312500,59.999218
4.312600,59.999218
4.312700,59.999218
4.312800,59.999218
4.312900,59.999218
4.313000,59.999218
4.313100,59.999218
4.313200,59.999218
4.313300,59.999218
4.313400,59.999218
4.313500,59.999218
4.313600,59.999218
4.313700,59.999218
4.313800,59.999218
4.313900,59.999218
4.314000,59.999218
4.314100,59.999218
4.314200,59.999218
4.314300,59.999218
4.314400,59.999218
4.314500,59.999218
4.314600,59.999218
4.314700,59.999218
4.314800,59.999218
4.314900,59.999205
4.315000,59.999205
4.315100,59.999205
4.315200,59.999205
4.315300,59.999205
4.315400,59.999205
4.315500,59.999205
4.315600,59.999205
4.315700,59.999205
4.315800,59.999205
4.315900,59.999205
4.316000,59.999205
4.316100,59.999205
4.316200,59.999205
4.316300,59.999205
4.316400,59.999205
4.316500,59.999205
4.316600,59.999205
4.316700,59.999205
4.316800,59.999205
4.316900,59.999205
4.317000,59.999205
4.317100,59.999205
4.317200,59.999205
4.317300,59.999205
4.317400,59.999205
4.317500,59.999205
4.317600,59.999205
4.317700,59.999205
4.317800,59.999205
4.317900,59.999205
4.318000,59.999205
4.318100,59.999205
4.318200,59.999205
4.318300,59.999205
4.318400,59.999205
4.318500,59.999205
4.318600,59.999205
4.318700,59.999205
4.318800,59.999205
4.318900,59.999205
4.319000,59.999205
4.319100,59.999205
4.319200,59.999205
4.319300,59.999205
4.319400,59.999205
4.319500,59.999205
4.319600,59.999205
4.319700,59.999205
4.319800,59.999205
4.319900,59.999193
4.320000,59.999193
4.320100,59.999193
4.320200,59.999193
4.320300,59.999193
4.320400,59.999193
4.320500,59.999193
4.320600,59.999193
4.320700,59.999193
4.320800,59.999193
4.320900,59.999193
4.321000,59.999193
4.321100,59.999193
4.321200,59.999193
4.321300,59.999193
4.321400,59.999193
4.321500,59.999193
4.321600,59.999193
4.321700,59.999193
4.321800,59.999193
4.321900,59.999193
4.322000,59.999193
4.322100,59.999193
4.322200,59.999193
4.322300,59.999193
4.322400,59.999193
4.322500,59.999193
4.322600,59.999193
4.322700,59.999193
4.322800,59.999193
4.322900,59.999193
4.323000,59.999193
4.323100,59.999193
4.323200,59.999193
4.323300,59.999193
4.323400,59.999193
4.323500,59.999193
4.323600,59.999193
4.323700,59.999193
4.323800,59.999193
4.323900,59.999193
4.324000,59.999193
4.324100,59.999193
4.324200,59.999193
4.324300,59.999193
4.324400,59.999193
4.324500,59.999193
4.324600,59.999193
4.324700,59.999193
4.324800,59.999193
4.324900,59.999181
4.325000,59.999181
4.325100,59.999181
4.325200,59.999181
4.325300,59.999181
4.325400,59.999181
4.325500,59.999181
4.325600,59.999181
4.325700,59.999181
4.325800,59.999181
4.325900,59.999181
4.326000,59.999181
4.326100,59.999181
4.326200,59.999181
4.326300,59.999181
4.326400,59.999181
4.326500,59.999181
4.326600,59.999181
4.326700,59.999181
4.326800,59.999181
4.326900,59.999181
4.327000,59.999181
4.327100,59.999181
4.327200,59.999181
4.327300,59.999181
4.327400,59.999181
4.327500,59.999181
4.327600,59.999181
4.327700,59.999181
4.327800,59.999181
4.327900,59.999181
4.328000,59.999181
4.328100,59.999181
4.328200,59.999181
4.328300,59.999181
4.328400,59.999181
4.328500,59.999181
4.328600,59.999181
4.328700,59.999181
4.328800,59.999181
4.328900,59.999181
4.329000,59.999181
4.329100,59.999181
4.329200,59.999181
4.329300,59.999181
4.329400,59.999181
4.329500,59.999181
4.329600,59.999181
4.329700,59.999181
4.329800,59.999181
4.329900,59.999169
4.330000,59.999169
4.330100,59.999169
4.330200,59.999169
4.330300,59.999169
4.330400,59.999169
4.330500,59.999169
4.330600,59.999169
4.330700,59.999169
4.330800,59.999169
4.330900,59.999169
4.331000,59.999169
4.331100,59.999169
4.331200,59.999169
4.331300,59.999169
4.331400,59.999169
4.331500,59.999169
4.331600,59.999169
4.331700,59.999169
4.331800,59.999169
4.331900,59.999169
4.332000,59.999169
4.332100,59.999169
4.332200,59.999169
4.332300,59.999169
4.332400,59.999169
4.332500,59.999169
4.332600,59.999169
4.332700,59.999169
4.332800,59.999169
4.332900,59.999169
4.333000,59.999169
4.333100,59.999169
4.333200,59.999169
4.333300,59.999169
4.333400,59.999169
4.333500,59.999169
4.333600,59.999169
4.333700,59.999169
4.333800,59.999169
4.333900,59.999169
4.334000,59.999169
4.334100,59.999169
4.334200,59.999169
4.334300,59.999169
4.334400,59.999169
4.334500,59.999169
4.334600,59.999169
4.334700,59.999169
4.334800,59.999169
4.334900,59.999159
4.335000,59.999159
4.335100,59.999159
4.335200,59.999159
4.335300,59.999159
4.335400,59.999159
4.335500,59.999159
4.335600,59.999159
4.335700,59.999159
4.335800,59.999159
4.335900,59.999159
4.336000,59.999159
4.336100,59.999159
4.336200,59.999159
4.336300,59.999159
4.336400,59.999159
4.336500,59.999159
4.336600,59.999159
4.336700,59.999159
4.336800,59.999159
4.336900,59.999159
4.337000,59.999159
4.337100,59.999159
4.337200,59.999159
4.337300,59.999159
4.337400,59.999159
4.337500,59.999159
4.337600,59.999159
4.337700,59.999159
4.337800,59.999159
4.337900,59.999159
4.338000,59.999159
4.338100,59.999159
4.338200,59.999159
4.338300,59.999159
4.338400,59.999159
4.338500,59.999159
4.338600,59.999159
4.338700,59.999159
4.338800,59.999159
4.338900,59.999159
4.339000,59.999159
4.339100,59.999159
4.339200,59.999159
4.339300,59.999159
4.339400,59.999159
4.339500,59.999159
4.339600,59.999159
4.339700,59.999159
4.339800,59.999159
4.339900,59.999148
4.340000,59.999148
4.340100,59.999148
4.340200,59.999148
4.340300,59.999148
4.340400,59.999148
4.340500,59.999148
4.340600,59.999148
4.340700,59.999148
4.340800,59.999148
4.340900,59.999148
4.341000,59.999148
4.341100,59.999148
4.341200,59.999148
4.341300,59.999148
4.341400,59.999148
4.341500,59.999148
4.341600,59.999148
4.341700,59.999148
4.341800,59.999148
4.341900,59.999148
4.342000,59.999148
4.342100,59.999148
4.342200,59.999148
4.342300,59.999148
4.342400,59.999148
4.342500,59.999148
4.342600,59.999148
4.342700,59.999148
4.342800,59.999148
4.342900,59.999148
4.343000,59.999148
4.343100,59.999148
4.343200,59.999148
4.343300,59.999148
4.343400,59.999148
4.343500,59.999148
4.343600,59.999148
4.343700,59.999148
4.343800,59.999148
4.343900,59.999148
4.344000,59.999148
4.344100,59.999148
4.344200,59.999148
4.344300,59.999148
4.344400,59.999148
4.344500,59.999148
4.344600,59.999148
4.344700,59.999148
4.344800,59.999148
4.344900,59.999139
4.345000,59.999139
4.345100,59.999139
4.345200,59.999139
4.345300,59.999139
4.345400,59.999139
4.345500,59.999139
4.345600,59.999139
4.345700,59.999139
4.345800,59.999139
4.345900,59.999139
4.346000,59.999139
4.346100,59.999139
4.346200,59.999139
4.346300,59.999139
4.346400,59.999139
4.346500,59.999139
4.346600,59.999139
4.346700,59.999139
4.346800,59.999139
4.346900,59.999139
4.347000,59.999139
4.347100,59.999139
4.347200,59.999139
4.347300,59.999139
4.347400,59.999139
4.347500,59.999139
4.347600,59.999139
4.347700,59.999139
4.347800,59.999139
4.347900,59.999139
4.348000,59.999139
4.348100,59.999139
4.348200,59.999139
4.348300,59.999139
4.348400,59.999139
4.348500,59.999139
4.348600,59.999139
4.348700,59.999139
4.348800,59.999139
4.348900,59.999139
4.349000,59.999139
4.349100,59.999139
4.349200,59.999139
4.349300,59.999139
4.349400,59.999139
4.349500,59.999139
4.349600,59.999139
4.349700,59.999139
4.349800,59.999139
4.349900,59.999129
4.350000,59.999129
4.350100,59.999129
4.350200,59.999129
4.350300,59.999129
4.350400,59.999129
4.350500,59.999129
4.350600,59.999129
4.350700,59.999129
4.350800,59.999129
4.350900,59.999129
4.351000,59.999129
4.351100,59.999129
4.351200,59.999129
4.351300,59.999129
4.351400,59.999129
4.351500,59.999129
4.351600,59.999129
4.351700,59.999129
4.351800,59.999129
4.351900,59.999129
4.352000,59.999129
4.352100,59.999129
4.352200,59.999129
4.352300,59.999129
4.352400,59.999129
4.352500,59.999129
4.352600,59.999129
4.352700,59.999129
4.352800,59.999129
4.352900,59.999129
4.353000,59.999129
4.353100,59.999129
4.353200,59.999129
4.353300,59.999129
4.353400,59.999129
4.353500,59.999129
4.353600,59.999129
4.353700,59.999129
4.353800,59.999129
4.353900,59.999129
4.354000,59.999129
4.354100,59.999129
4.354200,59.999129
4.354300,59.999129
4.354400,59.999129
4.354500,59.999129
4.354600,59.999129
4.354700,59.999129
4.354800,59.999129
4.354900,59.999120
4.355000,59.999120
4.355100,59.999120
4.355200,59.999120
4.355300,59.999120
4.355400,59.999120
4.355500,59.999120
4.355600,59.999120
4.355700,59.999120
4.355800,59.999120
4.355900,59.999120
4.356000,59.999120
4.356100,59.999120
4.356200,59.999120
4.356300,59.999120
4.356400,59.999120
4.356500,59.999120
4.356600,59.999120
4.356700,59.999120
4.356800,59.999120
4.356900,59.999120
4.357000,59.999120
4.357100,59.999120
4.357200,59.999120
4.357300,59.999120
4.357400,59.999120
4.357500,59.999120
4.357600,59.999120
4.357700,59.999120
4.357800,59.999120
4.357900,59.999120
4.358000,59.999120
4.358100,59.999120
4.358200,59.999120
4.358300,59.999120
4.358400,59.999120
4.358500,59.999120
4.358600,59.999120
4.358700,59.999120
4.358800,59.999120
4.358900,59.999120
4.359000,59.999120
4.359100,59.999120
4.359200,59.999120
4.359300,59.999120
4.359400,59.999120
4.359500,59.999120
4.359600,59.999120
4.359700,59.999120
4.359800,59.999120
4.359900,59.999112
4.360000,59.999112
4.360100,59.999112
4.360200,59.999112
4.360300,59.999112
4.360400,59.999112
4.360500,59.999112
4.360600,59.999112
4.360700,59.999112
4.360800,59.999112
4.360900,59.999112
4.361000,59.999112
4.361100,59.999112
4.361200,59.999112
4.361300,59.999112
4.361400,59.999112
4.361500,59.999112
4.361600,59.999112
4.361700,59.999112
4.361800,59.999112
4.361900,59.999112
4.362000,59.999112
4.362100,59.999112
4.362200,59.999112
4.362300,59.999112
4.362400,59.999112
4.362500,59.999112
4.362600,59.999112
4.362700,59.999112
4.362800,59.999112
4.362900,59.999112
4.363000,59.999112
4.363100,59.999112
4.363200,59.999112
4.363300,59.999112
4.363400,59.999112
4.363500,59.999112
4.363600,59.999112
4.363700,59.999112
4.363800,59.999112
4.363900,59.999112
4.364000,59.999112
4.364100,59.999112
4.364200,59.999112
4.364300,59.999112
4.364400,59.999112
4.364500,59.999112
4.364600,59.999112
4.364700,59.999112
4.364800,59.999112
4.364900,59.999104
4.365000,59.999104
4.365100,59.999104
4.365200,59.999104
4.365300,59.999104
4.365400,59.999104
4.365500,59.999104
4.365600,59.999104
4.365700,59.999104
4.365800,59.999104
4.365900,59.999104
4.366000,59.999104
4.366100,59.999104
4.366200,59.999104
4.366300,59.999104
4.366400,59.999104
4.366500,59.999104
4.366600,59.999104
4.366700,59.999104
4.366800,59.999104
4.366900,59.999104
4.367000,59.999104
4.367100,59.999104
4.367200,59.999104
4.367300,59.999104
4.367400,59.999104
4.367500,59.999104
4.367600,59.999104
4.367700,59.999104
4.367800,59.999104
4.367900,59.999104
4.368000,59.999104
4.368100,59.999104
4.368200,59.999104
4.368300,59.999104
4.368400,59.999104
4.368500,59.999104
4.368600,59.999104
4.368700,59.999104
4.368800,59.999104
4.368900,59.999104
4.369000,59.999104
4.369100,59.999104
4.369200,59.999104
4.369300,59.999104
4.369400,59.999104
4.369500,59.999104
4.369600,59.999104
4.369700,59.999104
4.369800,59.999104
4.369900,59.999097
4.370000,59.999097
4.370100,59.999097
4.370200,59.999097
4.370300,59.999097
4.370400,59.999097
4.370500,59.999097
4.370600,59.999097
4.370700,59.999097
4.370800,59.999097
4.370900,59.999097
4.371000,59.999097
4.371100,59.999097
4.371200,59.999097
4.371300,59.999097
4.371400,59.999097
4.371500,59.999097
4.371600,59.999097
4.371700,59.999097
4.371800,59.999097
4.371900,59.999097
4.372000,59.999097
4.372100,59.999097
4.372200,59.999097
4.372300,59.999097
4.372400,59.999097
4.372500,59.999097
4.372600,59.999097
4.372700,59.999097
4.372800,59.999097
4.372900,59.999097
4.373000,59.999097
4.373100,59.999097
4.373200,59.999097
4.373300,59.999097
4.373400,59.999097
4.373500,59.999097
4.373600,59.999097
4.373700,59.999097
4.373800,59.999097
4.373900,59.999097
4.374000,59.999097
4.374100,59.999097
4.374200,59.999097
4.374300,59.999097
4.374400,59.999097
4.374500,59.999097
4.374600,59.999097
4.374700,59.999097
4.374800,59.999097
4.374900,59.999090
4.375000,59.999090
4.375100,59.999090
4.375200,59.999090
4.375300,59.999090
4.375400,59.999090
4.375500,59.999090
4.375600,59.999090
4.375700,59.999090
4.375800,59.999090
4.375900,59.999090
4.376000,59.999090
4.376100,59.999090
4.376200,59.999090
4.376300,59.999090
4.376400,59.999090
4.376500,59.999090
4.376600,59.999090
4.376700,59.999090
4.376800,59.999090
4.376900,59.999090
4.377000,59.999090
4.377100,59.999090
4.377200,59.999090
4.377300,59.999090
4.377400,59.999090
4.377500,59.999090
4.377600,59.999090
4.377700,59.999090
4.377800,59.999090
4.377900,59.999090
4.378000,59.999090
4.378100,59.999090
4.378200,59.999090
4.378300,59.999090
4.378400,59.999090
4.378500,59.999090
4.378600,59.999090
4.378700,59.999090
4.378800,59.999090
4.378900,59.999090
4.379000,59.999090
4.379100,59.999090
4.379200,59.999090
4.379300,59.999090
4.379400,59.999090
4.379500,59.999090
4.379600,59.999090
4.379700,59.999090
4.379800,59.999090
4.379900,59.999084
4.380000,59.999084
4.380100,59.999084
4.380200,59.999084
4.380300,59.999084
4.380400,59.999084
4.380500,59.999084
4.380600,59.999084
4.380700,59.999084
4.380800,59.999084
4.380900,59.999084
4.381000,59.999084
4.381100,59.999084
4.381200,59.999084
4.381300,59.999084
4.381400,59.999084
4.381500,59.999084
4.381600,59.999084
4.381700,59.999084
4.381800,59.999084
4.381900,59.999084
4.382000,59.999084
4.382100,59.999084
4.382200,59.999084
4.382300,59.999084
4.382400,59.999084
4.382500,59.999084
4.382600,59.999084
4.382700,59.999084
4.382800,59.999084
4.382900,59.999084
4.383000,59.999084
4.383100,59.999084
4.383200,59.999084
4.383300,59.999084
4.383400,59.999084
4.383500,59.999084
4.383600,59.999084
4.383700,59.999084
4.383800,59.999084
4.383900,59.999084
4.384000,59.999084
4.384100,59.999084
4.384200,59.999084
4.384300,59.999084
4.384400,59.999084
4.384500,59.999084
4.384600,59.999084
4.384700,59.999084
4.384800,59.999084
4.384900,59.999078
4.385000,59.999078
4.385100,59.999078
4.385200,59.999078
4.385300,59.999078
4.385400,59.999078
4.385500,59.999078
4.385600,59.999078
4.385700,59.999078
4.385800,59.999078
4.385900,59.999078
4.386000,59.999078
4.386100,59.999078
4.386200,59.999078
4.386300,59.999078
4.386400,59.999078
4.386500,59.999078
4.386600,59.999078
4.386700,59.999078
4.386800,59.999078
4.386900,59.999078
4.387000,59.999078
4.387100,59.999078
4.387200,59.999078
4.387300,59.999078
4.387400,59.999078
4.387500,59.999078
4.387600,59.999078
4.387700,59.999078
4.387800,59.999078
4.387900,59.999078
4.388000,59.999078
4.388100,59.999078
4.388200,59.999078
4.388300,59.999078
4.388400,59.999078
4.388500,59.999078
4.388600,59.999078
4.388700,59.999078
4.388800,59.999078
4.388900,59.999078
4.389000,59.999078
4.389100,59.999078
4.389200,59.999078
4.389300,59.999078
4.389400,59.999078
4.389500,59.999078
4.389600,59.999078
4.389700,59.999078
4.389800,59.999078
4.389900,59.999073
4.390000,59.999073
4.390100,59.999073
4.390200,59.999073
4.390300,59.999073
4.390400,59.999073
4.390500,59.999073
4.390600,59.999073
4.390700,59.999073
4.390800,59.999073
4.390900,59.999073
4.391000,59.999073
4.391100,59.999073
4.391200,59.999073
4.391300,59.999073
4.391400,59.999073
4.391500,59.999073
4.391600,59.999073
4.391700,59.999073
4.391800,59.999073
4.391900,59.999073
4.392000,59.999073
4.392100,59.999073
4.392200,59.999073
4.392300,59.999073
4.392400,59.999073
4.392500,59.999073
4.392600,59.999073
4.392700,59.999073
4.392800,59.999073
4.392900,59.999073
4.393000,59.999073
4.393100,59.999073
4.393200,59.999073
4.393300,59.999073
4.393400,59.999073
4.393500,59.999073
4.393600,59.999073
4.393700,59.999073
4.393800,59.999073
4.393900,59.999073
4.394000,59.999073
4.394100,59.999073
4.394200,59.999073
4.394300,59.999073
4.394400,59.999073
4.394500,59.999073
4.394600,59.999073
4.394700,59.999073
4.394800,59.999073
4.394900,59.999068
4.395000,59.999068
4.395100,59.999068
4.395200,59.999068
4.395300,59.999068
4.395400,59.999068
4.395500,59.999068
4.395600,59.999068
4.395700,59.999068
4.395800,59.999068
4.395900,59.999068
4.396000,59.999068
4.396100,59.999068
4.396200,59.999068
4.396300,59.999068
4.396400,59.999068
4.396500,59.999068
4.396600,59.999068
4.396700,59.999068
4.396800,59.999068
4.396900,59.999068
4.397000,59.999068
4.397100,59.999068
4.397200,59.999068
4.397300,59.999068
4.397400,59.999068
4.397500,59.999068
4.397600,59.999068
4.397700,59.999068
4.397800,59.999068
4.397900,59.999068
4.398000,59.999068
4.398100,59.999068
4.398200,59.999068
4.398300,59.999068
4.398400,59.999068
4.398500,59.999068
4.398600,59.999068
4.398700,59.999068
4.398800,59.999068
4.398900,59.999068
4.399000,59.999068
4.399100,59.999068
4.399200,59.999068
4.399300,59.999068
4.399400,59.999068
4.399500,59.999068
4.399600,59.999068
4.399700,59.999068
4.399800,59.999068
4.399900,59.999064
4.400000,59.999064
4.400100,59.999064
4.400200,59.999064
4.400300,59.999064
4.400400,59.999064
4.400500,59.999064
4.400600,59.999064
4.400700,59.999064
4.400800,59.999064
4.400900,59.999064
4.401000,59.999064
4.401100,59.999064
4.401200,59.999064
4.401300,59.999064
4.401400,59.999064
4.401500,59.999064
4.401600,59.999064
4.401700,59.999064
4.401800,59.999064
4.401900,59.999064
4.402000,59.999064
4.402100,59.999064
4.402200,59.999064
4.402300,59.999064
4.402400,59.999064
4.402500,59.999064
4.402600,59.999064
4.402700,59.999064
4.402800,59.999064
4.402900,59.999064
4.403000,59.999064
4.403100,59.999064
4.403200,59.999064
4.403300,59.999064
4.403400,59.999064
4.403500,59.999064
4.403600,59.999064
4.403700,59.999064
4.403800,59.999064
4.403900,59.999064
4.404000,59.999064
4.404100,59.999064
4.404200,59.999064
4.404300,59.999064
4.404400,59.999064
4.404500,59.999064
4.404600,59.999064
4.404700,59.999064
4.404800,59.999064
4.404900,59.999060
4.405000,59.999060
4.405100,59.999060
4.405200,59.999060
4.405300,59.999060
4.405400,59.999060
4.405500,59.999060
4.405600,59.999060
4.405700,59.999060
4.405800,59.999060
4.405900,59.999060
4.406000,59.999060
4.406100,59.999060
4.406200,59.999060
4.406300,59.999060
4.406400,59.999060
4.406500,59.999060
4.406600,59.999060
4.406700,59.999060
4.406800,59.999060
4.406900,59.999060
4.407000,59.999060
4.407100,59.999060
4.407200,59.999060
4.407300,59.999060
4.407400,59.999060
4.407500,59.999060
4.407600,59.999060
4.407700,59.999060
4.407800,59.999060
4.407900,59.999060
4.408000,59.999060
4.408100,59.999060
4.408200,59.999060
4.408300,59.999060
4.408400,59.999060
4.408500,59.999060
4.408600,59.999060
4.408700,59.999060
4.408800,59.999060
4.408900,59.999060
4.409000,59.999060
4.409100,59.999060
4.409200,59.999060
4.409300,59.999060
4.409400,59.999060
4.409500,59.999060
4.409600,59.999060
4.409700,59.999060
4.409800,59.999060
4.409900,59.999057
4.410000,59.999057
4.410100,59.999057
4.410200,59.999057
4.410300,59.999057
4.410400,59.999057
4.410500,59.999057
4.410600,59.999057
4.410700,59.999057
4.410800,59.999057
4.410900,59.999057
4.411000,59.999057
4.411100,59.999057
4.411200,59.999057
4.411300,59.999057
4.411400,59.999057
4.411500,59.999057
4.411600,59.999057
4.411700,59.999057
4.411800,59.999057
4.411900,59.999057
4.412000,59.999057
4.412100,59.999057
4.412200,59.999057
4.412300,59.999057
4.412400,59.999057
4.412500,59.999057
4.412600,59.999057
4.412700,59.999057
4.412800,59.999057
4.412900,59.999057
4.413000,59.999057
4.413100,59.999057
4.413200,59.999057
4.413300,59.999057
4.413400,59.999057
4.413500,59.999057
4.413600,59.999057
4.413700,59.999057
4.413800,59.999057
4.413900,59.999057
4.414000,59.999057
4.414100,59.999057
4.414200,59.999057
4.414300,59.999057
4.414400,59.999057
4.414500,59.999057
4.414600,59.999057
4.414700,59.999057
4.414800,59.999057
4.414900,59.999054
4.415000,59.999054
4.415100,59.999054
4.415200,59.999054
4.415300,59.999054
4.415400,59.999054
4.415500,59.999054
4.415600,59.999054
4.415700,59.999054
4.415800,59.999054
4.415900,59.999054
4.416000,59.999054
4.416100,59.999054
4.416200,59.999054
4.416300,59.999054
4.416400,59.999054
4.416500,59.999054
4.416600,59.999054
4.416700,59.999054
4.416800,59.999054
4.416900,59.999054
4.417000,59.999054
4.417100,59.999054
4.417200,59.999054
4.417300,59.999054
4.417400,59.999054
4.417500,59.999054
4.417600,59.999054
4.417700,59.999054
4.417800,59.999054
4.417900,59.999054
4.418000,59.999054
4.418100,59.999054
4.418200,59.999054
4.418300,59.999054
4.418400,59.999054
4.418500,59.999054
4.418600,59.999054
4.418700,59.999054
4.418800,59.999054
4.418900,59.999054
4.419000,59.999054
4.419100,59.999054
4.419200,59.999054
4.419300,59.999054
4.419400,59.999054
4.419500,59.999054
4.419600,59.999054
4.419700,59.999054
4.419800,59.999054
4.419900,59.999052
4.420000,59.999052
4.420100,59.999052
4.420200,59.999052
4.420300,59.999052
4.420400,59.999052
4.420500,59.999052
4.420600,59.999052
4.420700,59.999052
4.420800,59.999052
4.420900,59.999052
4.421000,59.999052
4.421100,59.999052
4.421200,59.999052
4.421300,59.999052
4.421400,59.999052
4.421500,59.999052
4.421600,59.999052
4.421700,59.999052
4.421800,59.999052
4.421900,59.999052
4.422000,59.999052
4.422100,59.999052
4.422200,59.999052
4.422300,59.999052
4.422400,59.999052
4.422500,59.999052
4.422600,59.999052
4.422700,59.999052
4.422800,59.999052
4.422900,59.999052
4.423000,59.999052
4.423100,59.999052
4.423200,59.999052
4.423300,59.999052
4.423400,59.999052
4.423500,59.999052
4.423600,59.999052
4.423700,59.999052
4.423800,59.999052
4.423900,59.999052
4.424000,59.999052
4.424100,59.999052
4.424200,59.999052
4.424300,59.999052
4.424400,59.999052
4.424500,59.999052
4.424600,59.999052
4.424700,59.999052
4.424800,59.999052
4.424900,59.999051
4.425000,59.999051
4.425100,59.999051
4.425200,59.999051
4.425300,59.999051
4.425400,59.999051
4.425500,59.999051
4.425600,59.999051
4.425700,59.999051
4.425800,59.999051
4.425900,59.999051
4.426000,59.999051
4.426100,59.999051
4.426200,59.999051
4.426300,59.999051
4.426400,59.999051
4.426500,59.999051
4.426600,59.999051
4.426700,59.999051
4.426800,59.999051
4.426900,59.999051
4.427000,59.999051
4.427100,59.999051
4.427200,59.999051
4.427300,59.999051
4.427400,59.999051
4.427500,59.999051
4.427600,59.999051
4.427700,59.999051
4.427800,59.999051
4.427900,59.999051
4.428000,59.999051
4.428100,59.999051
4.428200,59.999051
4.428300,59.999051
4.428400,59.999051
4.428500,59.999051
4.428600,59.999051
4.428700,59.999051
4.428800,59.999051
4.428900,59.999051
4.429000,59.999051
4.429100,59.999051
4.429200,59.999051
4.429300,59.999051
4.429400,59.999051
4.429500,59.999051
4.429600,59.999051
4.429700,59.999051
4.429800,59.999051
4.429900,59.999051
4.430000,59.999051
4.430100,59.999051
4.430200,59.999051
4.430300,59.999051
4.430400,59.999051
4.430500,59.999051
4.430600,59.999051
4.430700,59.999051
4.430800,59.999051
4.430900,59.999051
4.431000,59.999051
4.431100,59.999051
4.431200,59.999051
4.431300,59.999051
4.431400,59.999051
4.431500,59.999051
4.431600,59.999051
4.431700,59.999051
4.431800,59.999051
4.431900,59.999051
4.432000,59.999051
4.432100,59.999051
4.432200,59.999051
4.432300,59.999051
4.432400,59.999051
4.432500,59.999051
4.432600,59.999051
4.432700,59.999051
4.432800,59.999051
4.432900,59.999051
4.433000,59.999051
4.433100,59.999051
4.433200,59.999051
4.433300,59.999051
4.433400,59.999051
4.433500,59.999051
4.433600,59.999051
4.433700,59.999051
4.433800,59.999051
4.433900,59.999051
4.434000,59.999051
4.434100,59.999051
4.434200,59.999051
4.434300,59.999051
4.434400,59.999051
4.434500,59.999051
4.434600,59.999051
4.434700,59.999051
4.434800,59.999051
4.434900,59.999051
4.435000,59.999051
4.435100,59.999051
4.435200,59.999051
4.435300,59.999051
4.435400,59.999051
4.435500,59.999051
4.435600,59.999051
4.435700,59.999051
4.435800,59.999051
4.435900,59.999051
4.436000,59.999051
4.436100,59.999051
4.436200,59.999051
4.436300,59.999051
4.436400,59.999051
4.436500,59.999051
4.436600,59.999051
4.436700,59.999051
4.436800,59.999051
4.436900,59.999051
4.437000,59.999051
4.437100,59.999051
4.437200,59.999051
4.437300,59.999051
4.437400,59.999051
4.437500,59.999051
4.437600,59.999051
4.437700,59.999051
4.437800,59.999051
4.437900,59.999051
4.438000,59.999051
4.438100,59.999051
4.438200,59.999051
4.438300,59.999051
4.438400,59.999051
4.438500,59.999051
4.438600,59.999051
4.438700,59.999051
4.438800,59.999051
4.438900,59.999051
4.439000,59.999051
4.439100,59.999051
4.439200,59.999051
4.439300,59.999051
4.439400,59.999051
4.439500,59.999051
4.439600,59.999051
4.439700,59.999051
4.439800,59.999051
4.439900,59.999051
4.440000,59.999051
4.440100,59.999051
4.440200,59.999051
4.440300,59.999051
4.440400,59.999051
4.440500,59.999051
4.440600,59.999051
4.440700,59.999051
4.440800,59.999051
4.440900,59.999051
4.441000,59.999051
4.441100,59.999051
4.441200,59.999051
4.441300,59.999051
4.441400,59.999051
4.441500,59.999051
4.441600,59.999051
4.441700,59.999051
4.441800,59.999051
4.441900,59.999051
4.442000,59.999051
4.442100,59.999051
4.442200,59.999051
4.442300,59.999051
4.442400,59.999051
4.442500,59.999051
4.442600,59.999051
4.442700,59.999051
4.442800,59.999051
4.442900,59.999051
4.443000,59.999051
4.443100,59.999051
4.443200,59.999051
4.443300,59.999051
4.443400,59.999051
4.443500,59.999051
4.443600,59.999051
4.443700,59.999051
4.443800,59.999051
4.443900,59.999051
4.444000,59.999051
4.444100,59.999051
4.444200,59.999051
4.444300,59.999051
4.444400,59.999051
4.444500,59.999051
4.444600,59.999051
4.444700,59.999051
4.444800,59.999051
4.444900,59.999053
4.445000,59.999053
4.445100,59.999053
4.445200,59.999053
4.445300,59.999053
4.445400,59.999053
4.445500,59.999053
4.445600,59.999053
4.445700,59.999053
4.445800,59.999053
4.445900,59.999053
4.446000,59.999053
4.446100,59.999053
4.446200,59.999053
4.446300,59.999053
4.446400,59.999053
4.446500,59.999053
4.446600,59.999053
4.446700,59.999053
4.446800,59.999053
4.446900,59.999053
4.447000,59.999053
4.447100,59.999053
4.447200,59.999053
4.447300,59.999053
4.447400,59.999053
4.447500,59.999053
4.447600,59.999053
4.447700,59.999053
4.447800,59.999053
4.447900,59.999053
4.448000,59.999053
4.448100,59.999053
4.448200,59.999053
4.448300,59.999053
4.448400,59.999053
4.448500,59.999053
4.448600,59.999053
4.448700,59.999053
4.448800,59.999053
4.448900,59.999053
4.449000,59.999053
4.449100,59.999053
4.449200,59.999053
4.449300,59.999053
4.449400,59.999053
4.449500,59.999053
4.449600,59.999053
4.449700,59.999053
4.449800,59.999053
4.449900,59.999055
4.450000,59.999055
4.450100,59.999055
4.450200,59.999055
4.450300,59.999055
4.450400,59.999055
4.450500,59.999055
4.450600,59.999055
4.450700,59.999055
4.450800,59.999055
4.450900,59.999055
4.451000,59.999055
4.451100,59.999055
4.451200,59.999055
4.451300,59.999055
4.451400,59.999055
4.451500,59.999055
4.451600,59.999055
4.451700,59.999055
4.451800,59.999055
4.451900,59.999055
4.452000,59.999055
4.452100,59.999055
4.452200,59.999055
4.452300,59.999055
4.452400,59.999055
4.452500,59.999055
4.452600,59.999055
4.452700,59.999055
4.452800,59.999055
4.452900,59.999055
4.453000,59.999055
4.453100,59.999055
4.453200,59.999055
4.453300,59.999055
4.453400,59.999055
4.453500,59.999055
4.453600,59.999055
4.453700,59.999055
4.453800,59.999055
4.453900,59.999055
4.454000,59.999055
4.454100,59.999055
4.454200,59.999055
4.454300,59.999055
4.454400,59.999055
4.454500,59.999055
4.454600,59.999055
4.454700,59.999055
4.454800,59.999055
4.454900,59.999057
4.455000,59.999057
4.455100,59.999057
4.455200,59.999057
4.455300,59.999057
4.455400,59.999057
4.455500,59.999057
4.455600,59.999057
4.455700,59.999057
4.455800,59.999057
4.455900,59.999057
4.456000,59.999057
4.456100,59.999057
4.456200,59.999057
4.456300,59.999057
4.456400,59.999057
4.456500,59.999057
4.456600,59.999057
4.456700,59.999057
4.456800,59.999057
4.456900,59.999057
4.457000,59.999057
4.457100,59.999057
4.457200,59.999057
4.457300,59.999057
4.457400,59.999057
4.457500,59.999057
4.457600,59.999057
4.457700,59.999057
4.457800,59.999057
4.457900,59.999057
4.458000,59.999057
4.458100,59.999057
4.458200,59.999057
4.458300,59.999057
4.458400,59.999057
4.458500,59.999057
4.458600,59.999057
4.458700,59.999057
4.458800,59.999057
4.458900,59.999057
4.459000,59.999057
4.459100,59.999057
4.459200,59.999057
4.459300,59.999057
4.459400,59.999057
4.459500,59.999057
4.459600,59.999057
4.459700,59.999057
4.459800,59.999057
4.459900,59.999061
4.460000,59.999061
4.460100,59.999061
4.460200,59.999061
4.460300,59.999061
4.460400,59.999061
4.460500,59.999061
4.460600,59.999061
4.460700,59.999061
4.460800,59.999061
4.460900,59.999061
4.461000,59.999061
4.461100,59.999061
4.461200,59.999061
4.461300,59.999061
4.461400,59.999061
4.461500,59.999061
4.461600,59.999061
4.461700,59.999061
4.461800,59.999061
4.461900,59.999061
4.462000,59.999061
4.462100,59.999061
4.462200,59.999061
4.462300,59.999061
4.462400,59.999061
4.462500,59.999061
4.462600,59.999061
4.462700,59.999061
4.462800,59.999061
4.462900,59.999061
4.463000,59.999061
4.463100,59.999061
4.463200,59.999061
4.463300,59.999061
4.463400,59.999061
4.463500,59.999061
4.463600,59.999061
4.463700,59.999061
4.463800,59.999061
4.463900,59.999061
4.464000,59.999061
4.464100,59.999061
4.464200,59.999061
4.464300,59.999061
4.464400,59.999061
4.464500,59.999061
4.464600,59.999061
4.464700,59.999061
4.464800,59.999061
4.464900,59.999065
4.465000,59.999065
4.465100,59.999065
4.465200,59.999065
4.465300,59.999065
4.465400,59.999065
4.465500,59.999065
4.465600,59.999065
4.465700,59.999065
4.465800,59.999065
4.465900,59.999065
4.466000,59.999065
4.466100,59.999065
4.466200,59.999065
4.466300,59.999065
4.466400,59.999065
4.466500,59.999065
4.466600,59.999065
4.466700,59.999065
4.466800,59.999065
4.466900,59.999065
4.467000,59.999065
4.467100,59.999065
4.467200,59.999065
4.467300,59.999065
4.467400,59.999065
4.467500,59.999065
4.467600,59.999065
4.467700,59.999065
4.467800,59.999065
4.467900,59.999065
4.468000,59.999065
4.468100,59.999065
4.468200,59.999065
4.468300,59.999065
4.468400,59.999065
4.468500,59.999065
4.468600,59.999065
4.468700,59.999065
4.468800,59.999065
4.468900,59.999065
4.469000,59.999065
4.469100,59.999065
4.469200,59.999065
4.469300,59.999065
4.469400,59.999065
4.469500,59.999065
4.469600,59.999065
4.469700,59.999065
4.469800,59.999065
4.469900,59.999070
4.470000,59.999070
4.470100,59.999070
4.470200,59.999070
4.470300,59.999070
4.470400,59.999070
4.470500,59.999070
4.470600,59.999070
4.470700,59.999070
4.470800,59.999070
4.470900,59.999070
4.471000,59.999070
4.471100,59.999070
4.471200,59.999070
4.471300,59.999070
4.471400,59.999070
4.471500,59.999070
4.471600,59.999070
4.471700,59.999070
4.471800,59.999070
4.471900,59.999070
4.472000,59.999070
4.472100,59.999070
4.472200,59.999070
4.472300,59.999070
4.472400,59.999070
4.472500,59.999070
4.472600,59.999070
4.472700,59.999070
4.472800,59.999070
4.472900,59.999070
4.473000,59.999070
4.473100,59.999070
4.473200,59.999070
4.473300,59.999070
4.473400,59.999070
4.473500,59.999070
4.473600,59.999070
4.473700,59.999070
4.473800,59.999070
4.473900,59.999070
4.474000,59.999070
4.474100,59.999070
4.474200,59.999070
4.474300,59.999070
4.474400,59.999070
4.474500,59.999070
4.474600,59.999070
4.474700,59.999070
4.474800,59.999070
4.474900,59.999075
4.475000,59.999075
4.475100,59.999075
4.475200,59.999075
4.475300,59.999075
4.475400,59.999075
4.475500,59.999075
4.475600,59.999075
4.475700,59.999075
4.475800,59.999075
4.475900,59.999075
4.476000,59.999075
4.476100,59.999075
4.476200,59.999075
4.476300,59.999075
4.476400,59.999075
4.476500,59.999075
4.476600,59.999075
4.476700,59.999075
4.476800,59.999075
4.476900,59.999075
4.477000,59.999075
4.477100,59.999075
4.477200,59.999075
4.477300,59.999075
4.477400,59.999075
4.477500,59.999075
4.477600,59.999075
4.477700,59.999075
4.477800,59.999075
4.477900,59.999075
4.478000,59.999075
4.478100,59.999075
4.478200,59.999075
4.478300,59.999075
4.478400,59.999075
4.478500,59.999075
4.478600,59.999075
4.478700,59.999075
4.478800,59.999075
4.478900,59.999075
4.479000,59.999075
4.479100,59.999075
4.479200,59.999075
4.479300,59.999075
4.479400,59.999075
4.479500,59.999075
4.479600,59.999075
4.479700,59.999075
4.479800,59.999075
4.479900,59.999082
4.480000,59.999082
4.480100,59.999082
4.480200,59.999082
4.480300,59.999082
4.480400,59.999082
4.480500,59.999082
4.480600,59.999082
4.480700,59.999082
4.480800,59.999082
4.480900,59.999082
4.481000,59.999082
4.481100,59.999082
4.481200,59.999082
4.481300,59.999082
4.481400,59.999082
4.481500,59.999082
4.481600,59.999082
4.481700,59.999082
4.481800,59.999082
4.481900,59.999082
4.482000,59.999082
4.482100,59.999082
4.482200,59.999082
4.482300,59.999082
4.482400,59.999082
4.482500,59.999082
4.482600,59.999082
4.482700,59.999082
4.482800,59.999082
4.482900,59.999082
4.483000,59.999082
4.483100,59.999082
4.483200,59.999082
4.483300,59.999082
4.483400,59.999082
4.483500,59.999082
4.483600,59.999082
4.483700,59.999082
4.483800,59.999082
4.483900,59.999082
4.484000,59.999082
4.484100,59.999082
4.484200,59.999082
4.484300,59.999082
4.484400,59.999082
4.484500,59.999082
4.484600,59.999082
4.484700,59.999082
4.484800,59.999082
4.484900,59.999089
4.485000,59.999089
4.485100,59.999089
4.485200,59.999089
4.485300,59.999089
4.485400,59.999089
4.485500,59.999089
4.485600,59.999089
4.485700,59.999089
4.485800,59.999089
4.485900,59.999089
4.486000,59.999089
4.486100,59.999089
4.486200,59.999089
4.486300,59.999089
4.486400,59.999089
4.486500,59.999089
4.486600,59.999089
4.486700,59.999089
4.486800,59.999089
4.486900,59.999089
4.487000,59.999089
4.487100,59.999089
4.487200,59.999089
4.487300,59.999089
4.487400,59.999089
4.487500,59.999089
4.487600,59.999089
4.487700,59.999089
4.487800,59.999089
4.487900,59.999089
4.488000,59.999089
4.488100,59.999089
4.488200,59.999089
4.488300,59.999089
4.488400,59.999089
4.488500,59.999089
4.488600,59.999089
4.488700,59.999089
4.488800,59.999089
4.488900,59.999089
4.489000,59.999089
4.489100,59.999089
4.489200,59.999089
4.489300,59.999089
4.489400,59.999089
4.489500,59.999089
4.489600,59.999089
4.489700,59.999089
4.489800,59.999089
4.489900,59.999097
4.490000,59.999097
4.490100,59.999097
4.490200,59.999097
4.490300,59.999097
4.490400,59.999097
4.490500,59.999097
4.490600,59.999097
4.490700,59.999097
4.490800,59.999097
4.490900,59.999097
4.491000,59.999097
4.491100,59.999097
4.491200,59.999097
4.491300,59.999097
4.491400,59.999097
4.491500,59.999097
4.491600,59.999097
4.491700,59.999097
4.491800,59.999097
4.491900,59.999097
4.492000,59.999097
4.492100,59.999097
4.492200,59.999097
4.492300,59.999097
4.492400,59.999097
4.492500,59.999097
4.492600,59.999097
4.492700,59.999097
4.492800,59.999097
4.492900,59.999097
4.493000,59.999097
4.493100,59.999097
4.493200,59.999097
4.493300,59.999097
4.493400,59.999097
4.493500,59.999097
4.493600,59.999097
4.493700,59.999097
4.493800,59.999097
4.493900,59.999097
4.494000,59.999097
4.494100,59.999097
4.494200,59.999097
4.494300,59.999097
4.494400,59.999097
4.494500,59.999097
4.494600,59.999097
4.494700,59.999097
4.494800,59.999097
4.494900,59.999105
4.495000,59.999105
4.495100,59.999105
4.495200,59.999105
4.495300,59.999105
4.495400,59.999105
4.495500,59.999105
4.495600,59.999105
4.495700,59.999105
4.495800,59.999105
4.495900,59.999105
4.496000,59.999105
4.496100,59.999105
4.496200,59.999105
4.496300,59.999105
4.496400,59.999105
4.496500,59.999105
4.496600,59.999105
4.496700,59.999105
4.496800,59.999105
4.496900,59.999105
4.497000,59.999105
4.497100,59.999105
4.497200,59.999105
4.497300,59.999105
4.497400,59.999105
4.497500,59.999105
4.497600,59.999105
4.497700,59.999105
4.497800,59.999105
4.497900,59.999105
4.498000,59.999105
4.498100,59.999105
4.498200,59.999105
4.498300,59.999105
4.498400,59.999105
4.498500,59.999105
4.498600,59.999105
4.498700,59.999105
4.498800,59.999105
4.498900,59.999105
4.499000,59.999105
4.499100,59.999105
4.499200,59.999105
4.499300,59.999105
4.499400,59.999105
4.499500,59.999105
4.499600,59.999105
4.499700,59.999105
4.499800,59.999105
4.499900,59.999115
4.500000,59.999115
4.500100,59.999115
4.500200,59.999115
4.500300,59.999115
4.500400,59.999115
4.500500,59.999115
4.500600,59.999115
4.500700,59.999115
4.500800,59.999115
4.500900,59.999115
4.501000,59.999115
4.501100,59.999115
4.501200,59.999115
4.501300,59.999115
4.501400,59.999115
4.501500,59.999115
4.501600,59.999115
4.501700,59.999115
4.501800,59.999115
4.501900,59.999115
4.502000,59.999115
4.502100,59.999115
4.502200,59.999115
4.502300,59.999115
4.502400,59.999115
4.502500,59.999115
4.502600,59.999115
4.502700,59.999115
4.502800,59.999115
4.502900,59.999115
4.503000,59.999115
4.503100,59.999115
4.503200,59.999115
4.503300,59.999115
4.503400,59.999115
4.503500,59.999115
4.503600,59.999115
4.503700,59.999115
4.503800,59.999115
4.503900,59.999115
4.504000,59.999115
4.504100,59.999115
4.504200,59.999115
4.504300,59.999115
4.504400,59.999115
4.504500,59.999115
4.504600,59.999115
4.504700,59.999115
4.504800,59.999115
4.504900,59.999125
4.505000,59.999125
4.505100,59.999125
4.505200,59.999125
4.505300,59.999125
4.505400,59.999125
4.505500,59.999125
4.505600,59.999125
4.505700,59.999125
4.505800,59.999125
4.505900,59.999125
4.506000,59.999125
4.506100,59.999125
4.506200,59.999125
4.506300,59.999125
4.506400,59.999125
4.506500,59.999125
4.506600,59.999125
4.506700,59.999125
4.506800,59.999125
4.506900,59.999125
4.507000,59.999125
4.507100,59.999125
4.507200,59.999125
4.507300,59.999125
4.507400,59.999125
4.507500,59.999125
4.507600,59.999125
4.507700,59.999125
4.507800,59.999125
4.507900,59.999125
4.508000,59.999125
4.508100,59.999125
4.508200,59.999125
4.508300,59.999125
4.508400,59.999125
4.508500,59.999125
4.508600,59.999125
4.508700,59.999125
4.508800,59.999125
4.508900,59.999125
4.509000,59.999125
4.509100,59.999125
4.509200,59.999125
4.509300,59.999125
4.509400,59.999125
4.509500,59.999125
4.509600,59.999125
4.509700,59.999125
4.509800,59.999125
4.509900,59.999136
4.510000,59.999136
4.510100,59.999136
4.510200,59.999136
4.510300,59.999136
4.510400,59.999136
4.510500,59.999136
4.510600,59.999136
4.510700,59.999136
4.510800,59.999136
4.510900,59.999136
4.511000,59.999136
4.511100,59.999136
4.511200,59.999136
4.511300,59.999136
4.511400,59.999136
4.511500,59.999136
4.511600,59.999136
4.511700,59.999136
4.511800,59.999136
4.511900,59.999136
4.512000,59.999136
4.512100,59.999136
4.512200,59.999136
4.512300,59.999136
4.512400,59.999136
4.512500,59.999136
4.512600,59.999136
4.512700,59.999136
4.512800,59.999136
4.512900,59.999136
4.513000,59.999136
4.513100,59.999136
4.513200,59.999136
4.513300,59.999136
4.513400,59.999136
4.513500,59.999136
4.513600,59.999136
4.513700,59.999136
4.513800,59.999136
4.513900,59.999136
4.514000,59.999136
4.514100,59.999136
4.514200,59.999136
4.514300,59.999136
4.514400,59.999136
4.514500,59.999136
4.514600,59.999136
4.514700,59.999136
4.514800,59.999136
4.514900,59.999148
4.515000,59.999148
4.515100,59.999148
4.515200,59.999148
4.515300,59.999148
4.515400,59.999148
4.515500,59.999148
4.515600,59.999148
4.515700,59.999148
4.515800,59.999148
4.515900,59.999148
4.516000,59.999148
4.516100,59.999148
4.516200,59.999148
4.516300,59.999148
4.516400,59.999148
4.516500,59.999148
4.516600,59.999148
4.516700,59.999148
4.516800,59.999148
4.516900,59.999148
4.517000,59.999148
4.517100,59.999148
4.517200,59.999148
4.517300,59.999148
4.517400,59.999148
4.517500,59.999148
4.517600,59.999148
4.517700,59.999148
4.517800,59.999148
4.517900,59.999148
4.518000,59.999148
4.518100,59.999148
4.518200,59.999148
4.518300,59.999148
4.518400,59.999148
4.518500,59.999148
4.518600,59.999148
4.518700,59.999148
4.518800,59.999148
4.518900,59.999148
4.519000,59.999148
4.519100,59.999148
4.519200,59.999148
4.519300,59.999148
4.519400,59.999148
4.519500,59.999148
4.519600,59.999148
4.519700,59.999148
4.519800,59.999148
4.519900,59.999160
4.520000,59.999160
4.520100,59.999160
4.520200,59.999160
4.520300,59.999160
4.520400,59.999160
4.520500,59.999160
4.520600,59.999160
4.520700,59.999160
4.520800,59.999160
4.520900,59.999160
4.521000,59.999160
4.521100,59.999160
4.521200,59.999160
4.521300,59.999160
4.521400,59.999160
4.521500,59.999160
4.521600,59.999160
4.521700,59.999160
4.521800,59.999160
4.521900,59.999160
4.522000,59.999160
4.522100,59.999160
4.522200,59.999160
4.522300,59.999160
4.522400,59.999160
4.522500,59.999160
4.522600,59.999160
4.522700,59.999160
4.522800,59.999160
4.522900,59.999160
4.523000,59.999160
4.523100,59.999160
4.523200,59.999160
4.523300,59.999160
4.523400,59.999160
4.523500,59.999160
4.523600,59.999160
4.523700,59.999160
4.523800,59.999160
4.523900,59.999160
4.524000,59.999160
4.524100,59.999160
4.524200,59.999160
4.524300,59.999160
4.524400,59.999160
4.524500,59.999160
4.524600,59.999160
4.524700,59.999160
4.524800,59.999160
4.524900,59.999173
4.525000,59.999173
4.525100,59.999173
4.525200,59.999173
4.525300,59.999173
4.525400,59.999173
4.525500,59.999173
4.525600,59.999173
4.525700,59.999173
4.525800,59.999173
4.525900,59.999173
4.526000,59.999173
4.526100,59.999173
4.526200,59.999173
4.526300,59.999173
4.526400,59.999173
4.526500,59.999173
4.526600,59.999173
4.526700,59.999173
4.526800,59.999173
4.526900,59.999173
4.527000,59.999173
4.527100,59.999173
4.527200,59.999173
4.527300,59.999173
4.527400,59.999173
4.527500,59.999173
4.527600,59.999173
4.527700,59.999173
4.527800,59.999173
4.527900,59.999173
4.528000,59.999173
4.528100,59.999173
4.528200,59.999173
4.528300,59.999173
4.528400,59.999173
4.528500,59.999173
4.528600,59.999173
4.528700,59.999173
4.528800,59.999173
4.528900,59.999173
4.529000,59.999173
4.529100,59.999173
4.529200,59.999173
4.529300,59.999173
4.529400,59.999173
4.529500,59.999173
4.529600,59.999173
4.529700,59.999173
4.529800,59.999173
4.529900,59.999187
4.530000,59.999187
4.530100,59.999187
4.530200,59.999187
4.530300,59.999187
4.530400,59.999187
4.530500,59.999187
4.530600,59.999187
4.530700,59.999187
4.530800,59.999187
4.530900,59.999187
4.531000,59.999187
4.531100,59.999187
4.531200,59.999187
4.531300,59.999187
4.531400,59.999187
4.531500,59.999187
4.531600,59.999187
4.531700,59.999187
4.531800,59.999187
4.531900,59.999187
4.532000,59.999187
4.532100,59.999187
4.532200,59.999187
4.532300,59.999187
4.532400,59.999187
4.532500,59.999187
4.532600,59.999187
4.532700,59.999187
4.532800,59.999187
4.532900,59.999187
4.533000,59.999187
4.533100,59.999187
4.533200,59.999187
4.533300,59.999187
4.533400,59.999187
4.533500,59.999187
4.533600,59.999187
4.533700,59.999187
4.533800,59.999187
4.533900,59.999187
4.534000,59.999187
4.534100,59.999187
4.534200,59.999187
4.534300,59.999187
4.534400,59.999187
4.534500,59.999187
4.534600,59.999187
4.534700,59.999187
4.534800,59.999187
4.534900,59.999201
4.535000,59.999201
4.535100,59.999201
4.535200,59.999201
4.535300,59.999201
4.535400,59.999201
4.535500,59.999201
4.535600,59.999201
4.535700,59.999201
4.535800,59.999201
4.535900,59.999201
4.536000,59.999201
4.536100,59.999201
4.536200,59.999201
4.536300,59.999201
4.536400,59.999201
4.536500,59.999201
4.536600,59.999201
4.536700,59.999201
4.536800,59.999201
4.536900,59.999201
4.537000,59.999201
4.537100,59.999201
4.537200,59.999201
4.537300,59.999201
4.537400,59.999201
4.537500,59.999201
4.537600,59.999201
4.537700,59.999201
4.537800,59.999201
4.537900,59.999201
4.538000,59.999201
4.538100,59.999201
4.538200,59.999201
4.538300,59.999201
4.538400,59.999201
4.538500,59.999201
4.538600,59.999201
4.538700,59.999201
4.538800,59.999201
4.538900,59.999201
4.539000,59.999201
4.539100,59.999201
4.539200,59.999201
4.539300,59.999201
4.539400,59.999201
4.539500,59.999201
4.539600,59.999201
4.539700,59.999201
4.539800,59.999201
4.539900,59.999216
4.540000,59.999216
4.540100,59.999216
4.540200,59.999216
4.540300,59.999216
4.540400,59.999216
4.540500,59.999216
4.540600,59.999216
4.540700,59.999216
4.540800,59.999216
4.540900,59.999216
4.541000,59.999216
4.541100,59.999216
4.541200,59.999216
4.541300,59.999216
4.541400,59.999216
4.541500,59.999216
4.541600,59.999216
4.541700,59.999216
4.541800,59.999216
4.541900,59.999216
4.542000,59.999216
4.542100,59.999216
4.542200,59.999216
4.542300,59.999216
4.542400,59.999216
4.542500,59.999216
4.542600,59.999216
4.542700,59.999216
4.542800,59.999216
4.542900,59.999216
4.543000,59.999216
4.543100,59.999216
4.543200,59.999216
4.543300,59.999216
4.543400,59.999216
4.543500,59.999216
4.543600,59.999216
4.543700,59.999216
4.543800,59.999216
4.543900,59.999216
4.544000,59.999216
4.544100,59.999216
4.544200,59.999216
4.544300,59.999216
4.544400,59.999216
4.544500,59.999216
4.544600,59.999216
4.544700,59.999216
4.544800,59.999216
4.544900,59.999232
4.545000,59.999232
4.545100,59.999232
4.545200,59.999232
4.545300,59.999232
4.545400,59.999232
4.545500,59.999232
4.545600,59.999232
4.545700,59.999232
4.545800,59.999232
4.545900,59.999232
4.546000,59.999232
4.546100,59.999232
4.546200,59.999232
4.546300,59.999232
4.546400,59.999232
4.546500,59.999232
4.546600,59.999232
4.546700,59.999232
4.546800,59.999232
4.546900,59.999232
4.547000,59.999232
4.547100,59.999232
4.547200,59.999232
4.547300,59.999232
4.547400,59.999232
4.547500,59.999232
4.547600,59.999232
4.547700,59.999232
4.547800,59.999232
4.547900,59.999232
4.548000,59.999232
4.548100,59.999232
4.548200,59.999232
4.548300,59.999232
4.548400,59.999232
4.548500,59.999232
4.548600,59.999232
4.548700,59.999232
4.548800,59.999232
4.548900,59.999232
4.549000,59.999232
4.549100,59.999232
4.549200,59.999232
4.549300,59.999232
4.549400,59.999232
4.549500,59.999232
4.549600,59.999232
4.549700,59.999232
4.549800,59.999232
4.549900,59.999248
4.550000,59.999248
4.550100,59.999248
4.550200,59.999248
4.550300,59.999248
4.550400,59.999248
4.550500,59.999248
4.550600,59.999248
4.550700,59.999248
4.550800,59.999248
4.550900,59.999248
4.551000,59.999248
4.551100,59.999248
4.551200,59.999248
4.551300,59.999248
4.551400,59.999248
4.551500,59.999248
4.551600,59.999248
4.551700,59.999248
4.551800,59.999248
4.551900,59.999248
4.552000,59.999248
4.552100,59.999248
4.552200,59.999248
4.552300,59.999248
4.552400,59.999248
4.552500,59.999248
4.552600,59.999248
4.552700,59.999248
4.552800,59.999248
4.552900,59.999248
4.553000,59.999248
4.553100,59.999248
4.553200,59.999248
4.553300,59.999248
4.553400,59.999248
4.553500,59.999248
4.553600,59.999248
4.553700,59.999248
4.553800,59.999248
4.553900,59.999248
4.554000,59.999248
4.554100,59.999248
4.554200,59.999248
4.554300,59.999248
4.554400,59.999248
4.554500,59.999248
4.554600,59.999248
4.554700,59.999248
4.554800,59.999248
4.554900,59.999265
4.555000,59.999265
4.555100,59.999265
4.555200,59.999265
4.555300,59.999265
4.555400,59.999265
4.555500,59.999265
4.555600,59.999265
4.555700,59.999265
4.555800,59.999265
4.555900,59.999265
4.556000,59.999265
4.556100,59.999265
4.556200,59.999265
4.556300,59.999265
4.556400,59.999265
4.556500,59.999265
4.556600,59.999265
4.556700,59.999265
4.556800,59.999265
4.556900,59.999265
4.557000,59.999265
4.557100,59.999265
4.557200,59.999265
4.557300,59.999265
4.557400,59.999265
4.557500,59.999265
4.557600,59.999265
4.557700,59.999265
4.557800,59.999265
4.557900,59.999265
4.558000,59.999265
4.558100,59.999265
4.558200,59.999265
4.558300,59.999265
4.558400,59.999265
4.558500,59.999265
4.558600,59.999265
4.558700,59.999265
4.558800,59.999265
4.558900,59.999265
4.559000,59.999265
4.559100,59.999265
4.559200,59.999265
4.559300,59.999265
4.559400,59.999265
4.559500,59.999265
4.559600,59.999265
4.559700,59.999265
4.559800,59.999265
4.559900,59.999282
4.560000,59.999282
4.560100,59.999282
4.560200,59.999282
4.560300,59.999282
4.560400,59.999282
4.560500,59.999282
4.560600,59.999282
4.560700,59.999282
4.560800,59.999282
4.560900,59.999282
4.561000,59.999282
4.561100,59.999282
4.561200,59.999282
4.561300,59.999282
4.561400,59.999282
4.561500,59.999282
4.561600,59.999282
4.561700,59.999282
4.561800,59.999282
4.561900,59.999282
4.562000,59.999282
4.562100,59.999282
4.562200,59.999282
4.562300,59.999282
4.562400,59.999282
4.562500,59.999282
4.562600,59.999282
4.562700,59.999282
4.562800,59.999282
4.562900,59.999282
4.563000,59.999282
4.563100,59.999282
4.563200,59.999282
4.563300,59.999282
4.563400,59.999282
4.563500,59.999282
4.563600,59.999282
4.563700,59.999282
4.563800,59.999282
4.563900,59.999282
4.564000,59.999282
4.564100,59.999282
4.564200,59.999282
4.564300,59.999282
4.564400,59.999282
4.564500,59.999282
4.564600,59.999282
4.564700,59.999282
4.564800,59.999282
4.564900,59.999301
4.565000,59.999301
4.565100,59.999301
4.565200,59.999301
4.565300,59.999301
4.565400,59.999301
4.565500,59.999301
4.565600,59.999301
4.565700,59.999301
4.565800,59.999301
4.565900,59.999301
4.566000,59.999301
4.566100,59.999301
4.566200,59.999301
4.566300,59.999301
4.566400,59.999301
4.566500,59.999301
4.566600,59.999301
4.566700,59.999301
4.566800,59.999301
4.566900,59.999301
4.567000,59.999301
4.567100,59.999301
4.567200,59.999301
4.567300,59.999301
4.567400,59.999301
4.567500,59.999301
4.567600,59.999301
4.567700,59.999301
4.567800,59.999301
4.567900,59.999301
4.568000,59.999301
4.568100,59.999301
4.568200,59.999301
4.568300,59.999301
4.568400,59.999301
4.568500,59.999301
4.568600,59.999301
4.568700,59.999301
4.568800,59.999301
4.568900,59.999301
4.569000,59.999301
4.569100,59.999301
4.569200,59.999301
4.569300,59.999301
4.569400,59.999301
4.569500,59.999301
4.569600,59.999301
4.569700,59.999301
4.569800,59.999301
4.569900,59.999319
4.570000,59.999319
4.570100,59.999319
4.570200,59.999319
4.570300,59.999319
4.570400,59.999319
4.570500,59.999319
4.570600,59.999319
4.570700,59.999319
4.570800,59.999319
4.570900,59.999319
4.571000,59.999319
4.571100,59.999319
4.571200,59.999319
4.571300,59.999319
4.571400,59.999319
4.571500,59.999319
4.571600,59.999319
4.571700,59.999319
4.571800,59.999319
4.571900,59.999319
4.572000,59.999319
4.572100,59.999319
4.572200,59.999319
4.572300,59.999319
4.572400,59.999319
4.572500,59.999319
4.572600,59.999319
4.572700,59.999319
4.572800,59.999319
4.572900,59.999319
4.573000,59.999319
4.573100,59.999319
4.573200,59.999319
4.573300,59.999319
4.573400,59.999319
4.573500,59.999319
4.573600,59.999319
4.573700,59.999319
4.573800,59.999319
4.573900,59.999319
4.574000,59.999319
4.574100,59.999319
4.574200,59.999319
4.574300,59.999319
4.574400,59.999319
4.574500,59.999319
4.574600,59.999319
4.574700,59.999319
4.574800,59.999319
4.574900,59.999338
4.575000,59.999338
4.575100,59.999338
4.575200,59.999338
4.575300,59.999338
4.575400,59.999338
4.575500,59.999338
4.575600,59.999338
4.575700,59.999338
4.575800,59.999338
4.575900,59.999338
4.576000,59.999338
4.576100,59.999338
4.576200,59.999338
4.576300,59.999338
4.576400,59.999338
4.576500,59.999338
4.576600,59.999338
4.576700,59.999338
4.576800,59.999338
4.576900,59.999338
4.577000,59.999338
4.577100,59.999338
4.577200,59.999338
4.577300,59.999338
4.577400,59.999338
4.577500,59.999338
4.577600,59.999338
4.577700,59.999338
4.577800,59.999338
4.577900,59.999338
4.578000,59.999338
4.578100,59.999338
4.578200,59.999338
4.578300,59.999338
4.578400,59.999338
4.578500,59.999338
4.578600,59.999338
4.578700,59.999338
4.578800,59.999338
4.578900,59.999338
4.579000,59.999338
4.579100,59.999338
4.579200,59.999338
4.579300,59.999338
4.579400,59.999338
4.579500,59.999338
4.579600,59.999338
4.579700,59.999338
4.579800,59.999338
4.579900,59.999358
4.580000,59.999358
4.580100,59.999358
4.580200,59.999358
4.580300,59.999358
4.580400,59.999358
4.580500,59.999358
4.580600,59.999358
4.580700,59.999358
4.580800,59.999358
4.580900,59.999358
4.581000,59.999358
4.581100,59.999358
4.581200,59.999358
4.581300,59.999358
4.581400,59.999358
4.581500,59.999358
4.581600,59.999358
4.581700,59.999358
4.581800,59.999358
4.581900,59.999358
4.582000,59.999358
4.582100,59.999358
4.582200,59.999358
4.582300,59.999358
4.582400,59.999358
4.582500,59.999358
4.582600,59.999358
4.582700,59.999358
4.582800,59.999358
4.582900,59.999358
4.583000,59.999358
4.583100,59.999358
4.583200,59.999358
4.583300,59.999358
4.583400,59.999358
4.583500,59.999358
4.583600,59.999358
4.583700,59.999358
4.583800,59.999358
4.583900,59.999358
4.584000,59.999358
4.584100,59.999358
4.584200,59.999358
4.584300,59.999358
4.584400,59.999358
4.584500,59.999358
4.584600,59.999358
4.584700,59.999358
4.584800,59.999358
4.584900,59.999379
4.585000,59.999379
4.585100,59.999379
4.585200,59.999379
4.585300,59.999379
4.585400,59.999379
4.585500,59.999379
4.585600,59.999379
4.585700,59.999379
4.585800,59.999379
4.585900,59.999379
4.586000,59.999379
4.586100,59.999379
4.586200,59.999379
4.586300,59.999379
4.586400,59.999379
4.586500,59.999379
4.586600,59.999379
4.586700,59.999379
4.586800,59.999379
4.586900,59.999379
4.587000,59.999379
4.587100,59.999379
4.587200,59.999379
4.587300,59.999379
4.587400,59.999379
4.587500,59.999379
4.587600,59.999379
4.587700,59.999379
4.587800,59.999379
4.587900,59.999379
4.588000,59.999379
4.588100,59.999379
4.588200,59.999379
4.588300,59.999379
4.588400,59.999379
4.588500,59.999379
4.588600,59.999379
4.588700,59.999379
4.588800,59.999379
4.588900,59.999379
4.589000,59.999379
4.589100,59.999379
4.589200,59.999379
4.589300,59.999379
4.589400,59.999379
4.589500,59.999379
4.589600,59.999379
4.589700,59.999379
4.589800,59.999379
4.589900,59.999399
4.590000,59.999399
4.590100,59.999399
4.590200,59.999399
4.590300,59.999399
4.590400,59.999399
4.590500,59.999399
4.590600,59.999399
4.590700,59.999399
4.590800,59.999399
4.590900,59.999399
4.591000,59.999399
4.591100,59.999399
4.591200,59.999399
4.591300,59.999399
4.591400,59.999399
4.591500,59.999399
4.591600,59.999399
4.591700,59.999399
4.591800,59.999399
4.591900,59.999399
4.592000,59.999399
4.592100,59.999399
4.592200,59.999399
4.592300,59.999399
4.592400,59.999399
4.592500,59.999399
4.592600,59.999399
4.592700,59.999399
4.592800,59.999399
4.592900,59.999399
4.593000,59.999399
4.593100,59.999399
4.593200,59.999399
4.593300,59.999399
4.593400,59.999399
4.593500,59.999399
4.593600,59.999399
4.593700,59.999399
4.593800,59.999399
4.593900,59.999399
4.594000,59.999399
4.594100,59.999399
4.594200,59.999399
4.594300,59.999399
4.594400,59.999399
4.594500,59.999399
4.594600,59.999399
4.594700,59.999399
4.594800,59.999399
4.594900,59.999421
4.595000,59.999421
4.595100,59.999421
4.595200,59.999421
4.595300,59.999421
4.595400,59.999421
4.595500,59.999421
4.595600,59.999421
4.595700,59.999421
4.595800,59.999421
4.595900,59.999421
4.596000,59.999421
4.596100,59.999421
4.596200,59.999421
4.596300,59.999421
4.596400,59.999421
4.596500,59.999421
4.596600,59.999421
4.596700,59.999421
4.596800,59.999421
4.596900,59.999421
4.597000,59.999421
4.597100,59.999421
4.597200,59.999421
4.597300,59.999421
4.597400,59.999421
4.597500,59.999421
4.597600,59.999421
4.597700,59.999421
4.597800,59.999421
4.597900,59.999421
4.598000,59.999421
4.598100,59.999421
4.598200,59.999421
4.598300,59.999421
4.598400,59.999421
4.598500,59.999421
4.598600,59.999421
4.598700,59.999421
4.598800,59.999421
4.598900,59.999421
4.599000,59.999421
4.599100,59.999421
4.599200,59.999421
4.599300,59.999421
4.599400,59.999421
4.599500,59.999421
4.599600,59.999421
4.599700,59.999421
4.599800,59.999421
4.599900,59.999443
4.600000,59.999443
4.600100,59.999443
4.600200,59.999443
4.600300,59.999443
4.600400,59.999443
4.600500,59.999443
4.600600,59.999443
4.600700,59.999443
4.600800,59.999443
4.600900,59.999443
4.601000,59.999443
4.601100,59.999443
4.601200,59.999443
4.601300,59.999443
4.601400,59.999443
4.601500,59.999443
4.601600,59.999443
4.601700,59.999443
4.601800,59.999443
4.601900,59.999443
4.602000,59.999443
4.602100,59.999443
4.602200,59.999443
4.602300,59.999443
4.602400,59.999443
4.602500,59.999443
4.602600,59.999443
4.602700,59.999443
4.602800,59.999443
4.602900,59.999443
4.603000,59.999443
4.603100,59.999443
4.603200,59.999443
4.603300,59.999443
4.603400,59.999443
4.603500,59.999443
4.603600,59.999443
4.603700,59.999443
4.603800,59.999443
4.603900,59.999443
4.604000,59.999443
4.604100,59.999443
4.604200,59.999443
4.604300,59.999443
4.604400,59.999443
4.604500,59.999443
4.604600,59.999443
4.604700,59.999443
4.604800,59.999443
4.604900,59.999465
4.605000,59.999465
4.605100,59.999465
4.605200,59.999465
4.605300,59.999465
4.605400,59.999465
4.605500,59.999465
4.605600,59.999465
4.605700,59.999465
4.605800,59.999465
4.605900,59.999465
4.606000,59.999465
4.606100,59.999465
4.606200,59.999465
4.606300,59.999465
4.606400,59.999465
4.606500,59.999465
4.606600,59.999465
4.606700,59.999465
4.606800,59.999465
4.606900,59.999465
4.607000,59.999465
4.607100,59.999465
4.607200,59.999465
4.607300,59.999465
4.607400,59.999465
4.607500,59.999465
4.607600,59.999465
4.607700,59.999465
4.607800,59.999465
4.607900,59.999465
4.608000,59.999465
4.608100,59.999465
4.608200,59.999465
4.608300,59.999465
4.608400,59.999465
4.608500,59.999465
4.608600,59.999465
4.608700,59.999465
4.608800,59.999465
4.608900,59.999465
4.609000,59.999465
4.609100,59.999465
4.609200,59.999465
4.609300,59.999465
4.609400,59.999465
4.609500,59.999465
4.609600,59.999465
4.609700,59.999465
4.609800,59.999465
4.609900,59.999487
4.610000,59.999487
4.610100,59.999487
4.610200,59.999487
4.610300,59.999487
4.610400,59.999487
4.610500,59.999487
4.610600,59.999487
4.610700,59.999487
4.610800,59.999487
4.610900,59.999487
4.611000,59.999487
4.611100,59.999487
4.611200,59.999487
4.611300,59.999487
4.611400,59.999487
4.611500,59.999487
4.611600,59.999487
4.611700,59.999487
4.611800,59.999487
4.611900,59.999487
4.612000,59.999487
4.612100,59.999487
4.612200,59.999487
4.612300,59.999487
4.612400,59.999487
4.612500,59.999487
4.612600,59.999487
4.612700,59.999487
4.612800,59.999487
4.612900,59.999487
4.613000,59.999487
4.613100,59.999487
4.613200,59.999487
4.613300,59.999487
4.613400,59.999487
4.613500,59.999487
4.613600,59.999487
4.613700,59.999487
4.613800,59.999487
4.613900,59.999487
4.614000,59.999487
4.614100,59.999487
4.614200,59.999487
4.614300,59.999487
4.614400,59.999487
4.614500,59.999487
4.614600,59.999487
4.614700,59.999487
4.614800,59.999487
4.614900,59.999510
4.615000,59.999510
4.615100,59.999510
4.615200,59.999510
4.615300,59.999510
4.615400,59.999510
4.615500,59.999510
4.615600,59.999510
4.615700,59.999510
4.615800,59.999510
4.615900,59.999510
4.616000,59.999510
4.616100,59.999510
4.616200,59.999510
4.616300,59.999510
4.616400,59.999510
4.616500,59.999510
4.616600,59.999510
4.616700,59.999510
4.616800,59.999510
4.616900,59.999510
4.617000,59.999510
4.617100,59.999510
4.617200,59.999510
4.617300,59.999510
4.617400,59.999510
4.617500,59.999510
4.617600,59.999510
4.617700,59.999510
4.617800,59.999510
4.617900,59.999510
4.618000,59.999510
4.618100,59.999510
4.618200,59.999510
4.618300,59.999510
4.618400,59.999510
4.618500,59.999510
4.618600,59.999510
4.618700,59.999510
4.618800,59.999510
4.618900,59.999510
4.619000,59.999510
4.619100,59.999510
4.619200,59.999510
4.619300,59.999510
4.619400,59.999510
4.619500,59.999510
4.619600,59.999510
4.619700,59.999510
4.619800,59.999510
4.619900,59.999534
4.620000,59.999534
4.620100,59.999534
4.620200,59.999534
4.620300,59.999534
4.620400,59.999534
4.620500,59.999534
4.620600,59.999534
4.620700,59.999534
4.620800,59.999534
4.620900,59.999534
4.621000,59.999534
4.621100,59.999534
4.621200,59.999534
4.621300,59.999534
4.621400,59.999534
4.621500,59.999534
4.621600,59.999534
4.621700,59.999534
4.621800,59.999534
4.621900,59.999534
4.622000,59.999534
4.622100,59.999534
4.622200,59.999534
4.622300,59.999534
4.622400,59.999534
4.622500,59.999534
4.622600,59.999534
4.622700,59.999534
4.622800,59.999534
4.622900,59.999534
4.623000,59.999534
4.623100,59.999534
4.623200,59.999534
4.623300,59.999534
4.623400,59.999534
4.623500,59.999534
4.623600,59.999534
4.623700,59.999534
4.623800,59.999534
4.623900,59.999534
4.624000,59.999534
4.624100,59.999534
4.624200,59.999534
4.624300,59.999534
4.624400,59.999534
4.624500,59.999534
4.624600,59.999534
4.624700,59.999534
4.624800,59.999534
4.624900,59.999557
4.625000,59.999557
4.625100,59.999557
4.625200,59.999557
4.625300,59.999557
4.625400,59.999557
4.625500,59.999557
4.625600,59.999557
4.625700,59.999557
4.625800,59.999557
4.625900,59.999557
4.626000,59.999557
4.626100,59.999557
4.626200,59.999557
4.626300,59.999557
4.626400,59.999557
4.626500,59.999557
4.626600,59.999557
4.626700,59.999557
4.626800,59.999557
4.626900,59.999557
4.627000,59.999557
4.627100,59.999557
4.627200,59.999557
4.627300,59.999557
4.627400,59.999557
4.627500,59.999557
4.627600,59.999557
4.627700,59.999557
4.627800,59.999557
4.627900,59.999557
4.628000,59.999557
4.628100,59.999557
4.628200,59.999557
4.628300,59.999557
4.628400,59.999557
4.628500,59.999557
4.628600,59.999557
4.628700,59.999557
4.628800,59.999557
4.628900,59.999557
4.629000,59.999557
4.629100,59.999557
4.629200,59.999557
4.629300,59.999557
4.629400,59.999557
4.629500,59.999557
4.629600,59.999557
4.629700,59.999557
4.629800,59.999557
4.629900,59.999581
4.630000,59.999581
4.630100,59.999581
4.630200,59.999581
4.630300,59.999581
4.630400,59.999581
4.630500,59.999581
4.630600,59.999581
4.630700,59.999581
4.630800,59.999581
4.630900,59.999581
4.631000,59.999581
4.631100,59.999581
4.631200,59.999581
4.631300,59.999581
4.631400,59.999581
4.631500,59.999581
4.631600,59.999581
4.631700,59.999581
4.631800,59.999581
4.631900,59.999581
4.632000,59.999581
4.632100,59.999581
4.632200,59.999581
4.632300,59.999581
4.632400,59.999581
4.632500,59.999581
4.632600,59.999581
4.632700,59.999581
4.632800,59.999581
4.632900,59.999581
4.633000,59.999581
4.633100,59.999581
4.633200,59.999581
4.633300,59.999581
4.633400,59.999581
4.633500,59.999581
4.633600,59.999581
4.633700,59.999581
4.633800,59.999581
4.633900,59.999581
4.634000,59.999581
4.634100,59.999581
4.634200,59.999581
4.634300,59.999581
4.634400,59.999581
4.634500,59.999581
4.634600,59.999581
4.634700,59.999581
4.634800,59.999581
4.634900,59.999606
4.635000,59.999606
4.635100,59.999606
4.635200,59.999606
4.635300,59.999606
4.635400,59.999606
4.635500,59.999606
4.635600,59.999606
4.635700,59.999606
4.635800,59.999606
4.635900,59.999606
4.636000,59.999606
4.636100,59.999606
4.636200,59.999606
4.636300,59.999606
4.636400,59.999606
4.636500,59.999606
4.636600,59.999606
4.636700,59.999606
4.636800,59.999606
4.636900,59.999606
4.637000,59.999606
4.637100,59.999606
4.637200,59.999606
4.637300,59.999606
4.637400,59.999606
4.637500,59.999606
4.637600,59.999606
4.637700,59.999606
4.637800,59.999606
4.637900,59.999606
4.638000,59.999606
4.638100,59.999606
4.638200,59.999606
4.638300,59.999606
4.638400,59.999606
4.638500,59.999606
4.638600,59.999606
4.638700,59.999606
4.638800,59.999606
4.638900,59.999606
4.639000,59.999606
4.639100,59.999606
4.639200,59.999606
4.639300,59.999606
4.639400,59.999606
4.639500,59.999606
4.639600,59.999606
4.639700,59.999606
4.639800,59.999606
4.639900,59.999630
4.640000,59.999630
4.640100,59.999630
4.640200,59.999630
4.640300,59.999630
4.640400,59.999630
4.640500,59.999630
4.640600,59.999630
4.640700,59.999630
4.640800,59.999630
4.640900,59.999630
4.641000,59.999630
4.641100,59.999630
4.641200,59.999630
4.641300,59.999630
4.641400,59.999630
4.641500,59.999630
4.641600,59.999630
4.641700,59.999630
4.641800,59.999630
4.641900,59.999630
4.642000,59.999630
4.642100,59.999630
4.642200,59.999630
4.642300,59.999630
4.642400,59.999630
4.642500,59.999630
4.642600,59.999630
4.642700,59.999630
4.642800,59.999630
4.642900,59.999630
4.643000,59.999630
4.643100,59.999630
4.643200,59.999630
4.643300,59.999630
4.643400,59.999630
4.643500,59.999630
4.643600,59.999630
4.643700,59.999630
4.643800,59.999630
4.643900,59.999630
4.644000,59.999630
4.644100,59.999630
4.644200,59.999630
4.644300,59.999630
4.644400,59.999630
4.644500,59.999630
4.644600,59.999630
4.644700,59.999630
4.644800,59.999630
4.644900,59.999655
4.645000,59.999655
4.645100,59.999655
4.645200,59.999655
4.645300,59.999655
4.645400,59.999655
4.645500,59.999655
4.645600,59.999655
4.645700,59.999655
4.645800,59.999655
4.645900,59.999655
4.646000,59.999655
4.646100,59.999655
4.646200,59.999655
4.646300,59.999655
4.646400,59.999655
4.646500,59.999655
4.646600,59.999655
4.646700,59.999655
4.646800,59.999655
4.646900,59.999655
4.647000,59.999655
4.647100,59.999655
4.647200,59.999655
4.647300,59.999655
4.647400,59.999655
4.647500,59.999655
4.647600,59.999655
4.647700,59.999655
4.647800,59.999655
4.647900,59.999655
4.648000,59.999655
4.648100,59.999655
4.648200,59.999655
4.648300,59.999655
4.648400,59.999655
4.648500,59.999655
4.648600,59.999655
4.648700,59.999655
4.648800,59.999655
4.648900,59.999655
4.649000,59.999655
4.649100,59.999655
4.649200,59.999655
4.649300,59.999655
4.649400,59.999655
4.649500,59.999655
4.649600,59.999655
4.649700,59.999655
4.649800,59.999655
4.649900,59.999680
4.650000,59.999680
4.650100,59.999680
4.650200,59.999680
4.650300,59.999680
4.650400,59.999680
4.650500,59.999680
4.650600,59.999680
4.650700,59.999680
4.650800,59.999680
4.650900,59.999680
4.651000,59.999680
4.651100,59.999680
4.651200,59.999680
4.651300,59.999680
4.651400,59.999680
4.651500,59.999680
4.651600,59.999680
4.651700,59.999680
4.651800,59.999680
4.651900,59.999680
4.652000,59.999680
4.652100,59.999680
4.652200,59.999680
4.652300,59.999680
4.652400,59.999680
4.652500,59.999680
4.652600,59.999680
4.652700,59.999680
4.652800,59.999680
4.652900,59.999680
4.653000,59.999680
4.653100,59.999680
4.653200,59.999680
4.653300,59.999680
4.653400,59.999680
4.653500,59.999680
4.653600,59.999680
4.653700,59.999680
4.653800,59.999680
4.653900,59.999680
4.654000,59.999680
4.654100,59.999680
4.654200,59.999680
4.654300,59.999680
4.654400,59.999680
4.654500,59.999680
4.654600,59.999680
4.654700,59.999680
4.654800,59.999680
4.654900,59.999705
4.655000,59.999705
4.655100,59.999705
4.655200,59.999705
4.655300,59.999705
4.655400,59.999705
4.655500,59.999705
4.655600,59.999705
4.655700,59.999705
4.655800,59.999705
4.655900,59.999705
4.656000,59.999705
4.656100,59.999705
4.656200,59.999705
4.656300,59.999705
4.656400,59.999705
4.656500,59.999705
4.656600,59.999705
4.656700,59.999705
4.656800,59.999705
4.656900,59.999705
4.657000,59.999705
4.657100,59.999705
4.657200,59.999705
4.657300,59.999705
4.657400,59.999705
4.657500,59.999705
4.657600,59.999705
4.657700,59.999705
4.657800,59.999705
4.657900,59.999705
4.658000,59.999705
4.658100,59.999705
4.658200,59.999705
4.658300,59.999705
4.658400,59.999705
4.658500,59.999705
4.658600,59.999705
4.658700,59.999705
4.658800,59.999705
4.658900,59.999705
4.659000,59.999705
4.659100,59.999705
4.659200,59.999705
4.659300,59.999705
4.659400,59.999705
4.659500,59.999705
4.659600,59.999705
4.659700,59.999705
4.659800,59.999705
4.659900,59.999730
4.660000,59.999730
4.660100,59.999730
4.660200,59.999730
4.660300,59.999730
4.660400,59.999730
4.660500,59.999730
4.660600,59.999730
4.660700,59.999730
4.660800,59.999730
4.660900,59.999730
4.661000,59.999730
4.661100,59.999730
4.661200,59.999730
4.661300,59.999730
4.661400,59.999730
4.661500,59.999730
4.661600,59.999730
4.661700,59.999730
4.661800,59.999730
4.661900,59.999730
4.662000,59.999730
4.662100,59.999730
4.662200,59.999730
4.662300,59.999730
4.662400,59.999730
4.662500,59.999730
4.662600,59.999730
4.662700,59.999730
4.662800,59.999730
4.662900,59.999730
4.663000,59.999730
4.663100,59.999730
4.663200,59.999730
4.663300,59.999730
4.663400,59.999730
4.663500,59.999730
4.663600,59.999730
4.663700,59.999730
4.663800,59.999730
4.663900,59.999730
4.664000,59.999730
4.664100,59.999730
4.664200,59.999730
4.664300,59.999730
4.664400,59.999730
4.664500,59.999730
4.664600,59.999730
4.664700,59.999730
4.664800,59.999730
4.664900,59.999756
4.665000,59.999756
4.665100,59.999756
4.665200,59.999756
4.665300,59.999756
4.665400,59.999756
4.665500,59.999756
4.665600,59.999756
4.665700,59.999756
4.665800,59.999756
4.665900,59.999756
4.666000,59.999756
4.666100,59.999756
4.666200,59.999756
4.666300,59.999756
4.666400,59.999756
4.666500,59.999756
4.666600,59.999756
4.666700,59.999756
4.666800,59.999756
4.666900,59.999756
4.667000,59.999756
4.667100,59.999756
4.667200,59.999756
4.667300,59.999756
4.667400,59.999756
4.667500,59.999756
4.667600,59.999756
4.667700,59.999756
4.667800,59.999756
4.667900,59.999756
4.668000,59.999756
4.668100,59.999756
4.668200,59.999756
4.668300,59.999756
4.668400,59.999756
4.668500,59.999756
4.668600,59.999756
4.668700,59.999756
4.668800,59.999756
4.668900,59.999756
4.669000,59.999756
4.669100,59.999756
4.669200,59.999756
4.669300,59.999756
4.669400,59.999756
4.669500,59.999756
4.669600,59.999756
4.669700,59.999756
4.669800,59.999756
4.669900,59.999781
4.670000,59.999781
4.670100,59.999781
4.670200,59.999781
4.670300,59.999781
4.670400,59.999781
4.670500,59.999781
4.670600,59.999781
4.670700,59.999781
4.670800,59.999781
4.670900,59.999781
4.671000,59.999781
4.671100,59.999781
4.671200,59.999781
4.671300,59.999781
4.671400,59.999781
4.671500,59.999781
4.671600,59.999781
4.671700,59.999781
4.671800,59.999781
4.671900,59.999781
4.672000,59.999781
4.672100,59.999781
4.672200,59.999781
4.672300,59.999781
4.672400,59.999781
4.672500,59.999781
4.672600,59.999781
4.672700,59.999781
4.672800,59.999781
4.672900,59.999781
4.673000,59.999781
4.673100,59.999781
4.673200,59.999781
4.673300,59.999781
4.673400,59.999781
4.673500,59.999781
4.673600,59.999781
4.673700,59.999781
4.673800,59.999781
4.673900,59.999781
4.674000,59.999781
4.674100,59.999781
4.674200,59.999781
4.674300,59.999781
4.674400,59.999781
4.674500,59.999781
4.674600,59.999781
4.674700,59.999781
4.674800,59.999781
4.674900,59.999807
4.675000,59.999807
4.675100,59.999807
4.675200,59.999807
4.675300,59.999807
4.675400,59.999807
4.675500,59.999807
4.675600,59.999807
4.675700,59.999807
4.675800,59.999807
4.675900,59.999807
4.676000,59.999807
4.676100,59.999807
4.676200,59.999807
4.676300,59.999807
4.676400,59.999807
4.676500,59.999807
4.676600,59.999807
4.676700,59.999807
4.676800,59.999807
4.676900,59.999807
4.677000,59.999807
4.677100,59.999807
4.677200,59.999807
4.677300,59.999807
4.677400,59.999807
4.677500,59.999807
4.677600,59.999807
4.677700,59.999807
4.677800,59.999807
4.677900,59.999807
4.678000,59.999807
4.678100,59.999807
4.678200,59.999807
4.678300,59.999807
4.678400,59.999807
4.678500,59.999807
4.678600,59.999807
4.678700,59.999807
4.678800,59.999807
4.678900,59.999807
4.679000,59.999807
4.679100,59.999807
4.679200,59.999807
4.679300,59.999807
4.679400,59.999807
4.679500,59.999807
4.679600,59.999807
4.679700,59.999807
4.679800,59.999807
4.679900,59.999833
4.680000,59.999833
4.680100,59.999833
4.680200,59.999833
4.680300,59.999833
4.680400,59.999833
4.680500,59.999833
4.680600,59.999833
4.680700,59.999833
4.680800,59.999833
4.680900,59.999833
4.681000,59.999833
4.681100,59.999833
4.681200,59.999833
4.681300,59.999833
4.681400,59.999833
4.681500,59.999833
4.681600,59.999833
4.681700,59.999833
4.681800,59.999833
4.681900,59.999833
4.682000,59.999833
4.682100,59.999833
4.682200,59.999833
4.682300,59.999833
4.682400,59.999833
4.682500,59.999833
4.682600,59.999833
4.682700,59.999833
4.682800,59.999833
4.682900,59.999833
4.683000,59.999833
4.683100,59.999833
4.683200,59.999833
4.683300,59.999833
4.683400,59.999833
4.683500,59.999833
4.683600,59.999833
4.683700,59.999833
4.683800,59.999833
4.683900,59.999833
4.684000,59.999833
4.684100,59.999833
4.684200,59.999833
4.684300,59.999833
4.684400,59.999833
4.684500,59.999833
4.684600,59.999833
4.684700,59.999833
4.684800,59.999833
4.684900,59.999859
4.685000,59.999859
4.685100,59.999859
4.685200,59.999859
4.685300,59.999859
4.685400,59.999859
4.685500,59.999859
4.685600,59.999859
4.685700,59.999859
4.685800,59.999859
4.685900,59.999859
4.686000,59.999859
4.686100,59.999859
4.686200,59.999859
4.686300,59.999859
4.686400,59.999859
4.686500,59.999859
4.686600,59.999859
4.686700,59.999859
4.686800,59.999859
4.686900,59.999859
4.687000,59.999859
4.687100,59.999859
4.687200,59.999859
4.687300,59.999859
4.687400,59.999859
4.687500,59.999859
4.687600,59.999859
4.687700,59.999859
4.687800,59.999859
4.687900,59.999859
4.688000,59.999859
4.688100,59.999859
4.688200,59.999859
4.688300,59.999859
4.688400,59.999859
4.688500,59.999859
4.688600,59.999859
4.688700,59.999859
4.688800,59.999859
4.688900,59.999859
4.689000,59.999859
4.689100,59.999859
4.689200,59.999859
4.689300,59.999859
4.689400,59.999859
4.689500,59.999859
4.689600,59.999859
4.689700,59.999859
4.689800,59.999859
4.689900,59.999884
4.690000,59.999884
4.690100,59.999884
4.690200,59.999884
4.690300,59.999884
4.690400,59.999884
4.690500,59.999884
4.690600,59.999884
4.690700,59.999884
4.690800,59.999884
4.690900,59.999884
4.691000,59.999884
4.691100,59.999884
4.691200,59.999884
4.691300,59.999884
4.691400,59.999884
4.691500,59.999884
4.691600,59.999884
4.691700,59.999884
4.691800,59.999884
4.691900,59.999884
4.692000,59.999884
4.692100,59.999884
4.692200,59.999884
4.692300,59.999884
4.692400,59.999884
4.692500,59.999884
4.692600,59.999884
4.692700,59.999884
4.692800,59.999884
4.692900,59.999884
4.693000,59.999884
4.693100,59.999884
4.693200,59.999884
4.693300,59.999884
4.693400,59.999884
4.693500,59.999884
4.693600,59.999884
4.693700,59.999884
4.693800,59.999884
4.693900,59.999884
4.694000,59.999884
4.694100,59.999884
4.694200,59.999884
4.694300,59.999884
4.694400,59.999884
4.694500,59.999884
4.694600,59.999884
4.694700,59.999884
4.694800,59.999884
4.694900,59.999910
4.695000,59.999910
4.695100,59.999910
4.695200,59.999910
4.695300,59.999910
4.695400,59.999910
4.695500,59.999910
4.695600,59.999910
4.695700,59.999910
4.695800,59.999910
4.695900,59.999910
4.696000,59.999910
4.696100,59.999910
4.696200,59.999910
4.696300,59.999910
4.696400,59.999910
4.696500,59.999910
4.696600,59.999910
4.696700,59.999910
4.696800,59.999910
4.696900,59.999910
4.697000,59.999910
4.697100,59.999910
4.697200,59.999910
4.697300,59.999910
4.697400,59.999910
4.697500,59.999910
4.697600,59.999910
4.697700,59.999910
4.697800,59.999910
4.697900,59.999910
4.698000,59.999910
4.698100,59.999910
4.698200,59.999910
4.698300,59.999910
4.698400,59.999910
4.698500,59.999910
4.698600,59.999910
4.698700,59.999910
4.698800,59.999910
4.698900,59.999910
4.699000,59.999910
4.699100,59.999910
4.699200,59.999910
4.699300,59.999910
4.699400,59.999910
4.699500,59.999910
4.699600,59.999910
4.699700,59.999910
4.699800,59.999910
4.699900,59.999936
4.700000,59.999936
4.700100,59.999936
4.700200,59.999936
4.700300,59.999936
4.700400,59.999936
4.700500,59.999936
4.700600,59.999936
4.700700,59.999936
4.700800,59.999936
4.700900,59.999936
4.701000,59.999936
4.701100,59.999936
4.701200,59.999936
4.701300,59.999936
4.701400,59.999936
4.701500,59.999936
4.701600,59.999936
4.701700,59.999936
4.701800,59.999936
4.701900,59.999936
4.702000,59.999936
4.702100,59.999936
4.702200,59.999936
4.702300,59.999936
4.702400,59.999936
4.702500,59.999936
4.702600,59.999936
4.702700,59.999936
4.702800,59.999936
4.702900,59.999936
4.703000,59.999936
4.703100,59.999936
4.703200,59.999936
4.703300,59.999936
4.703400,59.999936
4.703500,59.999936
4.703600,59.999936
4.703700,59.999936
4.703800,59.999936
4.703900,59.999936
4.704000,59.999936
4.704100,59.999936
4.704200,59.999936
4.704300,59.999936
4.704400,59.999936
4.704500,59.999936
4.704600,59.999936
4.704700,59.999936
4.704800,59.999936
4.704900,59.999961
4.705000,59.999961
4.705100,59.999961
4.705200,59.999961
4.705300,59.999961
4.705400,59.999961
4.705500,59.999961
4.705600,59.999961
4.705700,59.999961
4.705800,59.999961
4.705900,59.999961
4.706000,59.999961
4.706100,59.999961
4.706200,59.999961
4.706300,59.999961
4.706400,59.999961
4.706500,59.999961
4.706600,59.999961
4.706700,59.999961
4.706800,59.999961
4.706900,59.999961
4.707000,59.999961
4.707100,59.999961
4.707200,59.999961
4.707300,59.999961
4.707400,59.999961
4.707500,59.999961
4.707600,59.999961
4.707700,59.999961
4.707800,59.999961
4.707900,59.999961
4.708000,59.999961
4.708100,59.999961
4.708200,59.999961
4.708300,59.999961
4.708400,59.999961
4.708500,59.999961
4.708600,59.999961
4.708700,59.999961
4.708800,59.999961
4.708900,59.999961
4.709000,59.999961
4.709100,59.999961
4.709200,59.999961
4.709300,59.999961
4.709400,59.999961
4.709500,59.999961
4.709600,59.999961
4.709700,59.999961
4.709800,59.999961
4.709900,59.999987
4.710000,59.999987
4.710100,59.999987
4.710200,59.999987
4.710300,59.999987
4.710400,59.999987
4.710500,59.999987
4.710600,59.999987
4.710700,59.999987
4.710800,59.999987
4.710900,59.999987
4.711000,59.999987
4.711100,59.999987
4.711200,59.999987
4.711300,59.999987
4.711400,59.999987
4.711500,59.999987
4.711600,59.999987
4.711700,59.999987
4.711800,59.999987
4.711900,59.999987
4.712000,59.999987
4.712100,59.999987
4.712200,59.999987
4.712300,59.999987
4.712400,59.999987
4.712500,59.999987
4.712600,59.999987
4.712700,59.999987
4.712800,59.999987
4.712900,59.999987
4.713000,59.999987
4.713100,59.999987
4.713200,59.999987
4.713300,59.999987
4.713400,59.999987
4.713500,59.999987
4.713600,59.999987
4.713700,59.999987
4.713800,59.999987
4.713900,59.999987
4.714000,59.999987
4.714100,59.999987
4.714200,59.999987
4.714300,59.999987
4.714400,59.999987
4.714500,59.999987
4.714600,59.999987
4.714700,59.999987
4.714800,59.999987
4.714900,60.000012
4.715000,60.000012
4.715100,60.000012
4.715200,60.000012
4.715300,60.000012
4.715400,60.000012
4.715500,60.000012
4.715600,60.000012
4.715700,60.000012
4.715800,60.000012
4.715900,60.000012
4.716000,60.000012
4.716100,60.000012
4.716200,60.000012
4.716300,60.000012
4.716400,60.000012
4.716500,60.000012
4.716600,60.000012
4.716700,60.000012
4.716800,60.000012
4.716900,60.000012
4.717000,60.000012
4.717100,60.000012
4.717200,60.000012
4.717300,60.000012
4.717400,60.000012
4.717500,60.000012
4.717600,60.000012
4.717700,60.000012
4.717800,60.000012
4.717900,60.000012
4.718000,60.000012
4.718100,60.000012
4.718200,60.000012
4.718300,60.000012
4.718400,60.000012
4.718500,60.000012
4.718600,60.000012
4.718700,60.000012
4.718800,60.000012
4.718900,60.000012
4.719000,60.000012
4.719100,60.000012
4.719200,60.000012
4.719300,60.000012
4.719400,60.000012
4.719500,60.000012
4.719600,60.000012
4.719700,60.000012
4.719800,60.000012
4.719900,60.000038
4.720000,60.000038
4.720100,60.000038
4.720200,60.000038
4.720300,60.000038
4.720400,60.000038
4.720500,60.000038
4.720600,60.000038
4.720700,60.000038
4.720800,60.000038
4.720900,60.000038
4.721000,60.000038
4.721100,60.000038
4.721200,60.000038
4.721300,60.000038
4.721400,60.000038
4.721500,60.000038
4.721600,60.000038
4.721700,60.000038
4.721800,60.000038
4.721900,60.000038
4.722000,60.000038
4.722100,60.000038
4.722200,60.000038
4.722300,60.000038
4.722400,60.000038
4.722500,60.000038
4.722600,60.000038
4.722700,60.000038
4.722800,60.000038
4.722900,60.000038
4.723000,60.000038
4.723100,60.000038
4.723200,60.000038
4.723300,60.000038
4.723400,60.000038
4.723500,60.000038
4.723600,60.000038
4.723700,60.000038
4.723800,60.000038
4.723900,60.000038
4.724000,60.000038
4.724100,60.000038
4.724200,60.000038
4.724300,60.000038
4.724400,60.000038
4.724500,60.000038
4.724600,60.000038
4.724700,60.000038
4.724800,60.000038
4.724900,60.000063
4.725000,60.000063
4.725100,60.000063
4.725200,60.000063
4.725300,60.000063
4.725400,60.000063
4.725500,60.000063
4.725600,60.000063
4.725700,60.000063
4.725800,60.000063
4.725900,60.000063
4.726000,60.000063
4.726100,60.000063
4.726200,60.000063
4.726300,60.000063
4.726400,60.000063
4.726500,60.000063
4.726600,60.000063
4.726700,60.000063
4.726800,60.000063
4.726900,60.000063
4.727000,60.000063
4.727100,60.000063
4.727200,60.000063
4.727300,60.000063
4.727400,60.000063
4.727500,60.000063
4.727600,60.000063
4.727700,60.000063
4.727800,60.000063
4.727900,60.000063
4.728000,60.000063
4.728100,60.000063
4.728200,60.000063
4.728300,60.000063
4.728400,60.000063
4.728500,60.000063
4.728600,60.000063
4.728700,60.000063
4.728800,60.000063
4.728900,60.000063
4.729000,60.000063
4.729100,60.000063
4.729200,60.000063
4.729300,60.000063
4.729400,60.000063
4.729500,60.000063
4.729600,60.000063
4.729700,60.000063
4.729800,60.000063
4.729900,60.000088
4.730000,60.000088
4.730100,60.000088
4.730200,60.000088
4.730300,60.000088
4.730400,60.000088
4.730500,60.000088
4.730600,60.000088
4.730700,60.000088
4.730800,60.000088
4.730900,60.000088
4.731000,60.000088
4.731100,60.000088
4.731200,60.000088
4.731300,60.000088
4.731400,60.000088
4.731500,60.000088
4.731600,60.000088
4.731700,60.000088
4.731800,60.000088
4.731900,60.000088
4.732000,60.000088
4.732100,60.000088
4.732200,60.000088
4.732300,60.000088
4.732400,60.000088
4.732500,60.000088
4.732600,60.000088
4.732700,60.000088
4.732800,60.000088
4.732900,60.000088
4.733000,60.000088
4.733100,60.000088
4.733200,60.000088
4.733300,60.000088
4.733400,60.000088
4.733500,60.000088
4.733600,60.000088
4.733700,60.000088
4.733800,60.000088
4.733900,60.000088
4.734000,60.000088
4.734100,60.000088
4.734200,60.000088
4.734300,60.000088
4.734400,60.000088
4.734500,60.000088
4.734600,60.000088
4.734700,60.000088
4.734800,60.000088
4.734900,60.000112
4.735000,60.000112
4.735100,60.000112
4.735200,60.000112
4.735300,60.000112
4.735400,60.000112
4.735500,60.000112
4.735600,60.000112
4.735700,60.000112
4.735800,60.000112
4.735900,60.000112
4.736000,60.000112
4.736100,60.000112
4.736200,60.000112
4.736300,60.000112
4.736400,60.000112
4.736500,60.000112
4.736600,60.000112
4.736700,60.000112
4.736800,60.000112
4.736900,60.000112
4.737000,60.000112
4.737100,60.000112
4.737200,60.000112
4.737300,60.000112
4.737400,60.000112
4.737500,60.000112
4.737600,60.000112
4.737700,60.000112
4.737800,60.000112
4.737900,60.000112
4.738000,60.000112
4.738100,60.000112
4.738200,60.000112
4.738300,60.000112
4.738400,60.000112
4.738500,60.000112
4.738600,60.000112
4.738700,60.000112
4.738800,60.000112
4.738900,60.000112
4.739000,60.000112
4.739100,60.000112
4.739200,60.000112
4.739300,60.000112
4.739400,60.000112
4.739500,60.000112
4.739600,60.000112
4.739700,60.000112
4.739800,60.000112
4.739900,60.000137
4.740000,60.000137
4.740100,60.000137
4.740200,60.000137
4.740300,60.000137
4.740400,60.000137
4.740500,60.000137
4.740600,60.000137
4.740700,60.000137
4.740800,60.000137
4.740900,60.000137
4.741000,60.000137
4.741100,60.000137
4.741200,60.000137
4.741300,60.000137
4.741400,60.000137
4.741500,60.000137
4.741600,60.000137
4.741700,60.000137
4.741800,60.000137
4.741900,60.000137
4.742000,60.000137
4.742100,60.000137
4.742200,60.000137
4.742300,60.000137
4.742400,60.000137
4.742500,60.000137
4.742600,60.000137
4.742700,60.000137
4.742800,60.000137
4.742900,60.000137
4.743000,60.000137
4.743100,60.000137
4.743200,60.000137
4.743300,60.000137
4.743400,60.000137
4.743500,60.000137
4.743600,60.000137
4.743700,60.000137
4.743800,60.000137
4.743900,60.000137
4.744000,60.000137
4.744100,60.000137
4.744200,60.000137
4.744300,60.000137
4.744400,60.000137
4.744500,60.000137
4.744600,60.000137
4.744700,60.000137
4.744800,60.000137
4.744900,60.000161
4.745000,60.000161
4.745100,60.000161
4.745200,60.000161
4.745300,60.000161
4.745400,60.000161
4.745500,60.000161
4.745600,60.000161
4.745700,60.000161
4.745800,60.000161
4.745900,60.000161
4.746000,60.000161
4.746100,60.000161
4.746200,60.000161
4.746300,60.000161
4.746400,60.000161
4.746500,60.000161
4.746600,60.000161
4.746700,60.000161
4.746800,60.000161
4.746900,60.000161
4.747000,60.000161
4.747100,60.000161
4.747200,60.000161
4.747300,60.000161
4.747400,60.000161
4.747500,60.000161
4.747600,60.000161
4.747700,60.000161
4.747800,60.000161
4.747900,60.000161
4.748000,60.000161
4.748100,60.000161
4.748200,60.000161
4.748300,60.000161
4.748400,60.000161
4.748500,60.000161
4.748600,60.000161
4.748700,60.000161
4.748800,60.000161
4.748900,60.000161
4.749000,60.000161
4.749100,60.000161
4.749200,60.000161
4.749300,60.000161
4.749400,60.000161
4.749500,60.000161
4.749600,60.000161
4.749700,60.000161
4.749800,60.000161
4.749900,60.000185
4.750000,60.000185
4.750100,60.000185
4.750200,60.000185
4.750300,60.000185
4.750400,60.000185
4.750500,60.000185
4.750600,60.000185
4.750700,60.000185
4.750800,60.000185
4.750900,60.000185
4.751000,60.000185
4.751100,60.000185
4.751200,60.000185
4.751300,60.000185
4.751400,60.000185
4.751500,60.000185
4.751600,60.000185
4.751700,60.000185
4.751800,60.000185
4.751900,60.000185
4.752000,60.000185
4.752100,60.000185
4.752200,60.000185
4.752300,60.000185
4.752400,60.000185
4.752500,60.000185
4.752600,60.000185
4.752700,60.000185
4.752800,60.000185
4.752900,60.000185
4.753000,60.000185
4.753100,60.000185
4.753200,60.000185
4.753300,60.000185
4.753400,60.000185
4.753500,60.000185
4.753600,60.000185
4.753700,60.000185
4.753800,60.000185
4.753900,60.000185
4.754000,60.000185
4.754100,60.000185
4.754200,60.000185
4.754300,60.000185
4.754400,60.000185
4.754500,60.000185
4.754600,60.000185
4.754700,60.000185
4.754800,60.000185
4.754900,60.000209
4.755000,60.000209
4.755100,60.000209
4.755200,60.000209
4.755300,60.000209
4.755400,60.000209
4.755500,60.000209
4.755600,60.000209
4.755700,60.000209
4.755800,60.000209
4.755900,60.000209
4.756000,60.000209
4.756100,60.000209
4.756200,60.000209
4.756300,60.000209
4.756400,60.000209
4.756500,60.000209
4.756600,60.000209
4.756700,60.000209
4.756800,60.000209
4.756900,60.000209
4.757000,60.000209
4.757100,60.000209
4.757200,60.000209
4.757300,60.000209
4.757400,60.000209
4.757500,60.000209
4.757600,60.000209
4.757700,60.000209
4.757800,60.000209
4.757900,60.000209
4.758000,60.000209
4.758100,60.000209
4.758200,60.000209
4.758300,60.000209
4.758400,60.000209
4.758500,60.000209
4.758600,60.000209
4.758700,60.000209
4.758800,60.000209
4.758900,60.000209
4.759000,60.000209
4.759100,60.000209
4.759200,60.000209
4.759300,60.000209
4.759400,60.000209
4.759500,60.000209
4.759600,60.000209
4.759700,60.000209
4.759800,60.000209
4.759900,60.000232
4.760000,60.000232
4.760100,60.000232
4.760200,60.000232
4.760300,60.000232
4.760400,60.000232
4.760500,60.000232
4.760600,60.000232
4.760700,60.000232
4.760800,60.000232
4.760900,60.000232
4.761000,60.000232
4.761100,60.000232
4.761200,60.000232
4.761300,60.000232
4.761400,60.000232
4.761500,60.000232
4.761600,60.000232
4.761700,60.000232
4.761800,60.000232
4.761900,60.000232
4.762000,60.000232
4.762100,60.000232
4.762200,60.000232
4.762300,60.000232
4.762400,60.000232
4.762500,60.000232
4.762600,60.000232
4.762700,60.000232
4.762800,60.000232
4.762900,60.000232
4.763000,60.000232
4.763100,60.000232
4.763200,60.000232
4.763300,60.000232
4.763400,60.000232
4.763500,60.000232
4.763600,60.000232
4.763700,60.000232
4.763800,60.000232
4.763900,60.000232
4.764000,60.000232
4.764100,60.000232
4.764200,60.000232
4.764300,60.000232
4.764400,60.000232
4.764500,60.000232
4.764600,60.000232
4.764700,60.000232
4.764800,60.000232
4.764900,60.000255
4.765000,60.000255
4.765100,60.000255
4.765200,60.000255
4.765300,60.000255
4.765400,60.000255
4.765500,60.000255
4.765600,60.000255
4.765700,60.000255
4.765800,60.000255
4.765900,60.000255
4.766000,60.000255
4.766100,60.000255
4.766200,60.000255
4.766300,60.000255
4.766400,60.000255
4.766500,60.000255
4.766600,60.000255
4.766700,60.000255
4.766800,60.000255
4.766900,60.000255
4.767000,60.000255
4.767100,60.000255
4.767200,60.000255
4.767300,60.000255
4.767400,60.000255
4.767500,60.000255
4.767600,60.000255
4.767700,60.000255
4.767800,60.000255
4.767900,60.000255
4.768000,60.000255
4.768100,60.000255
4.768200,60.000255
4.768300,60.000255
4.768400,60.000255
4.768500,60.000255
4.768600,60.000255
4.768700,60.000255
4.768800,60.000255
4.768900,60.000255
4.769000,60.000255
4.769100,60.000255
4.769200,60.000255
4.769300,60.000255
4.769400,60.000255
4.769500,60.000255
4.769600,60.000255
4.769700,60.000255
4.769800,60.000255
4.769900,60.000277
4.770000,60.000277
4.770100,60.000277
4.770200,60.000277
4.770300,60.000277
4.770400,60.000277
4.770500,60.000277
4.770600,60.000277
4.770700,60.000277
4.770800,60.000277
4.770900,60.000277
4.771000,60.000277
4.771100,60.000277
4.771200,60.000277
4.771300,60.000277
4.771400,60.000277
4.771500,60.000277
4.771600,60.000277
4.771700,60.000277
4.771800,60.000277
4.771900,60.000277
4.772000,60.000277
4.772100,60.000277
4.772200,60.000277
4.772300,60.000277
4.772400,60.000277
4.772500,60.000277
4.772600,60.000277
4.772700,60.000277
4.772800,60.000277
4.772900,60.000277
4.773000,60.000277
4.773100,60.000277
4.773200,60.000277
4.773300,60.000277
4.773400,60.000277
4.773500,60.000277
4.773600,60.000277
4.773700,60.000277
4.773800,60.000277
4.773900,60.000277
4.774000,60.000277
4.774100,60.000277
4.774200,60.000277
4.774300,60.000277
4.774400,60.000277
4.774500,60.000277
4.774600,60.000277
4.774700,60.000277
4.774800,60.000277
4.774900,60.000300
4.775000,60.000300
4.775100,60.000300
4.775200,60.000300
4.775300,60.000300
4.775400,60.000300
4.775500,60.000300
4.775600,60.000300
4.775700,60.000300
4.775800,60.000300
4.775900,60.000300
4.776000,60.000300
4.776100,60.000300
4.776200,60.000300
4.776300,60.000300
4.776400,60.000300
4.776500,60.000300
4.776600,60.000300
4.776700,60.000300
4.776800,60.000300
4.776900,60.000300
4.777000,60.000300
4.777100,60.000300
4.777200,60.000300
4.777300,60.000300
4.777400,60.000300
4.777500,60.000300
4.777600,60.000300
4.777700,60.000300
4.777800,60.000300
4.777900,60.000300
4.778000,60.000300
4.778100,60.000300
4.778200,60.000300
4.778300,60.000300
4.778400,60.000300
4.778500,60.000300
4.778600,60.000300
4.778700,60.000300
4.778800,60.000300
4.778900,60.000300
4.779000,60.000300
4.779100,60.000300
4.779200,60.000300
4.779300,60.000300
4.779400,60.000300
4.779500,60.000300
4.779600,60.000300
4.779700,60.000300
4.779800,60.000300
4.779900,60.000321
4.780000,60.000321
4.780100,60.000321
4.780200,60.000321
4.780300,60.000321
4.780400,60.000321
4.780500,60.000321
4.780600,60.000321
4.780700,60.000321
4.780800,60.000321
4.780900,60.000321
4.781000,60.000321
4.781100,60.000321
4.781200,60.000321
4.781300,60.000321
4.781400,60.000321
4.781500,60.000321
4.781600,60.000321
4.781700,60.000321
4.781800,60.000321
4.781900,60.000321
4.782000,60.000321
4.782100,60.000321
4.782200,60.000321
4.782300,60.000321
4.782400,60.000321
4.782500,60.000321
4.782600,60.000321
4.782700,60.000321
4.782800,60.000321
4.782900,60.000321
4.783000,60.000321
4.783100,60.000321
4.783200,60.000321
4.783300,60.000321
4.783400,60.000321
4.783500,60.000321
4.783600,60.000321
4.783700,60.000321
4.783800,60.000321
4.783900,60.000321
4.784000,60.000321
4.784100,60.000321
4.784200,60.000321
4.784300,60.000321
4.784400,60.000321
4.784500,60.000321
4.784600,60.000321
4.784700,60.000321
4.784800,60.000321
4.784900,60.000343
4.785000,60.000343
4.785100,60.000343
4.785200,60.000343
4.785300,60.000343
4.785400,60.000343
4.785500,60.000343
4.785600,60.000343
4.785700,60.000343
4.785800,60.000343
4.785900,60.000343
4.786000,60.000343
4.786100,60.000343
4.786200,60.000343
4.786300,60.000343
4.786400,60.000343
4.786500,60.000343
4.786600,60.000343
4.786700,60.000343
4.786800,60.000343
4.786900,60.000343
4.787000,60.000343
4.787100,60.000343
4.787200,60.000343
4.787300,60.000343
4.787400,60.000343
4.787500,60.000343
4.787600,60.000343
4.787700,60.000343
4.787800,60.000343
4.787900,60.000343
4.788000,60.000343
4.788100,60.000343
4.788200,60.000343
4.788300,60.000343
4.788400,60.000343
4.788500,60.000343
4.788600,60.000343
4.788700,60.000343
4.788800,60.000343
4.788900,60.000343
4.789000,60.000343
4.789100,60.000343
4.789200,60.000343
4.789300,60.000343
4.789400,60.000343
4.789500,60.000343
4.789600,60.000343
4.789700,60.000343
4.789800,60.000343
4.789900,60.000364
4.790000,60.000364
4.790100,60.000364
4.790200,60.000364
4.790300,60.000364
4.790400,60.000364
4.790500,60.000364
4.790600,60.000364
4.790700,60.000364
4.790800,60.000364
4.790900,60.000364
4.791000,60.000364
4.791100,60.000364
4.791200,60.000364
4.791300,60.000364
4.791400,60.000364
4.791500,60.000364
4.791600,60.000364
4.791700,60.000364
4.791800,60.000364
4.791900,60.000364
4.792000,60.000364
4.792100,60.000364
4.792200,60.000364
4.792300,60.000364
4.792400,60.000364
4.792500,60.000364
4.792600,60.000364
4.792700,60.000364
4.792800,60.000364
4.792900,60.000364
4.793000,60.000364
4.793100,60.000364
4.793200,60.000364
4.793300,60.000364
4.793400,60.000364
4.793500,60.000364
4.793600,60.000364
4.793700,60.000364
4.793800,60.000364
4.793900,60.000364
4.794000,60.000364
4.794100,60.000364
4.794200,60.000364
4.794300,60.000364
4.794400,60.000364
4.794500,60.000364
4.794600,60.000364
4.794700,60.000364
4.794800,60.000364
4.794900,60.000384
4.795000,60.000384
4.795100,60.000384
4.795200,60.000384
4.795300,60.000384
4.795400,60.000384
4.795500,60.000384
4.795600,60.000384
4.795700,60.000384
4.795800,60.000384
4.795900,60.000384
4.796000,60.000384
4.796100,60.000384
4.796200,60.000384
4.796300,60.000384
4.796400,60.000384
4.796500,60.000384
4.796600,60.000384
4.796700,60.000384
4.796800,60.000384
4.796900,60.000384
4.797000,60.000384
4.797100,60.000384
4.797200,60.000384
4.797300,60.000384
4.797400,60.000384
4.797500,60.000384
4.797600,60.000384
4.797700,60.000384
4.797800,60.000384
4.797900,60.000384
4.798000,60.000384
4.798100,60.000384
4.798200,60.000384
4.798300,60.000384
4.798400,60.000384
4.798500,60.000384
4.798600,60.000384
4.798700,60.000384
4.798800,60.000384
4.798900,60.000384
4.799000,60.000384
4.799100,60.000384
4.799200,60.000384
4.799300,60.000384
4.799400,60.000384
4.799500,60.000384
4.799600,60.000384
4.799700,60.000384
4.799800,60.000384
4.799900,60.000404
4.800000,60.000404
4.800100,60.000404
4.800200,60.000404
4.800300,60.000404
4.800400,60.000404
4.800500,60.000404
4.800600,60.000404
4.800700,60.000404
4.800800,60.000404
4.800900,60.000404
4.801000,60.000404
4.801100,60.000404
4.801200,60.000404
4.801300,60.000404
4.801400,60.000404
4.801500,60.000404
4.801600,60.000404
4.801700,60.000404
4.801800,60.000404
4.801900,60.000404
4.802000,60.000404
4.802100,60.000404
4.802200,60.000404
4.802300,60.000404
4.802400,60.000404
4.802500,60.000404
4.802600,60.000404
4.802700,60.000404
4.802800,60.000404
4.802900,60.000404
4.803000,60.000404
4.803100,60.000404
4.803200,60.000404
4.803300,60.000404
4.803400,60.000404
4.803500,60.000404
4.803600,60.000404
4.803700,60.000404
4.803800,60.000404
4.803900,60.000404
4.804000,60.000404
4.804100,60.000404
4.804200,60.000404
4.804300,60.000404
4.804400,60.000404
4.804500,60.000404
4.804600,60.000404
4.804700,60.000404
4.804800,60.000404
4.804900,60.000423
4.805000,60.000423
4.805100,60.000423
4.805200,60.000423
4.805300,60.000423
4.805400,60.000423
4.805500,60.000423
4.805600,60.000423
4.805700,60.000423
4.805800,60.000423
4.805900,60.000423
4.806000,60.000423
4.806100,60.000423
4.806200,60.000423
4.806300,60.000423
4.806400,60.000423
4.806500,60.000423
4.806600,60.000423
4.806700,60.000423
4.806800,60.000423
4.806900,60.000423
4.807000,60.000423
4.807100,60.000423
4.807200,60.000423
4.807300,60.000423
4.807400,60.000423
4.807500,60.000423
4.807600,60.000423
4.807700,60.000423
4.807800,60.000423
4.807900,60.000423
4.808000,60.000423
4.808100,60.000423
4.808200,60.000423
4.808300,60.000423
4.808400,60.000423
4.808500,60.000423
4.808600,60.000423
4.808700,60.000423
4.808800,60.000423
4.808900,60.000423
4.809000,60.000423
4.809100,60.000423
4.809200,60.000423
4.809300,60.000423
4.809400,60.000423
4.809500,60.000423
4.809600,60.000423
4.809700,60.000423
4.809800,60.000423
4.809900,60.000442
4.810000,60.000442
4.810100,60.000442
4.810200,60.000442
4.810300,60.000442
4.810400,60.000442
4.810500,60.000442
4.810600,60.000442
4.810700,60.000442
4.810800,60.000442
4.810900,60.000442
4.811000,60.000442
4.811100,60.000442
4.811200,60.000442
4.811300,60.000442
4.811400,60.000442
4.811500,60.000442
4.811600,60.000442
4.811700,60.000442
4.811800,60.000442
4.811900,60.000442
4.812000,60.000442
4.812100,60.000442
4.812200,60.000442
4.812300,60.000442
4.812400,60.000442
4.812500,60.000442
4.812600,60.000442
4.812700,60.000442
4.812800,60.000442
4.812900,60.000442
4.813000,60.000442
4.813100,60.000442
4.813200,60.000442
4.813300,60.000442
4.813400,60.000442
4.813500,60.000442
4.813600,60.000442
4.813700,60.000442
4.813800,60.000442
4.813900,60.000442
4.814000,60.000442
4.814100,60.000442
4.814200,60.000442
4.814300,60.000442
4.814400,60.000442
4.814500,60.000442
4.814600,60.000442
4.814700,60.000442
4.814800,60.000442
4.814900,60.000461
4.815000,60.000461
4.815100,60.000461
4.815200,60.000461
4.815300,60.000461
4.815400,60.000461
4.815500,60.000461
4.815600,60.000461
4.815700,60.000461
4.815800,60.000461
4.815900,60.000461
4.816000,60.000461
4.816100,60.000461
4.816200,60.000461
4.816300,60.000461
4.816400,60.000461
4.816500,60.000461
4.816600,60.000461
4.816700,60.000461
4.816800,60.000461
4.816900,60.000461
4.817000,60.000461
4.817100,60.000461
4.817200,60.000461
4.817300,60.000461
4.817400,60.000461
4.817500,60.000461
4.817600,60.000461
4.817700,60.000461
4.817800,60.000461
4.817900,60.000461
4.818000,60.000461
4.818100,60.000461
4.818200,60.000461
4.818300,60.000461
4.818400,60.000461
4.818500,60.000461
4.818600,60.000461
4.818700,60.000461
4.818800,60.000461
4.818900,60.000461
4.819000,60.000461
4.819100,60.000461
4.819200,60.000461
4.819300,60.000461
4.819400,60.000461
4.819500,60.000461
4.819600,60.000461
4.819700,60.000461
4.819800,60.000461
4.819900,60.000479
4.820000,60.000479
4.820100,60.000479
4.820200,60.000479
4.820300,60.000479
4.820400,60.000479
4.820500,60.000479
4.820600,60.000479
4.820700,60.000479
4.820800,60.000479
4.820900,60.000479
4.821000,60.000479
4.821100,60.000479
4.821200,60.000479
4.821300,60.000479
4.821400,60.000479
4.821500,60.000479
4.821600,60.000479
4.821700,60.000479
4.821800,60.000479
4.821900,60.000479
4.822000,60.000479
4.822100,60.000479
4.822200,60.000479
4.822300,60.000479
4.822400,60.000479
4.822500,60.000479
4.822600,60.000479
4.822700,60.000479
4.822800,60.000479
4.822900,60.000479
4.823000,60.000479
4.823100,60.000479
4.823200,60.000479
4.823300,60.000479
4.823400,60.000479
4.823500,60.000479
4.823600,60.000479
4.823700,60.000479
4.823800,60.000479
4.823900,60.000479
4.824000,60.000479
4.824100,60.000479
4.824200,60.000479
4.824300,60.000479
4.824400,60.000479
4.824500,60.000479
4.824600,60.000479
4.824700,60.000479
4.824800,60.000479
4.824900,60.000496
4.825000,60.000496
4.825100,60.000496
4.825200,60.000496
4.825300,60.000496
4.825400,60.000496
4.825500,60.000496
4.825600,60.000496
4.825700,60.000496
4.825800,60.000496
4.825900,60.000496
4.826000,60.000496
4.826100,60.000496
4.826200,60.000496
4.826300,60.000496
4.826400,60.000496
4.826500,60.000496
4.826600,60.000496
4.826700,60.000496
4.826800,60.000496
4.826900,60.000496
4.827000,60.000496
4.827100,60.000496
4.827200,60.000496
4.827300,60.000496
4.827400,60.000496
4.827500,60.000496
4.827600,60.000496
4.827700,60.000496
4.827800,60.000496
4.827900,60.000496
4.828000,60.000496
4.828100,60.000496
4.828200,60.000496
4.828300,60.000496
4.828400,60.000496
4.828500,60.000496
4.828600,60.000496
4.828700,60.000496
4.828800,60.000496
4.828900,60.000496
4.829000,60.000496
4.829100,60.000496
4.829200,60.000496
4.829300,60.000496
4.829400,60.000496
4.829500,60.000496
4.829600,60.000496
4.829700,60.000496
4.829800,60.000496
4.829900,60.000513
4.830000,60.000513
4.830100,60.000513
4.830200,60.000513
4.830300,60.000513
4.830400,60.000513
4.830500,60.000513
4.830600,60.000513
4.830700,60.000513
4.830800,60.000513
4.830900,60.000513
4.831000,60.000513
4.831100,60.000513
4.831200,60.000513
4.831300,60.000513
4.831400,60.000513
4.831500,60.000513
4.831600,60.000513
4.831700,60.000513
4.831800,60.000513
4.831900,60.000513
4.832000,60.000513
4.832100,60.000513
4.832200,60.000513
4.832300,60.000513
4.832400,60.000513
4.832500,60.000513
4.832600,60.000513
4.832700,60.000513
4.832800,60.000513
4.832900,60.000513
4.833000,60.000513
4.833100,60.000513
4.833200,60.000513
4.833300,60.000513
4.833400,60.000513
4.833500,60.000513
4.833600,60.000513
4.833700,60.000513
4.833800,60.000513
4.833900,60.000513
4.834000,60.000513
4.834100,60.000513
4.834200,60.000513
4.834300,60.000513
4.834400,60.000513
4.834500,60.000513
4.834600,60.000513
4.834700,60.000513
4.834800,60.000513
4.834900,60.000529
4.835000,60.000529
4.835100,60.000529
4.835200,60.000529
4.835300,60.000529
4.835400,60.000529
4.835500,60.000529
4.835600,60.000529
4.835700,60.000529
4.835800,60.000529
4.835900,60.000529
4.836000,60.000529
4.836100,60.000529
4.836200,60.000529
4.836300,60.000529
4.836400,60.000529
4.836500,60.000529
4.836600,60.000529
4.836700,60.000529
4.836800,60.000529
4.836900,60.000529
4.837000,60.000529
4.837100,60.000529
4.837200,60.000529
4.837300,60.000529
4.837400,60.000529
4.837500,60.000529
4.837600,60.000529
4.837700,60.000529
4.837800,60.000529
4.837900,60.000529
4.838000,60.000529
4.838100,60.000529
4.838200,60.000529
4.838300,60.000529
4.838400,60.000529
4.838500,60.000529
4.838600,60.000529
4.838700,60.000529
4.838800,60.000529
4.838900,60.000529
4.839000,60.000529
4.839100,60.000529
4.839200,60.000529
4.839300,60.000529
4.839400,60.000529
4.839500,60.000529
4.839600,60.000529
4.839700,60.000529
4.839800,60.000529
4.839900,60.000544
4.840000,60.000544
4.840100,60.000544
4.840200,60.000544
4.840300,60.000544
4.840400,60.000544
4.840500,60.000544
4.840600,60.000544
4.840700,60.000544
4.840800,60.000544
4.840900,60.000544
4.841000,60.000544
4.841100,60.000544
4.841200,60.000544
4.841300,60.000544
4.841400,60.000544
4.841500,60.000544
4.841600,60.000544
4.841700,60.000544
4.841800,60.000544
4.841900,60.000544
4.842000,60.000544
4.842100,60.000544
4.842200,60.000544
4.842300,60.000544
4.842400,60.000544
4.842500,60.000544
4.842600,60.000544
4.842700,60.000544
4.842800,60.000544
4.842900,60.000544
4.843000,60.000544
4.843100,60.000544
4.843200,60.000544
4.843300,60.000544
4.843400,60.000544
4.843500,60.000544
4.843600,60.000544
4.843700,60.000544
4.843800,60.000544
4.843900,60.000544
4.844000,60.000544
4.844100,60.000544
4.844200,60.000544
4.844300,60.000544
4.844400,60.000544
4.844500,60.000544
4.844600,60.000544
4.844700,60.000544
4.844800,60.000544
4.844900,60.000559
4.845000,60.000559
4.845100,60.000559
4.845200,60.000559
4.845300,60.000559
4.845400,60.000559
4.845500,60.000559
4.845600,60.000559
4.845700,60.000559
4.845800,60.000559
4.845900,60.000559
4.846000,60.000559
4.846100,60.000559
4.846200,60.000559
4.846300,60.000559
4.846400,60.000559
4.846500,60.000559
4.846600,60.000559
4.846700,60.000559
4.846800,60.000559
4.846900,60.000559
4.847000,60.000559
4.847100,60.000559
4.847200,60.000559
4.847300,60.000559
4.847400,60.000559
4.847500,60.000559
4.847600,60.000559
4.847700,60.000559
4.847800,60.000559
4.847900,60.000559
4.848000,60.000559
4.848100,60.000559
4.848200,60.000559
4.848300,60.000559
4.848400,60.000559
4.848500,60.000559
4.848600,60.000559
4.848700,60.000559
4.848800,60.000559
4.848900,60.000559
4.849000,60.000559
4.849100,60.000559
4.849200,60.000559
4.849300,60.000559
4.849400,60.000559
4.849500,60.000559
4.849600,60.000559
4.849700,60.000559
4.849800,60.000559
4.849900,60.000573
4.850000,60.000573
4.850100,60.000573
4.850200,60.000573
4.850300,60.000573
4.850400,60.000573
4.850500,60.000573
4.850600,60.000573
4.850700,60.000573
4.850800,60.000573
4.850900,60.000573
4.851000,60.000573
4.851100,60.000573
4.851200,60.000573
4.851300,60.000573
4.851400,60.000573
4.851500,60.000573
4.851600,60.000573
4.851700,60.000573
4.851800,60.000573
4.851900,60.000573
4.852000,60.000573
4.852100,60.000573
4.852200,60.000573
4.852300,60.000573
4.852400,60.000573
4.852500,60.000573
4.852600,60.000573
4.852700,60.000573
4.852800,60.000573
4.852900,60.000573
4.853000,60.000573
4.853100,60.000573
4.853200,60.000573
4.853300,60.000573
4.853400,60.000573
4.853500,60.000573
4.853600,60.000573
4.853700,60.000573
4.853800,60.000573
4.853900,60.000573
4.854000,60.000573
4.854100,60.000573
4.854200,60.000573
4.854300,60.000573
4.854400,60.000573
4.854500,60.000573
4.854600,60.000573
4.854700,60.000573
4.854800,60.000573
4.854900,60.000587
4.855000,60.000587
4.855100,60.000587
4.855200,60.000587
4.855300,60.000587
4.855400,60.000587
4.855500,60.000587
4.855600,60.000587
4.855700,60.000587
4.855800,60.000587
4.855900,60.000587
4.856000,60.000587
4.856100,60.000587
4.856200,60.000587
4.856300,60.000587
4.856400,60.000587
4.856500,60.000587
4.856600,60.000587
4.856700,60.000587
4.856800,60.000587
4.856900,60.000587
4.857000,60.000587
4.857100,60.000587
4.857200,60.000587
4.857300,60.000587
4.857400,60.000587
4.857500,60.000587
4.857600,60.000587
4.857700,60.000587
4.857800,60.000587
4.857900,60.000587
4.858000,60.000587
4.858100,60.000587
4.858200,60.000587
4.858300,60.000587
4.858400,60.000587
4.858500,60.000587
4.858600,60.000587
4.858700,60.000587
4.858800,60.000587
4.858900,60.000587
4.859000,60.000587
4.859100,60.000587
4.859200,60.000587
4.859300,60.000587
4.859400,60.000587
4.859500,60.000587
4.859600,60.000587
4.859700,60.000587
4.859800,60.000587
4.859900,60.000600
4.860000,60.000600
4.860100,60.000600
4.860200,60.000600
4.860300,60.000600
4.860400,60.000600
4.860500,60.000600
4.860600,60.000600
4.860700,60.000600
4.860800,60.000600
4.860900,60.000600
4.861000,60.000600
4.861100,60.000600
4.861200,60.000600
4.861300,60.000600
4.861400,60.000600
4.861500,60.000600
4.861600,60.000600
4.861700,60.000600
4.861800,60.000600
4.861900,60.000600
4.862000,60.000600
4.862100,60.000600
4.862200,60.000600
4.862300,60.000600
4.862400,60.000600
4.862500,60.000600
4.862600,60.000600
4.862700,60.000600
4.862800,60.000600
4.862900,60.000600
4.863000,60.000600
4.863100,60.000600
4.863200,60.000600
4.863300,60.000600
4.863400,60.000600
4.863500,60.000600
4.863600,60.000600
4.863700,60.000600
4.863800,60.000600
4.863900,60.000600
4.864000,60.000600
4.864100,60.000600
4.864200,60.000600
4.864300,60.000600
4.864400,60.000600
4.864500,60.000600
4.864600,60.000600
4.864700,60.000600
4.864800,60.000600
4.864900,60.000612
4.865000,60.000612
4.865100,60.000612
4.865200,60.000612
4.865300,60.000612
4.865400,60.000612
4.865500,60.000612
4.865600,60.000612
4.865700,60.000612
4.865800,60.000612
4.865900,60.000612
4.866000,60.000612
4.866100,60.000612
4.866200,60.000612
4.866300,60.000612
4.866400,60.000612
4.866500,60.000612
4.866600,60.000612
4.866700,60.000612
4.866800,60.000612
4.866900,60.000612
4.867000,60.000612
4.867100,60.000612
4.867200,60.000612
4.867300,60.000612
4.867400,60.000612
4.867500,60.000612
4.867600,60.000612
4.867700,60.000612
4.867800,60.000612
4.867900,60.000612
4.868000,60.000612
4.868100,60.000612
4.868200,60.000612
4.868300,60.000612
4.868400,60.000612
4.868500,60.000612
4.868600,60.000612
4.868700,60.000612
4.868800,60.000612
4.868900,60.000612
4.869000,60.000612
4.869100,60.000612
4.869200,60.000612
4.869300,60.000612
4.869400,60.000612
4.869500,60.000612
4.869600,60.000612
4.869700,60.000612
4.869800,60.000612
4.869900,60.000623
4.870000,60.000623
4.870100,60.000623
4.870200,60.000623
4.870300,60.000623
4.870400,60.000623
4.870500,60.000623
4.870600,60.000623
4.870700,60.000623
4.870800,60.000623
4.870900,60.000623
4.871000,60.000623
4.871100,60.000623
4.871200,60.000623
4.871300,60.000623
4.871400,60.000623
4.871500,60.000623
4.871600,60.000623
4.871700,60.000623
4.871800,60.000623
4.871900,60.000623
4.872000,60.000623
4.872100,60.000623
4.872200,60.000623
4.872300,60.000623
4.872400,60.000623
4.872500,60.000623
4.872600,60.000623
4.872700,60.000623
4.872800,60.000623
4.872900,60.000623
4.873000,60.000623
4.873100,60.000623
4.873200,60.000623
4.873300,60.000623
4.873400,60.000623
4.873500,60.000623
4.873600,60.000623
4.873700,60.000623
4.873800,60.000623
4.873900,60.000623
4.874000,60.000623
4.874100,60.000623
4.874200,60.000623
4.874300,60.000623
4.874400,60.000623
4.874500,60.000623
4.874600,60.000623
4.874700,60.000623
4.874800,60.000623
4.874900,60.000634
4.875000,60.000634
4.875100,60.000634
4.875200,60.000634
4.875300,60.000634
4.875400,60.000634
4.875500,60.000634
4.875600,60.000634
4.875700,60.000634
4.875800,60.000634
4.875900,60.000634
4.876000,60.000634
4.876100,60.000634
4.876200,60.000634
4.876300,60.000634
4.876400,60.000634
4.876500,60.000634
4.876600,60.000634
4.876700,60.000634
4.876800,60.000634
4.876900,60.000634
4.877000,60.000634
4.877100,60.000634
4.877200,60.000634
4.877300,60.000634
4.877400,60.000634
4.877500,60.000634
4.877600,60.000634
4.877700,60.000634
4.877800,60.000634
4.877900,60.000634
4.878000,60.000634
4.878100,60.000634
4.878200,60.000634
4.878300,60.000634
4.878400,60.000634
4.878500,60.000634
4.878600,60.000634
4.878700,60.000634
4.878800,60.000634
4.878900,60.000634
4.879000,60.000634
4.879100,60.000634
4.879200,60.000634
4.879300,60.000634
4.879400,60.000634
4.879500,60.000634
4.879600,60.000634
4.879700,60.000634
4.879800,60.000634
4.879900,60.000644
4.880000,60.000644
4.880100,60.000644
4.880200,60.000644
4.880300,60.000644
4.880400,60.000644
4.880500,60.000644
4.880600,60.000644
4.880700,60.000644
4.880800,60.000644
4.880900,60.000644
4.881000,60.000644
4.881100,60.000644
4.881200,60.000644
4.881300,60.000644
4.881400,60.000644
4.881500,60.000644
4.881600,60.000644
4.881700,60.000644
4.881800,60.000644
4.881900,60.000644
4.882000,60.000644
4.882100,60.000644
4.882200,60.000644
4.882300,60.000644
4.882400,60.000644
4.882500,60.000644
4.882600,60.000644
4.882700,60.000644
4.882800,60.000644
4.882900,60.000644
4.883000,60.000644
4.883100,60.000644
4.883200,60.000644
4.883300,60.000644
4.883400,60.000644
4.883500,60.000644
4.883600,60.000644
4.883700,60.000644
4.883800,60.000644
4.883900,60.000644
4.884000,60.000644
4.884100,60.000644
4.884200,60.000644
4.884300,60.000644
4.884400,60.000644
4.884500,60.000644
4.884600,60.000644
4.884700,60.000644
4.884800,60.000644
4.884900,60.000653
4.885000,60.000653
4.885100,60.000653
4.885200,60.000653
4.885300,60.000653
4.885400,60.000653
4.885500,60.000653
4.885600,60.000653
4.885700,60.000653
4.885800,60.000653
4.885900,60.000653
4.886000,60.000653
4.886100,60.000653
4.886200,60.000653
4.886300,60.000653
4.886400,60.000653
4.886500,60.000653
4.886600,60.000653
4.886700,60.000653
4.886800,60.000653
4.886900,60.000653
4.887000,60.000653
4.887100,60.000653
4.887200,60.000653
4.887300,60.000653
4.887400,60.000653
4.887500,60.000653
4.887600,60.000653
4.887700,60.000653
4.887800,60.000653
4.887900,60.000653
4.888000,60.000653
4.888100,60.000653
4.888200,60.000653
4.888300,60.000653
4.888400,60.000653
4.888500,60.000653
4.888600,60.000653
4.888700,60.000653
4.888800,60.000653
4.888900,60.000653
4.889000,60.000653
4.889100,60.000653
4.889200,60.000653
4.889300,60.000653
4.889400,60.000653
4.889500,60.000653
4.889600,60.000653
4.889700,60.000653
4.889800,60.000653
4.889900,60.000662
4.890000,60.000662
4.890100,60.000662
4.890200,60.000662
4.890300,60.000662
4.890400,60.000662
4.890500,60.000662
4.890600,60.000662
4.890700,60.000662
4.890800,60.000662
4.890900,60.000662
4.891000,60.000662
4.891100,60.000662
4.891200,60.000662
4.891300,60.000662
4.891400,60.000662
4.891500,60.000662
4.891600,60.000662
4.891700,60.000662
4.891800,60.000662
4.891900,60.000662
4.892000,60.000662
4.892100,60.000662
4.892200,60.000662
4.892300,60.000662
4.892400,60.000662
4.892500,60.000662
4.892600,60.000662
4.892700,60.000662
4.892800,60.000662
4.892900,60.000662
4.893000,60.000662
4.893100,60.000662
4.893200,60.000662
4.893300,60.000662
4.893400,60.000662
4.893500,60.000662
4.893600,60.000662
4.893700,60.000662
4.893800,60.000662
4.893900,60.000662
4.894000,60.000662
4.894100,60.000662
4.894200,60.000662
4.894300,60.000662
4.894400,60.000662
4.894500,60.000662
4.894600,60.000662
4.894700,60.000662
4.894800,60.000662
4.894900,60.000670
4.895000,60.000670
4.895100,60.000670
4.895200,60.000670
4.895300,60.000670
4.895400,60.000670
4.895500,60.000670
4.895600,60.000670
4.895700,60.000670
4.895800,60.000670
4.895900,60.000670
4.896000,60.000670
4.896100,60.000670
4.896200,60.000670
4.896300,60.000670
4.896400,60.000670
4.896500,60.000670
4.896600,60.000670
4.896700,60.000670
4.896800,60.000670
4.896900,60.000670
4.897000,60.000670
4.897100,60.000670
4.897200,60.000670
4.897300,60.000670
4.897400,60.000670
4.897500,60.000670
4.897600,60.000670
4.897700,60.000670
4.897800,60.000670
4.897900,60.000670
4.898000,60.000670
4.898100,60.000670
4.898200,60.000670
4.898300,60.000670
4.898400,60.000670
4.898500,60.000670
4.898600,60.000670
4.898700,60.000670
4.898800,60.000670
4.898900,60.000670
4.899000,60.000670
4.899100,60.000670
4.899200,60.000670
4.899300,60.000670
4.899400,60.000670
4.899500,60.000670
4.899600,60.000670
4.899700,60.000670
4.899800,60.000670
4.899900,60.000677
4.900000,60.000677
4.900100,60.000677
4.900200,60.000677
4.900300,60.000677
4.900400,60.000677
4.900500,60.000677
4.900600,60.000677
4.900700,60.000677
4.900800,60.000677
4.900900,60.000677
4.901000,60.000677
4.901100,60.000677
4.901200,60.000677
4.901300,60.000677
4.901400,60.000677
4.901500,60.000677
4.901600,60.000677
4.901700,60.000677
4.901800,60.000677
4.901900,60.000677
4.902000,60.000677
4.902100,60.000677
4.902200,60.000677
4.902300,60.000677
4.902400,60.000677
4.902500,60.000677
4.902600,60.000677
4.902700,60.000677
4.902800,60.000677
4.902900,60.000677
4.903000,60.000677
4.903100,60.000677
4.903200,60.000677
4.903300,60.000677
4.903400,60.000677
4.903500,60.000677
4.903600,60.000677
4.903700,60.000677
4.903800,60.000677
4.903900,60.000677
4.904000,60.000677
4.904100,60.000677
4.904200,60.000677
4.904300,60.000677
4.904400,60.000677
4.904500,60.000677
4.904600,60.000677
4.904700,60.000677
4.904800,60.000677
4.904900,60.000684
4.905000,60.000684
4.905100,60.000684
4.905200,60.000684
4.905300,60.000684
4.905400,60.000684
4.905500,60.000684
4.905600,60.000684
4.905700,60.000684
4.905800,60.000684
4.905900,60.000684
4.906000,60.000684
4.906100,60.000684
4.906200,60.000684
4.906300,60.000684
4.906400,60.000684
4.906500,60.000684
4.906600,60.000684
4.906700,60.000684
4.906800,60.000684
4.906900,60.000684
4.907000,60.000684
4.907100,60.000684
4.907200,60.000684
4.907300,60.000684
4.907400,60.000684
4.907500,60.000684
4.907600,60.000684
4.907700,60.000684
4.907800,60.000684
4.907900,60.000684
4.908000,60.000684
4.908100,60.000684
4.908200,60.000684
4.908300,60.000684
4.908400,60.000684
4.908500,60.000684
4.908600,60.000684
4.908700,60.000684
4.908800,60.000684
4.908900,60.000684
4.909000,60.000684
4.909100,60.000684
4.909200,60.000684
4.909300,60.000684
4.909400,60.000684
4.909500,60.000684
4.909600,60.000684
4.909700,60.000684
4.909800,60.000684
4.909900,60.000689
4.910000,60.000689
4.910100,60.000689
4.910200,60.000689
4.910300,60.000689
4.910400,60.000689
4.910500,60.000689
4.910600,60.000689
4.910700,60.000689
4.910800,60.000689
4.910900,60.000689
4.911000,60.000689
4.911100,60.000689
4.911200,60.000689
4.911300,60.000689
4.911400,60.000689
4.911500,60.000689
4.911600,60.000689
4.911700,60.000689
4.911800,60.000689
4.911900,60.000689
4.912000,60.000689
4.912100,60.000689
4.912200,60.000689
4.912300,60.000689
4.912400,60.000689
4.912500,60.000689
4.912600,60.000689
4.912700,60.000689
4.912800,60.000689
4.912900,60.000689
4.913000,60.000689
4.913100,60.000689
4.913200,60.000689
4.913300,60.000689
4.913400,60.000689
4.913500,60.000689
4.913600,60.000689
4.913700,60.000689
4.913800,60.000689
4.913900,60.000689
4.914000,60.000689
4.914100,60.000689
4.914200,60.000689
4.914300,60.000689
4.914400,60.000689
4.914500,60.000689
4.914600,60.000689
4.914700,60.000689
4.914800,60.000689
4.914900,60.000694
4.915000,60.000694
4.915100,60.000694
4.915200,60.000694
4.915300,60.000694
4.915400,60.000694
4.915500,60.000694
4.915600,60.000694
4.915700,60.000694
4.915800,60.000694
4.915900,60.000694
4.916000,60.000694
4.916100,60.000694
4.916200,60.000694
4.916300,60.000694
4.916400,60.000694
4.916500,60.000694
4.916600,60.000694
4.916700,60.000694
4.916800,60.000694
4.916900,60.000694
4.917000,60.000694
4.917100,60.000694
4.917200,60.000694
4.917300,60.000694
4.917400,60.000694
4.917500,60.000694
4.917600,60.000694
4.917700,60.000694
4.917800,60.000694
4.917900,60.000694
4.918000,60.000694
4.918100,60.000694
4.918200,60.000694
4.918300,60.000694
4.918400,60.000694
4.918500,60.000694
4.918600,60.000694
4.918700,60.000694
4.918800,60.000694
4.918900,60.000694
4.919000,60.000694
4.919100,60.000694
4.919200,60.000694
4.919300,60.000694
4.919400,60.000694
4.919500,60.000694
4.919600,60.000694
4.919700,60.000694
4.919800,60.000694
4.919900,60.000699
4.920000,60.000699
4.920100,60.000699
4.920200,60.000699
4.920300,60.000699
4.920400,60.000699
4.920500,60.000699
4.920600,60.000699
4.920700,60.000699
4.920800,60.000699
4.920900,60.000699
4.921000,60.000699
4.921100,60.000699
4.921200,60.000699
4.921300,60.000699
4.921400,60.000699
4.921500,60.000699
4.921600,60.000699
4.921700,60.000699
4.921800,60.000699
4.921900,60.000699
4.922000,60.000699
4.922100,60.000699
4.922200,60.000699
4.922300,60.000699
4.922400,60.000699
4.922500,60.000699
4.922600,60.000699
4.922700,60.000699
4.922800,60.000699
4.922900,60.000699
4.923000,60.000699
4.923100,60.000699
4.923200,60.000699
4.923300,60.000699
4.923400,60.000699
4.923500,60.000699
4.923600,60.000699
4.923700,60.000699
4.923800,60.000699
4.923900,60.000699
4.924000,60.000699
4.924100,60.000699
4.924200,60.000699
4.924300,60.000699
4.924400,60.000699
4.924500,60.000699
4.924600,60.000699
4.924700,60.000699
4.924800,60.000699
4.924900,60.000702
4.925000,60.000702
4.925100,60.000702
4.925200,60.000702
4.925300,60.000702
4.925400,60.000702
4.925500,60.000702
4.925600,60.000702
4.925700,60.000702
4.925800,60.000702
4.925900,60.000702
4.926000,60.000702
4.926100,60.000702
4.926200,60.000702
4.926300,60.000702
4.926400,60.000702
4.926500,60.000702
4.926600,60.000702
4.926700,60.000702
4.926800,60.000702
4.926900,60.000702
4.927000,60.000702
4.927100,60.000702
4.927200,60.000702
4.927300,60.000702
4.927400,60.000702
4.927500,60.000702
4.927600,60.000702
4.927700,60.000702
4.927800,60.000702
4.927900,60.000702
4.928000,60.000702
4.928100,60.000702
4.928200,60.000702
4.928300,60.000702
4.928400,60.000702
4.928500,60.000702
4.928600,60.000702
4.928700,60.000702
4.928800,60.000702
4.928900,60.000702
4.929000,60.000702
4.929100,60.000702
4.929200,60.000702
4.929300,60.000702
4.929400,60.000702
4.929500,60.000702
4.929600,60.000702
4.929700,60.000702
4.929800,60.000702
4.929900,60.000705
4.930000,60.000705
4.930100,60.000705
4.930200,60.000705
4.930300,60.000705
4.930400,60.000705
4.930500,60.000705
4.930600,60.000705
4.930700,60.000705
4.930800,60.000705
4.930900,60.000705
4.931000,60.000705
4.931100,60.000705
4.931200,60.000705
4.931300,60.000705
4.931400,60.000705
4.931500,60.000705
4.931600,60.000705
4.931700,60.000705
4.931800,60.000705
4.931900,60.000705
4.932000,60.000705
4.932100,60.000705
4.932200,60.000705
4.932300,60.000705
4.932400,60.000705
4.932500,60.000705
4.932600,60.000705
4.932700,60.000705
4.932800,60.000705
4.932900,60.000705
4.933000,60.000705
4.933100,60.000705
4.933200,60.000705
4.933300,60.000705
4.933400,60.000705
4.933500,60.000705
4.933600,60.000705
4.933700,60.000705
4.933800,60.000705
4.933900,60.000705
4.934000,60.000705
4.934100,60.000705
4.934200,60.000705
4.934300,60.000705
4.934400,60.000705
4.934500,60.000705
4.934600,60.000705
4.934700,60.000705
4.934800,60.000705
4.934900,60.000707
4.935000,60.000707
4.935100,60.000707
4.935200,60.000707
4.935300,60.000707
4.935400,60.000707
4.935500,60.000707
4.935600,60.000707
4.935700,60.000707
4.935800,60.000707
4.935900,60.000707
4.936000,60.000707
4.936100,60.000707
4.936200,60.000707
4.936300,60.000707
4.936400,60.000707
4.936500,60.000707
4.936600,60.000707
4.936700,60.000707
4.936800,60.000707
4.936900,60.000707
4.937000,60.000707
4.937100,60.000707
4.937200,60.000707
4.937300,60.000707
4.937400,60.000707
4.937500,60.000707
4.937600,60.000707
4.937700,60.000707
4.937800,60.000707
4.937900,60.000707
4.938000,60.000707
4.938100,60.000707
4.938200,60.000707
4.938300,60.000707
4.938400,60.000707
4.938500,60.000707
4.938600,60.000707
4.938700,60.000707
4.938800,60.000707
4.938900,60.000707
4.939000,60.000707
4.939100,60.000707
4.939200,60.000707
4.939300,60.000707
4.939400,60.000707
4.939500,60.000707
4.939600,60.000707
4.939700,60.000707
4.939800,60.000707
4.939900,60.000709
4.940000,60.000709
4.940100,60.000709
4.940200,60.000709
4.940300,60.000709
4.940400,60.000709
4.940500,60.000709
4.940600,60.000709
4.940700,60.000709
4.940800,60.000709
4.940900,60.000709
4.941000,60.000709
4.941100,60.000709
4.941200,60.000709
4.941300,60.000709
4.941400,60.000709
4.941500,60.000709
4.941600,60.000709
4.941700,60.000709
4.941800,60.000709
4.941900,60.000709
4.942000,60.000709
4.942100,60.000709
4.942200,60.000709
4.942300,60.000709
4.942400,60.000709
4.942500,60.000709
4.942600,60.000709
4.942700,60.000709
4.942800,60.000709
4.942900,60.000709
4.943000,60.000709
4.943100,60.000709
4.943200,60.000709
4.943300,60.000709
4.943400,60.000709
4.943500,60.000709
4.943600,60.000709
4.943700,60.000709
4.943800,60.000709
4.943900,60.000709
4.944000,60.000709
4.944100,60.000709
4.944200,60.000709
4.944300,60.000709
4.944400,60.000709
4.944500,60.000709
4.944600,60.000709
4.944700,60.000709
4.944800,60.000709
4.944900,60.000709
4.945000,60.000709
4.945100,60.000709
4.945200,60.000709
4.945300,60.000709
4.945400,60.000709
4.945500,60.000709
4.945600,60.000709
4.945700,60.000709
4.945800,60.000709
4.945900,60.000709
4.946000,60.000709
4.946100,60.000709
4.946200,60.000709
4.946300,60.000709
4.946400,60.000709
4.946500,60.000709
4.946600,60.000709
4.946700,60.000709
4.946800,60.000709
4.946900,60.000709
4.947000,60.000709
4.947100,60.000709
4.947200,60.000709
4.947300,60.000709
4.947400,60.000709
4.947500,60.000709
4.947600,60.000709
4.947700,60.000709
4.947800,60.000709
4.947900,60.000709
4.948000,60.000709
4.948100,60.000709
4.948200,60.000709
4.948300,60.000709
4.948400,60.000709
4.948500,60.000709
4.948600,60.000709
4.948700,60.000709
4.948800,60.000709
4.948900,60.000709
4.949000,60.000709
4.949100,60.000709
4.949200,60.000709
4.949300,60.000709
4.949400,60.000709
4.949500,60.000709
4.949600,60.000709
4.949700,60.000709
4.949800,60.000709
4.949900,60.000709
4.950000,60.000709
4.950100,60.000709
4.950200,60.000709
4.950300,60.000709
4.950400,60.000709
4.950500,60.000709
4.950600,60.000709
4.950700,60.000709
4.950800,60.000709
4.950900,60.000709
4.951000,60.000709
4.951100,60.000709
4.951200,60.000709
4.951300,60.000709
4.951400,60.000709
4.951500,60.000709
4.951600,60.000709
4.951700,60.000709
4.951800,60.000709
4.951900,60.000709
4.952000,60.000709
4.952100,60.000709
4.952200,60.000709
4.952300,60.000709
4.952400,60.000709
4.952500,60.000709
4.952600,60.000709
4.952700,60.000709
4.952800,60.000709
4.952900,60.000709
4.953000,60.000709
4.953100,60.000709
4.953200,60.000709
4.953300,60.000709
4.953400,60.000709
4.953500,60.000709
4.953600,60.000709
4.953700,60.000709
4.953800,60.000709
4.953900,60.000709
4.954000,60.000709
4.954100,60.000709
4.954200,60.000709
4.954300,60.000709
4.954400,60.000709
4.954500,60.000709
4.954600,60.000709
4.954700,60.000709
4.954800,60.000709
4.954900,60.000709
4.955000,60.000709
4.955100,60.000709
4.955200,60.000709
4.955300,60.000709
4.955400,60.000709
4.955500,60.000709
4.955600,60.000709
4.955700,60.000709
4.955800,60.000709
4.955900,60.000709
4.956000,60.000709
4.956100,60.000709
4.956200,60.000709
4.956300,60.000709
4.956400,60.000709
4.956500,60.000709
4.956600,60.000709
4.956700,60.000709
4.956800,60.000709
4.956900,60.000709
4.957000,60.000709
4.957100,60.000709
4.957200,60.000709
4.957300,60.000709
4.957400,60.000709
4.957500,60.000709
4.957600,60.000709
4.957700,60.000709
4.957800,60.000709
4.957900,60.000709
4.958000,60.000709
4.958100,60.000709
4.958200,60.000709
4.958300,60.000709
4.958400,60.000709
4.958500,60.000709
4.958600,60.000709
4.958700,60.000709
4.958800,60.000709
4.958900,60.000709
4.959000,60.000709
4.959100,60.000709
4.959200,60.000709
4.959300,60.000709
4.959400,60.000709
4.959500,60.000709
4.959600,60.000709
4.959700,60.000709
4.959800,60.000709
4.959900,60.000708
4.960000,60.000708
4.960100,60.000708
4.960200,60.000708
4.960300,60.000708
4.960400,60.000708
4.960500,60.000708
4.960600,60.000708
4.960700,60.000708
4.960800,60.000708
4.960900,60.000708
4.961000,60.000708
4.961100,60.000708
4.961200,60.000708
4.961300,60.000708
4.961400,60.000708
4.961500,60.000708
4.961600,60.000708
4.961700,60.000708
4.961800,60.000708
4.961900,60.000708
4.962000,60.000708
4.962100,60.000708
4.962200,60.000708
4.962300,60.000708
4.962400,60.000708
4.962500,60.000708
4.962600,60.000708
4.962700,60.000708
4.962800,60.000708
4.962900,60.000708
4.963000,60.000708
4.963100,60.000708
4.963200,60.000708
4.963300,60.000708
4.963400,60.000708
4.963500,60.000708
4.963600,60.000708
4.963700,60.000708
4.963800,60.000708
4.963900,60.000708
4.964000,60.000708
4.964100,60.000708
4.964200,60.000708
4.964300,60.000708
4.964400,60.000708
4.964500,60.000708
4.964600,60.000708
4.964700,60.000708
4.964800,60.000708
4.964900,60.000706
4.965000,60.000706
4.965100,60.000706
4.965200,60.000706
4.965300,60.000706
4.965400,60.000706
4.965500,60.000706
4.965600,60.000706
4.965700,60.000706
4.965800,60.000706
4.965900,60.000706
4.966000,60.000706
4.966100,60.000706
4.966200,60.000706
4.966300,60.000706
4.966400,60.000706
4.966500,60.000706
4.966600,60.000706
4.966700,60.000706
4.966800,60.000706
4.966900,60.000706
4.967000,60.000706
4.967100,60.000706
4.967200,60.000706
4.967300,60.000706
4.967400,60.000706
4.967500,60.000706
4.967600,60.000706
4.967700,60.000706
4.967800,60.000706
4.967900,60.000706
4.968000,60.000706
4.968100,60.000706
4.968200,60.000706
4.968300,60.000706
4.968400,60.000706
4.968500,60.000706
4.968600,60.000706
4.968700,60.000706
4.968800,60.000706
4.968900,60.000706
4.969000,60.000706
4.969100,60.000706
4.969200,60.000706
4.969300,60.000706
4.969400,60.000706
4.969500,60.000706
4.969600,60.000706
4.969700,60.000706
4.969800,60.000706
4.969900,60.000703
4.970000,60.000703
4.970100,60.000703
4.970200,60.000703
4.970300,60.000703
4.970400,60.000703
4.970500,60.000703
4.970600,60.000703
4.970700,60.000703
4.970800,60.000703
4.970900,60.000703
4.971000,60.000703
4.971100,60.000703
4.971200,60.000703
4.971300,60.000703
4.971400,60.000703
4.971500,60.000703
4.971600,60.000703
4.971700,60.000703
4.971800,60.000703
4.971900,60.000703
4.972000,60.000703
4.972100,60.000703
4.972200,60.000703
4.972300,60.000703
4.972400,60.000703
4.972500,60.000703
4.972600,60.000703
4.972700,60.000703
4.972800,60.000703
4.972900,60.000703
4.973000,60.000703
4.973100,60.000703
4.973200,60.000703
4.973300,60.000703
4.973400,60.000703
4.973500,60.000703
4.973600,60.000703
4.973700,60.000703
4.973800,60.000703
4.973900,60.000703
4.974000,60.000703
4.974100,60.000703
4.974200,60.000703
4.974300,60.000703
4.974400,60.000703
4.974500,60.000703
4.974600,60.000703
4.974700,60.000703
4.974800,60.000703
4.974900,60.000700
4.975000,60.000700
4.975100,60.000700
4.975200,60.000700
4.975300,60.000700
4.975400,60.000700
4.975500,60.000700
4.975600,60.000700
4.975700,60.000700
4.975800,60.000700
4.975900,60.000700
4.976000,60.000700
4.976100,60.000700
4.976200,60.000700
4.976300,60.000700
4.976400,60.000700
4.976500,60.000700
4.976600,60.000700
4.976700,60.000700
4.976800,60.000700
4.976900,60.000700
4.977000,60.000700
4.977100,60.000700
4.977200,60.000700
4.977300,60.000700
4.977400,60.000700
4.977500,60.000700
4.977600,60.000700
4.977700,60.000700
4.977800,60.000700
4.977900,60.000700
4.978000,60.000700
4.978100,60.000700
4.978200,60.000700
4.978300,60.000700
4.978400,60.000700
4.978500,60.000700
4.978600,60.000700
4.978700,60.000700
4.978800,60.000700
4.978900,60.000700
4.979000,60.000700
4.979100,60.000700
4.979200,60.000700
4.979300,60.000700
4.979400,60.000700
4.979500,60.000700
4.979600,60.000700
4.979700,60.000700
4.979800,60.000700
4.979900,60.000696
4.980000,60.000696
4.980100,60.000696
4.980200,60.000696
4.980300,60.000696
4.980400,60.000696
4.980500,60.000696
4.980600,60.000696
4.980700,60.000696
4.980800,60.000696
4.980900,60.000696
4.981000,60.000696
4.981100,60.000696
4.981200,60.000696
4.981300,60.000696
4.981400,60.000696
4.981500,60.000696
4.981600,60.000696
4.981700,60.000696
4.981800,60.000696
4.981900,60.000696
4.982000,60.000696
4.982100,60.000696
4.982200,60.000696
4.982300,60.000696
4.982400,60.000696
4.982500,60.000696
4.982600,60.000696
4.982700,60.000696
4.982800,60.000696
4.982900,60.000696
4.983000,60.000696
4.983100,60.000696
4.983200,60.000696
4.983300,60.000696
4.983400,60.000696
4.983500,60.000696
4.983600,60.000696
4.983700,60.000696
4.983800,60.000696
4.983900,60.000696
4.984000,60.000696
4.984100,60.000696
4.984200,60.000696
4.984300,60.000696
4.984400,60.000696
4.984500,60.000696
4.984600,60.000696
4.984700,60.000696
4.984800,60.000696
4.984900,60.000692
4.985000,60.000692
4.985100,60.000692
4.985200,60.000692
4.985300,60.000692
4.985400,60.000692
4.985500,60.000692
4.985600,60.000692
4.985700,60.000692
4.985800,60.000692
4.985900,60.000692
4.986000,60.000692
4.986100,60.000692
4.986200,60.000692
4.986300,60.000692
4.986400,60.000692
4.986500,60.000692
4.986600,60.000692
4.986700,60.000692
4.986800,60.000692
4.986900,60.000692
4.987000,60.000692
4.987100,60.000692
4.987200,60.000692
4.987300,60.000692
4.987400,60.000692
4.987500,60.000692
4.987600,60.000692
4.987700,60.000692
4.987800,60.000692
4.987900,60.000692
4.988000,60.000692
4.988100,60.000692
4.988200,60.000692
4.988300,60.000692
4.988400,60.000692
4.988500,60.000692
4.988600,60.000692
4.988700,60.000692
4.988800,60.000692
4.988900,60.000692
4.989000,60.000692
4.989100,60.000692
4.989200,60.000692
4.989300,60.000692
4.989400,60.000692
4.989500,60.000692
4.989600,60.000692
4.989700,60.000692
4.989800,60.000692
4.989900,60.000687
4.990000,60.000687
4.990100,60.000687
4.990200,60.000687
4.990300,60.000687
4.990400,60.000687
4.990500,60.000687
4.990600,60.000687
4.990700,60.000687
4.990800,60.000687
4.990900,60.000687
4.991000,60.000687
4.991100,60.000687
4.991200,60.000687
4.991300,60.000687
4.991400,60.000687
4.991500,60.000687
4.991600,60.000687
4.991700,60.000687
4.991800,60.000687
4.991900,60.000687
4.992000,60.000687
4.992100,60.000687
4.992200,60.000687
4.992300,60.000687
4.992400,60.000687
4.992500,60.000687
4.992600,60.000687
4.992700,60.000687
4.992800,60.000687
4.992900,60.000687
4.993000,60.000687
4.993100,60.000687
4.993200,60.000687
4.993300,60.000687
4.993400,60.000687
4.993500,60.000687
4.993600,60.000687
4.993700,60.000687
4.993800,60.000687
4.993900,60.000687
4.994000,60.000687
4.994100,60.000687
4.994200,60.000687
4.994300,60.000687
4.994400,60.000687
4.994500,60.000687
4.994600,60.000687
4.994700,60.000687
4.994800,60.000687
4.994900,60.000681
4.995000,60.000681
4.995100,60.000681
4.995200,60.000681
4.995300,60.000681
4.995400,60.000681
4.995500,60.000681
4.995600,60.000681
4.995700,60.000681
4.995800,60.000681
4.995900,60.000681
4.996000,60.000681
4.996100,60.000681
4.996200,60.000681
4.996300,60.000681
4.996400,60.000681
4.996500,60.000681
4.996600,60.000681
4.996700,60.000681
4.996800,60.000681
4.996900,60.000681
4.997000,60.000681
4.997100,60.000681
4.997200,60.000681
4.997300,60.000681
4.997400,60.000681
4.997500,60.000681
4.997600,60.000681
4.997700,60.000681
4.997800,60.000681
4.997900,60.000681
4.998000,60.000681
4.998100,60.000681
4.998200,60.000681
4.998300,60.000681
4.998400,60.000681
4.998500,60.000681
4.998600,60.000681
4.998700,60.000681
4.998800,60.000681
4.998900,60.000681
4.999000,60.000681
4.999100,60.000681
4.999200,60.000681
4.999300,60.000681
4.999400,60.000681
4.999500,60.000681
4.999600,60.000681
4.999700,60.000681
4.999800,60.000681
4.999900,60.000674
