t,f_hat
2.500000,67.500423
2.500100,67.500931
2.500200,67.501463
2.500300,67.501627
2.500400,67.501862
2.500500,67.502404
2.500600,67.502558
2.500700,67.502786
2.500800,67.503518
2.500900,67.503420
2.501000,67.504084
2.501100,67.504549
2.501200,67.504950
2.501300,67.505837
2.501400,67.505972
2.501500,67.505857
2.501600,67.506299
2.501700,67.507094
2.501800,67.507230
2.501900,67.507802
2.502000,67.508209
2.502100,67.508746
2.502200,67.509310
2.502300,67.510145
2.502400,67.510402
2.502500,67.509887
2.502600,67.510293
2.502700,67.510717
2.502800,67.510901
2.502900,67.511622
2.503000,67.511829
2.503100,67.511796
2.503200,67.512372
2.503300,67.512651
2.503400,67.513433
2.503500,67.515365
2.503600,67.514429
2.503700,67.512576
2.503800,67.513326
2.503900,67.516116
2.504000,67.518962
2.504100,67.519017
2.504200,67.516559
2.504300,67.517698
2.504400,67.518575
2.504500,67.519070
2.504600,67.517211
2.504700,67.516639
2.504800,67.517905
2.504900,67.514284
2.505000,67.504455
2.505100,67.517624
2.505200,67.506486
2.505300,67.521284
2.505400,67.513629
2.505500,67.505280
2.505600,67.483277
2.505700,67.489763
2.505800,67.507797
2.505900,67.499030
2.506000,67.498705
2.506100,67.493924
2.506200,67.495176
2.506300,67.494947
2.506400,67.494791
2.506500,67.494541
2.506600,67.496133
2.506700,67.496733
2.506800,67.496928
2.506900,67.496679
2.507000,67.497035
2.507100,67.496553
2.507200,67.497797
2.507300,67.498587
2.507400,67.499535
2.507500,67.498982
2.507600,67.499698
2.507700,67.499546
2.507800,67.500709
2.507900,67.500311
2.508000,67.500781
2.508100,67.501142
2.508200,67.501402
2.508300,67.501707
2.508400,67.502174
2.508500,67.503195
2.508600,67.503284
2.508700,67.503575
2.508800,67.503535
2.508900,67.504177
2.509000,67.505255
2.509100,67.505553
2.509200,67.505182
2.509300,67.505698
2.509400,67.506262
2.509500,67.507295
2.509600,67.507484
2.509700,67.507447
2.509800,67.508193
2.509900,67.508688
2.510000,67.508891
2.510100,67.508678
2.510200,67.509308
2.510300,67.510021
2.510400,67.510489
2.510500,67.510727
2.510600,67.512163
2.510700,67.511506
2.510800,67.512516
2.510900,67.511444
2.511000,67.511706
2.511100,67.513249
2.511200,67.514216
2.511300,67.514170
2.511400,67.514771
2.511500,67.516530
2.511600,67.513746
2.511700,67.515637
2.511800,67.513912
2.511900,67.518274
2.512000,67.523244
2.512100,67.522293
2.512200,67.521042
2.512300,67.517539
2.512400,67.514736
2.512500,67.510008
2.512600,67.510299
2.512700,67.519405
2.512800,67.534182
2.512900,67.536726
2.513000,67.551840
2.513100,67.556038
2.513200,67.538785
2.513300,67.535053
2.513400,67.537289
2.513500,67.542357
2.513600,67.543330
2.513700,67.542815
2.513800,67.543110
2.513900,67.542977
2.514000,67.543772
2.514100,67.545200
2.514200,67.545968
2.514300,67.547221
2.514400,67.545911
2.514500,67.545890
2.514600,67.545385
2.514700,67.546221
2.514800,67.546136
2.514900,67.547499
2.515000,67.547764
2.515100,67.547479
2.515200,67.548125
2.515300,67.548746
2.515400,67.549263
2.515500,67.549772
2.515600,67.549728
2.515700,67.549995
2.515800,67.550307
2.515900,67.551304
2.516000,67.550957
2.516100,67.551577
2.516200,67.552719
2.516300,67.553143
2.516400,67.553079
2.516500,67.553763
2.516600,67.554033
2.516700,67.554982
2.516800,67.555298
2.516900,67.555608
2.517000,67.555688
2.517100,67.556369
2.517200,67.556739
2.517300,67.556690
2.517400,67.556642
2.517500,67.557281
2.517600,67.558401
2.517700,67.557608
2.517800,67.557535
2.517900,67.557948
2.518000,67.559274
2.518100,67.560790
2.518200,67.559691
2.518300,67.561369
2.518400,67.561971
2.518500,67.562172
2.518600,67.564701
2.518700,67.564398
2.518800,67.563276
2.518900,67.563682
2.519000,67.567332
2.519100,67.568254
2.519200,67.572781
2.519300,67.568660
2.519400,67.563781
2.519500,67.562410
2.519600,67.558708
2.519700,67.563979
2.519800,67.564136
2.519900,67.564400
2.520000,67.562026
2.520100,67.572945
2.520200,67.588471
2.520300,67.600111
2.520400,67.582779
2.520500,67.590900
2.520600,67.586105
2.520700,67.593266
2.520800,67.591159
2.520900,67.595985
2.521000,67.594627
2.521100,67.596216
2.521200,67.596628
2.521300,67.597442
2.521400,67.597459
2.521500,67.598944
2.521600,67.600831
2.521700,67.601850
2.521800,67.601044
2.521900,67.601806
2.522000,67.602080
2.522100,67.602226
2.522200,67.603789
2.522300,67.603200
2.522400,67.604525
2.522500,67.604562
2.522600,67.605687
2.522700,67.606196
2.522800,67.605756
2.522900,67.606079
2.523000,67.606531
2.523100,67.607163
2.523200,67.607523
2.523300,67.608321
2.523400,67.608484
2.523500,67.608462
2.523600,67.608613
2.523700,67.608817
2.523800,67.610042
2.523900,67.610083
2.524000,67.610432
2.524100,67.610825
2.524200,67.611292
2.524300,67.612610
2.524400,67.612513
2.524500,67.612396
2.524600,67.613361
2.524700,67.613398
2.524800,67.613635
2.524900,67.614772
2.525000,67.615241
2.525100,67.615735
2.525200,67.614947
2.525300,67.615199
2.525400,67.615260
2.525500,67.615354
2.525600,67.616276
2.525700,67.616763
2.525800,67.617444
2.525900,67.619192
2.526000,67.618621
2.526100,67.619198
2.526200,67.617423
2.526300,67.618832
2.526400,67.622651
2.526500,67.621765
2.526600,67.622555
2.526700,67.625743
2.526800,67.626012
2.526900,67.632805
2.527000,67.632079
2.527100,67.638739
2.527200,67.636710
2.527300,67.642333
2.527400,67.642453
2.527500,67.632842
2.527600,67.638049
2.527700,67.639217
2.527800,67.631829
2.527900,67.636477
2.528000,67.646211
2.528100,67.654829
2.528200,67.651976
2.528300,67.652580
2.528400,67.654488
2.528500,67.655464
2.528600,67.656056
2.528700,67.657372
2.528800,67.657779
2.528900,67.656161
2.529000,67.657961
2.529100,67.656685
2.529200,67.657492
2.529300,67.657265
2.529400,67.657218
2.529500,67.657527
2.529600,67.657856
2.529700,67.658321
2.529800,67.659082
2.529900,67.659249
2.530000,67.660182
2.530100,67.660475
2.530200,67.660679
2.530300,67.661337
2.530400,67.661943
2.530500,67.662274
2.530600,67.662313
2.530700,67.662337
2.530800,67.662708
2.530900,67.663706
2.531000,67.664047
2.531100,67.664415
2.531200,67.665042
2.531300,67.665178
2.531400,67.665293
2.531500,67.666335
2.531600,67.665846
2.531700,67.666723
2.531800,67.667336
2.531900,67.667378
2.532000,67.668091
2.532100,67.668657
2.532200,67.669203
2.532300,67.669791
2.532400,67.669545
2.532500,67.670214
2.532600,67.670827
2.532700,67.671430
2.532800,67.672585
2.532900,67.672047
2.533000,67.671817
2.533100,67.673625
2.533200,67.672337
2.533300,67.673606
2.533400,67.673019
2.533500,67.675998
2.533600,67.677302
2.533700,67.678732
2.533800,67.678171
2.533900,67.674552
2.534000,67.675953
2.534100,67.672570
2.534200,67.674585
2.534300,67.678032
2.534400,67.674975
2.534500,67.671361
2.534600,67.670751
2.534700,67.670656
2.534800,67.662854
2.534900,67.654297
2.535000,67.649997
2.535100,67.641783
2.535200,67.640642
2.535300,67.620778
2.535400,67.637672
2.535500,67.641838
2.535600,67.637885
2.535700,67.639693
2.535800,67.639819
2.535900,67.639717
2.536000,67.639975
2.536100,67.639048
2.536200,67.639893
2.536300,67.641800
2.536400,67.641929
2.536500,67.641562
2.536600,67.641097
2.536700,67.642269
2.536800,67.642371
2.536900,67.643265
2.537000,67.643587
2.537100,67.644139
2.537200,67.644686
2.537300,67.645076
2.537400,67.646216
2.537500,67.645805
2.537600,67.645814
2.537700,67.646356
2.537800,67.646284
2.537900,67.647316
2.538000,67.647279
2.538100,67.647913
2.538200,67.648601
2.538300,67.649513
2.538400,67.649515
2.538500,67.649995
2.538600,67.650238
2.538700,67.650943
2.538800,67.650885
2.538900,67.651491
2.539000,67.651578
2.539100,67.652326
2.539200,67.652909
2.539300,67.653709
2.539400,67.653751
2.539500,67.653378
2.539600,67.654268
2.539700,67.655345
2.539800,67.655014
2.539900,67.655304
2.540000,67.655228
2.540100,67.656414
2.540200,67.656403
2.540300,67.656971
2.540400,67.657720
2.540500,67.657330
2.540600,67.658571
2.540700,67.659111
2.540800,67.660760
2.540900,67.660697
2.541000,67.658998
2.541100,67.659059
2.541200,67.662510
2.541300,67.662977
2.541400,67.664232
2.541500,67.667670
2.541600,67.664903
2.541700,67.665879
2.541800,67.670701
2.541900,67.671904
2.542000,67.675563
2.542100,67.686775
2.542200,67.687944
2.542300,67.692566
2.542400,67.697595
2.542500,67.708342
2.542600,67.730830
2.542700,67.720447
2.542800,67.725359
2.542900,67.730920
2.543000,67.728232
2.543100,67.727356
2.543200,67.726786
2.543300,67.727386
2.543400,67.728106
2.543500,67.728175
2.543600,67.727996
2.543700,67.728286
2.543800,67.730012
2.543900,67.731273
2.544000,67.730209
2.544100,67.729505
2.544200,67.729469
2.544300,67.730405
2.544400,67.730688
2.544500,67.730760
2.544600,67.730656
2.544700,67.731461
2.544800,67.731877
2.544900,67.731908
2.545000,67.732783
2.545100,67.733531
2.545200,67.734045
2.545300,67.734852
2.545400,67.734695
2.545500,67.735081
2.545600,67.735907
2.545700,67.735649
2.545800,67.736061
2.545900,67.736474
2.546000,67.737210
2.546100,67.737897
2.546200,67.738469
2.546300,67.738663
2.546400,67.738781
2.546500,67.739178
2.546600,67.740517
2.546700,67.740141
2.546800,67.741348
2.546900,67.741111
2.547000,67.740908
2.547100,67.742269
2.547200,67.742360
2.547300,67.742039
2.547400,67.742305
2.547500,67.743108
2.547600,67.743603
2.547700,67.743982
2.547800,67.744351
2.547900,67.744016
2.548000,67.745810
2.548100,67.746638
2.548200,67.746359
2.548300,67.746555
2.548400,67.745555
2.548500,67.746538
2.548600,67.746783
2.548700,67.747914
2.548800,67.748799
2.548900,67.748760
2.549000,67.748726
2.549100,67.749915
2.549200,67.756943
2.549300,67.760629
2.549400,67.766130
2.549500,67.767133
2.549600,67.773793
2.549700,67.786347
2.549800,67.780450
2.549900,67.765416
2.550000,67.766883
2.550100,67.773011
2.550200,67.783859
2.550300,67.785998
2.550400,67.788450
2.550500,67.790640
2.550600,67.789178
2.550700,67.789583
2.550800,67.790346
2.550900,67.790408
2.551000,67.790491
2.551100,67.791670
2.551200,67.790220
2.551300,67.790392
2.551400,67.790333
2.551500,67.790855
2.551600,67.792508
2.551700,67.793222
2.551800,67.793502
2.551900,67.793983
2.552000,67.794807
2.552100,67.795838
2.552200,67.795703
2.552300,67.795712
2.552400,67.795774
2.552500,67.796437
2.552600,67.796420
2.552700,67.797553
2.552800,67.797309
2.552900,67.798322
2.553000,67.798464
2.553100,67.799382
2.553200,67.799632
2.553300,67.799641
2.553400,67.800418
2.553500,67.800834
2.553600,67.801064
2.553700,67.801244
2.553800,67.802511
2.553900,67.802950
2.554000,67.802927
2.554100,67.802747
2.554200,67.803129
2.554300,67.803485
2.554400,67.803920
2.554500,67.804806
2.554600,67.805007
2.554700,67.805284
2.554800,67.806138
2.554900,67.806545
2.555000,67.807326
2.555100,67.807451
2.555200,67.807678
2.555300,67.807441
2.555400,67.807267
2.555500,67.808880
2.555600,67.808371
2.555700,67.809699
2.555800,67.809482
2.555900,67.807437
2.556000,67.808009
2.556100,67.810055
2.556200,67.807771
2.556300,67.810580
2.556400,67.811929
2.556500,67.807677
2.556600,67.806890
2.556700,67.812114
2.556800,67.814531
2.556900,67.805191
2.557000,67.802769
2.557100,67.807840
2.557200,67.797094
2.557300,67.791967
2.557400,67.771870
2.557500,67.768454
2.557600,67.771523
2.557700,67.782863
2.557800,67.778196
2.557900,67.778781
2.558000,67.778811
2.558100,67.779097
2.558200,67.780127
2.558300,67.779430
2.558400,67.780604
2.558500,67.781071
2.558600,67.782323
2.558700,67.782598
2.558800,67.782561
2.558900,67.782469
2.559000,67.783297
2.559100,67.784800
2.559200,67.784624
2.559300,67.785936
2.559400,67.785632
2.559500,67.785648
2.559600,67.785625
2.559700,67.786236
2.559800,67.787193
2.559900,67.787552
2.560000,67.787688
2.560100,67.788323
2.560200,67.789134
2.560300,67.789369
2.560400,67.789597
2.560500,67.789912
2.560600,67.790561
2.560700,67.791272
2.560800,67.791468
2.560900,67.792220
2.561000,67.792239
2.561100,67.792111
2.561200,67.792426
2.561300,67.793040
2.561400,67.793628
2.561500,67.793879
2.561600,67.794492
2.561700,67.794870
2.561800,67.795018
2.561900,67.795364
2.562000,67.796172
2.562100,67.797021
2.562200,67.797236
2.562300,67.797636
2.562400,67.796492
2.562500,67.798735
2.562600,67.799860
2.562700,67.800932
2.562800,67.800919
2.562900,67.799890
2.563000,67.800167
2.563100,67.801329
2.563200,67.800979
2.563300,67.803504
2.563400,67.800344
2.563500,67.802209
2.563600,67.799052
2.563700,67.803783
2.563800,67.804562
2.563900,67.798527
2.564000,67.802117
2.564100,67.793989
2.564200,67.803053
2.564300,67.804559
2.564400,67.792489
2.564500,67.809703
2.564600,67.788314
2.564700,67.801132
2.564800,67.797635
2.564900,67.802021
2.565000,67.817139
2.565100,67.809653
2.565200,67.803981
2.565300,67.803773
2.565400,67.803687
2.565500,67.803703
2.565600,67.802910
2.565700,67.803794
2.565800,67.804208
2.565900,67.804311
2.566000,67.803871
2.566100,67.805722
2.566200,67.806391
2.566300,67.806921
2.566400,67.807823
2.566500,67.808353
2.566600,67.808399
2.566700,67.809035
2.566800,67.808630
2.566900,67.809282
2.567000,67.809512
2.567100,67.810172
2.567200,67.810678
2.567300,67.810887
2.567400,67.810975
2.567500,67.811862
2.567600,67.812828
2.567700,67.813064
2.567800,67.813691
2.567900,67.813847
2.568000,67.814026
2.568100,67.814515
2.568200,67.814660
2.568300,67.814944
2.568400,67.815998
2.568500,67.815970
2.568600,67.816565
2.568700,67.816669
2.568800,67.817094
2.568900,67.817587
2.569000,67.818647
2.569100,67.818970
2.569200,67.819090
2.569300,67.818687
2.569400,67.820451
2.569500,67.820252
2.569600,67.821303
2.569700,67.821037
2.569800,67.822371
2.569900,67.823467
2.570000,67.822088
2.570100,67.821578
2.570200,67.822028
2.570300,67.822743
2.570400,67.822663
2.570500,67.822701
2.570600,67.822231
2.570700,67.824302
2.570800,67.825921
2.570900,67.824959
2.571000,67.825016
2.571100,67.821456
2.571200,67.826690
2.571300,67.825372
2.571400,67.830224
2.571500,67.836161
2.571600,67.826463
2.571700,67.841675
2.571800,67.828801
2.571900,67.849103
2.572000,67.838419
2.572100,67.853157
2.572200,67.870456
2.572300,67.854777
2.572400,67.846776
2.572500,67.844110
2.572600,67.843956
2.572700,67.846052
2.572800,67.846171
2.572900,67.846855
2.573000,67.847728
2.573100,67.846404
2.573200,67.845535
2.573300,67.845994
2.573400,67.847675
2.573500,67.847528
2.573600,67.847296
2.573700,67.846545
2.573800,67.846919
2.573900,67.847613
2.574000,67.848530
2.574100,67.848811
2.574200,67.849866
2.574300,67.850427
2.574400,67.850111
2.574500,67.850752
2.574600,67.851428
2.574700,67.851303
2.574800,67.851906
2.574900,67.851917
2.575000,67.852238
2.575100,67.853368
2.575200,67.853809
2.575300,67.854111
2.575400,67.854896
2.575500,67.855191
2.575600,67.855620
2.575700,67.856127
2.575800,67.855989
2.575900,67.856817
2.576000,67.856818
2.576100,67.858101
2.576200,67.858188
2.576300,67.858527
2.576400,67.859066
2.576500,67.858930
2.576600,67.859473
2.576700,67.860633
2.576800,67.860825
2.576900,67.861407
2.577000,67.861843
2.577100,67.861357
2.577200,67.861458
2.577300,67.861167
2.577400,67.862209
2.577500,67.863654
2.577600,67.864264
2.577700,67.865531
2.577800,67.866161
2.577900,67.867253
2.578000,67.868563
2.578100,67.868181
2.578200,67.866393
2.578300,67.869237
2.578400,67.869507
2.578500,67.867574
2.578600,67.872902
2.578700,67.875997
2.578800,67.871904
2.578900,67.878925
2.579000,67.874353
2.579100,67.884276
2.579200,67.891347
2.579300,67.903337
2.579400,67.883252
2.579500,67.872881
2.579600,67.893020
2.579700,67.910148
2.579800,67.903616
2.579900,67.904465
2.580000,67.903680
2.580100,67.903095
2.580200,67.903517
2.580300,67.904254
2.580400,67.904375
2.580500,67.903281
2.580600,67.902873
2.580700,67.903532
2.580800,67.904721
2.580900,67.905178
2.581000,67.904783
2.581100,67.904996
2.581200,67.905263
2.581300,67.905221
2.581400,67.906560
2.581500,67.906836
2.581600,67.906709
2.581700,67.907418
2.581800,67.907379
2.581900,67.908283
2.582000,67.907919
2.582100,67.908371
2.582200,67.908874
2.582300,67.909525
2.582400,67.910168
2.582500,67.910090
2.582600,67.910658
2.582700,67.911214
2.582800,67.912096
2.582900,67.912500
2.583000,67.912578
2.583100,67.913206
2.583200,67.914496
2.583300,67.914106
2.583400,67.913964
2.583500,67.914622
2.583600,67.915208
2.583700,67.915683
2.583800,67.916277
2.583900,67.916753
2.584000,67.917550
2.584100,67.917079
2.584200,67.917890
2.584300,67.918102
2.584400,67.917534
2.584500,67.918587
2.584600,67.920169
2.584700,67.921344
2.584800,67.920507
2.584900,67.919482
2.585000,67.919086
2.585100,67.918479
2.585200,67.921900
2.585300,67.921430
2.585400,67.924381
2.585500,67.925539
2.585600,67.925716
2.585700,67.928812
2.585800,67.931856
2.585900,67.926542
2.586000,67.930662
2.586100,67.929028
2.586200,67.922733
2.586300,67.930890
2.586400,67.935639
2.586500,67.945879
2.586600,67.933485
2.586700,67.936834
2.586800,67.947842
2.586900,67.947925
2.587000,67.937038
2.587100,67.937838
2.587200,67.930232
2.587300,67.931534
2.587400,67.933252
2.587500,67.935558
2.587600,67.936299
2.587700,67.936581
2.587800,67.936990
2.587900,67.938845
2.588000,67.937994
2.588100,67.939760
2.588200,67.941091
2.588300,67.940535
2.588400,67.941247
2.588500,67.941250
2.588600,67.940996
2.588700,67.941679
2.588800,67.941798
2.588900,67.942607
2.589000,67.943162
2.589100,67.943430
2.589200,67.943441
2.589300,67.943918
2.589400,67.944818
2.589500,67.945377
2.589600,67.945452
2.589700,67.946096
2.589800,67.946627
2.589900,67.946449
2.590000,67.947406
2.590100,67.947577
2.590200,67.948240
2.590300,67.948995
2.590400,67.949102
2.590500,67.949147
2.590600,67.949564
2.590700,67.949748
2.590800,67.950789
2.590900,67.951436
2.591000,67.951339
2.591100,67.951688
2.591200,67.951467
2.591300,67.952172
2.591400,67.952354
2.591500,67.954167
2.591600,67.953698
2.591700,67.953763
2.591800,67.954376
2.591900,67.955450
2.592000,67.956440
2.592100,67.956768
2.592200,67.957278
2.592300,67.956140
2.592400,67.955297
2.592500,67.957548
2.592600,67.958089
2.592700,67.956587
2.592800,67.959358
2.592900,67.959588
2.593000,67.959509
2.593100,67.958852
2.593200,67.954311
2.593300,67.955178
2.593400,67.957631
2.593500,67.965446
2.593600,67.955660
2.593700,67.957303
2.593800,67.965156
2.593900,67.951314
2.594000,67.952830
2.594100,67.967525
2.594200,67.947838
2.594300,67.954247
2.594400,67.966293
2.594500,67.953604
2.594600,67.955504
2.594700,67.954740
2.594800,67.955624
2.594900,67.955814
2.595000,67.955643
2.595100,67.957325
2.595200,67.957974
2.595300,67.957999
2.595400,67.957845
2.595500,67.959079
2.595600,67.958247
2.595700,67.958385
2.595800,67.959221
2.595900,67.959886
2.596000,67.960803
2.596100,67.961595
2.596200,67.961129
2.596300,67.961988
2.596400,67.962303
2.596500,67.962577
2.596600,67.962800
2.596700,67.963038
2.596800,67.962983
2.596900,67.964040
2.597000,67.964593
2.597100,67.964843
2.597200,67.965971
2.597300,67.966249
2.597400,67.966735
2.597500,67.966907
2.597600,67.966852
2.597700,67.967486
2.597800,67.967950
2.597900,67.968088
2.598000,67.968721
2.598100,67.968995
2.598200,67.968863
2.598300,67.969336
2.598400,67.970152
2.598500,67.970873
2.598600,67.971731
2.598700,67.971287
2.598800,67.972569
2.598900,67.973075
2.599000,67.972990
2.599100,67.972687
2.599200,67.973962
2.599300,67.973436
2.599400,67.974510
2.599500,67.974756
2.599600,67.976938
2.599700,67.975364
2.599800,67.978170
2.599900,67.978576
2.600000,67.979488
2.600100,67.978843
2.600200,67.976871
2.600300,67.975385
2.600400,67.974756
2.600500,67.978565
2.600600,67.982569
2.600700,67.985237
2.600800,67.984105
2.600900,67.977539
2.601000,67.980165
2.601100,67.986215
2.601200,67.989310
2.601300,67.987925
2.601400,67.985237
2.601500,67.999752
2.601600,67.993616
2.601700,67.977001
2.601800,67.980468
2.601900,67.982330
2.602000,67.988463
2.602100,67.989145
2.602200,67.987939
2.602300,67.988385
2.602400,67.987774
2.602500,67.989064
2.602600,67.989479
2.602700,67.989210
2.602800,67.989678
2.602900,67.990980
2.603000,67.990331
2.603100,67.991183
2.603200,67.991285
2.603300,67.991943
2.603400,67.992019
2.603500,67.992504
2.603600,67.992828
2.603700,67.992877
2.603800,67.993490
2.603900,67.993957
2.604000,67.994088
2.604100,67.994019
2.604200,67.994797
2.604300,67.996000
2.604400,67.996129
2.604500,67.996526
2.604600,67.997317
2.604700,67.998087
2.604800,67.998517
2.604900,67.998559
2.605000,67.998496
2.605100,67.999395
2.605200,67.999141
2.605300,67.999106
2.605400,67.999666
2.605500,68.000958
2.605600,68.000778
2.605700,68.001214
2.605800,68.001966
2.605900,68.002569
2.606000,68.003128
2.606100,68.003424
2.606200,68.003544
2.606300,68.004028
2.606400,68.004375
2.606500,68.005426
2.606600,68.005467
2.606700,68.004825
2.606800,68.007200
2.606900,68.006013
2.607000,68.007350
2.607100,68.008649
2.607200,68.009621
2.607300,68.011017
2.607400,68.011028
2.607500,68.010779
2.607600,68.012266
2.607700,68.009384
2.607800,68.011139
2.607900,68.008493
2.608000,68.014028
2.608100,68.022058
2.608200,68.020777
2.608300,68.016601
2.608400,68.023559
2.608500,68.025063
2.608600,68.031491
2.608700,68.025950
2.608800,68.032265
2.608900,68.039414
2.609000,68.046832
2.609100,68.044132
2.609200,68.038383
2.609300,68.045287
2.609400,68.044353
2.609500,68.043615
2.609600,68.044212
2.609700,68.044206
2.609800,68.044584
2.609900,68.043196
2.610000,68.045404
2.610100,68.045534
2.610200,68.046870
2.610300,68.047238
2.610400,68.047647
2.610500,68.047547
2.610600,68.047924
2.610700,68.048958
2.610800,68.049146
2.610900,68.049445
2.611000,68.050115
2.611100,68.050686
2.611200,68.050707
2.611300,68.051110
2.611400,68.051966
2.611500,68.052414
2.611600,68.052333
2.611700,68.052759
2.611800,68.053475
2.611900,68.054025
2.612000,68.054792
2.612100,68.055226
2.612200,68.055245
2.612300,68.055586
2.612400,68.055912
2.612500,68.056781
2.612600,68.056814
2.612700,68.057871
2.612800,68.057637
2.612900,68.057902
2.613000,68.058106
2.613100,68.057936
2.613200,68.059301
2.613300,68.059780
2.613400,68.060411
2.613500,68.061033
2.613600,68.061102
2.613700,68.060971
2.613800,68.060607
2.613900,68.062051
2.614000,68.064144
2.614100,68.065483
2.614200,68.065315
2.614300,68.065962
2.614400,68.064340
2.614500,68.063394
2.614600,68.066790
2.614700,68.065494
2.614800,68.065880
2.614900,68.065740
2.615000,68.066576
2.615100,68.071002
2.615200,68.072614
2.615300,68.076896
2.615400,68.073321
2.615500,68.072590
2.615600,68.068453
2.615700,68.067872
2.615800,68.056040
2.615900,68.056276
2.616000,68.065954
2.616100,68.062797
2.616200,68.068579
2.616300,68.079090
2.616400,68.073768
2.616500,68.060209
2.616600,68.070809
2.616700,68.074832
2.616800,68.075722
2.616900,68.075310
2.617000,68.075852
2.617100,68.076651
2.617200,68.078626
2.617300,68.079111
2.617400,68.079963
2.617500,68.080771
2.617600,68.080109
2.617700,68.079720
2.617800,68.081261
2.617900,68.081579
2.618000,68.082606
2.618100,68.081947
2.618200,68.082747
2.618300,68.082848
2.618400,68.083301
2.618500,68.083882
2.618600,68.084600
2.618700,68.084596
2.618800,68.085381
2.618900,68.086000
2.619000,68.086294
2.619100,68.086237
2.619200,68.087240
2.619300,68.087701
2.619400,68.088101
2.619500,68.088187
2.619600,68.088737
2.619700,68.088880
2.619800,68.089041
2.619900,68.089406
2.620000,68.090139
2.620100,68.090135
2.620200,68.091375
2.620300,68.091417
2.620400,68.091599
2.620500,68.092550
2.620600,68.092263
2.620700,68.093013
2.620800,68.094001
2.620900,68.094167
2.621000,68.095319
2.621100,68.095978
2.621200,68.095466
2.621300,68.094731
2.621400,68.093950
2.621500,68.096403
2.621600,68.097246
2.621700,68.099370
2.621800,68.099563
2.621900,68.099585
2.622000,68.097969
2.622100,68.100414
2.622200,68.102773
2.622300,68.100768
2.622400,68.105352
2.622500,68.104630
2.622600,68.102621
2.622700,68.104685
2.622800,68.101667
2.622900,68.099245
2.623000,68.092830
2.623100,68.092547
2.623200,68.097760
2.623300,68.108668
2.623400,68.126577
2.623500,68.111577
2.623600,68.128565
2.623700,68.135891
2.623800,68.119260
2.623900,68.114287
2.624000,68.112683
2.624100,68.117236
2.624200,68.117931
2.624300,68.118169
2.624400,68.118369
2.624500,68.119415
2.624600,68.119272
2.624700,68.121568
2.624800,68.120840
2.624900,68.119513
2.625000,68.119490
2.625100,68.119305
2.625200,68.120738
2.625300,68.121287
2.625400,68.122526
2.625500,68.123319
2.625600,68.123494
2.625700,68.123492
2.625800,68.123311
2.625900,68.124147
2.626000,68.124768
2.626100,68.124820
2.626200,68.125502
2.626300,68.126001
2.626400,68.126497
2.626500,68.126484
2.626600,68.127262
2.626700,68.127615
2.626800,68.128463
2.626900,68.128274
2.627000,68.128574
2.627100,68.129761
2.627200,68.129981
2.627300,68.130396
2.627400,68.131005
2.627500,68.131217
2.627600,68.130821
2.627700,68.131487
2.627800,68.132646
2.627900,68.132598
2.628000,68.133735
2.628100,68.133816
2.628200,68.134599
2.628300,68.134781
2.628400,68.135213
2.628500,68.135624
2.628600,68.136306
2.628700,68.136192
2.628800,68.136260
2.628900,68.135968
2.629000,68.136106
2.629100,68.137605
2.629200,68.138212
2.629300,68.136276
2.629400,68.138180
2.629500,68.141516
2.629600,68.143876
2.629700,68.140236
2.629800,68.140634
2.629900,68.143484
2.630000,68.144827
2.630100,68.149635
2.630200,68.148332
2.630300,68.152250
2.630400,68.152271
2.630500,68.148814
2.630600,68.141172
2.630700,68.140878
2.630800,68.137998
2.630900,68.131539
2.631000,68.145236
2.631100,68.164464
2.631200,68.160682
2.631300,68.161464
2.631400,68.157374
2.631500,68.157502
2.631600,68.157939
2.631700,68.158345
2.631800,68.159012
2.631900,68.160396
2.632000,68.161506
2.632100,68.160552
2.632200,68.161085
2.632300,68.160195
2.632400,68.161656
2.632500,68.161825
2.632600,68.163013
2.632700,68.162447
2.632800,68.162881
2.632900,68.163411
2.633000,68.164280
2.633100,68.164125
2.633200,68.164104
2.633300,68.164516
2.633400,68.165162
2.633500,68.165667
2.633600,68.166717
2.633700,68.166929
2.633800,68.167438
2.633900,68.167607
2.634000,68.167892
2.634100,68.168485
2.634200,68.169378
2.634300,68.169529
2.634400,68.169735
2.634500,68.170564
2.634600,68.170641
2.634700,68.170716
2.634800,68.171096
2.634900,68.171586
2.635000,68.172084
2.635100,68.172933
2.635200,68.173185
2.635300,68.174626
2.635400,68.173912
2.635500,68.173197
2.635600,68.175089
2.635700,68.174984
2.635800,68.175546
2.635900,68.175537
2.636000,68.175824
2.636100,68.178140
2.636200,68.178308
2.636300,68.178091
2.636400,68.178940
2.636500,68.177860
2.636600,68.177475
2.636700,68.181135
2.636800,68.179948
2.636900,68.177917
2.637000,68.179014
2.637100,68.179260
2.637200,68.177475
2.637300,68.181687
2.637400,68.182448
2.637500,68.186287
2.637600,68.183172
2.637700,68.189576
2.637800,68.188016
2.637900,68.189832
2.638000,68.183455
2.638100,68.184089
2.638200,68.183862
2.638300,68.179518
2.638400,68.184054
2.638500,68.180121
2.638600,68.179017
2.638700,68.178896
2.638800,68.178805
2.638900,68.178947
2.639000,68.179228
2.639100,68.180001
2.639200,68.179556
2.639300,68.180305
2.639400,68.179693
2.639500,68.181816
2.639600,68.182691
2.639700,68.182925
2.639800,68.182854
2.639900,68.182548
2.640000,68.183184
2.640100,68.183704
2.640200,68.184446
2.640300,68.184640
2.640400,68.185307
2.640500,68.185281
2.640600,68.185526
2.640700,68.186636
2.640800,68.187243
2.640900,68.187535
2.641000,68.188098
2.641100,68.188681
2.641200,68.189090
2.641300,68.189157
2.641400,68.189349
2.641500,68.190054
2.641600,68.190457
2.641700,68.191290
2.641800,68.191180
2.641900,68.191394
2.642000,68.192133
2.642100,68.192498
2.642200,68.192654
2.642300,68.193542
2.642400,68.193931
2.642500,68.194927
2.642600,68.194716
2.642700,68.195216
2.642800,68.195442
2.642900,68.195231
2.643000,68.196599
2.643100,68.196254
2.643200,68.196919
2.643300,68.198932
2.643400,68.199634
2.643500,68.199501
2.643600,68.199752
2.643700,68.198053
2.643800,68.197150
2.643900,68.198251
2.644000,68.200492
2.644100,68.201399
2.644200,68.202273
2.644300,68.204985
2.644400,68.202544
2.644500,68.208039
2.644600,68.210879
2.644700,68.205214
2.644800,68.209166
2.644900,68.201114
2.645000,68.211066
2.645100,68.198815
2.645200,68.208492
2.645300,68.209385
2.645400,68.215713
2.645500,68.227939
2.645600,68.234433
2.645700,68.228065
2.645800,68.224097
2.645900,68.227369
2.646000,68.235826
2.646100,68.237339
2.646200,68.237587
2.646300,68.237978
2.646400,68.239447
2.646500,68.239844
2.646600,68.239341
2.646700,68.240598
2.646800,68.240493
2.646900,68.240130
2.647000,68.241652
2.647100,68.242175
2.647200,68.242513
2.647300,68.243337
2.647400,68.243944
2.647500,68.244212
2.647600,68.243958
2.647700,68.244335
2.647800,68.245558
2.647900,68.245913
2.648000,68.246579
2.648100,68.246611
2.648200,68.247035
2.648300,68.247880
2.648400,68.248287
2.648500,68.248435
2.648600,68.249123
2.648700,68.249059
2.648800,68.249711
2.648900,68.249860
2.649000,68.250357
2.649100,68.251069
2.649200,68.251396
2.649300,68.251595
2.649400,68.251604
2.649500,68.252342
2.649600,68.253057
2.649700,68.253586
2.649800,68.253794
2.649900,68.253930
2.650000,68.254409
2.650100,68.254522
2.650200,68.255631
2.650300,68.256150
2.650400,68.256319
2.650500,68.257254
2.650600,68.257226
2.650700,68.258524
2.650800,68.259399
2.650900,68.259287
2.651000,68.259349
2.651100,68.259165
2.651200,68.257584
2.651300,68.260454
2.651400,68.261992
2.651500,68.262085
2.651600,68.261668
2.651700,68.264991
2.651800,68.267274
2.651900,68.262278
2.652000,68.261474
2.652100,68.264017
2.652200,68.270846
2.652300,68.260582
2.652400,68.262386
2.652500,68.263959
2.652600,68.273087
2.652700,68.267827
2.652800,68.273926
2.652900,68.256451
2.653000,68.246356
2.653100,68.263832
2.653200,68.268589
2.653300,68.261699
2.653400,68.266107
2.653500,68.265689
2.653600,68.265904
2.653700,68.265681
2.653800,68.266013
2.653900,68.267726
2.654000,68.266503
2.654100,68.267415
2.654200,68.269055
2.654300,68.268694
2.654400,68.269359
2.654500,68.269583
2.654600,68.268983
2.654700,68.270070
2.654800,68.270677
2.654900,68.271374
2.655000,68.271356
2.655100,68.272293
2.655200,68.273188
2.655300,68.273508
2.655400,68.273637
2.655500,68.273409
2.655600,68.274046
2.655700,68.274655
2.655800,68.274752
2.655900,68.275650
2.656000,68.276634
2.656100,68.276660
2.656200,68.277073
2.656300,68.276790
2.656400,68.277563
2.656500,68.278348
2.656600,68.278502
2.656700,68.278563
2.656800,68.279450
2.656900,68.279774
2.657000,68.280563
2.657100,68.281358
2.657200,68.281197
2.657300,68.281953
2.657400,68.282624
2.657500,68.282933
2.657600,68.282817
2.657700,68.283873
2.657800,68.283859
2.657900,68.284171
2.658000,68.284836
2.658100,68.285290
2.658200,68.284542
2.658300,68.285874
2.658400,68.286731
2.658500,68.287950
2.658600,68.285951
2.658700,68.287193
2.658800,68.286486
2.658900,68.289518
2.659000,68.288383
2.659100,68.286772
2.659200,68.290970
2.659300,68.288635
2.659400,68.288366
2.659500,68.293936
2.659600,68.293022
2.659700,68.288864
2.659800,68.298002
2.659900,68.285131
2.660000,68.283596
2.660100,68.294709
2.660200,68.306380
2.660300,68.302006
2.660400,68.305706
2.660500,68.303064
2.660600,68.296037
2.660700,68.298021
2.660800,68.298044
2.660900,68.299829
2.661000,68.300240
2.661100,68.300282
2.661200,68.301871
2.661300,68.302845
2.661400,68.303721
2.661500,68.302944
2.661600,68.303474
2.661700,68.303463
2.661800,68.304504
2.661900,68.304707
2.662000,68.304275
2.662100,68.304802
2.662200,68.305069
2.662300,68.306122
2.662400,68.306813
2.662500,68.307530
2.662600,68.307432
2.662700,68.307908
2.662800,68.308368
2.662900,68.308898
2.663000,68.309341
2.663100,68.309806
2.663200,68.310205
2.663300,68.310946
2.663400,68.311435
2.663500,68.311458
2.663600,68.312154
2.663700,68.312026
2.663800,68.312707
2.663900,68.312669
2.664000,68.313349
2.664100,68.314438
2.664200,68.314452
2.664300,68.314518
2.664400,68.314982
2.664500,68.315226
2.664600,68.316357
2.664700,68.317089
2.664800,68.317474
2.664900,68.318038
2.665000,68.317373
2.665100,68.318407
2.665200,68.319548
2.665300,68.318391
2.665400,68.320408
2.665500,68.320533
2.665600,68.321676
2.665700,68.322571
2.665800,68.321592
2.665900,68.321535
2.666000,68.322962
2.666100,68.320667
2.666200,68.319528
2.666300,68.321722
2.666400,68.319863
2.666500,68.323806
2.666600,68.327031
2.666700,68.329973
2.666800,68.330015
2.666900,68.326780
2.667000,68.318725
2.667100,68.315295
2.667200,68.330241
2.667300,68.336790
2.667400,68.342646
2.667500,68.321483
2.667600,68.338656
2.667700,68.329625
2.667800,68.326817
2.667900,68.322774
2.668000,68.329891
2.668100,68.330975
2.668200,68.332445
2.668300,68.332819
2.668400,68.334164
2.668500,68.335042
2.668600,68.335288
2.668700,68.337599
2.668800,68.338456
2.668900,68.338328
2.669000,68.339632
2.669100,68.341269
2.669200,68.340940
2.669300,68.340715
2.669400,68.341723
2.669500,68.342345
2.669600,68.342680
2.669700,68.342563
2.669800,68.342590
2.669900,68.343396
2.670000,68.344042
2.670100,68.344322
2.670200,68.345503
2.670300,68.345327
2.670400,68.345793
2.670500,68.346610
2.670600,68.346793
2.670700,68.346868
2.670800,68.347691
2.670900,68.347734
2.671000,68.348304
2.671100,68.348506
2.671200,68.349567
2.671300,68.350421
2.671400,68.350606
2.671500,68.350340
2.671600,68.351188
2.671700,68.351864
2.671800,68.352073
2.671900,68.353201
2.672000,68.353383
2.672100,68.353442
2.672200,68.354112
2.672300,68.354020
2.672400,68.354205
2.672500,68.354521
2.672600,68.356190
2.672700,68.356969
2.672800,68.357450
2.672900,68.357281
2.673000,68.357636
2.673100,68.358109
2.673200,68.358400
2.673300,68.358778
2.673400,68.359824
2.673500,68.359943
2.673600,68.358436
2.673700,68.357474
2.673800,68.359184
2.673900,68.363011
2.674000,68.363093
2.674100,68.362037
2.674200,68.363604
2.674300,68.371413
2.674400,68.362862
2.674500,68.367110
2.674600,68.358130
2.674700,68.360482
2.674800,68.359241
2.674900,68.361589
2.675000,68.371693
2.675100,68.362820
2.675200,68.357159
2.675300,68.358526
2.675400,68.356499
2.675500,68.357101
2.675600,68.357442
2.675700,68.356634
2.675800,68.357346
2.675900,68.355967
2.676000,68.356391
2.676100,68.357104
2.676200,68.357898
2.676300,68.358775
2.676400,68.358702
2.676500,68.358642
2.676600,68.359907
2.676700,68.360866
2.676800,68.360541
2.676900,68.361176
2.677000,68.361295
2.677100,68.361891
2.677200,68.362325
2.677300,68.362674
2.677400,68.363308
2.677500,68.363336
2.677600,68.364135
2.677700,68.364231
2.677800,68.364950
2.677900,68.365347
2.678000,68.365788
2.678100,68.366122
2.678200,68.366680
2.678300,68.367191
2.678400,68.367019
2.678500,68.367561
2.678600,68.368372
2.678700,68.368661
2.678800,68.368857
2.678900,68.369393
2.679000,68.370654
2.679100,68.371188
2.679200,68.370990
2.679300,68.371720
2.679400,68.371948
2.679500,68.372128
2.679600,68.373086
2.679700,68.374191
2.679800,68.374041
2.679900,68.374984
2.680000,68.373733
2.680100,68.373263
2.680200,68.374975
2.680300,68.375598
2.680400,68.374922
2.680500,68.375963
2.680600,68.377369
2.680700,68.378036
2.680800,68.381900
2.680900,68.379031
2.681000,68.380506
2.681100,68.381293
2.681200,68.383381
2.681300,68.385196
2.681400,68.379791
2.681500,68.372839
2.681600,68.380144
2.681700,68.374221
2.681800,68.385419
2.681900,68.374423
2.682000,68.385409
2.682100,68.392613
2.682200,68.409234
2.682300,68.402175
2.682400,68.388231
2.682500,68.381306
2.682600,68.378502
2.682700,68.381495
2.682800,68.381985
2.682900,68.382227
2.683000,68.382360
2.683100,68.383755
2.683200,68.384119
2.683300,68.384442
2.683400,68.385019
2.683500,68.384636
2.683600,68.385541
2.683700,68.387092
2.683800,68.386826
2.683900,68.387506
2.684000,68.388144
2.684100,68.388207
2.684200,68.388898
2.684300,68.388504
2.684400,68.388937
2.684500,68.389773
2.684600,68.389751
2.684700,68.390396
2.684800,68.390679
2.684900,68.391011
2.685000,68.391543
2.685100,68.391798
2.685200,68.392694
2.685300,68.393704
2.685400,68.393460
2.685500,68.393925
2.685600,68.394283
2.685700,68.394512
2.685800,68.395032
2.685900,68.395339
2.686000,68.396554
2.686100,68.396718
2.686200,68.397578
2.686300,68.397514
2.686400,68.398539
2.686500,68.398853
2.686600,68.398784
2.686700,68.398933
2.686800,68.399851
2.686900,68.399481
2.687000,68.399402
2.687100,68.400732
2.687200,68.401905
2.687300,68.402159
2.687400,68.403797
2.687500,68.403905
2.687600,68.402254
2.687700,68.400772
2.687800,68.403873
2.687900,68.404896
2.688000,68.406167
2.688100,68.404023
2.688200,68.404234
2.688300,68.406667
2.688400,68.408280
2.688500,68.407049
2.688600,68.406213
2.688700,68.400657
2.688800,68.406899
2.688900,68.410563
2.689000,68.406206
2.689100,68.408089
2.689200,68.416239
2.689300,68.416599
2.689400,68.430074
2.689500,68.449376
2.689600,68.455970
2.689700,68.452428
2.689800,68.452846
2.689900,68.450473
2.690000,68.446521
2.690100,68.446303
2.690200,68.446855
2.690300,68.447222
2.690400,68.448272
2.690500,68.446833
2.690600,68.448078
2.690700,68.448547
2.690800,68.448765
2.690900,68.448265
2.691000,68.448325
2.691100,68.449953
2.691200,68.450273
2.691300,68.450414
2.691400,68.450723
2.691500,68.451158
2.691600,68.451320
2.691700,68.452399
2.691800,68.452562
2.691900,68.453334
2.692000,68.452986
2.692100,68.453680
2.692200,68.454132
2.692300,68.454429
2.692400,68.454942
2.692500,68.455704
2.692600,68.456472
2.692700,68.457060
2.692800,68.456975
2.692900,68.457606
2.693000,68.458054
2.693100,68.458348
2.693200,68.458973
2.693300,68.459645
2.693400,68.460378
2.693500,68.460273
2.693600,68.460251
2.693700,68.461027
2.693800,68.461771
2.693900,68.462281
2.694000,68.462503
2.694100,68.461845
2.694200,68.463044
2.694300,68.463939
2.694400,68.463912
2.694500,68.465427
2.694600,68.465706
2.694700,68.464348
2.694800,68.465188
2.694900,68.465374
2.695000,68.467190
2.695100,68.467726
2.695200,68.467817
2.695300,68.468664
2.695400,68.468500
2.695500,68.469924
2.695600,68.470856
2.695700,68.474227
2.695800,68.472779
2.695900,68.479929
2.696000,68.480850
2.696100,68.487250
2.696200,68.490514
2.696300,68.481625
2.696400,68.478802
2.696500,68.476740
2.696600,68.474931
2.696700,68.489711
2.696800,68.495482
2.696900,68.487747
2.697000,68.495573
2.697100,68.496613
2.697200,68.502138
2.697300,68.501982
2.697400,68.502825
2.697500,68.503282
2.697600,68.504867
2.697700,68.505512
2.697800,68.504012
2.697900,68.504535
2.698000,68.504850
2.698100,68.505467
2.698200,68.506353
2.698300,68.507568
2.698400,68.508646
2.698500,68.508295
2.698600,68.508443
2.698700,68.509409
2.698800,68.509037
2.698900,68.509176
2.699000,68.509666
2.699100,68.510386
2.699200,68.510799
2.699300,68.511444
2.699400,68.511971
2.699500,68.512386
2.699600,68.512885
2.699700,68.513159
2.699800,68.513796
2.699900,68.513956
2.700000,68.513994
2.700100,68.514948
2.700200,68.514929
2.700300,68.515470
2.700400,68.515655
2.700500,68.516417
2.700600,68.516617
2.700700,68.517656
2.700800,68.518196
2.700900,68.519467
2.701000,68.519284
2.701100,68.519795
2.701200,68.520265
2.701300,68.520495
2.701400,68.520199
2.701500,68.520220
2.701600,68.521758
2.701700,68.522979
2.701800,68.522535
2.701900,68.522420
2.702000,68.524618
2.702100,68.523468
2.702200,68.523267
2.702300,68.524698
2.702400,68.523853
2.702500,68.525565
2.702600,68.527238
2.702700,68.529637
2.702800,68.528390
2.702900,68.527821
2.703000,68.525272
2.703100,68.527771
2.703200,68.533925
2.703300,68.538124
2.703400,68.533032
2.703500,68.530285
2.703600,68.526537
2.703700,68.529124
2.703800,68.515855
2.703900,68.514164
2.704000,68.492238
2.704100,68.508350
2.704200,68.512992
2.704300,68.528552
2.704400,68.522493
2.704500,68.518757
2.704600,68.522289
2.704700,68.522687
2.704800,68.523180
2.704900,68.524260
2.705000,68.525150
2.705100,68.527536
2.705200,68.526699
2.705300,68.527794
2.705400,68.527321
2.705500,68.528134
2.705600,68.528001
2.705700,68.529151
2.705800,68.529187
2.705900,68.528985
2.706000,68.530272
2.706100,68.530528
2.706200,68.530875
2.706300,68.531423
2.706400,68.531915
2.706500,68.532250
2.706600,68.532759
2.706700,68.533496
2.706800,68.533598
2.706900,68.533800
2.707000,68.534234
2.707100,68.535025
2.707200,68.535307
2.707300,68.535935
2.707400,68.536513
2.707500,68.536677
2.707600,68.536357
2.707700,68.537036
2.707800,68.537681
2.707900,68.538489
2.708000,68.539221
2.708100,68.539405
2.708200,68.539979
2.708300,68.540376
2.708400,68.541229
2.708500,68.540572
2.708600,68.542270
2.708700,68.541909
2.708800,68.541568
2.708900,68.541608
2.709000,68.542546
2.709100,68.543060
2.709200,68.543479
2.709300,68.544716
2.709400,68.544954
2.709500,68.546019
2.709600,68.545761
2.709700,68.545933
2.709800,68.546938
2.709900,68.550535
2.710000,68.548919
2.710100,68.548514
2.710200,68.551377
2.710300,68.552608
2.710400,68.553534
2.710500,68.553084
2.710600,68.548272
2.710700,68.539478
2.710800,68.550427
2.710900,68.559907
2.711000,68.559951
2.711100,68.543876
2.711200,68.548518
2.711300,68.541957
2.711400,68.541107
2.711500,68.534853
2.711600,68.523431
2.711700,68.522741
2.711800,68.525858
2.711900,68.530265
2.712000,68.529711
2.712100,68.530118
2.712200,68.530527
2.712300,68.531089
2.712400,68.533354
2.712500,68.531739
2.712600,68.532585
2.712700,68.532418
2.712800,68.532537
2.712900,68.532656
2.713000,68.533867
2.713100,68.533935
2.713200,68.535033
2.713300,68.535385
2.713400,68.536224
2.713500,68.536145
2.713600,68.536420
2.713700,68.536968
2.713800,68.537518
2.713900,68.538000
2.714000,68.538412
2.714100,68.538892
2.714200,68.539249
2.714300,68.539606
2.714400,68.539926
2.714500,68.540105
2.714600,68.540576
2.714700,68.540885
2.714800,68.541064
2.714900,68.542248
2.715000,68.543126
2.715100,68.543383
2.715200,68.544115
2.715300,68.544595
2.715400,68.544462
2.715500,68.544212
2.715600,68.545352
2.715700,68.545086
2.715800,68.546282
2.715900,68.546255
2.716000,68.547740
2.716100,68.547714
2.716200,68.548348
2.716300,68.549940
2.716400,68.549378
2.716500,68.550457
2.716600,68.550903
2.716700,68.549457
2.716800,68.550389
2.716900,68.550385
2.717000,68.551797
2.717100,68.549369
2.717200,68.552910
2.717300,68.554369
2.717400,68.552329
2.717500,68.552270
2.717600,68.553314
2.717700,68.554462
2.717800,68.551468
2.717900,68.559372
2.718000,68.560291
2.718100,68.561402
2.718200,68.565137
2.718300,68.577164
2.718400,68.592107
2.718500,68.587724
2.718600,68.595272
2.718700,68.610351
2.718800,68.593258
2.718900,68.578615
2.719000,68.591579
2.719100,68.594109
2.719200,68.596067
2.719300,68.595173
2.719400,68.595813
2.719500,68.595666
2.719600,68.597540
2.719700,68.598152
2.719800,68.598947
2.719900,68.598801
2.720000,68.600291
2.720100,68.600944
2.720200,68.602249
2.720300,68.601310
2.720400,68.601411
2.720500,68.601972
2.720600,68.603091
2.720700,68.602764
2.720800,68.603036
2.720900,68.603873
2.721000,68.604544
2.721100,68.604718
2.721200,68.604983
2.721300,68.605368
2.721400,68.606077
2.721500,68.606833
2.721600,68.607148
2.721700,68.608160
2.721800,68.608272
2.721900,68.608723
2.722000,68.609047
2.722100,68.609399
2.722200,68.609652
2.722300,68.610422
2.722400,68.611096
2.722500,68.611639
2.722600,68.611830
2.722700,68.611337
2.722800,68.612446
2.722900,68.613177
2.723000,68.613406
2.723100,68.613886
2.723200,68.614228
2.723300,68.614275
2.723400,68.615435
2.723500,68.615052
2.723600,68.615224
2.723700,68.615287
2.723800,68.616578
2.723900,68.618513
2.724000,68.618433
2.724100,68.619102
2.724200,68.619630
2.724300,68.622442
2.724400,68.620087
2.724500,68.621202
2.724600,68.623562
2.724700,68.622372
2.724800,68.622796
2.724900,68.619641
2.725000,68.619274
2.725100,68.626693
2.725200,68.627963
2.725300,68.622865
2.725400,68.628351
2.725500,68.637313
2.725600,68.648932
2.725700,68.633049
2.725800,68.628519
2.725900,68.617868
2.726000,68.610773
2.726100,68.626372
2.726200,68.638905
2.726300,68.650350
2.726400,68.646626
2.726500,68.647197
2.726600,68.647202
2.726700,68.647694
2.726800,68.648502
2.726900,68.650465
2.727000,68.651349
2.727100,68.650487
2.727200,68.651212
2.727300,68.652359
2.727400,68.651566
2.727500,68.651957
2.727600,68.652506
2.727700,68.652212
2.727800,68.653303
2.727900,68.653715
2.728000,68.654072
2.728100,68.654809
2.728200,68.655198
2.728300,68.656103
2.728400,68.656832
2.728500,68.656477
2.728600,68.656829
2.728700,68.657451
2.728800,68.657526
2.728900,68.657978
2.729000,68.658692
2.729100,68.658867
2.729200,68.658919
2.729300,68.660033
2.729400,68.660236
2.729500,68.660874
2.729600,68.661260
2.729700,68.661706
2.729800,68.662460
2.729900,68.662949
2.730000,68.662938
2.730100,68.663918
2.730200,68.664345
2.730300,68.664282
2.730400,68.665315
2.730500,68.665361
2.730600,68.664700
2.730700,68.666109
2.730800,68.666421
2.730900,68.667343
2.731000,68.667971
2.731100,68.668479
2.731200,68.670311
2.731300,68.668939
2.731400,68.670703
2.731500,68.669692
2.731600,68.669596
2.731700,68.672319
2.731800,68.674704
2.731900,68.674188
2.732000,68.671547
2.732100,68.675117
2.732200,68.674021
2.732300,68.676468
2.732400,68.677188
2.732500,68.672770
2.732600,68.676301
2.732700,68.670517
2.732800,68.671669
2.732900,68.681607
2.733000,68.698828
2.733100,68.718844
2.733200,68.701718
2.733300,68.710121
2.733400,68.707432
2.733500,68.702632
2.733600,68.693960
2.733700,68.694712
2.733800,68.695604
2.733900,68.695777
2.734000,68.695968
2.734100,68.695594
2.734200,68.695279
2.734300,68.695505
2.734400,68.697671
2.734500,68.696206
2.734600,68.696609
2.734700,68.697373
2.734800,68.696663
2.734900,68.697577
2.735000,68.697744
2.735100,68.698213
2.735200,68.699402
2.735300,68.699620
2.735400,68.699663
2.735500,68.700644
2.735600,68.700711
2.735700,68.701372
2.735800,68.701597
2.735900,68.702100
2.736000,68.702485
2.736100,68.703655
2.736200,68.703441
2.736300,68.703482
2.736400,68.704656
2.736500,68.705505
2.736600,68.705772
2.736700,68.706168
2.736800,68.706367
2.736900,68.706364
2.737000,68.706546
2.737100,68.707653
2.737200,68.707952
2.737300,68.708715
2.737400,68.708426
2.737500,68.709270
2.737600,68.710156
2.737700,68.709885
2.737800,68.711179
2.737900,68.711748
2.738000,68.711101
2.738100,68.713075
2.738200,68.714652
2.738300,68.715196
2.738400,68.714012
2.738500,68.714841
2.738600,68.715138
2.738700,68.717120
2.738800,68.716994
2.738900,68.717698
2.739000,68.716047
2.739100,68.714465
2.739200,68.714824
2.739300,68.715445
2.739400,68.716778
2.739500,68.719046
2.739600,68.718197
2.739700,68.712113
2.739800,68.713788
2.739900,68.720327
2.740000,68.710433
2.740100,68.710003
2.740200,68.721050
2.740300,68.714501
2.740400,68.714553
2.740500,68.698750
2.740600,68.696087
2.740700,68.683866
2.740800,68.686073
2.740900,68.687619
2.741000,68.686389
2.741100,68.687674
2.741200,68.689079
2.741300,68.689493
2.741400,68.690704
2.741500,68.691197
2.741600,68.690926
2.741700,68.691203
2.741800,68.690612
2.741900,68.692374
2.742000,68.692601
2.742100,68.693885
2.742200,68.693828
2.742300,68.694784
2.742400,68.695015
2.742500,68.695324
2.742600,68.695886
2.742700,68.696383
2.742800,68.696867
2.742900,68.696917
2.743000,68.697444
2.743100,68.697386
2.743200,68.698070
2.743300,68.698520
2.743400,68.699436
2.743500,68.699788
2.743600,68.700241
2.743700,68.701429
2.743800,68.701252
2.743900,68.701846
2.744000,68.701780
2.744100,68.702878
2.744200,68.702425
2.744300,68.702768
2.744400,68.703778
2.744500,68.703888
2.744600,68.704381
2.744700,68.704396
2.744800,68.705366
2.744900,68.706608
2.745000,68.706865
2.745100,68.706829
2.745200,68.708241
2.745300,68.708531
2.745400,68.707852
2.745500,68.707998
2.745600,68.710166
2.745700,68.709589
2.745800,68.710685
2.745900,68.709864
2.746000,68.712833
2.746100,68.711889
2.746200,68.712807
2.746300,68.713515
2.746400,68.711891
2.746500,68.712915
2.746600,68.714290
2.746700,68.710891
2.746800,68.713388
2.746900,68.712098
2.747000,68.717982
2.747100,68.716276
2.747200,68.719829
2.747300,68.722929
2.747400,68.736346
2.747500,68.741080
2.747600,68.737492
2.747700,68.723150
2.747800,68.730004
2.747900,68.718035
2.748000,68.726762
2.748100,68.733917
2.748200,68.737284
2.748300,68.737225
2.748400,68.737040
2.748500,68.737856
2.748600,68.738891
2.748700,68.738102
2.748800,68.740312
2.748900,68.742734
2.749000,68.742901
2.749100,68.742037
2.749200,68.742850
2.749300,68.742264
2.749400,68.742451
2.749500,68.743071
2.749600,68.742926
2.749700,68.743753
2.749800,68.744708
2.749900,68.745544
2.750000,68.745635
2.750100,68.745566
2.750200,68.746318
2.750300,68.747264
2.750400,68.747469
2.750500,68.747481
2.750600,68.748299
2.750700,68.748825
2.750800,68.748751
2.750900,68.749288
2.751000,68.749836
2.751100,68.749994
2.751200,68.750467
2.751300,68.750993
2.751400,68.751658
2.751500,68.752141
2.751600,68.752770
2.751700,68.752968
2.751800,68.753416
2.751900,68.753819
2.752000,68.754006
2.752100,68.754584
2.752200,68.755442
2.752300,68.756199
2.752400,68.755940
2.752500,68.757309
2.752600,68.757160
2.752700,68.757330
2.752800,68.758221
2.752900,68.758666
2.753000,68.757638
2.753100,68.757865
2.753200,68.759497
2.753300,68.758887
2.753400,68.759498
2.753500,68.760276
2.753600,68.759318
2.753700,68.762858
2.753800,68.763303
2.753900,68.760575
2.754000,68.764372
2.754100,68.762776
2.754200,68.770230
2.754300,68.772006
2.754400,68.781294
2.754500,68.772856
2.754600,68.766076
2.754700,68.770834
2.754800,68.768475
2.754900,68.748877
2.755000,68.728653
2.755100,68.733819
2.755200,68.749490
2.755300,68.737763
2.755400,68.747892
2.755500,68.757822
2.755600,68.754971
2.755700,68.753462
2.755800,68.754006
2.755900,68.754800
2.756000,68.754621
2.756100,68.754769
2.756200,68.755549
2.756300,68.755694
2.756400,68.756774
2.756500,68.756300
2.756600,68.756077
2.756700,68.757363
2.756800,68.758407
2.756900,68.758344
2.757000,68.759364
2.757100,68.759731
2.757200,68.760032
2.757300,68.760139
2.757400,68.760666
2.757500,68.760800
2.757600,68.761975
2.757700,68.761863
2.757800,68.762359
2.757900,68.762907
2.758000,68.762996
2.758100,68.763717
2.758200,68.764017
2.758300,68.764809
2.758400,68.765258
2.758500,68.765696
2.758600,68.766410
2.758700,68.766486
2.758800,68.767104
2.758900,68.767207
2.759000,68.767724
2.759100,68.768643
2.759200,68.768681
2.759300,68.768884
2.759400,68.769721
2.759500,68.770594
2.759600,68.770105
2.759700,68.771096
2.759800,68.772563
2.759900,68.772111
2.760000,68.772040
2.760100,68.773548
2.760200,68.774397
2.760300,68.773311
2.760400,68.774376
2.760500,68.772704
2.760600,68.773013
2.760700,68.775548
2.760800,68.776093
2.760900,68.778285
2.761000,68.776338
2.761100,68.776256
2.761200,68.779497
2.761300,68.776793
2.761400,68.777951
2.761500,68.783162
2.761600,68.787248
2.761700,68.793881
2.761800,68.783920
2.761900,68.783014
2.762000,68.783844
2.762100,68.786711
2.762200,68.802050
2.762300,68.796214
2.762400,68.799848
2.762500,68.784575
2.762600,68.772974
2.762700,68.778400
2.762800,68.785300
2.762900,68.785744
2.763000,68.786265
2.763100,68.786592
2.763200,68.786820
2.763300,68.787037
2.763400,68.788866
2.763500,68.789891
2.763600,68.789275
2.763700,68.789864
2.763800,68.790704
2.763900,68.790564
2.764000,68.790986
2.764100,68.791231
2.764200,68.791562
2.764300,68.792218
2.764400,68.792790
2.764500,68.793513
2.764600,68.794116
2.764700,68.794500
2.764800,68.794818
2.764900,68.794869
2.765000,68.795420
2.765100,68.796406
2.765200,68.796506
2.765300,68.797128
2.765400,68.797350
2.765500,68.797743
2.765600,68.798233
2.765700,68.798913
2.765800,68.799171
2.765900,68.800289
2.766000,68.799886
2.766100,68.800481
2.766200,68.800880
2.766300,68.801355
2.766400,68.802222
2.766500,68.802792
2.766600,68.802799
2.766700,68.803470
2.766800,68.803657
2.766900,68.804413
2.767000,68.803841
2.767100,68.805783
2.767200,68.806224
2.767300,68.806488
2.767400,68.805868
2.767500,68.808251
2.767600,68.807876
2.767700,68.808278
2.767800,68.810580
2.767900,68.810106
2.768000,68.808067
2.768100,68.809146
2.768200,68.807941
2.768300,68.811096
2.768400,68.812663
2.768500,68.809945
2.768600,68.811821
2.768700,68.810282
2.768800,68.816871
2.768900,68.815850
2.769000,68.817079
2.769100,68.822919
2.769200,68.824488
2.769300,68.820700
2.769400,68.822156
2.769500,68.837520
2.769600,68.836523
2.769700,68.852001
2.769800,68.855998
2.769900,68.853485
2.770000,68.852021
2.770100,68.852909
2.770200,68.852940
2.770300,68.853448
2.770400,68.853090
2.770500,68.853037
2.770600,68.853990
2.770700,68.855227
2.770800,68.856962
2.770900,68.859096
2.771000,68.859705
2.771100,68.859700
2.771200,68.859291
2.771300,68.859731
2.771400,68.860265
2.771500,68.860992
2.771600,68.861819
2.771700,68.861989
2.771800,68.863231
2.771900,68.863220
2.772000,68.863796
2.772100,68.864361
2.772200,68.864149
2.772300,68.864788
2.772400,68.865391
2.772500,68.865763
2.772600,68.866124
2.772700,68.866772
2.772800,68.867438
2.772900,68.867261
2.773000,68.867040
2.773100,68.867990
2.773200,68.867818
2.773300,68.868319
2.773400,68.869333
2.773500,68.870021
2.773600,68.870513
2.773700,68.871126
2.773800,68.871383
2.773900,68.872279
2.774000,68.873148
2.774100,68.873082
2.774200,68.873919
2.774300,68.874798
2.774400,68.875071
2.774500,68.874500
2.774600,68.875842
2.774700,68.875700
2.774800,68.875932
2.774900,68.877172
2.775000,68.877516
2.775100,68.877082
2.775200,68.878178
2.775300,68.878362
2.775400,68.880308
2.775500,68.880511
2.775600,68.882465
2.775700,68.881481
2.775800,68.878082
2.775900,68.880460
2.776000,68.876608
2.776100,68.872576
2.776200,68.876744
2.776300,68.877282
2.776400,68.863658
2.776500,68.860346
2.776600,68.878031
2.776700,68.886459
2.776800,68.870186
2.776900,68.874018
2.777000,68.873485
2.777100,68.864449
2.777200,68.875215
2.777300,68.871967
2.777400,68.869673
2.777500,68.871662
2.777600,68.872100
2.777700,68.872725
2.777800,68.873205
2.777900,68.874157
2.778000,68.875503
2.778100,68.875692
2.778200,68.875367
2.778300,68.876178
2.778400,68.875819
2.778500,68.877044
2.778600,68.878575
2.778700,68.877912
2.778800,68.878153
2.778900,68.879142
2.779000,68.879416
2.779100,68.880187
2.779200,68.880221
2.779300,68.880443
2.779400,68.880497
2.779500,68.881050
2.779600,68.881675
2.779700,68.882534
2.779800,68.883016
2.779900,68.883378
2.780000,68.883921
2.780100,68.884402
2.780200,68.884454
2.780300,68.884695
2.780400,68.885829
2.780500,68.885723
2.780600,68.886655
2.780700,68.887285
2.780800,68.887375
2.780900,68.888388
2.781000,68.888878
2.781100,68.888872
2.781200,68.889473
2.781300,68.889989
2.781400,68.889994
2.781500,68.890799
2.781600,68.891047
2.781700,68.892863
2.781800,68.892764
2.781900,68.892250
2.782000,68.892955
2.782100,68.893749
2.782200,68.895792
2.782300,68.894120
2.782400,68.894638
2.782500,68.896239
2.782600,68.896875
2.782700,68.896074
2.782800,68.895531
2.782900,68.896250
2.783000,68.895171
2.783100,68.894630
2.783200,68.898397
2.783300,68.903254
2.783400,68.904251
2.783500,68.907807
2.783600,68.910673
2.783700,68.919182
2.783800,68.911573
2.783900,68.900089
2.784000,68.908021
2.784100,68.916782
2.784200,68.905295
2.784300,68.923491
2.784400,68.935686
2.784500,68.926771
2.784600,68.926081
2.784700,68.926255
2.784800,68.927048
2.784900,68.927319
2.785000,68.928722
2.785100,68.929889
2.785200,68.929488
2.785300,68.929705
2.785400,68.930588
2.785500,68.931163
2.785600,68.930241
2.785700,68.930666
2.785800,68.931506
2.785900,68.931803
2.786000,68.932674
2.786100,68.933026
2.786200,68.933177
2.786300,68.932866
2.786400,68.934016
2.786500,68.935134
2.786600,68.934782
2.786700,68.935352
2.786800,68.936366
2.786900,68.937122
2.787000,68.936843
2.787100,68.937545
2.787200,68.938014
2.787300,68.938132
2.787400,68.939322
2.787500,68.939233
2.787600,68.940176
2.787700,68.940535
2.787800,68.941033
2.787900,68.941778
2.788000,68.942399
2.788100,68.942263
2.788200,68.942803
2.788300,68.942775
2.788400,68.942573
2.788500,68.943289
2.788600,68.944928
2.788700,68.944866
2.788800,68.944911
2.788900,68.946039
2.789000,68.946368
2.789100,68.946937
2.789200,68.946853
2.789300,68.947958
2.789400,68.949678
2.789500,68.948143
2.789600,68.949541
2.789700,68.948760
2.789800,68.949376
2.789900,68.949191
2.790000,68.949410
2.790100,68.949855
2.790200,68.953769
2.790300,68.951956
2.790400,68.950541
2.790500,68.954671
2.790600,68.948976
2.790700,68.955197
2.790800,68.956714
2.790900,68.966449
2.791000,68.956815
2.791100,68.944252
2.791200,68.936788
2.791300,68.954250
2.791400,68.968397
2.791500,68.975614
2.791600,68.959630
2.791700,68.956637
2.791800,68.949375
2.791900,68.954791
2.792000,68.954205
2.792100,68.954880
2.792200,68.955080
2.792300,68.954316
2.792400,68.954886
2.792500,68.955802
2.792600,68.956266
2.792700,68.957319
2.792800,68.958429
2.792900,68.959024
2.793000,68.960795
2.793100,68.960494
2.793200,68.960510
2.793300,68.960744
2.793400,68.961369
2.793500,68.961699
2.793600,68.962304
2.793700,68.962835
2.793800,68.963403
2.793900,68.963630
2.794000,68.964101
2.794100,68.964766
2.794200,68.965228
2.794300,68.966216
2.794400,68.966177
2.794500,68.966049
2.794600,68.967273
2.794700,68.967582
2.794800,68.967883
2.794900,68.968913
2.795000,68.968707
2.795100,68.968887
2.795200,68.969664
2.795300,68.969837
2.795400,68.970598
2.795500,68.970756
2.795600,68.971340
2.795700,68.971907
2.795800,68.972274
2.795900,68.973116
2.796000,68.973360
2.796100,68.973531
2.796200,68.973385
2.796300,68.973353
2.796400,68.973861
2.796500,68.974519
2.796600,68.976975
2.796700,68.978301
2.796800,68.977273
2.796900,68.977396
2.797000,68.979091
2.797100,68.979810
2.797200,68.979720
2.797300,68.979710
2.797400,68.981832
2.797500,68.982888
2.797600,68.981569
2.797700,68.981182
2.797800,68.987940
2.797900,68.984584
2.798000,68.977590
2.798100,68.967812
2.798200,68.972680
2.798300,68.973627
2.798400,68.983294
2.798500,68.997089
2.798600,69.001266
2.798700,69.003905
2.798800,68.987675
2.798900,68.987014
2.799000,68.981242
2.799100,68.986982
2.799200,68.987025
2.799300,68.988509
2.799400,68.988948
2.799500,68.989150
2.799600,68.988132
2.799700,68.988702
2.799800,68.990040
2.799900,68.991131
2.800000,68.991882
2.800100,68.992420
2.800200,68.992415
2.800300,68.993187
2.800400,68.992703
2.800500,68.992519
2.800600,68.993806
2.800700,68.994487
2.800800,68.994480
2.800900,68.995722
2.801000,68.996253
2.801100,68.997034
2.801200,68.996781
2.801300,68.997462
2.801400,68.998102
2.801500,68.998604
2.801600,68.998783
2.801700,68.999705
2.801800,69.000294
2.801900,69.000049
2.802000,69.000657
2.802100,69.000995
2.802200,69.001386
2.802300,69.002085
2.802400,69.002477
2.802500,69.003130
2.802600,69.003544
2.802700,69.003425
2.802800,69.003966
2.802900,69.004170
2.803000,69.004649
2.803100,69.005547
2.803200,69.006477
2.803300,69.006335
2.803400,69.005918
2.803500,69.007160
2.803600,69.008466
2.803700,69.009673
2.803800,69.010279
2.803900,69.010782
2.804000,69.011097
2.804100,69.011958
2.804200,69.011516
2.804300,69.009037
2.804400,69.006748
2.804500,69.008346
2.804600,69.009700
2.804700,69.010721
2.804800,69.013608
2.804900,69.018853
2.805000,69.021570
2.805100,69.021392
2.805200,69.017882
2.805300,69.020944
2.805400,69.016357
2.805500,69.017923
2.805600,69.031376
2.805700,69.050751
2.805800,69.047660
2.805900,69.048255
2.806000,69.046493
2.806100,69.037966
2.806200,69.047013
2.806300,69.044984
2.806400,69.044688
2.806500,69.045442
2.806600,69.046018
2.806700,69.046136
2.806800,69.045665
2.806900,69.045381
2.807000,69.046660
2.807100,69.047187
2.807200,69.048131
2.807300,69.049425
2.807400,69.048538
2.807500,69.049084
2.807600,69.049835
2.807700,69.050133
2.807800,69.051286
2.807900,69.051014
2.808000,69.051088
2.808100,69.051500
2.808200,69.051912
2.808300,69.052341
2.808400,69.053118
2.808500,69.053798
2.808600,69.053860
2.808700,69.054688
2.808800,69.055098
2.808900,69.055753
2.809000,69.055611
2.809100,69.055783
2.809200,69.056307
2.809300,69.057127
2.809400,69.057506
2.809500,69.058364
2.809600,69.058503
2.809700,69.058973
2.809800,69.059440
2.809900,69.060074
2.810000,69.060090
2.810100,69.061584
2.810200,69.062307
2.810300,69.062380
2.810400,69.061951
2.810500,69.063300
2.810600,69.063887
2.810700,69.064417
2.810800,69.064292
2.810900,69.064752
2.811000,69.065704
2.811100,69.065426
2.811200,69.066812
2.811300,69.065623
2.811400,69.065134
2.811500,69.064613
2.811600,69.068334
2.811700,69.066416
2.811800,69.063440
2.811900,69.060583
2.812000,69.066195
2.812100,69.071848
2.812200,69.074507
2.812300,69.076362
2.812400,69.079191
2.812500,69.075619
2.812600,69.074626
2.812700,69.068347
2.812800,69.057667
2.812900,69.066652
2.813000,69.056241
2.813100,69.060099
2.813200,69.059284
2.813300,69.073314
2.813400,69.066458
2.813500,69.065136
2.813600,69.060621
2.813700,69.062929
2.813800,69.063666
2.813900,69.064758
2.814000,69.064739
2.814100,69.065705
2.814200,69.067068
2.814300,69.066672
2.814400,69.067103
2.814500,69.068853
2.814600,69.068706
2.814700,69.068745
2.814800,69.069136
2.814900,69.069534
2.815000,69.069959
2.815100,69.070929
2.815200,69.071183
2.815300,69.071854
2.815400,69.071812
2.815500,69.072297
2.815600,69.072764
2.815700,69.073782
2.815800,69.074135
2.815900,69.074208
2.816000,69.074940
2.816100,69.075184
2.816200,69.075945
2.816300,69.076444
2.816400,69.076866
2.816500,69.077163
2.816600,69.077644
2.816700,69.077553
2.816800,69.078368
2.816900,69.078914
2.817000,69.079089
2.817100,69.080320
2.817200,69.080987
2.817300,69.081083
2.817400,69.081329
2.817500,69.080635
2.817600,69.082061
2.817700,69.082376
2.817800,69.083485
2.817900,69.083586
2.818000,69.084301
2.818100,69.084443
2.818200,69.085236
2.818300,69.086018
2.818400,69.087070
2.818500,69.086226
2.818600,69.085993
2.818700,69.088551
2.818800,69.089081
2.818900,69.089762
2.819000,69.089576
2.819100,69.091538
2.819200,69.088002
2.819300,69.089413
2.819400,69.093728
2.819500,69.096560
2.819600,69.094057
2.819700,69.099782
2.819800,69.102806
2.819900,69.101543
2.820000,69.106598
2.820100,69.114615
2.820200,69.110904
2.820300,69.131530
2.820400,69.150538
2.820500,69.141976
2.820600,69.134336
2.820700,69.144387
2.820800,69.144020
2.820900,69.141699
2.821000,69.142378
2.821100,69.142817
2.821200,69.142210
2.821300,69.142387
2.821400,69.142722
2.821500,69.143464
2.821600,69.143949
2.821700,69.143430
2.821800,69.145245
2.821900,69.145872
2.822000,69.145442
2.822100,69.145674
2.822200,69.146408
2.822300,69.147567
2.822400,69.148099
2.822500,69.148113
2.822600,69.148019
2.822700,69.148901
2.822800,69.149378
2.822900,69.149635
2.823000,69.150601
2.823100,69.151348
2.823200,69.151301
2.823300,69.151488
2.823400,69.151733
2.823500,69.151814
2.823600,69.152876
2.823700,69.153497
2.823800,69.153959
2.823900,69.154570
2.824000,69.154753
2.824100,69.155778
2.824200,69.155993
2.824300,69.156078
2.824400,69.156377
2.824500,69.157210
2.824600,69.157613
2.824700,69.158976
2.824800,69.159079
2.824900,69.159400
2.825000,69.159550
2.825100,69.160119
2.825200,69.160119
2.825300,69.160083
2.825400,69.161544
2.825500,69.160216
2.825600,69.161220
2.825700,69.161103
2.825800,69.161784
2.825900,69.163558
2.826000,69.164446
2.826100,69.163114
2.826200,69.164070
2.826300,69.164216
2.826400,69.165168
2.826500,69.162448
2.826600,69.168954
2.826700,69.163002
2.826800,69.161075
2.826900,69.163413
2.827000,69.163145
2.827100,69.166652
2.827200,69.163018
2.827300,69.168960
2.827400,69.183897
2.827500,69.204536
2.827600,69.184742
2.827700,69.182701
2.827800,69.173936
2.827900,69.175040
2.828000,69.169913
2.828100,69.170629
2.828200,69.171339
2.828300,69.171769
2.828400,69.172393
2.828500,69.173582
2.828600,69.173047
2.828700,69.174597
2.828800,69.174563
2.828900,69.175255
2.829000,69.175338
2.829100,69.176162
2.829200,69.176111
2.829300,69.176890
2.829400,69.177310
2.829500,69.177300
2.829600,69.177785
2.829700,69.178683
2.829800,69.178798
2.829900,69.179181
2.830000,69.179988
2.830100,69.180349
2.830200,69.181139
2.830300,69.180944
2.830400,69.181463
2.830500,69.181949
2.830600,69.182409
2.830700,69.183554
2.830800,69.183274
2.830900,69.184356
2.831000,69.184521
2.831100,69.185102
2.831200,69.185421
2.831300,69.185297
2.831400,69.185997
2.831500,69.186890
2.831600,69.186837
2.831700,69.187174
2.831800,69.188401
2.831900,69.189690
2.832000,69.189701
2.832100,69.190140
2.832200,69.190140
2.832300,69.189967
2.832400,69.191968
2.832500,69.190895
2.832600,69.192129
2.832700,69.191718
2.832800,69.191510
2.832900,69.191537
2.833000,69.193107
2.833100,69.194471
2.833200,69.194503
2.833300,69.194544
2.833400,69.195607
2.833500,69.199870
2.833600,69.196823
2.833700,69.196597
2.833800,69.197143
2.833900,69.200869
2.834000,69.197993
2.834100,69.189895
2.834200,69.180244
2.834300,69.175793
2.834400,69.165837
2.834500,69.176588
2.834600,69.166858
2.834700,69.182001
2.834800,69.169418
2.834900,69.180900
2.835000,69.166354
2.835100,69.165246
2.835200,69.170306
2.835300,69.167446
2.835400,69.167799
2.835500,69.167864
2.835600,69.168638
2.835700,69.167788
2.835800,69.169393
2.835900,69.169689
2.836000,69.171362
2.836100,69.171725
2.836200,69.171594
2.836300,69.172510
2.836400,69.172707
2.836500,69.172800
2.836600,69.173265
2.836700,69.174481
2.836800,69.174255
2.836900,69.174845
2.837000,69.175033
2.837100,69.175579
2.837200,69.176327
2.837300,69.176746
2.837400,69.176894
2.837500,69.176616
2.837600,69.177590
2.837700,69.178070
2.837800,69.178290
2.837900,69.178835
2.838000,69.179180
2.838100,69.179862
2.838200,69.180085
2.838300,69.180963
2.838400,69.181134
2.838500,69.181734
2.838600,69.182494
2.838700,69.182955
2.838800,69.183695
2.838900,69.183604
2.839000,69.183873
2.839100,69.185158
2.839200,69.185266
2.839300,69.185500
2.839400,69.186052
2.839500,69.187191
2.839600,69.187070
2.839700,69.187221
2.839800,69.187727
2.839900,69.187130
2.840000,69.189516
2.840100,69.189799
2.840200,69.187960
2.840300,69.189034
2.840400,69.191797
2.840500,69.191494
2.840600,69.189772
2.840700,69.192146
2.840800,69.192574
2.840900,69.193872
2.841000,69.190546
2.841100,69.193072
2.841200,69.195897
2.841300,69.187978
2.841400,69.192425
2.841500,69.191462
2.841600,69.190020
2.841700,69.196736
2.841800,69.186171
2.841900,69.178417
2.842000,69.176499
2.842100,69.197530
2.842200,69.183868
2.842300,69.184733
2.842400,69.177465
2.842500,69.183976
2.842600,69.183201
2.842700,69.183649
2.842800,69.184095
2.842900,69.184047
2.843000,69.185044
2.843100,69.183948
2.843200,69.186121
2.843300,69.186238
2.843400,69.186439
2.843500,69.187024
2.843600,69.187524
2.843700,69.187917
2.843800,69.188476
2.843900,69.189344
2.844000,69.190050
2.844100,69.190254
2.844200,69.190545
2.844300,69.191241
2.844400,69.192021
2.844500,69.192058
2.844600,69.192249
2.844700,69.192944
2.844800,69.193416
2.844900,69.194025
2.845000,69.194194
2.845100,69.195096
2.845200,69.195798
2.845300,69.195654
2.845400,69.196050
2.845500,69.196210
2.845600,69.196850
2.845700,69.197623
2.845800,69.198269
2.845900,69.198928
2.846000,69.199085
2.846100,69.198919
2.846200,69.200322
2.846300,69.200382
2.846400,69.200379
2.846500,69.201117
2.846600,69.201879
2.846700,69.202017
2.846800,69.202407
2.846900,69.202012
2.847000,69.204006
2.847100,69.203874
2.847200,69.203740
2.847300,69.206253
2.847400,69.206464
2.847500,69.207211
2.847600,69.208066
2.847700,69.206705
2.847800,69.207238
2.847900,69.209083
2.848000,69.205565
2.848100,69.206179
2.848200,69.208654
2.848300,69.206696
2.848400,69.203959
2.848500,69.204559
2.848600,69.207982
2.848700,69.202052
2.848800,69.210231
2.848900,69.200024
2.849000,69.218262
2.849100,69.211419
2.849200,69.201224
2.849300,69.194112
2.849400,69.179828
2.849500,69.188026
2.849600,69.185808
2.849700,69.189146
2.849800,69.190732
2.849900,69.192606
2.850000,69.193046
2.850100,69.193268
2.850200,69.194263
2.850300,69.194904
2.850400,69.197206
2.850500,69.198306
2.850600,69.199700
2.850700,69.199498
2.850800,69.199573
2.850900,69.200038
2.851000,69.200095
2.851100,69.201176
2.851200,69.201504
2.851300,69.201965
2.851400,69.201928
2.851500,69.202433
2.851600,69.202714
2.851700,69.203568
2.851800,69.203989
2.851900,69.204832
2.852000,69.204828
2.852100,69.205098
2.852200,69.206042
2.852300,69.205969
2.852400,69.206602
2.852500,69.207258
2.852600,69.207620
2.852700,69.208176
2.852800,69.208548
2.852900,69.208480
2.853000,69.209178
2.853100,69.209848
2.853200,69.210858
2.853300,69.210776
2.853400,69.211391
2.853500,69.211314
2.853600,69.211043
2.853700,69.212372
2.853800,69.213042
2.853900,69.214445
2.854000,69.214143
2.854100,69.214825
2.854200,69.214204
2.854300,69.215363
2.854400,69.216226
2.854500,69.216168
2.854600,69.216609
2.854700,69.216918
2.854800,69.216702
2.854900,69.218909
2.855000,69.220611
2.855100,69.218679
2.855200,69.219819
2.855300,69.223035
2.855400,69.226331
2.855500,69.225812
2.855600,69.224309
2.855700,69.226691
2.855800,69.228857
2.855900,69.230580
2.856000,69.218262
2.856100,69.221445
2.856200,69.224201
2.856300,69.219790
2.856400,69.237979
2.856500,69.254670
2.856600,69.246774
2.856700,69.251167
2.856800,69.253823
2.856900,69.258226
2.857000,69.259181
2.857100,69.259464
2.857200,69.259873
2.857300,69.261272
2.857400,69.261805
2.857500,69.262791
2.857600,69.264619
2.857700,69.264907
2.857800,69.265569
2.857900,69.265931
2.858000,69.266128
2.858100,69.266084
2.858200,69.266663
2.858300,69.266848
2.858400,69.267038
2.858500,69.268055
2.858600,69.268263
2.858700,69.269049
2.858800,69.269331
2.858900,69.269810
2.859000,69.269738
2.859100,69.269965
2.859200,69.271037
2.859300,69.271805
2.859400,69.272339
2.859500,69.272481
2.859600,69.272454
2.859700,69.273646
2.859800,69.274574
2.859900,69.275086
2.860000,69.275778
2.860100,69.275779
2.860200,69.275863
2.860300,69.276200
2.860400,69.276758
2.860500,69.276959
2.860600,69.277707
2.860700,69.278206
2.860800,69.278507
2.860900,69.278637
2.861000,69.279233
2.861100,69.279556
2.861200,69.279720
2.861300,69.281178
2.861400,69.282384
2.861500,69.281871
2.861600,69.281937
2.861700,69.283049
2.861800,69.284402
2.861900,69.284271
2.862000,69.283446
2.862100,69.284524
2.862200,69.284375
2.862300,69.286382
2.862400,69.285743
2.862500,69.288692
2.862600,69.287799
2.862700,69.291328
2.862800,69.286955
2.862900,69.290221
2.863000,69.296657
2.863100,69.289405
2.863200,69.289945
2.863300,69.297711
2.863400,69.285451
2.863500,69.302831
2.863600,69.296719
2.863700,69.274346
2.863800,69.291994
2.863900,69.291249
2.864000,69.292603
2.864100,69.300871
2.864200,69.304052
2.864300,69.303217
2.864400,69.303602
2.864500,69.304094
2.864600,69.305107
2.864700,69.303949
2.864800,69.304456
2.864900,69.305417
2.865000,69.306509
2.865100,69.305639
2.865200,69.305485
2.865300,69.307112
2.865400,69.307254
2.865500,69.308112
2.865600,69.308982
2.865700,69.309177
2.865800,69.310149
2.865900,69.309886
2.866000,69.310080
2.866100,69.310587
2.866200,69.311272
2.866300,69.311687
2.866400,69.312198
2.866500,69.312615
2.866600,69.313361
2.866700,69.313467
2.866800,69.313981
2.866900,69.314514
2.867000,69.314998
2.867100,69.315173
2.867200,69.315920
2.867300,69.316384
2.867400,69.316029
2.867500,69.317428
2.867600,69.317552
2.867700,69.317976
2.867800,69.318510
2.867900,69.319435
2.868000,69.319162
2.868100,69.319947
2.868200,69.319936
2.868300,69.320790
2.868400,69.322456
2.868500,69.322865
2.868600,69.322077
2.868700,69.322152
2.868800,69.324278
2.868900,69.324893
2.869000,69.325668
2.869100,69.326034
2.869200,69.325160
2.869300,69.327411
2.869400,69.329240
2.869500,69.330391
2.869600,69.327850
2.869700,69.330166
2.869800,69.331188
2.869900,69.328215
2.870000,69.331666
2.870100,69.329563
2.870200,69.331915
2.870300,69.341167
2.870400,69.335532
2.870500,69.347965
2.870600,69.344642
2.870700,69.357401
2.870800,69.367234
2.870900,69.360892
2.871000,69.358658
2.871100,69.362837
2.871200,69.376388
2.871300,69.379029
2.871400,69.381820
2.871500,69.382209
2.871600,69.382769
2.871700,69.383658
2.871800,69.384403
2.871900,69.386934
2.872000,69.386595
2.872100,69.387310
2.872200,69.389345
2.872300,69.388122
2.872400,69.387573
2.872500,69.388574
2.872600,69.390266
2.872700,69.390407
2.872800,69.390745
2.872900,69.390983
2.873000,69.391517
2.873100,69.392166
2.873200,69.392014
2.873300,69.392319
2.873400,69.392707
2.873500,69.393319
2.873600,69.394575
2.873700,69.395033
2.873800,69.394732
2.873900,69.395468
2.874000,69.395594
2.874100,69.396292
2.874200,69.397086
2.874300,69.397285
2.874400,69.397843
2.874500,69.398426
2.874600,69.398917
2.874700,69.399656
2.874800,69.399856
2.874900,69.400284
2.875000,69.400375
2.875100,69.401275
2.875200,69.402459
2.875300,69.402116
2.875400,69.402475
2.875500,69.402701
2.875600,69.404188
2.875700,69.404008
2.875800,69.405348
2.875900,69.404174
2.876000,69.406457
2.876100,69.406983
2.876200,69.406845
2.876300,69.407008
2.876400,69.406492
2.876500,69.407073
2.876600,69.404414
2.876700,69.404085
2.876800,69.406009
2.876900,69.410543
2.877000,69.412184
2.877100,69.415536
2.877200,69.419251
2.877300,69.419129
2.877400,69.420590
2.877500,69.424576
2.877600,69.419206
2.877700,69.421514
2.877800,69.428970
2.877900,69.413019
2.878000,69.426521
2.878100,69.407521
2.878200,69.413292
2.878300,69.418745
2.878400,69.428907
2.878500,69.424526
2.878600,69.425218
2.878700,69.424708
2.878800,69.425445
2.878900,69.425798
2.879000,69.426922
2.879100,69.427858
2.879200,69.428040
2.879300,69.427179
2.879400,69.427603
2.879500,69.428596
2.879600,69.429215
2.879700,69.428865
2.879800,69.429578
2.879900,69.430421
2.880000,69.431328
2.880100,69.431799
2.880200,69.432203
2.880300,69.432494
2.880400,69.432753
2.880500,69.432927
2.880600,69.433845
2.880700,69.434329
2.880800,69.434987
2.880900,69.435839
2.881000,69.436439
2.881100,69.436098
2.881200,69.436091
2.881300,69.436642
2.881400,69.437078
2.881500,69.437245
2.881600,69.438469
2.881700,69.438776
2.881800,69.439270
2.881900,69.440419
2.882000,69.440943
2.882100,69.440455
2.882200,69.441142
2.882300,69.441963
2.882400,69.442625
2.882500,69.442718
2.882600,69.443158
2.882700,69.443700
2.882800,69.444362
2.882900,69.445048
2.883000,69.445494
2.883100,69.446559
2.883200,69.446015
2.883300,69.446930
2.883400,69.445193
2.883500,69.446575
2.883600,69.445228
2.883700,69.447388
2.883800,69.449857
2.883900,69.450195
2.884000,69.447561
2.884100,69.447418
2.884200,69.449166
2.884300,69.451828
2.884400,69.447010
2.884500,69.446871
2.884600,69.445490
2.884700,69.445984
2.884800,69.435964
2.884900,69.445150
2.885000,69.445585
2.885100,69.443757
2.885200,69.456231
2.885300,69.452102
2.885400,69.438512
2.885500,69.432635
2.885600,69.435021
2.885700,69.434682
2.885800,69.435742
2.885900,69.436643
2.886000,69.436744
2.886100,69.437280
2.886200,69.436598
2.886300,69.438849
2.886400,69.438756
2.886500,69.438905
2.886600,69.438959
2.886700,69.439640
2.886800,69.441392
2.886900,69.441129
2.887000,69.441453
2.887100,69.441941
2.887200,69.441982
2.887300,69.442286
2.887400,69.443027
2.887500,69.443302
2.887600,69.444462
2.887700,69.444335
2.887800,69.445128
2.887900,69.445719
2.888000,69.446020
2.888100,69.445787
2.888200,69.446405
2.888300,69.446942
2.888400,69.447418
2.888500,69.448299
2.888600,69.448384
2.888700,69.449074
2.888800,69.449671
2.888900,69.449931
2.889000,69.450572
2.889100,69.451100
2.889200,69.451055
2.889300,69.451942
2.889400,69.452314
2.889500,69.452665
2.889600,69.453020
2.889700,69.454509
2.889800,69.454466
2.889900,69.453837
2.890000,69.454557
2.890100,69.455072
2.890200,69.456251
2.890300,69.457426
2.890400,69.456869
2.890500,69.458411
2.890600,69.459801
2.890700,69.458669
2.890800,69.460513
2.890900,69.462255
2.891000,69.460348
2.891100,69.462032
2.891200,69.462418
2.891300,69.460210
2.891400,69.459250
2.891500,69.463248
2.891600,69.462705
2.891700,69.460296
2.891800,69.463203
2.891900,69.457532
2.892000,69.449731
2.892100,69.439626
2.892200,69.435644
2.892300,69.439679
2.892400,69.455018
2.892500,69.434556
2.892600,69.433758
2.892700,69.440952
2.892800,69.444124
2.892900,69.439271
2.893000,69.439779
2.893100,69.438242
2.893200,69.438769
2.893300,69.439640
2.893400,69.439294
2.893500,69.438848
2.893600,69.438707
2.893700,69.439499
2.893800,69.440003
2.893900,69.441194
2.894000,69.441401
2.894100,69.442170
2.894200,69.441971
2.894300,69.442160
2.894400,69.443465
2.894500,69.444065
2.894600,69.444796
2.894700,69.445320
2.894800,69.445188
2.894900,69.445245
2.895000,69.446379
2.895100,69.446622
2.895200,69.446871
2.895300,69.447555
2.895400,69.448003
2.895500,69.448402
2.895600,69.448850
2.895700,69.449364
2.895800,69.450000
2.895900,69.450185
2.896000,69.450635
2.896100,69.450876
2.896200,69.451744
2.896300,69.452255
2.896400,69.452760
2.896500,69.453761
2.896600,69.453970
2.896700,69.454205
2.896800,69.454054
2.896900,69.455380
2.897000,69.454804
2.897100,69.456019
2.897200,69.456545
2.897300,69.457161
2.897400,69.456579
2.897500,69.456978
2.897600,69.457338
2.897700,69.456425
2.897800,69.459097
2.897900,69.460462
2.898000,69.460455
2.898100,69.459847
2.898200,69.460250
2.898300,69.461862
2.898400,69.464244
2.898500,69.465172
2.898600,69.463455
2.898700,69.460076
2.898800,69.461460
2.898900,69.465282
2.899000,69.467717
2.899100,69.472906
2.899200,69.479041
2.899300,69.472306
2.899400,69.485432
2.899500,69.482904
2.899600,69.476555
2.899700,69.484130
2.899800,69.492495
2.899900,69.487781
2.900000,69.481220
2.900100,69.484475
2.900200,69.485838
2.900300,69.486591
2.900400,69.487066
2.900500,69.487788
2.900600,69.487547
2.900700,69.489299
2.900800,69.489779
2.900900,69.489068
2.901000,69.490756
2.901100,69.491151
2.901200,69.490772
2.901300,69.492336
2.901400,69.492055
2.901500,69.492312
2.901600,69.492521
2.901700,69.493147
2.901800,69.493867
2.901900,69.493634
2.902000,69.494510
2.902100,69.494726
2.902200,69.495415
2.902300,69.495593
2.902400,69.496304
2.902500,69.497075
2.902600,69.498100
2.902700,69.498145
2.902800,69.498843
2.902900,69.498572
2.903000,69.499241
2.903100,69.498993
2.903200,69.499946
2.903300,69.500627
2.903400,69.501085
2.903500,69.501625
2.903600,69.501714
2.903700,69.502373
2.903800,69.503184
2.903900,69.503745
2.904000,69.504048
2.904100,69.503691
2.904200,69.505216
2.904300,69.506197
2.904400,69.505636
2.904500,69.506435
2.904600,69.507277
2.904700,69.507156
2.904800,69.507677
2.904900,69.508316
2.905000,69.507719
2.905100,69.507846
2.905200,69.508746
2.905300,69.510026
2.905400,69.511256
2.905500,69.513019
2.905600,69.513571
2.905700,69.513233
2.905800,69.515445
2.905900,69.513133
2.906000,69.510850
2.906100,69.517812
2.906200,69.520604
2.906300,69.511879
2.906400,69.507542
2.906500,69.516432
2.906600,69.530992
2.906700,69.542429
2.906800,69.545551
2.906900,69.536269
2.907000,69.522071
2.907100,69.524221
2.907200,69.531624
2.907300,69.528972
2.907400,69.529282
2.907500,69.530786
2.907600,69.530942
2.907700,69.531230
2.907800,69.531082
2.907900,69.530647
2.908000,69.530285
2.908100,69.531844
2.908200,69.531007
2.908300,69.531584
2.908400,69.532444
2.908500,69.532726
2.908600,69.533280
2.908700,69.534798
2.908800,69.534849
2.908900,69.534986
2.909000,69.535854
2.909100,69.536158
2.909200,69.536034
2.909300,69.536917
2.909400,69.537865
2.909500,69.537547
2.909600,69.537538
2.909700,69.538375
2.909800,69.538798
2.909900,69.539878
2.910000,69.540084
2.910100,69.540689
2.910200,69.541018
2.910300,69.541686
2.910400,69.542427
2.910500,69.542372
2.910600,69.542718
2.910700,69.543338
2.910800,69.543625
2.910900,69.544636
2.911000,69.544297
2.911100,69.544718
2.911200,69.545066
2.911300,69.545537
2.911400,69.546230
2.911500,69.547236
2.911600,69.547658
2.911700,69.547628
2.911800,69.548209
2.911900,69.550140
2.912000,69.550379
2.912100,69.551796
2.912200,69.551299
2.912300,69.551743
2.912400,69.551523
2.912500,69.552537
2.912600,69.553198
2.912700,69.553495
2.912800,69.554939
2.912900,69.556690
2.913000,69.555207
2.913100,69.552699
2.913200,69.555728
2.913300,69.554989
2.913400,69.558636
2.913500,69.550867
2.913600,69.558961
2.913700,69.569861
2.913800,69.554648
2.913900,69.573437
2.914000,69.579799
2.914100,69.580199
2.914200,69.559654
2.914300,69.557452
2.914400,69.568330
2.914500,69.559982
2.914600,69.563344
2.914700,69.566084
2.914800,69.566980
2.914900,69.567738
2.915000,69.569237
2.915100,69.569043
2.915200,69.567615
2.915300,69.569317
2.915400,69.570179
2.915500,69.570545
2.915600,69.570875
2.915700,69.571581
2.915800,69.572734
2.915900,69.573989
2.916000,69.573508
2.916100,69.573699
2.916200,69.574356
2.916300,69.574653
2.916400,69.575045
2.916500,69.575492
2.916600,69.576118
2.916700,69.576253
2.916800,69.576753
2.916900,69.577208
2.917000,69.577620
2.917100,69.578765
2.917200,69.578464
2.917300,69.579129
2.917400,69.580126
2.917500,69.580778
2.917600,69.580494
2.917700,69.581827
2.917800,69.581719
2.917900,69.581975
2.918000,69.583209
2.918100,69.583003
2.918200,69.583585
2.918300,69.583724
2.918400,69.584449
2.918500,69.585612
2.918600,69.585839
2.918700,69.586512
2.918800,69.586363
2.918900,69.586112
2.919000,69.586971
2.919100,69.587490
2.919200,69.587348
2.919300,69.586610
2.919400,69.589369
2.919500,69.590644
2.919600,69.591875
2.919700,69.592833
2.919800,69.592501
2.919900,69.595563
2.920000,69.592641
2.920100,69.589304
2.920200,69.594608
2.920300,69.593538
2.920400,69.597612
2.920500,69.594553
2.920600,69.591619
2.920700,69.594810
2.920800,69.591534
2.920900,69.595381
2.921000,69.584952
2.921100,69.579020
2.921200,69.585466
2.921300,69.595696
2.921400,69.603160
2.921500,69.604506
2.921600,69.592297
2.921700,69.597406
2.921800,69.601367
2.921900,69.600666
2.922000,69.601134
2.922100,69.602166
2.922200,69.602010
2.922300,69.602635
2.922400,69.602276
2.922500,69.603132
2.922600,69.602835
2.922700,69.604550
2.922800,69.605959
2.922900,69.606418
2.923000,69.606196
2.923100,69.607129
2.923200,69.607406
2.923300,69.607605
2.923400,69.608721
2.923500,69.609584
2.923600,69.609542
2.923700,69.609998
2.923800,69.610484
2.923900,69.610522
2.924000,69.610940
2.924100,69.611539
2.924200,69.612115
2.924300,69.612374
2.924400,69.612746
2.924500,69.613569
2.924600,69.614040
2.924700,69.614081
2.924800,69.615071
2.924900,69.615780
2.925000,69.616385
2.925100,69.615927
2.925200,69.617124
2.925300,69.617546
2.925400,69.617846
2.925500,69.617481
2.925600,69.617659
2.925700,69.617945
2.925800,69.619740
2.925900,69.620575
2.926000,69.621433
2.926100,69.621544
2.926200,69.621622
2.926300,69.620591
2.926400,69.620676
2.926500,69.621676
2.926600,69.622265
2.926700,69.622623
2.926800,69.623319
2.926900,69.623058
2.927000,69.626244
2.927100,69.630217
2.927200,69.628141
2.927300,69.629813
2.927400,69.631233
2.927500,69.634476
2.927600,69.632838
2.927700,69.634849
2.927800,69.630912
2.927900,69.633354
2.928000,69.637783
2.928100,69.645794
2.928200,69.634922
2.928300,69.635426
2.928400,69.641369
2.928500,69.638418
2.928600,69.645173
2.928700,69.655613
2.928800,69.658953
2.928900,69.659473
2.929000,69.660983
2.929100,69.660975
2.929200,69.661716
2.929300,69.662492
2.929400,69.663113
2.929500,69.664015
2.929600,69.663505
2.929700,69.663252
2.929800,69.663924
2.929900,69.664310
2.930000,69.665406
2.930100,69.665441
2.930200,69.665524
2.930300,69.666227
2.930400,69.666514
2.930500,69.666444
2.930600,69.667710
2.930700,69.667977
2.930800,69.668512
2.930900,69.668850
2.931000,69.669122
2.931100,69.669545
2.931200,69.669994
2.931300,69.670817
2.931400,69.672079
2.931500,69.672079
2.931600,69.672310
2.931700,69.672572
2.931800,69.673485
2.931900,69.673533
2.932000,69.674567
2.932100,69.674373
2.932200,69.674883
2.932300,69.675983
2.932400,69.675984
2.932500,69.676776
2.932600,69.676690
2.932700,69.678017
2.932800,69.678526
2.932900,69.678388
2.933000,69.679309
2.933100,69.679188
2.933200,69.679593
2.933300,69.680706
2.933400,69.680950
2.933500,69.682549
2.933600,69.682502
2.933700,69.681699
2.933800,69.682407
2.933900,69.683354
2.934000,69.683681
2.934100,69.684188
2.934200,69.682701
2.934300,69.686501
2.934400,69.684854
2.934500,69.686930
2.934600,69.686943
2.934700,69.687618
2.934800,69.693652
2.934900,69.691909
2.935000,69.687113
2.935100,69.687166
2.935200,69.673547
2.935300,69.687951
2.935400,69.701655
2.935500,69.683836
2.935600,69.668768
2.935700,69.680252
2.935800,69.682627
2.935900,69.679897
2.936000,69.680774
2.936100,69.685006
2.936200,69.685627
2.936300,69.686443
2.936400,69.686828
2.936500,69.688409
2.936600,69.689253
2.936700,69.691304
2.936800,69.691180
2.936900,69.690161
2.937000,69.690988
2.937100,69.691511
2.937200,69.691799
2.937300,69.692885
2.937400,69.692472
2.937500,69.693856
2.937600,69.693573
2.937700,69.694468
2.937800,69.694940
2.937900,69.695651
2.938000,69.695874
2.938100,69.696323
2.938200,69.696849
2.938300,69.697179
2.938400,69.697645
2.938500,69.698340
2.938600,69.698582
2.938700,69.699355
2.938800,69.699512
2.938900,69.699880
2.939000,69.700355
2.939100,69.700577
2.939200,69.701116
2.939300,69.701873
2.939400,69.703251
2.939500,69.703044
2.939600,69.703613
2.939700,69.703846
2.939800,69.705332
2.939900,69.705212
2.940000,69.705103
2.940100,69.705594
2.940200,69.706806
2.940300,69.707060
2.940400,69.707962
2.940500,69.707996
2.940600,69.708184
2.940700,69.708732
2.940800,69.708835
2.940900,69.710022
2.941000,69.710124
2.941100,69.710691
2.941200,69.711900
2.941300,69.711544
2.941400,69.711639
2.941500,69.709623
2.941600,69.709596
2.941700,69.713920
2.941800,69.714733
2.941900,69.718735
2.942000,69.720747
2.942100,69.721471
2.942200,69.714651
2.942300,69.703037
2.942400,69.704893
2.942500,69.723068
2.942600,69.729344
2.942700,69.747431
2.942800,69.754461
2.942900,69.763620
2.943000,69.748677
2.943100,69.743182
2.943200,69.752295
2.943300,69.750974
2.943400,69.750837
2.943500,69.751062
2.943600,69.751020
2.943700,69.751498
2.943800,69.750676
2.943900,69.751218
2.944000,69.753223
2.944100,69.752612
2.944200,69.753690
2.944300,69.754749
2.944400,69.755331
2.944500,69.755533
2.944600,69.756043
2.944700,69.756114
2.944800,69.757075
2.944900,69.757296
2.945000,69.757432
2.945100,69.758527
2.945200,69.758388
2.945300,69.759009
2.945400,69.759416
2.945500,69.760413
2.945600,69.760227
2.945700,69.760845
2.945800,69.761853
2.945900,69.762531
2.946000,69.762536
2.946100,69.762571
2.946200,69.762636
2.946300,69.763422
2.946400,69.764165
2.946500,69.764944
2.946600,69.765329
2.946700,69.765907
2.946800,69.766981
2.946900,69.766506
2.947000,69.766370
2.947100,69.767369
2.947200,69.768534
2.947300,69.768252
2.947400,69.769145
2.947500,69.769137
2.947600,69.769974
2.947700,69.770047
2.947800,69.771597
2.947900,69.771711
2.948000,69.771925
2.948100,69.770382
2.948200,69.770946
2.948300,69.771970
2.948400,69.774874
2.948500,69.772676
2.948600,69.770639
2.948700,69.772521
2.948800,69.775632
2.948900,69.779118
2.949000,69.774376
2.949100,69.772376
2.949200,69.775097
2.949300,69.774843
2.949400,69.766422
2.949500,69.770431
2.949600,69.776067
2.949700,69.765881
2.949800,69.762001
2.949900,69.757226
2.950000,69.767358
2.950100,69.762613
2.950200,69.770398
2.950300,69.763967
2.950400,69.763945
2.950500,69.762531
2.950600,69.761176
2.950700,69.761666
2.950800,69.762966
2.950900,69.764446
2.951000,69.764519
2.951100,69.763010
2.951200,69.762042
2.951300,69.762664
2.951400,69.762594
2.951500,69.763737
2.951600,69.763655
2.951700,69.763872
2.951800,69.763815
2.951900,69.764152
2.952000,69.764770
2.952100,69.766027
2.952200,69.766416
2.952300,69.767229
2.952400,69.767429
2.952500,69.767595
2.952600,69.768276
2.952700,69.769042
2.952800,69.769153
2.952900,69.769985
2.953000,69.769867
2.953100,69.770471
2.953200,69.771253
2.953300,69.770926
2.953400,69.771238
2.953500,69.772534
2.953600,69.772807
2.953700,69.773460
2.953800,69.773770
2.953900,69.774053
2.954000,69.774327
2.954100,69.774457
2.954200,69.775710
2.954300,69.776912
2.954400,69.776915
2.954500,69.777947
2.954600,69.777619
2.954700,69.778535
2.954800,69.777869
2.954900,69.778651
2.955000,69.777803
2.955100,69.778672
2.955200,69.779006
2.955300,69.780856
2.955400,69.782381
2.955500,69.782267
2.955600,69.784863
2.955700,69.785081
2.955800,69.785516
2.955900,69.784793
2.956000,69.784310
2.956100,69.787543
2.956200,69.782200
2.956300,69.787723
2.956400,69.781465
2.956500,69.780256
2.956600,69.784107
2.956700,69.798398
2.956800,69.792956
2.956900,69.791049
2.957000,69.793620
2.957100,69.789459
2.957200,69.780718
2.957300,69.787922
2.957400,69.792136
2.957500,69.788732
2.957600,69.790781
2.957700,69.792248
2.957800,69.793872
2.957900,69.794497
2.958000,69.795485
2.958100,69.795767
2.958200,69.796262
2.958300,69.795639
2.958400,69.797248
2.958500,69.797599
2.958600,69.799626
2.958700,69.799567
2.958800,69.799528
2.958900,69.799158
2.959000,69.799821
2.959100,69.801122
2.959200,69.800882
2.959300,69.801551
2.959400,69.801762
2.959500,69.802306
2.959600,69.803299
2.959700,69.803445
2.959800,69.803418
2.959900,69.804397
2.960000,69.804542
2.960100,69.805461
2.960200,69.805266
2.960300,69.806345
2.960400,69.806778
2.960500,69.806812
2.960600,69.808114
2.960700,69.808386
2.960800,69.808977
2.960900,69.809260
2.961000,69.809016
2.961100,69.810233
2.961200,69.810877
2.961300,69.810710
2.961400,69.811123
2.961500,69.810958
2.961600,69.812509
2.961700,69.813203
2.961800,69.813397
2.961900,69.813511
2.962000,69.812772
2.962100,69.813611
2.962200,69.815149
2.962300,69.816495
2.962400,69.818569
2.962500,69.817205
2.962600,69.816535
2.962700,69.816106
2.962800,69.816189
2.962900,69.820080
2.963000,69.819281
2.963100,69.816681
2.963200,69.821647
2.963300,69.823081
2.963400,69.820316
2.963500,69.816955
2.963600,69.824413
2.963700,69.824711
2.963800,69.825380
2.963900,69.817690
2.964000,69.807597
2.964100,69.793765
2.964200,69.789947
2.964300,69.811904
2.964400,69.819775
2.964500,69.813340
2.964600,69.800841
2.964700,69.795407
2.964800,69.798718
2.964900,69.798964
2.965000,69.799115
2.965100,69.799615
2.965200,69.799314
2.965300,69.799691
2.965400,69.799647
2.965500,69.799516
2.965600,69.800153
2.965700,69.800134
2.965800,69.800204
2.965900,69.801427
2.966000,69.801925
2.966100,69.802246
2.966200,69.802851
2.966300,69.802912
2.966400,69.803551
2.966500,69.803767
2.966600,69.804485
2.966700,69.805577
2.966800,69.805791
2.966900,69.805850
2.967000,69.806121
2.967100,69.807016
2.967200,69.807536
2.967300,69.808639
2.967400,69.808867
2.967500,69.808582
2.967600,69.808642
2.967700,69.809093
2.967800,69.809843
2.967900,69.810859
2.968000,69.810460
2.968100,69.811650
2.968200,69.812445
2.968300,69.813252
2.968400,69.812802
2.968500,69.813879
2.968600,69.813859
2.968700,69.814643
2.968800,69.814767
2.968900,69.815419
2.969000,69.816880
2.969100,69.817409
2.969200,69.816633
2.969300,69.816543
2.969400,69.817280
2.969500,69.818762
2.969600,69.817942
2.969700,69.820068
2.969800,69.819364
2.969900,69.820149
2.970000,69.819497
2.970100,69.822134
2.970200,69.824498
2.970300,69.823956
2.970400,69.821580
2.970500,69.818841
2.970600,69.818581
2.970700,69.821335
2.970800,69.821929
2.970900,69.815167
2.971000,69.819881
2.971100,69.816338
2.971200,69.816905
2.971300,69.828518
2.971400,69.837364
2.971500,69.844598
2.971600,69.838888
2.971700,69.847642
2.971800,69.846018
2.971900,69.841742
2.972000,69.839926
2.972100,69.841843
2.972200,69.842270
2.972300,69.841970
2.972400,69.842455
2.972500,69.843374
2.972600,69.844200
2.972700,69.844470
2.972800,69.845069
2.972900,69.845597
2.973000,69.847129
2.973100,69.846899
2.973200,69.847443
2.973300,69.847563
2.973400,69.848248
2.973500,69.848757
2.973600,69.849588
2.973700,69.849740
2.973800,69.850826
2.973900,69.851016
2.974000,69.851427
2.974100,69.851580
2.974200,69.851964
2.974300,69.853192
2.974400,69.853631
2.974500,69.854353
2.974600,69.854748
2.974700,69.854726
2.974800,69.855116
2.974900,69.855605
2.975000,69.856377
2.975100,69.856990
2.975200,69.856881
2.975300,69.857764
2.975400,69.858124
2.975500,69.857949
2.975600,69.859097
2.975700,69.859514
2.975800,69.859633
2.975900,69.860200
2.976000,69.860697
2.976100,69.861015
2.976200,69.862512
2.976300,69.862412
2.976400,69.863861
2.976500,69.863671
2.976600,69.863222
2.976700,69.864300
2.976800,69.864674
2.976900,69.865762
2.977000,69.863848
2.977100,69.865150
2.977200,69.865236
2.977300,69.864847
2.977400,69.867138
2.977500,69.869137
2.977600,69.867878
2.977700,69.867912
2.977800,69.874167
2.977900,69.879557
2.978000,69.883387
2.978100,69.894399
2.978200,69.889443
2.978300,69.894915
2.978400,69.890683
2.978500,69.885373
2.978600,69.883326
2.978700,69.876612
2.978800,69.886534
2.978900,69.896489
2.979000,69.889182
2.979100,69.886766
2.979200,69.889456
2.979300,69.889986
2.979400,69.890943
2.979500,69.891740
2.979600,69.890924
2.979700,69.890433
2.979800,69.892069
2.979900,69.891295
2.980000,69.891582
2.980100,69.892382
2.980200,69.893391
2.980300,69.894004
2.980400,69.893887
2.980500,69.894692
2.980600,69.894762
2.980700,69.895511
2.980800,69.895809
2.980900,69.896199
2.981000,69.896814
2.981100,69.897217
2.981200,69.897699
2.981300,69.898358
2.981400,69.898226
2.981500,69.899042
2.981600,69.899514
2.981700,69.899968
2.981800,69.900173
2.981900,69.900891
2.982000,69.901109
2.982100,69.901806
2.982200,69.902263
2.982300,69.902503
2.982400,69.902770
2.982500,69.903552
2.982600,69.904047
2.982700,69.904833
2.982800,69.905265
2.982900,69.905235
2.983000,69.905744
2.983100,69.906872
2.983200,69.907607
2.983300,69.907584
2.983400,69.908328
2.983500,69.908548
2.983600,69.908278
2.983700,69.909203
2.983800,69.909324
2.983900,69.910723
2.984000,69.910679
2.984100,69.911823
2.984200,69.911865
2.984300,69.910698
2.984400,69.914036
2.984500,69.915419
2.984600,69.911558
2.984700,69.911959
2.984800,69.913110
2.984900,69.919405
2.985000,69.921592
2.985100,69.931298
2.985200,69.928344
2.985300,69.922822
2.985400,69.923167
2.985500,69.921818
2.985600,69.903001
2.985700,69.924391
2.985800,69.906091
2.985900,69.890208
2.986000,69.901091
2.986100,69.910476
2.986200,69.917228
2.986300,69.917341
2.986400,69.917412
2.986500,69.918040
2.986600,69.918413
2.986700,69.917206
2.986800,69.918079
2.986900,69.918711
2.987000,69.919274
2.987100,69.920111
2.987200,69.920778
2.987300,69.921593
2.987400,69.922160
2.987500,69.923420
2.987600,69.923264
2.987700,69.924028
2.987800,69.924531
2.987900,69.924227
2.988000,69.924495
2.988100,69.924748
2.988200,69.925363
2.988300,69.926048
2.988400,69.926882
2.988500,69.927390
2.988600,69.927525
2.988700,69.928337
2.988800,69.928617
2.988900,69.929073
2.989000,69.929629
2.989100,69.930073
2.989200,69.930150
2.989300,69.930853
2.989400,69.931659
2.989500,69.931959
2.989600,69.931811
2.989700,69.932478
2.989800,69.933697
2.989900,69.934092
2.990000,69.935036
2.990100,69.935423
2.990200,69.935514
2.990300,69.935843
2.990400,69.936198
2.990500,69.937712
2.990600,69.936789
2.990700,69.936633
2.990800,69.936734
2.990900,69.937114
2.991000,69.939524
2.991100,69.940776
2.991200,69.943203
2.991300,69.942576
2.991400,69.942236
2.991500,69.941429
2.991600,69.943348
2.991700,69.941525
2.991800,69.942266
2.991900,69.943404
2.992000,69.945192
2.992100,69.947783
2.992200,69.945166
2.992300,69.950548
2.992400,69.955578
2.992500,69.965941
2.992600,69.964187
2.992700,69.975900
2.992800,69.973009
2.992900,69.968500
2.993000,69.965988
2.993100,69.983017
2.993200,69.968929
2.993300,69.973146
2.993400,69.973050
2.993500,69.974306
2.993600,69.975097
2.993700,69.975378
2.993800,69.975442
2.993900,69.976935
2.994000,69.975859
2.994100,69.976997
2.994200,69.978006
2.994300,69.978737
2.994400,69.980203
2.994500,69.979330
2.994600,69.980330
2.994700,69.979804
2.994800,69.980895
2.994900,69.981105
2.995000,69.982435
2.995100,69.982159
2.995200,69.982083
2.995300,69.982736
2.995400,69.983515
2.995500,69.983973
2.995600,69.984601
2.995700,69.985537
2.995800,69.985698
2.995900,69.985822
2.996000,69.986500
2.996100,69.986966
2.996200,69.987333
2.996300,69.987570
2.996400,69.988329
2.996500,69.988943
2.996600,69.989295
2.996700,69.990459
2.996800,69.990372
2.996900,69.990751
2.997000,69.990951
2.997100,69.991861
2.997200,69.992762
2.997300,69.993879
2.997400,69.994343
2.997500,69.994135
2.997600,69.993643
2.997700,69.994111
2.997800,69.995592
2.997900,69.995689
2.998000,69.996778
2.998100,69.995395
2.998200,69.996953
2.998300,69.999356
2.998400,69.997519
2.998500,69.996812
2.998600,69.995704
2.998700,69.993523
2.998800,69.998071
2.998900,70.001500
2.999000,70.002661
2.999100,70.005766
2.999200,70.007228
2.999300,70.000828
2.999400,69.997249
2.999500,69.989080
2.999600,69.990167
2.999700,69.994340
2.999800,69.993596
2.999900,70.013051
3.000000,70.007948
3.000100,69.994340
3.000200,70.000675
3.000300,69.993751
3.000400,70.001920
3.000500,70.000720
3.000600,70.002945
3.000700,70.002504
3.000800,70.003019
3.000900,70.003622
3.001000,70.004049
3.001100,70.005115
3.001200,70.005443
3.001300,70.005598
3.001400,70.007848
3.001500,70.008960
3.001600,70.009180
3.001700,70.008416
3.001800,70.009521
3.001900,70.008885
3.002000,70.009688
3.002100,70.010479
3.002200,70.011269
3.002300,70.011091
3.002400,70.011872
3.002500,70.012722
3.002600,70.013136
3.002700,70.013500
3.002800,70.014433
3.002900,70.014432
3.003000,70.015501
3.003100,70.015425
3.003200,70.015584
3.003300,70.016143
3.003400,70.017181
3.003500,70.017227
3.003600,70.017461
3.003700,70.018456
3.003800,70.018678
3.003900,70.018767
3.004000,70.019428
3.004100,70.020034
3.004200,70.020495
3.004300,70.020786
3.004400,70.020661
3.004500,70.022027
3.004600,70.022751
3.004700,70.023471
3.004800,70.024084
3.004900,70.025250
3.005000,70.025198
3.005100,70.025787
3.005200,70.025198
3.005300,70.026525
3.005400,70.028138
3.005500,70.027656
3.005600,70.026404
3.005700,70.028127
3.005800,70.027372
3.005900,70.023922
3.006000,70.027736
3.006100,70.024267
3.006200,70.022836
3.006300,70.025756
3.006400,70.025600
3.006500,70.029357
3.006600,70.027917
3.006700,70.031735
3.006800,70.030002
3.006900,70.018657
3.007000,70.035459
3.007100,70.024555
3.007200,70.018363
3.007300,70.029439
3.007400,70.046781
3.007500,70.053288
3.007600,70.044261
3.007700,70.044963
3.007800,70.042485
3.007900,70.043201
3.008000,70.043816
3.008100,70.045071
3.008200,70.046983
3.008300,70.046046
3.008400,70.046143
3.008500,70.046443
3.008600,70.046733
3.008700,70.047999
3.008800,70.047976
3.008900,70.048220
3.009000,70.048003
3.009100,70.049381
3.009200,70.049561
3.009300,70.049736
3.009400,70.050394
3.009500,70.050821
3.009600,70.051749
3.009700,70.052729
3.009800,70.052871
3.009900,70.052877
3.010000,70.053121
3.010100,70.053042
3.010200,70.054240
3.010300,70.054677
3.010400,70.055291
3.010500,70.055511
3.010600,70.056064
3.010700,70.056472
3.010800,70.057327
3.010900,70.058248
3.011000,70.058491
3.011100,70.058718
3.011200,70.059144
3.011300,70.059398
3.011400,70.060404
3.011500,70.061077
3.011600,70.060949
3.011700,70.060185
3.011800,70.061425
3.011900,70.063091
3.012000,70.064488
3.012100,70.063890
3.012200,70.064406
3.012300,70.064653
3.012400,70.064412
3.012500,70.065702
3.012600,70.066422
3.012700,70.067535
3.012800,70.066671
3.012900,70.070189
3.013000,70.070088
3.013100,70.070622
3.013200,70.068032
3.013300,70.070785
3.013400,70.066927
3.013500,70.066421
3.013600,70.068286
3.013700,70.066993
3.013800,70.078734
3.013900,70.081733
3.014000,70.096224
3.014100,70.085057
3.014200,70.076320
3.014300,70.081003
3.014400,70.066732
3.014500,70.079832
3.014600,70.064613
3.014700,70.073689
3.014800,70.071442
3.014900,70.072011
3.015000,70.071534
3.015100,70.071963
3.015200,70.071357
3.015300,70.072189
3.015400,70.072646
3.015500,70.073724
3.015600,70.075074
3.015700,70.073713
3.015800,70.073738
3.015900,70.074432
3.016000,70.075180
3.016100,70.075768
3.016200,70.075790
3.016300,70.075991
3.016400,70.075898
3.016500,70.076928
3.016600,70.077279
3.016700,70.078195
3.016800,70.078710
3.016900,70.079279
3.017000,70.079537
3.017100,70.079946
3.017200,70.080569
3.017300,70.080997
3.017400,70.081736
3.017500,70.082147
3.017600,70.082201
3.017700,70.082666
3.017800,70.083667
3.017900,70.084102
3.018000,70.084408
3.018100,70.084975
3.018200,70.085129
3.018300,70.086006
3.018400,70.086679
3.018500,70.086288
3.018600,70.087169
3.018700,70.087957
3.018800,70.088212
3.018900,70.088647
3.019000,70.089607
3.019100,70.089706
3.019200,70.089351
3.019300,70.090392
3.019400,70.092318
3.019500,70.092782
3.019600,70.091866
3.019700,70.091974
3.019800,70.094920
3.019900,70.093721
3.020000,70.095167
3.020100,70.092047
3.020200,70.093918
3.020300,70.096086
3.020400,70.094086
3.020500,70.095023
3.020600,70.101955
3.020700,70.096836
3.020800,70.089529
3.020900,70.098408
3.021000,70.101147
3.021100,70.097322
3.021200,70.102659
3.021300,70.098337
3.021400,70.092954
3.021500,70.108973
3.021600,70.107506
3.021700,70.103452
3.021800,70.094086
3.021900,70.101567
3.022000,70.104746
3.022100,70.106472
3.022200,70.106428
3.022300,70.107417
3.022400,70.107131
3.022500,70.106427
3.022600,70.107618
3.022700,70.109160
3.022800,70.110377
3.022900,70.111231
3.023000,70.111628
3.023100,70.112061
3.023200,70.111741
3.023300,70.111992
3.023400,70.112549
3.023500,70.113488
3.023600,70.113058
3.023700,70.113910
3.023800,70.113832
3.023900,70.114825
3.024000,70.115744
3.024100,70.116356
3.024200,70.116478
3.024300,70.117280
3.024400,70.117119
3.024500,70.117683
3.024600,70.118578
3.024700,70.118952
3.024800,70.119663
3.024900,70.119538
3.025000,70.120365
3.025100,70.121273
3.025200,70.121615
3.025300,70.121505
3.025400,70.122073
3.025500,70.122504
3.025600,70.122949
3.025700,70.123746
3.025800,70.124539
3.025900,70.124289
3.026000,70.125888
3.026100,70.126166
3.026200,70.126364
3.026300,70.126853
3.026400,70.127221
3.026500,70.126403
3.026600,70.126741
3.026700,70.127538
3.026800,70.128339
3.026900,70.130310
3.027000,70.128275
3.027100,70.128167
3.027200,70.132173
3.027300,70.130273
3.027400,70.132225
3.027500,70.136093
3.027600,70.135893
3.027700,70.133552
3.027800,70.134857
3.027900,70.135636
3.028000,70.127191
3.028100,70.128814
3.028200,70.135034
3.028300,70.142559
3.028400,70.127934
3.028500,70.108268
3.028600,70.110568
3.028700,70.119514
3.028800,70.133660
3.028900,70.142761
3.029000,70.134135
3.029100,70.132325
3.029200,70.133254
3.029300,70.133788
3.029400,70.134514
3.029500,70.135670
3.029600,70.135388
3.029700,70.135717
3.029800,70.136228
3.029900,70.136649
3.030000,70.137633
3.030100,70.137752
3.030200,70.138136
3.030300,70.138431
3.030400,70.139191
3.030500,70.139824
3.030600,70.139728
3.030700,70.140204
3.030800,70.140754
3.030900,70.141556
3.031000,70.141790
3.031100,70.142259
3.031200,70.142728
3.031300,70.142832
3.031400,70.143500
3.031500,70.144058
3.031600,70.144836
3.031700,70.145333
3.031800,70.145432
3.031900,70.146591
3.032000,70.146530
3.032100,70.146968
3.032200,70.147491
3.032300,70.147890
3.032400,70.148123
3.032500,70.148913
3.032600,70.148650
3.032700,70.150193
3.032800,70.151184
3.032900,70.151401
3.033000,70.151639
3.033100,70.150855
3.033200,70.151874
3.033300,70.152547
3.033400,70.152856
3.033500,70.153431
3.033600,70.153051
3.033700,70.154824
3.033800,70.157305
3.033900,70.156692
3.034000,70.156209
3.034100,70.157202
3.034200,70.158113
3.034300,70.156142
3.034400,70.158534
3.034500,70.158504
3.034600,70.162258
3.034700,70.160852
3.034800,70.164408
3.034900,70.165911
3.035000,70.166832
3.035100,70.168381
3.035200,70.168350
3.035300,70.156066
3.035400,70.156734
3.035500,70.162050
3.035600,70.180810
3.035700,70.182710
3.035800,70.191535
3.035900,70.191028
3.036000,70.199339
3.036100,70.196010
3.036200,70.197136
3.036300,70.195366
3.036400,70.195677
3.036500,70.196128
3.036600,70.195803
3.036700,70.197133
3.036800,70.196878
3.036900,70.197379
3.037000,70.198695
3.037100,70.199057
3.037200,70.200265
3.037300,70.199461
3.037400,70.199279
3.037500,70.200230
3.037600,70.200275
3.037700,70.200798
3.037800,70.201430
3.037900,70.202244
3.038000,70.202240
3.038100,70.203276
3.038200,70.203108
3.038300,70.203282
3.038400,70.203992
3.038500,70.204827
3.038600,70.205704
3.038700,70.205612
3.038800,70.206124
3.038900,70.207040
3.039000,70.207060
3.039100,70.208024
3.039200,70.208351
3.039300,70.208504
3.039400,70.209682
3.039500,70.210201
3.039600,70.209883
3.039700,70.211096
3.039800,70.211704
3.039900,70.212047
3.040000,70.212327
3.040100,70.211910
3.040200,70.212977
3.040300,70.212903
3.040400,70.212325
3.040500,70.214367
3.040600,70.214347
3.040700,70.215306
3.040800,70.216064
3.040900,70.215948
3.041000,70.216203
3.041100,70.217932
3.041200,70.218423
3.041300,70.220864
3.041400,70.218399
3.041500,70.216958
3.041600,70.217855
3.041700,70.220753
3.041800,70.217390
3.041900,70.219654
3.042000,70.224158
3.042100,70.226383
3.042200,70.225577
3.042300,70.224957
3.042400,70.231785
3.042500,70.226296
3.042600,70.230465
3.042700,70.216474
3.042800,70.205959
3.042900,70.224097
3.043000,70.206208
3.043100,70.210415
3.043200,70.198436
3.043300,70.206917
3.043400,70.209372
3.043500,70.209784
3.043600,70.210457
3.043700,70.210600
3.043800,70.211507
3.043900,70.213054
3.044000,70.214174
3.044100,70.214480
3.044200,70.215740
3.044300,70.214908
3.044400,70.216242
3.044500,70.217312
3.044600,70.217501
3.044700,70.218246
3.044800,70.217687
3.044900,70.218458
3.045000,70.218961
3.045100,70.219584
3.045200,70.220513
3.045300,70.220240
3.045400,70.220840
3.045500,70.221732
3.045600,70.222465
3.045700,70.222780
3.045800,70.223504
3.045900,70.223559
3.046000,70.223997
3.046100,70.223995
3.046200,70.224777
3.046300,70.225667
3.046400,70.225545
3.046500,70.225419
3.046600,70.226857
3.046700,70.227441
3.046800,70.227643
3.046900,70.228655
3.047000,70.229092
3.047100,70.229369
3.047200,70.230250
3.047300,70.230660
3.047400,70.230836
3.047500,70.231538
3.047600,70.231739
3.047700,70.232756
3.047800,70.233879
3.047900,70.233218
3.048000,70.233669
3.048100,70.233824
3.048200,70.233349
3.048300,70.233975
3.048400,70.234216
3.048500,70.235897
3.048600,70.236553
3.048700,70.237591
3.048800,70.234050
3.048900,70.238707
3.049000,70.234104
3.049100,70.241212
3.049200,70.244211
3.049300,70.253632
3.049400,70.242974
3.049500,70.232802
3.049600,70.242735
3.049700,70.228227
3.049800,70.245076
3.049900,70.255974
3.050000,70.244069
3.050100,70.244886
3.050200,70.260223
3.050300,70.261032
3.050400,70.253693
3.050500,70.252277
3.050600,70.254283
3.050700,70.254853
3.050800,70.255472
3.050900,70.255169
3.051000,70.257261
3.051100,70.256563
3.051200,70.257773
3.051300,70.257397
3.051400,70.258112
3.051500,70.258997
3.051600,70.259859
3.051700,70.259888
3.051800,70.260051
3.051900,70.260672
3.052000,70.261393
3.052100,70.261686
3.052200,70.262313
3.052300,70.263313
3.052400,70.263228
3.052500,70.263783
3.052600,70.264574
3.052700,70.264825
3.052800,70.265598
3.052900,70.265861
3.053000,70.266461
3.053100,70.266808
3.053200,70.267776
3.053300,70.267771
3.053400,70.267788
3.053500,70.268353
3.053600,70.269013
3.053700,70.269486
3.053800,70.270280
3.053900,70.270914
3.054000,70.271102
3.054100,70.272042
3.054200,70.271623
3.054300,70.272257
3.054400,70.272708
3.054500,70.273254
3.054600,70.273984
3.054700,70.274667
3.054800,70.275471
3.054900,70.276009
3.055000,70.275868
3.055100,70.276842
3.055200,70.278796
3.055300,70.278634
3.055400,70.277007
3.055500,70.278359
3.055600,70.278858
3.055700,70.278815
3.055800,70.279359
3.055900,70.279227
3.056000,70.281585
3.056100,70.278667
3.056200,70.280120
3.056300,70.280789
3.056400,70.273922
3.056500,70.281624
3.056600,70.270135
3.056700,70.282682
3.056800,70.280499
3.056900,70.292260
3.057000,70.291848
3.057100,70.279562
3.057200,70.274048
3.057300,70.283946
3.057400,70.274937
3.057500,70.274271
3.057600,70.276116
3.057700,70.276393
3.057800,70.276860
3.057900,70.277447
3.058000,70.276394
3.058100,70.277058
3.058200,70.277539
3.058300,70.278557
3.058400,70.278164
3.058500,70.277640
3.058600,70.279238
3.058700,70.279657
3.058800,70.280744
3.058900,70.280811
3.059000,70.281442
3.059100,70.281523
3.059200,70.282335
3.059300,70.282252
3.059400,70.282722
3.059500,70.283436
3.059600,70.284030
3.059700,70.284704
3.059800,70.284646
3.059900,70.285708
3.060000,70.286331
3.060100,70.286763
3.060200,70.286568
3.060300,70.287299
3.060400,70.287438
3.060500,70.288356
3.060600,70.288291
3.060700,70.289390
3.060800,70.290014
3.060900,70.290289
3.061000,70.290807
3.061100,70.290354
3.061200,70.290649
3.061300,70.292075
3.061400,70.293064
3.061500,70.292418
3.061600,70.293753
3.061700,70.294814
3.061800,70.294127
3.061900,70.294311
3.062000,70.294637
3.062100,70.295816
3.062200,70.296837
3.062300,70.297229
3.062400,70.297531
3.062500,70.299682
3.062600,70.299373
3.062700,70.299965
3.062800,70.298159
3.062900,70.296891
3.063000,70.301422
3.063100,70.304156
3.063200,70.304680
3.063300,70.306379
3.063400,70.300093
3.063500,70.295037
3.063600,70.293504
3.063700,70.296720
3.063800,70.298268
3.063900,70.301603
3.064000,70.300328
3.064100,70.312999
3.064200,70.305232
3.064300,70.303319
3.064400,70.301891
3.064500,70.300715
3.064600,70.302478
3.064700,70.302955
3.064800,70.304460
3.064900,70.304508
3.065000,70.304776
3.065100,70.303955
3.065200,70.304064
3.065300,70.305929
3.065400,70.307228
3.065500,70.308050
3.065600,70.309245
3.065700,70.308190
3.065800,70.309188
3.065900,70.309902
3.066000,70.310127
3.066100,70.310345
3.066200,70.311248
3.066300,70.311985
3.066400,70.312593
3.066500,70.312453
3.066600,70.312997
3.066700,70.314030
3.066800,70.313739
3.066900,70.314172
3.067000,70.314798
3.067100,70.315409
3.067200,70.316319
3.067300,70.316680
3.067400,70.317055
3.067500,70.316898
3.067600,70.317685
3.067700,70.318314
3.067800,70.318896
3.067900,70.318773
3.068000,70.320080
3.068100,70.320276
3.068200,70.320222
3.068300,70.321320
3.068400,70.321792
3.068500,70.322769
3.068600,70.322688
3.068700,70.323890
3.068800,70.324427
3.068900,70.324082
3.069000,70.324413
3.069100,70.325200
3.069200,70.324414
3.069300,70.324388
3.069400,70.326268
3.069500,70.326723
3.069600,70.327533
3.069700,70.328477
3.069800,70.327333
3.069900,70.328081
3.070000,70.329592
3.070100,70.331499
3.070200,70.335893
3.070300,70.336266
3.070400,70.336389
3.070500,70.338025
3.070600,70.334808
3.070700,70.331519
3.070800,70.337035
3.070900,70.338645
3.071000,70.340310
3.071100,70.344370
3.071200,70.355184
3.071300,70.376135
3.071400,70.378423
3.071500,70.396459
3.071600,70.395524
3.071700,70.388961
3.071800,70.390115
3.071900,70.388730
3.072000,70.389550
3.072100,70.389933
3.072200,70.390528
3.072300,70.392000
3.072400,70.392989
3.072500,70.395015
3.072600,70.395869
3.072700,70.395073
3.072800,70.395795
3.072900,70.395007
3.073000,70.395549
3.073100,70.396442
3.073200,70.396252
3.073300,70.397417
3.073400,70.397380
3.073500,70.398341
3.073600,70.398494
3.073700,70.399397
3.073800,70.399766
3.073900,70.400080
3.074000,70.400209
3.074100,70.401195
3.074200,70.402100
3.074300,70.402042
3.074400,70.402236
3.074500,70.403508
3.074600,70.404034
3.074700,70.404321
3.074800,70.404056
3.074900,70.404229
3.075000,70.404991
3.075100,70.405705
3.075200,70.406525
3.075300,70.406736
3.075400,70.407400
3.075500,70.407770
3.075600,70.408879
3.075700,70.409962
3.075800,70.410347
3.075900,70.409523
3.076000,70.409868
3.076100,70.410268
3.076200,70.411136
3.076300,70.412764
3.076400,70.413463
3.076500,70.414547
3.076600,70.413427
3.076700,70.413313
3.076800,70.414502
3.076900,70.414968
3.077000,70.413293
3.077100,70.413750
3.077200,70.414142
3.077300,70.411495
3.077400,70.411730
3.077500,70.414450
3.077600,70.416534
3.077700,70.409091
3.077800,70.406490
3.077900,70.405797
3.078000,70.401985
3.078100,70.397705
3.078200,70.400949
3.078300,70.400289
3.078400,70.390168
3.078500,70.393336
3.078600,70.407908
3.078700,70.396432
3.078800,70.393970
3.078900,70.399860
3.079000,70.398746
3.079100,70.398737
3.079200,70.399012
3.079300,70.399602
3.079400,70.400838
3.079500,70.402848
3.079600,70.403167
3.079700,70.402964
3.079800,70.403446
3.079900,70.402728
3.080000,70.403629
3.080100,70.403979
3.080200,70.404076
3.080300,70.404520
3.080400,70.405290
3.080500,70.406463
3.080600,70.406306
3.080700,70.407057
3.080800,70.407531
3.080900,70.408074
3.081000,70.408274
3.081100,70.409273
3.081200,70.409175
3.081300,70.409841
3.081400,70.410471
3.081500,70.411083
3.081600,70.411201
3.081700,70.411909
3.081800,70.412896
3.081900,70.412912
3.082000,70.413170
3.082100,70.413769
3.082200,70.413553
3.082300,70.414846
3.082400,70.415543
3.082500,70.415934
3.082600,70.415934
3.082700,70.415732
3.082800,70.416736
3.082900,70.418226
3.083000,70.418484
3.083100,70.419217
3.083200,70.419056
3.083300,70.419798
3.083400,70.420842
3.083500,70.421527
3.083600,70.421264
3.083700,70.421983
3.083800,70.420753
3.083900,70.420030
3.084000,70.423496
3.084100,70.425759
3.084200,70.426698
3.084300,70.425697
3.084400,70.425211
3.084500,70.424277
3.084600,70.422638
3.084700,70.420860
3.084800,70.427106
3.084900,70.431163
3.085000,70.424059
3.085100,70.429995
3.085200,70.416253
3.085300,70.402128
3.085400,70.422772
3.085500,70.435228
3.085600,70.441213
3.085700,70.432962
3.085800,70.433561
3.085900,70.434021
3.086000,70.434175
3.086100,70.433826
3.086200,70.434405
3.086300,70.434726
3.086400,70.435945
3.086500,70.436759
3.086600,70.437171
3.086700,70.436239
3.086800,70.437487
3.086900,70.438919
3.087000,70.439705
3.087100,70.439926
3.087200,70.440112
3.087300,70.440159
3.087400,70.440895
3.087500,70.441734
3.087600,70.442122
3.087700,70.442369
3.087800,70.443362
3.087900,70.443981
3.088000,70.444380
3.088100,70.444187
3.088200,70.444518
3.088300,70.445544
3.088400,70.446054
3.088500,70.446002
3.088600,70.446538
3.088700,70.446894
3.088800,70.447743
3.088900,70.447703
3.089000,70.447976
3.089100,70.449315
3.089200,70.449494
3.089300,70.449888
3.089400,70.450095
3.089500,70.451012
3.089600,70.451990
3.089700,70.451968
3.089800,70.452895
3.089900,70.453205
3.090000,70.453520
3.090100,70.453486
3.090200,70.454231
3.090300,70.454316
3.090400,70.455103
3.090500,70.454992
3.090600,70.456519
3.090700,70.458573
3.090800,70.458045
3.090900,70.456583
3.091000,70.457415
3.091100,70.457857
3.091200,70.460129
3.091300,70.461116
3.091400,70.463777
3.091500,70.461335
3.091600,70.458341
3.091700,70.463207
3.091800,70.459832
3.091900,70.465314
3.092000,70.464977
3.092100,70.468990
3.092200,70.482512
3.092300,70.470128
3.092400,70.458286
3.092500,70.456690
3.092600,70.454265
3.092700,70.475362
3.092800,70.478538
3.092900,70.477339
3.093000,70.483038
3.093100,70.478186
3.093200,70.478446
3.093300,70.478891
3.093400,70.479391
3.093500,70.479263
3.093600,70.479253
3.093700,70.479581
3.093800,70.479472
3.093900,70.480369
3.094000,70.479803
3.094100,70.481486
3.094200,70.480999
3.094300,70.482545
3.094400,70.482945
3.094500,70.482755
3.094600,70.483808
3.094700,70.484799
3.094800,70.485218
3.094900,70.485715
3.095000,70.485670
3.095100,70.486354
3.095200,70.486826
3.095300,70.487265
3.095400,70.487625
3.095500,70.488203
3.095600,70.488780
3.095700,70.489654
3.095800,70.489535
3.095900,70.489954
3.096000,70.490257
3.096100,70.490636
3.096200,70.492014
3.096300,70.492079
3.096400,70.491896
3.096500,70.492824
3.096600,70.493593
3.096700,70.495092
3.096800,70.494569
3.096900,70.494700
3.097000,70.496428
3.097100,70.496332
3.097200,70.496722
3.097300,70.497191
3.097400,70.497713
3.097500,70.497904
3.097600,70.499335
3.097700,70.498940
3.097800,70.498133
3.097900,70.499816
3.098000,70.502703
3.098100,70.502739
3.098200,70.503005
3.098300,70.501299
3.098400,70.500675
3.098500,70.502336
3.098600,70.504238
3.098700,70.504228
3.098800,70.499999
3.098900,70.496608
3.099000,70.490819
3.099100,70.491558
3.099200,70.494703
3.099300,70.492747
3.099400,70.502259
3.099500,70.520717
3.099600,70.512410
3.099700,70.514158
3.099800,70.494524
3.099900,70.501512
3.100000,70.496274
3.100100,70.495211
3.100200,70.497955
3.100300,70.499043
3.100400,70.499459
3.100500,70.499787
3.100600,70.500745
3.100700,70.502271
3.100800,70.502134
3.100900,70.501898
3.101000,70.503954
3.101100,70.504415
3.101200,70.504221
3.101300,70.505956
3.101400,70.505761
3.101500,70.506097
3.101600,70.507091
3.101700,70.506915
3.101800,70.506850
3.101900,70.506863
3.102000,70.507445
3.102100,70.508569
3.102200,70.508925
3.102300,70.509347
3.102400,70.509918
3.102500,70.510337
3.102600,70.510922
3.102700,70.511617
3.102800,70.511728
3.102900,70.512817
3.103000,70.512948
3.103100,70.513639
3.103200,70.513798
3.103300,70.514224
3.103400,70.515173
3.103500,70.515976
3.103600,70.515494
3.103700,70.516067
3.103800,70.516269
3.103900,70.517656
3.104000,70.517882
3.104100,70.518257
3.104200,70.519041
3.104300,70.519434
3.104400,70.520099
3.104500,70.521125
3.104600,70.521374
3.104700,70.521700
3.104800,70.522366
3.104900,70.523870
3.105000,70.522177
3.105100,70.523421
3.105200,70.524245
3.105300,70.523174
3.105400,70.521538
3.105500,70.520838
3.105600,70.522015
3.105700,70.521286
3.105800,70.517623
3.105900,70.517949
3.106000,70.516840
3.106100,70.525861
3.106200,70.526097
3.106300,70.528237
3.106400,70.526076
3.106500,70.516308
3.106600,70.520180
3.106700,70.526012
3.106800,70.514163
3.106900,70.518571
3.107000,70.505823
3.107100,70.498600
3.107200,70.499283
3.107300,70.496670
3.107400,70.496785
3.107500,70.497684
3.107600,70.497944
3.107700,70.497999
3.107800,70.498270
3.107900,70.499794
3.108000,70.501209
3.108100,70.501882
3.108200,70.501847
3.108300,70.502043
3.108400,70.501586
3.108500,70.502640
3.108600,70.502190
3.108700,70.502786
3.108800,70.503039
3.108900,70.503526
3.109000,70.503896
3.109100,70.505003
3.109200,70.505568
3.109300,70.506636
3.109400,70.506457
3.109500,70.506806
3.109600,70.507436
3.109700,70.507831
3.109800,70.508028
3.109900,70.508603
3.110000,70.509285
3.110100,70.509907
3.110200,70.510018
3.110300,70.511125
3.110400,70.511376
3.110500,70.511851
3.110600,70.511993
3.110700,70.512394
3.110800,70.513766
3.110900,70.513829
3.111000,70.514568
3.111100,70.514461
3.111200,70.514495
3.111300,70.515552
3.111400,70.515688
3.111500,70.516376
3.111600,70.515918
3.111700,70.518133
3.111800,70.517423
3.111900,70.518355
3.112000,70.520908
3.112100,70.520918
3.112200,70.520883
3.112300,70.521165
3.112400,70.519186
3.112500,70.520480
3.112600,70.524457
3.112700,70.526083
3.112800,70.524689
3.112900,70.528519
3.113000,70.528541
3.113100,70.536116
3.113200,70.536944
3.113300,70.529035
3.113400,70.522479
3.113500,70.526362
3.113600,70.518858
3.113700,70.526961
3.113800,70.548563
3.113900,70.564482
3.114000,70.551854
3.114100,70.545350
3.114200,70.543306
3.114300,70.543070
3.114400,70.545614
3.114500,70.545715
3.114600,70.546500
3.114700,70.547142
3.114800,70.546656
3.114900,70.547015
3.115000,70.546110
3.115100,70.546628
3.115200,70.547928
3.115300,70.547980
3.115400,70.547578
3.115500,70.548874
3.115600,70.549292
3.115700,70.549489
3.115800,70.549880
3.115900,70.550568
3.116000,70.551846
3.116100,70.551788
3.116200,70.552467
3.116300,70.552859
3.116400,70.553734
3.116500,70.553678
3.116600,70.553987
3.116700,70.555092
3.116800,70.554847
3.116900,70.555388
3.117000,70.556218
3.117100,70.557088
3.117200,70.557504
3.117300,70.558147
3.117400,70.558747
3.117500,70.558975
3.117600,70.558751
3.117700,70.559474
3.117800,70.560074
3.117900,70.561157
3.118000,70.561321
3.118100,70.561700
3.118200,70.562603
3.118300,70.563161
3.118400,70.563971
3.118500,70.564193
3.118600,70.564160
3.118700,70.564075
3.118800,70.564304
3.118900,70.565604
3.119000,70.566386
3.119100,70.566757
3.119200,70.565823
3.119300,70.568817
3.119400,70.568728
3.119500,70.569796
3.119600,70.568379
3.119700,70.571321
3.119800,70.569245
3.119900,70.573235
3.120000,70.579362
3.120100,70.580077
3.120200,70.574790
3.120300,70.566331
3.120400,70.567584
3.120500,70.574428
3.120600,70.588876
3.120700,70.588769
3.120800,70.596655
3.120900,70.578479
3.121000,70.598922
3.121100,70.597879
3.121200,70.603076
3.121300,70.601269
3.121400,70.597355
3.121500,70.600722
3.121600,70.601857
3.121700,70.602345
3.121800,70.602788
3.121900,70.602282
3.122000,70.601196
3.122100,70.603073
3.122200,70.604268
3.122300,70.604030
3.122400,70.604967
3.122500,70.605894
3.122600,70.607024
3.122700,70.607842
3.122800,70.608314
3.122900,70.607978
3.123000,70.608423
3.123100,70.609410
3.123200,70.609457
3.123300,70.610046
3.123400,70.610098
3.123500,70.610482
3.123600,70.611307
3.123700,70.612460
3.123800,70.613101
3.123900,70.613033
3.124000,70.613063
3.124100,70.614194
3.124200,70.614558
3.124300,70.614511
3.124400,70.615034
3.124500,70.615650
3.124600,70.616302
3.124700,70.616536
3.124800,70.616876
3.124900,70.617054
3.125000,70.617690
3.125100,70.619040
3.125200,70.618847
3.125300,70.620135
3.125400,70.620806
3.125500,70.620757
3.125600,70.621797
3.125700,70.622734
3.125800,70.622326
3.125900,70.623624
3.126000,70.624586
3.126100,70.624001
3.126200,70.624332
3.126300,70.624628
3.126400,70.627769
3.126500,70.627900
3.126600,70.628695
3.126700,70.628864
3.126800,70.626147
3.126900,70.627233
3.127000,70.624812
3.127100,70.624263
3.127200,70.627059
3.127300,70.621833
3.127400,70.629260
3.127500,70.619705
3.127600,70.617841
3.127700,70.627631
3.127800,70.627925
3.127900,70.633068
3.128000,70.632771
3.128100,70.623232
3.128200,70.613995
3.128300,70.626004
3.128400,70.630243
3.128500,70.627229
3.128600,70.627049
3.128700,70.627599
3.128800,70.627785
3.128900,70.628867
3.129000,70.631159
3.129100,70.629884
3.129200,70.630419
3.129300,70.630647
3.129400,70.631037
3.129500,70.630606
3.129600,70.632275
3.129700,70.632860
3.129800,70.633409
3.129900,70.633673
3.130000,70.634168
3.130100,70.634569
3.130200,70.634559
3.130300,70.635340
3.130400,70.635177
3.130500,70.636127
3.130600,70.637101
3.130700,70.637708
3.130800,70.638038
3.130900,70.638565
3.131000,70.638679
3.131100,70.639521
3.131200,70.640365
3.131300,70.640422
3.131400,70.640335
3.131500,70.641181
3.131600,70.641973
3.131700,70.642152
3.131800,70.642881
3.131900,70.643421
3.132000,70.643485
3.132100,70.643958
3.132200,70.644103
3.132300,70.644606
3.132400,70.644712
3.132500,70.645385
3.132600,70.646148
3.132700,70.646167
3.132800,70.648132
3.132900,70.648273
3.133000,70.649447
3.133100,70.649712
3.133200,70.650332
3.133300,70.651479
3.133400,70.649771
3.133500,70.650777
3.133600,70.650355
3.133700,70.648481
3.133800,70.651184
3.133900,70.651239
3.134000,70.656045
3.134100,70.653103
3.134200,70.651073
3.134300,70.655914
3.134400,70.651430
3.134500,70.656170
3.134600,70.659289
3.134700,70.660615
3.134800,70.661026
3.134900,70.660953
3.135000,70.681112
3.135100,70.684418
3.135200,70.700872
3.135300,70.688961
3.135400,70.690140
3.135500,70.696217
3.135600,70.694268
3.135700,70.693978
3.135800,70.694639
3.135900,70.694839
3.136000,70.696060
3.136100,70.697899
3.136200,70.699925
3.136300,70.698881
3.136400,70.698861
3.136500,70.698697
3.136600,70.699982
3.136700,70.700614
3.136800,70.700818
3.136900,70.701838
3.137000,70.702620
3.137100,70.702631
3.137200,70.702938
3.137300,70.703896
3.137400,70.704477
3.137500,70.704213
3.137600,70.704642
3.137700,70.705241
3.137800,70.705981
3.137900,70.706238
3.138000,70.706694
3.138100,70.707455
3.138200,70.707763
3.138300,70.708641
3.138400,70.709582
3.138500,70.710178
3.138600,70.709837
3.138700,70.710233
3.138800,70.710540
3.138900,70.711650
3.139000,70.711880
3.139100,70.712596
3.139200,70.713300
3.139300,70.714008
3.139400,70.714579
3.139500,70.715071
3.139600,70.714708
3.139700,70.716279
3.139800,70.715797
3.139900,70.715927
3.140000,70.715391
3.140100,70.716591
3.140200,70.717950
3.140300,70.718185
3.140400,70.718125
3.140500,70.719433
3.140600,70.719865
3.140700,70.719854
3.140800,70.722938
3.140900,70.720586
3.141000,70.724220
3.141100,70.727030
3.141200,70.726357
3.141300,70.727441
3.141400,70.729236
3.141500,70.725796
3.141600,70.722811
3.141700,70.727057
3.141800,70.736549
3.141900,70.735559
3.142000,70.742129
3.142100,70.751888
3.142200,70.731796
3.142300,70.738819
3.142400,70.722978
3.142500,70.735844
3.142600,70.736174
3.142700,70.737476
3.142800,70.737183
3.142900,70.738152
3.143000,70.738633
3.143100,70.738539
3.143200,70.739391
3.143300,70.740893
3.143400,70.740186
3.143500,70.742015
3.143600,70.742924
3.143700,70.743660
3.143800,70.743313
3.143900,70.744368
3.144000,70.744519
3.144100,70.744962
3.144200,70.745207
3.144300,70.745565
3.144400,70.745698
3.144500,70.746656
3.144600,70.747439
3.144700,70.747562
3.144800,70.748290
3.144900,70.748871
3.145000,70.749673
3.145100,70.749568
3.145200,70.750009
3.145300,70.750473
3.145400,70.750842
3.145500,70.751547
3.145600,70.752718
3.145700,70.752357
3.145800,70.752696
3.145900,70.753978
3.146000,70.754234
3.146100,70.754761
3.146200,70.755273
3.146300,70.755863
3.146400,70.756499
3.146500,70.757342
3.146600,70.757259
3.146700,70.757426
3.146800,70.758933
3.146900,70.758044
3.147000,70.758394
3.147100,70.759490
3.147200,70.761691
3.147300,70.761861
3.147400,70.762187
3.147500,70.762716
3.147600,70.762339
3.147700,70.761797
3.147800,70.762064
3.147900,70.762427
3.148000,70.762404
3.148100,70.765955
3.148200,70.765279
3.148300,70.766534
3.148400,70.770426
3.148500,70.766854
3.148600,70.759898
3.148700,70.771411
3.148800,70.773402
3.148900,70.767211
3.149000,70.751310
3.149100,70.734312
3.149200,70.751177
3.149300,70.749135
3.149400,70.750019
3.149500,70.741985
3.149600,70.737837
3.149700,70.744076
3.149800,70.746431
3.149900,70.745563
3.150000,70.746129
3.150100,70.746348
3.150200,70.746124
3.150300,70.745771
3.150400,70.747317
3.150500,70.747371
3.150600,70.748650
3.150700,70.748616
3.150800,70.748698
3.150900,70.748462
3.151000,70.748899
3.151100,70.750019
3.151200,70.750460
3.151300,70.750795
3.151400,70.751751
3.151500,70.751884
3.151600,70.752109
3.151700,70.752972
3.151800,70.753690
3.151900,70.754404
3.152000,70.754785
3.152100,70.754870
3.152200,70.755511
3.152300,70.755910
3.152400,70.756591
3.152500,70.757029
3.152600,70.756962
3.152700,70.757938
3.152800,70.757544
3.152900,70.757940
3.153000,70.759014
3.153100,70.759427
3.153200,70.760594
3.153300,70.760249
3.153400,70.761062
3.153500,70.761363
3.153600,70.762381
3.153700,70.763111
3.153800,70.763162
3.153900,70.764630
3.154000,70.765200
3.154100,70.765857
3.154200,70.764639
3.154300,70.764760
3.154400,70.765427
3.154500,70.765868
3.154600,70.766826
3.154700,70.767851
3.154800,70.768242
3.154900,70.768296
3.155000,70.766735
3.155100,70.767513
3.155200,70.769065
3.155300,70.765099
3.155400,70.768289
3.155500,70.764304
3.155600,70.766392
3.155700,70.761258
3.155800,70.771239
3.155900,70.776237
3.156000,70.780277
3.156100,70.795312
3.156200,70.809664
3.156300,70.821359
3.156400,70.812350
3.156500,70.817466
3.156600,70.817914
3.156700,70.815456
3.156800,70.813609
3.156900,70.816742
3.157000,70.816690
3.157100,70.816862
3.157200,70.817984
3.157300,70.820254
3.157400,70.819340
3.157500,70.819459
3.157600,70.819913
3.157700,70.821964
3.157800,70.821832
3.157900,70.822029
3.158000,70.823224
3.158100,70.824088
3.158200,70.824400
3.158300,70.824223
3.158400,70.824556
3.158500,70.825532
3.158600,70.826242
3.158700,70.826472
3.158800,70.826695
3.158900,70.827280
3.159000,70.828059
3.159100,70.828514
3.159200,70.828854
3.159300,70.829501
3.159400,70.830078
3.159500,70.830665
3.159600,70.831311
3.159700,70.831527
3.159800,70.832077
3.159900,70.832193
3.160000,70.832079
3.160100,70.832529
3.160200,70.833320
3.160300,70.834341
3.160400,70.834502
3.160500,70.835664
3.160600,70.836022
3.160700,70.836374
3.160800,70.836092
3.160900,70.837521
3.161000,70.837999
3.161100,70.838831
3.161200,70.838580
3.161300,70.838564
3.161400,70.839534
3.161500,70.839447
3.161600,70.841546
3.161700,70.840137
3.161800,70.839921
3.161900,70.838227
3.162000,70.840038
3.162100,70.842838
3.162200,70.847277
3.162300,70.844555
3.162400,70.847698
3.162500,70.848390
3.162600,70.844468
3.162700,70.854030
3.162800,70.855756
3.162900,70.854512
3.163000,70.863994
3.163100,70.860203
3.163200,70.849563
3.163300,70.844166
3.163400,70.841140
3.163500,70.836269
3.163600,70.846642
3.163700,70.850168
3.163800,70.857888
3.163900,70.855836
3.164000,70.855116
3.164100,70.855780
3.164200,70.855245
3.164300,70.856698
3.164400,70.858291
3.164500,70.858015
3.164600,70.856708
3.164700,70.857705
3.164800,70.857324
3.164900,70.858591
3.165000,70.858285
3.165100,70.859399
3.165200,70.859669
3.165300,70.860511
3.165400,70.861184
3.165500,70.861173
3.165600,70.861811
3.165700,70.862070
3.165800,70.862883
3.165900,70.863084
3.166000,70.863785
3.166100,70.864252
3.166200,70.864568
3.166300,70.865411
3.166400,70.865584
3.166500,70.866319
3.166600,70.866519
3.166700,70.866753
3.166800,70.867103
3.166900,70.867656
3.167000,70.868940
3.167100,70.869001
3.167200,70.869572
3.167300,70.869947
3.167400,70.870852
3.167500,70.870776
3.167600,70.870715
3.167700,70.870907
3.167800,70.871302
3.167900,70.872338
3.168000,70.872770
3.168100,70.873139
3.168200,70.873884
3.168300,70.874788
3.168400,70.876525
3.168500,70.877590
3.168600,70.876860
3.168700,70.877211
3.168800,70.877367
3.168900,70.877676
3.169000,70.876940
3.169100,70.876106
3.169200,70.879252
3.169300,70.878693
3.169400,70.876133
3.169500,70.873369
3.169600,70.871739
3.169700,70.864421
3.169800,70.873374
3.169900,70.864792
3.170000,70.851509
3.170100,70.857681
3.170200,70.838856
3.170300,70.821097
3.170400,70.810426
3.170500,70.801027
3.170600,70.802147
3.170700,70.795706
3.170800,70.792560
3.170900,70.797431
3.171000,70.797765
3.171100,70.798504
3.171200,70.799202
3.171300,70.800100
3.171400,70.802449
3.171500,70.801943
3.171600,70.802531
3.171700,70.802898
3.171800,70.803611
3.171900,70.804063
3.172000,70.804706
3.172100,70.805378
3.172200,70.806169
3.172300,70.806702
3.172400,70.806743
3.172500,70.807315
3.172600,70.807858
3.172700,70.808559
3.172800,70.808842
3.172900,70.808924
3.173000,70.809542
3.173100,70.809827
3.173200,70.810282
3.173300,70.810869
3.173400,70.811302
3.173500,70.811738
3.173600,70.812425
3.173700,70.813569
3.173800,70.813248
3.173900,70.813383
3.174000,70.814273
3.174100,70.815255
3.174200,70.815290
3.174300,70.815563
3.174400,70.816261
3.174500,70.816815
3.174600,70.817063
3.174700,70.817317
3.174800,70.817509
3.174900,70.817927
3.175000,70.819675
3.175100,70.819316
3.175200,70.820307
3.175300,70.821850
3.175400,70.821038
3.175500,70.821088
3.175600,70.823331
3.175700,70.823511
3.175800,70.821847
3.175900,70.823818
3.176000,70.823148
3.176100,70.823457
3.176200,70.825450
3.176300,70.828257
3.176400,70.831656
3.176500,70.830765
3.176600,70.830902
3.176700,70.829955
3.176800,70.835037
3.176900,70.838976
3.177000,70.841559
3.177100,70.835636
3.177200,70.838175
3.177300,70.843510
3.177400,70.861225
3.177500,70.864852
3.177600,70.864289
3.177700,70.877267
3.177800,70.874004
3.177900,70.872590
3.178000,70.875668
3.178100,70.878067
3.178200,70.878317
3.178300,70.878712
3.178400,70.880846
3.178500,70.879890
3.178600,70.881034
3.178700,70.881292
3.178800,70.881532
3.178900,70.881828
3.179000,70.882015
3.179100,70.883494
3.179200,70.883737
3.179300,70.883216
3.179400,70.884275
3.179500,70.884729
3.179600,70.885041
3.179700,70.884899
3.179800,70.885755
3.179900,70.886146
3.180000,70.886905
3.180100,70.887568
3.180200,70.888171
3.180300,70.888772
3.180400,70.888975
3.180500,70.889764
3.180600,70.890106
3.180700,70.890803
3.180800,70.890951
3.180900,70.891677
3.181000,70.892138
3.181100,70.892380
3.181200,70.893037
3.181300,70.893832
3.181400,70.894616
3.181500,70.894595
3.181600,70.894558
3.181700,70.895241
3.181800,70.895463
3.181900,70.895948
3.182000,70.896137
3.182100,70.897102
3.182200,70.897884
3.182300,70.898664
3.182400,70.898787
3.182500,70.899321
3.182600,70.897905
3.182700,70.898915
3.182800,70.901707
3.182900,70.903025
3.183000,70.903937
3.183100,70.903377
3.183200,70.902016
3.183300,70.899823
3.183400,70.904033
3.183500,70.906684
3.183600,70.905348
3.183700,70.912035
3.183800,70.914564
3.183900,70.913459
3.184000,70.910812
3.184100,70.899870
3.184200,70.895362
3.184300,70.897927
3.184400,70.901810
3.184500,70.893156
3.184600,70.909181
3.184700,70.905718
3.184800,70.918978
3.184900,70.909081
3.185000,70.906301
3.185100,70.905718
3.185200,70.907477
3.185300,70.907833
3.185400,70.907807
3.185500,70.908120
3.185600,70.910003
3.185700,70.909909
3.185800,70.911564
3.185900,70.913226
3.186000,70.912918
3.186100,70.912163
3.186200,70.913343
3.186300,70.914326
3.186400,70.915164
3.186500,70.915465
3.186600,70.915428
3.186700,70.915983
3.186800,70.916507
3.186900,70.917281
3.187000,70.917297
3.187100,70.917784
3.187200,70.918956
3.187300,70.919541
3.187400,70.919792
3.187500,70.920350
3.187600,70.920717
3.187700,70.920922
3.187800,70.921426
3.187900,70.922085
3.188000,70.922327
3.188100,70.923121
3.188200,70.923640
3.188300,70.923617
3.188400,70.924186
3.188500,70.924798
3.188600,70.925400
3.188700,70.925561
3.188800,70.926355
3.188900,70.926943
3.189000,70.927208
3.189100,70.927906
3.189200,70.928272
3.189300,70.927871
3.189400,70.928639
3.189500,70.928408
3.189600,70.929752
3.189700,70.930998
3.189800,70.933246
3.189900,70.934442
3.190000,70.932477
3.190100,70.934967
3.190200,70.934445
3.190300,70.931786
3.190400,70.933101
3.190500,70.930875
3.190600,70.932246
3.190700,70.936417
3.190800,70.941963
3.190900,70.937484
3.191000,70.933421
3.191100,70.938682
3.191200,70.933262
3.191300,70.931682
3.191400,70.949626
3.191500,70.928910
3.191600,70.936098
3.191700,70.938146
3.191800,70.920654
3.191900,70.932413
3.192000,70.934952
3.192100,70.938481
3.192200,70.939474
3.192300,70.939689
3.192400,70.939726
3.192500,70.938522
3.192600,70.940807
3.192700,70.941790
3.192800,70.940854
3.192900,70.941454
3.193000,70.943046
3.193100,70.943481
3.193200,70.943656
3.193300,70.944743
3.193400,70.944804
3.193500,70.946209
3.193600,70.945705
3.193700,70.946822
3.193800,70.946977
3.193900,70.947447
3.194000,70.947967
3.194100,70.948478
3.194200,70.948793
3.194300,70.948811
3.194400,70.949893
3.194500,70.950679
3.194600,70.951098
3.194700,70.951223
3.194800,70.951185
3.194900,70.951811
3.195000,70.952367
3.195100,70.953132
3.195200,70.954061
3.195300,70.953671
3.195400,70.954506
3.195500,70.954987
3.195600,70.956038
3.195700,70.956696
3.195800,70.956950
3.195900,70.957621
3.196000,70.958449
3.196100,70.958716
3.196200,70.959038
3.196300,70.958519
3.196400,70.958876
3.196500,70.960222
3.196600,70.961346
3.196700,70.961742
3.196800,70.962563
3.196900,70.963015
3.197000,70.961929
3.197100,70.961336
3.197200,70.961774
3.197300,70.963274
3.197400,70.966620
3.197500,70.967403
3.197600,70.966439
3.197700,70.964915
3.197800,70.964019
3.197900,70.965057
3.198000,70.968427
3.198100,70.966218
3.198200,70.967485
3.198300,70.972123
3.198400,70.978798
3.198500,70.959215
3.198600,70.949944
3.198700,70.944017
3.198800,70.933882
3.198900,70.946379
3.199000,70.953701
3.199100,70.955010
3.199200,70.953301
3.199300,70.954426
3.199400,70.954936
3.199500,70.954997
3.199600,70.955052
3.199700,70.956097
3.199800,70.957685
3.199900,70.958689
3.200000,70.958720
3.200100,70.959746
3.200200,70.959815
3.200300,70.960190
3.200400,70.961331
3.200500,70.962779
3.200600,70.962206
3.200700,70.962483
3.200800,70.962882
3.200900,70.964165
3.201000,70.965063
3.201100,70.964997
3.201200,70.965596
3.201300,70.966082
3.201400,70.966996
3.201500,70.967870
3.201600,70.968059
3.201700,70.968375
3.201800,70.968107
3.201900,70.969047
3.202000,70.969506
3.202100,70.969956
3.202200,70.970080
3.202300,70.970769
3.202400,70.970932
3.202500,70.971193
3.202600,70.971507
3.202700,70.972251
3.202800,70.973781
3.202900,70.974169
3.203000,70.975071
3.203100,70.974573
3.203200,70.975559
3.203300,70.976202
3.203400,70.977009
3.203500,70.977068
3.203600,70.979265
3.203700,70.977954
3.203800,70.977960
3.203900,70.978163
3.204000,70.977833
3.204100,70.979761
3.204200,70.982892
3.204300,70.981390
3.204400,70.984060
3.204500,70.982567
3.204600,70.984898
3.204700,70.984482
3.204800,70.987033
3.204900,70.984722
3.205000,70.983917
3.205100,70.993949
3.205200,70.994493
3.205300,71.007496
3.205400,71.004571
3.205500,71.002367
3.205600,71.001501
3.205700,71.012030
3.205800,71.031964
3.205900,71.047065
3.206000,71.046663
3.206100,71.042429
3.206200,71.046425
3.206300,71.046640
3.206400,71.047490
3.206500,71.048029
3.206600,71.049893
3.206700,71.051800
3.206800,71.051966
3.206900,71.052426
3.207000,71.051791
3.207100,71.052016
3.207200,71.052448
3.207300,71.052819
3.207400,71.052877
3.207500,71.053850
3.207600,71.054744
3.207700,71.056091
3.207800,71.056081
3.207900,71.056429
3.208000,71.056283
3.208100,71.056796
3.208200,71.057981
3.208300,71.058226
3.208400,71.058920
3.208500,71.059461
3.208600,71.059620
3.208700,71.060182
3.208800,71.060889
3.208900,71.061435
3.209000,71.061759
3.209100,71.062138
3.209200,71.062309
3.209300,71.062931
3.209400,71.063820
3.209500,71.063985
3.209600,71.064633
3.209700,71.065204
3.209800,71.065434
3.209900,71.066292
3.210000,71.067191
3.210100,71.068199
3.210200,71.067393
3.210300,71.068563
3.210400,71.068343
3.210500,71.069339
3.210600,71.069195
3.210700,71.068840
3.210800,71.069692
3.210900,71.070709
3.211000,71.071865
3.211100,71.071197
3.211200,71.072083
3.211300,71.075542
3.211400,71.072905
3.211500,71.071714
3.211600,71.072441
3.211700,71.072855
3.211800,71.071103
3.211900,71.073419
3.212000,71.080610
3.212100,71.084206
3.212200,71.083890
3.212300,71.096652
3.212400,71.082123
3.212500,71.087083
3.212600,71.096051
3.212700,71.094138
3.212800,71.106370
3.212900,71.091517
3.213000,71.104918
3.213100,71.110288
3.213200,71.105608
3.213300,71.107204
3.213400,71.106819
3.213500,71.107571
3.213600,71.106649
3.213700,71.108210
3.213800,71.108171
3.213900,71.109629
3.214000,71.108424
3.214100,71.109103
3.214200,71.110558
3.214300,71.110446
3.214400,71.110634
3.214500,71.110965
3.214600,71.111824
3.214700,71.111970
3.214800,71.112459
3.214900,71.113212
3.215000,71.113988
3.215100,71.114452
3.215200,71.115077
3.215300,71.115605
3.215400,71.116404
3.215500,71.116475
3.215600,71.116594
3.215700,71.117268
3.215800,71.117798
3.215900,71.118077
3.216000,71.118357
3.216100,71.119243
3.216200,71.119733
3.216300,71.120321
3.216400,71.120684
3.216500,71.120946
3.216600,71.121391
3.216700,71.122476
3.216800,71.122759
3.216900,71.123385
3.217000,71.123728
3.217100,71.124110
3.217200,71.124228
3.217300,71.124422
3.217400,71.125559
3.217500,71.126258
3.217600,71.126711
3.217700,71.125930
3.217800,71.127079
3.217900,71.126873
3.218000,71.129604
3.218100,71.129529
3.218200,71.129514
3.218300,71.128627
3.218400,71.132682
3.218500,71.129341
3.218600,71.132856
3.218700,71.130151
3.218800,71.129350
3.218900,71.127522
3.219000,71.130693
3.219100,71.127474
3.219200,71.138497
3.219300,71.129485
3.219400,71.133554
3.219500,71.125693
3.219600,71.133272
3.219700,71.147111
3.219800,71.138461
3.219900,71.126362
3.220000,71.117767
3.220100,71.111925
3.220200,71.115064
3.220300,71.114442
3.220400,71.115099
3.220500,71.115625
3.220600,71.116218
3.220700,71.117109
3.220800,71.116738
3.220900,71.116517
3.221000,71.116136
3.221100,71.117760
3.221200,71.118820
3.221300,71.119601
3.221400,71.119630
3.221500,71.120934
3.221600,71.121310
3.221700,71.121474
3.221800,71.122496
3.221900,71.122759
3.222000,71.122542
3.222100,71.123177
3.222200,71.123658
3.222300,71.123610
3.222400,71.124729
3.222500,71.125125
3.222600,71.125315
3.222700,71.126044
3.222800,71.126820
3.222900,71.127019
3.223000,71.127575
3.223100,71.128398
3.223200,71.128275
3.223300,71.129246
3.223400,71.129486
3.223500,71.130761
3.223600,71.131257
3.223700,71.130901
3.223800,71.130562
3.223900,71.131735
3.224000,71.132259
3.224100,71.133127
3.224200,71.132922
3.224300,71.133501
3.224400,71.133868
3.224500,71.134091
3.224600,71.136053
3.224700,71.137158
3.224800,71.137141
3.224900,71.138123
3.225000,71.137638
3.225100,71.139018
3.225200,71.140168
3.225300,71.138156
3.225400,71.140025
3.225500,71.141054
3.225600,71.143586
3.225700,71.143888
3.225800,71.141668
3.225900,71.140037
3.226000,71.139578
3.226100,71.140884
3.226200,71.131190
3.226300,71.135955
3.226400,71.125319
3.226500,71.136379
3.226600,71.123789
3.226700,71.126894
3.226800,71.107323
3.226900,71.104657
3.227000,71.106618
3.227100,71.106203
3.227200,71.108318
3.227300,71.109534
3.227400,71.110769
3.227500,71.111073
3.227600,71.111502
3.227700,71.110867
3.227800,71.111960
3.227900,71.112700
3.228000,71.112668
3.228100,71.114433
3.228200,71.114233
3.228300,71.114873
3.228400,71.115130
3.228500,71.115274
3.228600,71.115449
3.228700,71.116940
3.228800,71.117140
3.228900,71.118441
3.229000,71.118631
3.229100,71.118670
3.229200,71.119091
3.229300,71.119430
3.229400,71.119438
3.229500,71.120362
3.229600,71.121499
3.229700,71.121528
3.229800,71.122242
3.229900,71.122897
3.230000,71.123247
3.230100,71.123328
3.230200,71.124088
3.230300,71.124936
3.230400,71.125779
3.230500,71.125309
3.230600,71.126060
3.230700,71.126776
3.230800,71.127445
3.230900,71.127259
3.231000,71.127708
3.231100,71.127820
3.231200,71.129342
3.231300,71.130293
3.231400,71.129598
3.231500,71.130914
3.231600,71.131740
3.231700,71.131330
3.231800,71.133403
3.231900,71.131924
3.232000,71.131697
3.232100,71.134155
3.232200,71.135143
3.232300,71.136988
3.232400,71.138274
3.232500,71.135444
3.232600,71.134887
3.232700,71.136774
3.232800,71.138751
3.232900,71.145183
3.233000,71.148308
3.233100,71.148019
3.233200,71.142453
3.233300,71.136449
3.233400,71.149559
3.233500,71.147903
3.233600,71.158271
3.233700,71.163815
3.233800,71.169634
3.233900,71.165701
3.234000,71.169139
3.234100,71.167245
3.234200,71.165478
3.234300,71.171673
3.234400,71.175153
3.234500,71.176385
3.234600,71.176882
3.234700,71.177721
3.234800,71.178595
3.234900,71.179238
3.235000,71.179791
3.235100,71.179755
3.235200,71.181723
3.235300,71.182852
3.235400,71.183451
3.235500,71.182647
3.235600,71.183190
3.235700,71.183789
3.235800,71.184551
3.235900,71.185645
3.236000,71.186205
3.236100,71.186655
3.236200,71.186551
3.236300,71.186261
3.236400,71.187308
3.236500,71.187464
3.236600,71.188528
3.236700,71.189362
3.236800,71.189729
3.236900,71.190470
3.237000,71.190628
3.237100,71.191386
3.237200,71.191337
3.237300,71.192282
3.237400,71.192752
3.237500,71.192997
3.237600,71.193624
3.237700,71.193736
3.237800,71.193668
3.237900,71.194419
3.238000,71.195213
3.238100,71.194977
3.238200,71.196535
3.238300,71.197349
3.238400,71.197087
3.238500,71.196402
3.238600,71.198631
3.238700,71.198356
3.238800,71.199396
3.238900,71.200239
3.239000,71.200509
3.239100,71.202476
3.239200,71.201841
3.239300,71.203378
3.239400,71.201002
3.239500,71.205223
3.239600,71.201773
3.239700,71.205113
3.239800,71.208472
3.239900,71.211527
3.240000,71.211168
3.240100,71.212606
3.240200,71.208380
3.240300,71.200781
3.240400,71.206205
3.240500,71.209445
3.240600,71.204644
3.240700,71.191594
3.240800,71.194614
3.240900,71.198807
3.241000,71.192273
3.241100,71.193539
3.241200,71.201594
3.241300,71.199504
3.241400,71.198403
3.241500,71.198025
3.241600,71.198486
3.241700,71.197902
3.241800,71.199180
3.241900,71.199440
3.242000,71.199665
3.242100,71.200823
3.242200,71.200273
3.242300,71.200562
3.242400,71.201096
3.242500,71.201966
3.242600,71.202724
3.242700,71.202363
3.242800,71.202915
3.242900,71.203434
3.243000,71.203959
3.243100,71.204767
3.243200,71.204935
3.243300,71.205461
3.243400,71.205820
3.243500,71.206738
3.243600,71.207569
3.243700,71.207732
3.243800,71.207842
3.243900,71.208701
3.244000,71.208792
3.244100,71.210084
3.244200,71.209892
3.244300,71.210324
3.244400,71.210621
3.244500,71.211583
3.244600,71.212203
3.244700,71.212600
3.244800,71.212188
3.244900,71.212554
3.245000,71.213450
3.245100,71.213778
3.245200,71.214662
3.245300,71.215215
3.245400,71.214710
3.245500,71.216349
3.245600,71.217381
3.245700,71.217951
3.245800,71.218702
3.245900,71.219427
3.246000,71.219683
3.246100,71.218864
3.246200,71.219295
3.246300,71.220521
3.246400,71.222363
3.246500,71.223192
3.246600,71.223007
3.246700,71.224783
3.246800,71.223420
3.246900,71.224102
3.247000,71.225713
3.247100,71.219970
3.247200,71.220968
3.247300,71.211917
3.247400,71.217308
3.247500,71.215709
3.247600,71.230119
3.247700,71.228123
3.247800,71.233206
3.247900,71.221249
3.248000,71.232077
3.248100,71.228060
3.248200,71.229340
3.248300,71.235606
3.248400,71.235535
3.248500,71.236734
3.248600,71.237288
3.248700,71.238109
3.248800,71.237750
3.248900,71.239518
3.249000,71.241143
3.249100,71.241605
3.249200,71.242716
3.249300,71.242423
3.249400,71.242685
3.249500,71.242727
3.249600,71.243503
3.249700,71.243966
3.249800,71.244324
3.249900,71.245066
3.250000,71.245686
3.250100,71.246177
3.250200,71.247469
3.250300,71.247624
3.250400,71.247765
3.250500,71.248213
3.250600,71.248566
3.250700,71.249368
3.250800,71.250046
3.250900,71.250046
3.251000,71.250858
3.251100,71.251172
3.251200,71.251426
3.251300,71.252292
3.251400,71.252676
3.251500,71.252894
3.251600,71.253528
3.251700,71.254179
3.251800,71.254354
3.251900,71.255178
3.252000,71.255282
3.252100,71.256182
3.252200,71.257311
3.252300,71.257605
3.252400,71.257605
3.252500,71.258728
3.252600,71.258821
3.252700,71.260360
3.252800,71.259189
3.252900,71.261141
3.253000,71.260762
3.253100,71.259932
3.253200,71.260526
3.253300,71.262677
3.253400,71.262345
3.253500,71.261736
3.253600,71.263136
3.253700,71.265595
3.253800,71.264557
3.253900,71.262596
3.254000,71.263612
3.254100,71.264260
3.254200,71.257358
3.254300,71.256815
3.254400,71.262637
3.254500,71.275554
3.254600,71.285442
3.254700,71.265197
3.254800,71.287604
3.254900,71.275482
3.255000,71.274774
3.255100,71.276953
3.255200,71.274930
3.255300,71.282406
3.255400,71.285396
3.255500,71.285699
3.255600,71.286365
3.255700,71.287032
3.255800,71.289033
3.255900,71.289971
3.256000,71.292472
3.256100,71.291058
3.256200,71.291566
3.256300,71.291419
3.256400,71.290831
3.256500,71.291797
3.256600,71.293072
3.256700,71.293638
3.256800,71.293177
3.256900,71.293956
3.257000,71.295041
3.257100,71.295782
3.257200,71.295716
3.257300,71.295931
3.257400,71.296384
3.257500,71.296945
3.257600,71.296958
3.257700,71.297761
3.257800,71.298338
3.257900,71.298634
3.258000,71.299707
3.258100,71.299838
3.258200,71.300210
3.258300,71.300661
3.258400,71.301264
3.258500,71.302044
3.258600,71.302218
3.258700,71.302875
3.258800,71.303651
3.258900,71.304005
3.259000,71.304386
3.259100,71.305292
3.259200,71.305278
3.259300,71.306600
3.259400,71.306518
3.259500,71.306980
3.259600,71.307836
3.259700,71.308576
3.259800,71.308960
3.259900,71.308768
3.260000,71.309570
3.260100,71.309442
3.260200,71.310503
3.260300,71.311227
3.260400,71.312324
3.260500,71.311916
3.260600,71.310501
3.260700,71.310075
3.260800,71.313906
3.260900,71.314357
3.261000,71.308936
3.261100,71.313011
3.261200,71.311671
3.261300,71.322337
3.261400,71.333286
3.261500,71.332742
3.261600,71.345054
3.261700,71.349298
3.261800,71.368468
3.261900,71.346702
3.262000,71.338737
3.262100,71.338348
3.262200,71.326819
3.262300,71.335297
3.262400,71.338903
3.262500,71.337604
3.262600,71.338335
3.262700,71.338322
3.262800,71.337515
3.262900,71.338901
3.263000,71.341274
3.263100,71.341030
3.263200,71.341573
3.263300,71.341643
3.263400,71.342276
3.263500,71.342885
3.263600,71.343926
3.263700,71.344522
3.263800,71.345427
3.263900,71.345349
3.264000,71.345839
3.264100,71.346488
3.264200,71.346475
3.264300,71.347254
3.264400,71.347846
3.264500,71.348686
3.264600,71.349034
3.264700,71.349271
3.264800,71.349587
3.264900,71.350325
3.265000,71.350911
3.265100,71.351486
3.265200,71.351850
3.265300,71.352236
3.265400,71.351868
3.265500,71.352793
3.265600,71.353264
3.265700,71.354568
3.265800,71.354698
3.265900,71.355321
3.266000,71.355673
3.266100,71.355934
3.266200,71.356145
3.266300,71.356800
3.266400,71.357245
3.266500,71.358287
3.266600,71.358673
3.266700,71.359064
3.266800,71.360134
3.266900,71.360961
3.267000,71.361525
3.267100,71.360407
3.267200,71.360748
3.267300,71.362265
3.267400,71.361427
3.267500,71.360344
3.267600,71.362463
3.267700,71.367107
3.267800,71.363181
3.267900,71.365659
3.268000,71.363721
3.268100,71.361092
3.268200,71.358921
3.268300,71.357870
3.268400,71.363783
3.268500,71.378670
3.268600,71.362711
3.268700,71.360237
3.268800,71.374557
3.268900,71.360150
3.269000,71.371922
3.269100,71.359102
3.269200,71.356689
3.269300,71.355719
3.269400,71.356175
3.269500,71.355949
3.269600,71.356466
3.269700,71.356883
3.269800,71.357884
3.269900,71.356611
3.270000,71.356980
3.270100,71.357004
3.270200,71.357982
3.270300,71.358222
3.270400,71.358314
3.270500,71.359989
3.270600,71.360875
3.270700,71.360670
3.270800,71.361561
3.270900,71.361850
3.271000,71.361850
3.271100,71.362757
3.271200,71.362764
3.271300,71.363237
3.271400,71.363825
3.271500,71.364733
3.271600,71.365158
3.271700,71.365363
3.271800,71.365967
3.271900,71.366140
3.272000,71.366707
3.272100,71.367668
3.272200,71.368401
3.272300,71.368420
3.272400,71.368618
3.272500,71.369443
3.272600,71.369375
3.272700,71.370343
3.272800,71.370832
3.272900,71.370794
3.273000,71.371541
3.273100,71.371803
3.273200,71.372383
3.273300,71.373494
3.273400,71.373743
3.273500,71.373928
3.273600,71.375071
3.273700,71.375768
3.273800,71.376957
3.273900,71.378321
3.274000,71.377700
3.274100,71.377377
3.274200,71.377298
3.274300,71.378246
3.274400,71.377472
3.274500,71.380670
3.274600,71.380196
3.274700,71.380268
3.274800,71.378782
3.274900,71.378649
3.275000,71.381181
3.275100,71.380494
3.275200,71.389330
3.275300,71.390824
3.275400,71.380169
3.275500,71.383334
3.275600,71.380548
3.275700,71.379803
3.275800,71.398723
3.275900,71.389515
3.276000,71.369504
3.276100,71.374699
3.276200,71.387342
3.276300,71.387510
3.276400,71.388595
3.276500,71.389734
3.276600,71.390115
3.276700,71.390771
3.276800,71.392160
3.276900,71.393351
3.277000,71.393311
3.277100,71.392961
3.277200,71.393847
3.277300,71.394207
3.277400,71.394025
3.277500,71.395598
3.277600,71.395671
3.277700,71.395494
3.277800,71.395161
3.277900,71.396387
3.278000,71.397291
3.278100,71.397423
3.278200,71.397908
3.278300,71.398708
3.278400,71.399344
3.278500,71.399592
3.278600,71.400114
3.278700,71.400622
3.278800,71.401107
3.278900,71.402043
3.279000,71.402234
3.279100,71.402553
3.279200,71.403339
3.279300,71.403763
3.279400,71.404256
3.279500,71.404084
3.279600,71.405140
3.279700,71.406039
3.279800,71.406613
3.279900,71.406651
3.280000,71.406130
3.280100,71.407439
3.280200,71.408507
3.280300,71.408560
3.280400,71.408651
3.280500,71.409068
3.280600,71.410088
3.280700,71.411121
3.280800,71.412201
3.280900,71.412732
3.281000,71.411305
3.281100,71.412060
3.281200,71.412445
3.281300,71.414600
3.281400,71.415660
3.281500,71.414655
3.281600,71.414958
3.281700,71.416972
3.281800,71.414585
3.281900,71.414290
3.282000,71.416350
3.282100,71.410400
3.282200,71.407030
3.282300,71.415439
3.282400,71.409939
3.282500,71.415915
3.282600,71.406592
3.282700,71.412261
3.282800,71.398869
3.282900,71.410530
3.283000,71.404154
3.283100,71.415195
3.283200,71.409469
3.283300,71.410391
3.283400,71.405761
3.283500,71.404654
3.283600,71.405443
3.283700,71.405368
3.283800,71.406570
3.283900,71.407241
3.284000,71.408274
3.284100,71.408496
3.284200,71.408280
3.284300,71.409588
3.284400,71.410076
3.284500,71.410294
3.284600,71.411624
3.284700,71.412113
3.284800,71.412445
3.284900,71.412817
3.285000,71.413312
3.285100,71.413847
3.285200,71.414051
3.285300,71.414849
3.285400,71.415598
3.285500,71.415926
3.285600,71.416209
3.285700,71.416895
3.285800,71.417173
3.285900,71.417318
3.286000,71.417702
3.286100,71.418020
3.286200,71.418780
3.286300,71.419264
3.286400,71.420544
3.286500,71.420951
3.286600,71.421101
3.286700,71.421344
3.286800,71.421565
3.286900,71.422225
3.287000,71.422971
3.287100,71.423504
3.287200,71.423888
3.287300,71.423747
3.287400,71.422861
3.287500,71.424566
3.287600,71.425593
3.287700,71.426563
3.287800,71.426680
3.287900,71.427254
3.288000,71.427024
3.288100,71.428413
3.288200,71.428564
3.288300,71.430975
3.288400,71.429177
3.288500,71.428113
3.288600,71.428151
3.288700,71.431286
3.288800,71.432555
3.288900,71.433106
3.289000,71.433521
3.289100,71.429784
3.289200,71.434738
3.289300,71.433607
3.289400,71.437893
3.289500,71.435643
3.289600,71.428158
3.289700,71.431819
3.289800,71.433775
3.289900,71.428863
3.290000,71.439233
3.290100,71.454979
3.290200,71.447805
3.290300,71.449674
3.290400,71.452314
3.290500,71.451526
3.290600,71.451938
3.290700,71.452568
3.290800,71.453116
3.290900,71.453673
3.291000,71.454371
3.291100,71.455906
3.291200,71.455702
3.291300,71.455500
3.291400,71.456252
3.291500,71.456696
3.291600,71.456911
3.291700,71.458028
3.291800,71.458565
3.291900,71.458456
3.292000,71.459385
3.292100,71.459220
3.292200,71.460319
3.292300,71.460982
3.292400,71.461413
3.292500,71.461547
3.292600,71.462604
3.292700,71.463387
3.292800,71.463193
3.292900,71.463366
3.293000,71.464267
3.293100,71.465205
3.293200,71.465487
3.293300,71.466399
3.293400,71.466644
3.293500,71.466890
3.293600,71.467823
3.293700,71.468208
3.293800,71.468389
3.293900,71.469858
3.294000,71.469524
3.294100,71.469167
3.294200,71.469758
3.294300,71.469749
3.294400,71.471458
3.294500,71.471366
3.294600,71.471399
3.294700,71.472370
3.294800,71.473612
3.294900,71.474337
3.295000,71.474138
3.295100,71.474410
3.295200,71.474895
3.295300,71.474878
3.295400,71.477191
3.295500,71.476872
3.295600,71.477437
3.295700,71.480978
3.295800,71.480761
3.295900,71.481787
3.296000,71.480034
3.296100,71.474011
3.296200,71.467669
3.296300,71.469129
3.296400,71.480861
3.296500,71.474065
3.296600,71.475278
3.296700,71.495036
3.296800,71.503811
3.296900,71.503439
3.297000,71.499640
3.297100,71.482937
3.297200,71.475091
3.297300,71.483220
3.297400,71.482790
3.297500,71.482835
3.297600,71.483503
3.297700,71.483891
3.297800,71.483587
3.297900,71.483190
3.298000,71.485103
3.298100,71.486412
3.298200,71.485923
3.298300,71.487378
3.298400,71.487619
3.298500,71.488706
3.298600,71.488808
3.298700,71.488885
3.298800,71.489507
3.298900,71.489566
3.299000,71.490566
3.299100,71.491158
3.299200,71.490938
3.299300,71.491974
3.299400,71.492062
3.299500,71.492750
3.299600,71.492874
3.299700,71.493828
3.299800,71.493872
3.299900,71.494562
3.300000,71.495344
3.300100,71.496177
3.300200,71.496367
3.300300,71.496086
3.300400,71.496893
3.300500,71.497269
3.300600,71.497715
3.300700,71.498137
3.300800,71.498961
3.300900,71.499265
3.301000,71.499686
3.301100,71.500739
3.301200,71.500784
3.301300,71.501552
3.301400,71.502547
3.301500,71.502279
3.301600,71.502922
3.301700,71.504690
3.301800,71.505457
3.301900,71.504145
3.302000,71.503146
3.302100,71.505982
3.302200,71.507390
3.302300,71.507484
3.302400,71.507161
3.302500,71.507082
3.302600,71.508132
3.302700,71.509094
3.302800,71.510587
3.302900,71.511785
3.303000,71.513520
3.303100,71.512659
3.303200,71.510616
3.303300,71.502947
3.303400,71.507610
3.303500,71.506232
3.303600,71.504043
3.303700,71.511233
3.303800,71.511165
3.303900,71.519127
3.304000,71.514361
3.304100,71.497234
3.304200,71.497779
3.304300,71.503856
3.304400,71.503653
3.304500,71.505050
3.304600,71.505711
3.304700,71.506005
3.304800,71.507129
3.304900,71.507529
3.305000,71.507569
3.305100,71.506938
3.305200,71.509040
3.305300,71.509553
3.305400,71.510287
3.305500,71.511110
3.305600,71.511860
3.305700,71.511864
3.305800,71.512389
3.305900,71.512811
3.306000,71.512799
3.306100,71.513531
3.306200,71.513685
3.306300,71.514274
3.306400,71.515258
3.306500,71.515936
3.306600,71.516444
3.306700,71.516967
3.306800,71.517198
3.306900,71.517616
3.307000,71.518267
3.307100,71.518970
3.307200,71.519226
3.307300,71.519476
3.307400,71.519892
3.307500,71.520667
3.307600,71.521207
3.307700,71.522367
3.307800,71.521909
3.307900,71.522835
3.308000,71.523909
3.308100,71.523300
3.308200,71.524198
3.308300,71.524644
3.308400,71.525105
3.308500,71.525668
3.308600,71.527660
3.308700,71.526626
3.308800,71.526453
3.308900,71.527599
3.309000,71.529333
3.309100,71.529308
3.309200,71.530375
3.309300,71.530544
3.309400,71.531338
3.309500,71.530310
3.309600,71.533064
3.309700,71.530000
3.309800,71.528654
3.309900,71.530207
3.310000,71.534130
3.310100,71.536010
3.310200,71.540488
3.310300,71.534045
3.310400,71.525422
3.310500,71.539958
3.310600,71.536484
3.310700,71.544848
3.310800,71.542164
3.310900,71.561337
3.311000,71.569975
3.311100,71.567768
3.311200,71.565293
3.311300,71.566598
3.311400,71.566804
3.311500,71.566921
3.311600,71.567581
3.311700,71.567900
3.311800,71.569950
3.311900,71.570779
3.312000,71.572224
3.312100,71.574276
3.312200,71.573688
3.312300,71.573315
3.312400,71.573676
3.312500,71.573934
3.312600,71.574450
3.312700,71.575102
3.312800,71.576352
3.312900,71.576076
3.313000,71.576449
3.313100,71.577031
3.313200,71.577955
3.313300,71.578282
3.313400,71.579112
3.313500,71.578893
3.313600,71.579808
3.313700,71.580399
3.313800,71.580654
3.313900,71.581052
3.314000,71.581957
3.314100,71.581734
3.314200,71.582162
3.314300,71.582638
3.314400,71.583568
3.314500,71.584005
3.314600,71.584065
3.314700,71.584889
3.314800,71.584937
3.314900,71.586247
3.315000,71.586735
3.315100,71.586767
3.315200,71.587674
3.315300,71.588340
3.315400,71.588554
3.315500,71.589787
3.315600,71.589862
3.315700,71.590719
3.315800,71.590385
3.315900,71.589799
3.316000,71.590960
3.316100,71.591582
3.316200,71.592328
3.316300,71.593522
3.316400,71.594808
3.316500,71.595711
3.316600,71.593706
3.316700,71.589844
3.316800,71.594017
3.316900,71.591754
3.317000,71.595963
3.317100,71.593423
3.317200,71.588650
3.317300,71.587050
3.317400,71.587363
3.317500,71.589733
3.317600,71.576609
3.317700,71.570199
3.317800,71.572772
3.317900,71.586214
3.318000,71.579401
3.318100,71.571055
3.318200,71.572137
3.318300,71.569541
3.318400,71.569373
3.318500,71.569641
3.318600,71.570080
3.318700,71.570443
3.318800,71.571763
3.318900,71.573167
3.319000,71.571826
3.319100,71.572643
3.319200,71.572719
3.319300,71.574259
3.319400,71.574637
3.319500,71.574699
3.319600,71.574167
3.319700,71.575050
3.319800,71.576094
3.319900,71.576320
3.320000,71.577269
3.320100,71.577490
3.320200,71.577986
3.320300,71.577933
3.320400,71.578948
3.320500,71.578937
3.320600,71.579516
3.320700,71.579797
3.320800,71.580225
3.320900,71.581364
3.321000,71.581735
3.321100,71.582264
3.321200,71.582476
3.321300,71.582731
3.321400,71.583066
3.321500,71.583999
3.321600,71.583824
3.321700,71.585154
3.321800,71.585535
3.321900,71.586186
3.322000,71.586736
3.322100,71.586969
3.322200,71.586663
3.322300,71.587377
3.322400,71.589172
3.322500,71.590088
3.322600,71.589653
3.322700,71.590439
3.322800,71.590307
3.322900,71.590706
3.323000,71.592004
3.323100,71.593220
3.323200,71.592703
3.323300,71.594212
3.323400,71.593927
3.323500,71.594875
3.323600,71.595482
3.323700,71.597356
3.323800,71.596209
3.323900,71.594852
3.324000,71.595444
3.324100,71.597411
3.324200,71.590595
3.324300,71.589318
3.324400,71.601720
3.324500,71.600895
3.324600,71.588470
3.324700,71.602208
3.324800,71.607583
3.324900,71.630469
3.325000,71.630048
3.325100,71.635811
3.325200,71.643384
3.325300,71.643764
3.325400,71.643433
3.325500,71.642773
3.325600,71.643350
3.325700,71.644561
3.325800,71.645482
3.325900,71.646990
3.326000,71.648427
3.326100,71.649155
3.326200,71.648327
3.326300,71.647441
3.326400,71.648291
3.326500,71.648722
3.326600,71.649037
3.326700,71.649822
3.326800,71.650282
3.326900,71.651043
3.327000,71.651686
3.327100,71.651725
3.327200,71.652398
3.327300,71.652973
3.327400,71.652895
3.327500,71.653571
3.327600,71.654264
3.327700,71.654026
3.327800,71.654399
3.327900,71.655665
3.328000,71.656464
3.328100,71.656752
3.328200,71.657221
3.328300,71.657885
3.328400,71.658690
3.328500,71.658434
3.328600,71.658777
3.328700,71.659659
3.328800,71.660103
3.328900,71.660172
3.329000,71.661390
3.329100,71.662249
3.329200,71.662403
3.329300,71.662264
3.329400,71.662710
3.329500,71.663491
3.329600,71.664367
3.329700,71.664353
3.329800,71.665078
3.329900,71.664719
3.330000,71.665151
3.330100,71.665804
3.330200,71.666086
3.330300,71.668868
3.330400,71.671454
3.330500,71.670800
3.330600,71.669615
3.330700,71.670416
3.330800,71.672840
3.330900,71.671289
3.331000,71.673521
3.331100,71.669725
3.331200,71.666553
3.331300,71.664648
3.331400,71.657744
3.331500,71.650285
3.331600,71.633576
3.331700,71.645668
3.331800,71.658167
3.331900,71.665993
3.332000,71.662724
3.332100,71.674774
3.332200,71.671507
3.332300,71.670906
3.332400,71.672531
3.332500,71.672470
3.332600,71.673741
3.332700,71.675566
3.332800,71.675572
3.332900,71.676174
3.333000,71.675594
3.333100,71.676705
3.333200,71.675610
3.333300,71.676723
3.333400,71.676792
3.333500,71.677200
3.333600,71.677348
3.333700,71.678490
3.333800,71.678472
3.333900,71.679140
3.334000,71.679866
3.334100,71.680458
3.334200,71.681144
3.334300,71.681850
3.334400,71.681553
3.334500,71.681974
3.334600,71.682765
3.334700,71.683464
3.334800,71.684218
3.334900,71.684604
3.335000,71.685022
3.335100,71.685201
3.335200,71.686047
3.335300,71.686644
3.335400,71.686605
3.335500,71.686819
3.335600,71.688257
3.335700,71.688889
3.335800,71.688648
3.335900,71.688967
3.336000,71.690584
3.336100,71.691111
3.336200,71.692358
3.336300,71.691789
3.336400,71.691267
3.336500,71.693307
3.336600,71.693423
3.336700,71.692881
3.336800,71.694366
3.336900,71.695781
3.337000,71.696188
3.337100,71.695317
3.337200,71.696378
3.337300,71.697156
3.337400,71.697751
3.337500,71.694764
3.337600,71.692070
3.337700,71.693276
3.337800,71.698397
3.337900,71.702622
3.338000,71.701263
3.338100,71.705302
3.338200,71.713198
3.338300,71.715556
3.338400,71.710923
3.338500,71.696531
3.338600,71.694849
3.338700,71.675949
3.338800,71.696183
3.338900,71.702941
3.339000,71.686935
3.339100,71.703207
3.339200,71.702742
3.339300,71.703393
3.339400,71.705435
3.339500,71.705050
3.339600,71.705747
3.339700,71.705410
3.339800,71.705306
3.339900,71.706514
3.340000,71.707144
3.340100,71.708910
3.340200,71.708978
3.340300,71.709695
3.340400,71.710699
3.340500,71.710637
3.340600,71.711132
3.340700,71.711217
3.340800,71.711706
3.340900,71.712134
3.341000,71.712287
3.341100,71.712569
3.341200,71.713792
3.341300,71.713979
3.341400,71.715050
3.341500,71.716090
3.341600,71.716243
3.341700,71.716235
3.341800,71.716606
3.341900,71.717535
3.342000,71.717949
3.342100,71.717887
3.342200,71.718346
3.342300,71.718347
3.342400,71.719093
3.342500,71.720375
3.342600,71.720624
3.342700,71.720568
3.342800,71.721392
3.342900,71.722251
3.343000,71.723228
3.343100,71.723839
3.343200,71.723899
3.343300,71.724647
3.343400,71.724241
3.343500,71.724366
3.343600,71.724031
3.343700,71.726412
3.343800,71.725766
3.343900,71.726407
3.344000,71.727321
3.344100,71.728892
3.344200,71.729077
3.344300,71.728257
3.344400,71.731390
3.344500,71.730633
3.344600,71.728746
3.344700,71.730786
3.344800,71.726767
3.344900,71.731296
3.345000,71.727075
3.345100,71.722504
3.345200,71.727927
3.345300,71.727789
3.345400,71.735313
3.345500,71.742836
3.345600,71.758188
3.345700,71.769486
3.345800,71.781130
3.345900,71.766162
3.346000,71.747755
3.346100,71.740604
3.346200,71.744658
3.346300,71.747832
3.346400,71.748118
3.346500,71.748799
3.346600,71.749544
3.346700,71.750227
3.346800,71.751259
3.346900,71.750951
3.347000,71.751164
3.347100,71.750200
3.347200,71.751002
3.347300,71.751541
3.347400,71.751444
3.347500,71.751803
3.347600,71.752256
3.347700,71.753678
3.347800,71.754293
3.347900,71.755215
3.348000,71.755062
3.348100,71.755959
3.348200,71.755582
3.348300,71.756796
3.348400,71.757044
3.348500,71.757480
3.348600,71.758429
3.348700,71.758627
3.348800,71.758809
3.348900,71.759866
3.349000,71.759762
3.349100,71.760411
3.349200,71.760916
3.349300,71.760904
3.349400,71.762131
3.349500,71.762445
3.349600,71.762970
3.349700,71.763010
3.349800,71.763274
3.349900,71.763867
3.350000,71.764346
3.350100,71.764506
3.350200,71.765512
3.350300,71.766100
3.350400,71.767355
3.350500,71.767846
3.350600,71.766655
3.350700,71.768799
3.350800,71.769834
3.350900,71.768755
3.351000,71.769153
3.351100,71.769343
3.351200,71.770736
3.351300,71.770100
3.351400,71.771623
3.351500,71.770255
3.351600,71.772424
3.351700,71.777773
3.351800,71.775705
3.351900,71.774829
3.352000,71.782126
3.352100,71.779930
3.352200,71.786203
3.352300,71.781600
3.352400,71.775137
3.352500,71.765890
3.352600,71.757047
3.352700,71.756467
3.352800,71.746888
3.352900,71.762603
3.353000,71.771261
3.353100,71.771830
3.353200,71.768224
3.353300,71.766061
3.353400,71.766373
3.353500,71.766870
3.353600,71.767710
3.353700,71.766543
3.353800,71.766059
3.353900,71.765084
3.354000,71.766380
3.354100,71.768004
3.354200,71.769074
3.354300,71.769821
3.354400,71.769548
3.354500,71.769300
3.354600,71.769530
3.354700,71.770368
3.354800,71.770809
3.354900,71.771613
3.355000,71.772945
3.355100,71.773044
3.355200,71.774190
3.355300,71.773885
3.355400,71.774142
3.355500,71.774827
3.355600,71.775078
3.355700,71.775890
3.355800,71.776412
3.355900,71.776706
3.356000,71.776935
3.356100,71.777558
3.356200,71.778045
3.356300,71.779081
3.356400,71.778951
3.356500,71.779266
3.356600,71.779649
3.356700,71.781036
3.356800,71.781152
3.356900,71.781693
3.357000,71.782067
3.357100,71.782713
3.357200,71.783485
3.357300,71.783966
3.357400,71.784495
3.357500,71.785214
3.357600,71.784522
3.357700,71.785926
3.357800,71.785017
3.357900,71.785609
3.358000,71.788190
3.358100,71.789780
3.358200,71.789827
3.358300,71.790041
3.358400,71.789782
3.358500,71.792896
3.358600,71.789614
3.358700,71.788442
3.358800,71.788365
3.358900,71.793467
3.359000,71.794621
3.359100,71.799078
3.359200,71.800226
3.359300,71.805481
3.359400,71.791253
3.359500,71.773480
3.359600,71.777835
3.359700,71.785474
3.359800,71.770258
3.359900,71.769918
3.360000,71.784605
3.360100,71.792684
3.360200,71.788412
3.360300,71.788919
3.360400,71.789793
3.360500,71.790368
3.360600,71.790168
3.360700,71.790383
3.360800,71.792507
3.360900,71.794790
3.361000,71.796663
3.361100,71.795470
3.361200,71.795885
3.361300,71.797085
3.361400,71.797669
3.361500,71.798203
3.361600,71.797692
3.361700,71.798730
3.361800,71.799066
3.361900,71.799297
3.362000,71.799909
3.362100,71.800729
3.362200,71.800667
3.362300,71.801123
3.362400,71.801983
3.362500,71.802723
3.362600,71.803113
3.362700,71.803320
3.362800,71.803259
3.362900,71.803616
3.363000,71.804260
3.363100,71.804911
3.363200,71.805913
3.363300,71.806088
3.363400,71.806445
3.363500,71.806235
3.363600,71.807374
3.363700,71.808870
3.363800,71.809088
3.363900,71.808796
3.364000,71.809519
3.364100,71.810513
3.364200,71.810060
3.364300,71.811979
3.364400,71.812243
3.364500,71.812816
3.364600,71.813478
3.364700,71.813043
3.364800,71.814312
3.364900,71.814920
3.365000,71.815107
3.365100,71.814170
3.365200,71.814544
3.365300,71.814210
3.365400,71.814321
3.365500,71.818892
3.365600,71.819207
3.365700,71.817336
3.365800,71.822039
3.365900,71.819326
3.366000,71.823754
3.366100,71.827338
3.366200,71.831381
3.366300,71.829006
3.366400,71.836205
3.366500,71.847145
3.366600,71.854747
3.366700,71.855433
3.366800,71.857699
3.366900,71.852445
3.367000,71.853470
3.367100,71.854186
3.367200,71.854338
3.367300,71.855517
3.367400,71.855922
3.367500,71.855842
3.367600,71.856060
3.367700,71.857516
3.367800,71.858562
3.367900,71.860229
3.368000,71.859916
3.368100,71.860570
3.368200,71.861035
3.368300,71.861762
3.368400,71.861880
3.368500,71.861700
3.368600,71.861628
3.368700,71.862217
3.368800,71.862800
3.368900,71.863364
3.369000,71.864263
3.369100,71.864925
3.369200,71.865181
3.369300,71.866061
3.369400,71.866884
3.369500,71.866540
3.369600,71.866275
3.369700,71.867332
3.369800,71.867922
3.369900,71.868650
3.370000,71.868756
3.370100,71.869632
3.370200,71.871011
3.370300,71.871215
3.370400,71.872184
3.370500,71.872048
3.370600,71.872232
3.370700,71.872262
3.370800,71.872457
3.370900,71.872804
3.371000,71.872867
3.371100,71.873800
3.371200,71.874560
3.371300,71.876553
3.371400,71.876349
3.371500,71.875950
3.371600,71.875553
3.371700,71.875958
3.371800,71.876534
3.371900,71.878213
3.372000,71.880046
3.372100,71.880825
3.372200,71.880394
3.372300,71.877549
3.372400,71.877540
3.372500,71.874308
3.372600,71.877748
3.372700,71.880974
3.372800,71.880822
3.372900,71.885033
3.373000,71.888087
3.373100,71.896832
3.373200,71.889616
3.373300,71.877772
3.373400,71.879499
3.373500,71.891362
3.373600,71.904846
3.373700,71.903784
3.373800,71.895744
3.373900,71.887651
3.374000,71.878196
3.374100,71.884924
3.374200,71.881907
3.374300,71.881821
3.374400,71.882220
3.374500,71.882669
3.374600,71.882128
3.374700,71.881473
3.374800,71.881976
3.374900,71.882545
3.375000,71.883609
3.375100,71.883993
3.375200,71.884189
3.375300,71.884857
3.375400,71.885113
3.375500,71.885423
3.375600,71.885842
3.375700,71.886643
3.375800,71.886984
3.375900,71.887304
3.376000,71.887577
3.376100,71.888311
3.376200,71.888736
3.376300,71.889539
3.376400,71.889653
3.376500,71.890485
3.376600,71.890646
3.376700,71.891024
3.376800,71.891664
3.376900,71.892182
3.377000,71.892697
3.377100,71.893161
3.377200,71.893925
3.377300,71.894173
3.377400,71.895033
3.377500,71.894786
3.377600,71.895234
3.377700,71.896409
3.377800,71.897029
3.377900,71.897577
3.378000,71.897750
3.378100,71.898559
3.378200,71.898963
3.378300,71.899574
3.378400,71.900038
3.378500,71.901014
3.378600,71.901494
3.378700,71.899884
3.378800,71.901648
3.378900,71.900966
3.379000,71.902884
3.379100,71.903376
3.379200,71.906261
3.379300,71.909727
3.379400,71.911128
3.379500,71.907429
3.379600,71.904792
3.379700,71.904060
3.379800,71.898829
3.379900,71.904361
3.380000,71.899462
3.380100,71.898031
3.380200,71.901574
3.380300,71.913493
3.380400,71.904826
3.380500,71.912051
3.380600,71.915069
3.380700,71.920320
3.380800,71.924065
3.380900,71.921753
3.381000,71.913875
3.381100,71.914332
3.381200,71.915465
3.381300,71.915994
3.381400,71.916390
3.381500,71.917330
3.381600,71.918062
3.381700,71.918352
3.381800,71.920684
3.381900,71.919146
3.382000,71.919639
3.382100,71.920649
3.382200,71.921609
3.382300,71.922237
3.382400,71.921809
3.382500,71.921841
3.382600,71.923102
3.382700,71.924386
3.382800,71.924153
3.382900,71.924534
3.383000,71.924621
3.383100,71.925420
3.383200,71.925596
3.383300,71.926543
3.383400,71.926591
3.383500,71.927345
3.383600,71.927663
3.383700,71.928357
3.383800,71.929021
3.383900,71.929471
3.384000,71.930066
3.384100,71.929983
3.384200,71.931293
3.384300,71.931360
3.384400,71.931675
3.384500,71.932508
3.384600,71.933506
3.384700,71.933533
3.384800,71.933197
3.384900,71.933479
3.385000,71.934367
3.385100,71.934692
3.385200,71.934782
3.385300,71.935442
3.385400,71.935780
3.385500,71.935814
3.385600,71.936557
3.385700,71.936049
3.385800,71.936898
3.385900,71.938251
3.386000,71.940732
3.386100,71.941759
3.386200,71.943942
3.386300,71.943204
3.386400,71.947364
3.386500,71.946506
3.386600,71.949829
3.386700,71.949276
3.386800,71.944813
3.386900,71.942119
3.387000,71.948942
3.387100,71.944191
3.387200,71.959634
3.387300,71.951575
3.387400,71.936666
3.387500,71.944207
3.387600,71.927981
3.387700,71.922739
3.387800,71.935623
3.387900,71.932145
3.388000,71.930670
3.388100,71.931217
3.388200,71.932814
3.388300,71.933299
3.388400,71.934163
3.388500,71.933406
3.388600,71.934355
3.388700,71.935557
3.388800,71.934612
3.388900,71.933889
3.389000,71.935007
3.389100,71.935806
3.389200,71.935958
3.389300,71.937073
3.389400,71.937691
3.389500,71.938058
3.389600,71.938040
3.389700,71.938593
3.389800,71.939392
3.389900,71.939671
3.390000,71.940129
3.390100,71.941046
3.390200,71.941342
3.390300,71.941745
3.390400,71.942086
3.390500,71.942837
3.390600,71.943241
3.390700,71.944121
3.390800,71.944007
3.390900,71.944637
3.391000,71.945813
3.391100,71.946364
3.391200,71.946550
3.391300,71.947153
3.391400,71.947057
3.391500,71.948089
3.391600,71.947876
3.391700,71.948984
3.391800,71.949110
3.391900,71.949315
3.392000,71.949318
3.392100,71.950366
3.392200,71.952383
3.392300,71.952560
3.392400,71.951965
3.392500,71.954422
3.392600,71.954657
3.392700,71.954049
3.392800,71.954541
3.392900,71.953521
3.393000,71.951505
3.393100,71.954277
3.393200,71.956138
3.393300,71.953877
3.393400,71.950905
3.393500,71.955346
3.393600,71.958476
3.393700,71.962213
3.393800,71.957953
3.393900,71.963355
3.394000,71.961247
3.394100,71.955982
3.394200,71.959403
3.394300,71.956225
3.394400,71.950738
3.394500,71.933614
3.394600,71.948216
3.394700,71.943282
3.394800,71.933938
3.394900,71.933001
3.395000,71.935300
3.395100,71.933879
3.395200,71.934397
3.395300,71.934034
3.395400,71.933730
3.395500,71.934627
3.395600,71.934771
3.395700,71.935595
3.395800,71.935273
3.395900,71.935146
3.396000,71.936573
3.396100,71.936647
3.396200,71.936342
3.396300,71.937781
3.396400,71.938572
3.396500,71.939052
3.396600,71.939413
3.396700,71.939911
3.396800,71.940474
3.396900,71.940608
3.397000,71.941277
3.397100,71.941737
3.397200,71.942460
3.397300,71.943057
3.397400,71.943185
3.397500,71.943752
3.397600,71.944324
3.397700,71.945014
3.397800,71.944970
3.397900,71.945518
3.398000,71.946112
3.398100,71.946627
3.398200,71.946566
3.398300,71.947215
3.398400,71.947544
3.398500,71.948629
3.398600,71.949262
3.398700,71.949045
3.398800,71.949276
3.398900,71.949695
3.399000,71.951139
3.399100,71.952639
3.399200,71.953416
3.399300,71.953169
3.399400,71.954294
3.399500,71.953882
3.399600,71.953600
3.399700,71.955065
3.399800,71.955427
3.399900,71.957144
3.400000,71.957978
3.400100,71.955246
3.400200,71.957137
3.400300,71.954780
3.400400,71.959744
3.400500,71.958158
3.400600,71.958627
3.400700,71.956851
3.400800,71.953751
3.400900,71.957121
3.401000,71.959022
3.401100,71.954571
3.401200,71.960180
3.401300,71.969396
3.401400,71.970174
3.401500,71.975742
3.401600,71.959915
3.401700,71.974001
3.401800,71.983174
3.401900,71.975827
3.402000,71.977426
3.402100,71.979074
3.402200,71.979484
3.402300,71.980107
3.402400,71.980620
3.402500,71.981803
3.402600,71.982598
3.402700,71.982576
3.402800,71.981606
3.402900,71.983150
3.403000,71.985004
3.403100,71.984511
3.403200,71.984950
3.403300,71.985142
3.403400,71.986154
3.403500,71.986333
3.403600,71.987108
3.403700,71.987176
3.403800,71.988023
3.403900,71.988406
3.404000,71.988755
3.404100,71.989676
3.404200,71.990108
3.404300,71.990448
3.404400,71.990534
3.404500,71.991024
3.404600,71.991432
3.404700,71.992203
3.404800,71.992471
3.404900,71.992955
3.405000,71.993643
3.405100,71.993959
3.405200,71.994684
3.405300,71.995263
3.405400,71.996120
3.405500,71.996813
3.405600,71.997180
3.405700,71.997388
3.405800,71.997382
3.405900,71.998841
3.406000,71.998842
3.406100,71.998869
3.406200,72.001034
3.406300,72.001442
3.406400,72.000901
3.406500,72.000535
3.406600,72.003200
3.406700,72.002166
3.406800,72.001288
3.406900,72.002734
3.407000,72.005295
3.407100,72.002893
3.407200,72.002088
3.407300,72.003069
3.407400,72.004522
3.407500,72.003554
3.407600,72.003681
3.407700,72.007566
3.407800,72.011935
3.407900,72.020060
3.408000,72.008956
3.408100,72.015547
3.408200,72.021716
3.408300,72.015391
3.408400,72.021756
3.408500,72.035849
3.408600,72.029752
3.408700,72.017737
3.408800,72.025011
3.408900,72.030152
3.409000,72.028333
3.409100,72.028724
3.409200,72.028236
3.409300,72.028566
3.409400,72.029016
3.409500,72.030494
3.409600,72.029872
3.409700,72.031332
3.409800,72.032047
3.409900,72.032275
3.410000,72.032965
3.410100,72.033054
3.410200,72.033542
3.410300,72.033914
3.410400,72.034411
3.410500,72.035226
3.410600,72.035742
3.410700,72.036394
3.410800,72.036826
3.410900,72.037334
3.411000,72.038362
3.411100,72.038220
3.411200,72.038382
3.411300,72.038449
3.411400,72.039477
3.411500,72.040117
3.411600,72.040712
3.411700,72.041107
3.411800,72.041551
3.411900,72.041544
3.412000,72.042824
3.412100,72.043290
3.412200,72.043920
3.412300,72.044789
3.412400,72.044896
3.412500,72.044836
3.412600,72.044777
3.412700,72.045427
3.412800,72.046340
3.412900,72.045513
3.413000,72.047060
3.413100,72.048777
3.413200,72.048945
3.413300,72.051062
3.413400,72.050854
3.413500,72.050539
3.413600,72.049936
3.413700,72.051938
3.413800,72.051654
3.413900,72.052570
3.414000,72.053770
3.414100,72.055307
3.414200,72.053405
3.414300,72.055459
3.414400,72.052611
3.414500,72.053456
3.414600,72.061755
3.414700,72.063089
3.414800,72.057903
3.414900,72.058839
3.415000,72.072779
3.415100,72.071710
3.415200,72.077411
3.415300,72.066514
3.415400,72.068041
3.415500,72.083669
3.415600,72.093801
3.415700,72.099128
3.415800,72.097807
3.415900,72.096927
3.416000,72.097251
3.416100,72.097447
3.416200,72.097847
3.416300,72.099381
3.416400,72.099392
3.416500,72.099837
3.416600,72.099403
3.416700,72.100958
3.416800,72.102590
3.416900,72.101704
3.417000,72.102670
3.417100,72.103273
3.417200,72.104011
3.417300,72.104017
3.417400,72.104115
3.417500,72.104369
3.417600,72.105236
3.417700,72.106127
3.417800,72.106670
3.417900,72.107364
3.418000,72.107363
3.418100,72.107518
3.418200,72.108203
3.418300,72.109127
3.418400,72.110231
3.418500,72.110372
3.418600,72.110200
3.418700,72.110985
3.418800,72.111746
3.418900,72.112228
3.419000,72.112493
3.419100,72.112320
3.419200,72.113675
3.419300,72.113807
3.419400,72.114387
3.419500,72.115095
3.419600,72.115467
3.419700,72.116117
3.419800,72.116052
3.419900,72.117019
3.420000,72.119017
3.420100,72.118651
3.420200,72.117797
3.420300,72.118486
3.420400,72.119975
3.420500,72.121252
3.420600,72.120489
3.420700,72.121469
3.420800,72.120167
3.420900,72.121520
3.421000,72.123676
3.421100,72.124201
3.421200,72.124793
3.421300,72.126068
3.421400,72.125518
3.421500,72.123138
3.421600,72.116576
3.421700,72.115766
3.421800,72.110717
3.421900,72.118487
3.422000,72.118777
3.422100,72.135232
3.422200,72.120083
3.422300,72.128211
3.422400,72.120364
3.422500,72.122515
3.422600,72.134108
3.422700,72.132609
3.422800,72.129781
3.422900,72.130227
3.423000,72.130929
3.423100,72.130767
3.423200,72.129699
3.423300,72.129278
3.423400,72.131482
3.423500,72.133558
3.423600,72.133741
3.423700,72.133150
3.423800,72.134242
3.423900,72.134562
3.424000,72.135490
3.424100,72.135612
3.424200,72.136270
3.424300,72.136683
3.424400,72.137029
3.424500,72.137543
3.424600,72.138169
3.424700,72.138312
3.424800,72.138928
3.424900,72.139423
3.425000,72.139869
3.425100,72.140591
3.425200,72.140910
3.425300,72.141450
3.425400,72.141958
3.425500,72.142648
3.425600,72.143188
3.425700,72.143643
3.425800,72.144247
3.425900,72.144673
3.426000,72.145088
3.426100,72.145867
3.426200,72.146250
3.426300,72.146988
3.426400,72.147383
3.426500,72.147774
3.426600,72.148135
3.426700,72.148720
3.426800,72.148854
3.426900,72.149420
3.427000,72.150400
3.427100,72.150671
3.427200,72.152477
3.427300,72.151900
3.427400,72.151685
3.427500,72.152363
3.427600,72.154148
3.427700,72.155081
3.427800,72.153147
3.427900,72.156384
3.428000,72.157623
3.428100,72.161383
3.428200,72.157052
3.428300,72.154326
3.428400,72.155207
3.428500,72.154100
3.428600,72.148555
3.428700,72.158757
3.428800,72.158221
3.428900,72.156237
3.429000,72.166287
3.429100,72.146931
3.429200,72.169603
3.429300,72.155872
3.429400,72.145487
3.429500,72.143728
3.429600,72.148473
3.429700,72.149109
3.429800,72.149513
3.429900,72.149870
3.430000,72.151018
3.430100,72.149655
3.430200,72.151087
3.430300,72.151842
3.430400,72.150684
3.430500,72.151310
3.430600,72.151081
3.430700,72.151781
3.430800,72.152903
3.430900,72.153911
3.431000,72.154555
3.431100,72.155356
3.431200,72.154974
3.431300,72.155441
3.431400,72.155527
3.431500,72.156584
3.431600,72.157216
3.431700,72.158033
3.431800,72.157853
3.431900,72.158609
3.432000,72.159081
3.432100,72.159391
3.432200,72.159667
3.432300,72.160433
3.432400,72.161104
3.432500,72.161606
3.432600,72.161725
3.432700,72.162322
3.432800,72.163138
3.432900,72.163596
3.433000,72.164401
3.433100,72.165235
3.433200,72.165143
3.433300,72.165498
3.433400,72.166201
3.433500,72.166001
3.433600,72.167539
3.433700,72.167198
3.433800,72.166748
3.433900,72.168826
3.434000,72.169850
3.434100,72.169421
3.434200,72.169867
3.434300,72.170401
3.434400,72.170448
3.434500,72.170606
3.434600,72.171478
3.434700,72.172668
3.434800,72.173567
3.434900,72.173282
3.435000,72.176502
3.435100,72.175168
3.435200,72.174532
3.435300,72.176150
3.435400,72.182895
3.435500,72.179376
3.435600,72.175610
3.435700,72.186715
3.435800,72.189697
3.435900,72.179166
3.436000,72.185212
3.436100,72.202035
3.436200,72.212421
3.436300,72.205168
3.436400,72.208195
3.436500,72.213743
3.436600,72.213768
3.436700,72.214376
3.436800,72.214640
3.436900,72.215170
3.437000,72.216797
3.437100,72.217496
3.437200,72.216496
3.437300,72.217462
3.437400,72.217738
3.437500,72.218108
3.437600,72.218768
3.437700,72.219426
3.437800,72.220320
3.437900,72.221064
3.438000,72.221772
3.438100,72.222318
3.438200,72.221927
3.438300,72.222799
3.438400,72.222952
3.438500,72.223356
3.438600,72.223693
3.438700,72.224381
3.438800,72.225171
3.438900,72.225256
3.439000,72.226188
3.439100,72.226492
3.439200,72.227290
3.439300,72.227625
3.439400,72.228392
3.439500,72.228341
3.439600,72.228652
3.439700,72.229077
3.439800,72.229890
3.439900,72.231342
3.440000,72.231482
3.440100,72.232078
3.440200,72.231897
3.440300,72.232599
3.440400,72.232771
3.440500,72.232979
3.440600,72.233142
3.440700,72.234654
3.440800,72.234995
3.440900,72.235330
3.441000,72.236535
3.441100,72.237841
3.441200,72.237059
3.441300,72.238271
3.441400,72.238682
3.441500,72.236636
3.441600,72.238922
3.441700,72.239813
3.441800,72.240541
3.441900,72.239431
3.442000,72.243143
3.442100,72.241428
3.442200,72.240295
3.442300,72.243628
3.442400,72.249563
3.442500,72.248736
3.442600,72.245102
3.442700,72.241279
3.442800,72.230312
3.442900,72.222304
3.443000,72.215498
3.443100,72.217114
3.443200,72.211110
3.443300,72.215507
3.443400,72.215518
3.443500,72.216801
3.443600,72.218683
3.443700,72.219370
3.443800,72.220627
3.443900,72.221386
3.444000,72.221913
3.444100,72.223627
3.444200,72.223158
3.444300,72.222654
3.444400,72.222602
3.444500,72.223957
3.444600,72.224757
3.444700,72.225606
3.444800,72.225539
3.444900,72.226165
3.445000,72.226703
3.445100,72.226651
3.445200,72.227250
3.445300,72.228011
3.445400,72.228626
3.445500,72.229185
3.445600,72.229788
3.445700,72.230052
3.445800,72.230493
3.445900,72.230825
3.446000,72.231348
3.446100,72.232210
3.446200,72.232809
3.446300,72.233626
3.446400,72.233590
3.446500,72.233889
3.446600,72.234470
3.446700,72.234862
3.446800,72.235974
3.446900,72.236093
3.447000,72.236494
3.447100,72.237409
3.447200,72.237745
3.447300,72.238239
3.447400,72.239281
3.447500,72.238970
3.447600,72.239712
3.447700,72.240133
3.447800,72.240367
3.447900,72.241026
3.448000,72.241279
3.448100,72.241817
3.448200,72.241446
3.448300,72.242168
3.448400,72.240494
3.448500,72.241355
3.448600,72.242811
3.448700,72.244500
3.448800,72.246771
3.448900,72.242667
3.449000,72.244472
3.449100,72.247679
3.449200,72.246869
3.449300,72.245567
3.449400,72.237110
3.449500,72.240236
3.449600,72.251570
3.449700,72.232723
3.449800,72.234021
3.449900,72.248995
3.450000,72.259170
3.450100,72.240877
3.450200,72.235309
3.450300,72.231911
3.450400,72.229194
3.450500,72.232220
3.450600,72.232533
3.450700,72.232203
3.450800,72.232770
3.450900,72.234397
3.451000,72.234239
3.451100,72.236287
3.451200,72.236272
3.451300,72.236332
3.451400,72.236327
3.451500,72.237449
3.451600,72.237750
3.451700,72.238611
3.451800,72.239075
3.451900,72.239562
3.452000,72.240071
3.452100,72.239892
3.452200,72.241043
3.452300,72.241451
3.452400,72.241647
3.452500,72.242368
3.452600,72.242827
3.452700,72.243274
3.452800,72.243920
3.452900,72.243867
3.453000,72.244903
3.453100,72.244810
3.453200,72.245060
3.453300,72.246303
3.453400,72.246652
3.453500,72.246786
3.453600,72.247623
3.453700,72.248075
3.453800,72.248712
3.453900,72.249177
3.454000,72.249512
3.454100,72.250548
3.454200,72.251341
3.454300,72.251220
3.454400,72.251592
3.454500,72.252059
3.454600,72.252737
3.454700,72.253799
3.454800,72.253620
3.454900,72.253948
3.455000,72.255915
3.455100,72.255333
3.455200,72.255268
3.455300,72.254901
3.455400,72.254833
3.455500,72.257217
3.455600,72.258978
3.455700,72.259484
3.455800,72.255645
3.455900,72.255296
3.456000,72.261691
3.456100,72.265030
3.456200,72.261333
3.456300,72.270149
3.456400,72.271347
3.456500,72.275751
3.456600,72.265021
3.456700,72.271479
3.456800,72.286664
3.456900,72.289900
3.457000,72.297395
3.457100,72.295175
3.457200,72.292852
3.457300,72.294907
3.457400,72.297770
3.457500,72.297286
3.457600,72.298065
3.457700,72.297623
3.457800,72.296267
3.457900,72.295950
3.458000,72.296852
3.458100,72.297049
3.458200,72.298700
3.458300,72.300408
3.458400,72.300501
3.458500,72.301571
3.458600,72.301743
3.458700,72.301777
3.458800,72.302759
3.458900,72.302757
3.459000,72.302812
3.459100,72.303682
3.459200,72.304151
3.459300,72.305428
3.459400,72.306296
3.459500,72.306277
3.459600,72.306070
3.459700,72.307265
3.459800,72.307847
3.459900,72.307567
3.460000,72.308180
3.460100,72.309084
3.460200,72.309271
3.460300,72.309694
3.460400,72.310077
3.460500,72.310705
3.460600,72.311700
3.460700,72.311661
3.460800,72.311702
3.460900,72.312727
3.461000,72.313586
3.461100,72.313750
3.461200,72.313698
3.461300,72.314949
3.461400,72.315859
3.461500,72.315387
3.461600,72.316122
3.461700,72.317291
3.461800,72.316971
3.461900,72.317951
3.462000,72.319976
3.462100,72.318547
3.462200,72.319579
3.462300,72.322741
3.462400,72.323207
3.462500,72.320426
3.462600,72.322356
3.462700,72.322458
3.462800,72.318406
3.462900,72.321597
3.463000,72.326900
3.463100,72.332237
3.463200,72.326372
3.463300,72.331453
3.463400,72.336339
3.463500,72.333363
3.463600,72.323485
3.463700,72.339101
3.463800,72.319199
3.463900,72.318946
3.464000,72.336867
3.464100,72.325812
3.464200,72.328695
3.464300,72.326725
3.464400,72.328014
3.464500,72.328947
3.464600,72.329629
3.464700,72.329717
3.464800,72.330822
3.464900,72.331057
3.465000,72.331676
3.465100,72.332225
3.465200,72.332042
3.465300,72.331947
3.465400,72.332974
3.465500,72.333966
3.465600,72.334410
3.465700,72.334878
3.465800,72.334684
3.465900,72.335460
3.466000,72.336356
3.466100,72.336670
3.466200,72.336767
3.466300,72.337190
3.466400,72.337745
3.466500,72.338461
3.466600,72.338560
3.466700,72.338667
3.466800,72.339968
3.466900,72.340234
3.467000,72.341292
3.467100,72.341862
3.467200,72.341605
3.467300,72.342180
3.467400,72.342861
3.467500,72.343167
3.467600,72.343241
3.467700,72.344107
3.467800,72.344873
3.467900,72.345714
3.468000,72.346161
3.468100,72.346171
3.468200,72.346787
3.468300,72.346130
3.468400,72.348226
3.468500,72.348137
3.468600,72.348594
3.468700,72.349035
3.468800,72.350202
3.468900,72.351414
3.469000,72.349993
3.469100,72.353212
3.469200,72.351891
3.469300,72.353275
3.469400,72.352465
3.469500,72.355396
3.469600,72.357030
3.469700,72.352745
3.469800,72.352189
3.469900,72.350616
3.470000,72.350689
3.470100,72.341345
3.470200,72.347134
3.470300,72.341573
3.470400,72.345033
3.470500,72.326720
3.470600,72.331831
3.470700,72.352824
3.470800,72.363855
3.470900,72.356556
3.471000,72.344859
3.471100,72.335789
3.471200,72.340629
3.471300,72.343081
3.471400,72.342398
3.471500,72.342936
3.471600,72.344637
3.471700,72.345580
3.471800,72.344205
3.471900,72.343682
3.472000,72.344743
3.472100,72.344093
3.472200,72.344810
3.472300,72.345810
3.472400,72.347236
3.472500,72.347055
3.472600,72.346996
3.472700,72.348310
3.472800,72.347961
3.472900,72.348193
3.473000,72.349190
3.473100,72.349293
3.473200,72.350189
3.473300,72.350484
3.473400,72.350912
3.473500,72.351115
3.473600,72.351796
3.473700,72.351873
3.473800,72.352604
3.473900,72.353831
3.474000,72.354038
3.474100,72.354109
3.474200,72.354581
3.474300,72.355072
3.474400,72.355479
3.474500,72.356005
3.474600,72.355830
3.474700,72.357045
3.474800,72.357044
3.474900,72.358283
3.475000,72.358782
3.475100,72.359656
3.475200,72.359850
3.475300,72.359276
3.475400,72.360334
3.475500,72.361669
3.475600,72.361402
3.475700,72.361879
3.475800,72.363520
3.475900,72.365171
3.476000,72.363682
3.476100,72.363699
3.476200,72.361976
3.476300,72.364469
3.476400,72.363009
3.476500,72.365395
3.476600,72.369536
3.476700,72.368522
3.476800,72.368559
3.476900,72.367543
3.477000,72.367116
3.477100,72.376792
3.477200,72.376317
3.477300,72.385810
3.477400,72.388989
3.477500,72.382977
3.477600,72.403638
3.477700,72.412131
3.477800,72.418227
3.477900,72.422989
3.478000,72.419327
3.478100,72.416153
3.478200,72.414279
3.478300,72.415157
3.478400,72.415757
3.478500,72.417033
3.478600,72.416893
3.478700,72.417733
3.478800,72.416936
3.478900,72.417710
3.479000,72.418455
3.479100,72.418452
3.479200,72.419427
3.479300,72.419798
3.479400,72.419827
3.479500,72.420550
3.479600,72.420253
3.479700,72.420887
3.479800,72.421329
3.479900,72.422282
3.480000,72.422363
3.480100,72.422716
3.480200,72.423710
3.480300,72.423784
3.480400,72.424754
3.480500,72.424801
3.480600,72.425094
3.480700,72.425825
3.480800,72.426398
3.480900,72.426693
3.481000,72.427251
3.481100,72.427671
3.481200,72.428550
3.481300,72.428896
3.481400,72.430050
3.481500,72.430359
3.481600,72.430395
3.481700,72.430824
3.481800,72.431307
3.481900,72.431733
3.482000,72.432373
3.482100,72.432569
3.482200,72.434249
3.482300,72.434530
3.482400,72.433639
3.482500,72.435192
3.482600,72.436880
3.482700,72.437032
3.482800,72.437072
3.482900,72.438618
3.483000,72.438554
3.483100,72.438179
3.483200,72.437419
3.483300,72.436248
3.483400,72.436102
3.483500,72.441706
3.483600,72.441926
3.483700,72.446415
3.483800,72.446613
3.483900,72.453991
3.484000,72.465220
3.484100,72.454661
3.484200,72.441185
3.484300,72.445182
3.484400,72.454184
3.484500,72.438524
3.484600,72.441904
3.484700,72.435057
3.484800,72.444472
3.484900,72.438059
3.485000,72.442960
3.485100,72.442464
3.485200,72.442631
3.485300,72.442589
3.485400,72.442389
3.485500,72.442642
3.485600,72.441685
3.485700,72.442232
3.485800,72.442879
3.485900,72.444009
3.486000,72.444563
3.486100,72.446392
3.486200,72.446479
3.486300,72.446549
3.486400,72.447251
3.486500,72.447965
3.486600,72.448407
3.486700,72.448367
3.486800,72.448648
3.486900,72.449382
3.487000,72.449786
3.487100,72.449866
3.487200,72.450298
3.487300,72.451242
3.487400,72.452080
3.487500,72.452597
3.487600,72.453252
3.487700,72.453081
3.487800,72.453898
3.487900,72.453886
3.488000,72.454556
3.488100,72.454940
3.488200,72.455533
3.488300,72.456741
3.488400,72.457024
3.488500,72.456656
3.488600,72.457036
3.488700,72.457621
3.488800,72.459350
3.488900,72.460562
3.489000,72.460281
3.489100,72.460313
3.489200,72.459546
3.489300,72.461288
3.489400,72.460956
3.489500,72.461926
3.489600,72.462426
3.489700,72.463236
3.489800,72.466246
3.489900,72.465080
3.490000,72.462456
3.490100,72.464951
3.490200,72.463667
3.490300,72.463466
3.490400,72.467324
3.490500,72.468974
3.490600,72.466810
3.490700,72.461558
3.490800,72.461106
3.490900,72.464596
3.491000,72.470873
3.491100,72.458300
3.491200,72.452205
3.491300,72.452690
3.491400,72.455874
3.491500,72.461801
3.491600,72.456894
3.491700,72.465342
3.491800,72.456052
3.491900,72.450492
3.492000,72.454310
3.492100,72.453940
3.492200,72.454368
3.492300,72.454993
3.492400,72.454952
3.492500,72.456532
3.492600,72.456449
3.492700,72.456547
3.492800,72.457062
3.492900,72.457486
3.493000,72.458734
3.493100,72.458273
3.493200,72.458022
3.493300,72.458660
3.493400,72.459158
3.493500,72.460162
3.493600,72.460041
3.493700,72.460894
3.493800,72.461400
3.493900,72.462001
3.494000,72.462186
3.494100,72.462562
3.494200,72.462964
3.494300,72.463528
3.494400,72.464752
3.494500,72.465398
3.494600,72.465774
3.494700,72.466477
3.494800,72.466663
3.494900,72.467113
3.495000,72.467901
3.495100,72.468218
3.495200,72.468329
3.495300,72.468214
3.495400,72.469718
3.495500,72.471042
3.495600,72.470908
3.495700,72.471376
3.495800,72.471673
3.495900,72.471591
3.496000,72.471730
3.496100,72.472212
3.496200,72.473205
3.496300,72.473892
3.496400,72.473929
3.496500,72.473636
3.496600,72.475701
3.496700,72.475567
3.496800,72.476537
3.496900,72.475347
3.497000,72.478782
3.497100,72.479472
3.497200,72.476391
3.497300,72.471879
3.497400,72.474097
3.497500,72.479282
3.497600,72.482711
3.497700,72.480993
3.497800,72.476846
3.497900,72.467506
3.498000,72.482571
3.498100,72.490464
3.498200,72.487904
3.498300,72.483862
3.498400,72.463019
3.498500,72.459115
3.498600,72.466420
3.498700,72.469800
3.498800,72.467095
3.498900,72.467158
3.499000,72.467755
3.499100,72.468023
3.499200,72.469590
3.499300,72.470056
3.499400,72.468819
3.499500,72.468239
3.499600,72.469608
3.499700,72.468924
3.499800,72.470234
3.499900,72.471837
3.500000,72.471020
3.500100,72.471270
3.500200,72.471341
3.500300,72.472231
3.500400,72.472725
3.500500,72.473679
3.500600,72.473615
3.500700,72.474576
3.500800,72.474594
3.500900,72.475321
3.501000,72.475837
3.501100,72.476543
3.501200,72.477156
3.501300,72.477384
3.501400,72.477694
3.501500,72.478296
3.501600,72.478519
3.501700,72.479873
3.501800,72.479921
3.501900,72.479921
3.502000,72.480829
3.502100,72.481918
3.502200,72.482369
3.502300,72.482098
3.502400,72.482595
3.502500,72.482735
3.502600,72.484440
3.502700,72.485215
3.502800,72.484497
3.502900,72.485255
3.503000,72.485133
3.503100,72.486313
3.503200,72.486918
3.503300,72.488288
3.503400,72.489058
3.503500,72.488250
3.503600,72.489174
3.503700,72.488444
3.503800,72.491061
3.503900,72.492728
3.504000,72.494702
3.504100,72.492818
3.504200,72.489152
3.504300,72.491121
3.504400,72.485063
3.504500,72.480588
3.504600,72.490287
3.504700,72.489735
3.504800,72.489669
3.504900,72.500654
3.505000,72.503549
3.505100,72.495498
3.505200,72.480124
3.505300,72.492890
3.505400,72.491332
3.505500,72.487179
3.505600,72.485283
3.505700,72.484320
3.505800,72.487501
3.505900,72.488761
3.506000,72.489365
3.506100,72.489216
3.506200,72.489457
3.506300,72.491714
3.506400,72.491402
3.506500,72.491314
3.506600,72.492175
3.506700,72.492933
3.506800,72.493477
3.506900,72.492697
3.507000,72.494280
3.507100,72.494793
3.507200,72.495630
3.507300,72.496242
3.507400,72.497082
3.507500,72.496866
3.507600,72.497656
3.507700,72.498120
3.507800,72.498451
3.507900,72.498533
3.508000,72.499517
3.508100,72.500084
3.508200,72.500676
3.508300,72.500980
3.508400,72.501197
3.508500,72.501275
3.508600,72.502082
3.508700,72.501970
3.508800,72.503197
3.508900,72.504203
3.509000,72.504675
3.509100,72.504793
3.509200,72.505789
3.509300,72.505578
3.509400,72.506526
3.509500,72.507097
3.509600,72.507390
3.509700,72.507763
3.509800,72.507871
3.509900,72.508432
3.510000,72.509397
3.510100,72.510065
3.510200,72.511598
3.510300,72.510545
3.510400,72.510259
3.510500,72.509193
3.510600,72.512101
3.510700,72.513015
3.510800,72.513416
3.510900,72.516716
3.511000,72.515147
3.511100,72.516011
3.511200,72.517435
3.511300,72.520761
3.511400,72.513906
3.511500,72.520721
3.511600,72.525867
3.511700,72.531344
3.511800,72.540812
3.511900,72.547951
3.512000,72.542705
3.512100,72.537382
3.512200,72.540472
3.512300,72.534577
3.512400,72.539001
3.512500,72.548914
3.512600,72.551522
3.512700,72.554731
3.512800,72.554678
3.512900,72.555352
3.513000,72.555822
3.513100,72.557472
3.513200,72.559657
3.513300,72.559795
3.513400,72.559131
3.513500,72.559423
3.513600,72.560374
3.513700,72.561152
3.513800,72.561287
3.513900,72.561569
3.514000,72.561765
3.514100,72.562341
3.514200,72.562501
3.514300,72.562826
3.514400,72.563975
3.514500,72.565043
3.514600,72.564963
3.514700,72.564853
3.514800,72.565446
3.514900,72.566235
3.515000,72.566288
3.515100,72.566734
3.515200,72.567696
3.515300,72.568439
3.515400,72.568996
3.515500,72.569811
3.515600,72.569788
3.515700,72.570290
3.515800,72.570719
3.515900,72.570981
3.516000,72.571419
3.516100,72.571986
3.516200,72.571865
3.516300,72.572208
3.516400,72.573788
3.516500,72.575022
3.516600,72.576077
3.516700,72.576441
3.516800,72.576110
3.516900,72.576687
3.517000,72.576485
3.517100,72.576237
3.517200,72.577415
3.517300,72.578267
3.517400,72.578554
3.517500,72.579015
3.517600,72.582173
3.517700,72.579798
3.517800,72.581525
3.517900,72.581048
3.518000,72.579793
3.518100,72.583110
3.518200,72.587033
3.518300,72.593449
3.518400,72.598349
3.518500,72.600665
3.518600,72.589026
3.518700,72.602214
3.518800,72.594517
3.518900,72.592645
3.519000,72.604446
3.519100,72.596874
3.519200,72.603742
3.519300,72.593741
3.519400,72.596864
3.519500,72.602073
3.519600,72.601077
3.519700,72.601917
3.519800,72.602439
3.519900,72.603530
3.520000,72.602228
3.520100,72.603342
3.520200,72.603538
3.520300,72.604748
3.520400,72.604720
3.520500,72.605633
3.520600,72.606597
3.520700,72.607571
3.520800,72.607433
3.520900,72.608220
3.521000,72.608129
3.521100,72.608472
3.521200,72.609389
3.521300,72.609376
3.521400,72.610118
3.521500,72.610537
3.521600,72.611014
3.521700,72.611207
3.521800,72.611942
3.521900,72.612569
3.522000,72.613145
3.522100,72.613478
3.522200,72.613997
3.522300,72.613815
3.522400,72.614392
3.522500,72.614726
3.522600,72.615728
3.522700,72.616527
3.522800,72.617255
3.522900,72.617666
3.523000,72.617174
3.523100,72.618530
3.523200,72.618699
3.523300,72.619158
3.523400,72.619586
3.523500,72.621281
3.523600,72.621550
3.523700,72.621516
3.523800,72.622371
3.523900,72.622279
3.524000,72.622505
3.524100,72.624049
3.524200,72.622436
3.524300,72.625594
3.524400,72.625120
3.524500,72.625251
3.524600,72.628340
3.524700,72.626161
3.524800,72.628059
3.524900,72.632416
3.525000,72.630666
3.525100,72.628431
3.525200,72.629947
3.525300,72.630267
3.525400,72.623489
3.525500,72.630811
3.525600,72.640989
3.525700,72.626681
3.525800,72.611498
3.525900,72.600189
3.526000,72.621385
3.526100,72.622942
3.526200,72.625482
3.526300,72.625329
3.526400,72.625429
3.526500,72.626615
3.526600,72.627121
3.526700,72.627613
3.526800,72.629660
3.526900,72.629693
3.527000,72.630254
3.527100,72.630032
3.527200,72.630905
3.527300,72.631968
3.527400,72.631453
3.527500,72.631581
3.527600,72.632828
3.527700,72.633299
3.527800,72.634139
3.527900,72.634541
3.528000,72.634980
3.528100,72.635934
3.528200,72.635884
3.528300,72.635984
3.528400,72.636184
3.528500,72.636898
3.528600,72.637930
3.528700,72.638045
3.528800,72.638670
3.528900,72.639178
3.529000,72.639541
3.529100,72.639927
3.529200,72.640765
3.529300,72.641125
3.529400,72.641921
3.529500,72.642107
3.529600,72.643196
3.529700,72.643446
3.529800,72.643875
3.529900,72.644276
3.530000,72.644622
3.530100,72.646227
3.530200,72.646577
3.530300,72.646795
3.530400,72.645884
3.530500,72.648046
3.530600,72.647293
3.530700,72.649551
3.530800,72.650760
3.530900,72.650219
3.531000,72.651084
3.531100,72.650549
3.531200,72.652158
3.531300,72.651396
3.531400,72.653323
3.531500,72.656007
3.531600,72.655051
3.531700,72.655786
3.531800,72.655032
3.531900,72.656301
3.532000,72.661013
3.532100,72.662212
3.532200,72.664827
3.532300,72.665175
3.532400,72.661108
3.532500,72.664740
3.532600,72.652260
3.532700,72.657178
3.532800,72.647343
3.532900,72.631774
3.533000,72.645153
3.533100,72.659276
3.533200,72.656133
3.533300,72.661311
3.533400,72.664634
3.533500,72.665349
3.533600,72.666372
3.533700,72.666414
3.533800,72.666676
3.533900,72.668180
3.534000,72.669768
3.534100,72.669154
3.534200,72.670723
3.534300,72.669827
3.534400,72.670772
3.534500,72.671567
3.534600,72.672271
3.534700,72.673293
3.534800,72.673485
3.534900,72.674164
3.535000,72.674884
3.535100,72.674895
3.535200,72.675417
3.535300,72.676393
3.535400,72.676479
3.535500,72.677192
3.535600,72.677430
3.535700,72.677918
3.535800,72.678765
3.535900,72.678978
3.536000,72.679409
3.536100,72.680225
3.536200,72.680596
3.536300,72.680764
3.536400,72.680878
3.536500,72.681796
3.536600,72.683207
3.536700,72.683239
3.536800,72.683460
3.536900,72.683989
3.537000,72.684280
3.537100,72.685094
3.537200,72.684539
3.537300,72.685279
3.537400,72.686431
3.537500,72.687257
3.537600,72.688276
3.537700,72.688104
3.537800,72.688182
3.537900,72.689604
3.538000,72.689128
3.538100,72.687334
3.538200,72.690506
3.538300,72.692131
3.538400,72.694906
3.538500,72.694561
3.538600,72.696494
3.538700,72.698186
3.538800,72.696709
3.538900,72.690964
3.539000,72.682034
3.539100,72.693011
3.539200,72.692256
3.539300,72.697681
3.539400,72.686584
3.539500,72.678528
3.539600,72.677112
3.539700,72.686631
3.539800,72.694900
3.539900,72.708306
3.540000,72.702133
3.540100,72.700040
3.540200,72.703538
3.540300,72.703223
3.540400,72.703326
3.540500,72.705053
3.540600,72.706767
3.540700,72.706898
3.540800,72.706917
3.540900,72.707321
3.541000,72.707782
3.541100,72.708222
3.541200,72.710044
3.541300,72.710752
3.541400,72.711469
3.541500,72.711916
3.541600,72.711893
3.541700,72.712094
3.541800,72.712657
3.541900,72.713547
3.542000,72.714026
3.542100,72.714138
3.542200,72.714552
3.542300,72.715058
3.542400,72.716003
3.542500,72.716009
3.542600,72.716605
3.542700,72.717075
3.542800,72.717766
3.542900,72.718190
3.543000,72.718608
3.543100,72.718936
3.543200,72.719143
3.543300,72.720299
3.543400,72.720163
3.543500,72.720821
3.543600,72.721321
3.543700,72.721547
3.543800,72.722687
3.543900,72.723348
3.544000,72.723975
3.544100,72.725056
3.544200,72.725228
3.544300,72.724921
3.544400,72.726359
3.544500,72.726747
3.544600,72.726564
3.544700,72.728802
3.544800,72.728535
3.544900,72.728059
3.545000,72.726912
3.545100,72.727900
3.545200,72.729063
3.545300,72.730832
3.545400,72.732162
3.545500,72.728898
3.545600,72.734980
3.545700,72.729520
3.545800,72.730488
3.545900,72.732321
3.546000,72.734646
3.546100,72.735011
3.546200,72.736755
3.546300,72.752429
3.546400,72.769762
3.546500,72.777994
3.546600,72.770424
3.546700,72.786122
3.546800,72.785642
3.546900,72.777831
3.547000,72.777701
3.547100,72.778292
3.547200,72.778913
3.547300,72.780164
3.547400,72.780892
3.547500,72.782816
3.547600,72.781591
3.547700,72.781864
3.547800,72.781105
3.547900,72.781144
3.548000,72.782405
3.548100,72.782693
3.548200,72.783175
3.548300,72.783362
3.548400,72.783286
3.548500,72.784633
3.548600,72.785918
3.548700,72.785927
3.548800,72.785999
3.548900,72.786624
3.549000,72.786791
3.549100,72.787695
3.549200,72.788008
3.549300,72.788312
3.549400,72.789204
3.549500,72.790258
3.549600,72.790767
3.549700,72.790572
3.549800,72.791884
3.549900,72.791812
3.550000,72.791896
3.550100,72.792347
3.550200,72.793014
3.550300,72.794390
3.550400,72.794706
3.550500,72.794932
3.550600,72.795581
3.550700,72.796156
3.550800,72.797236
3.550900,72.797400
3.551000,72.797300
3.551100,72.796600
3.551200,72.796450
3.551300,72.797141
3.551400,72.797537
3.551500,72.799998
3.551600,72.801080
3.551700,72.800083
3.551800,72.799735
3.551900,72.799756
3.552000,72.801551
3.552100,72.801567
3.552200,72.800823
3.552300,72.803728
3.552400,72.804650
3.552500,72.802416
3.552600,72.795955
3.552700,72.804475
3.552800,72.808295
3.552900,72.799880
3.553000,72.804548
3.553100,72.806199
3.553200,72.797277
3.553300,72.786152
3.553400,72.785042
3.553500,72.777333
3.553600,72.761391
3.553700,72.777464
3.553800,72.774237
3.553900,72.771699
3.554000,72.769658
3.554100,72.769620
3.554200,72.769641
3.554300,72.768807
3.554400,72.769469
3.554500,72.771003
3.554600,72.771862
3.554700,72.770520
3.554800,72.771304
3.554900,72.772517
3.555000,72.772886
3.555100,72.772926
3.555200,72.773358
3.555300,72.774918
3.555400,72.774928
3.555500,72.775532
3.555600,72.775780
3.555700,72.775817
3.555800,72.776368
3.555900,72.776864
3.556000,72.777472
3.556100,72.777567
3.556200,72.778241
3.556300,72.779232
3.556400,72.779508
3.556500,72.779364
3.556600,72.779734
3.556700,72.780440
3.556800,72.781297
3.556900,72.781762
3.557000,72.782118
3.557100,72.783317
3.557200,72.783419
3.557300,72.783283
3.557400,72.783965
3.557500,72.783997
3.557600,72.784856
3.557700,72.785501
3.557800,72.785820
3.557900,72.787039
3.558000,72.787543
3.558100,72.787713
3.558200,72.788896
3.558300,72.790018
3.558400,72.788822
3.558500,72.789025
3.558600,72.789663
3.558700,72.790589
3.558800,72.789458
3.558900,72.791376
3.559000,72.792376
3.559100,72.794586
3.559200,72.792640
3.559300,72.793500
3.559400,72.794470
3.559500,72.801772
3.559600,72.806288
3.559700,72.807107
3.559800,72.799764
3.559900,72.787127
3.560000,72.788888
3.560100,72.783337
3.560200,72.778891
3.560300,72.780143
3.560400,72.787333
3.560500,72.790948
3.560600,72.801862
3.560700,72.794621
3.560800,72.793274
3.560900,72.794472
3.561000,72.794974
3.561100,72.796217
3.561200,72.798151
3.561300,72.797807
3.561400,72.796274
3.561500,72.796465
3.561600,72.798623
3.561700,72.797432
3.561800,72.797696
3.561900,72.798002
3.562000,72.798020
3.562100,72.798120
3.562200,72.798827
3.562300,72.799822
3.562400,72.800078
3.562500,72.800647
3.562600,72.800881
3.562700,72.801658
3.562800,72.802549
3.562900,72.802666
3.563000,72.803337
3.563100,72.803912
3.563200,72.803750
3.563300,72.804533
3.563400,72.805107
3.563500,72.805561
3.563600,72.806230
3.563700,72.806879
3.563800,72.807600
3.563900,72.808097
3.564000,72.808548
3.564100,72.809796
3.564200,72.809610
3.564300,72.810829
3.564400,72.810693
3.564500,72.810612
3.564600,72.811767
3.564700,72.812039
3.564800,72.813409
3.564900,72.812656
3.565000,72.813916
3.565100,72.814042
3.565200,72.815377
3.565300,72.815922
3.565400,72.816405
3.565500,72.815333
3.565600,72.816371
3.565700,72.816028
3.565800,72.816668
3.565900,72.818109
3.566000,72.816773
3.566100,72.818346
3.566200,72.813197
3.566300,72.811888
3.566400,72.818724
3.566500,72.826451
3.566600,72.825817
3.566700,72.819981
3.566800,72.819135
3.566900,72.837205
3.567000,72.840023
3.567100,72.838984
3.567200,72.836546
3.567300,72.848000
3.567400,72.851535
3.567500,72.840851
3.567600,72.847116
3.567700,72.846869
3.567800,72.846139
3.567900,72.846463
3.568000,72.845822
3.568100,72.846417
3.568200,72.848327
3.568300,72.849041
3.568400,72.850391
3.568500,72.850760
3.568600,72.850165
3.568700,72.850975
3.568800,72.851579
3.568900,72.852487
3.569000,72.852061
3.569100,72.852974
3.569200,72.853295
3.569300,72.853827
3.569400,72.854763
3.569500,72.854829
3.569600,72.854974
3.569700,72.855805
3.569800,72.856667
3.569900,72.856435
3.570000,72.856987
3.570100,72.857594
3.570200,72.858431
3.570300,72.858930
3.570400,72.859426
3.570500,72.860025
3.570600,72.860079
3.570700,72.861128
3.570800,72.861647
3.570900,72.861917
3.571000,72.861898
3.571100,72.862875
3.571200,72.863754
3.571300,72.863517
3.571400,72.864331
3.571500,72.865557
3.571600,72.865311
3.571700,72.864865
3.571800,72.865469
3.571900,72.867213
3.572000,72.867070
3.572100,72.867989
3.572200,72.869671
3.572300,72.870009
3.572400,72.869618
3.572500,72.869355
3.572600,72.870502
3.572700,72.870317
3.572800,72.872981
3.572900,72.874833
3.573000,72.872013
3.573100,72.868689
3.573200,72.867135
3.573300,72.869718
3.573400,72.867233
3.573500,72.865461
3.573600,72.868194
3.573700,72.858811
3.573800,72.852599
3.573900,72.868394
3.574000,72.855658
3.574100,72.877159
3.574200,72.874228
3.574300,72.882696
3.574400,72.883144
3.574500,72.883728
3.574600,72.884381
3.574700,72.885077
3.574800,72.886346
3.574900,72.887139
3.575000,72.889262
3.575100,72.890528
3.575200,72.892247
3.575300,72.891752
3.575400,72.892773
3.575500,72.892644
3.575600,72.894116
3.575700,72.893671
3.575800,72.894743
3.575900,72.895155
3.576000,72.895312
3.576100,72.895562
3.576200,72.896602
3.576300,72.897496
3.576400,72.897167
3.576500,72.898119
3.576600,72.899016
3.576700,72.899400
3.576800,72.900179
3.576900,72.900574
3.577000,72.900929
3.577100,72.901593
3.577200,72.901821
3.577300,72.901902
3.577400,72.902407
3.577500,72.902585
3.577600,72.903846
3.577700,72.903933
3.577800,72.904519
3.577900,72.904481
3.578000,72.904703
3.578100,72.905849
3.578200,72.907005
3.578300,72.907502
3.578400,72.907162
3.578500,72.908305
3.578600,72.908662
3.578700,72.909854
3.578800,72.910532
3.578900,72.909987
3.579000,72.910327
3.579100,72.911215
3.579200,72.910735
3.579300,72.909005
3.579400,72.912575
3.579500,72.912977
3.579600,72.913433
3.579700,72.917011
3.579800,72.915294
3.579900,72.914307
3.580000,72.913426
3.580100,72.916541
3.580200,72.915222
3.580300,72.908415
3.580400,72.917704
3.580500,72.915308
3.580600,72.901595
3.580700,72.907766
3.580800,72.917975
3.580900,72.914549
3.581000,72.914230
3.581100,72.910755
3.581200,72.911717
3.581300,72.917025
3.581400,72.917909
3.581500,72.917282
3.581600,72.917974
3.581700,72.918507
3.581800,72.920849
3.581900,72.920202
3.582000,72.919337
3.582100,72.919513
3.582200,72.919610
3.582300,72.919388
3.582400,72.920817
3.582500,72.921534
3.582600,72.921807
3.582700,72.922718
3.582800,72.922978
3.582900,72.923735
3.583000,72.924723
3.583100,72.924337
3.583200,72.924933
3.583300,72.925174
3.583400,72.926195
3.583500,72.926619
3.583600,72.926867
3.583700,72.927388
3.583800,72.927408
3.583900,72.928465
3.584000,72.928628
3.584100,72.929591
3.584200,72.929803
3.584300,72.930490
3.584400,72.930941
3.584500,72.931290
3.584600,72.931683
3.584700,72.932797
3.584800,72.933122
3.584900,72.933130
3.585000,72.933605
3.585100,72.934216
3.585200,72.934157
3.585300,72.935803
3.585400,72.935957
3.585500,72.937347
3.585600,72.939103
3.585700,72.938761
3.585800,72.938028
3.585900,72.938261
3.586000,72.938984
3.586100,72.938562
3.586200,72.939155
3.586300,72.940969
3.586400,72.941997
3.586500,72.941554
3.586600,72.940786
3.586700,72.942943
3.586800,72.943882
3.586900,72.943260
3.587000,72.948283
3.587100,72.946664
3.587200,72.938574
3.587300,72.938481
3.587400,72.928101
3.587500,72.937525
3.587600,72.919976
3.587700,72.900669
3.587800,72.910128
3.587900,72.917575
3.588000,72.927312
3.588100,72.917782
3.588200,72.916468
3.588300,72.919739
3.588400,72.920494
3.588500,72.921049
3.588600,72.922941
3.588700,72.922756
3.588800,72.922804
3.588900,72.924010
3.589000,72.924558
3.589100,72.924732
3.589200,72.924935
3.589300,72.925837
3.589400,72.925759
3.589500,72.926617
3.589600,72.927434
3.589700,72.927834
3.589800,72.928916
3.589900,72.928681
3.590000,72.929459
3.590100,72.929487
3.590200,72.929830
3.590300,72.930600
3.590400,72.931224
3.590500,72.930937
3.590600,72.931710
3.590700,72.932298
3.590800,72.932506
3.590900,72.933487
3.591000,72.934102
3.591100,72.934659
3.591200,72.935214
3.591300,72.935699
3.591400,72.936613
3.591500,72.936985
3.591600,72.937214
3.591700,72.938204
3.591800,72.938180
3.591900,72.938832
3.592000,72.939467
3.592100,72.939514
3.592200,72.940158
3.592300,72.940628
3.592400,72.940829
3.592500,72.941475
3.592600,72.941667
3.592700,72.942435
3.592800,72.944345
3.592900,72.942545
3.593000,72.940275
3.593100,72.939909
3.593200,72.942356
3.593300,72.944973
3.593400,72.948436
3.593500,72.945438
3.593600,72.947879
3.593700,72.951840
3.593800,72.953358
3.593900,72.953522
3.594000,72.952560
3.594100,72.941486
3.594200,72.948902
3.594300,72.935401
3.594400,72.933016
3.594500,72.928644
3.594600,72.928934
3.594700,72.931646
3.594800,72.938418
3.594900,72.933023
3.595000,72.933146
3.595100,72.937449
3.595200,72.938912
3.595300,72.939324
3.595400,72.940202
3.595500,72.939041
3.595600,72.941349
3.595700,72.940728
3.595800,72.942373
3.595900,72.942724
3.596000,72.944211
3.596100,72.943733
3.596200,72.945163
3.596300,72.944917
3.596400,72.946265
3.596500,72.945981
3.596600,72.945994
3.596700,72.946953
3.596800,72.947577
3.596900,72.947934
3.597000,72.948905
3.597100,72.948712
3.597200,72.949663
3.597300,72.950288
3.597400,72.951170
3.597500,72.951338
3.597600,72.951113
3.597700,72.951977
3.597800,72.952533
3.597900,72.952696
3.598000,72.953231
3.598100,72.953577
3.598200,72.954460
3.598300,72.955189
3.598400,72.956088
3.598500,72.956474
3.598600,72.956252
3.598700,72.956162
3.598800,72.957058
3.598900,72.957390
3.599000,72.958798
3.599100,72.959797
3.599200,72.959726
3.599300,72.959971
3.599400,72.959717
3.599500,72.961372
3.599600,72.962283
3.599700,72.960559
3.599800,72.963093
3.599900,72.962852
3.600000,72.963491
3.600100,72.964568
3.600200,72.963454
3.600300,72.966687
3.600400,72.967956
3.600500,72.973043
3.600600,72.970437
3.600700,72.977257
3.600800,72.977258
3.600900,72.978450
3.601000,72.986498
3.601100,72.981503
3.601200,72.982846
3.601300,72.976152
3.601400,72.990990
3.601500,72.988062
3.601600,72.995492
3.601700,72.995974
3.601800,72.994351
3.601900,72.992789
3.602000,72.995542
3.602100,72.995949
3.602200,72.996262
3.602300,72.996711
3.602400,72.996349
3.602500,72.998337
3.602600,72.996776
3.602700,72.998192
3.602800,72.997534
3.602900,72.997837
3.603000,72.999618
3.603100,72.998863
3.603200,72.999777
3.603300,73.000652
3.603400,73.001187
3.603500,73.001386
3.603600,73.002202
3.603700,73.002057
3.603800,73.002423
3.603900,73.003282
3.604000,73.004040
3.604100,73.003955
3.604200,73.004851
3.604300,73.005392
3.604400,73.006053
3.604500,73.006309
3.604600,73.006675
3.604700,73.007336
3.604800,73.008133
3.604900,73.008350
3.605000,73.008665
3.605100,73.009050
3.605200,73.009858
3.605300,73.011199
3.605400,73.010771
3.605500,73.011194
3.605600,73.011915
3.605700,73.012401
3.605800,73.012871
3.605900,73.014105
3.606000,73.014171
3.606100,73.013633
3.606200,73.014317
3.606300,73.014889
3.606400,73.016726
3.606500,73.017550
3.606600,73.018613
3.606700,73.019069
3.606800,73.018697
3.606900,73.017855
3.607000,73.017191
3.607100,73.014073
3.607200,73.014458
3.607300,73.014811
3.607400,73.021815
3.607500,73.020205
3.607600,73.020741
3.607700,73.030731
3.607800,73.024033
3.607900,73.037773
3.608000,73.055356
3.608100,73.063580
3.608200,73.063438
3.608300,73.079317
3.608400,73.074963
3.608500,73.080664
3.608600,73.076679
3.608700,73.078865
3.608800,73.075966
3.608900,73.075439
3.609000,73.075778
3.609100,73.075042
3.609200,73.073922
3.609300,73.075180
3.609400,73.075384
3.609500,73.076907
3.609600,73.076821
3.609700,73.076951
3.609800,73.077262
3.609900,73.078700
3.610000,73.079251
3.610100,73.079215
3.610200,73.079842
3.610300,73.081042
3.610400,73.081028
3.610500,73.082027
3.610600,73.081972
3.610700,73.082443
3.610800,73.083605
3.610900,73.083712
3.611000,73.083782
3.611100,73.084049
3.611200,73.084662
3.611300,73.085216
3.611400,73.086407
3.611500,73.086068
3.611600,73.087073
3.611700,73.087602
3.611800,73.088361
3.611900,73.088386
3.612000,73.088927
3.612100,73.089184
3.612200,73.090107
3.612300,73.091653
3.612400,73.091073
3.612500,73.091156
3.612600,73.091483
3.612700,73.091349
3.612800,73.092102
3.612900,73.094002
3.613000,73.094856
3.613100,73.094000
3.613200,73.093033
3.613300,73.093745
3.613400,73.095074
3.613500,73.097971
3.613600,73.096208
3.613700,73.096082
3.613800,73.096513
3.613900,73.099164
3.614000,73.097421
3.614100,73.102802
3.614200,73.102830
3.614300,73.099742
3.614400,73.097767
3.614500,73.099780
3.614600,73.109115
3.614700,73.099275
3.614800,73.085820
3.614900,73.075894
3.615000,73.080040
3.615100,73.079848
3.615200,73.073622
3.615300,73.080409
3.615400,73.079669
3.615500,73.077329
3.615600,73.084027
3.615700,73.082645
3.615800,73.082867
3.615900,73.083540
3.616000,73.083776
3.616100,73.084198
3.616200,73.084834
3.616300,73.086502
3.616400,73.085032
3.616500,73.085766
3.616600,73.085715
3.616700,73.086038
3.616800,73.085998
3.616900,73.087371
3.617000,73.087493
3.617100,73.088513
3.617200,73.089684
3.617300,73.089834
3.617400,73.090250
3.617500,73.090726
3.617600,73.091107
3.617700,73.092129
3.617800,73.092416
3.617900,73.092826
3.618000,73.093458
3.618100,73.093693
3.618200,73.094305
3.618300,73.095050
3.618400,73.095401
3.618500,73.095676
3.618600,73.096652
3.618700,73.096568
3.618800,73.097600
3.618900,73.097600
3.619000,73.098381
3.619100,73.098464
3.619200,73.099515
3.619300,73.099842
3.619400,73.100593
3.619500,73.100209
3.619600,73.100381
3.619700,73.101335
3.619800,73.101838
3.619900,73.103255
3.620000,73.103527
3.620100,73.104441
3.620200,73.102728
3.620300,73.104472
3.620400,73.105418
3.620500,73.105817
3.620600,73.105299
3.620700,73.105629
3.620800,73.110547
3.620900,73.106312
3.621000,73.104198
3.621100,73.107286
3.621200,73.111336
3.621300,73.112206
3.621400,73.110085
3.621500,73.112527
3.621600,73.107876
3.621700,73.106029
3.621800,73.102067
3.621900,73.111413
3.622000,73.097079
3.622100,73.083364
3.622200,73.080509
3.622300,73.089543
3.622400,73.081176
3.622500,73.083628
3.622600,73.086730
3.622700,73.087615
3.622800,73.088298
3.622900,73.088847
3.623000,73.088727
3.623100,73.090630
3.623200,73.090247
3.623300,73.091665
3.623400,73.090866
3.623500,73.092659
3.623600,73.092687
3.623700,73.093483
3.623800,73.093907
3.623900,73.094458
3.624000,73.094757
3.624100,73.095525
3.624200,73.095223
3.624300,73.096138
3.624400,73.096364
3.624500,73.096977
3.624600,73.097624
3.624700,73.097980
3.624800,73.098091
3.624900,73.098823
3.625000,73.099022
3.625100,73.100034
3.625200,73.100243
3.625300,73.101004
3.625400,73.101562
3.625500,73.102249
3.625600,73.102015
3.625700,73.102629
3.625800,73.102485
3.625900,73.103502
3.626000,73.104675
3.626100,73.104819
3.626200,73.104596
3.626300,73.105742
3.626400,73.106160
3.626500,73.106923
3.626600,73.107666
3.626700,73.107308
3.626800,73.107685
3.626900,73.109680
3.627000,73.109763
3.627100,73.111439
3.627200,73.112465
3.627300,73.112307
3.627400,73.109865
3.627500,73.113997
3.627600,73.116205
3.627700,73.116171
3.627800,73.111618
3.627900,73.111693
3.628000,73.117426
3.628100,73.117801
3.628200,73.112017
3.628300,73.102640
3.628400,73.109943
3.628500,73.094434
3.628600,73.107680
3.628700,73.092259
3.628800,73.091056
3.628900,73.097491
3.629000,73.112745
3.629100,73.127952
3.629200,73.117493
3.629300,73.114422
3.629400,73.114630
3.629500,73.114909
3.629600,73.114951
3.629700,73.115244
3.629800,73.115265
3.629900,73.116053
3.630000,73.118410
3.630100,73.119409
3.630200,73.118058
3.630300,73.119810
3.630400,73.120658
3.630500,73.121257
3.630600,73.121953
3.630700,73.121324
3.630800,73.120877
3.630900,73.122182
3.631000,73.123462
3.631100,73.124409
3.631200,73.125296
3.631300,73.125820
3.631400,73.125921
3.631500,73.126166
3.631600,73.127093
3.631700,73.127897
3.631800,73.127872
3.631900,73.127715
3.632000,73.128339
3.632100,73.129080
3.632200,73.129573
3.632300,73.130071
3.632400,73.130907
3.632500,73.131462
3.632600,73.131621
3.632700,73.131917
3.632800,73.132353
3.632900,73.133497
3.633000,73.134224
3.633100,73.134121
3.633200,73.135111
3.633300,73.135723
3.633400,73.135207
3.633500,73.135384
3.633600,73.135436
3.633700,73.136464
3.633800,73.138177
3.633900,73.138116
3.634000,73.137972
3.634100,73.139814
3.634200,73.138625
3.634300,73.140296
3.634400,73.140875
3.634500,73.139733
3.634600,73.142910
3.634700,73.144989
3.634800,73.151293
3.634900,73.153232
3.635000,73.154540
3.635100,73.146478
3.635200,73.150063
3.635300,73.147920
3.635400,73.151701
3.635500,73.164306
3.635600,73.168297
3.635700,73.172570
3.635800,73.173840
3.635900,73.180510
3.636000,73.179978
3.636100,73.181040
3.636200,73.180073
3.636300,73.181765
3.636400,73.182199
3.636500,73.182747
3.636600,73.183248
3.636700,73.185077
3.636800,73.183757
3.636900,73.185967
3.637000,73.185919
3.637100,73.186914
3.637200,73.187160
3.637300,73.187734
3.637400,73.188293
3.637500,73.188868
3.637600,73.188758
3.637700,73.189088
3.637800,73.189721
3.637900,73.190641
3.638000,73.191581
3.638100,73.191487
3.638200,73.192101
3.638300,73.193276
3.638400,73.193868
3.638500,73.194104
3.638600,73.194506
3.638700,73.194496
3.638800,73.195094
3.638900,73.196134
3.639000,73.196412
3.639100,73.196936
3.639200,73.197692
3.639300,73.198364
3.639400,73.198730
3.639500,73.198989
3.639600,73.200182
3.639700,73.199534
3.639800,73.199979
3.639900,73.200107
3.640000,73.201424
3.640100,73.201822
3.640200,73.201881
3.640300,73.202932
3.640400,73.202164
3.640500,73.203804
3.640600,73.204860
3.640700,73.205205
3.640800,73.204746
3.640900,73.208024
3.641000,73.209761
3.641100,73.208102
3.641200,73.207217
3.641300,73.208774
3.641400,73.207080
3.641500,73.201896
3.641600,73.200313
3.641700,73.208047
3.641800,73.213857
3.641900,73.216344
3.642000,73.211607
3.642100,73.209327
3.642200,73.212481
3.642300,73.216269
3.642400,73.211722
3.642500,73.205813
3.642600,73.224618
3.642700,73.232155
3.642800,73.233689
3.642900,73.229416
3.643000,73.233475
3.643100,73.233133
3.643200,73.233574
3.643300,73.234280
3.643400,73.235646
3.643500,73.235548
3.643600,73.235224
3.643700,73.236274
3.643800,73.237633
3.643900,73.239079
3.644000,73.238987
3.644100,73.238285
3.644200,73.239807
3.644300,73.239467
3.644400,73.240483
3.644500,73.241385
3.644600,73.241510
3.644700,73.241935
3.644800,73.242436
3.644900,73.243085
3.645000,73.243513
3.645100,73.243985
3.645200,73.244824
3.645300,73.245351
3.645400,73.246094
3.645500,73.246344
3.645600,73.247003
3.645700,73.247827
3.645800,73.248384
3.645900,73.248501
3.646000,73.248424
3.646100,73.249625
3.646200,73.249753
3.646300,73.250417
3.646400,73.250372
3.646500,73.251506
3.646600,73.252227
3.646700,73.251910
3.646800,73.252318
3.646900,73.251601
3.647000,73.253689
3.647100,73.254585
3.647200,73.254403
3.647300,73.253585
3.647400,73.254804
3.647500,73.257184
3.647600,73.256257
3.647700,73.256136
3.647800,73.259513
3.647900,73.258806
3.648000,73.260479
3.648100,73.262312
3.648200,73.260842
3.648300,73.256308
3.648400,73.256513
3.648500,73.257100
3.648600,73.262147
3.648700,73.253428
3.648800,73.259621
3.648900,73.272584
3.649000,73.278704
3.649100,73.291088
3.649200,73.289652
3.649300,73.286391
3.649400,73.266114
3.649500,73.264915
3.649600,73.261730
3.649700,73.263453
3.649800,73.264233
3.649900,73.265718
3.650000,73.266142
3.650100,73.265993
3.650200,73.265747
3.650300,73.267465
3.650400,73.267871
3.650500,73.267934
3.650600,73.270293
3.650700,73.269720
3.650800,73.270408
3.650900,73.271730
3.651000,73.271719
3.651100,73.272322
3.651200,73.272430
3.651300,73.273594
3.651400,73.273222
3.651500,73.273476
3.651600,73.274175
3.651700,73.274893
3.651800,73.275053
3.651900,73.275245
3.652000,73.275915
3.652100,73.276583
3.652200,73.277349
3.652300,73.277409
3.652400,73.278024
3.652500,73.278585
3.652600,73.279101
3.652700,73.279861
3.652800,73.280365
3.652900,73.280744
3.653000,73.281128
3.653100,73.281536
3.653200,73.281933
3.653300,73.282898
3.653400,73.284135
3.653500,73.283826
3.653600,73.284193
3.653700,73.285126
3.653800,73.285094
3.653900,73.287177
3.654000,73.286443
3.654100,73.286811
3.654200,73.287990
3.654300,73.288022
3.654400,73.287882
3.654500,73.288600
3.654600,73.288995
3.654700,73.290456
3.654800,73.290434
3.654900,73.292275
3.655000,73.291280
3.655100,73.290996
3.655200,73.289248
3.655300,73.295070
3.655400,73.288038
3.655500,73.292111
3.655600,73.294565
3.655700,73.300081
3.655800,73.305556
3.655900,73.290201
3.656000,73.296996
3.656100,73.274622
3.656200,73.287703
3.656300,73.269962
3.656400,73.280727
3.656500,73.287872
3.656600,73.285165
3.656700,73.286557
3.656800,73.287254
3.656900,73.287991
3.657000,73.288180
3.657100,73.288787
3.657200,73.290193
3.657300,73.292432
3.657400,73.292534
3.657500,73.291589
3.657600,73.291706
3.657700,73.293231
3.657800,73.292847
3.657900,73.293064
3.658000,73.294048
3.658100,73.295102
3.658200,73.295875
3.658300,73.296016
3.658400,73.295720
3.658500,73.296567
3.658600,73.297228
3.658700,73.297616
3.658800,73.298331
3.658900,73.298321
3.659000,73.299277
3.659100,73.300237
3.659200,73.300422
3.659300,73.300292
3.659400,73.301549
3.659500,73.301879
3.659600,73.301926
3.659700,73.302630
3.659800,73.303403
3.659900,73.303833
3.660000,73.304241
3.660100,73.304064
3.660200,73.304197
3.660300,73.305933
3.660400,73.306893
3.660500,73.307414
3.660600,73.307218
3.660700,73.306950
3.660800,73.309132
3.660900,73.309307
3.661000,73.309914
3.661100,73.309878
3.661200,73.311263
3.661300,73.313049
3.661400,73.313337
3.661500,73.310989
3.661600,73.312975
3.661700,73.309784
3.661800,73.309850
3.661900,73.311318
3.662000,73.308929
3.662100,73.309590
3.662200,73.312460
3.662300,73.314660
3.662400,73.315509
3.662500,73.328665
3.662600,73.327993
3.662700,73.329283
3.662800,73.319028
3.662900,73.339439
3.663000,73.333028
3.663100,73.339936
3.663200,73.347225
3.663300,73.343014
3.663400,73.341174
3.663500,73.345031
3.663600,73.345680
3.663700,73.346283
3.663800,73.347650
3.663900,73.347549
3.664000,73.348251
3.664100,73.347822
3.664200,73.348012
3.664300,73.349506
3.664400,73.350797
3.664500,73.351867
3.664600,73.351659
3.664700,73.352302
3.664800,73.352727
3.664900,73.352955
3.665000,73.353799
3.665100,73.354396
3.665200,73.354411
3.665300,73.354700
3.665400,73.355287
3.665500,73.356071
3.665600,73.356824
3.665700,73.357524
3.665800,73.357840
3.665900,73.358556
3.666000,73.359045
3.666100,73.359521
3.666200,73.360498
3.666300,73.360620
3.666400,73.361291
3.666500,73.360834
3.666600,73.361550
3.666700,73.362388
3.666800,73.362963
3.666900,73.362889
3.667000,73.363535
3.667100,73.364511
3.667200,73.363748
3.667300,73.364735
3.667400,73.366706
3.667500,73.366436
3.667600,73.365811
3.667700,73.367304
3.667800,73.366938
3.667900,73.368067
3.668000,73.368280
3.668100,73.369590
3.668200,73.369737
3.668300,73.370492
3.668400,73.371422
3.668500,73.369195
3.668600,73.369634
3.668700,73.375205
3.668800,73.372976
3.668900,73.373104
3.669000,73.379458
3.669100,73.377697
3.669200,73.384876
3.669300,73.384497
3.669400,73.381033
3.669500,73.367150
3.669600,73.355925
3.669700,73.340108
3.669800,73.338030
3.669900,73.330851
3.670000,73.340644
3.670100,73.350716
3.670200,73.349026
3.670300,73.352513
3.670400,73.352974
3.670500,73.353710
3.670600,73.354538
3.670700,73.354752
3.670800,73.354809
3.670900,73.355888
3.671000,73.356553
3.671100,73.358094
3.671200,73.358800
3.671300,73.358939
3.671400,73.358731
3.671500,73.359875
3.671600,73.359650
3.671700,73.360235
3.671800,73.360983
3.671900,73.361396
3.672000,73.361927
3.672100,73.362621
3.672200,73.363272
3.672300,73.363203
3.672400,73.363350
3.672500,73.364420
3.672600,73.364996
3.672700,73.365177
3.672800,73.365939
3.672900,73.366402
3.673000,73.367335
3.673100,73.367767
3.673200,73.368477
3.673300,73.368201
3.673400,73.368994
3.673500,73.369576
3.673600,73.370230
3.673700,73.371077
3.673800,73.371405
3.673900,73.371265
3.674000,73.372133
3.674100,73.372589
3.674200,73.373075
3.674300,73.373034
3.674400,73.372330
3.674500,73.373833
3.674600,73.374457
3.674700,73.374745
3.674800,73.375160
3.674900,73.374985
3.675000,73.378205
3.675100,73.378057
3.675200,73.378112
3.675300,73.378735
3.675400,73.377405
3.675500,73.379341
3.675600,73.378255
3.675700,73.382294
3.675800,73.388179
3.675900,73.380991
3.676000,73.378093
3.676100,73.374430
3.676200,73.374321
3.676300,73.383719
3.676400,73.376305
3.676500,73.381009
3.676600,73.398229
3.676700,73.383095
3.676800,73.387989
3.676900,73.391548
3.677000,73.396413
3.677100,73.393491
3.677200,73.393467
3.677300,73.393633
3.677400,73.394849
3.677500,73.396550
3.677600,73.395328
3.677700,73.395533
3.677800,73.396660
3.677900,73.398758
3.678000,73.397797
3.678100,73.398007
3.678200,73.398200
3.678300,73.398832
3.678400,73.399698
3.678500,73.399756
3.678600,73.399936
3.678700,73.400392
3.678800,73.401458
3.678900,73.401673
3.679000,73.402574
3.679100,73.402798
3.679200,73.403306
3.679300,73.403881
3.679400,73.404525
3.679500,73.404801
3.679600,73.405611
3.679700,73.406146
3.679800,73.406514
3.679900,73.407197
3.680000,73.407619
3.680100,73.407794
3.680200,73.407883
3.680300,73.409102
3.680400,73.409702
3.680500,73.409209
3.680600,73.410273
3.680700,73.410488
3.680800,73.411552
3.680900,73.411101
3.681000,73.413020
3.681100,73.413739
3.681200,73.412739
3.681300,73.412706
3.681400,73.414170
3.681500,73.414777
3.681600,73.415625
3.681700,73.416945
3.681800,73.416169
3.681900,73.417660
3.682000,73.419491
3.682100,73.420301
3.682200,73.420557
3.682300,73.419078
3.682400,73.420354
3.682500,73.424818
3.682600,73.418470
3.682700,73.426265
3.682800,73.417564
3.682900,73.428193
3.683000,73.423992
3.683100,73.418351
3.683200,73.410669
3.683300,73.403291
3.683400,73.411018
3.683500,73.414801
3.683600,73.423773
3.683700,73.415584
3.683800,73.415164
3.683900,73.416343
3.684000,73.417952
3.684100,73.418460
3.684200,73.418534
3.684300,73.419341
3.684400,73.418972
3.684500,73.421059
3.684600,73.421380
3.684700,73.422719
3.684800,73.422942
3.684900,73.424095
3.685000,73.424412
3.685100,73.424129
3.685200,73.424734
3.685300,73.425306
3.685400,73.425862
3.685500,73.426454
3.685600,73.426798
3.685700,73.426809
3.685800,73.427257
3.685900,73.428165
3.686000,73.428371
3.686100,73.429131
3.686200,73.429544
3.686300,73.430027
3.686400,73.430768
3.686500,73.431179
3.686600,73.431832
3.686700,73.432700
3.686800,73.432566
3.686900,73.432624
3.687000,73.433603
3.687100,73.434694
3.687200,73.435277
3.687300,73.435773
3.687400,73.435752
3.687500,73.436800
3.687600,73.436390
3.687700,73.436490
3.687800,73.438420
3.687900,73.437904
3.688000,73.438432
3.688100,73.439812
3.688200,73.439932
3.688300,73.440104
3.688400,73.440906
3.688500,73.439678
3.688600,73.440815
3.688700,73.442821
3.688800,73.441843
3.688900,73.441882
3.689000,73.445197
3.689100,73.446983
3.689200,73.445648
3.689300,73.447947
3.689400,73.446203
3.689500,73.438420
3.689600,73.440723
3.689700,73.448740
3.689800,73.450112
3.689900,73.452053
3.690000,73.444406
3.690100,73.435309
3.690200,73.426473
3.690300,73.407370
3.690400,73.410323
3.690500,73.422287
3.690600,73.427011
3.690700,73.428751
3.690800,73.427328
3.690900,73.427814
3.691000,73.428200
3.691100,73.428916
3.691200,73.429599
3.691300,73.430613
3.691400,73.431716
3.691500,73.430857
3.691600,73.431556
3.691700,73.431901
3.691800,73.432633
3.691900,73.432695
3.692000,73.432830
3.692100,73.433458
3.692200,73.433973
3.692300,73.434433
3.692400,73.434994
3.692500,73.435573
3.692600,73.435834
3.692700,73.436324
3.692800,73.437078
3.692900,73.437192
3.693000,73.438420
3.693100,73.439014
3.693200,73.439244
3.693300,73.439986
3.693400,73.440063
3.693500,73.440183
3.693600,73.440046
3.693700,73.440975
3.693800,73.442212
3.693900,73.442788
3.694000,73.443403
3.694100,73.443903
3.694200,73.443528
3.694300,73.444157
3.694400,73.444870
3.694500,73.445832
3.694600,73.446379
3.694700,73.446439
3.694800,73.446558
3.694900,73.446352
3.695000,73.447912
3.695100,73.447788
3.695200,73.446816
3.695300,73.448868
3.695400,73.450808
3.695500,73.449657
3.695600,73.452583
3.695700,73.453356
3.695800,73.455139
3.695900,73.452946
3.696000,73.453735
3.696100,73.454829
3.696200,73.456680
3.696300,73.460727
3.696400,73.454959
3.696500,73.462351
3.696600,73.470648
3.696700,73.483950
3.696800,73.500209
3.696900,73.495870
3.697000,73.502706
3.697100,73.516963
3.697200,73.500581
3.697300,73.497866
3.697400,73.506414
3.697500,73.504842
3.697600,73.504890
3.697700,73.505371
3.697800,73.505439
3.697900,73.504860
3.698000,73.506320
3.698100,73.507174
3.698200,73.508322
3.698300,73.507942
3.698400,73.507071
3.698500,73.507839
3.698600,73.509357
3.698700,73.509545
3.698800,73.510184
3.698900,73.510248
3.699000,73.511604
3.699100,73.511492
3.699200,73.511709
3.699300,73.512567
3.699400,73.512667
3.699500,73.513631
3.699600,73.513720
3.699700,73.514450
3.699800,73.514868
3.699900,73.515510
3.700000,73.516128
3.700100,73.516431
3.700200,73.516774
3.700300,73.517859
3.700400,73.518329
3.700500,73.518312
3.700600,73.518794
3.700700,73.518854
3.700800,73.519591
3.700900,73.520173
3.701000,73.520882
3.701100,73.521758
3.701200,73.521857
3.701300,73.522479
3.701400,73.522858
3.701500,73.522546
3.701600,73.523119
3.701700,73.525342
3.701800,73.526513
3.701900,73.526945
3.702000,73.525373
3.702100,73.525998
3.702200,73.526375
3.702300,73.526196
3.702400,73.528767
3.702500,73.530970
3.702600,73.530993
3.702700,73.527123
3.702800,73.530953
3.702900,73.534119
3.703000,73.527994
3.703100,73.536263
3.703200,73.529112
3.703300,73.525880
3.703400,73.523467
3.703500,73.517291
3.703600,73.518859
3.703700,73.503489
3.703800,73.500681
3.703900,73.515964
3.704000,73.520471
3.704100,73.516589
3.704200,73.520515
3.704300,73.516043
3.704400,73.516224
3.704500,73.516700
3.704600,73.517692
3.704700,73.518197
3.704800,73.517353
3.704900,73.518375
3.705000,73.518068
3.705100,73.518780
3.705200,73.518595
3.705300,73.518503
3.705400,73.519898
3.705500,73.520957
3.705600,73.521652
3.705700,73.522775
3.705800,73.523241
3.705900,73.523582
3.706000,73.523517
3.706100,73.523959
3.706200,73.524757
3.706300,73.524975
3.706400,73.526006
3.706500,73.525886
3.706600,73.526466
3.706700,73.526798
3.706800,73.527381
3.706900,73.528398
3.707000,73.528643
3.707100,73.529119
3.707200,73.529251
3.707300,73.530383
3.707400,73.530538
3.707500,73.530747
3.707600,73.531270
3.707700,73.531590
3.707800,73.532422
3.707900,73.532190
3.708000,73.533181
3.708100,73.534953
3.708200,73.535745
3.708300,73.535292
3.708400,73.535107
3.708500,73.534548
3.708600,73.535518
3.708700,73.536419
3.708800,73.537327
3.708900,73.538468
3.709000,73.537795
3.709100,73.538569
3.709200,73.538577
3.709300,73.541916
3.709400,73.543258
3.709500,73.541812
3.709600,73.544508
3.709700,73.545501
3.709800,73.539115
3.709900,73.544311
3.710000,73.540848
3.710100,73.538570
3.710200,73.536849
3.710300,73.553560
3.710400,73.554244
3.710500,73.557119
3.710600,73.560073
3.710700,73.558148
3.710800,73.555638
3.710900,73.565669
3.711000,73.557586
3.711100,73.554520
3.711200,73.553160
3.711300,73.553784
3.711400,73.553859
3.711500,73.553353
3.711600,73.554286
3.711700,73.554810
3.711800,73.556569
3.711900,73.556465
3.712000,73.556096
3.712100,73.555637
3.712200,73.556711
3.712300,73.557884
3.712400,73.557309
3.712500,73.558748
3.712600,73.558577
3.712700,73.559017
3.712800,73.559737
3.712900,73.560343
3.713000,73.560846
3.713100,73.561332
3.713200,73.561594
3.713300,73.562656
3.713400,73.563247
3.713500,73.563692
3.713600,73.564138
3.713700,73.564584
3.713800,73.564952
3.713900,73.565167
3.714000,73.566128
3.714100,73.566862
3.714200,73.566957
3.714300,73.567430
3.714400,73.567591
3.714500,73.567966
3.714600,73.568179
3.714700,73.567961
3.714800,73.569318
3.714900,73.569726
3.715000,73.570722
3.715100,73.571607
3.715200,73.571971
3.715300,73.572403
3.715400,73.573030
3.715500,73.572950
3.715600,73.573700
3.715700,73.576226
3.715800,73.575743
3.715900,73.574288
3.716000,73.577146
3.716100,73.579153
3.716200,73.579171
3.716300,73.583062
3.716400,73.580073
3.716500,73.580475
3.716600,73.578694
3.716700,73.571584
3.716800,73.563052
3.716900,73.561259
3.717000,73.563428
3.717100,73.570034
3.717200,73.579170
3.717300,73.583996
3.717400,73.579671
3.717500,73.580032
3.717600,73.580280
3.717700,73.571463
3.717800,73.567780
3.717900,73.571824
3.718000,73.572527
3.718100,73.572997
3.718200,73.573459
3.718300,73.573281
3.718400,73.573436
3.718500,73.573425
3.718600,73.575645
3.718700,73.574545
3.718800,73.576300
3.718900,73.576415
3.719000,73.576993
3.719100,73.578303
3.719200,73.578435
3.719300,73.578762
3.719400,73.579072
3.719500,73.579314
3.719600,73.579365
3.719700,73.580378
3.719800,73.581318
3.719900,73.581920
3.720000,73.582357
3.720100,73.582827
3.720200,73.583263
3.720300,73.583916
3.720400,73.584413
3.720500,73.584708
3.720600,73.585128
3.720700,73.585521
3.720800,73.586405
3.720900,73.586828
3.721000,73.587931
3.721100,73.587810
3.721200,73.587343
3.721300,73.588376
3.721400,73.589230
3.721500,73.589758
3.721600,73.590281
3.721700,73.590942
3.721800,73.591669
3.721900,73.591247
3.722000,73.593194
3.722100,73.593089
3.722200,73.593257
3.722300,73.593392
3.722400,73.595473
3.722500,73.596722
3.722600,73.596560
3.722700,73.599109
3.722800,73.597237
3.722900,73.600103
3.723000,73.598031
3.723100,73.598110
3.723200,73.597258
3.723300,73.594671
3.723400,73.595659
3.723500,73.598766
3.723600,73.594104
3.723700,73.595625
3.723800,73.607281
3.723900,73.615210
3.724000,73.616002
3.724100,73.615848
3.724200,73.615119
3.724300,73.628253
3.724400,73.625497
3.724500,73.624823
3.724600,73.629531
3.724700,73.627358
3.724800,73.627289
3.724900,73.627484
3.725000,73.628598
3.725100,73.627860
3.725200,73.629272
3.725300,73.629461
3.725400,73.631090
3.725500,73.630945
3.725600,73.631439
3.725700,73.631431
3.725800,73.631677
3.725900,73.631910
3.726000,73.632677
3.726100,73.633656
3.726200,73.633832
3.726300,73.633952
3.726400,73.634098
3.726500,73.635321
3.726600,73.635570
3.726700,73.635961
3.726800,73.637052
3.726900,73.637340
3.727000,73.638179
3.727100,73.638436
3.727200,73.638832
3.727300,73.639111
3.727400,73.639835
3.727500,73.640562
3.727600,73.640611
3.727700,73.641411
3.727800,73.642478
3.727900,73.642315
3.728000,73.643060
3.728100,73.643634
3.728200,73.643381
3.728300,73.643995
3.728400,73.645166
3.728500,73.646013
3.728600,73.646568
3.728700,73.646286
3.728800,73.646464
3.728900,73.647203
3.729000,73.647436
3.729100,73.648802
3.729200,73.649412
3.729300,73.649817
3.729400,73.652481
3.729500,73.651828
3.729600,73.650319
3.729700,73.652476
3.729800,73.653603
3.729900,73.656142
3.730000,73.652731
3.730100,73.648365
3.730200,73.650285
3.730300,73.655306
3.730400,73.658908
3.730500,73.653760
3.730600,73.657781
3.730700,73.641929
3.730800,73.644822
3.730900,73.643848
3.731000,73.652341
3.731100,73.647937
3.731200,73.649179
3.731300,73.651556
3.731400,73.653011
3.731500,73.651385
3.731600,73.651177
3.731700,73.651234
3.731800,73.651175
3.731900,73.652278
3.732000,73.651740
3.732100,73.652064
3.732200,73.652876
3.732300,73.654357
3.732400,73.655182
3.732500,73.654387
3.732600,73.654213
3.732700,73.654184
3.732800,73.654885
3.732900,73.655965
3.733000,73.656498
3.733100,73.656685
3.733200,73.657010
3.733300,73.657743
3.733400,73.658464
3.733500,73.658776
3.733600,73.659505
3.733700,73.659963
3.733800,73.660707
3.733900,73.661215
3.734000,73.661177
3.734100,73.661297
3.734200,73.662315
3.734300,73.662728
3.734400,73.663622
3.734500,73.663835
3.734600,73.664557
3.734700,73.664868
3.734800,73.665157
3.734900,73.666398
3.735000,73.666893
3.735100,73.667107
3.735200,73.667365
3.735300,73.667498
3.735400,73.669007
3.735500,73.669526
3.735600,73.669226
3.735700,73.669785
3.735800,73.670986
3.735900,73.671484
3.736000,73.672024
3.736100,73.670921
3.736200,73.672441
3.736300,73.675125
3.736400,73.672721
3.736500,73.674881
3.736600,73.678698
3.736700,73.682031
3.736800,73.679307
3.736900,73.681700
3.737000,73.684990
3.737100,73.680261
3.737200,73.680663
3.737300,73.683119
3.737400,73.688600
3.737500,73.683430
3.737600,73.667584
3.737700,73.650527
3.737800,73.664640
3.737900,73.673884
3.738000,73.690253
3.738100,73.683664
3.738200,73.681939
3.738300,73.681115
3.738400,73.681668
3.738500,73.681873
3.738600,73.681136
3.738700,73.682945
3.738800,73.681766
3.738900,73.682073
3.739000,73.683437
3.739100,73.684914
3.739200,73.685803
3.739300,73.685140
3.739400,73.685588
3.739500,73.686323
3.739600,73.687046
3.739700,73.687269
3.739800,73.688159
3.739900,73.688751
3.740000,73.688561
3.740100,73.689069
3.740200,73.689914
3.740300,73.690051
3.740400,73.691074
3.740500,73.691426
3.740600,73.691829
3.740700,73.692134
3.740800,73.692600
3.740900,73.693320
3.741000,73.694220
3.741100,73.694253
3.741200,73.695212
3.741300,73.695633
3.741400,73.695900
3.741500,73.696612
3.741600,73.696958
3.741700,73.696816
3.741800,73.697575
3.741900,73.697911
3.742000,73.697646
3.742100,73.698230
3.742200,73.698885
3.742300,73.700071
3.742400,73.701713
3.742500,73.701273
3.742600,73.703219
3.742700,73.703598
3.742800,73.703206
3.742900,73.704295
3.743000,73.704866
3.743100,73.706115
3.743200,73.704606
3.743300,73.706770
3.743400,73.703159
3.743500,73.707398
3.743600,73.710376
3.743700,73.708578
3.743800,73.711295
3.743900,73.715789
3.744000,73.717175
3.744100,73.719695
3.744200,73.711120
3.744300,73.719671
3.744400,73.707716
3.744500,73.726193
3.744600,73.710592
3.744700,73.728710
3.744800,73.725745
3.744900,73.726013
3.745000,73.732574
3.745100,73.730036
3.745200,73.731177
3.745300,73.731886
3.745400,73.732669
3.745500,73.731998
3.745600,73.732384
3.745700,73.733100
3.745800,73.734712
3.745900,73.733703
3.746000,73.735697
3.746100,73.735217
3.746200,73.735288
3.746300,73.736332
3.746400,73.737423
3.746500,73.738216
3.746600,73.738611
3.746700,73.738409
3.746800,73.738760
3.746900,73.739680
3.747000,73.739771
3.747100,73.740068
3.747200,73.741072
3.747300,73.741673
3.747400,73.742600
3.747500,73.742712
3.747600,73.743052
3.747700,73.743364
3.747800,73.743738
3.747900,73.744048
3.748000,73.744826
3.748100,73.745973
3.748200,73.745870
3.748300,73.746240
3.748400,73.746536
3.748500,73.747653
3.748600,73.747836
3.748700,73.747649
3.748800,73.747900
3.748900,73.748692
3.749000,73.749614
3.749100,73.749625
3.749200,73.751723
3.749300,73.751606
3.749400,73.753883
3.749500,73.753164
3.749600,73.753274
3.749700,73.754180
3.749800,73.754693
3.749900,73.753676
3.750000,73.754163
3.750100,73.755865
3.750200,73.757964
3.750300,73.760660
3.750400,73.758254
3.750500,73.756643
3.750600,73.764599
3.750700,73.761746
3.750800,73.764649
3.750900,73.774254
3.751000,73.774102
3.751100,73.764447
3.751200,73.782664
3.751300,73.772809
3.751400,73.772836
3.751500,73.764602
3.751600,73.773743
3.751700,73.770722
3.751800,73.772205
3.751900,73.775486
3.752000,73.776216
3.752100,73.776748
3.752200,73.778025
3.752300,73.779496
3.752400,73.777910
3.752500,73.778717
3.752600,73.778411
3.752700,73.779613
3.752800,73.779461
3.752900,73.779261
3.753000,73.780434
3.753100,73.781215
3.753200,73.781935
3.753300,73.781411
3.753400,73.782163
3.753500,73.783063
3.753600,73.783565
3.753700,73.784833
3.753800,73.785132
3.753900,73.785975
3.754000,73.785649
3.754100,73.786622
3.754200,73.787047
3.754300,73.787286
3.754400,73.787881
3.754500,73.788024
3.754600,73.788434
3.754700,73.789046
3.754800,73.790186
3.754900,73.790102
3.755000,73.790996
3.755100,73.791376
3.755200,73.792337
3.755300,73.792452
3.755400,73.792785
3.755500,73.793485
3.755600,73.794554
3.755700,73.795483
3.755800,73.795674
3.755900,73.795410
3.756000,73.795630
3.756100,73.796341
3.756200,73.797710
3.756300,73.797973
3.756400,73.798444
3.756500,73.797300
3.756600,73.798898
3.756700,73.799324
3.756800,73.801748
3.756900,73.800303
3.757000,73.805044
3.757100,73.803908
3.757200,73.804155
3.757300,73.801952
3.757400,73.797096
3.757500,73.802703
3.757600,73.793813
3.757700,73.782986
3.757800,73.792231
3.757900,73.795394
3.758000,73.799598
3.758100,73.798577
3.758200,73.795510
3.758300,73.793433
3.758400,73.796669
3.758500,73.793172
3.758600,73.791259
3.758700,73.793494
3.758800,73.793230
3.758900,73.793038
3.759000,73.793103
3.759100,73.793945
3.759200,73.793680
3.759300,73.794074
3.759400,73.795068
3.759500,73.795363
3.759600,73.796453
3.759700,73.796555
3.759800,73.796734
3.759900,73.798070
3.760000,73.797685
3.760100,73.798590
3.760200,73.799119
3.760300,73.799335
3.760400,73.799369
3.760500,73.800184
3.760600,73.800746
3.760700,73.801623
3.760800,73.802389
3.760900,73.802706
3.761000,73.802542
3.761100,73.803171
3.761200,73.803999
3.761300,73.804450
3.761400,73.804970
3.761500,73.805094
3.761600,73.806512
3.761700,73.806575
3.761800,73.806707
3.761900,73.806951
3.762000,73.808515
3.762100,73.808688
3.762200,73.809192
3.762300,73.809739
3.762400,73.810302
3.762500,73.811130
3.762600,73.811947
3.762700,73.811670
3.762800,73.811591
3.762900,73.813110
3.763000,73.813066
3.763100,73.811643
3.763200,73.812186
3.763300,73.812629
3.763400,73.812419
3.763500,73.815777
3.763600,73.815750
3.763700,73.818511
3.763800,73.821961
3.763900,73.819742
3.764000,73.815840
3.764100,73.815895
3.764200,73.820457
3.764300,73.819265
3.764400,73.815323
3.764500,73.805979
3.764600,73.804183
3.764700,73.803546
3.764800,73.795143
3.764900,73.794247
3.765000,73.806603
3.765100,73.804096
3.765200,73.806351
3.765300,73.802564
3.765400,73.798597
3.765500,73.800477
3.765600,73.801015
3.765700,73.801949
3.765800,73.802143
3.765900,73.801113
3.766000,73.802266
3.766100,73.801820
3.766200,73.802086
3.766300,73.803200
3.766400,73.804750
3.766500,73.804531
3.766600,73.805815
3.766700,73.806536
3.766800,73.806249
3.766900,73.806391
3.767000,73.807015
3.767100,73.808321
3.767200,73.808249
3.767300,73.808685
3.767400,73.809736
3.767500,73.809807
3.767600,73.810313
3.767700,73.811171
3.767800,73.811357
3.767900,73.811812
3.768000,73.812457
3.768100,73.813261
3.768200,73.813440
3.768300,73.814027
3.768400,73.813911
3.768500,73.814898
3.768600,73.815440
3.768700,73.814915
3.768800,73.816375
3.768900,73.816258
3.769000,73.817126
3.769100,73.818605
3.769200,73.818836
3.769300,73.818060
3.769400,73.820068
3.769500,73.819880
3.769600,73.820551
3.769700,73.820040
3.769800,73.821028
3.769900,73.821585
3.770000,73.822701
3.770100,73.822930
3.770200,73.825148
3.770300,73.825888
3.770400,73.824342
3.770500,73.825782
3.770600,73.827535
3.770700,73.826815
3.770800,73.824860
3.770900,73.823432
3.771000,73.831569
3.771100,73.825010
3.771200,73.830296
3.771300,73.833760
3.771400,73.837089
3.771500,73.846947
3.771600,73.855298
3.771700,73.848459
3.771800,73.848954
3.771900,73.856852
3.772000,73.856774
3.772100,73.854923
3.772200,73.859490
3.772300,73.859591
3.772400,73.860040
3.772500,73.860552
3.772600,73.861151
3.772700,73.863202
3.772800,73.863694
3.772900,73.865594
3.773000,73.865583
3.773100,73.865661
3.773200,73.866542
3.773300,73.865758
3.773400,73.866565
3.773500,73.868093
3.773600,73.867943
3.773700,73.868708
3.773800,73.869189
3.773900,73.869794
3.774000,73.869414
3.774100,73.869808
3.774200,73.870750
3.774300,73.871517
3.774400,73.872059
3.774500,73.873401
3.774600,73.873405
3.774700,73.873511
3.774800,73.874488
3.774900,73.875019
3.775000,73.874615
3.775100,73.875569
3.775200,73.875737
3.775300,73.876811
3.775400,73.877275
3.775500,73.877608
3.775600,73.877297
3.775700,73.877790
3.775800,73.878841
3.775900,73.879491
3.776000,73.879855
3.776100,73.880908
3.776200,73.881101
3.776300,73.881080
3.776400,73.882486
3.776500,73.883745
3.776600,73.884620
3.776700,73.886549
3.776800,73.886291
3.776900,73.886307
3.777000,73.887384
3.777100,73.886441
3.777200,73.884773
3.777300,73.882629
3.777400,73.883624
3.777500,73.886803
3.777600,73.888451
3.777700,73.885309
3.777800,73.885289
3.777900,73.889894
3.778000,73.885875
3.778100,73.889777
3.778200,73.882204
3.778300,73.892109
3.778400,73.874695
3.778500,73.865087
3.778600,73.872740
3.778700,73.886862
3.778800,73.891479
3.778900,73.896686
3.779000,73.896069
3.779100,73.896616
3.779200,73.897252
3.779300,73.897439
3.779400,73.899162
3.779500,73.900290
3.779600,73.901864
3.779700,73.903713
3.779800,73.905009
3.779900,73.905790
3.780000,73.904888
3.780100,73.904747
3.780200,73.905299
3.780300,73.905894
3.780400,73.906466
3.780500,73.906612
3.780600,73.907292
3.780700,73.907915
3.780800,73.908390
3.780900,73.908724
3.781000,73.909852
3.781100,73.909835
3.781200,73.910391
3.781300,73.910875
3.781400,73.911590
3.781500,73.912008
3.781600,73.912066
3.781700,73.912812
3.781800,73.913420
3.781900,73.914083
3.782000,73.914710
3.782100,73.915181
3.782200,73.915911
3.782300,73.916584
3.782400,73.916515
3.782500,73.917198
3.782600,73.917686
3.782700,73.917934
3.782800,73.919150
3.782900,73.919307
3.783000,73.918914
3.783100,73.920374
3.783200,73.920455
3.783300,73.921239
3.783400,73.921745
3.783500,73.921861
3.783600,73.922154
3.783700,73.923570
3.783800,73.922033
3.783900,73.923866
3.784000,73.921895
3.784100,73.926177
3.784200,73.929279
3.784300,73.934820
3.784400,73.930509
3.784500,73.924746
3.784600,73.923215
3.784700,73.930509
3.784800,73.927372
3.784900,73.931061
3.785000,73.933210
3.785100,73.926999
3.785200,73.945502
3.785300,73.953029
3.785400,73.948618
3.785500,73.951562
3.785600,73.947566
3.785700,73.948475
3.785800,73.948985
3.785900,73.949706
3.786000,73.949633
3.786100,73.948663
3.786200,73.948943
3.786300,73.948446
3.786400,73.950490
3.786500,73.949999
3.786600,73.951555
3.786700,73.951478
3.786800,73.952519
3.786900,73.952404
3.787000,73.952415
3.787100,73.953551
3.787200,73.954384
3.787300,73.954442
3.787400,73.954928
3.787500,73.955749
3.787600,73.956080
3.787700,73.956602
3.787800,73.957378
3.787900,73.957381
3.788000,73.958148
3.788100,73.958604
3.788200,73.959604
3.788300,73.960225
3.788400,73.960113
3.788500,73.961005
3.788600,73.961670
3.788700,73.962271
3.788800,73.962666
3.788900,73.962808
3.789000,73.963888
3.789100,73.964479
3.789200,73.965293
3.789300,73.965298
3.789400,73.964986
3.789500,73.964782
3.789600,73.966160
3.789700,73.967167
3.789800,73.967087
3.789900,73.967399
3.790000,73.966893
3.790100,73.967967
3.790200,73.970549
3.790300,73.969324
3.790400,73.970111
3.790500,73.971936
3.790600,73.972099
3.790700,73.972348
3.790800,73.971363
3.790900,73.974233
3.791000,73.972377
3.791100,73.973524
3.791200,73.978948
3.791300,73.970483
3.791400,73.963319
3.791500,73.965871
3.791600,73.974168
3.791700,73.971922
3.791800,73.975799
3.791900,73.977826
3.792000,73.997076
3.792100,73.998928
3.792200,73.997437
3.792300,73.995135
3.792400,73.994869
3.792500,73.995038
3.792600,73.995281
3.792700,73.996426
3.792800,73.997025
3.792900,73.997166
3.793000,73.995915
3.793100,73.995983
3.793200,73.996726
3.793300,73.998521
3.793400,74.000268
3.793500,73.999455
3.793600,74.000117
3.793700,74.000298
3.793800,74.000596
3.793900,74.000856
3.794000,74.001980
3.794100,74.001651
3.794200,74.002048
3.794300,74.002292
3.794400,74.003282
3.794500,74.003868
3.794600,74.004471
3.794700,74.004734
3.794800,74.005561
3.794900,74.005959
3.795000,74.006496
3.795100,74.007329
3.795200,74.007723
3.795300,74.008123
3.795400,74.008925
3.795500,74.009789
3.795600,74.010084
3.795700,74.010516
3.795800,74.010414
3.795900,74.010595
3.796000,74.011543
3.796100,74.011207
3.796200,74.012029
3.796300,74.012858
3.796400,74.013703
3.796500,74.013854
3.796600,74.013928
3.796700,74.013068
3.796800,74.015479
3.796900,74.015223
3.797000,74.015466
3.797100,74.017034
3.797200,74.014880
3.797300,74.016451
3.797400,74.015812
3.797500,74.017326
3.797600,74.019788
3.797700,74.021665
3.797800,74.020411
3.797900,74.017633
3.798000,74.019640
3.798100,74.015895
3.798200,74.021363
3.798300,74.030244
3.798400,74.032631
3.798500,74.035221
3.798600,74.029513
3.798700,74.013920
3.798800,74.013921
3.798900,74.018736
3.799000,74.010931
3.799100,74.016045
3.799200,74.015336
3.799300,74.015257
3.799400,74.015655
3.799500,74.016230
3.799600,74.017167
3.799700,74.018113
3.799800,74.018530
3.799900,74.018332
3.800000,74.018621
3.800100,74.018956
3.800200,74.020667
3.800300,74.020347
3.800400,74.020865
3.800500,74.022340
3.800600,74.022162
3.800700,74.022377
3.800800,74.022890
3.800900,74.023243
3.801000,74.024005
3.801100,74.024764
3.801200,74.025160
3.801300,74.025118
3.801400,74.025310
3.801500,74.026533
3.801600,74.027079
3.801700,74.027006
3.801800,74.027728
3.801900,74.028317
3.802000,74.028764
3.802100,74.029362
3.802200,74.030067
3.802300,74.030484
3.802400,74.030198
3.802500,74.030556
3.802600,74.030724
3.802700,74.032129
3.802800,74.033176
3.802900,74.034354
3.803000,74.033661
3.803100,74.034224
3.803200,74.034440
3.803300,74.035011
3.803400,74.035279
3.803500,74.037005
3.803600,74.037561
3.803700,74.037868
3.803800,74.037821
3.803900,74.037254
3.804000,74.036861
3.804100,74.038674
3.804200,74.041630
3.804300,74.041314
3.804400,74.040218
3.804500,74.040532
3.804600,74.039160
3.804700,74.042707
3.804800,74.039991
3.804900,74.036968
3.805000,74.029142
3.805100,74.020832
3.805200,74.016316
3.805300,74.014262
3.805400,74.035920
3.805500,74.029150
3.805600,74.030136
3.805700,74.042061
3.805800,74.033716
3.805900,74.029387
3.806000,74.030010
3.806100,74.030283
3.806200,74.030975
3.806300,74.032578
3.806400,74.034127
3.806500,74.032549
3.806600,74.033497
3.806700,74.033448
3.806800,74.033579
3.806900,74.034596
3.807000,74.034954
3.807100,74.034966
3.807200,74.036002
3.807300,74.035549
3.807400,74.036346
3.807500,74.036527
3.807600,74.036748
3.807700,74.038004
3.807800,74.038410
3.807900,74.039480
3.808000,74.039668
3.808100,74.040087
3.808200,74.040601
3.808300,74.040754
3.808400,74.041294
3.808500,74.042060
3.808600,74.041757
3.808700,74.042981
3.808800,74.043293
3.808900,74.043734
3.809000,74.044137
3.809100,74.044480
3.809200,74.044457
3.809300,74.045837
3.809400,74.046179
3.809500,74.046066
3.809600,74.047097
3.809700,74.047628
3.809800,74.047808
3.809900,74.049393
3.810000,74.049803
3.810100,74.049598
3.810200,74.050493
3.810300,74.052455
3.810400,74.051185
3.810500,74.051845
3.810600,74.052358
3.810700,74.052439
3.810800,74.052916
3.810900,74.053386
3.811000,74.053368
3.811100,74.053531
3.811200,74.057317
3.811300,74.059709
3.811400,74.054722
3.811500,74.056353
3.811600,74.056955
3.811700,74.059983
3.811800,74.052801
3.811900,74.061636
3.812000,74.048031
3.812100,74.048332
3.812200,74.043279
3.812300,74.044156
3.812400,74.040579
3.812500,74.030529
3.812600,74.028294
3.812700,74.029105
3.812800,74.029075
3.812900,74.029742
3.813000,74.029395
3.813100,74.029705
3.813200,74.029688
3.813300,74.030683
3.813400,74.032013
3.813500,74.031935
3.813600,74.031894
3.813700,74.031929
3.813800,74.032555
3.813900,74.032168
3.814000,74.033583
3.814100,74.033974
3.814200,74.035030
3.814300,74.035531
3.814400,74.035936
3.814500,74.036430
3.814600,74.036884
3.814700,74.037136
3.814800,74.037505
3.814900,74.038476
3.815000,74.038755
3.815100,74.039143
3.815200,74.039406
3.815300,74.040137
3.815400,74.041029
3.815500,74.041246
3.815600,74.041713
3.815700,74.042194
3.815800,74.042957
3.815900,74.042953
3.816000,74.043754
3.816100,74.043567
3.816200,74.044279
3.816300,74.045109
3.816400,74.045063
3.816500,74.046729
3.816600,74.047184
3.816700,74.047222
3.816800,74.048632
3.816900,74.047838
3.817000,74.050228
3.817100,74.049368
3.817200,74.050751
3.817300,74.051602
3.817400,74.052771
3.817500,74.055970
3.817600,74.055523
3.817700,74.055085
3.817800,74.054456
3.817900,74.052605
3.818000,74.058339
3.818100,74.056512
3.818200,74.057561
3.818300,74.053344
3.818400,74.051164
3.818500,74.045596
3.818600,74.043026
3.818700,74.059730
3.818800,74.078690
3.818900,74.072005
3.819000,74.080146
3.819100,74.070464
3.819200,74.072511
3.819300,74.081140
3.819400,74.078295
3.819500,74.081829
3.819600,74.083553
3.819700,74.084198
3.819800,74.085126
3.819900,74.085960
3.820000,74.087633
3.820100,74.087057
3.820200,74.088672
3.820300,74.088989
3.820400,74.088674
3.820500,74.089690
3.820600,74.091041
3.820700,74.091942
3.820800,74.091804
3.820900,74.091675
3.821000,74.092648
3.821100,74.092622
3.821200,74.093336
3.821300,74.094157
3.821400,74.093955
3.821500,74.094777
3.821600,74.095255
3.821700,74.095648
3.821800,74.095976
3.821900,74.096967
3.822000,74.096758
3.822100,74.097450
3.822200,74.097459
3.822300,74.098416
3.822400,74.098860
3.822500,74.099918
3.822600,74.100367
3.822700,74.100560
3.822800,74.101336
3.822900,74.101936
3.823000,74.102256
3.823100,74.102588
3.823200,74.102493
3.823300,74.103164
3.823400,74.103946
3.823500,74.104994
3.823600,74.105839
3.823700,74.106505
3.823800,74.107796
3.823900,74.108323
3.824000,74.106841
3.824100,74.106878
3.824200,74.110058
3.824300,74.109020
3.824400,74.112912
3.824500,74.109830
3.824600,74.109999
3.824700,74.112032
3.824800,74.112326
3.824900,74.110432
3.825000,74.112126
3.825100,74.104623
3.825200,74.105991
3.825300,74.116856
3.825400,74.106143
3.825500,74.119699
3.825600,74.126461
3.825700,74.148557
3.825800,74.134542
3.825900,74.120503
3.826000,74.134661
3.826100,74.134829
3.826200,74.133002
3.826300,74.136059
3.826400,74.136799
3.826500,74.137593
3.826600,74.138655
3.826700,74.140511
3.826800,74.140014
3.826900,74.142285
3.827000,74.142744
3.827100,74.143589
3.827200,74.143285
3.827300,74.143331
3.827400,74.144970
3.827500,74.144803
3.827600,74.145341
3.827700,74.145962
3.827800,74.145909
3.827900,74.146469
3.828000,74.147154
3.828100,74.147264
3.828200,74.147210
3.828300,74.147857
3.828400,74.149152
3.828500,74.149334
3.828600,74.150054
3.828700,74.150484
3.828800,74.150627
3.828900,74.151006
3.829000,74.152402
3.829100,74.152226
3.829200,74.152639
3.829300,74.153651
3.829400,74.154272
3.829500,74.154741
3.829600,74.155355
3.829700,74.156056
3.829800,74.156060
3.829900,74.157618
3.830000,74.157859
3.830100,74.158997
3.830200,74.158509
3.830300,74.159691
3.830400,74.159710
3.830500,74.158453
3.830600,74.158688
3.830700,74.158960
3.830800,74.160867
3.830900,74.160268
3.831000,74.160214
3.831100,74.162072
3.831200,74.160270
3.831300,74.161903
3.831400,74.161888
3.831500,74.162092
3.831600,74.163519
3.831700,74.162275
3.831800,74.158380
3.831900,74.154160
3.832000,74.150033
3.832100,74.140682
3.832200,74.147551
3.832300,74.166210
3.832400,74.186873
3.832500,74.179082
3.832600,74.166643
3.832700,74.154018
3.832800,74.146858
3.832900,74.153940
3.833000,74.152813
3.833100,74.154730
3.833200,74.155133
3.833300,74.154845
3.833400,74.155370
3.833500,74.155363
3.833600,74.156813
3.833700,74.157145
3.833800,74.158504
3.833900,74.160479
3.834000,74.160605
3.834100,74.161058
3.834200,74.161396
3.834300,74.161577
3.834400,74.161323
3.834500,74.162119
3.834600,74.162687
3.834700,74.163796
3.834800,74.163978
3.834900,74.164289
3.835000,74.164210
3.835100,74.165284
3.835200,74.166079
3.835300,74.166693
3.835400,74.166837
3.835500,74.166834
3.835600,74.167752
3.835700,74.168003
3.835800,74.168747
3.835900,74.169690
3.836000,74.170060
3.836100,74.170477
3.836200,74.170826
3.836300,74.171471
3.836400,74.171644
3.836500,74.171854
3.836600,74.172715
3.836700,74.173747
3.836800,74.174154
3.836900,74.174213
3.837000,74.174871
3.837100,74.175687
3.837200,74.175427
3.837300,74.175996
3.837400,74.176978
3.837500,74.177869
3.837600,74.178735
3.837700,74.179769
3.837800,74.178945
3.837900,74.178540
3.838000,74.182331
3.838100,74.179490
3.838200,74.181644
3.838300,74.179151
3.838400,74.182103
3.838500,74.177401
3.838600,74.172767
3.838700,74.179740
3.838800,74.187829
3.838900,74.177983
3.839000,74.169254
3.839100,74.189279
3.839200,74.196825
3.839300,74.209006
3.839400,74.223380
3.839500,74.215745
3.839600,74.210950
3.839700,74.211868
3.839800,74.212131
3.839900,74.212683
3.840000,74.213218
3.840100,74.212570
3.840200,74.213232
3.840300,74.213962
3.840400,74.214565
3.840500,74.214659
3.840600,74.215706
3.840700,74.216361
3.840800,74.217218
3.840900,74.216845
3.841000,74.217458
3.841100,74.217557
3.841200,74.218912
3.841300,74.219023
3.841400,74.219214
3.841500,74.219754
3.841600,74.220880
3.841700,74.221608
3.841800,74.221712
3.841900,74.222306
3.842000,74.222703
3.842100,74.223530
3.842200,74.224140
3.842300,74.224724
3.842400,74.224766
3.842500,74.224633
3.842600,74.225689
3.842700,74.226323
3.842800,74.227126
3.842900,74.227123
3.843000,74.228218
3.843100,74.228627
3.843200,74.229138
3.843300,74.229938
3.843400,74.230320
3.843500,74.230453
3.843600,74.230345
3.843700,74.231274
3.843800,74.231729
3.843900,74.230874
3.844000,74.232266
3.844100,74.234082
3.844200,74.232488
3.844300,74.233797
3.844400,74.235927
3.844500,74.235714
3.844600,74.235234
3.844700,74.236227
3.844800,74.233598
3.844900,74.235061
3.845000,74.236573
3.845100,74.241495
3.845200,74.240193
3.845300,74.246526
3.845400,74.242019
3.845500,74.229261
3.845600,74.241243
3.845700,74.239493
3.845800,74.248226
3.845900,74.228565
3.846000,74.229738
3.846100,74.248013
3.846200,74.240176
3.846300,74.233469
3.846400,74.239522
3.846500,74.239659
3.846600,74.239928
3.846700,74.239942
3.846800,74.240185
3.846900,74.242319
3.847000,74.241840
3.847100,74.241104
3.847200,74.242140
3.847300,74.242669
3.847400,74.242767
3.847500,74.243309
3.847600,74.244328
3.847700,74.245349
3.847800,74.245598
3.847900,74.246916
3.848000,74.246486
3.848100,74.246258
3.848200,74.246866
3.848300,74.248095
3.848400,74.248610
3.848500,74.249065
3.848600,74.250055
3.848700,74.250562
3.848800,74.250963
3.848900,74.251464
3.849000,74.251417
3.849100,74.252164
3.849200,74.252760
3.849300,74.253436
3.849400,74.253776
3.849500,74.253952
3.849600,74.255194
3.849700,74.255301
3.849800,74.255287
3.849900,74.255649
3.850000,74.256497
3.850100,74.255981
3.850200,74.257103
3.850300,74.257635
3.850400,74.257892
3.850500,74.259448
3.850600,74.259050
3.850700,74.259940
3.850800,74.259520
3.850900,74.259645
3.851000,74.262371
3.851100,74.265007
3.851200,74.266704
3.851300,74.265261
3.851400,74.265525
3.851500,74.262053
3.851600,74.261402
3.851700,74.264594
3.851800,74.267026
3.851900,74.271591
3.852000,74.277613
3.852100,74.276712
3.852200,74.266291
3.852300,74.271862
3.852400,74.276779
3.852500,74.265301
3.852600,74.281032
3.852700,74.302995
3.852800,74.301299
3.852900,74.305303
3.853000,74.303332
3.853100,74.304412
3.853200,74.303757
3.853300,74.303421
3.853400,74.303522
3.853500,74.304237
3.853600,74.306233
3.853700,74.306238
3.853800,74.306607
3.853900,74.308637
3.854000,74.307776
3.854100,74.308647
3.854200,74.308903
3.854300,74.308209
3.854400,74.309723
3.854500,74.310224
3.854600,74.309877
3.854700,74.310409
3.854800,74.310927
3.854900,74.312011
3.855000,74.312302
3.855100,74.312759
3.855200,74.313086
3.855300,74.313604
3.855400,74.314221
3.855500,74.314564
3.855600,74.315085
3.855700,74.315740
3.855800,74.316354
3.855900,74.316657
3.856000,74.317180
3.856100,74.317981
3.856200,74.318118
3.856300,74.318319
3.856400,74.319436
3.856500,74.319844
3.856600,74.320528
3.856700,74.320878
3.856800,74.321985
3.856900,74.321924
3.857000,74.322964
3.857100,74.323575
3.857200,74.323067
3.857300,74.323320
3.857400,74.323446
3.857500,74.324197
3.857600,74.324484
3.857700,74.325642
3.857800,74.327125
3.857900,74.326228
3.858000,74.328478
3.858100,74.325882
3.858200,74.324592
3.858300,74.327733
3.858400,74.326781
3.858500,74.325037
3.858600,74.321716
3.858700,74.322406
3.858800,74.329465
3.858900,74.318650
3.859000,74.332290
3.859100,74.316318
3.859200,74.333102
3.859300,74.335017
3.859400,74.314776
3.859500,74.322977
3.859600,74.323804
3.859700,74.311361
3.859800,74.312377
3.859900,74.309939
3.860000,74.310248
3.860100,74.310753
3.860200,74.311024
3.860300,74.312476
3.860400,74.313072
3.860500,74.312407
3.860600,74.313757
3.860700,74.314734
3.860800,74.315907
3.860900,74.316127
3.861000,74.315420
3.861100,74.315606
3.861200,74.315827
3.861300,74.316931
3.861400,74.317515
3.861500,74.318049
3.861600,74.318792
3.861700,74.319567
3.861800,74.319597
3.861900,74.320440
3.862000,74.320745
3.862100,74.320789
3.862200,74.321870
3.862300,74.322142
3.862400,74.322143
3.862500,74.322764
3.862600,74.323104
3.862700,74.323489
3.862800,74.324752
3.862900,74.325030
3.863000,74.325774
3.863100,74.325845
3.863200,74.326496
3.863300,74.326870
3.863400,74.327371
3.863500,74.327634
3.863600,74.327795
3.863700,74.328212
3.863800,74.328879
3.863900,74.330718
3.864000,74.330492
3.864100,74.330299
3.864200,74.331042
3.864300,74.332158
3.864400,74.332786
3.864500,74.332979
3.864600,74.332519
3.864700,74.334820
3.864800,74.334664
3.864900,74.336227
3.865000,74.333995
3.865100,74.339105
3.865200,74.340889
3.865300,74.340983
3.865400,74.338498
3.865500,74.342105
3.865600,74.333433
3.865700,74.333120
3.865800,74.326086
3.865900,74.340858
3.866000,74.341414
3.866100,74.358544
3.866200,74.341170
3.866300,74.336681
3.866400,74.329055
3.866500,74.322923
3.866600,74.325413
3.866700,74.326190
3.866800,74.327011
3.866900,74.327496
3.867000,74.327890
3.867100,74.327798
3.867200,74.328409
3.867300,74.327221
3.867400,74.327585
3.867500,74.329460
3.867600,74.329356
3.867700,74.330312
3.867800,74.331333
3.867900,74.332089
3.868000,74.331949
3.868100,74.332366
3.868200,74.333088
3.868300,74.333667
3.868400,74.333865
3.868500,74.334540
3.868600,74.335155
3.868700,74.335044
3.868800,74.335829
3.868900,74.336252
3.869000,74.336862
3.869100,74.337906
3.869200,74.337718
3.869300,74.338019
3.869400,74.338437
3.869500,74.339517
3.869600,74.339897
3.869700,74.340358
3.869800,74.340623
3.869900,74.341117
3.870000,74.342032
3.870100,74.341416
3.870200,74.343183
3.870300,74.343165
3.870400,74.344272
3.870500,74.344375
3.870600,74.344924
3.870700,74.345362
3.870800,74.346890
3.870900,74.346484
3.871000,74.346033
3.871100,74.348787
3.871200,74.347761
3.871300,74.347975
3.871400,74.347321
3.871500,74.348445
3.871600,74.350035
3.871700,74.349642
3.871800,74.352252
3.871900,74.354354
3.872000,74.349242
3.872100,74.350318
3.872200,74.353290
3.872300,74.358198
3.872400,74.357654
3.872500,74.350401
3.872600,74.361507
3.872700,74.352663
3.872800,74.369059
3.872900,74.377496
3.873000,74.369441
3.873100,74.375784
3.873200,74.368368
3.873300,74.364703
3.873400,74.365068
3.873500,74.366045
3.873600,74.366008
3.873700,74.367425
3.873800,74.369283
3.873900,74.369150
3.874000,74.368378
3.874100,74.368550
3.874200,74.369174
3.874300,74.371014
3.874400,74.371636
3.874500,74.372465
3.874600,74.371819
3.874700,74.372421
3.874800,74.373212
3.874900,74.372791
3.875000,74.373986
3.875100,74.374351
3.875200,74.374838
3.875300,74.374964
3.875400,74.375818
3.875500,74.376373
3.875600,74.376470
3.875700,74.377179
3.875800,74.377415
3.875900,74.377800
3.876000,74.378540
3.876100,74.379126
3.876200,74.379546
3.876300,74.380269
3.876400,74.381224
3.876500,74.381083
3.876600,74.381861
3.876700,74.382224
3.876800,74.383119
3.876900,74.382940
3.877000,74.383219
3.877100,74.383316
3.877200,74.383254
3.877300,74.384962
3.877400,74.385492
3.877500,74.385238
3.877600,74.386435
3.877700,74.386185
3.877800,74.387922
3.877900,74.389765
3.878000,74.389219
3.878100,74.390245
3.878200,74.390683
3.878300,74.389661
3.878400,74.388305
3.878500,74.393616
3.878600,74.392886
3.878700,74.395615
3.878800,74.395373
3.878900,74.387350
3.879000,74.394308
3.879100,74.395311
3.879200,74.381985
3.879300,74.383646
3.879400,74.387832
3.879500,74.381328
3.879600,74.377354
3.879700,74.375180
3.879800,74.378139
3.879900,74.376145
3.880000,74.382269
3.880100,74.380140
3.880200,74.380610
3.880300,74.380983
3.880400,74.381579
3.880500,74.381694
3.880600,74.382097
3.880700,74.383071
3.880800,74.383781
3.880900,74.385860
3.881000,74.386126
3.881100,74.386340
3.881200,74.386314
3.881300,74.386287
3.881400,74.387139
3.881500,74.388256
3.881600,74.388168
3.881700,74.389044
3.881800,74.388723
3.881900,74.389461
3.882000,74.390047
3.882100,74.390549
3.882200,74.391262
3.882300,74.391582
3.882400,74.392244
3.882500,74.392324
3.882600,74.392495
3.882700,74.393215
3.882800,74.393692
3.882900,74.394452
3.883000,74.395086
3.883100,74.395805
3.883200,74.395445
3.883300,74.395978
3.883400,74.397266
3.883500,74.397658
3.883600,74.397585
3.883700,74.397885
3.883800,74.399517
3.883900,74.399676
3.884000,74.399454
3.884100,74.400108
3.884200,74.401524
3.884300,74.401934
3.884400,74.402290
3.884500,74.401258
3.884600,74.402424
3.884700,74.403127
3.884800,74.406095
3.884900,74.406058
3.885000,74.405378
3.885100,74.404421
3.885200,74.406429
3.885300,74.402650
3.885400,74.406680
3.885500,74.403737
3.885600,74.407854
3.885700,74.410987
3.885800,74.405468
3.885900,74.418753
3.886000,74.406642
3.886100,74.392903
3.886200,74.393803
3.886300,74.390835
3.886400,74.402386
3.886500,74.412754
3.886600,74.407947
3.886700,74.400698
3.886800,74.403314
3.886900,74.403256
3.887000,74.403707
3.887100,74.403208
3.887200,74.402083
3.887300,74.403024
3.887400,74.405344
3.887500,74.406413
3.887600,74.406895
3.887700,74.407021
3.887800,74.406661
3.887900,74.407980
3.888000,74.408758
3.888100,74.409192
3.888200,74.409594
3.888300,74.409400
3.888400,74.409938
3.888500,74.411084
3.888600,74.412061
3.888700,74.412549
3.888800,74.412590
3.888900,74.413197
3.889000,74.413723
3.889100,74.414278
3.889200,74.414343
3.889300,74.415085
3.889400,74.415543
3.889500,74.415843
3.889600,74.416271
3.889700,74.416425
3.889800,74.417080
3.889900,74.417805
3.890000,74.418603
3.890100,74.418883
3.890200,74.419446
3.890300,74.420373
3.890400,74.420061
3.890500,74.420701
3.890600,74.421496
3.890700,74.422408
3.890800,74.422331
3.890900,74.423733
3.891000,74.424868
3.891100,74.424199
3.891200,74.425643
3.891300,74.426451
3.891400,74.427314
3.891500,74.427865
3.891600,74.425552
3.891700,74.425212
3.891800,74.424350
3.891900,74.428643
3.892000,74.430848
3.892100,74.429189
3.892200,74.427092
3.892300,74.429773
3.892400,74.426419
3.892500,74.424052
3.892600,74.418447
3.892700,74.416354
3.892800,74.418187
3.892900,74.437928
3.893000,74.438444
3.893100,74.447309
3.893200,74.439207
3.893300,74.433099
3.893400,74.436368
3.893500,74.440860
3.893600,74.442469
3.893700,74.442955
3.893800,74.442988
3.893900,74.444057
3.894000,74.445554
3.894100,74.446181
3.894200,74.446794
3.894300,74.446932
3.894400,74.447910
3.894500,74.448455
3.894600,74.448673
3.894700,74.449962
3.894800,74.450349
3.894900,74.450689
3.895000,74.451287
3.895100,74.451783
3.895200,74.452440
3.895300,74.452559
3.895400,74.453469
3.895500,74.453944
3.895600,74.453727
3.895700,74.454340
3.895800,74.454867
3.895900,74.455419
3.896000,74.456625
3.896100,74.456462
3.896200,74.456897
3.896300,74.457533
3.896400,74.458378
3.896500,74.458312
3.896600,74.458912
3.896700,74.458673
3.896800,74.459732
3.896900,74.460925
3.897000,74.461131
3.897100,74.461786
3.897200,74.462773
3.897300,74.462031
3.897400,74.463580
3.897500,74.464590
3.897600,74.464465
3.897700,74.464020
3.897800,74.466358
3.897900,74.466902
3.898000,74.466962
3.898100,74.467695
3.898200,74.467668
3.898300,74.470797
3.898400,74.471270
3.898500,74.471087
3.898600,74.473881
3.898700,74.471584
3.898800,74.475978
3.898900,74.478135
3.899000,74.472207
3.899100,74.464152
3.899200,74.471459
3.899300,74.475708
3.899400,74.487102
3.899500,74.475885
3.899600,74.494720
3.899700,74.473228
3.899800,74.466705
3.899900,74.483573
3.900000,74.487806
3.900100,74.488206
3.900200,74.491787
3.900300,74.492702
3.900400,74.492800
3.900500,74.493740
3.900600,74.493999
3.900700,74.494151
3.900800,74.495557
3.900900,74.496165
3.901000,74.495354
3.901100,74.495440
3.901200,74.496444
3.901300,74.496223
3.901400,74.496925
3.901500,74.498457
3.901600,74.497877
3.901700,74.497693
3.901800,74.498968
3.901900,74.498567
3.902000,74.499873
3.902100,74.500686
3.902200,74.500343
3.902300,74.501077
3.902400,74.501762
3.902500,74.502569
3.902600,74.502666
3.902700,74.502991
3.902800,74.504078
3.902900,74.504205
3.903000,74.504492
3.903100,74.505135
3.903200,74.505515
3.903300,74.506344
3.903400,74.506790
3.903500,74.507680
3.903600,74.507955
3.903700,74.508899
3.903800,74.508864
3.903900,74.509205
3.904000,74.508400
3.904100,74.509917
3.904200,74.510762
3.904300,74.510651
3.904400,74.511773
3.904500,74.511040
3.904600,74.513585
3.904700,74.513936
3.904800,74.513608
3.904900,74.513079
3.905000,74.516083
3.905100,74.517176
3.905200,74.516184
3.905300,74.516763
3.905400,74.516857
3.905500,74.514516
3.905600,74.514931
3.905700,74.517156
3.905800,74.526089
3.905900,74.523636
3.906000,74.521208
3.906100,74.527011
3.906200,74.530998
3.906300,74.532312
3.906400,74.537712
3.906500,74.531421
3.906600,74.534796
3.906700,74.550384
3.906800,74.554835
3.906900,74.550022
3.907000,74.550431
3.907100,74.550322
3.907200,74.550218
3.907300,74.551501
3.907400,74.551712
3.907500,74.550827
3.907600,74.552638
3.907700,74.553614
3.907800,74.554326
3.907900,74.555449
3.908000,74.554649
3.908100,74.555016
3.908200,74.555326
3.908300,74.555856
3.908400,74.556649
3.908500,74.557407
3.908600,74.557780
3.908700,74.558227
3.908800,74.558857
3.908900,74.559485
3.909000,74.559937
3.909100,74.560290
3.909200,74.560628
3.909300,74.561689
3.909400,74.562269
3.909500,74.562679
3.909600,74.563085
3.909700,74.564337
3.909800,74.564057
3.909900,74.564507
3.910000,74.565199
3.910100,74.566474
3.910200,74.567085
3.910300,74.566758
3.910400,74.567169
3.910500,74.567203
3.910600,74.568608
3.910700,74.568788
3.910800,74.568520
3.910900,74.570562
3.911000,74.571182
3.911100,74.570878
3.911200,74.570608
3.911300,74.572372
3.911400,74.571647
3.911500,74.572338
3.911600,74.571522
3.911700,74.571462
3.911800,74.572592
3.911900,74.572453
3.912000,74.573121
3.912100,74.576866
3.912200,74.578955
3.912300,74.575449
3.912400,74.575358
3.912500,74.582154
3.912600,74.586537
3.912700,74.590322
3.912800,74.592675
3.912900,74.580110
3.913000,74.595853
3.913100,74.616745
3.913200,74.597165
3.913300,74.594504
3.913400,74.590890
3.913500,74.588212
3.913600,74.589222
3.913700,74.590860
3.913800,74.591093
3.913900,74.591673
3.914000,74.591101
3.914100,74.592285
3.914200,74.591713
3.914300,74.590787
3.914400,74.591147
3.914500,74.591994
3.914600,74.591850
3.914700,74.593445
3.914800,74.593634
3.914900,74.594478
3.915000,74.594772
3.915100,74.594695
3.915200,74.595502
3.915300,74.596175
3.915400,74.596273
3.915500,74.597331
3.915600,74.598149
3.915700,74.598264
3.915800,74.598844
3.915900,74.599069
3.916000,74.599387
3.916100,74.600535
3.916200,74.600715
3.916300,74.601659
3.916400,74.601556
3.916500,74.601681
3.916600,74.602454
3.916700,74.602771
3.916800,74.603348
3.916900,74.604303
3.917000,74.605116
3.917100,74.605117
3.917200,74.605558
3.917300,74.605984
3.917400,74.606831
3.917500,74.607098
3.917600,74.607753
3.917700,74.607817
3.917800,74.609173
3.917900,74.608412
3.918000,74.609790
3.918100,74.612537
3.918200,74.611678
3.918300,74.611326
3.918400,74.614897
3.918500,74.615452
3.918600,74.617148
3.918700,74.619126
3.918800,74.617043
3.918900,74.613604
3.919000,74.612536
3.919100,74.606316
3.919200,74.610719
3.919300,74.615529
3.919400,74.605626
3.919500,74.607364
3.919600,74.607650
3.919700,74.614416
3.919800,74.632442
3.919900,74.638487
3.920000,74.631676
3.920100,74.621769
3.920200,74.615462
3.920300,74.618889
3.920400,74.618546
3.920500,74.619164
3.920600,74.619573
3.920700,74.620197
3.920800,74.620140
3.920900,74.620211
3.921000,74.620689
3.921100,74.621893
3.921200,74.622799
3.921300,74.622996
3.921400,74.622511
3.921500,74.623520
3.921600,74.623829
3.921700,74.624332
3.921800,74.624378
3.921900,74.624979
3.922000,74.625704
3.922100,74.626449
3.922200,74.627063
3.922300,74.627013
3.922400,74.627891
3.922500,74.628670
3.922600,74.628378
3.922700,74.629599
3.922800,74.630111
3.922900,74.630568
3.923000,74.630257
3.923100,74.631001
3.923200,74.632396
3.923300,74.632503
3.923400,74.632851
3.923500,74.634039
3.923600,74.633989
3.923700,74.634820
3.923800,74.634658
3.923900,74.635042
3.924000,74.635942
3.924100,74.636094
3.924200,74.636234
3.924300,74.637610
3.924400,74.637937
3.924500,74.639113
3.924600,74.640314
3.924700,74.640359
3.924800,74.640477
3.924900,74.640040
3.925000,74.642519
3.925100,74.641597
3.925200,74.641039
3.925300,74.645284
3.925400,74.644334
3.925500,74.643889
3.925600,74.645017
3.925700,74.642810
3.925800,74.648331
3.925900,74.640916
3.926000,74.632486
3.926100,74.637915
3.926200,74.641492
3.926300,74.647106
3.926400,74.647520
3.926500,74.644129
3.926600,74.625876
3.926700,74.623959
3.926800,74.639014
3.926900,74.639994
3.927000,74.642130
3.927100,74.642888
3.927200,74.643965
3.927300,74.644604
3.927400,74.644735
3.927500,74.646891
3.927600,74.647217
3.927700,74.646779
3.927800,74.647678
3.927900,74.649826
3.928000,74.650671
3.928100,74.651860
3.928200,74.651685
3.928300,74.651772
3.928400,74.652484
3.928500,74.652371
3.928600,74.652774
3.928700,74.653751
3.928800,74.654178
3.928900,74.654680
3.929000,74.655437
3.929100,74.655825
3.929200,74.656463
3.929300,74.657291
3.929400,74.657795
3.929500,74.657707
3.929600,74.658360
3.929700,74.658097
3.929800,74.659035
3.929900,74.660108
3.930000,74.659987
3.930100,74.661144
3.930200,74.661733
3.930300,74.662086
3.930400,74.662326
3.930500,74.662914
3.930600,74.663372
3.930700,74.664240
3.930800,74.663872
3.930900,74.665843
3.931000,74.665873
3.931100,74.665584
3.931200,74.667585
3.931300,74.668122
3.931400,74.666647
3.931500,74.667169
3.931600,74.666529
3.931700,74.668724
3.931800,74.669522
3.931900,74.669867
3.932000,74.671777
3.932100,74.670695
3.932200,74.671311
3.932300,74.669360
3.932400,74.676232
3.932500,74.678735
3.932600,74.671583
3.932700,74.669569
3.932800,74.681083
3.932900,74.685346
3.933000,74.677600
3.933100,74.698083
3.933200,74.693725
3.933300,74.695607
3.933400,74.694986
3.933500,74.708641
3.933600,74.709126
3.933700,74.702365
3.933800,74.700999
3.933900,74.701452
3.934000,74.701990
3.934100,74.702990
3.934200,74.702204
3.934300,74.702748
3.934400,74.702720
3.934500,74.702079
3.934600,74.702451
3.934700,74.704021
3.934800,74.704607
3.934900,74.705439
3.935000,74.705408
3.935100,74.705576
3.935200,74.705906
3.935300,74.706859
3.935400,74.707382
3.935500,74.707265
3.935600,74.708344
3.935700,74.708989
3.935800,74.709385
3.935900,74.709478
3.936000,74.709789
3.936100,74.710072
3.936200,74.710813
3.936300,74.711502
3.936400,74.712107
3.936500,74.712590
3.936600,74.713464
3.936700,74.714064
3.936800,74.713576
3.936900,74.714397
3.937000,74.715009
3.937100,74.715353
3.937200,74.715945
3.937300,74.716110
3.937400,74.717293
3.937500,74.717391
3.937600,74.717635
3.937700,74.718413
3.937800,74.718413
3.937900,74.719765
3.938000,74.719319
3.938100,74.720620
3.938200,74.721217
3.938300,74.723468
3.938400,74.722913
3.938500,74.721173
3.938600,74.719423
3.938700,74.720671
3.938800,74.716847
3.938900,74.719156
3.939000,74.721295
3.939100,74.714974
3.939200,74.718921
3.939300,74.722527
3.939400,74.733778
3.939500,74.734222
3.939600,74.735633
3.939700,74.724861
3.939800,74.704601
3.939900,74.715319
3.940000,74.696406
3.940100,74.689734
3.940200,74.691449
3.940300,74.686990
3.940400,74.686494
3.940500,74.688151
3.940600,74.688330
3.940700,74.688612
3.940800,74.687706
3.940900,74.687297
3.941000,74.687250
3.941100,74.687872
3.941200,74.689881
3.941300,74.690499
3.941400,74.690132
3.941500,74.691817
3.941600,74.692105
3.941700,74.693256
3.941800,74.692673
3.941900,74.692988
3.942000,74.693401
3.942100,74.694479
3.942200,74.695079
3.942300,74.695618
3.942400,74.695919
3.942500,74.696875
3.942600,74.697327
3.942700,74.697539
3.942800,74.698106
3.942900,74.698673
3.943000,74.699557
3.943100,74.700021
3.943200,74.700524
3.943300,74.701066
3.943400,74.701366
3.943500,74.701850
3.943600,74.701567
3.943700,74.702801
3.943800,74.703527
3.943900,74.704091
3.944000,74.703829
3.944100,74.703943
3.944200,74.704655
3.944300,74.704600
3.944400,74.706659
3.944500,74.707317
3.944600,74.708543
3.944700,74.709914
3.944800,74.708940
3.944900,74.707856
3.945000,74.709282
3.945100,74.708218
3.945200,74.709491
3.945300,74.710492
3.945400,74.711733
3.945500,74.710646
3.945600,74.706267
3.945700,74.704903
3.945800,74.710196
3.945900,74.717853
3.946000,74.720039
3.946100,74.715206
3.946200,74.720379
3.946300,74.718887
3.946400,74.719982
3.946500,74.716360
3.946600,74.730417
3.946700,74.731658
3.946800,74.727391
3.946900,74.726952
3.947000,74.723335
3.947100,74.724154
3.947200,74.722629
3.947300,74.723689
3.947400,74.723904
3.947500,74.724358
3.947600,74.726353
3.947700,74.726263
3.947800,74.726713
3.947900,74.726330
3.948000,74.726656
3.948100,74.727001
3.948200,74.728255
3.948300,74.728229
3.948400,74.728545
3.948500,74.728588
3.948600,74.729042
3.948700,74.729680
3.948800,74.730862
3.948900,74.730831
3.949000,74.731516
3.949100,74.732150
3.949200,74.732643
3.949300,74.733050
3.949400,74.733655
3.949500,74.734598
3.949600,74.734724
3.949700,74.735015
3.949800,74.735402
3.949900,74.735362
3.950000,74.736770
3.950100,74.737003
3.950200,74.738202
3.950300,74.737994
3.950400,74.737940
3.950500,74.738362
3.950600,74.739330
3.950700,74.740483
3.950800,74.740575
3.950900,74.741063
3.951000,74.741967
3.951100,74.742431
3.951200,74.742297
3.951300,74.742441
3.951400,74.742484
3.951500,74.742757
3.951600,74.744402
3.951700,74.744544
3.951800,74.745313
3.951900,74.745442
3.952000,74.749165
3.952100,74.749612
3.952200,74.750128
3.952300,74.751871
3.952400,74.746778
3.952500,74.740322
3.952600,74.743788
3.952700,74.740836
3.952800,74.749717
3.952900,74.747539
3.953000,74.742716
3.953100,74.743505
3.953200,74.740037
3.953300,74.733820
3.953400,74.749619
3.953500,74.752478
3.953600,74.757691
3.953700,74.761980
3.953800,74.757564
3.953900,74.757772
3.954000,74.758359
3.954100,74.758973
3.954200,74.760508
3.954300,74.761518
3.954400,74.762563
3.954500,74.763126
3.954600,74.765413
3.954700,74.765679
3.954800,74.765949
3.954900,74.766432
3.955000,74.766393
3.955100,74.767170
3.955200,74.767821
3.955300,74.767769
3.955400,74.768377
3.955500,74.769460
3.955600,74.769777
3.955700,74.769898
3.955800,74.770218
3.955900,74.771163
3.956000,74.771381
3.956100,74.771743
3.956200,74.772634
3.956300,74.773863
3.956400,74.773834
3.956500,74.773974
3.956600,74.773912
3.956700,74.775289
3.956800,74.775562
3.956900,74.775627
3.957000,74.776522
3.957100,74.776231
3.957200,74.777806
3.957300,74.777586
3.957400,74.777518
3.957500,74.778686
3.957600,74.779340
3.957700,74.780227
3.957800,74.780864
3.957900,74.781483
3.958000,74.781831
3.958100,74.782113
3.958200,74.784669
3.958300,74.784846
3.958400,74.786206
3.958500,74.785588
3.958600,74.787194
3.958700,74.785499
3.958800,74.787432
3.958900,74.786501
3.959000,74.786336
3.959100,74.789309
3.959200,74.789547
3.959300,74.783545
3.959400,74.784247
3.959500,74.786705
3.959600,74.796903
3.959700,74.794843
3.959800,74.779747
3.959900,74.781672
3.960000,74.777597
3.960100,74.783956
3.960200,74.778335
3.960300,74.781693
3.960400,74.774231
3.960500,74.774489
3.960600,74.776026
3.960700,74.776557
3.960800,74.776700
3.960900,74.776567
3.961000,74.777182
3.961100,74.777981
3.961200,74.778330
3.961300,74.779163
3.961400,74.778529
3.961500,74.778467
3.961600,74.780169
3.961700,74.779911
3.961800,74.780267
3.961900,74.781600
3.962000,74.781387
3.962100,74.782167
3.962200,74.782207
3.962300,74.783089
3.962400,74.783561
3.962500,74.783833
3.962600,74.784181
3.962700,74.784710
3.962800,74.785301
3.962900,74.785994
3.963000,74.786152
3.963100,74.786487
3.963200,74.787198
3.963300,74.788138
3.963400,74.788812
3.963500,74.789609
3.963600,74.790381
3.963700,74.791086
3.963800,74.790549
3.963900,74.791499
3.964000,74.791705
3.964100,74.792805
3.964200,74.793568
3.964300,74.793677
3.964400,74.793878
3.964500,74.793605
3.964600,74.793915
3.964700,74.794650
3.964800,74.794329
3.964900,74.793550
3.965000,74.796510
3.965100,74.798580
3.965200,74.798345
3.965300,74.800892
3.965400,74.799618
3.965500,74.800106
3.965600,74.798206
3.965700,74.797415
3.965800,74.796108
3.965900,74.802687
3.966000,74.805366
3.966100,74.797645
3.966200,74.805330
3.966300,74.803586
3.966400,74.797980
3.966500,74.796278
3.966600,74.807023
3.966700,74.785474
3.966800,74.789485
3.966900,74.786243
3.967000,74.788509
3.967100,74.790142
3.967200,74.793459
3.967300,74.792525
3.967400,74.792818
3.967500,74.792254
3.967600,74.793847
3.967700,74.794170
3.967800,74.794133
3.967900,74.794087
3.968000,74.794532
3.968100,74.796486
3.968200,74.797360
3.968300,74.798100
3.968400,74.797857
3.968500,74.798659
3.968600,74.798803
3.968700,74.799135
3.968800,74.800334
3.968900,74.800695
3.969000,74.801587
3.969100,74.801377
3.969200,74.802199
3.969300,74.802571
3.969400,74.803125
3.969500,74.804025
3.969600,74.804121
3.969700,74.804142
3.969800,74.805194
3.969900,74.805314
3.970000,74.805911
3.970100,74.805993
3.970200,74.806909
3.970300,74.807306
3.970400,74.808009
3.970500,74.808556
3.970600,74.808925
3.970700,74.809339
3.970800,74.810060
3.970900,74.810413
3.971000,74.810156
3.971100,74.812138
3.971200,74.811766
3.971300,74.811496
3.971400,74.811705
3.971500,74.813845
3.971600,74.814459
3.971700,74.814202
3.971800,74.815806
3.971900,74.815608
3.972000,74.816202
3.972100,74.816875
3.972200,74.816737
3.972300,74.820002
3.972400,74.821515
3.972500,74.824726
3.972600,74.822421
3.972700,74.823256
3.972800,74.830948
3.972900,74.842987
3.973000,74.845212
3.973100,74.839998
3.973200,74.846703
3.973300,74.853075
3.973400,74.863712
3.973500,74.867696
3.973600,74.867925
3.973700,74.879248
3.973800,74.877137
3.973900,74.881132
3.974000,74.882806
3.974100,74.883537
3.974200,74.885307
3.974300,74.885131
3.974400,74.886699
3.974500,74.887297
3.974600,74.888053
3.974700,74.888055
3.974800,74.888768
3.974900,74.888861
3.975000,74.888390
3.975100,74.889061
3.975200,74.890540
3.975300,74.890236
3.975400,74.891470
3.975500,74.891450
3.975600,74.891838
3.975700,74.892660
3.975800,74.893035
3.975900,74.893469
3.976000,74.893509
3.976100,74.894771
3.976200,74.895012
3.976300,74.895528
3.976400,74.896348
3.976500,74.896741
3.976600,74.897322
3.976700,74.897111
3.976800,74.898246
3.976900,74.899028
3.977000,74.898929
3.977100,74.900232
3.977200,74.900948
3.977300,74.900991
3.977400,74.900829
3.977500,74.901894
3.977600,74.901160
3.977700,74.902062
3.977800,74.903206
3.977900,74.904242
3.978000,74.904661
3.978100,74.905015
3.978200,74.905644
3.978300,74.904634
3.978400,74.906616
3.978500,74.906795
3.978600,74.908896
3.978700,74.909222
3.978800,74.909452
3.978900,74.907282
3.979000,74.911617
3.979100,74.914118
3.979200,74.918099
3.979300,74.915061
3.979400,74.909872
3.979500,74.912333
3.979600,74.914843
3.979700,74.906949
3.979800,74.895448
3.979900,74.887843
3.980000,74.889137
3.980100,74.910805
3.980200,74.908556
3.980300,74.899784
3.980400,74.899239
3.980500,74.902195
3.980600,74.903838
3.980700,74.903814
3.980800,74.904655
3.980900,74.904260
3.981000,74.903365
3.981100,74.903416
3.981200,74.903384
3.981300,74.904550
3.981400,74.904552
3.981500,74.905154
3.981600,74.906357
3.981700,74.906972
3.981800,74.907171
3.981900,74.907793
3.982000,74.908034
3.982100,74.907736
3.982200,74.908722
3.982300,74.909334
3.982400,74.910244
3.982500,74.910498
3.982600,74.911623
3.982700,74.912034
3.982800,74.911950
3.982900,74.912838
3.983000,74.913434
3.983100,74.913864
3.983200,74.913577
3.983300,74.914983
3.983400,74.915306
3.983500,74.915319
3.983600,74.915758
3.983700,74.916284
3.983800,74.916890
3.983900,74.917988
3.984000,74.918158
3.984100,74.918937
3.984200,74.920156
3.984300,74.919904
3.984400,74.920269
3.984500,74.922241
3.984600,74.921819
3.984700,74.921984
3.984800,74.921962
3.984900,74.922887
3.985000,74.924296
3.985100,74.925514
3.985200,74.923858
3.985300,74.926586
3.985400,74.928838
3.985500,74.927918
3.985600,74.929362
3.985700,74.928950
3.985800,74.934858
3.985900,74.934436
3.986000,74.934133
3.986100,74.934449
3.986200,74.942417
3.986300,74.935459
3.986400,74.932750
3.986500,74.926298
3.986600,74.914417
3.986700,74.914329
3.986800,74.925085
3.986900,74.944646
3.987000,74.939136
3.987100,74.948732
3.987200,74.956454
3.987300,74.953496
3.987400,74.953218
3.987500,74.953645
3.987600,74.953903
3.987700,74.955301
3.987800,74.956342
3.987900,74.956567
3.988000,74.956913
3.988100,74.957412
3.988200,74.957930
3.988300,74.958796
3.988400,74.959811
3.988500,74.959506
3.988600,74.959963
3.988700,74.960456
3.988800,74.961299
3.988900,74.961974
3.989000,74.961915
3.989100,74.962949
3.989200,74.962851
3.989300,74.963794
3.989400,74.964496
3.989500,74.964208
3.989600,74.964944
3.989700,74.965771
3.989800,74.965899
3.989900,74.966544
3.990000,74.966898
3.990100,74.967107
3.990200,74.967850
3.990300,74.968566
3.990400,74.969515
3.990500,74.970073
3.990600,74.970078
3.990700,74.970902
3.990800,74.971076
3.990900,74.971939
3.991000,74.972116
3.991100,74.973383
3.991200,74.973570
3.991300,74.974158
3.991400,74.973471
3.991500,74.975779
3.991600,74.975629
3.991700,74.975989
3.991800,74.975671
3.991900,74.978270
3.992000,74.977823
3.992100,74.980335
3.992200,74.978626
3.992300,74.978494
3.992400,74.975938
3.992500,74.982747
3.992600,74.980193
3.992700,74.973476
3.992800,74.971147
3.992900,74.979014
3.993000,74.978292
3.993100,74.967369
3.993200,74.970818
3.993300,74.973195
3.993400,74.967752
3.993500,74.966395
3.993600,74.968560
3.993700,74.966846
3.993800,74.967518
3.993900,74.967411
3.994000,74.969577
3.994100,74.970076
3.994200,74.971115
3.994300,74.972024
3.994400,74.972245
3.994500,74.972519
3.994600,74.973279
3.994700,74.974139
3.994800,74.976189
3.994900,74.975255
3.995000,74.975970
3.995100,74.975947
3.995200,74.976458
3.995300,74.976777
3.995400,74.977290
3.995500,74.977667
3.995600,74.978597
3.995700,74.978260
3.995800,74.979014
3.995900,74.980312
3.996000,74.980817
3.996100,74.981107
3.996200,74.981660
3.996300,74.982640
3.996400,74.982811
3.996500,74.983113
3.996600,74.984023
3.996700,74.984291
3.996800,74.984855
3.996900,74.985536
3.997000,74.986103
3.997100,74.986107
3.997200,74.987243
3.997300,74.988437
3.997400,74.989040
3.997500,74.988809
3.997600,74.989251
3.997700,74.989404
3.997800,74.989128
3.997900,74.990872
3.998000,74.990133
3.998100,74.990054
3.998200,74.991065
3.998300,74.992603
3.998400,74.994043
3.998500,74.992548
3.998600,74.994278
3.998700,74.995047
3.998800,74.996116
3.998900,74.997887
3.999000,74.999926
3.999100,74.998198
3.999200,74.993976
3.999300,74.990256
3.999400,74.994623
3.999500,74.993232
3.999600,75.001707
3.999700,75.012398
3.999800,75.028133
3.999900,75.028288
4.000000,75.013526
4.000100,75.022470
4.000200,75.007293
4.000300,75.011377
4.000400,75.011801
4.000500,75.007678
4.000600,75.010568
4.000700,75.009851
4.000800,75.010288
4.000900,75.010192
4.001000,75.008876
4.001100,75.009151
4.001200,75.009194
4.001300,75.009012
4.001400,75.008923
4.001500,75.010239
4.001600,75.011030
4.001700,75.010883
4.001800,75.012492
4.001900,75.013257
4.002000,75.014090
4.002100,75.013596
4.002200,75.013901
4.002300,75.014728
4.002400,75.015482
4.002500,75.015333
4.002600,75.015940
4.002700,75.016220
4.002800,75.016488
4.002900,75.016869
4.003000,75.017886
4.003100,75.018195
4.003200,75.019034
4.003300,75.019790
4.003400,75.019953
4.003500,75.019887
4.003600,75.020943
4.003700,75.021438
4.003800,75.022241
4.003900,75.022592
4.004000,75.023051
4.004100,75.023507
4.004200,75.023001
4.004300,75.023587
4.004400,75.024643
4.004500,75.025526
4.004600,75.025922
4.004700,75.025818
4.004800,75.027189
4.004900,75.027192
4.005000,75.028200
4.005100,75.029353
4.005200,75.029722
4.005300,75.030806
4.005400,75.029986
4.005500,75.033415
4.005600,75.033214
4.005700,75.033277
4.005800,75.031268
4.005900,75.033278
4.006000,75.030404
4.006100,75.031577
4.006200,75.040247
4.006300,75.044349
4.006400,75.040102
4.006500,75.027710
4.006600,75.031799
4.006700,75.030778
4.006800,75.024422
4.006900,75.013749
4.007000,75.024963
4.007100,75.027719
4.007200,75.030883
4.007300,75.030574
4.007400,75.030968
4.007500,75.031473
4.007600,75.030461
4.007700,75.031342
4.007800,75.032501
4.007900,75.031112
4.008000,75.032373
4.008100,75.033123
4.008200,75.034285
4.008300,75.034675
4.008400,75.035368
4.008500,75.036308
4.008600,75.037308
4.008700,75.037715
4.008800,75.037757
4.008900,75.038105
4.009000,75.038325
4.009100,75.038831
4.009200,75.039270
4.009300,75.040379
4.009400,75.040757
4.009500,75.040966
4.009600,75.041963
4.009700,75.042197
4.009800,75.042454
4.009900,75.043315
4.010000,75.044446
4.010100,75.044317
4.010200,75.044700
4.010300,75.045488
4.010400,75.046106
4.010500,75.046252
4.010600,75.046522
4.010700,75.047512
4.010800,75.048294
4.010900,75.047577
4.011000,75.048939
4.011100,75.049418
4.011200,75.049863
4.011300,75.050497
4.011400,75.051966
4.011500,75.052618
4.011600,75.052573
4.011700,75.052900
4.011800,75.053359
4.011900,75.055174
4.012000,75.055322
4.012100,75.054368
4.012200,75.058753
4.012300,75.060066
4.012400,75.061820
4.012500,75.060706
4.012600,75.060554
4.012700,75.062715
4.012800,75.054611
4.012900,75.049611
4.013000,75.060428
4.013100,75.063135
4.013200,75.078080
4.013300,75.100235
4.013400,75.080663
4.013500,75.086890
4.013600,75.085028
4.013700,75.090463
4.013800,75.097653
4.013900,75.100320
4.014000,75.099939
4.014100,75.100851
4.014200,75.100701
4.014300,75.099350
4.014400,75.101530
4.014500,75.103219
4.014600,75.103154
4.014700,75.103861
4.014800,75.103295
4.014900,75.104049
4.015000,75.104416
4.015100,75.104897
4.015200,75.105254
4.015300,75.105501
4.015400,75.105972
4.015500,75.107116
4.015600,75.107687
4.015700,75.108237
4.015800,75.109254
4.015900,75.109310
4.016000,75.110111
4.016100,75.110302
4.016200,75.111375
4.016300,75.111096
4.016400,75.111571
4.016500,75.112382
4.016600,75.112449
4.016700,75.113204
4.016800,75.113431
4.016900,75.114076
4.017000,75.114011
4.017100,75.115383
4.017200,75.115969
4.017300,75.116431
4.017400,75.116898
4.017500,75.117364
4.017600,75.117554
4.017700,75.118115
4.017800,75.118746
4.017900,75.119909
4.018000,75.120556
4.018100,75.120367
4.018200,75.121947
4.018300,75.122044
4.018400,75.120812
4.018500,75.121041
4.018600,75.120797
4.018700,75.122780
4.018800,75.121060
4.018900,75.124316
4.019000,75.126570
4.019100,75.128671
4.019200,75.125774
4.019300,75.124030
4.019400,75.122144
4.019500,75.129709
4.019600,75.140498
4.019700,75.156348
4.019800,75.146777
4.019900,75.138935
4.020000,75.132588
4.020100,75.137256
4.020200,75.119269
4.020300,75.118104
4.020400,75.123656
4.020500,75.126573
4.020600,75.129773
4.020700,75.129950
4.020800,75.131124
4.020900,75.131107
4.021000,75.130458
4.021100,75.131517
4.021200,75.130590
4.021300,75.132276
4.021400,75.131932
4.021500,75.133030
4.021600,75.133666
4.021700,75.135006
4.021800,75.135108
4.021900,75.135664
4.022000,75.136073
4.022100,75.135800
4.022200,75.136765
4.022300,75.136966
4.022400,75.137460
4.022500,75.138486
4.022600,75.138691
4.022700,75.139417
4.022800,75.139598
4.022900,75.140421
4.023000,75.140953
4.023100,75.141269
4.023200,75.142167
4.023300,75.142071
4.023400,75.142482
4.023500,75.143101
4.023600,75.143322
4.023700,75.144226
4.023800,75.144152
4.023900,75.144546
4.024000,75.144680
4.024100,75.146397
4.024200,75.145984
4.024300,75.145949
4.024400,75.147346
4.024500,75.149142
4.024600,75.148925
4.024700,75.149749
4.024800,75.150270
4.024900,75.149756
4.025000,75.151179
4.025100,75.151262
4.025200,75.151392
4.025300,75.152323
4.025400,75.153048
4.025500,75.149984
4.025600,75.152486
4.025700,75.148501
4.025800,75.152077
4.025900,75.156402
4.026000,75.156440
4.026100,75.165011
4.026200,75.167400
4.026300,75.157594
4.026400,75.160087
4.026500,75.156491
4.026600,75.152697
4.026700,75.162352
4.026800,75.144851
4.026900,75.140764
4.027000,75.127887
4.027100,75.135462
4.027200,75.132531
4.027300,75.133290
4.027400,75.133973
4.027500,75.133942
4.027600,75.134930
4.027700,75.134069
4.027800,75.134276
4.027900,75.134289
4.028000,75.133838
4.028100,75.135517
4.028200,75.135734
4.028300,75.136906
4.028400,75.136626
4.028500,75.136288
4.028600,75.137331
4.028700,75.137806
4.028800,75.139223
4.028900,75.139541
4.029000,75.139878
4.029100,75.140454
4.029200,75.140881
4.029300,75.141558
4.029400,75.142169
4.029500,75.142370
4.029600,75.142570
4.029700,75.143229
4.029800,75.143934
4.029900,75.144567
4.030000,75.144510
4.030100,75.145260
4.030200,75.146209
4.030300,75.146640
4.030400,75.146605
4.030500,75.147075
4.030600,75.147542
4.030700,75.148040
4.030800,75.148626
4.030900,75.149217
4.031000,75.149532
4.031100,75.150526
4.031200,75.150919
4.031300,75.151862
4.031400,75.151289
4.031500,75.153840
4.031600,75.154438
4.031700,75.155285
4.031800,75.153231
4.031900,75.156188
4.032000,75.154911
4.032100,75.158014
4.032200,75.158241
4.032300,75.154089
4.032400,75.156165
4.032500,75.158126
4.032600,75.165132
4.032700,75.163811
4.032800,75.156652
4.032900,75.158526
4.033000,75.144808
4.033100,75.145794
4.033200,75.137663
4.033300,75.146309
4.033400,75.160956
4.033500,75.181158
4.033600,75.174606
4.033700,75.171388
4.033800,75.174090
4.033900,75.174031
4.034000,75.174580
4.034100,75.175509
4.034200,75.176160
4.034300,75.177958
4.034400,75.179248
4.034500,75.177751
4.034600,75.177673
4.034700,75.178771
4.034800,75.179191
4.034900,75.179702
4.035000,75.179894
4.035100,75.180451
4.035200,75.181141
4.035300,75.181741
4.035400,75.181714
4.035500,75.182058
4.035600,75.183074
4.035700,75.183539
4.035800,75.184019
4.035900,75.184703
4.036000,75.184699
4.036100,75.185375
4.036200,75.186063
4.036300,75.186197
4.036400,75.187015
4.036500,75.187397
4.036600,75.187587
4.036700,75.188258
4.036800,75.189012
4.036900,75.189543
4.037000,75.189649
4.037100,75.190316
4.037200,75.190516
4.037300,75.191492
4.037400,75.191866
4.037500,75.191875
4.037600,75.193224
4.037700,75.194395
4.037800,75.194334
4.037900,75.194482
4.038000,75.195299
4.038100,75.195599
4.038200,75.195541
4.038300,75.197433
4.038400,75.198107
4.038500,75.198453
4.038600,75.196151
4.038700,75.196786
4.038800,75.198808
4.038900,75.201798
4.039000,75.202680
4.039100,75.202649
4.039200,75.202028
4.039300,75.207097
4.039400,75.210094
4.039500,75.208852
4.039600,75.206268
4.039700,75.217425
4.039800,75.209068
4.039900,75.216853
4.040000,75.214320
4.040100,75.223334
4.040200,75.225068
4.040300,75.219389
4.040400,75.212982
4.040500,75.218215
4.040600,75.217511
4.040700,75.218004
4.040800,75.218604
4.040900,75.217401
4.041000,75.217296
4.041100,75.218139
4.041200,75.219220
4.041300,75.218943
4.041400,75.220402
4.041500,75.220249
4.041600,75.220870
4.041700,75.221377
4.041800,75.221481
4.041900,75.221847
4.042000,75.222072
4.042100,75.223196
4.042200,75.223049
4.042300,75.223687
4.042400,75.224460
4.042500,75.225075
4.042600,75.225323
4.042700,75.225746
4.042800,75.226582
4.042900,75.226814
4.043000,75.227229
4.043100,75.227886
4.043200,75.228527
4.043300,75.229377
4.043400,75.229614
4.043500,75.230799
4.043600,75.230607
4.043700,75.230767
4.043800,75.231409
4.043900,75.232227
4.044000,75.232480
4.044100,75.232550
4.044200,75.233304
4.044300,75.233576
4.044400,75.233845
4.044500,75.234342
4.044600,75.235249
4.044700,75.235767
4.044800,75.236059
4.044900,75.235773
4.045000,75.236937
4.045100,75.235700
4.045200,75.238508
4.045300,75.241788
4.045400,75.240449
4.045500,75.239790
4.045600,75.243003
4.045700,75.245330
4.045800,75.245062
4.045900,75.242704
4.046000,75.237909
4.046100,75.234282
4.046200,75.228941
4.046300,75.244327
4.046400,75.229897
4.046500,75.223893
4.046600,75.212572
4.046700,75.194549
4.046800,75.211668
4.046900,75.210200
4.047000,75.201554
4.047100,75.199008
4.047200,75.199304
4.047300,75.200174
4.047400,75.200606
4.047500,75.200846
4.047600,75.201461
4.047700,75.201921
4.047800,75.200687
4.047900,75.201053
4.048000,75.201677
4.048100,75.202080
4.048200,75.202960
4.048300,75.202939
4.048400,75.203234
4.048500,75.204073
4.048600,75.204945
4.048700,75.205206
4.048800,75.205413
4.048900,75.206266
4.049000,75.207121
4.049100,75.207053
4.049200,75.207391
4.049300,75.208091
4.049400,75.208363
4.049500,75.209101
4.049600,75.209262
4.049700,75.210315
4.049800,75.210501
4.049900,75.210628
4.050000,75.211072
4.050100,75.212203
4.050200,75.212313
4.050300,75.213038
4.050400,75.212979
4.050500,75.213619
4.050600,75.214568
4.050700,75.214980
4.050800,75.215568
4.050900,75.216422
4.051000,75.216748
4.051100,75.217917
4.051200,75.218451
4.051300,75.218192
4.051400,75.217369
4.051500,75.218547
4.051600,75.218458
4.051700,75.219073
4.051800,75.220845
4.051900,75.218481
4.052000,75.220578
4.052100,75.224734
4.052200,75.228322
4.052300,75.228032
4.052400,75.223999
4.052500,75.231173
4.052600,75.227404
4.052700,75.230310
4.052800,75.229449
4.052900,75.226877
4.053000,75.211597
4.053100,75.222140
4.053200,75.230206
4.053300,75.209258
4.053400,75.214447
4.053500,75.204521
4.053600,75.216821
4.053700,75.215627
4.053800,75.213946
4.053900,75.214814
4.054000,75.215140
4.054100,75.214878
4.054200,75.215914
4.054300,75.218020
4.054400,75.218047
4.054500,75.219282
4.054600,75.218696
4.054700,75.219408
4.054800,75.219770
4.054900,75.220588
4.055000,75.221436
4.055100,75.221227
4.055200,75.221273
4.055300,75.222318
4.055400,75.222478
4.055500,75.223105
4.055600,75.223899
4.055700,75.224555
4.055800,75.224897
4.055900,75.225419
4.056000,75.225764
4.056100,75.226151
4.056200,75.226309
4.056300,75.226778
4.056400,75.227827
4.056500,75.228205
4.056600,75.228878
4.056700,75.229715
4.056800,75.229692
4.056900,75.229734
4.057000,75.230364
4.057100,75.231574
4.057200,75.231491
4.057300,75.232699
4.057400,75.232916
4.057500,75.233242
4.057600,75.233811
4.057700,75.233945
4.057800,75.234386
4.057900,75.235029
4.058000,75.234947
4.058100,75.235845
4.058200,75.236451
4.058300,75.235505
4.058400,75.238563
4.058500,75.237346
4.058600,75.241025
4.058700,75.243458
4.058800,75.243739
4.058900,75.242179
4.059000,75.243740
4.059100,75.243766
4.059200,75.237966
4.059300,75.245838
4.059400,75.250941
4.059500,75.261149
4.059600,75.259765
4.059700,75.260140
4.059800,75.276225
4.059900,75.267537
4.060000,75.288290
4.060100,75.290138
4.060200,75.298898
4.060300,75.307284
4.060400,75.306065
4.060500,75.304819
4.060600,75.305728
4.060700,75.307023
4.060800,75.307232
4.060900,75.309763
4.061000,75.309218
4.061100,75.308085
4.061200,75.307435
4.061300,75.309112
4.061400,75.310020
4.061500,75.310684
4.061600,75.311226
4.061700,75.311951
4.061800,75.312533
4.061900,75.312085
4.062000,75.313181
4.062100,75.313425
4.062200,75.314469
4.062300,75.314502
4.062400,75.315208
4.062500,75.315479
4.062600,75.316128
4.062700,75.316774
4.062800,75.317405
4.062900,75.317516
4.063000,75.317906
4.063100,75.318251
4.063200,75.318937
4.063300,75.319343
4.063400,75.319669
4.063500,75.320539
4.063600,75.320944
4.063700,75.321308
4.063800,75.321786
4.063900,75.322258
4.064000,75.322370
4.064100,75.323039
4.064200,75.323824
4.064300,75.324370
4.064400,75.324758
4.064500,75.325106
4.064600,75.325473
4.064700,75.326860
4.064800,75.327621
4.064900,75.329186
4.065000,75.328867
4.065100,75.330453
4.065200,75.328785
4.065300,75.327895
4.065400,75.329437
4.065500,75.330104
4.065600,75.331601
4.065700,75.333000
4.065800,75.333388
4.065900,75.329897
4.066000,75.339723
4.066100,75.340057
4.066200,75.343198
4.066300,75.351410
4.066400,75.348258
4.066500,75.368408
4.066600,75.386768
4.066700,75.399840
4.066800,75.384477
4.066900,75.377812
4.067000,75.375823
4.067100,75.376312
4.067200,75.377634
4.067300,75.378449
4.067400,75.378375
4.067500,75.377876
4.067600,75.377033
4.067700,75.377331
4.067800,75.378872
4.067900,75.378068
4.068000,75.379385
4.068100,75.379555
4.068200,75.379134
4.068300,75.380031
4.068400,75.380763
4.068500,75.381368
4.068600,75.382308
4.068700,75.382570
4.068800,75.383262
4.068900,75.383933
4.069000,75.384233
4.069100,75.385050
4.069200,75.385364
4.069300,75.385378
4.069400,75.386129
4.069500,75.386940
4.069600,75.387375
4.069700,75.387948
4.069800,75.388088
4.069900,75.388705
4.070000,75.389600
4.070100,75.389489
4.070200,75.390094
4.070300,75.390589
4.070400,75.391305
4.070500,75.391327
4.070600,75.392265
4.070700,75.393180
4.070800,75.393992
4.070900,75.393803
4.071000,75.394390
4.071100,75.395272
4.071200,75.395453
4.071300,75.395593
4.071400,75.396615
4.071500,75.398502
4.071600,75.398988
4.071700,75.398215
4.071800,75.396764
4.071900,75.396872
4.072000,75.398246
4.072100,75.398048
4.072200,75.399917
4.072300,75.400003
4.072400,75.395194
4.072500,75.393526
4.072600,75.393747
4.072700,75.400492
4.072800,75.394951
4.072900,75.412175
4.073000,75.423562
4.073100,75.412989
4.073200,75.436197
4.073300,75.451410
4.073400,75.437090
4.073500,75.444872
4.073600,75.439648
4.073700,75.437652
4.073800,75.437987
4.073900,75.438822
4.074000,75.438659
4.074100,75.438213
4.074200,75.439515
4.074300,75.440067
4.074400,75.439883
4.074500,75.441246
4.074600,75.441081
4.074700,75.441974
4.074800,75.442742
4.074900,75.443879
4.075000,75.443461
4.075100,75.443736
4.075200,75.444141
4.075300,75.444688
4.075400,75.444715
4.075500,75.445451
4.075600,75.446361
4.075700,75.446558
4.075800,75.447531
4.075900,75.447911
4.076000,75.448636
4.076100,75.449472
4.076200,75.449940
4.076300,75.449926
4.076400,75.450425
4.076500,75.451508
4.076600,75.451587
4.076700,75.452122
4.076800,75.452646
4.076900,75.453123
4.077000,75.453106
4.077100,75.453610
4.077200,75.454411
4.077300,75.454643
4.077400,75.455218
4.077500,75.454706
4.077600,75.455130
4.077700,75.457188
4.077800,75.458308
4.077900,75.459835
4.078000,75.460416
4.078100,75.460345
4.078200,75.460449
4.078300,75.458687
4.078400,75.461415
4.078500,75.461725
4.078600,75.462072
4.078700,75.464006
4.078800,75.463573
4.078900,75.461226
4.079000,75.460544
4.079100,75.461039
4.079200,75.460356
4.079300,75.453866
4.079400,75.453236
4.079500,75.450810
4.079600,75.450588
4.079700,75.444163
4.079800,75.422906
4.079900,75.402128
4.080000,75.400628
4.080100,75.397337
4.080200,75.395493
4.080300,75.394981
4.080400,75.397601
4.080500,75.397900
4.080600,75.398634
4.080700,75.398359
4.080800,75.399148
4.080900,75.397780
4.081000,75.399106
4.081100,75.398512
4.081200,75.398920
4.081300,75.399982
4.081400,75.401168
4.081500,75.401048
4.081600,75.401404
4.081700,75.401310
4.081800,75.402025
4.081900,75.402653
4.082000,75.402818
4.082100,75.403696
4.082200,75.404133
4.082300,75.404351
4.082400,75.404807
4.082500,75.405719
4.082600,75.405890
4.082700,75.406644
4.082800,75.406876
4.082900,75.407592
4.083000,75.408109
4.083100,75.408947
4.083200,75.408881
4.083300,75.409883
4.083400,75.409997
4.083500,75.410649
4.083600,75.411473
4.083700,75.411580
4.083800,75.411904
4.083900,75.413114
4.084000,75.412787
4.084100,75.413611
4.084200,75.414143
4.084300,75.415247
4.084400,75.415337
4.084500,75.415962
4.084600,75.414643
4.084700,75.414527
4.084800,75.413936
4.084900,75.416711
4.085000,75.416625
4.085100,75.418374
4.085200,75.418923
4.085300,75.421361
4.085400,75.420041
4.085500,75.418420
4.085600,75.423204
4.085700,75.422340
4.085800,75.421814
4.085900,75.431001
4.086000,75.432922
4.086100,75.441833
4.086200,75.441616
4.086300,75.435547
4.086400,75.456266
4.086500,75.439920
4.086600,75.442133
4.086700,75.446682
4.086800,75.444766
4.086900,75.451618
4.087000,75.451249
4.087100,75.451465
4.087200,75.452541
4.087300,75.452219
4.087400,75.452559
4.087500,75.452045
4.087600,75.452185
4.087700,75.453158
4.087800,75.454772
4.087900,75.454215
4.088000,75.455242
4.088100,75.456251
4.088200,75.456350
4.088300,75.457332
4.088400,75.456986
4.088500,75.457607
4.088600,75.458449
4.088700,75.458535
4.088800,75.459023
4.088900,75.459711
4.089000,75.460091
4.089100,75.460325
4.089200,75.460945
4.089300,75.461550
4.089400,75.462076
4.089500,75.462676
4.089600,75.463198
4.089700,75.463440
4.089800,75.464098
4.089900,75.464802
4.090000,75.465587
4.090100,75.465531
4.090200,75.465873
4.090300,75.466291
4.090400,75.466473
4.090500,75.467117
4.090600,75.467766
4.090700,75.468601
4.090800,75.467717
4.090900,75.468981
4.091000,75.468935
4.091100,75.470467
4.091200,75.471056
4.091300,75.471265
4.091400,75.471132
4.091500,75.472290
4.091600,75.473690
4.091700,75.471738
4.091800,75.473585
4.091900,75.473540
4.092000,75.474347
4.092100,75.475510
4.092200,75.479494
4.092300,75.479299
4.092400,75.476967
4.092500,75.469297
4.092600,75.468815
4.092700,75.471535
4.092800,75.472816
4.092900,75.473128
4.093000,75.464982
4.093100,75.444712
4.093200,75.435565
4.093300,75.424424
4.093400,75.434503
4.093500,75.434650
4.093600,75.434519
4.093700,75.434669
4.093800,75.435113
4.093900,75.435004
4.094000,75.436012
4.094100,75.435405
4.094200,75.435998
4.094300,75.435287
4.094400,75.436076
4.094500,75.437598
4.094600,75.438911
4.094700,75.438727
4.094800,75.438555
4.094900,75.438799
4.095000,75.439426
4.095100,75.440159
4.095200,75.440809
4.095300,75.441387
4.095400,75.441699
4.095500,75.442369
4.095600,75.442367
4.095700,75.443340
4.095800,75.443800
4.095900,75.444441
4.096000,75.445049
4.096100,75.444894
4.096200,75.445439
4.096300,75.446217
4.096400,75.446957
4.096500,75.447410
4.096600,75.447571
4.096700,75.447580
4.096800,75.448401
4.096900,75.449877
4.097000,75.450285
4.097100,75.450149
4.097200,75.449495
4.097300,75.450189
4.097400,75.451203
4.097500,75.452528
4.097600,75.452914
4.097700,75.453469
4.097800,75.453165
4.097900,75.455259
4.098000,75.455787
4.098100,75.454134
4.098200,75.452706
4.098300,75.455059
4.098400,75.457315
4.098500,75.458200
4.098600,75.460525
4.098700,75.460869
4.098800,75.463294
4.098900,75.458435
4.099000,75.459098
4.099100,75.461969
4.099200,75.464452
4.099300,75.455618
4.099400,75.463971
4.099500,75.457623
4.099600,75.449220
4.099700,75.442883
4.099800,75.440973
4.099900,75.445407
4.100000,75.453421
4.100100,75.453680
4.100200,75.458661
4.100300,75.459276
4.100400,75.459674
4.100500,75.458990
4.100600,75.459663
4.100700,75.460668
4.100800,75.462997
4.100900,75.463363
4.101000,75.463383
4.101100,75.463318
4.101200,75.463698
4.101300,75.464898
4.101400,75.466506
4.101500,75.466386
4.101600,75.466205
4.101700,75.467349
4.101800,75.468028
4.101900,75.467826
4.102000,75.468262
4.102100,75.469424
4.102200,75.469150
4.102300,75.470000
4.102400,75.470553
4.102500,75.470906
4.102600,75.471380
4.102700,75.472025
4.102800,75.472552
4.102900,75.473231
4.103000,75.473758
4.103100,75.474296
4.103200,75.474554
4.103300,75.474999
4.103400,75.475260
4.103500,75.475644
4.103600,75.476958
4.103700,75.477122
4.103800,75.477437
4.103900,75.478494
4.104000,75.478445
4.104100,75.478822
4.104200,75.478864
4.104300,75.479798
4.104400,75.480911
4.104500,75.481883
4.104600,75.482071
4.104700,75.481127
4.104800,75.482802
4.104900,75.481946
4.105000,75.481506
4.105100,75.484023
4.105200,75.488159
4.105300,75.489988
4.105400,75.495339
4.105500,75.492282
4.105600,75.490556
4.105700,75.492594
4.105800,75.502414
4.105900,75.495429
4.106000,75.492712
4.106100,75.490138
4.106200,75.508610
4.106300,75.529519
4.106400,75.531693
4.106500,75.513031
4.106600,75.513509
4.106700,75.519305
4.106800,75.522415
4.106900,75.521276
4.107000,75.522229
4.107100,75.522946
4.107200,75.521930
4.107300,75.520679
4.107400,75.522172
4.107500,75.522766
4.107600,75.524502
4.107700,75.525153
4.107800,75.526141
4.107900,75.526865
4.108000,75.526198
4.108100,75.527559
4.108200,75.527352
4.108300,75.527546
4.108400,75.528313
4.108500,75.528807
4.108600,75.528989
4.108700,75.529439
4.108800,75.529711
4.108900,75.530388
4.109000,75.530829
4.109100,75.531442
4.109200,75.532474
4.109300,75.532727
4.109400,75.532722
4.109500,75.532755
4.109600,75.533993
4.109700,75.534062
4.109800,75.535107
4.109900,75.535764
4.110000,75.535619
4.110100,75.537190
4.110200,75.536736
4.110300,75.537170
4.110400,75.538234
4.110500,75.539101
4.110600,75.539413
4.110700,75.539592
4.110800,75.540585
4.110900,75.541636
4.111000,75.541619
4.111100,75.542134
4.111200,75.542932
4.111300,75.543684
4.111400,75.543971
4.111500,75.544788
4.111600,75.544775
4.111700,75.541891
4.111800,75.546431
4.111900,75.545337
4.112000,75.548424
4.112100,75.547302
4.112200,75.553565
4.112300,75.554108
4.112400,75.556916
4.112500,75.559591
4.112600,75.554249
4.112700,75.549805
4.112800,75.542278
4.112900,75.560649
4.113000,75.572318
4.113100,75.584759
4.113200,75.578672
4.113300,75.588743
4.113400,75.582489
4.113500,75.584190
4.113600,75.584564
4.113700,75.584800
4.113800,75.585316
4.113900,75.584873
4.114000,75.584404
4.114100,75.585016
4.114200,75.586039
4.114300,75.586762
4.114400,75.587244
4.114500,75.587768
4.114600,75.587846
4.114700,75.588739
4.114800,75.589027
4.114900,75.590081
4.115000,75.590899
4.115100,75.591226
4.115200,75.590834
4.115300,75.590831
4.115400,75.591786
4.115500,75.593008
4.115600,75.592961
4.115700,75.593138
4.115800,75.593744
4.115900,75.594045
4.116000,75.594924
4.116100,75.595662
4.116200,75.596336
4.116300,75.596669
4.116400,75.597409
4.116500,75.598172
4.116600,75.597890
4.116700,75.598625
4.116800,75.599118
4.116900,75.600399
4.117000,75.601017
4.117100,75.600711
4.117200,75.600252
4.117300,75.601122
4.117400,75.600633
4.117500,75.601250
4.117600,75.602491
4.117700,75.603972
4.117800,75.604940
4.117900,75.606021
4.118000,75.606319
4.118100,75.607365
4.118200,75.608387
4.118300,75.609568
4.118400,75.609425
4.118500,75.608745
4.118600,75.608389
4.118700,75.607135
4.118800,75.607421
4.118900,75.606528
4.119000,75.613949
4.119100,75.609566
4.119200,75.610368
4.119300,75.616123
4.119400,75.632427
4.119500,75.630317
4.119600,75.622419
4.119700,75.641974
4.119800,75.643641
4.119900,75.637773
4.120000,75.637319
4.120100,75.639659
4.120200,75.640654
4.120300,75.641006
4.120400,75.642077
4.120500,75.644372
4.120600,75.646794
4.120700,75.646268
4.120800,75.646704
4.120900,75.648300
4.121000,75.647633
4.121100,75.647984
4.121200,75.647431
4.121300,75.648744
4.121400,75.649019
4.121500,75.649957
4.121600,75.649812
4.121700,75.650449
4.121800,75.650352
4.121900,75.651188
4.122000,75.651875
4.122100,75.652099
4.122200,75.653377
4.122300,75.653972
4.122400,75.654284
4.122500,75.654865
4.122600,75.655283
4.122700,75.655140
4.122800,75.655938
4.122900,75.655921
4.123000,75.657019
4.123100,75.657733
4.123200,75.658089
4.123300,75.658510
4.123400,75.659157
4.123500,75.659666
4.123600,75.660168
4.123700,75.660773
4.123800,75.660905
4.123900,75.661643
4.124000,75.662061
4.124100,75.662015
4.124200,75.663758
4.124300,75.663646
4.124400,75.663749
4.124500,75.665680
4.124600,75.665946
4.124700,75.666521
4.124800,75.665945
4.124900,75.665323
4.125000,75.667844
4.125100,75.667935
4.125200,75.664692
4.125300,75.666436
4.125400,75.668017
4.125500,75.669502
4.125600,75.662136
4.125700,75.666828
4.125800,75.658280
4.125900,75.660359
4.126000,75.656744
4.126100,75.637867
4.126200,75.627213
4.126300,75.620373
4.126400,75.605119
4.126500,75.608642
4.126600,75.609311
4.126700,75.607218
4.126800,75.608820
4.126900,75.609308
4.127000,75.608731
4.127100,75.609758
4.127200,75.611536
4.127300,75.611663
4.127400,75.611043
4.127500,75.610983
4.127600,75.611028
4.127700,75.612219
4.127800,75.613233
4.127900,75.613206
4.128000,75.613258
4.128100,75.614464
4.128200,75.614208
4.128300,75.615091
4.128400,75.615363
4.128500,75.616060
4.128600,75.616408
4.128700,75.617255
4.128800,75.616955
4.128900,75.617680
4.129000,75.618318
4.129100,75.618608
4.129200,75.619433
4.129300,75.619685
4.129400,75.620051
4.129500,75.620571
4.129600,75.621570
4.129700,75.621236
4.129800,75.622305
4.129900,75.622730
4.130000,75.622758
4.130100,75.623432
4.130200,75.624079
4.130300,75.624576
4.130400,75.626257
4.130500,75.626118
4.130600,75.625718
4.130700,75.627470
4.130800,75.627882
4.130900,75.626891
4.131000,75.628126
4.131100,75.628812
4.131200,75.628684
4.131300,75.631388
4.131400,75.630394
4.131500,75.632428
4.131600,75.632980
4.131700,75.632398
4.131800,75.635574
4.131900,75.639019
4.132000,75.639271
4.132100,75.634036
4.132200,75.629027
4.132300,75.639719
4.132400,75.627620
4.132500,75.636806
4.132600,75.652655
4.132700,75.638684
4.132800,75.630704
4.132900,75.649077
4.133000,75.665912
4.133100,75.652756
4.133200,75.655663
4.133300,75.656470
4.133400,75.656874
4.133500,75.657324
4.133600,75.657496
4.133700,75.656474
4.133800,75.658149
4.133900,75.658296
4.134000,75.660299
4.134100,75.661088
4.134200,75.661294
4.134300,75.661980
4.134400,75.662190
4.134500,75.662511
4.134600,75.663132
4.134700,75.663827
4.134800,75.664373
4.134900,75.665373
4.135000,75.665489
4.135100,75.665774
4.135200,75.667040
4.135300,75.667494
4.135400,75.667625
4.135500,75.668097
4.135600,75.668663
4.135700,75.668988
4.135800,75.670057
4.135900,75.670118
4.136000,75.670682
4.136100,75.671603
4.136200,75.671884
4.136300,75.672230
4.136400,75.672959
4.136500,75.672904
4.136600,75.673972
4.136700,75.674645
4.136800,75.674603
4.136900,75.675332
4.137000,75.676433
4.137100,75.676899
4.137200,75.676667
4.137300,75.675393
4.137400,75.677551
4.137500,75.677679
4.137600,75.679267
4.137700,75.677685
4.137800,75.679635
4.137900,75.680312
4.138000,75.680349
4.138100,75.679159
4.138200,75.679744
4.138300,75.681961
4.138400,75.684837
4.138500,75.681702
4.138600,75.685582
4.138700,75.685961
4.138800,75.679692
4.138900,75.687382
4.139000,75.691353
4.139100,75.690821
4.139200,75.700377
4.139300,75.695660
4.139400,75.686746
4.139500,75.697622
4.139600,75.712072
4.139700,75.715150
4.139800,75.708933
4.139900,75.708068
4.140000,75.708954
4.140100,75.709368
4.140200,75.709670
4.140300,75.710893
4.140400,75.710512
4.140500,75.712109
4.140600,75.711354
4.140700,75.711728
4.140800,75.711345
4.140900,75.712294
4.141000,75.712022
4.141100,75.712875
4.141200,75.713672
4.141300,75.713940
4.141400,75.714165
4.141500,75.715122
4.141600,75.715932
4.141700,75.716460
4.141800,75.717068
4.141900,75.717097
4.142000,75.717199
4.142100,75.718268
4.142200,75.718268
4.142300,75.719469
4.142400,75.719768
4.142500,75.720137
4.142600,75.720565
4.142700,75.721603
4.142800,75.721510
4.142900,75.722551
4.143000,75.722089
4.143100,75.723641
4.143200,75.724496
4.143300,75.724859
4.143400,75.724476
4.143500,75.724416
4.143600,75.725315
4.143700,75.726315
4.143800,75.727365
4.143900,75.728681
4.144000,75.728686
4.144100,75.728918
4.144200,75.728252
4.144300,75.726686
4.144400,75.727673
4.144500,75.727253
4.144600,75.730367
4.144700,75.732967
4.144800,75.732065
4.144900,75.733570
4.145000,75.730129
4.145100,75.735014
4.145200,75.733255
4.145300,75.734314
4.145400,75.732437
4.145500,75.735152
4.145600,75.736351
4.145700,75.733050
4.145800,75.739347
4.145900,75.746548
4.146000,75.748511
4.146100,75.741498
4.146200,75.743283
4.146300,75.744945
4.146400,75.741113
4.146500,75.744513
4.146600,75.743623
4.146700,75.744120
4.146800,75.744651
4.146900,75.744005
4.147000,75.745819
4.147100,75.746692
4.147200,75.745259
4.147300,75.745289
4.147400,75.746050
4.147500,75.747834
4.147600,75.748271
4.147700,75.748553
4.147800,75.748731
4.147900,75.748545
4.148000,75.749313
4.148100,75.749407
4.148200,75.750528
4.148300,75.750703
4.148400,75.751639
4.148500,75.752428
4.148600,75.752481
4.148700,75.753414
4.148800,75.753858
4.148900,75.753812
4.149000,75.754699
4.149100,75.754632
4.149200,75.755309
4.149300,75.755869
4.149400,75.756489
4.149500,75.756482
4.149600,75.757373
4.149700,75.758020
4.149800,75.758593
4.149900,75.758913
4.150000,75.759742
4.150100,75.760118
4.150200,75.759891
4.150300,75.759891
4.150400,75.761372
4.150500,75.763438
4.150600,75.764334
4.150700,75.763351
4.150800,75.763967
4.150900,75.763210
4.151000,75.762700
4.151100,75.765653
4.151200,75.766976
4.151300,75.768183
4.151400,75.766306
4.151500,75.764196
4.151600,75.764627
4.151700,75.768864
4.151800,75.774725
4.151900,75.775874
4.152000,75.770496
4.152100,75.770657
4.152200,75.767951
4.152300,75.755595
4.152400,75.757267
4.152500,75.768809
4.152600,75.764998
4.152700,75.774070
4.152800,75.772650
4.152900,75.770434
4.153000,75.768874
4.153100,75.773525
4.153200,75.772830
4.153300,75.772694
4.153400,75.772724
4.153500,75.772378
4.153600,75.773455
4.153700,75.774213
4.153800,75.775228
4.153900,75.775007
4.154000,75.776217
4.154100,75.775688
4.154200,75.776471
4.154300,75.777003
4.154400,75.777985
4.154500,75.777740
4.154600,75.778312
4.154700,75.778523
4.154800,75.779731
4.154900,75.779902
4.155000,75.779967
4.155100,75.780279
4.155200,75.781310
4.155300,75.782156
4.155400,75.782458
4.155500,75.782588
4.155600,75.783585
4.155700,75.784134
4.155800,75.784776
4.155900,75.785075
4.156000,75.785857
4.156100,75.785981
4.156200,75.786403
4.156300,75.787261
4.156400,75.787331
4.156500,75.788071
4.156600,75.788824
4.156700,75.789211
4.156800,75.788562
4.156900,75.788834
4.157000,75.790566
4.157100,75.790739
4.157200,75.792022
4.157300,75.791717
4.157400,75.792903
4.157500,75.792747
4.157600,75.794484
4.157700,75.796436
4.157800,75.796005
4.157900,75.795783
4.158000,75.798219
4.158100,75.797297
4.158200,75.799637
4.158300,75.796111
4.158400,75.797099
4.158500,75.796785
4.158600,75.805661
4.158700,75.805829
4.158800,75.815208
4.158900,75.812676
4.159000,75.810092
4.159100,75.823001
4.159200,75.806980
4.159300,75.803339
4.159400,75.797415
4.159500,75.807678
4.159600,75.809068
4.159700,75.811097
4.159800,75.811401
4.159900,75.811897
4.160000,75.812490
4.160100,75.812190
4.160200,75.811217
4.160300,75.813314
4.160400,75.814794
4.160500,75.815031
4.160600,75.814020
4.160700,75.815315
4.160800,75.816814
4.160900,75.817304
4.161000,75.817018
4.161100,75.817455
4.161200,75.818481
4.161300,75.818191
4.161400,75.818293
4.161500,75.819385
4.161600,75.819641
4.161700,75.820324
4.161800,75.821145
4.161900,75.821497
4.162000,75.822192
4.162100,75.822053
4.162200,75.822596
4.162300,75.823539
4.162400,75.823921
4.162500,75.824359
4.162600,75.824944
4.162700,75.825663
4.162800,75.825218
4.162900,75.826408
4.163000,75.826552
4.163100,75.827156
4.163200,75.827941
4.163300,75.828621
4.163400,75.829462
4.163500,75.829736
4.163600,75.829901
4.163700,75.829803
4.163800,75.830531
4.163900,75.830995
4.164000,75.831348
4.164100,75.832608
4.164200,75.832909
4.164300,75.835124
4.164400,75.833989
4.164500,75.831590
4.164600,75.830798
4.164700,75.832939
4.164800,75.835786
4.164900,75.831404
4.165000,75.834486
4.165100,75.830357
4.165200,75.834682
4.165300,75.831911
4.165400,75.826470
4.165500,75.828610
4.165600,75.828241
4.165700,75.844977
4.165800,75.841523
4.165900,75.839069
4.166000,75.839030
4.166100,75.838962
4.166200,75.834701
4.166300,75.831843
4.166400,75.832735
4.166500,75.833307
4.166600,75.833289
4.166700,75.833490
4.166800,75.832540
4.166900,75.831921
4.167000,75.832933
4.167100,75.834609
4.167200,75.835411
4.167300,75.835428
4.167400,75.836069
4.167500,75.837013
4.167600,75.837920
4.167700,75.838279
4.167800,75.837887
4.167900,75.838582
4.168000,75.839006
4.168100,75.839378
4.168200,75.840060
4.168300,75.840278
4.168400,75.841049
4.168500,75.841466
4.168600,75.842365
4.168700,75.843360
4.168800,75.843741
4.168900,75.843965
4.169000,75.844584
4.169100,75.844676
4.169200,75.845116
4.169300,75.845462
4.169400,75.845605
4.169500,75.846427
4.169600,75.847110
4.169700,75.847891
4.169800,75.849094
4.169900,75.849513
4.170000,75.849450
4.170100,75.849919
4.170200,75.849735
4.170300,75.850807
4.170400,75.851377
4.170500,75.851360
4.170600,75.852088
4.170700,75.851043
4.170800,75.850965
4.170900,75.851674
4.171000,75.851813
4.171100,75.853781
4.171200,75.854010
4.171300,75.855380
4.171400,75.858255
4.171500,75.859649
4.171600,75.860784
4.171700,75.855508
4.171800,75.853254
4.171900,75.854449
4.172000,75.855603
4.172100,75.865204
4.172200,75.873492
4.172300,75.861054
4.172400,75.860162
4.172500,75.873543
4.172600,75.876855
4.172700,75.869279
4.172800,75.861829
4.172900,75.863852
4.173000,75.864772
4.173100,75.865184
4.173200,75.864967
4.173300,75.865691
4.173400,75.865994
4.173500,75.866614
4.173600,75.867157
4.173700,75.866589
4.173800,75.867885
4.173900,75.868275
4.174000,75.869233
4.174100,75.869011
4.174200,75.868835
4.174300,75.869487
4.174400,75.870837
4.174500,75.870386
4.174600,75.870912
4.174700,75.872165
4.174800,75.872419
4.174900,75.873047
4.175000,75.872988
4.175100,75.873354
4.175200,75.873950
4.175300,75.874752
4.175400,75.875315
4.175500,75.875667
4.175600,75.876014
4.175700,75.877331
4.175800,75.876961
4.175900,75.877900
4.176000,75.877999
4.176100,75.878379
4.176200,75.879218
4.176300,75.879327
4.176400,75.880042
4.176500,75.880985
4.176600,75.880391
4.176700,75.881576
4.176800,75.881664
4.176900,75.882541
4.177000,75.883439
4.177100,75.883797
4.177200,75.884691
4.177300,75.883077
4.177400,75.883756
4.177500,75.886033
4.177600,75.886022
4.177700,75.885632
4.177800,75.885054
4.177900,75.881948
4.178000,75.886982
4.178100,75.888302
4.178200,75.884563
4.178300,75.883795
4.178400,75.888659
4.178500,75.883966
4.178600,75.894588
4.178700,75.903181
4.178800,75.907920
4.178900,75.920169
4.179000,75.907865
4.179100,75.914453
4.179200,75.911769
4.179300,75.902468
4.179400,75.903233
4.179500,75.903592
4.179600,75.903307
4.179700,75.903449
4.179800,75.903768
4.179900,75.904108
4.180000,75.904596
4.180100,75.905806
4.180200,75.906396
4.180300,75.905955
4.180400,75.906908
4.180500,75.907446
4.180600,75.907956
4.180700,75.908231
4.180800,75.908792
4.180900,75.909264
4.181000,75.909960
4.181100,75.910733
4.181200,75.911377
4.181300,75.911755
4.181400,75.912085
4.181500,75.912496
4.181600,75.912787
4.181700,75.913222
4.181800,75.913982
4.181900,75.914416
4.182000,75.914958
4.182100,75.915840
4.182200,75.916480
4.182300,75.916552
4.182400,75.916860
4.182500,75.917418
4.182600,75.918128
4.182700,75.918755
4.182800,75.919551
4.182900,75.919592
4.183000,75.920199
4.183100,75.920647
4.183200,75.921357
4.183300,75.921894
4.183400,75.921918
4.183500,75.921496
4.183600,75.922510
4.183700,75.924161
4.183800,75.923634
4.183900,75.925029
4.184000,75.925980
4.184100,75.924466
4.184200,75.924689
4.184300,75.927892
4.184400,75.929691
4.184500,75.929288
4.184600,75.929645
4.184700,75.932892
4.184800,75.933522
4.184900,75.933099
4.185000,75.933992
4.185100,75.935066
4.185200,75.936050
4.185300,75.953862
4.185400,75.957532
4.185500,75.938123
4.185600,75.917803
4.185700,75.917044
4.185800,75.926894
4.185900,75.918415
4.186000,75.919342
4.186100,75.919775
4.186200,75.920768
4.186300,75.921353
4.186400,75.921199
4.186500,75.921569
4.186600,75.920729
4.186700,75.920579
4.186800,75.921106
4.186900,75.920746
4.187000,75.922142
4.187100,75.922406
4.187200,75.923877
4.187300,75.924439
4.187400,75.924921
4.187500,75.924634
4.187600,75.925467
4.187700,75.926028
4.187800,75.926641
4.187900,75.927222
4.188000,75.926939
4.188100,75.927387
4.188200,75.928404
4.188300,75.928970
4.188400,75.929225
4.188500,75.929438
4.188600,75.930034
4.188700,75.930917
4.188800,75.931682
4.188900,75.932087
4.189000,75.932409
4.189100,75.932092
4.189200,75.933193
4.189300,75.933919
4.189400,75.934651
4.189500,75.935069
4.189600,75.935004
4.189700,75.936505
4.189800,75.936147
4.189900,75.937189
4.190000,75.938123
4.190100,75.937985
4.190200,75.939180
4.190300,75.938606
4.190400,75.939946
4.190500,75.940057
4.190600,75.939875
4.190700,75.939532
4.190800,75.937940
4.190900,75.940378
4.191000,75.943085
4.191100,75.942861
4.191200,75.941546
4.191300,75.942280
4.191400,75.942480
4.191500,75.938338
4.191600,75.941641
4.191700,75.935049
4.191800,75.938365
4.191900,75.926167
4.192000,75.922919
4.192100,75.910420
4.192200,75.899837
4.192300,75.905929
4.192400,75.892615
4.192500,75.889732
4.192600,75.895297
4.192700,75.896210
4.192800,75.896636
4.192900,75.897706
4.193000,75.897416
4.193100,75.896188
4.193200,75.896681
4.193300,75.897745
4.193400,75.898721
4.193500,75.898824
4.193600,75.898972
4.193700,75.900181
4.193800,75.899576
4.193900,75.899780
4.194000,75.900299
4.194100,75.901211
4.194200,75.902042
4.194300,75.902353
4.194400,75.902834
4.194500,75.903034
4.194600,75.903971
4.194700,75.904290
4.194800,75.904712
4.194900,75.905051
4.195000,75.905739
4.195100,75.906209
4.195200,75.906207
4.195300,75.907339
4.195400,75.907828
4.195500,75.907895
4.195600,75.908614
4.195700,75.909162
4.195800,75.909528
4.195900,75.910322
4.196000,75.911110
4.196100,75.911669
4.196200,75.911218
4.196300,75.911878
4.196400,75.911519
4.196500,75.912883
4.196600,75.913204
4.196700,75.914183
4.196800,75.916033
4.196900,75.915757
4.197000,75.916314
4.197100,75.915906
4.197200,75.916724
4.197300,75.918523
4.197400,75.917751
4.197500,75.918788
4.197600,75.919497
4.197700,75.923615
4.197800,75.926025
4.197900,75.927979
4.198000,75.927461
4.198100,75.930624
4.198200,75.928909
4.198300,75.919365
4.198400,75.923581
4.198500,75.937646
4.198600,75.948091
4.198700,75.948232
4.198800,75.959734
4.198900,75.977122
4.199000,75.976733
4.199100,75.987900
4.199200,75.988943
4.199300,75.988144
4.199400,75.988469
4.199500,75.988926
4.199600,75.988979
4.199700,75.990221
4.199800,75.989433
4.199900,75.990230
4.200000,75.990946
4.200100,75.991913
4.200200,75.992865
4.200300,75.992556
4.200400,75.992894
4.200500,75.994325
4.200600,75.994939
4.200700,75.995995
4.200800,75.995940
4.200900,75.996475
4.201000,75.996685
4.201100,75.997101
4.201200,75.997657
4.201300,75.997888
4.201400,75.999081
4.201500,75.999158
4.201600,75.999920
4.201700,76.001229
4.201800,76.001193
4.201900,76.001509
4.202000,76.001267
4.202100,76.001740
4.202200,76.002933
4.202300,76.003314
4.202400,76.003959
4.202500,76.003523
4.202600,76.003689
4.202700,76.005395
4.202800,76.005895
4.202900,76.006460
4.203000,76.008137
4.203100,76.007654
4.203200,76.008748
4.203300,76.009277
4.203400,76.010903
4.203500,76.010636
4.203600,76.010834
4.203700,76.011148
4.203800,76.011806
4.203900,76.013233
4.204000,76.012730
4.204100,76.013434
4.204200,76.013901
4.204300,76.013503
4.204400,76.015215
4.204500,76.019399
4.204600,76.018176
4.204700,76.022281
4.204800,76.021847
4.204900,76.028550
4.205000,76.030174
4.205100,76.033574
4.205200,76.051199
4.205300,76.053379
4.205400,76.049257
4.205500,76.064943
4.205600,76.069379
4.205700,76.074651
4.205800,76.072610
4.205900,76.072744
4.206000,76.073085
4.206100,76.074015
4.206200,76.072759
4.206300,76.073226
4.206400,76.075591
4.206500,76.074180
4.206600,76.073920
4.206700,76.075093
4.206800,76.075130
4.206900,76.076845
4.207000,76.077184
4.207100,76.077360
4.207200,76.077736
4.207300,76.078429
4.207400,76.078074
4.207500,76.078887
4.207600,76.079756
4.207700,76.081100
4.207800,76.081192
4.207900,76.081217
4.208000,76.082137
4.208100,76.082685
4.208200,76.082452
4.208300,76.082767
4.208400,76.083834
4.208500,76.084237
4.208600,76.085149
4.208700,76.085163
4.208800,76.085314
4.208900,76.086333
4.209000,76.087007
4.209100,76.087148
4.209200,76.087161
4.209300,76.088298
4.209400,76.088801
4.209500,76.089397
4.209600,76.089839
4.209700,76.089507
4.209800,76.091033
4.209900,76.092578
4.210000,76.092238
4.210100,76.090751
4.210200,76.093325
4.210300,76.091926
4.210400,76.093026
4.210500,76.094517
4.210600,76.095450
4.210700,76.098132
4.210800,76.098499
4.210900,76.095588
4.211000,76.096746
4.211100,76.091021
4.211200,76.089488
4.211300,76.098850
4.211400,76.098319
4.211500,76.090627
4.211600,76.096468
4.211700,76.097708
4.211800,76.108025
4.211900,76.092944
4.212000,76.086065
4.212100,76.071914
4.212200,76.073792
4.212300,76.080613
4.212400,76.082425
4.212500,76.084515
4.212600,76.084506
4.212700,76.084870
4.212800,76.085106
4.212900,76.087327
4.213000,76.088988
4.213100,76.088591
4.213200,76.088418
4.213300,76.088738
4.213400,76.088456
4.213500,76.089517
4.213600,76.090023
4.213700,76.090808
4.213800,76.091516
4.213900,76.091555
4.214000,76.091654
4.214100,76.092569
4.214200,76.093428
4.214300,76.094122
4.214400,76.094364
4.214500,76.094737
4.214600,76.094867
4.214700,76.095689
4.214800,76.096480
4.214900,76.097049
4.215000,76.097236
4.215100,76.098683
4.215200,76.099071
4.215300,76.099409
4.215400,76.099960
4.215500,76.100166
4.215600,76.100545
4.215700,76.101115
4.215800,76.100693
4.215900,76.101414
4.216000,76.102251
4.216100,76.102476
4.216200,76.103656
4.216300,76.104604
4.216400,76.104182
4.216500,76.104262
4.216600,76.105012
4.216700,76.105726
4.216800,76.106147
4.216900,76.106101
4.217000,76.106755
4.217100,76.105287
4.217200,76.106613
4.217300,76.105758
4.217400,76.110754
4.217500,76.110638
4.217600,76.105876
4.217700,76.105069
4.217800,76.107515
4.217900,76.114909
4.218000,76.104768
4.218100,76.104829
4.218200,76.097283
4.218300,76.097228
4.218400,76.095795
4.218500,76.091999
4.218600,76.101306
4.218700,76.085925
4.218800,76.097544
4.218900,76.099604
4.219000,76.095938
4.219100,76.095341
4.219200,76.095847
4.219300,76.095683
4.219400,76.096575
4.219500,76.096311
4.219600,76.097391
4.219700,76.098347
4.219800,76.098901
4.219900,76.098302
4.220000,76.099187
4.220100,76.100211
4.220200,76.101154
4.220300,76.101464
4.220400,76.102120
4.220500,76.102288
4.220600,76.102961
4.220700,76.103656
4.220800,76.104271
4.220900,76.104006
4.221000,76.104456
4.221100,76.105364
4.221200,76.106020
4.221300,76.106229
4.221400,76.107074
4.221500,76.107643
4.221600,76.108376
4.221700,76.108016
4.221800,76.109159
4.221900,76.109699
4.222000,76.110523
4.222100,76.110581
4.222200,76.110950
4.222300,76.111120
4.222400,76.111144
4.222500,76.112144
4.222600,76.113242
4.222700,76.112811
4.222800,76.113802
4.222900,76.114499
4.223000,76.114930
4.223100,76.116292
4.223200,76.116641
4.223300,76.116726
4.223400,76.116150
4.223500,76.118523
4.223600,76.118183
4.223700,76.120352
4.223800,76.122036
4.223900,76.121517
4.224000,76.118308
4.224100,76.116228
4.224200,76.120733
4.224300,76.127568
4.224400,76.123454
4.224500,76.133144
4.224600,76.132793
4.224700,76.138496
4.224800,76.132683
4.224900,76.137823
4.225000,76.119131
4.225100,76.122655
4.225200,76.110145
4.225300,76.113120
4.225400,76.123756
4.225500,76.120459
4.225600,76.122672
4.225700,76.123570
4.225800,76.123898
4.225900,76.123037
4.226000,76.124417
4.226100,76.126652
4.226200,76.127868
4.226300,76.128429
4.226400,76.128227
4.226500,76.128399
4.226600,76.128556
4.226700,76.129054
4.226800,76.129917
4.226900,76.131478
4.227000,76.131718
4.227100,76.132613
4.227200,76.132180
4.227300,76.132435
4.227400,76.133375
4.227500,76.133774
4.227600,76.134349
4.227700,76.135314
4.227800,76.135379
4.227900,76.135631
4.228000,76.136377
4.228100,76.136449
4.228200,76.136999
4.228300,76.137304
4.228400,76.137832
4.228500,76.138688
4.228600,76.139191
4.228700,76.139934
4.228800,76.140705
4.228900,76.141053
4.229000,76.140962
4.229100,76.142096
4.229200,76.142491
4.229300,76.143440
4.229400,76.143656
4.229500,76.145474
4.229600,76.144338
4.229700,76.143367
4.229800,76.146028
4.229900,76.145223
4.230000,76.146458
4.230100,76.147704
4.230200,76.146421
4.230300,76.146028
4.230400,76.149736
4.230500,76.150029
4.230600,76.146448
4.230700,76.142246
4.230800,76.148113
4.230900,76.145561
4.231000,76.150018
4.231100,76.146898
4.231200,76.160384
4.231300,76.151194
4.231400,76.166716
4.231500,76.165514
4.231600,76.154503
4.231700,76.161783
4.231800,76.153561
4.231900,76.155015
4.232000,76.154775
4.232100,76.155570
4.232200,76.156305
4.232300,76.156871
4.232400,76.157120
4.232500,76.158515
4.232600,76.158736
4.232700,76.158291
4.232800,76.159501
4.232900,76.159417
4.233000,76.159827
4.233100,76.161106
4.233200,76.161078
4.233300,76.160898
4.233400,76.161904
4.233500,76.161878
4.233600,76.162085
4.233700,76.163239
4.233800,76.164179
4.233900,76.165001
4.234000,76.165352
4.234100,76.165801
4.234200,76.165576
4.234300,76.166537
4.234400,76.166881
4.234500,76.167728
4.234600,76.168096
4.234700,76.169001
4.234800,76.168869
4.234900,76.170053
4.235000,76.170217
4.235100,76.170912
4.235200,76.171630
4.235300,76.172251
4.235400,76.172880
4.235500,76.172276
4.235600,76.173494
4.235700,76.173299
4.235800,76.173941
4.235900,76.175070
4.236000,76.175685
4.236100,76.175916
4.236200,76.176969
4.236300,76.175754
4.236400,76.176719
4.236500,76.176626
4.236600,76.177390
4.236700,76.178013
4.236800,76.179863
4.236900,76.178959
4.237000,76.179762
4.237100,76.183577
4.237200,76.182397
4.237300,76.177371
4.237400,76.171103
4.237500,76.170627
4.237600,76.181079
4.237700,76.180985
4.237800,76.192830
4.237900,76.200713
4.238000,76.181439
4.238100,76.196452
4.238200,76.190809
4.238300,76.195911
4.238400,76.200097
4.238500,76.197996
4.238600,76.203824
4.238700,76.206805
4.238800,76.206072
4.238900,76.206971
4.239000,76.206985
4.239100,76.206813
4.239200,76.209179
4.239300,76.209682
4.239400,76.210591
4.239500,76.212555
4.239600,76.211487
4.239700,76.212317
4.239800,76.213276
4.239900,76.214269
4.240000,76.214099
4.240100,76.214240
4.240200,76.214260
4.240300,76.214849
4.240400,76.215719
4.240500,76.216330
4.240600,76.216275
4.240700,76.216871
4.240800,76.217494
4.240900,76.218197
4.241000,76.218854
4.241100,76.219145
4.241200,76.219648
4.241300,76.219947
4.241400,76.220837
4.241500,76.221754
4.241600,76.221591
4.241700,76.222236
4.241800,76.222952
4.241900,76.222874
4.242000,76.223970
4.242100,76.223997
4.242200,76.224143
4.242300,76.225641
4.242400,76.226451
4.242500,76.226203
4.242600,76.226484
4.242700,76.227274
4.242800,76.228195
4.242900,76.228106
4.243000,76.228850
4.243100,76.230072
4.243200,76.230640
4.243300,76.231412
4.243400,76.232654
4.243500,76.232478
4.243600,76.234835
4.243700,76.231084
4.243800,76.230128
4.243900,76.230421
4.244000,76.234203
4.244100,76.233480
4.244200,76.225416
4.244300,76.214625
4.244400,76.218889
4.244500,76.211926
4.244600,76.203007
4.244700,76.221886
4.244800,76.223052
4.244900,76.221256
4.245000,76.226651
4.245100,76.228833
4.245200,76.224018
4.245300,76.223880
4.245400,76.224395
4.245500,76.225432
4.245600,76.226112
4.245700,76.227914
4.245800,76.227529
4.245900,76.227618
4.246000,76.227112
4.246100,76.228421
4.246200,76.227773
4.246300,76.227777
4.246400,76.229252
4.246500,76.229289
4.246600,76.229906
4.246700,76.230487
4.246800,76.230758
4.246900,76.231084
4.247000,76.231812
4.247100,76.232123
4.247200,76.233249
4.247300,76.234241
4.247400,76.234655
4.247500,76.234815
4.247600,76.234898
4.247700,76.235224
4.247800,76.235873
4.247900,76.236365
4.248000,76.236923
4.248100,76.237427
4.248200,76.237722
4.248300,76.237634
4.248400,76.239191
4.248500,76.239857
4.248600,76.240408
4.248700,76.240334
4.248800,76.240758
4.248900,76.241198
4.249000,76.241101
4.249100,76.242947
4.249200,76.243289
4.249300,76.244031
4.249400,76.244596
4.249500,76.245705
4.249600,76.247203
4.249700,76.247729
4.249800,76.246919
4.249900,76.247980
4.250000,76.247997
4.250100,76.250984
4.250200,76.250776
4.250300,76.252525
4.250400,76.251702
4.250500,76.247021
4.250600,76.243898
4.250700,76.239634
4.250800,76.251453
4.250900,76.244158
4.251000,76.253071
4.251100,76.237263
4.251200,76.228826
4.251300,76.244857
4.251400,76.258000
4.251500,76.241501
4.251600,76.243445
4.251700,76.241479
4.251800,76.241121
4.251900,76.242324
4.252000,76.242485
4.252100,76.244009
4.252200,76.244161
4.252300,76.244743
4.252400,76.245744
4.252500,76.244890
4.252600,76.246915
4.252700,76.247360
4.252800,76.246505
4.252900,76.247259
4.253000,76.247534
4.253100,76.248025
4.253200,76.248249
4.253300,76.249430
4.253400,76.250844
4.253500,76.250940
4.253600,76.250805
4.253700,76.251110
4.253800,76.252116
4.253900,76.252836
4.254000,76.252544
4.254100,76.253118
4.254200,76.253861
4.254300,76.254834
4.254400,76.254694
4.254500,76.255248
4.254600,76.255974
4.254700,76.256027
4.254800,76.256579
4.254900,76.257464
4.255000,76.258667
4.255100,76.258911
4.255200,76.258587
4.255300,76.259236
4.255400,76.259648
4.255500,76.260838
4.255600,76.260782
4.255700,76.262092
4.255800,76.261614
4.255900,76.262133
4.256000,76.262225
4.256100,76.262387
4.256200,76.264871
4.256300,76.267690
4.256400,76.265829
4.256500,76.266153
4.256600,76.264298
4.256700,76.265371
4.256800,76.268310
4.256900,76.271957
4.257000,76.272670
4.257100,76.273205
4.257200,76.275810
4.257300,76.279257
4.257400,76.270406
4.257500,76.262518
4.257600,76.266845
4.257700,76.272035
4.257800,76.275833
4.257900,76.264655
4.258000,76.247918
4.258100,76.259675
4.258200,76.267577
4.258300,76.272789
4.258400,76.272014
4.258500,76.272482
4.258600,76.272809
4.258700,76.274416
4.258800,76.274389
4.258900,76.275079
4.259000,76.276573
4.259100,76.275859
4.259200,76.276166
4.259300,76.276941
4.259400,76.277465
4.259500,76.278022
4.259600,76.278807
4.259700,76.278899
4.259800,76.279488
4.259900,76.279834
4.260000,76.280055
4.260100,76.279834
4.260200,76.280644
4.260300,76.281864
4.260400,76.282304
4.260500,76.283117
4.260600,76.283521
4.260700,76.284437
4.260800,76.284814
4.260900,76.285500
4.261000,76.285993
4.261100,76.286332
4.261200,76.286385
4.261300,76.285880
4.261400,76.287274
4.261500,76.288019
4.261600,76.288515
4.261700,76.288441
4.261800,76.289294
4.261900,76.289149
4.262000,76.289909
4.262100,76.290938
4.262200,76.291388
4.262300,76.291244
4.262400,76.292040
4.262500,76.292417
4.262600,76.293069
4.262700,76.294583
4.262800,76.293182
4.262900,76.293065
4.263000,76.296653
4.263100,76.298518
4.263200,76.296790
4.263300,76.298513
4.263400,76.298350
4.263500,76.299762
4.263600,76.300526
4.263700,76.302142
4.263800,76.309229
4.263900,76.313917
4.264000,76.305965
4.264100,76.308926
4.264200,76.326635
4.264300,76.325861
4.264400,76.347207
4.264500,76.333261
4.264600,76.315936
4.264700,76.324222
4.264800,76.322445
4.264900,76.327275
4.265000,76.327634
4.265100,76.328168
4.265200,76.328622
4.265300,76.327820
4.265400,76.329022
4.265500,76.329924
4.265600,76.329542
4.265700,76.330322
4.265800,76.330859
4.265900,76.330813
4.266000,76.330905
4.266100,76.332566
4.266200,76.332630
4.266300,76.333015
4.266400,76.333492
4.266500,76.334123
4.266600,76.335030
4.266700,76.335075
4.266800,76.336051
4.266900,76.336394
4.267000,76.336143
4.267100,76.336783
4.267200,76.337374
4.267300,76.338205
4.267400,76.338580
4.267500,76.339450
4.267600,76.339821
4.267700,76.340230
4.267800,76.340697
4.267900,76.340744
4.268000,76.341707
4.268100,76.342064
4.268200,76.342364
4.268300,76.342972
4.268400,76.344720
4.268500,76.345065
4.268600,76.345001
4.268700,76.345517
4.268800,76.346151
4.268900,76.346733
4.269000,76.346600
4.269100,76.345903
4.269200,76.347344
4.269300,76.346312
4.269400,76.348057
4.269500,76.347954
4.269600,76.346945
4.269700,76.351234
4.269800,76.352626
4.269900,76.355161
4.270000,76.359727
4.270100,76.361277
4.270200,76.363450
4.270300,76.367626
4.270400,76.361661
4.270500,76.354523
4.270600,76.358028
4.270700,76.344010
4.270800,76.330927
4.270900,76.328036
4.271000,76.334423
4.271100,76.345501
4.271200,76.340397
4.271300,76.346388
4.271400,76.349641
4.271500,76.352926
4.271600,76.352642
4.271700,76.353280
4.271800,76.354328
4.271900,76.354246
4.272000,76.353474
4.272100,76.354653
4.272200,76.355215
4.272300,76.355969
4.272400,76.355717
4.272500,76.355917
4.272600,76.357318
4.272700,76.358254
4.272800,76.358335
4.272900,76.359096
4.273000,76.359561
4.273100,76.360674
4.273200,76.360452
4.273300,76.360364
4.273400,76.360903
4.273500,76.362060
4.273600,76.362458
4.273700,76.362966
4.273800,76.362897
4.273900,76.363829
4.274000,76.364553
4.274100,76.365369
4.274200,76.365931
4.274300,76.366051
4.274400,76.366713
4.274500,76.366614
4.274600,76.367691
4.274700,76.367131
4.274800,76.368299
4.274900,76.368852
4.275000,76.369198
4.275100,76.369732
4.275200,76.371627
4.275300,76.371981
4.275400,76.372577
4.275500,76.371897
4.275600,76.372346
4.275700,76.373419
4.275800,76.372028
4.275900,76.373273
4.276000,76.375984
4.276100,76.374635
4.276200,76.374914
4.276300,76.373760
4.276400,76.375344
4.276500,76.374525
4.276600,76.377656
4.276700,76.374675
4.276800,76.378837
4.276900,76.386209
4.277000,76.387510
4.277100,76.400755
4.277200,76.392796
4.277300,76.409353
4.277400,76.416710
4.277500,76.417697
4.277600,76.422458
4.277700,76.419002
4.277800,76.412866
4.277900,76.414026
4.278000,76.417130
4.278100,76.417299
4.278200,76.417658
4.278300,76.419159
4.278400,76.419810
4.278500,76.420958
4.278600,76.421138
4.278700,76.419895
4.278800,76.421554
4.278900,76.421243
4.279000,76.421661
4.279100,76.421421
4.279200,76.422970
4.279300,76.423800
4.279400,76.423870
4.279500,76.424284
4.279600,76.424637
4.279700,76.425471
4.279800,76.425875
4.279900,76.426054
4.280000,76.426629
4.280100,76.427233
4.280200,76.427708
4.280300,76.427813
4.280400,76.428283
4.280500,76.428628
4.280600,76.429325
4.280700,76.430150
4.280800,76.431412
4.280900,76.431155
4.281000,76.431894
4.281100,76.432410
4.281200,76.432893
4.281300,76.432660
4.281400,76.432975
4.281500,76.433332
4.281600,76.434836
4.281700,76.434924
4.281800,76.435683
4.281900,76.436363
4.282000,76.436795
4.282100,76.437815
4.282200,76.437962
4.282300,76.437966
4.282400,76.437954
4.282500,76.437209
4.282600,76.439042
4.282700,76.441165
4.282800,76.440635
4.282900,76.443364
4.283000,76.439786
4.283100,76.442350
4.283200,76.441267
4.283300,76.444091
4.283400,76.449744
4.283500,76.446266
4.283600,76.454455
4.283700,76.446809
4.283800,76.445221
4.283900,76.445048
4.284000,76.428540
4.284100,76.413145
4.284200,76.431109
4.284300,76.430787
4.284400,76.430850
4.284500,76.432617
4.284600,76.430814
4.284700,76.431499
4.284800,76.431981
4.284900,76.431281
4.285000,76.432152
4.285100,76.434536
4.285200,76.434934
4.285300,76.435141
4.285400,76.436395
4.285500,76.437607
4.285600,76.437444
4.285700,76.438047
4.285800,76.437915
4.285900,76.438329
4.286000,76.438877
4.286100,76.439998
4.286200,76.439762
4.286300,76.440424
4.286400,76.440588
4.286500,76.441138
4.286600,76.441557
4.286700,76.442456
4.286800,76.442848
4.286900,76.443802
4.287000,76.444037
4.287100,76.444479
4.287200,76.444700
4.287300,76.444972
4.287400,76.446159
4.287500,76.446369
4.287600,76.446701
4.287700,76.447435
4.287800,76.448437
4.287900,76.448369
4.288000,76.448367
4.288100,76.448709
4.288200,76.449178
4.288300,76.450494
4.288400,76.451253
4.288500,76.452549
4.288600,76.452224
4.288700,76.452472
4.288800,76.453272
4.288900,76.453275
4.289000,76.454500
4.289100,76.453938
4.289200,76.452066
4.289300,76.454749
4.289400,76.452938
4.289500,76.454742
4.289600,76.455037
4.289700,76.451226
4.289800,76.446125
4.289900,76.452829
4.290000,76.443712
4.290100,76.453012
4.290200,76.458213
4.290300,76.473070
4.290400,76.489624
4.290500,76.496720
4.290600,76.486119
4.290700,76.468894
4.290800,76.483698
4.290900,76.483309
4.291000,76.479939
4.291100,76.478809
4.291200,76.479241
4.291300,76.479306
4.291400,76.480246
4.291500,76.481427
4.291600,76.480752
4.291700,76.480491
4.291800,76.482248
4.291900,76.483153
4.292000,76.483636
4.292100,76.483642
4.292200,76.484034
4.292300,76.485126
4.292400,76.485351
4.292500,76.485926
4.292600,76.486695
4.292700,76.486976
4.292800,76.487085
4.292900,76.487748
4.293000,76.488477
4.293100,76.488598
4.293200,76.489550
4.293300,76.489316
4.293400,76.490130
4.293500,76.490889
4.293600,76.491391
4.293700,76.492118
4.293800,76.492725
4.293900,76.493381
4.294000,76.494017
4.294100,76.494133
4.294200,76.494912
4.294300,76.494924
4.294400,76.495483
4.294500,76.496290
4.294600,76.497301
4.294700,76.496989
4.294800,76.497865
4.294900,76.498267
4.295000,76.498212
4.295100,76.499112
4.295200,76.500692
4.295300,76.500484
4.295400,76.500433
4.295500,76.500490
4.295600,76.499466
4.295700,76.500713
4.295800,76.501720
4.295900,76.499233
4.296000,76.497884
4.296100,76.501508
4.296200,76.503300
4.296300,76.505331
4.296400,76.509618
4.296500,76.502245
4.296600,76.508665
4.296700,76.498914
4.296800,76.501861
4.296900,76.495356
4.297000,76.476338
4.297100,76.487373
4.297200,76.476982
4.297300,76.472105
4.297400,76.478259
4.297500,76.482270
4.297600,76.480835
4.297700,76.481453
4.297800,76.482016
4.297900,76.483038
4.298000,76.485477
4.298100,76.486838
4.298200,76.486120
4.298300,76.485085
4.298400,76.485546
4.298500,76.485782
4.298600,76.486253
4.298700,76.487664
4.298800,76.488155
4.298900,76.488512
4.299000,76.489335
4.299100,76.489094
4.299200,76.489433
4.299300,76.489767
4.299400,76.490268
4.299500,76.491123
4.299600,76.492054
4.299700,76.492317
4.299800,76.492678
4.299900,76.493018
4.300000,76.493398
4.300100,76.494507
4.300200,76.495271
4.300300,76.495570
4.300400,76.495544
4.300500,76.496433
4.300600,76.497184
4.300700,76.497098
4.300800,76.497798
4.300900,76.498098
4.301000,76.499327
4.301100,76.499273
4.301200,76.499072
4.301300,76.499447
4.301400,76.500281
4.301500,76.500383
4.301600,76.501535
4.301700,76.501260
4.301800,76.502308
4.301900,76.502887
4.302000,76.503755
4.302100,76.506651
4.302200,76.506692
4.302300,76.504692
4.302400,76.506104
4.302500,76.509536
4.302600,76.507585
4.302700,76.503763
4.302800,76.500295
4.302900,76.505429
4.303000,76.505305
4.303100,76.504447
4.303200,76.512943
4.303300,76.520548
4.303400,76.504732
4.303500,76.507918
4.303600,76.505664
4.303700,76.485823
4.303800,76.499127
4.303900,76.514407
4.304000,76.515295
4.304100,76.515897
4.304200,76.513796
4.304300,76.514459
4.304400,76.515480
4.304500,76.515399
4.304600,76.517119
4.304700,76.517344
4.304800,76.517003
4.304900,76.517563
4.305000,76.517735
4.305100,76.517988
4.305200,76.517545
4.305300,76.518372
4.305400,76.519457
4.305500,76.520240
4.305600,76.520559
4.305700,76.521002
4.305800,76.521560
4.305900,76.521829
4.306000,76.523069
4.306100,76.522951
4.306200,76.523498
4.306300,76.524072
4.306400,76.524322
4.306500,76.525203
4.306600,76.525456
4.306700,76.525911
4.306800,76.526471
4.306900,76.527272
4.307000,76.527606
4.307100,76.527634
4.307200,76.528652
4.307300,76.528337
4.307400,76.529582
4.307500,76.530275
4.307600,76.529847
4.307700,76.530824
4.307800,76.530252
4.307900,76.531581
4.308000,76.532325
4.308100,76.531803
4.308200,76.533558
4.308300,76.533883
4.308400,76.533912
4.308500,76.536525
4.308600,76.535683
4.308700,76.535970
4.308800,76.536752
4.308900,76.535115
4.309000,76.539225
4.309100,76.538886
4.309200,76.539187
4.309300,76.535600
4.309400,76.536242
4.309500,76.541454
4.309600,76.532706
4.309700,76.541449
4.309800,76.530623
4.309900,76.523147
4.310000,76.542518
4.310100,76.542646
4.310200,76.558977
4.310300,76.552282
4.310400,76.540188
4.310500,76.550442
4.310600,76.548894
4.310700,76.545151
4.310800,76.547280
4.310900,76.547616
4.311000,76.548158
4.311100,76.548700
4.311200,76.548889
4.311300,76.549148
4.311400,76.549493
4.311500,76.549859
4.311600,76.550548
4.311700,76.552043
4.311800,76.553099
4.311900,76.553159
4.312000,76.552733
4.312100,76.553583
4.312200,76.554304
4.312300,76.554745
4.312400,76.555047
4.312500,76.555721
4.312600,76.556648
4.312700,76.556910
4.312800,76.557516
4.312900,76.557298
4.313000,76.558397
4.313100,76.558844
4.313200,76.559000
4.313300,76.559755
4.313400,76.559895
4.313500,76.560842
4.313600,76.562190
4.313700,76.562507
4.313800,76.562034
4.313900,76.563071
4.314000,76.563274
4.314100,76.563652
4.314200,76.564306
4.314300,76.564698
4.314400,76.565299
4.314500,76.565488
4.314600,76.566735
4.314700,76.567737
4.314800,76.567320
4.314900,76.569315
4.315000,76.570136
4.315100,76.569789
4.315200,76.569396
4.315300,76.567956
4.315400,76.569618
4.315500,76.566780
4.315600,76.571394
4.315700,76.573843
4.315800,76.576521
4.315900,76.575353
4.316000,76.574453
4.316100,76.578293
4.316200,76.581079
4.316300,76.576905
4.316400,76.581862
4.316500,76.587077
4.316600,76.585263
4.316700,76.586043
4.316800,76.599382
4.316900,76.582944
4.317000,76.585998
4.317100,76.583748
4.317200,76.581458
4.317300,76.582776
4.317400,76.583375
4.317500,76.583909
4.317600,76.584191
4.317700,76.584898
4.317800,76.584957
4.317900,76.583719
4.318000,76.585609
4.318100,76.585707
4.318200,76.585751
4.318300,76.586271
4.318400,76.586411
4.318500,76.586992
4.318600,76.587202
4.318700,76.587749
4.318800,76.588884
4.318900,76.589687
4.319000,76.590182
4.319100,76.590646
4.319200,76.591484
4.319300,76.591563
4.319400,76.591691
4.319500,76.592943
4.319600,76.593265
4.319700,76.593464
4.319800,76.594231
4.319900,76.594149
4.320000,76.594787
4.320100,76.595493
4.320200,76.595885
4.320300,76.597281
4.320400,76.597355
4.320500,76.597171
4.320600,76.597271
4.320700,76.598134
4.320800,76.598870
4.320900,76.599660
4.321000,76.600613
4.321100,76.601525
4.321200,76.601508
4.321300,76.603048
4.321400,76.601934
4.321500,76.602406
4.321600,76.602817
4.321700,76.603312
4.321800,76.603274
4.321900,76.601753
4.322000,76.601740
4.322100,76.606391
4.322200,76.604321
4.322300,76.609644
4.322400,76.610526
4.322500,76.616642
4.322600,76.615864
4.322700,76.617893
4.322800,76.622279
4.322900,76.625669
4.323000,76.617181
4.323100,76.598167
4.323200,76.583687
4.323300,76.581157
4.323400,76.593512
4.323500,76.610760
4.323600,76.615699
4.323700,76.619542
4.323800,76.620841
4.323900,76.620376
4.324000,76.621077
4.324100,76.621147
4.324200,76.621637
4.324300,76.622861
4.324400,76.622623
4.324500,76.623073
4.324600,76.623395
4.324700,76.624547
4.324800,76.624091
4.324900,76.624543
4.325000,76.625361
4.325100,76.625761
4.325200,76.627031
4.325300,76.627269
4.325400,76.627887
4.325500,76.628344
4.325600,76.628870
4.325700,76.629658
4.325800,76.629820
4.325900,76.630469
4.326000,76.630869
4.326100,76.631275
4.326200,76.631662
4.326300,76.632243
4.326400,76.632870
4.326500,76.632910
4.326600,76.633606
4.326700,76.633993
4.326800,76.634740
4.326900,76.634686
4.327000,76.635561
4.327100,76.635991
4.327200,76.635917
4.327300,76.637466
4.327400,76.637065
4.327500,76.638596
4.327600,76.639288
4.327700,76.639794
4.327800,76.639922
4.327900,76.641855
4.328000,76.641731
4.328100,76.643421
4.328200,76.642215
4.328300,76.640843
4.328400,76.641017
4.328500,76.645149
4.328600,76.646998
4.328700,76.646908
4.328800,76.642636
4.328900,76.645192
4.329000,76.639805
4.329100,76.638858
4.329200,76.638794
4.329300,76.651136
4.329400,76.665718
4.329500,76.678389
4.329600,76.678218
4.329700,76.667142
4.329800,76.669943
4.329900,76.679704
4.330000,76.679836
4.330100,76.690612
4.330200,76.689489
4.330300,76.687882
4.330400,76.687745
4.330500,76.688375
4.330600,76.688544
4.330700,76.687112
4.330800,76.686807
4.330900,76.687800
4.331000,76.689431
4.331100,76.689321
4.331200,76.689819
4.331300,76.691196
4.331400,76.691155
4.331500,76.691656
4.331600,76.692273
4.331700,76.693029
4.331800,76.693087
4.331900,76.693735
4.332000,76.693542
4.332100,76.693777
4.332200,76.694433
4.332300,76.695496
4.332400,76.696815
4.332500,76.697181
4.332600,76.697456
4.332700,76.698165
4.332800,76.698035
4.332900,76.698586
4.333000,76.699388
4.333100,76.699789
4.333200,76.700555
4.333300,76.700298
4.333400,76.700948
4.333500,76.701633
4.333600,76.701896
4.333700,76.703142
4.333800,76.704118
4.333900,76.704687
4.334000,76.704785
4.334100,76.705050
4.334200,76.704627
4.334300,76.705649
4.334400,76.705037
4.334500,76.707071
4.334600,76.708126
4.334700,76.707657
4.334800,76.708535
4.334900,76.706445
4.335000,76.705600
4.335100,76.707197
4.335200,76.710286
4.335300,76.713244
4.335400,76.714119
4.335500,76.710775
4.335600,76.705661
4.335700,76.706921
4.335800,76.700258
4.335900,76.701603
4.336000,76.698209
4.336100,76.703217
4.336200,76.703756
4.336300,76.721973
4.336400,76.723089
4.336500,76.708608
4.336600,76.719042
4.336700,76.713659
4.336800,76.714542
4.336900,76.713624
4.337000,76.714141
4.337100,76.715783
4.337200,76.716255
4.337300,76.715857
4.337400,76.716790
4.337500,76.716673
4.337600,76.717354
4.337700,76.716692
4.337800,76.716874
4.337900,76.717915
4.338000,76.718465
4.338100,76.718406
4.338200,76.718775
4.338300,76.719573
4.338400,76.719870
4.338500,76.720856
4.338600,76.721398
4.338700,76.722187
4.338800,76.722839
4.338900,76.722558
4.339000,76.722610
4.339100,76.723847
4.339200,76.724415
4.339300,76.725241
4.339400,76.724919
4.339500,76.725781
4.339600,76.726270
4.339700,76.726437
4.339800,76.726824
4.339900,76.728302
4.340000,76.729111
4.340100,76.728873
4.340200,76.729246
4.340300,76.729875
4.340400,76.730160
4.340500,76.730097
4.340600,76.731227
4.340700,76.731753
4.340800,76.731989
4.340900,76.733894
4.341000,76.733079
4.341100,76.732489
4.341200,76.732828
4.341300,76.733539
4.341400,76.735000
4.341500,76.735603
4.341600,76.732699
4.341700,76.734529
4.341800,76.736936
4.341900,76.738871
4.342000,76.736343
4.342100,76.736293
4.342200,76.737574
4.342300,76.738016
4.342400,76.739936
4.342500,76.735704
4.342600,76.747211
4.342700,76.731655
4.342800,76.735965
4.342900,76.722300
4.343000,76.714165
4.343100,76.704269
4.343200,76.704957
4.343300,76.707950
4.343400,76.708551
4.343500,76.709076
4.343600,76.709353
4.343700,76.709814
4.343800,76.709886
4.343900,76.709633
4.344000,76.709822
4.344100,76.710512
4.344200,76.711633
4.344300,76.712060
4.344400,76.712174
4.344500,76.713332
4.344600,76.714028
4.344700,76.714187
4.344800,76.713773
4.344900,76.714658
4.345000,76.715253
4.345100,76.716308
4.345200,76.716037
4.345300,76.717045
4.345400,76.717784
4.345500,76.718279
4.345600,76.718231
4.345700,76.718754
4.345800,76.719086
4.345900,76.719513
4.346000,76.719881
4.346100,76.720879
4.346200,76.720793
4.346300,76.721330
4.346400,76.721700
4.346500,76.723262
4.346600,76.723723
4.346700,76.724263
4.346800,76.724506
4.346900,76.725019
4.347000,76.725128
4.347100,76.725764
4.347200,76.726127
4.347300,76.726180
4.347400,76.727345
4.347500,76.728817
4.347600,76.729603
4.347700,76.731601
4.347800,76.730079
4.347900,76.728775
4.348000,76.725920
4.348100,76.730247
4.348200,76.731705
4.348300,76.731004
4.348400,76.728883
4.348500,76.728420
4.348600,76.732349
4.348700,76.730293
4.348800,76.740369
4.348900,76.736014
4.349000,76.722133
4.349100,76.734856
4.349200,76.730473
4.349300,76.738562
4.349400,76.735741
4.349500,76.725713
4.349600,76.728157
4.349700,76.727482
4.349800,76.723307
4.349900,76.725688
4.350000,76.726292
4.350100,76.727076
4.350200,76.726639
4.350300,76.726554
4.350400,76.727953
4.350500,76.728446
4.350600,76.727138
4.350700,76.726332
4.350800,76.727860
4.350900,76.728915
4.351000,76.730216
4.351100,76.730411
4.351200,76.731371
4.351300,76.732590
4.351400,76.733477
4.351500,76.733423
4.351600,76.733288
4.351700,76.733685
4.351800,76.734166
4.351900,76.734558
4.352000,76.734932
4.352100,76.735434
4.352200,76.736116
4.352300,76.736225
4.352400,76.736669
4.352500,76.737764
4.352600,76.737766
4.352700,76.738232
4.352800,76.739082
4.352900,76.739755
4.353000,76.740161
4.353100,76.740470
4.353200,76.740629
4.353300,76.740216
4.353400,76.741721
4.353500,76.742168
4.353600,76.742956
4.353700,76.744459
4.353800,76.744069
4.353900,76.744314
4.354000,76.745463
4.354100,76.745833
4.354200,76.746877
4.354300,76.747401
4.354400,76.747831
4.354500,76.749741
4.354600,76.750252
4.354700,76.747330
4.354800,76.749703
4.354900,76.744968
4.355000,76.746800
4.355100,76.747433
4.355200,76.746536
4.355300,76.746473
4.355400,76.747105
4.355500,76.742168
4.355600,76.749417
4.355700,76.731519
4.355800,76.750629
4.355900,76.763150
4.356000,76.753160
4.356100,76.750984
4.356200,76.745721
4.356300,76.749909
4.356400,76.750350
4.356500,76.751062
4.356600,76.751778
4.356700,76.752150
4.356800,76.752372
4.356900,76.754082
4.357000,76.753632
4.357100,76.754395
4.357200,76.754433
4.357300,76.755888
4.357400,76.755366
4.357500,76.756419
4.357600,76.756246
4.357700,76.757554
4.357800,76.758518
4.357900,76.758601
4.358000,76.759342
4.358100,76.759291
4.358200,76.760065
4.358300,76.760368
4.358400,76.761012
4.358500,76.761477
4.358600,76.762151
4.358700,76.762168
4.358800,76.763358
4.358900,76.763517
4.359000,76.764139
4.359100,76.765226
4.359200,76.765530
4.359300,76.765471
4.359400,76.766103
4.359500,76.766593
4.359600,76.766531
4.359700,76.767336
4.359800,76.768033
4.359900,76.768860
4.360000,76.768546
4.360100,76.768995
4.360200,76.770509
4.360300,76.771379
4.360400,76.771971
4.360500,76.771759
4.360600,76.771340
4.360700,76.771451
4.360800,76.774561
4.360900,76.775521
4.361000,76.776220
4.361100,76.778765
4.361200,76.779324
4.361300,76.775559
4.361400,76.779709
4.361500,76.780280
4.361600,76.781522
4.361700,76.790297
4.361800,76.785704
4.361900,76.777777
4.362000,76.770026
4.362100,76.768359
4.362200,76.776697
4.362300,76.778709
4.362400,76.796508
4.362500,76.803278
4.362600,76.811891
4.362700,76.820183
4.362800,76.816220
4.362900,76.814199
4.363000,76.816216
4.363100,76.816613
4.363200,76.817325
4.363300,76.818198
4.363400,76.818355
4.363500,76.817380
4.363600,76.819317
4.363700,76.819768
4.363800,76.819557
4.363900,76.819909
4.364000,76.819994
4.364100,76.820836
4.364200,76.820816
4.364300,76.822136
4.364400,76.822696
4.364500,76.823469
4.364600,76.823467
4.364700,76.824263
4.364800,76.824753
4.364900,76.825251
4.365000,76.826022
4.365100,76.826392
4.365200,76.826666
4.365300,76.827461
4.365400,76.827842
4.365500,76.827781
4.365600,76.828631
4.365700,76.828841
4.365800,76.829183
4.365900,76.830404
4.366000,76.830814
4.366100,76.831074
4.366200,76.832018
4.366300,76.832510
4.366400,76.832443
4.366500,76.832837
4.366600,76.832997
4.366700,76.833195
4.366800,76.835390
4.366900,76.835214
4.367000,76.836322
4.367100,76.836342
4.367200,76.836583
4.367300,76.837142
4.367400,76.838125
4.367500,76.837492
4.367600,76.838135
4.367700,76.840970
4.367800,76.840255
4.367900,76.840526
4.368000,76.838293
4.368100,76.837134
4.368200,76.830033
4.368300,76.839426
4.368400,76.840634
4.368500,76.828048
4.368600,76.817335
4.368700,76.833937
4.368800,76.846903
4.368900,76.848461
4.369000,76.843140
4.369100,76.831410
4.369200,76.836073
4.369300,76.834570
4.369400,76.837176
4.369500,76.836876
4.369600,76.837897
4.369700,76.838877
4.369800,76.839741
4.369900,76.838417
4.370000,76.839990
4.370100,76.839052
4.370200,76.839197
4.370300,76.839941
4.370400,76.839618
4.370500,76.840690
4.370600,76.840503
4.370700,76.841136
4.370800,76.841940
4.370900,76.842129
4.371000,76.842328
4.371100,76.842633
4.371200,76.843102
4.371300,76.844101
4.371400,76.845053
4.371500,76.844728
4.371600,76.845805
4.371700,76.846348
4.371800,76.846906
4.371900,76.846742
4.372000,76.847190
4.372100,76.848296
4.372200,76.848413
4.372300,76.848949
4.372400,76.849908
4.372500,76.850519
4.372600,76.850998
4.372700,76.851441
4.372800,76.851689
4.372900,76.852283
4.373000,76.853148
4.373100,76.853178
4.373200,76.852693
4.373300,76.854764
4.373400,76.855089
4.373500,76.856137
4.373600,76.857834
4.373700,76.857727
4.373800,76.857166
4.373900,76.855827
4.374000,76.857499
4.374100,76.860275
4.374200,76.861915
4.374300,76.861251
4.374400,76.858345
4.374500,76.864533
4.374600,76.863623
4.374700,76.861198
4.374800,76.868123
4.374900,76.878656
4.375000,76.880829
4.375100,76.891496
4.375200,76.875533
4.375300,76.856943
4.375400,76.864531
4.375500,76.869393
4.375600,76.886510
4.375700,76.889436
4.375800,76.887501
4.375900,76.891528
4.376000,76.891626
4.376100,76.891954
4.376200,76.891871
4.376300,76.891011
4.376400,76.893326
4.376500,76.893898
4.376600,76.894520
4.376700,76.894889
4.376800,76.894940
4.376900,76.896423
4.377000,76.895893
4.377100,76.896648
4.377200,76.897100
4.377300,76.897167
4.377400,76.897893
4.377500,76.898008
4.377600,76.898901
4.377700,76.899637
4.377800,76.899405
4.377900,76.900287
4.378000,76.901314
4.378100,76.901457
4.378200,76.902089
4.378300,76.902770
4.378400,76.902893
4.378500,76.903170
4.378600,76.903466
4.378700,76.904342
4.378800,76.905295
4.378900,76.906150
4.379000,76.905936
4.379100,76.906076
4.379200,76.906404
4.379300,76.907387
4.379400,76.907486
4.379500,76.908885
4.379600,76.909037
4.379700,76.909901
4.379800,76.909619
4.379900,76.910258
4.380000,76.912287
4.380100,76.910919
4.380200,76.912291
4.380300,76.913703
4.380400,76.913570
4.380500,76.911136
4.380600,76.911568
4.380700,76.915103
4.380800,76.912295
4.380900,76.913699
4.381000,76.913199
4.381100,76.910612
4.381200,76.909879
4.381300,76.908638
4.381400,76.919723
4.381500,76.931119
4.381600,76.931563
4.381700,76.921648
4.381800,76.923232
4.381900,76.938906
4.382000,76.928137
4.382100,76.913727
4.382200,76.911240
4.382300,76.917125
4.382400,76.916079
4.382500,76.917720
4.382600,76.918231
4.382700,76.918918
4.382800,76.919069
4.382900,76.919439
4.383000,76.920603
4.383100,76.921871
4.383200,76.922334
4.383300,76.923945
4.383400,76.923880
4.383500,76.925256
4.383600,76.926440
4.383700,76.926688
4.383800,76.926591
4.383900,76.926713
4.384000,76.927342
4.384100,76.927727
4.384200,76.928572
4.384300,76.928990
4.384400,76.929076
4.384500,76.929806
4.384600,76.930964
4.384700,76.931100
4.384800,76.930888
4.384900,76.931706
4.385000,76.932487
4.385100,76.932827
4.385200,76.933725
4.385300,76.933478
4.385400,76.934976
4.385500,76.935101
4.385600,76.935357
4.385700,76.935479
4.385800,76.935993
4.385900,76.936347
4.386000,76.937084
4.386100,76.937602
4.386200,76.938826
4.386300,76.939664
4.386400,76.938854
4.386500,76.939747
4.386600,76.940014
4.386700,76.941340
4.386800,76.942107
4.386900,76.943511
4.387000,76.941132
4.387100,76.941216
4.387200,76.939381
4.387300,76.941406
4.387400,76.943267
4.387500,76.943369
4.387600,76.939626
4.387700,76.941486
4.387800,76.942851
4.387900,76.946116
4.388000,76.947162
4.388100,76.937820
4.388200,76.952363
4.388300,76.946674
4.388400,76.965461
4.388500,76.970228
4.388600,76.969265
4.388700,76.973339
4.388800,76.967462
4.388900,76.965205
4.389000,76.966005
4.389100,76.966483
4.389200,76.967185
4.389300,76.968126
4.389400,76.967732
4.389500,76.969732
4.389600,76.970511
4.389700,76.971398
4.389800,76.970875
4.389900,76.971571
4.390000,76.972322
4.390100,76.972840
4.390200,76.972623
4.390300,76.973250
4.390400,76.974134
4.390500,76.973955
4.390600,76.975022
4.390700,76.975395
4.390800,76.976004
4.390900,76.976466
4.391000,76.977481
4.391100,76.977370
4.391200,76.977752
4.391300,76.977846
4.391400,76.978890
4.391500,76.979383
4.391600,76.979954
4.391700,76.980396
4.391800,76.980937
4.391900,76.981012
4.392000,76.982466
4.392100,76.982278
4.392200,76.981847
4.392300,76.983354
4.392400,76.983940
4.392500,76.983782
4.392600,76.983536
4.392700,76.984738
4.392800,76.986478
4.392900,76.987487
4.393000,76.988730
4.393100,76.987581
4.393200,76.988628
4.393300,76.988137
4.393400,76.989494
4.393500,76.989774
4.393600,76.990604
4.393700,76.990232
4.393800,76.986426
4.393900,76.985893
4.394000,76.984270
4.394100,76.977564
4.394200,76.972423
4.394300,76.972910
4.394400,76.975543
4.394500,76.982460
4.394600,76.984372
4.394700,76.975294
4.394800,76.962697
4.394900,76.955667
4.395000,76.956425
4.395100,76.953753
4.395200,76.944513
4.395300,76.944714
4.395400,76.943471
4.395500,76.944140
4.395600,76.944584
4.395700,76.944019
4.395800,76.944513
4.395900,76.945272
4.396000,76.947454
4.396100,76.947500
4.396200,76.948454
4.396300,76.948794
4.396400,76.950205
4.396500,76.949489
4.396600,76.949695
4.396700,76.950944
4.396800,76.951628
4.396900,76.951545
4.397000,76.952220
4.397100,76.952529
4.397200,76.952461
4.397300,76.953463
4.397400,76.954021
4.397500,76.954720
4.397600,76.955346
4.397700,76.955839
4.397800,76.956450
4.397900,76.956927
4.398000,76.956567
4.398100,76.956922
4.398200,76.957908
4.398300,76.957877
4.398400,76.958528
4.398500,76.958770
4.398600,76.959171
4.398700,76.960487
4.398800,76.960742
4.398900,76.961632
4.399000,76.962895
4.399100,76.962829
4.399200,76.962865
4.399300,76.963966
4.399400,76.964740
4.399500,76.963909
4.399600,76.965995
4.399700,76.967087
4.399800,76.966813
4.399900,76.967076
4.400000,76.967034
4.400100,76.966292
4.400200,76.966939
4.400300,76.970838
4.400400,76.973531
4.400500,76.972697
4.400600,76.971376
4.400700,76.971470
4.400800,76.973405
4.400900,76.973351
4.401000,76.965350
4.401100,76.963463
4.401200,76.960833
4.401300,76.982475
4.401400,76.970200
4.401500,76.989995
4.401600,76.989515
4.401700,76.989859
4.401800,76.992785
4.401900,76.989600
4.402000,76.990403
4.402100,76.990630
4.402200,76.991133
4.402300,76.992831
4.402400,76.992519
4.402500,76.992405
4.402600,76.994484
4.402700,76.994409
4.402800,76.996119
4.402900,76.996353
4.403000,76.995793
4.403100,76.996572
4.403200,76.996584
4.403300,76.997129
4.403400,76.997863
4.403500,76.998316
4.403600,76.998535
4.403700,76.999167
4.403800,76.999876
4.403900,77.000644
4.404000,77.000903
4.404100,77.002223
4.404200,77.001819
4.404300,77.002355
4.404400,77.002985
4.404500,77.002894
4.404600,77.003566
4.404700,77.004582
4.404800,77.006001
4.404900,77.006151
4.405000,77.005889
4.405100,77.006550
4.405200,77.006446
4.405300,77.007203
4.405400,77.007675
4.405500,77.008999
4.405600,77.009683
4.405700,77.009867
4.405800,77.009817
4.405900,77.010458
4.406000,77.011463
4.406100,77.012157
4.406200,77.014141
4.406300,77.013949
4.406400,77.013839
4.406500,77.012608
4.406600,77.013128
4.406700,77.015125
4.406800,77.014914
4.406900,77.010244
4.407000,77.005948
4.407100,77.008307
4.407200,77.017015
4.407300,77.021616
4.407400,77.026759
4.407500,77.024319
4.407600,77.038737
4.407700,77.031604
4.407800,77.039235
4.407900,77.032544
4.408000,77.049449
4.408100,77.059736
4.408200,77.057632
4.408300,77.060287
4.408400,77.058673
4.408500,77.059021
4.408600,77.059412
4.408700,77.061243
4.408800,77.061664
4.408900,77.063456
4.409000,77.063805
4.409100,77.063359
4.409200,77.063849
4.409300,77.064246
4.409400,77.064753
4.409500,77.065330
4.409600,77.065757
4.409700,77.065929
4.409800,77.067275
4.409900,77.066800
4.410000,77.067425
4.410100,77.067430
4.410200,77.068067
4.410300,77.068234
4.410400,77.069449
4.410500,77.069784
4.410600,77.070431
4.410700,77.071109
4.410800,77.071373
4.410900,77.071465
4.411000,77.072512
4.411100,77.072744
4.411200,77.074122
4.411300,77.073996
4.411400,77.075207
4.411500,77.075277
4.411600,77.076136
4.411700,77.076455
4.411800,77.076217
4.411900,77.076515
4.412000,77.077033
4.412100,77.078818
4.412200,77.079201
4.412300,77.079051
4.412400,77.078682
4.412500,77.077853
4.412600,77.080176
4.412700,77.079752
4.412800,77.079239
4.412900,77.082693
4.413000,77.081067
4.413100,77.078049
4.413200,77.082697
4.413300,77.083205
4.413400,77.085862
4.413500,77.091764
4.413600,77.087848
4.413700,77.093786
4.413800,77.092049
4.413900,77.091594
4.414000,77.096466
4.414100,77.086587
4.414200,77.069287
4.414300,77.069452
4.414400,77.090368
4.414500,77.074413
4.414600,77.081374
4.414700,77.088230
4.414800,77.082305
4.414900,77.081125
4.415000,77.081705
4.415100,77.082139
4.415200,77.082885
4.415300,77.084440
4.415400,77.083112
4.415500,77.084126
4.415600,77.082741
4.415700,77.084835
4.415800,77.084893
4.415900,77.085853
4.416000,77.086300
4.416100,77.086029
4.416200,77.086346
4.416300,77.086810
4.416400,77.086939
4.416500,77.087646
4.416600,77.088233
4.416700,77.088624
4.416800,77.089023
4.416900,77.090073
4.417000,77.090293
4.417100,77.090658
4.417200,77.091617
4.417300,77.091616
4.417400,77.092416
4.417500,77.092912
4.417600,77.093914
4.417700,77.094038
4.417800,77.094472
4.417900,77.094408
4.418000,77.094435
4.418100,77.095452
4.418200,77.095569
4.418300,77.096602
4.418400,77.096957
4.418500,77.097395
4.418600,77.099324
4.418700,77.100136
4.418800,77.099222
4.418900,77.101687
4.419000,77.101004
4.419100,77.102239
4.419200,77.101598
4.419300,77.101467
4.419400,77.102493
4.419500,77.103104
4.419600,77.100824
4.419700,77.098928
4.419800,77.104193
4.419900,77.107074
4.420000,77.108489
4.420100,77.107577
4.420200,77.102453
4.420300,77.103465
4.420400,77.109301
4.420500,77.094933
4.420600,77.105124
4.420700,77.114631
4.420800,77.130832
4.420900,77.127361
4.421000,77.124726
4.421100,77.126111
4.421200,77.128191
4.421300,77.128390
4.421400,77.129720
4.421500,77.129694
4.421600,77.130107
4.421700,77.131838
4.421800,77.131178
4.421900,77.131419
4.422000,77.131016
4.422100,77.131382
4.422200,77.132147
4.422300,77.133422
4.422400,77.134336
4.422500,77.135013
4.422600,77.135436
4.422700,77.135717
4.422800,77.135660
4.422900,77.136682
4.423000,77.137651
4.423100,77.138159
4.423200,77.138162
4.423300,77.138743
4.423400,77.139315
4.423500,77.139527
4.423600,77.139985
4.423700,77.140445
4.423800,77.141459
4.423900,77.141311
4.424000,77.142157
4.424100,77.142673
4.424200,77.142972
4.424300,77.143959
4.424400,77.144723
4.424500,77.145295
4.424600,77.145549
4.424700,77.145932
4.424800,77.146104
4.424900,77.146010
4.425000,77.147152
4.425100,77.147702
4.425200,77.148944
4.425300,77.148858
4.425400,77.148994
4.425500,77.149270
4.425600,77.150177
4.425700,77.149470
4.425800,77.149471
4.425900,77.149509
4.426000,77.148827
4.426100,77.150293
4.426200,77.152738
4.426300,77.155375
4.426400,77.152438
4.426500,77.150305
4.426600,77.144349
4.426700,77.143003
4.426800,77.138629
4.426900,77.143119
4.427000,77.133726
4.427100,77.120460
4.427200,77.099054
4.427300,77.095129
4.427400,77.081189
4.427500,77.082397
4.427600,77.088243
4.427700,77.087701
4.427800,77.089120
4.427900,77.088800
4.428000,77.089312
4.428100,77.089075
4.428200,77.090614
4.428300,77.090879
4.428400,77.093370
4.428500,77.091994
4.428600,77.093351
4.428700,77.093476
4.428800,77.093402
4.428900,77.093296
4.429000,77.093759
4.429100,77.094588
4.429200,77.095285
4.429300,77.096315
4.429400,77.096210
4.429500,77.097304
4.429600,77.098002
4.429700,77.098419
4.429800,77.098757
4.429900,77.099235
4.430000,77.099122
4.430100,77.099848
4.430200,77.100428
4.430300,77.100919
4.430400,77.101297
4.430500,77.101487
4.430600,77.102376
4.430700,77.103108
4.430800,77.103384
4.430900,77.103763
4.431000,77.104293
4.431100,77.104876
4.431200,77.105450
4.431300,77.105495
4.431400,77.107296
4.431500,77.108064
4.431600,77.107570
4.431700,77.107734
4.431800,77.108020
4.431900,77.109697
4.432000,77.109544
4.432100,77.110778
4.432200,77.111860
4.432300,77.112807
4.432400,77.113125
4.432500,77.112706
4.432600,77.111568
4.432700,77.112958
4.432800,77.112914
4.432900,77.116025
4.433000,77.114482
4.433100,77.111449
4.433200,77.119070
4.433300,77.123536
4.433400,77.132897
4.433500,77.136803
4.433600,77.148253
4.433700,77.152792
4.433800,77.156433
4.433900,77.144173
4.434000,77.130740
4.434100,77.131057
4.434200,77.138338
4.434300,77.139585
4.434400,77.141585
4.434500,77.142093
4.434600,77.143548
4.434700,77.142319
4.434800,77.142897
4.434900,77.143126
4.435000,77.143668
4.435100,77.143756
4.435200,77.144465
4.435300,77.144237
4.435400,77.144532
4.435500,77.145113
4.435600,77.145844
4.435700,77.146356
4.435800,77.147467
4.435900,77.147763
4.436000,77.148545
4.436100,77.148794
4.436200,77.148892
4.436300,77.150025
4.436400,77.150359
4.436500,77.150953
4.436600,77.151116
4.436700,77.151863
4.436800,77.152350
4.436900,77.152880
4.437000,77.153424
4.437100,77.154049
4.437200,77.154389
4.437300,77.155024
4.437400,77.155239
4.437500,77.156382
4.437600,77.156437
4.437700,77.157231
4.437800,77.158023
4.437900,77.157987
4.438000,77.158135
4.438100,77.159771
4.438200,77.160473
4.438300,77.160335
4.438400,77.161434
4.438500,77.161054
4.438600,77.161749
4.438700,77.160529
4.438800,77.160508
4.438900,77.160064
4.439000,77.161905
4.439100,77.160943
4.439200,77.165948
4.439300,77.170152
4.439400,77.170031
4.439500,77.174614
4.439600,77.172771
4.439700,77.174637
4.439800,77.166085
4.439900,77.178142
4.440000,77.183463
4.440100,77.204181
4.440200,77.224643
4.440300,77.215619
4.440400,77.198005
4.440500,77.203840
4.440600,77.206047
4.440700,77.212801
4.440800,77.211911
4.440900,77.213495
4.441000,77.214066
4.441100,77.214667
4.441200,77.214675
4.441300,77.215634
4.441400,77.214600
4.441500,77.215626
4.441600,77.217463
4.441700,77.217696
4.441800,77.218597
4.441900,77.218359
4.442000,77.218290
4.442100,77.219457
4.442200,77.219899
4.442300,77.220004
4.442400,77.220537
4.442500,77.221112
4.442600,77.222406
4.442700,77.222478
4.442800,77.223405
4.442900,77.223803
4.443000,77.223902
4.443100,77.224344
4.443200,77.225417
4.443300,77.225422
4.443400,77.226224
4.443500,77.226948
4.443600,77.227454
4.443700,77.227545
4.443800,77.227871
4.443900,77.228757
4.444000,77.229690
4.444100,77.230386
4.444200,77.229807
4.444300,77.229918
4.444400,77.231824
4.444500,77.231834
4.444600,77.231016
4.444700,77.233204
4.444800,77.233989
4.444900,77.233300
4.445000,77.232509
4.445100,77.233026
4.445200,77.236092
4.445300,77.237327
4.445400,77.234850
4.445500,77.238011
4.445600,77.241798
4.445700,77.243989
4.445800,77.245176
4.445900,77.243708
4.446000,77.241188
4.446100,77.233896
4.446200,77.225703
4.446300,77.224830
4.446400,77.227597
4.446500,77.239707
4.446600,77.243968
4.446700,77.264966
4.446800,77.271197
4.446900,77.269419
4.447000,77.256187
4.447100,77.258018
4.447200,77.264336
4.447300,77.264052
4.447400,77.263940
4.447500,77.264478
4.447600,77.265263
4.447700,77.267282
4.447800,77.266505
4.447900,77.265119
4.448000,77.266068
4.448100,77.267511
4.448200,77.268352
4.448300,77.268684
4.448400,77.269829
4.448500,77.269373
4.448600,77.269908
4.448700,77.270504
4.448800,77.270589
4.448900,77.271436
4.449000,77.271977
4.449100,77.272289
4.449200,77.273134
4.449300,77.273575
4.449400,77.273974
4.449500,77.274192
4.449600,77.275019
4.449700,77.275478
4.449800,77.275415
4.449900,77.276077
4.450000,77.276662
4.450100,77.277674
4.450200,77.277828
4.450300,77.278986
4.450400,77.279671
4.450500,77.280029
4.450600,77.280172
4.450700,77.279726
4.450800,77.281319
4.450900,77.280989
4.451000,77.282022
4.451100,77.283474
4.451200,77.282416
4.451300,77.282741
4.451400,77.282737
4.451500,77.281371
4.451600,77.281976
4.451700,77.284866
4.451800,77.285121
4.451900,77.286256
4.452000,77.286052
4.452100,77.290571
4.452200,77.292501
4.452300,77.295392
4.452400,77.296979
4.452500,77.294254
4.452600,77.303875
4.452700,77.294810
4.452800,77.295550
4.452900,77.285750
4.453000,77.287527
4.453100,77.286413
4.453200,77.275654
4.453300,77.271198
4.453400,77.282753
4.453500,77.278289
4.453600,77.276843
4.453700,77.276985
4.453800,77.279439
4.453900,77.279939
4.454000,77.279756
4.454100,77.279454
4.454200,77.280501
4.454300,77.282470
4.454400,77.282360
4.454500,77.283793
4.454600,77.284075
4.454700,77.284204
4.454800,77.285440
4.454900,77.285547
4.455000,77.286235
4.455100,77.287373
4.455200,77.288273
4.455300,77.288684
4.455400,77.288966
4.455500,77.289421
4.455600,77.289895
4.455700,77.289976
4.455800,77.290143
4.455900,77.290889
4.456000,77.291325
4.456100,77.291941
4.456200,77.292545
4.456300,77.292888
4.456400,77.293674
4.456500,77.293802
4.456600,77.293922
4.456700,77.294756
4.456800,77.295381
4.456900,77.296231
4.457000,77.295789
4.457100,77.297542
4.457200,77.298176
4.457300,77.297354
4.457400,77.298516
4.457500,77.298756
4.457600,77.299540
4.457700,77.300401
4.457800,77.301657
4.457900,77.301240
4.458000,77.301839
4.458100,77.302168
4.458200,77.302545
4.458300,77.304873
4.458400,77.307072
4.458500,77.307028
4.458600,77.303812
4.458700,77.304749
4.458800,77.306366
4.458900,77.306877
4.459000,77.308326
4.459100,77.313727
4.459200,77.307457
4.459300,77.308549
4.459400,77.302442
4.459500,77.293061
4.459600,77.314147
4.459700,77.316917
4.459800,77.304191
4.459900,77.312338
4.460000,77.315214
4.460100,77.309623
4.460200,77.311667
4.460300,77.312765
4.460400,77.313282
4.460500,77.314125
4.460600,77.313173
4.460700,77.314753
4.460800,77.315727
4.460900,77.318038
4.461000,77.318246
4.461100,77.319211
4.461200,77.319277
4.461300,77.319121
4.461400,77.320180
4.461500,77.320285
4.461600,77.320558
4.461700,77.320875
4.461800,77.321395
4.461900,77.322189
4.462000,77.322308
4.462100,77.322751
4.462200,77.323726
4.462300,77.323793
4.462400,77.324399
4.462500,77.324926
4.462600,77.325052
4.462700,77.325707
4.462800,77.326477
4.462900,77.327162
4.463000,77.327578
4.463100,77.327940
4.463200,77.328609
4.463300,77.329084
4.463400,77.328801
4.463500,77.330088
4.463600,77.330394
4.463700,77.331019
4.463800,77.331548
4.463900,77.332526
4.464000,77.331881
4.464100,77.333578
4.464200,77.334205
4.464300,77.333542
4.464400,77.332369
4.464500,77.332577
4.464600,77.334251
4.464700,77.337250
4.464800,77.335594
4.464900,77.337167
4.465000,77.338018
4.465100,77.337134
4.465200,77.338732
4.465300,77.338742
4.465400,77.338610
4.465500,77.335866
4.465600,77.330643
4.465700,77.330638
4.465800,77.317701
4.465900,77.310953
4.466000,77.316697
4.466100,77.324709
4.466200,77.342537
4.466300,77.331724
4.466400,77.336527
4.466500,77.339365
4.466600,77.335548
4.466700,77.334666
4.466800,77.334903
4.466900,77.335339
4.467000,77.335027
4.467100,77.336507
4.467200,77.337028
4.467300,77.336818
4.467400,77.337726
4.467500,77.338010
4.467600,77.338709
4.467700,77.340029
4.467800,77.340180
4.467900,77.341001
4.468000,77.341988
4.468100,77.341604
4.468200,77.342284
4.468300,77.342707
4.468400,77.343108
4.468500,77.343783
4.468600,77.344273
4.468700,77.344857
4.468800,77.345505
4.468900,77.346002
4.469000,77.345814
4.469100,77.346592
4.469200,77.347116
4.469300,77.347400
4.469400,77.348400
4.469500,77.348902
4.469600,77.349591
4.469700,77.350139
4.469800,77.350176
4.469900,77.350781
4.470000,77.351302
4.470100,77.350893
4.470200,77.351962
4.470300,77.352113
4.470400,77.352721
4.470500,77.352942
4.470600,77.354037
4.470700,77.354129
4.470800,77.356216
4.470900,77.356206
4.471000,77.357433
4.471100,77.356512
4.471200,77.356597
4.471300,77.359218
4.471400,77.359210
4.471500,77.359504
4.471600,77.362338
4.471700,77.367814
4.471800,77.364610
4.471900,77.365392
4.472000,77.357603
4.472100,77.359171
4.472200,77.370479
4.472300,77.369816
4.472400,77.355811
4.472500,77.360597
4.472600,77.352882
4.472700,77.351461
4.472800,77.343389
4.472900,77.355093
4.473000,77.357196
4.473100,77.362337
4.473200,77.361876
4.473300,77.362383
4.473400,77.362120
4.473500,77.363553
4.473600,77.365753
4.473700,77.366991
4.473800,77.367169
4.473900,77.367923
4.474000,77.367303
4.474100,77.368502
4.474200,77.368055
4.474300,77.368887
4.474400,77.370019
4.474500,77.370159
4.474600,77.369948
4.474700,77.370943
4.474800,77.371631
4.474900,77.371327
4.475000,77.372445
4.475100,77.372788
4.475200,77.373196
4.475300,77.373685
4.475400,77.374510
4.475500,77.375373
4.475600,77.375739
4.475700,77.376229
4.475800,77.377310
4.475900,77.377229
4.476000,77.377748
4.476100,77.377992
4.476200,77.379107
4.476300,77.379713
4.476400,77.380278
4.476500,77.379981
4.476600,77.380305
4.476700,77.381342
4.476800,77.381568
4.476900,77.381762
4.477000,77.383703
4.477100,77.384315
4.477200,77.383215
4.477300,77.383202
4.477400,77.384249
4.477500,77.385732
4.477600,77.383777
4.477700,77.385451
4.477800,77.387913
4.477900,77.389194
4.478000,77.387225
4.478100,77.382838
4.478200,77.384158
4.478300,77.387560
4.478400,77.394793
4.478500,77.391548
4.478600,77.392564
4.478700,77.404343
4.478800,77.392770
4.478900,77.394265
4.479000,77.411840
4.479100,77.422098
4.479200,77.418598
4.479300,77.404976
4.479400,77.402004
4.479500,77.410075
4.479600,77.411039
4.479700,77.410451
4.479800,77.410691
4.479900,77.410678
4.480000,77.412093
4.480100,77.413387
4.480200,77.412728
4.480300,77.413988
4.480400,77.414707
4.480500,77.415910
4.480600,77.415790
4.480700,77.416129
4.480800,77.415833
4.480900,77.417275
4.481000,77.417629
4.481100,77.418373
4.481200,77.418606
4.481300,77.419478
4.481400,77.420060
4.481500,77.419755
4.481600,77.420474
4.481700,77.420893
4.481800,77.421598
4.481900,77.422191
4.482000,77.422401
4.482100,77.422841
4.482200,77.423487
4.482300,77.424025
4.482400,77.424038
4.482500,77.424767
4.482600,77.425887
4.482700,77.426860
4.482800,77.426997
4.482900,77.426521
4.483000,77.427614
4.483100,77.428026
4.483200,77.428035
4.483300,77.428752
4.483400,77.429012
4.483500,77.429849
4.483600,77.429566
4.483700,77.431130
4.483800,77.432082
4.483900,77.432202
4.484000,77.432984
4.484100,77.432916
4.484200,77.431690
4.484300,77.431505
4.484400,77.433895
4.484500,77.433614
4.484600,77.431650
4.484700,77.435701
4.484800,77.441628
4.484900,77.445001
4.485000,77.435615
4.485100,77.430785
4.485200,77.435074
4.485300,77.439146
4.485400,77.421233
4.485500,77.409657
4.485600,77.418048
4.485700,77.420759
4.485800,77.424852
4.485900,77.422203
4.486000,77.420605
4.486100,77.420880
4.486200,77.421366
4.486300,77.421331
4.486400,77.422072
4.486500,77.422750
4.486600,77.424318
4.486700,77.425906
4.486800,77.425490
4.486900,77.425186
4.487000,77.425997
4.487100,77.426378
4.487200,77.426409
4.487300,77.427277
4.487400,77.427263
4.487500,77.428211
4.487600,77.429004
4.487700,77.430169
4.487800,77.429839
4.487900,77.429991
4.488000,77.430754
4.488100,77.430713
4.488200,77.431496
4.488300,77.432404
4.488400,77.432447
4.488500,77.433201
4.488600,77.433820
4.488700,77.434410
4.488800,77.434827
4.488900,77.434947
4.489000,77.435755
4.489100,77.436344
4.489200,77.436814
4.489300,77.436654
4.489400,77.436625
4.489500,77.438390
4.489600,77.438063
4.489700,77.438736
4.489800,77.439336
4.489900,77.439579
4.490000,77.439547
4.490100,77.441587
4.490200,77.441189
4.490300,77.442188
4.490400,77.442478
4.490500,77.442214
4.490600,77.444609
4.490700,77.445324
4.490800,77.445282
4.490900,77.444510
4.491000,77.443426
4.491100,77.442000
4.491200,77.440098
4.491300,77.442094
4.491400,77.447973
4.491500,77.448007
4.491600,77.451058
4.491700,77.466196
4.491800,77.457628
4.491900,77.468462
4.492000,77.473046
4.492100,77.485076
4.492200,77.475959
4.492300,77.480187
4.492400,77.480502
4.492500,77.481710
4.492600,77.482939
4.492700,77.483930
4.492800,77.485769
4.492900,77.485409
4.493000,77.485167
4.493100,77.485660
4.493200,77.486453
4.493300,77.487346
4.493400,77.488923
4.493500,77.489218
4.493600,77.489630
4.493700,77.490675
4.493800,77.490347
4.493900,77.491494
4.494000,77.491083
4.494100,77.491982
4.494200,77.492230
4.494300,77.492594
4.494400,77.493302
4.494500,77.493774
4.494600,77.494442
4.494700,77.494883
4.494800,77.495028
4.494900,77.495866
4.495000,77.495793
4.495100,77.496546
4.495200,77.497493
4.495300,77.497948
4.495400,77.499286
4.495500,77.499570
4.495600,77.499218
4.495700,77.500555
4.495800,77.500652
4.495900,77.500309
4.496000,77.501423
4.496100,77.502531
4.496200,77.501828
4.496300,77.502761
4.496400,77.503730
4.496500,77.504452
4.496600,77.504315
4.496700,77.504708
4.496800,77.505986
4.496900,77.505735
4.497000,77.508990
4.497100,77.509966
4.497200,77.507293
4.497300,77.507386
4.497400,77.507428
4.497500,77.508505
4.497600,77.505810
4.497700,77.508186
4.497800,77.509547
4.497900,77.511484
4.498000,77.518522
4.498100,77.514260
4.498200,77.501914
4.498300,77.489856
4.498400,77.477206
4.498500,77.475303
4.498600,77.465528
4.498700,77.469164
4.498800,77.469906
4.498900,77.476381
4.499000,77.476150
4.499100,77.476697
4.499200,77.477254
4.499300,77.477904
4.499400,77.479225
4.499500,77.479354
4.499600,77.479461
4.499700,77.479888
4.499800,77.479292
4.499900,77.479979
4.500000,77.480942
4.500100,77.481241
4.500200,77.482201
4.500300,77.482724
4.500400,77.482890
4.500500,77.483428
4.500600,77.483539
4.500700,77.484329
4.500800,77.484816
4.500900,77.485182
4.501000,77.485798
4.501100,77.486485
4.501200,77.486804
4.501300,77.487813
4.501400,77.488266
4.501500,77.488746
4.501600,77.489801
4.501700,77.489374
4.501800,77.489805
4.501900,77.490466
4.502000,77.490757
4.502100,77.491955
4.502200,77.492605
4.502300,77.492514
4.502400,77.492533
4.502500,77.493097
4.502600,77.493646
4.502700,77.494075
4.502800,77.494297
4.502900,77.495195
4.503000,77.495981
4.503100,77.494764
4.503200,77.497121
4.503300,77.496398
4.503400,77.498605
4.503500,77.497250
4.503600,77.496770
4.503700,77.496853
4.503800,77.499116
4.503900,77.497446
4.504000,77.501112
4.504100,77.508213
4.504200,77.501452
4.504300,77.505426
4.504400,77.514539
4.504500,77.510448
4.504600,77.511215
4.504700,77.505237
4.504800,77.525714
4.504900,77.521227
4.505000,77.519248
4.505100,77.519057
4.505200,77.527401
4.505300,77.524470
4.505400,77.523155
4.505500,77.523451
4.505600,77.523749
4.505700,77.524394
4.505800,77.523370
4.505900,77.523951
4.506000,77.525044
4.506100,77.526257
4.506200,77.527373
4.506300,77.529370
4.506400,77.528321
4.506500,77.528805
4.506600,77.528604
4.506700,77.529238
4.506800,77.530173
4.506900,77.530371
4.507000,77.531304
4.507100,77.531237
4.507200,77.531469
4.507300,77.532295
4.507400,77.532636
4.507500,77.532676
4.507600,77.533238
4.507700,77.534196
4.507800,77.534269
4.507900,77.534957
4.508000,77.535119
4.508100,77.536242
4.508200,77.536907
4.508300,77.537434
4.508400,77.537719
4.508500,77.537953
4.508600,77.538019
4.508700,77.538768
4.508800,77.539718
4.508900,77.539615
4.509000,77.539758
4.509100,77.540638
4.509200,77.540955
4.509300,77.542316
4.509400,77.542328
4.509500,77.542943
4.509600,77.542252
4.509700,77.544331
4.509800,77.547232
4.509900,77.546921
4.510000,77.545914
4.510100,77.545452
4.510200,77.547445
4.510300,77.551790
4.510400,77.548061
4.510500,77.543788
4.510600,77.541523
4.510700,77.539227
4.510800,77.537392
4.510900,77.549429
4.511000,77.552247
4.511100,77.546122
4.511200,77.564451
4.511300,77.566437
4.511400,77.565694
4.511500,77.550013
4.511600,77.553039
4.511700,77.547266
4.511800,77.551328
4.511900,77.552229
4.512000,77.552362
4.512100,77.551881
4.512200,77.552097
4.512300,77.551461
4.512400,77.552088
4.512500,77.553937
4.512600,77.555265
4.512700,77.555426
4.512800,77.555464
4.512900,77.555667
4.513000,77.555825
4.513100,77.556759
4.513200,77.556939
4.513300,77.557995
4.513400,77.558684
4.513500,77.558377
4.513600,77.559591
4.513700,77.559910
4.513800,77.560425
4.513900,77.560788
4.514000,77.561416
4.514100,77.561516
4.514200,77.562182
4.514300,77.562747
4.514400,77.562606
4.514500,77.563972
4.514600,77.564135
4.514700,77.564539
4.514800,77.565096
4.514900,77.565620
4.515000,77.566359
4.515100,77.567254
4.515200,77.566788
4.515300,77.567998
4.515400,77.568807
4.515500,77.568599
4.515600,77.569426
4.515700,77.570040
4.515800,77.570472
4.515900,77.571278
4.516000,77.573021
4.516100,77.572858
4.516200,77.572339
4.516300,77.575020
4.516400,77.573346
4.516500,77.572842
4.516600,77.572556
4.516700,77.572593
4.516800,77.577918
4.516900,77.582389
4.517000,77.583963
4.517100,77.585513
4.517200,77.580304
4.517300,77.580025
4.517400,77.578178
4.517500,77.575106
4.517600,77.568139
4.517700,77.585902
4.517800,77.566007
4.517900,77.579794
4.518000,77.587556
4.518100,77.579393
4.518200,77.588377
4.518300,77.587969
4.518400,77.589268
4.518500,77.589812
4.518600,77.590880
4.518700,77.591153
4.518800,77.593588
4.518900,77.593461
4.519000,77.593424
4.519100,77.592474
4.519200,77.593461
4.519300,77.595159
4.519400,77.594837
4.519500,77.595311
4.519600,77.595534
4.519700,77.595760
4.519800,77.596647
4.519900,77.596473
4.520000,77.597097
4.520100,77.597437
4.520200,77.598399
4.520300,77.598842
4.520400,77.599599
4.520500,77.600165
4.520600,77.600982
4.520700,77.600919
4.520800,77.601406
4.520900,77.601991
4.521000,77.603008
4.521100,77.603085
4.521200,77.603616
4.521300,77.604242
4.521400,77.604491
4.521500,77.604732
4.521600,77.605374
4.521700,77.605727
4.521800,77.606720
4.521900,77.607906
4.522000,77.607738
4.522100,77.607273
4.522200,77.606910
4.522300,77.607320
4.522400,77.609325
4.522500,77.610601
4.522600,77.610947
4.522700,77.612607
4.522800,77.612104
4.522900,77.612753
4.523000,77.612770
4.523100,77.613389
4.523200,77.615856
4.523300,77.618739
4.523400,77.612941
4.523500,77.615763
4.523600,77.619174
4.523700,77.608950
4.523800,77.621734
4.523900,77.612552
4.524000,77.612777
4.524100,77.606965
4.524200,77.591788
4.524300,77.608860
4.524400,77.596378
4.524500,77.607312
4.524600,77.611026
4.524700,77.615928
4.524800,77.615758
4.524900,77.616276
4.525000,77.617207
4.525100,77.619520
4.525200,77.620123
4.525300,77.620972
4.525400,77.620337
4.525500,77.621980
4.525600,77.621643
4.525700,77.620836
4.525800,77.622294
4.525900,77.622506
4.526000,77.623682
4.526100,77.624454
4.526200,77.624976
4.526300,77.625462
4.526400,77.625846
4.526500,77.625703
4.526600,77.626688
4.526700,77.627518
4.526800,77.627999
4.526900,77.628384
4.527000,77.628618
4.527100,77.629128
4.527200,77.629300
4.527300,77.629893
4.527400,77.631002
4.527500,77.630889
4.527600,77.632033
4.527700,77.632110
4.527800,77.632945
4.527900,77.633489
4.528000,77.633390
4.528100,77.632892
4.528200,77.634358
4.528300,77.635408
4.528400,77.636595
4.528500,77.637569
4.528600,77.637168
4.528700,77.637517
4.528800,77.638057
4.528900,77.638650
4.529000,77.639132
4.529100,77.638663
4.529200,77.639710
4.529300,77.642167
4.529400,77.640757
4.529500,77.638852
4.529600,77.641199
4.529700,77.641250
4.529800,77.641998
4.529900,77.645542
4.530000,77.647500
4.530100,77.657079
4.530200,77.659272
4.530300,77.658116
4.530400,77.673661
4.530500,77.672793
4.530600,77.675594
4.530700,77.696583
4.530800,77.695956
4.530900,77.683270
4.531000,77.694251
4.531100,77.696282
4.531200,77.695682
4.531300,77.696573
4.531400,77.697652
4.531500,77.697985
4.531600,77.698129
4.531700,77.698905
4.531800,77.697775
4.531900,77.699086
4.532000,77.699437
4.532100,77.699704
4.532200,77.699999
4.532300,77.701016
4.532400,77.701318
4.532500,77.701288
4.532600,77.701649
4.532700,77.703041
4.532800,77.702959
4.532900,77.703892
4.533000,77.703559
4.533100,77.704495
4.533200,77.704774
4.533300,77.705412
4.533400,77.705386
4.533500,77.706076
4.533600,77.706688
4.533700,77.707514
4.533800,77.708829
4.533900,77.709761
4.534000,77.709342
4.534100,77.709926
4.534200,77.710029
4.534300,77.710195
4.534400,77.711454
4.534500,77.711369
4.534600,77.711872
4.534700,77.712774
4.534800,77.713564
4.534900,77.714546
4.535000,77.713966
4.535100,77.713975
4.535200,77.714078
4.535300,77.716348
4.535400,77.714821
4.535500,77.716502
4.535600,77.718776
4.535700,77.719173
4.535800,77.718144
4.535900,77.719976
4.536000,77.719770
4.536100,77.716985
4.536200,77.714400
4.536300,77.714589
4.536400,77.715305
4.536500,77.721591
4.536600,77.717894
4.536700,77.712066
4.536800,77.727119
4.536900,77.717799
4.537000,77.706705
4.537100,77.695649
4.537200,77.691471
4.537300,77.678315
4.537400,77.680032
4.537500,77.681095
4.537600,77.678980
4.537700,77.680834
4.537800,77.681325
4.537900,77.681490
4.538000,77.681340
4.538100,77.682317
4.538200,77.682124
4.538300,77.683441
4.538400,77.685866
4.538500,77.684786
4.538600,77.685100
4.538700,77.685332
4.538800,77.685707
4.538900,77.686688
4.539000,77.687316
4.539100,77.687476
4.539200,77.687923
4.539300,77.688426
4.539400,77.688626
4.539500,77.689481
4.539600,77.689623
4.539700,77.690377
4.539800,77.690923
4.539900,77.691292
4.540000,77.691997
4.540100,77.692325
4.540200,77.692897
4.540300,77.693093
4.540400,77.693635
4.540500,77.695036
4.540600,77.694895
4.540700,77.695262
4.540800,77.694998
4.540900,77.695580
4.541000,77.696343
4.541100,77.696973
4.541200,77.698098
4.541300,77.698654
4.541400,77.697972
4.541500,77.699208
4.541600,77.699080
4.541700,77.700490
4.541800,77.699611
4.541900,77.702243
4.542000,77.703727
4.542100,77.703779
4.542200,77.703662
4.542300,77.705298
4.542400,77.707950
4.542500,77.710606
4.542600,77.710867
4.542700,77.711098
4.542800,77.716751
4.542900,77.725390
4.543000,77.716123
4.543100,77.706944
4.543200,77.718123
4.543300,77.718726
4.543400,77.710585
4.543500,77.712443
4.543600,77.727009
4.543700,77.728928
4.543800,77.738513
4.543900,77.734652
4.544000,77.740201
4.544100,77.739892
4.544200,77.740551
4.544300,77.741219
4.544400,77.743312
4.544500,77.742941
4.544600,77.741721
4.544700,77.743157
4.544800,77.744490
4.544900,77.745556
4.545000,77.745792
4.545100,77.745810
4.545200,77.746767
4.545300,77.746651
4.545400,77.746227
4.545500,77.746768
4.545600,77.747761
4.545700,77.748390
4.545800,77.748545
4.545900,77.749160
4.546000,77.749469
4.546100,77.750612
4.546200,77.751023
4.546300,77.751429
4.546400,77.751372
4.546500,77.751479
4.546600,77.752809
4.546700,77.753721
4.546800,77.753857
4.546900,77.754047
4.547000,77.755052
4.547100,77.755512
4.547200,77.755713
4.547300,77.756183
4.547400,77.757453
4.547500,77.757205
4.547600,77.758695
4.547700,77.758862
4.547800,77.757947
4.547900,77.757632
4.548000,77.759866
4.548100,77.761864
4.548200,77.761597
4.548300,77.761878
4.548400,77.760976
4.548500,77.761863
4.548600,77.761399
4.548700,77.761275
4.548800,77.763202
4.548900,77.762835
4.549000,77.758594
4.549100,77.765370
4.549200,77.765571
4.549300,77.765301
4.549400,77.771388
4.549500,77.764573
4.549600,77.751498
4.549700,77.739309
4.549800,77.737200
4.549900,77.735197
4.550000,77.747830
4.550100,77.750496
4.550200,77.735794
4.550300,77.731901
4.550400,77.729810
4.550500,77.730259
4.550600,77.731426
4.550700,77.732044
4.550800,77.732136
4.550900,77.732427
4.551000,77.731381
4.551100,77.731324
4.551200,77.731386
4.551300,77.733529
4.551400,77.735095
4.551500,77.736997
4.551600,77.736133
4.551700,77.736022
4.551800,77.736225
4.551900,77.736521
4.552000,77.737389
4.552100,77.738066
4.552200,77.739240
4.552300,77.739572
4.552400,77.739213
4.552500,77.740240
4.552600,77.741014
4.552700,77.741758
4.552800,77.742382
4.552900,77.742313
4.553000,77.742881
4.553100,77.743733
4.553200,77.743988
4.553300,77.744290
4.553400,77.743800
4.553500,77.745154
4.553600,77.744898
4.553700,77.745342
4.553800,77.745805
4.553900,77.746125
4.554000,77.747848
4.554100,77.748551
4.554200,77.749383
4.554300,77.750174
4.554400,77.749506
4.554500,77.750721
4.554600,77.752436
4.554700,77.752437
4.554800,77.750989
4.554900,77.753065
4.555000,77.754373
4.555100,77.752135
4.555200,77.753416
4.555300,77.755716
4.555400,77.756678
4.555500,77.755318
4.555600,77.753553
4.555700,77.757253
4.555800,77.758337
4.555900,77.763817
4.556000,77.762615
4.556100,77.755538
4.556200,77.757146
4.556300,77.767078
4.556400,77.774259
4.556500,77.777150
4.556600,77.777227
4.556700,77.780005
4.556800,77.780484
4.556900,77.775827
4.557000,77.776803
4.557100,77.777593
4.557200,77.777681
4.557300,77.778233
4.557400,77.779703
4.557500,77.780932
4.557600,77.781867
4.557700,77.781973
4.557800,77.782208
4.557900,77.782242
4.558000,77.783429
4.558100,77.783592
4.558200,77.783212
4.558300,77.784505
4.558400,77.784629
4.558500,77.785629
4.558600,77.785917
4.558700,77.786395
4.558800,77.786597
4.558900,77.787305
4.559000,77.787987
4.559100,77.788634
4.559200,77.788903
4.559300,77.789559
4.559400,77.790384
4.559500,77.790287
4.559600,77.790813
4.559700,77.791877
4.559800,77.792546
4.559900,77.792848
4.560000,77.792985
4.560100,77.793958
4.560200,77.794837
4.560300,77.794128
4.560400,77.795757
4.560500,77.795591
4.560600,77.795997
4.560700,77.797396
4.560800,77.797559
4.560900,77.798237
4.561000,77.797142
4.561100,77.798093
4.561200,77.799121
4.561300,77.798917
4.561400,77.800869
4.561500,77.801066
4.561600,77.802141
4.561700,77.806111
4.561800,77.806434
4.561900,77.805113
4.562000,77.803763
4.562100,77.803407
4.562200,77.800742
4.562300,77.796502
4.562400,77.796081
4.562500,77.801963
4.562600,77.808458
4.562700,77.808681
4.562800,77.803108
4.562900,77.819130
4.563000,77.812461
4.563100,77.800819
4.563200,77.803842
4.563300,77.805837
4.563400,77.807915
4.563500,77.807924
4.563600,77.808329
4.563700,77.808795
4.563800,77.810057
4.563900,77.811197
4.564000,77.811132
4.564100,77.810464
4.564200,77.811866
4.564300,77.811364
4.564400,77.811215
4.564500,77.811825
4.564600,77.812677
4.564700,77.813413
4.564800,77.813535
4.564900,77.814222
4.565000,77.814164
4.565100,77.814417
4.565200,77.815728
4.565300,77.815931
4.565400,77.816139
4.565500,77.816867
4.565600,77.817806
4.565700,77.818510
4.565800,77.818625
4.565900,77.819256
4.566000,77.819769
4.566100,77.819888
4.566200,77.820795
4.566300,77.821670
4.566400,77.821440
4.566500,77.822291
4.566600,77.822028
4.566700,77.822331
4.566800,77.823085
4.566900,77.824776
4.567000,77.823910
4.567100,77.825099
4.567200,77.825593
4.567300,77.826146
4.567400,77.826529
4.567500,77.827291
4.567600,77.829516
4.567700,77.829254
4.567800,77.829760
4.567900,77.827939
4.568000,77.828181
4.568100,77.827626
4.568200,77.829377
4.568300,77.830307
4.568400,77.835638
4.568500,77.835613
4.568600,77.834807
4.568700,77.831428
4.568800,77.834344
4.568900,77.836357
4.569000,77.846757
4.569100,77.861663
4.569200,77.881221
4.569300,77.885035
4.569400,77.885302
4.569500,77.883978
4.569600,77.878606
4.569700,77.875273
4.569800,77.873882
4.569900,77.874571
4.570000,77.874697
4.570100,77.875691
4.570200,77.874521
4.570300,77.875581
4.570400,77.875771
4.570500,77.876462
4.570600,77.876584
4.570700,77.876844
4.570800,77.876781
4.570900,77.878370
4.571000,77.877738
4.571100,77.878484
4.571200,77.878914
4.571300,77.879568
4.571400,77.879885
4.571500,77.880486
4.571600,77.881266
4.571700,77.880961
4.571800,77.881731
4.571900,77.881901
4.572000,77.882732
4.572100,77.883373
4.572200,77.883990
4.572300,77.884920
4.572400,77.885202
4.572500,77.885584
4.572600,77.886244
4.572700,77.886432
4.572800,77.887103
4.572900,77.887865
4.573000,77.888741
4.573100,77.888741
4.573200,77.888950
4.573300,77.890292
4.573400,77.889767
4.573500,77.890738
4.573600,77.890980
4.573700,77.890936
4.573800,77.890577
4.573900,77.891445
4.574000,77.892081
4.574100,77.893289
4.574200,77.893430
4.574300,77.890942
4.574400,77.890911
4.574500,77.895344
4.574600,77.895981
4.574700,77.895340
4.574800,77.900004
4.574900,77.902642
4.575000,77.902762
4.575100,77.898462
4.575200,77.888253
4.575300,77.883699
4.575400,77.867860
4.575500,77.881607
4.575600,77.878478
4.575700,77.893989
4.575800,77.890679
4.575900,77.879701
4.576000,77.883028
4.576100,77.877665
4.576200,77.877895
4.576300,77.877181
4.576400,77.877522
4.576500,77.877964
4.576600,77.879151
4.576700,77.878426
4.576800,77.879710
4.576900,77.879417
4.577000,77.879975
4.577100,77.880443
4.577200,77.880765
4.577300,77.880427
4.577400,77.880713
4.577500,77.881354
4.577600,77.882021
4.577700,77.883247
4.577800,77.884043
4.577900,77.884758
4.578000,77.884952
4.578100,77.884921
4.578200,77.885362
4.578300,77.885793
4.578400,77.886370
4.578500,77.886690
4.578600,77.887125
4.578700,77.887679
4.578800,77.888126
4.578900,77.888882
4.579000,77.889434
4.579100,77.889843
4.579200,77.890557
4.579300,77.891152
4.579400,77.891201
4.579500,77.891841
4.579600,77.892710
4.579700,77.892992
4.579800,77.893974
4.579900,77.893105
4.580000,77.893827
4.580100,77.894431
4.580200,77.894569
4.580300,77.895850
4.580400,77.895076
4.580500,77.895584
4.580600,77.898316
4.580700,77.898516
4.580800,77.901253
4.580900,77.899490
4.581000,77.896401
4.581100,77.896861
4.581200,77.894563
4.581300,77.900553
4.581400,77.900716
4.581500,77.900672
4.581600,77.909171
4.581700,77.910073
4.581800,77.896814
4.581900,77.899253
4.582000,77.917742
4.582100,77.905639
4.582200,77.901433
4.582300,77.914246
4.582400,77.909626
4.582500,77.911332
4.582600,77.915766
4.582700,77.916023
4.582800,77.916561
4.582900,77.916845
4.583000,77.919037
4.583100,77.920592
4.583200,77.921044
4.583300,77.922774
4.583400,77.923183
4.583500,77.923440
4.583600,77.923922
4.583700,77.924190
4.583800,77.924658
4.583900,77.925566
4.584000,77.925223
4.584100,77.925966
4.584200,77.926203
4.584300,77.927208
4.584400,77.927545
4.584500,77.928104
4.584600,77.929033
4.584700,77.929089
4.584800,77.929389
4.584900,77.930098
4.585000,77.930091
4.585100,77.930829
4.585200,77.930811
4.585300,77.931972
4.585400,77.932777
4.585500,77.933340
4.585600,77.933367
4.585700,77.933313
4.585800,77.934043
4.585900,77.935071
4.586000,77.935423
4.586100,77.936459
4.586200,77.936252
4.586300,77.936654
4.586400,77.936162
4.586500,77.938280
4.586600,77.940133
4.586700,77.941159
4.586800,77.941020
4.586900,77.940407
4.587000,77.941954
4.587100,77.940871
4.587200,77.940814
4.587300,77.943929
4.587400,77.940734
4.587500,77.942479
4.587600,77.944539
4.587700,77.948363
4.587800,77.944243
4.587900,77.944828
4.588000,77.951987
4.588100,77.942593
4.588200,77.936114
4.588300,77.924622
4.588400,77.937422
4.588500,77.953642
4.588600,77.973477
4.588700,77.956500
4.588800,77.952537
4.588900,77.955873
4.589000,77.960204
4.589100,77.959957
4.589200,77.960548
4.589300,77.961586
4.589400,77.960345
4.589500,77.962453
4.589600,77.964055
4.589700,77.963887
4.589800,77.964168
4.589900,77.964645
4.590000,77.965391
4.590100,77.964741
4.590200,77.964693
4.590300,77.965794
4.590400,77.966386
4.590500,77.966822
4.590600,77.967256
4.590700,77.967866
4.590800,77.969038
4.590900,77.969205
4.591000,77.968930
4.591100,77.969513
4.591200,77.969705
4.591300,77.971010
4.591400,77.971419
4.591500,77.972453
4.591600,77.972732
4.591700,77.972806
4.591800,77.973527
4.591900,77.974494
4.592000,77.974052
4.592100,77.974847
4.592200,77.975553
4.592300,77.975474
4.592400,77.976310
4.592500,77.976764
4.592600,77.976945
4.592700,77.978184
4.592800,77.978372
4.592900,77.978482
4.593000,77.978364
4.593100,77.979585
4.593200,77.980280
4.593300,77.979300
4.593400,77.979843
4.593500,77.981379
4.593600,77.982363
4.593700,77.984106
4.593800,77.981034
4.593900,77.983216
4.594000,77.986513
4.594100,77.987062
4.594200,77.987363
4.594300,77.985200
4.594400,77.975575
4.594500,77.971633
4.594600,77.985209
4.594700,78.000240
4.594800,77.995365
4.594900,77.993833
4.595000,77.980207
4.595100,77.998851
4.595200,78.001614
4.595300,77.994987
4.595400,77.990118
4.595500,77.988276
4.595600,77.989012
4.595700,77.989488
4.595800,77.990208
4.595900,77.989314
4.596000,77.989501
4.596100,77.990611
4.596200,77.989360
4.596300,77.989263
4.596400,77.990290
4.596500,77.990845
4.596600,77.990700
4.596700,77.991521
4.596800,77.992413
4.596900,77.992776
4.597000,77.993289
4.597100,77.993308
4.597200,77.994403
4.597300,77.995479
4.597400,77.996320
4.597500,77.995931
4.597600,77.996451
4.597700,77.997697
4.597800,77.997508
4.597900,77.997850
4.598000,77.997732
4.598100,77.998294
4.598200,77.999112
4.598300,77.999786
4.598400,78.001151
4.598500,78.000891
4.598600,78.001843
4.598700,78.002168
4.598800,78.002312
4.598900,78.003127
4.599000,78.003281
4.599100,78.004007
4.599200,78.003548
4.599300,78.004150
4.599400,78.005981
4.599500,78.005369
4.599600,78.006982
4.599700,78.005490
4.599800,78.007696
4.599900,78.009930
4.600000,78.010068
4.600100,78.010472
4.600200,78.008935
4.600300,78.011337
4.600400,78.012155
4.600500,78.011751
4.600600,78.009175
4.600700,78.016042
4.600800,78.025524
4.600900,78.016050
4.601000,78.014601
4.601100,78.010244
4.601200,78.010098
4.601300,78.000265
4.601400,77.993729
4.601500,77.993141
4.601600,78.006731
4.601700,78.007056
4.601800,78.011755
4.601900,78.010966
4.602000,78.012443
4.602100,78.012786
4.602200,78.014096
4.602300,78.016196
4.602400,78.015875
4.602500,78.017117
4.602600,78.016789
4.602700,78.018546
4.602800,78.019489
4.602900,78.019246
4.603000,78.019952
4.603100,78.020910
4.603200,78.021617
4.603300,78.021834
4.603400,78.021992
4.603500,78.022505
4.603600,78.022757
4.603700,78.022770
4.603800,78.023750
4.603900,78.024236
4.604000,78.025127
4.604100,78.025411
4.604200,78.026061
4.604300,78.026744
4.604400,78.027731
4.604500,78.027939
4.604600,78.027758
4.604700,78.028765
4.604800,78.029503
4.604900,78.029571
4.605000,78.029548
4.605100,78.030119
4.605200,78.030997
4.605300,78.032176
4.605400,78.031983
4.605500,78.031515
4.605600,78.033710
4.605700,78.034066
4.605800,78.034260
4.605900,78.035668
4.606000,78.036109
4.606100,78.037355
4.606200,78.037170
4.606300,78.036752
4.606400,78.037326
4.606500,78.036802
4.606600,78.036756
4.606700,78.037621
4.606800,78.035053
4.606900,78.037921
4.607000,78.045677
4.607100,78.046046
4.607200,78.039258
4.607300,78.029512
4.607400,78.025210
4.607500,78.008254
4.607600,77.990445
4.607700,78.001194
4.607800,78.017976
4.607900,78.007536
4.608000,78.022018
4.608100,78.027868
4.608200,78.022834
4.608300,78.018901
4.608400,78.019266
4.608500,78.019763
4.608600,78.020124
4.608700,78.020407
4.608800,78.021455
4.608900,78.021281
4.609000,78.022821
4.609100,78.023189
4.609200,78.023391
4.609300,78.023541
4.609400,78.023656
4.609500,78.024012
4.609600,78.025062
4.609700,78.024715
4.609800,78.025622
4.609900,78.026703
4.610000,78.026737
4.610100,78.027526
4.610200,78.028016
4.610300,78.028773
4.610400,78.029171
4.610500,78.029738
4.610600,78.030009
4.610700,78.030447
4.610800,78.030788
4.610900,78.031120
4.611000,78.031834
4.611100,78.031953
4.611200,78.032561
4.611300,78.033432
4.611400,78.034573
4.611500,78.034521
4.611600,78.034805
4.611700,78.034947
4.611800,78.035325
4.611900,78.035901
4.612000,78.037426
4.612100,78.039137
4.612200,78.038709
4.612300,78.038275
4.612400,78.037498
4.612500,78.039186
4.612600,78.039298
4.612700,78.040411
4.612800,78.042330
4.612900,78.043626
4.613000,78.044723
4.613100,78.043422
4.613200,78.046993
4.613300,78.043119
4.613400,78.041916
4.613500,78.037255
4.613600,78.035015
4.613700,78.041768
4.613800,78.036677
4.613900,78.025060
4.614000,78.042620
4.614100,78.041746
4.614200,78.025214
4.614300,78.013522
4.614400,78.021781
4.614500,78.032548
4.614600,78.033140
4.614700,78.031408
4.614800,78.032462
4.614900,78.032525
4.615000,78.034201
4.615100,78.035069
4.615200,78.034043
4.615300,78.034684
4.615400,78.036649
4.615500,78.037267
4.615600,78.037496
4.615700,78.037451
4.615800,78.038832
4.615900,78.040011
4.616000,78.040518
4.616100,78.040941
4.616200,78.040939
4.616300,78.041051
4.616400,78.041631
4.616500,78.042590
4.616600,78.043191
4.616700,78.043375
4.616800,78.043951
4.616900,78.044355
4.617000,78.045275
4.617100,78.045449
4.617200,78.046310
4.617300,78.046642
4.617400,78.046720
4.617500,78.047405
4.617600,78.048273
4.617700,78.048883
4.617800,78.048362
4.617900,78.050019
4.618000,78.049507
4.618100,78.049302
4.618200,78.050939
4.618300,78.051896
4.618400,78.053123
4.618500,78.052870
4.618600,78.052636
4.618700,78.053568
4.618800,78.055683
4.618900,78.055661
4.619000,78.056185
4.619100,78.055679
4.619200,78.055367
4.619300,78.056625
4.619400,78.059165
4.619500,78.061450
4.619600,78.065673
4.619700,78.064249
4.619800,78.065367
4.619900,78.069353
4.620000,78.066662
4.620100,78.060763
4.620200,78.059635
4.620300,78.056557
4.620400,78.071910
4.620500,78.087594
4.620600,78.098185
4.620700,78.095110
4.620800,78.088168
4.620900,78.083240
4.621000,78.090719
4.621100,78.093198
4.621200,78.093855
4.621300,78.094438
4.621400,78.093775
4.621500,78.094026
4.621600,78.095032
4.621700,78.096410
4.621800,78.096498
4.621900,78.096073
4.622000,78.095051
4.622100,78.096829
4.622200,78.098491
4.622300,78.099686
4.622400,78.099506
4.622500,78.100064
4.622600,78.100233
4.622700,78.100399
4.622800,78.100946
4.622900,78.101443
4.623000,78.102326
4.623100,78.102646
4.623200,78.103196
4.623300,78.103912
4.623400,78.104251
4.623500,78.104902
4.623600,78.104617
4.623700,78.105800
4.623800,78.106027
4.623900,78.106182
4.624000,78.106844
4.624100,78.107639
4.624200,78.109145
4.624300,78.108751
4.624400,78.109351
4.624500,78.109880
4.624600,78.110220
4.624700,78.111853
4.624800,78.111484
4.624900,78.111503
4.625000,78.111261
4.625100,78.113778
4.625200,78.113787
4.625300,78.113989
4.625400,78.115403
4.625500,78.114822
4.625600,78.114156
4.625700,78.113300
4.625800,78.117684
4.625900,78.121910
4.626000,78.122490
4.626100,78.125478
4.626200,78.119127
4.626300,78.121073
4.626400,78.119870
4.626500,78.126637
4.626600,78.127751
4.626700,78.138670
4.626800,78.145495
4.626900,78.153151
4.627000,78.160540
4.627100,78.156258
4.627200,78.161423
4.627300,78.169207
4.627400,78.167326
4.627500,78.164777
4.627600,78.165405
4.627700,78.166147
4.627800,78.165266
4.627900,78.165927
4.628000,78.166205
4.628100,78.166234
4.628200,78.166894
4.628300,78.167805
4.628400,78.168024
4.628500,78.169071
4.628600,78.169077
4.628700,78.168461
4.628800,78.169567
4.628900,78.170722
4.629000,78.170468
4.629100,78.170357
4.629200,78.171425
4.629300,78.172189
4.629400,78.172383
4.629500,78.173138
4.629600,78.173567
4.629700,78.174281
4.629800,78.174781
4.629900,78.175167
4.630000,78.175285
4.630100,78.175722
4.630200,78.176953
4.630300,78.177177
4.630400,78.178061
4.630500,78.177838
4.630600,78.178776
4.630700,78.179390
4.630800,78.179518
4.630900,78.180699
4.631000,78.181226
4.631100,78.181166
4.631200,78.182048
4.631300,78.183166
4.631400,78.183060
4.631500,78.183806
4.631600,78.183394
4.631700,78.183996
4.631800,78.185579
4.631900,78.184500
4.632000,78.185834
4.632100,78.185552
4.632200,78.183194
4.632300,78.185335
4.632400,78.186208
4.632500,78.190081
4.632600,78.191783
4.632700,78.183931
4.632800,78.180693
4.632900,78.170490
4.633000,78.163052
4.633100,78.146303
4.633200,78.152638
4.633300,78.154142
4.633400,78.141065
4.633500,78.138417
4.633600,78.140789
4.633700,78.137303
4.633800,78.142105
4.633900,78.144882
4.634000,78.144595
4.634100,78.144927
4.634200,78.145788
4.634300,78.148186
4.634400,78.149097
4.634500,78.150650
4.634600,78.150007
4.634700,78.149852
4.634800,78.151224
4.634900,78.152285
4.635000,78.151609
4.635100,78.152126
4.635200,78.153189
4.635300,78.154135
4.635400,78.154175
4.635500,78.153818
4.635600,78.154825
4.635700,78.155230
4.635800,78.154971
4.635900,78.156235
4.636000,78.156669
4.636100,78.157358
4.636200,78.157477
4.636300,78.158039
4.636400,78.158442
4.636500,78.158905
4.636600,78.160036
4.636700,78.160244
4.636800,78.160901
4.636900,78.161799
4.637000,78.162315
4.637100,78.162436
4.637200,78.162965
4.637300,78.162861
4.637400,78.163842
4.637500,78.163786
4.637600,78.164494
4.637700,78.165095
4.637800,78.166771
4.637900,78.167685
4.638000,78.166255
4.638100,78.168953
4.638200,78.167381
4.638300,78.169139
4.638400,78.170263
4.638500,78.171409
4.638600,78.172017
4.638700,78.173601
4.638800,78.170331
4.638900,78.175898
4.639000,78.177789
4.639100,78.178265
4.639200,78.172572
4.639300,78.165495
4.639400,78.162080
4.639500,78.151386
4.639600,78.140872
4.639700,78.139896
4.639800,78.146800
4.639900,78.141025
4.640000,78.145962
4.640100,78.152916
4.640200,78.153261
4.640300,78.155682
4.640400,78.155654
4.640500,78.156104
4.640600,78.156341
4.640700,78.157031
4.640800,78.156924
4.640900,78.157716
4.641000,78.158217
4.641100,78.158964
4.641200,78.158937
4.641300,78.160779
4.641400,78.160448
4.641500,78.162015
4.641600,78.162580
4.641700,78.163545
4.641800,78.163760
4.641900,78.163891
4.642000,78.164592
4.642100,78.164886
4.642200,78.165608
4.642300,78.165565
4.642400,78.165766
4.642500,78.166606
4.642600,78.167618
4.642700,78.168032
4.642800,78.168423
4.642900,78.168835
4.643000,78.169499
4.643100,78.170163
4.643200,78.170358
4.643300,78.171366
4.643400,78.172026
4.643500,78.171700
4.643600,78.172020
4.643700,78.172992
4.643800,78.173311
4.643900,78.173736
4.644000,78.174499
4.644100,78.176612
4.644200,78.175989
4.644300,78.176168
4.644400,78.177431
4.644500,78.177421
4.644600,78.177139
4.644700,78.177915
4.644800,78.178817
4.644900,78.181069
4.645000,78.181932
4.645100,78.184294
4.645200,78.185643
4.645300,78.186587
4.645400,78.182190
4.645500,78.189251
4.645600,78.192296
4.645700,78.195141
4.645800,78.209802
4.645900,78.225824
4.646000,78.230717
4.646100,78.253334
4.646200,78.240022
4.646300,78.250387
4.646400,78.256026
4.646500,78.261994
4.646600,78.263031
4.646700,78.262169
4.646800,78.262710
4.646900,78.263084
4.647000,78.263458
4.647100,78.262825
4.647200,78.263909
4.647300,78.264516
4.647400,78.264332
4.647500,78.264429
4.647600,78.264714
4.647700,78.265807
4.647800,78.266424
4.647900,78.266471
4.648000,78.266729
4.648100,78.267697
4.648200,78.268238
4.648300,78.268883
4.648400,78.269244
4.648500,78.269692
4.648600,78.270314
4.648700,78.270663
4.648800,78.271341
4.648900,78.271463
4.649000,78.272483
4.649100,78.272729
4.649200,78.274125
4.649300,78.273807
4.649400,78.274708
4.649500,78.274602
4.649600,78.275207
4.649700,78.275973
4.649800,78.276755
4.649900,78.277071
4.650000,78.278502
4.650100,78.279087
4.650200,78.278946
4.650300,78.280408
4.650400,78.281685
4.650500,78.280868
4.650600,78.281124
4.650700,78.280874
4.650800,78.279753
4.650900,78.279064
4.651000,78.280609
4.651100,78.282055
4.651200,78.282000
4.651300,78.285268
4.651400,78.282249
4.651500,78.280247
4.651600,78.278698
4.651700,78.280118
4.651800,78.287928
4.651900,78.294877
4.652000,78.290175
4.652100,78.280770
4.652200,78.291254
4.652300,78.301768
4.652400,78.316569
4.652500,78.313825
4.652600,78.318883
4.652700,78.324244
4.652800,78.326627
4.652900,78.318047
4.653000,78.318272
4.653100,78.319090
4.653200,78.319540
4.653300,78.319617
4.653400,78.318658
4.653500,78.320711
4.653600,78.322531
4.653700,78.322572
4.653800,78.323176
4.653900,78.323187
4.654000,78.323994
4.654100,78.323722
4.654200,78.323882
4.654300,78.325353
4.654400,78.325089
4.654500,78.326277
4.654600,78.326420
4.654700,78.326579
4.654800,78.326790
4.654900,78.327225
4.655000,78.328158
4.655100,78.329436
4.655200,78.329475
4.655300,78.329724
4.655400,78.330803
4.655500,78.331262
4.655600,78.331529
4.655700,78.332153
4.655800,78.333148
4.655900,78.333343
4.656000,78.333686
4.656100,78.333889
4.656200,78.334406
4.656300,78.334436
4.656400,78.336158
4.656500,78.336566
4.656600,78.336131
4.656700,78.336661
4.656800,78.337663
4.656900,78.339451
4.657000,78.338797
4.657100,78.338918
4.657200,78.338848
4.657300,78.339364
4.657400,78.340771
4.657500,78.340878
4.657600,78.342752
4.657700,78.340940
4.657800,78.341749
4.657900,78.345578
4.658000,78.344898
4.658100,78.340883
4.658200,78.338283
4.658300,78.338314
4.658400,78.332811
4.658500,78.327323
4.658600,78.332810
4.658700,78.340344
4.658800,78.351580
4.658900,78.363394
4.659000,78.357179
4.659100,78.348321
4.659200,78.335966
4.659300,78.334023
4.659400,78.337172
4.659500,78.337402
4.659600,78.337853
4.659700,78.337764
4.659800,78.337768
4.659900,78.339502
4.660000,78.338233
4.660100,78.339460
4.660200,78.340774
4.660300,78.341328
4.660400,78.341129
4.660500,78.341965
4.660600,78.342514
4.660700,78.342467
4.660800,78.342660
4.660900,78.343319
4.661000,78.343725
4.661100,78.344334
4.661200,78.345496
4.661300,78.345560
4.661400,78.346700
4.661500,78.346547
4.661600,78.347249
4.661700,78.347481
4.661800,78.347969
4.661900,78.348186
4.662000,78.348271
4.662100,78.349164
4.662200,78.350279
4.662300,78.350562
4.662400,78.350970
4.662500,78.350827
4.662600,78.352161
4.662700,78.352417
4.662800,78.352902
4.662900,78.352521
4.663000,78.353813
4.663100,78.353956
4.663200,78.355478
4.663300,78.354808
4.663400,78.355592
4.663500,78.357170
4.663600,78.357381
4.663700,78.358149
4.663800,78.356679
4.663900,78.359082
4.664000,78.361234
4.664100,78.358648
4.664200,78.357233
4.664300,78.354958
4.664400,78.354144
4.664500,78.354683
4.664600,78.355917
4.664700,78.363592
4.664800,78.357991
4.664900,78.364590
4.665000,78.373196
4.665100,78.368790
4.665200,78.365001
4.665300,78.378650
4.665400,78.372278
4.665500,78.368770
4.665600,78.368120
4.665700,78.360679
4.665800,78.361290
4.665900,78.361272
4.666000,78.361742
4.666100,78.362077
4.666200,78.363188
4.666300,78.362370
4.666400,78.362129
4.666500,78.363251
4.666600,78.363544
4.666700,78.363760
4.666800,78.365474
4.666900,78.365801
4.667000,78.365274
4.667100,78.365840
4.667200,78.366959
4.667300,78.367277
4.667400,78.367307
4.667500,78.367842
4.667600,78.368208
4.667700,78.368916
4.667800,78.369508
4.667900,78.370332
4.668000,78.370248
4.668100,78.370377
4.668200,78.371292
4.668300,78.372265
4.668400,78.372375
4.668500,78.373131
4.668600,78.373336
4.668700,78.373888
4.668800,78.374836
4.668900,78.375101
4.669000,78.375595
4.669100,78.375787
4.669200,78.375494
4.669300,78.376745
4.669400,78.377421
4.669500,78.377881
4.669600,78.378859
4.669700,78.378848
4.669800,78.378926
4.669900,78.378714
4.670000,78.378153
4.670100,78.379710
4.670200,78.380240
4.670300,78.380759
4.670400,78.382532
4.670500,78.385337
4.670600,78.387915
4.670700,78.383724
4.670800,78.382343
4.670900,78.383399
4.671000,78.376585
4.671100,78.372400
4.671200,78.376742
4.671300,78.387841
4.671400,78.381642
4.671500,78.371327
4.671600,78.358004
4.671700,78.336669
4.671800,78.347485
4.671900,78.333496
4.672000,78.339342
4.672100,78.342419
4.672200,78.341434
4.672300,78.342026
4.672400,78.342384
4.672500,78.342547
4.672600,78.342080
4.672700,78.344411
4.672800,78.345553
4.672900,78.345566
4.673000,78.346644
4.673100,78.346789
4.673200,78.346552
4.673300,78.346516
4.673400,78.348035
4.673500,78.348682
4.673600,78.349005
4.673700,78.349650
4.673800,78.350254
4.673900,78.350360
4.674000,78.351177
4.674100,78.351488
4.674200,78.351925
4.674300,78.353064
4.674400,78.352937
4.674500,78.353127
4.674600,78.353836
4.674700,78.354382
4.674800,78.355407
4.674900,78.355659
4.675000,78.355231
4.675100,78.356246
4.675200,78.357131
4.675300,78.357445
4.675400,78.358260
4.675500,78.358806
4.675600,78.359287
4.675700,78.359776
4.675800,78.360577
4.675900,78.360055
4.676000,78.360500
4.676100,78.361515
4.676200,78.361818
4.676300,78.362114
4.676400,78.362308
4.676500,78.362267
4.676600,78.363228
4.676700,78.364467
4.676800,78.364393
4.676900,78.364483
4.677000,78.365909
4.677100,78.365294
4.677200,78.367815
4.677300,78.367797
4.677400,78.367960
4.677500,78.365710
4.677600,78.361221
4.677700,78.375316
4.677800,78.375264
4.677900,78.377397
4.678000,78.370329
4.678100,78.386112
4.678200,78.365522
4.678300,78.380634
4.678400,78.368029
4.678500,78.375208
4.678600,78.376282
4.678700,78.377279
4.678800,78.377750
4.678900,78.377607
4.679000,78.378376
4.679100,78.380445
4.679200,78.378989
4.679300,78.378780
4.679400,78.379759
4.679500,78.380403
4.679600,78.381357
4.679700,78.381680
4.679800,78.381743
4.679900,78.382032
4.680000,78.382849
4.680100,78.383315
4.680200,78.383340
4.680300,78.383856
4.680400,78.384763
4.680500,78.385416
4.680600,78.385740
4.680700,78.386788
4.680800,78.386701
4.680900,78.387102
4.681000,78.387666
4.681100,78.388691
4.681200,78.389503
4.681300,78.389555
4.681400,78.389869
4.681500,78.390346
4.681600,78.390508
4.681700,78.391072
4.681800,78.391030
4.681900,78.391578
4.682000,78.392389
4.682100,78.393540
4.682200,78.393509
4.682300,78.394177
4.682400,78.395650
4.682500,78.396104
4.682600,78.395437
4.682700,78.396736
4.682800,78.397207
4.682900,78.397204
4.683000,78.397917
4.683100,78.398205
4.683200,78.398422
4.683300,78.401374
4.683400,78.401606
4.683500,78.402253
4.683600,78.398619
4.683700,78.404018
4.683800,78.400074
4.683900,78.404564
4.684000,78.410129
4.684100,78.408885
4.684200,78.409673
4.684300,78.393385
4.684400,78.404369
4.684500,78.396535
4.684600,78.385630
4.684700,78.380492
4.684800,78.380855
4.684900,78.383461
4.685000,78.383617
4.685100,78.384108
4.685200,78.384333
4.685300,78.384380
4.685400,78.384998
4.685500,78.383791
4.685600,78.384449
4.685700,78.386083
4.685800,78.385000
4.685900,78.385581
4.686000,78.385871
4.686100,78.386050
4.686200,78.386439
4.686300,78.387451
4.686400,78.387665
4.686500,78.388051
4.686600,78.388930
4.686700,78.389865
4.686800,78.389563
4.686900,78.390426
4.687000,78.391046
4.687100,78.391549
4.687200,78.392146
4.687300,78.392705
4.687400,78.393297
4.687500,78.393602
4.687600,78.393983
4.687700,78.394208
4.687800,78.395476
4.687900,78.395486
4.688000,78.396037
4.688100,78.397147
4.688200,78.397157
4.688300,78.397675
4.688400,78.398038
4.688500,78.398954
4.688600,78.399546
4.688700,78.398885
4.688800,78.400377
4.688900,78.401337
4.689000,78.401140
4.689100,78.400981
4.689200,78.402436
4.689300,78.403099
4.689400,78.402691
4.689500,78.403166
4.689600,78.404393
4.689700,78.407190
4.689800,78.407394
4.689900,78.404439
4.690000,78.404001
4.690100,78.402850
4.690200,78.403718
4.690300,78.404523
4.690400,78.405497
4.690500,78.421378
4.690600,78.435463
4.690700,78.441172
4.690800,78.455492
4.690900,78.471096
4.691000,78.464005
4.691100,78.455826
4.691200,78.461226
4.691300,78.459505
4.691400,78.459807
4.691500,78.459696
4.691600,78.460780
4.691700,78.459330
4.691800,78.460253
4.691900,78.460760
4.692000,78.462023
4.692100,78.463845
4.692200,78.463075
4.692300,78.464247
4.692400,78.464048
4.692500,78.464752
4.692600,78.464785
4.692700,78.465623
4.692800,78.465833
4.692900,78.466276
4.693000,78.467202
4.693100,78.467541
4.693200,78.468015
4.693300,78.468795
4.693400,78.469309
4.693500,78.470089
4.693600,78.470565
4.693700,78.470324
4.693800,78.470447
4.693900,78.471224
4.694000,78.472133
4.694100,78.472679
4.694200,78.473215
4.694300,78.473606
4.694400,78.474159
4.694500,78.473835
4.694600,78.475376
4.694700,78.476194
4.694800,78.476662
4.694900,78.476443
4.695000,78.476779
4.695100,78.478068
4.695200,78.477275
4.695300,78.479283
4.695400,78.478936
4.695500,78.479214
4.695600,78.480560
4.695700,78.480086
4.695800,78.479885
4.695900,78.479638
4.696000,78.477948
4.696100,78.482157
4.696200,78.484183
4.696300,78.483185
4.696400,78.482645
4.696500,78.486410
4.696600,78.486567
4.696700,78.488383
4.696800,78.500901
4.696900,78.507272
4.697000,78.506610
4.697100,78.524058
4.697200,78.546877
4.697300,78.550976
4.697400,78.542671
4.697500,78.535957
4.697600,78.539363
4.697700,78.540376
4.697800,78.541083
4.697900,78.542308
4.698000,78.544648
4.698100,78.544479
4.698200,78.544377
4.698300,78.544903
4.698400,78.546440
4.698500,78.546157
4.698600,78.546159
4.698700,78.546207
4.698800,78.546478
4.698900,78.547427
4.699000,78.547744
4.699100,78.548938
4.699200,78.548885
4.699300,78.549863
4.699400,78.550471
4.699500,78.550571
4.699600,78.550973
4.699700,78.551780
4.699800,78.551685
4.699900,78.552711
4.700000,78.553150
4.700100,78.553063
4.700200,78.553553
4.700300,78.553697
4.700400,78.554221
4.700500,78.554939
4.700600,78.555940
4.700700,78.556495
4.700800,78.556748
4.700900,78.557331
4.701000,78.558344
4.701100,78.559095
4.701200,78.558943
4.701300,78.559468
4.701400,78.559709
4.701500,78.558752
4.701600,78.559280
4.701700,78.561701
4.701800,78.562441
4.701900,78.562890
4.702000,78.562910
4.702100,78.563813
4.702200,78.564519
4.702300,78.566627
4.702400,78.563631
4.702500,78.560672
4.702600,78.558322
4.702700,78.563464
4.702800,78.559651
4.702900,78.553241
4.703000,78.555235
4.703100,78.553999
4.703200,78.552060
4.703300,78.542321
4.703400,78.559862
4.703500,78.563030
4.703600,78.544436
4.703700,78.524747
4.703800,78.514437
4.703900,78.522001
4.704000,78.520256
4.704100,78.519728
4.704200,78.520246
4.704300,78.520717
4.704400,78.521494
4.704500,78.521446
4.704600,78.522955
4.704700,78.523552
4.704800,78.523286
4.704900,78.523435
4.705000,78.522657
4.705100,78.523484
4.705200,78.524798
4.705300,78.525148
4.705400,78.526017
4.705500,78.526598
4.705600,78.527133
4.705700,78.528431
4.705800,78.528088
4.705900,78.528602
4.706000,78.528549
4.706100,78.528999
4.706200,78.529563
4.706300,78.529856
4.706400,78.530424
4.706500,78.530812
4.706600,78.530902
4.706700,78.532154
4.706800,78.532828
4.706900,78.533257
4.707000,78.533225
4.707100,78.534248
4.707200,78.534584
4.707300,78.535045
4.707400,78.535507
4.707500,78.536288
4.707600,78.536521
4.707700,78.536484
4.707800,78.536896
4.707900,78.537670
4.708000,78.539542
4.708100,78.538562
4.708200,78.539563
4.708300,78.540258
4.708400,78.540629
4.708500,78.540999
4.708600,78.541824
4.708700,78.544558
4.708800,78.545709
4.708900,78.545166
4.709000,78.546855
4.709100,78.545818
4.709200,78.542798
4.709300,78.536282
4.709400,78.526977
4.709500,78.538241
4.709600,78.537500
4.709700,78.522180
4.709800,78.539034
4.709900,78.528035
4.710000,78.511153
4.710100,78.527890
4.710200,78.541773
4.710300,78.538332
4.710400,78.536592
4.710500,78.536520
4.710600,78.536994
4.710700,78.537859
4.710800,78.537673
4.710900,78.537702
4.711000,78.537787
4.711100,78.538468
4.711200,78.540108
4.711300,78.542104
4.711400,78.543262
4.711500,78.542838
4.711600,78.543302
4.711700,78.543638
4.711800,78.544588
4.711900,78.545018
4.712000,78.545714
4.712100,78.546144
4.712200,78.546464
4.712300,78.546652
4.712400,78.547167
4.712500,78.547418
4.712600,78.547492
4.712700,78.548765
4.712800,78.549320
4.712900,78.549671
4.713000,78.549999
4.713100,78.550513
4.713200,78.551161
4.713300,78.551586
4.713400,78.551867
4.713500,78.552674
4.713600,78.552861
4.713700,78.553072
4.713800,78.554451
4.713900,78.554361
4.714000,78.556014
4.714100,78.556564
4.714200,78.557249
4.714300,78.556353
4.714400,78.557003
4.714500,78.557804
4.714600,78.557257
4.714700,78.560000
4.714800,78.558427
4.714900,78.557152
4.715000,78.558292
4.715100,78.560789
4.715200,78.560579
4.715300,78.564187
4.715400,78.562630
4.715500,78.559618
4.715600,78.563829
4.715700,78.564193
4.715800,78.564125
4.715900,78.552165
4.716000,78.555834
4.716100,78.561974
4.716200,78.581001
4.716300,78.579159
4.716400,78.566806
4.716500,78.564657
4.716600,78.573040
4.716700,78.568809
4.716800,78.570076
4.716900,78.570420
4.717000,78.571029
4.717100,78.570940
4.717200,78.571251
4.717300,78.572599
4.717400,78.572208
4.717500,78.573369
4.717600,78.574697
4.717700,78.575377
4.717800,78.575392
4.717900,78.575621
4.718000,78.575833
4.718100,78.577160
4.718200,78.576913
4.718300,78.577371
4.718400,78.577826
4.718500,78.577937
4.718600,78.578456
4.718700,78.579105
4.718800,78.580120
4.718900,78.580245
4.719000,78.581205
4.719100,78.581789
4.719200,78.582410
4.719300,78.582988
4.719400,78.582843
4.719500,78.583164
4.719600,78.583076
4.719700,78.584515
4.719800,78.584950
4.719900,78.584980
4.720000,78.586610
4.720100,78.586552
4.720200,78.586676
4.720300,78.587111
4.720400,78.588685
4.720500,78.587871
4.720600,78.587857
4.720700,78.588793
4.720800,78.589478
4.720900,78.589763
4.721000,78.591614
4.721100,78.591863
4.721200,78.593744
4.721300,78.593063
4.721400,78.591363
4.721500,78.595549
4.721600,78.598024
4.721700,78.601630
4.721800,78.597560
4.721900,78.592598
4.722000,78.596666
4.722100,78.592006
4.722200,78.600235
4.722300,78.594006
4.722400,78.596532
4.722500,78.601568
4.722600,78.591097
4.722700,78.603034
4.722800,78.613645
4.722900,78.603329
4.723000,78.606467
4.723100,78.602952
4.723200,78.604482
4.723300,78.605439
4.723400,78.606635
4.723500,78.605563
4.723600,78.605689
4.723700,78.607728
4.723800,78.606930
4.723900,78.608025
4.724000,78.607922
4.724100,78.608208
4.724200,78.609007
4.724300,78.608760
4.724400,78.609737
4.724500,78.609827
4.724600,78.610524
4.724700,78.610885
4.724800,78.611630
4.724900,78.612393
4.725000,78.613373
4.725100,78.613829
4.725200,78.613543
4.725300,78.614285
4.725400,78.615160
4.725500,78.615557
4.725600,78.615945
4.725700,78.616340
4.725800,78.617737
4.725900,78.618153
4.726000,78.618356
4.726100,78.618908
4.726200,78.619723
4.726300,78.619445
4.726400,78.620869
4.726500,78.620714
4.726600,78.621092
4.726700,78.621902
4.726800,78.621684
4.726900,78.621662
4.727000,78.622775
4.727100,78.623940
4.727200,78.624239
4.727300,78.623019
4.727400,78.625405
4.727500,78.626130
4.727600,78.626189
4.727700,78.626833
4.727800,78.628316
4.727900,78.630504
4.728000,78.629723
4.728100,78.627122
4.728200,78.633376
4.728300,78.629507
4.728400,78.626981
4.728500,78.629989
4.728600,78.620746
4.728700,78.633263
4.728800,78.638743
4.728900,78.633911
4.729000,78.629820
4.729100,78.644480
4.729200,78.642334
4.729300,78.641123
4.729400,78.648327
4.729500,78.649787
4.729600,78.650206
4.729700,78.650701
4.729800,78.651952
4.729900,78.652924
4.730000,78.652894
4.730100,78.654322
4.730200,78.655240
4.730300,78.654971
4.730400,78.656511
4.730500,78.657156
4.730600,78.658183
4.730700,78.657483
4.730800,78.658148
4.730900,78.658648
4.731000,78.659353
4.731100,78.659949
4.731200,78.659941
4.731300,78.660394
4.731400,78.661401
4.731500,78.662003
4.731600,78.662206
4.731700,78.662528
4.731800,78.662847
4.731900,78.663470
4.732000,78.664180
4.732100,78.664249
4.732200,78.664947
4.732300,78.665264
4.732400,78.666327
4.732500,78.667000
4.732600,78.667598
4.732700,78.668429
4.732800,78.668620
4.732900,78.669652
4.733000,78.670107
4.733100,78.669715
4.733200,78.670775
4.733300,78.671155
4.733400,78.670330
4.733500,78.671937
4.733600,78.671932
4.733700,78.673622
4.733800,78.673001
4.733900,78.672135
4.734000,78.673446
4.734100,78.671608
4.734200,78.673759
4.734300,78.674617
4.734400,78.676281
4.734500,78.675533
4.734600,78.681869
4.734700,78.681252
4.734800,78.690818
4.734900,78.681103
4.735000,78.690217
4.735100,78.695719
4.735200,78.680941
4.735300,78.665503
4.735400,78.666549
4.735500,78.678915
4.735600,78.673126
4.735700,78.683237
4.735800,78.683241
4.735900,78.684759
4.736000,78.684494
4.736100,78.685740
4.736200,78.684497
4.736300,78.684839
4.736400,78.684760
4.736500,78.684627
4.736600,78.686011
4.736700,78.684945
4.736800,78.686064
4.736900,78.686820
4.737000,78.686780
4.737100,78.688292
4.737200,78.688224
4.737300,78.688701
4.737400,78.689053
4.737500,78.689735
4.737600,78.689877
4.737700,78.690701
4.737800,78.691592
4.737900,78.692294
4.738000,78.692748
4.738100,78.693087
4.738200,78.693616
4.738300,78.694487
4.738400,78.694539
4.738500,78.694911
4.738600,78.695342
4.738700,78.696047
4.738800,78.696521
4.738900,78.696602
4.739000,78.697412
4.739100,78.697840
4.739200,78.698141
4.739300,78.699781
4.739400,78.699497
4.739500,78.700203
4.739600,78.700826
4.739700,78.699944
4.739800,78.700792
4.739900,78.701511
4.740000,78.702715
4.740100,78.704349
4.740200,78.705322
4.740300,78.705265
4.740400,78.708242
4.740500,78.707092
4.740600,78.704770
4.740700,78.705047
4.740800,78.705052
4.740900,78.700337
4.741000,78.708305
4.741100,78.714928
4.741200,78.710388
4.741300,78.700548
4.741400,78.697381
4.741500,78.713506
4.741600,78.720555
4.741700,78.725810
4.741800,78.741723
4.741900,78.724218
4.742000,78.719580
4.742100,78.722660
4.742200,78.721387
4.742300,78.723426
4.742400,78.723892
4.742500,78.725455
4.742600,78.726355
4.742700,78.728559
4.742800,78.727838
4.742900,78.729048
4.743000,78.728605
4.743100,78.730019
4.743200,78.730320
4.743300,78.730594
4.743400,78.731502
4.743500,78.731738
4.743600,78.732031
4.743700,78.732479
4.743800,78.732383
4.743900,78.732977
4.744000,78.733791
4.744100,78.734388
4.744200,78.734366
4.744300,78.734868
4.744400,78.735399
4.744500,78.735933
4.744600,78.736917
4.744700,78.736899
4.744800,78.737994
4.744900,78.738358
4.745000,78.738402
4.745100,78.739236
4.745200,78.739360
4.745300,78.740237
4.745400,78.740514
4.745500,78.741414
4.745600,78.741703
4.745700,78.742951
4.745800,78.742978
4.745900,78.743559
4.746000,78.744759
4.746100,78.744451
4.746200,78.744298
4.746300,78.744766
4.746400,78.745669
4.746500,78.745984
4.746600,78.747512
4.746700,78.748432
4.746800,78.746636
4.746900,78.749883
4.747000,78.752069
4.747100,78.747846
4.747200,78.749907
4.747300,78.744442
4.747400,78.743660
4.747500,78.754002
4.747600,78.752147
4.747700,78.762772
4.747800,78.768449
4.747900,78.767639
4.748000,78.749218
4.748100,78.753528
4.748200,78.758890
4.748300,78.775501
4.748400,78.779559
4.748500,78.773420
4.748600,78.770793
4.748700,78.771309
4.748800,78.771453
4.748900,78.771100
4.749000,78.770984
4.749100,78.772518
4.749200,78.773623
4.749300,78.772618
4.749400,78.772555
4.749500,78.773848
4.749600,78.775170
4.749700,78.775516
4.749800,78.775577
4.749900,78.776549
4.750000,78.777435
4.750100,78.777956
4.750200,78.778065
4.750300,78.778722
4.750400,78.779049
4.750500,78.779319
4.750600,78.780266
4.750700,78.780834
4.750800,78.781097
4.750900,78.781616
4.751000,78.781803
4.751100,78.782406
4.751200,78.783635
4.751300,78.783906
4.751400,78.784156
4.751500,78.784548
4.751600,78.784842
4.751700,78.785213
4.751800,78.785609
4.751900,78.787007
4.752000,78.786538
4.752100,78.786861
4.752200,78.788148
4.752300,78.787693
4.752400,78.789078
4.752500,78.789997
4.752600,78.789547
4.752700,78.792193
4.752800,78.790506
4.752900,78.792409
4.753000,78.791102
4.753100,78.791184
4.753200,78.792054
4.753300,78.791433
4.753400,78.794633
4.753500,78.795851
4.753600,78.793292
4.753700,78.792708
4.753800,78.796353
4.753900,78.787390
4.754000,78.783743
4.754100,78.795699
4.754200,78.783767
4.754300,78.767520
4.754400,78.772384
4.754500,78.757258
4.754600,78.763635
4.754700,78.771111
4.754800,78.772556
4.754900,78.771439
4.755000,78.771877
4.755100,78.772457
4.755200,78.772201
4.755300,78.773831
4.755400,78.776407
4.755500,78.777087
4.755600,78.777259
4.755700,78.777849
4.755800,78.776999
4.755900,78.777011
4.756000,78.777346
4.756100,78.777971
4.756200,78.778456
4.756300,78.778845
4.756400,78.779716
4.756500,78.780243
4.756600,78.780419
4.756700,78.781684
4.756800,78.782113
4.756900,78.782235
4.757000,78.783190
4.757100,78.783799
4.757200,78.783686
4.757300,78.783793
4.757400,78.784457
4.757500,78.785213
4.757600,78.785661
4.757700,78.786549
4.757800,78.787124
4.757900,78.787687
4.758000,78.787593
4.758100,78.788251
4.758200,78.789082
4.758300,78.789657
4.758400,78.789499
4.758500,78.789121
4.758600,78.789876
4.758700,78.790783
4.758800,78.791246
4.758900,78.791022
4.759000,78.792844
4.759100,78.793866
4.759200,78.795010
4.759300,78.795666
4.759400,78.796133
4.759500,78.796396
4.759600,78.794509
4.759700,78.798074
4.759800,78.800523
4.759900,78.797217
4.760000,78.798800
4.760100,78.794368
4.760200,78.786596
4.760300,78.798403
4.760400,78.807275
4.760500,78.803061
4.760600,78.812621
4.760700,78.826326
4.760800,78.811944
4.760900,78.812392
4.761000,78.823473
4.761100,78.821328
4.761200,78.819281
4.761300,78.821864
4.761400,78.822680
4.761500,78.823583
4.761600,78.823175
4.761700,78.824385
4.761800,78.826977
4.761900,78.827707
4.762000,78.827566
4.762100,78.827998
4.762200,78.829383
4.762300,78.828861
4.762400,78.829632
4.762500,78.829739
4.762600,78.830339
4.762700,78.830999
4.762800,78.831744
4.762900,78.832583
4.763000,78.832201
4.763100,78.833200
4.763200,78.834488
4.763300,78.834458
4.763400,78.834491
4.763500,78.835382
4.763600,78.835694
4.763700,78.835551
4.763800,78.836694
4.763900,78.836876
4.764000,78.837178
4.764100,78.837952
4.764200,78.838672
4.764300,78.839410
4.764400,78.839676
4.764500,78.839607
4.764600,78.839935
4.764700,78.840778
4.764800,78.841895
4.764900,78.842829
4.765000,78.842633
4.765100,78.842257
4.765200,78.842261
4.765300,78.842975
4.765400,78.844855
4.765500,78.846662
4.765600,78.847089
4.765700,78.848323
4.765800,78.849997
4.765900,78.847618
4.766000,78.847416
4.766100,78.852148
4.766200,78.848637
4.766300,78.843556
4.766400,78.840717
4.766500,78.833227
4.766600,78.838015
4.766700,78.838950
4.766800,78.826981
4.766900,78.821229
4.767000,78.821776
4.767100,78.804921
4.767200,78.797407
4.767300,78.813053
4.767400,78.818029
4.767500,78.815419
4.767600,78.813078
4.767700,78.813234
4.767800,78.813722
4.767900,78.814152
4.768000,78.814441
4.768100,78.816133
4.768200,78.816828
4.768300,78.816673
4.768400,78.817453
4.768500,78.818039
4.768600,78.819388
4.768700,78.820668
4.768800,78.820080
4.768900,78.820959
4.769000,78.820991
4.769100,78.821836
4.769200,78.821830
4.769300,78.822206
4.769400,78.822705
4.769500,78.823523
4.769600,78.824385
4.769700,78.824614
4.769800,78.824274
4.769900,78.824921
4.770000,78.825002
4.770100,78.826149
4.770200,78.827333
4.770300,78.827448
4.770400,78.827401
4.770500,78.828099
4.770600,78.828294
4.770700,78.829319
4.770800,78.830265
4.770900,78.830155
4.771000,78.830198
4.771100,78.831928
4.771200,78.832252
4.771300,78.832944
4.771400,78.833982
4.771500,78.834306
4.771600,78.834008
4.771700,78.833640
4.771800,78.832100
4.771900,78.832330
4.772000,78.835136
4.772100,78.835642
4.772200,78.833145
4.772300,78.837365
4.772400,78.841272
4.772500,78.837309
4.772600,78.839689
4.772700,78.847004
4.772800,78.846093
4.772900,78.851610
4.773000,78.849500
4.773100,78.840763
4.773200,78.851140
4.773300,78.835039
4.773400,78.836287
4.773500,78.841726
4.773600,78.849381
4.773700,78.856138
4.773800,78.862104
4.773900,78.860731
4.774000,78.862208
4.774100,78.862446
4.774200,78.863509
4.774300,78.864535
4.774400,78.866300
4.774500,78.864639
4.774600,78.865790
4.774700,78.865950
4.774800,78.866525
4.774900,78.866521
4.775000,78.866712
4.775100,78.866884
4.775200,78.867226
4.775300,78.868447
4.775400,78.869140
4.775500,78.869680
4.775600,78.870044
4.775700,78.870767
4.775800,78.871142
4.775900,78.871365
4.776000,78.871638
4.776100,78.872391
4.776200,78.872533
4.776300,78.872861
4.776400,78.873779
4.776500,78.874702
4.776600,78.874630
4.776700,78.875515
4.776800,78.875028
4.776900,78.875425
4.777000,78.876221
4.777100,78.876767
4.777200,78.877187
4.777300,78.878331
4.777400,78.878785
4.777500,78.879637
4.777600,78.880187
4.777700,78.880384
4.777800,78.880335
4.777900,78.879523
4.778000,78.881028
4.778100,78.882076
4.778200,78.884148
4.778300,78.883469
4.778400,78.884005
4.778500,78.884705
4.778600,78.885924
4.778700,78.882268
4.778800,78.884453
4.778900,78.884465
4.779000,78.886788
4.779100,78.889176
4.779200,78.896565
4.779300,78.899265
4.779400,78.909129
4.779500,78.902095
4.779600,78.898893
4.779700,78.885548
4.779800,78.864429
4.779900,78.885374
4.780000,78.869050
4.780100,78.879473
4.780200,78.885384
4.780300,78.891376
4.780400,78.891633
4.780500,78.892443
4.780600,78.893549
4.780700,78.894326
4.780800,78.894557
4.780900,78.895695
4.781000,78.896657
4.781100,78.897395
4.781200,78.898684
4.781300,78.899248
4.781400,78.899836
4.781500,78.900239
4.781600,78.899675
4.781700,78.900291
4.781800,78.901385
4.781900,78.901594
4.782000,78.902559
4.782100,78.902469
4.782200,78.903204
4.782300,78.903768
4.782400,78.904307
4.782500,78.904487
4.782600,78.905130
4.782700,78.905721
4.782800,78.905594
4.782900,78.906574
4.783000,78.906781
4.783100,78.907864
4.783200,78.908312
4.783300,78.907783
4.783400,78.908142
4.783500,78.908996
4.783600,78.910700
4.783700,78.910805
4.783800,78.911423
4.783900,78.911554
4.784000,78.912298
4.784100,78.913347
4.784200,78.914438
4.784300,78.914639
4.784400,78.914374
4.784500,78.916497
4.784600,78.915010
4.784700,78.915570
4.784800,78.918694
4.784900,78.919614
4.785000,78.916852
4.785100,78.918585
4.785200,78.919048
4.785300,78.915496
4.785400,78.915564
4.785500,78.918698
4.785600,78.912243
4.785700,78.909049
4.785800,78.918928
4.785900,78.904369
4.786000,78.900295
4.786100,78.918330
4.786200,78.902955
4.786300,78.921089
4.786400,78.925361
4.786500,78.926440
4.786600,78.931664
4.786700,78.930703
4.786800,78.930704
4.786900,78.931339
4.787000,78.931900
4.787100,78.932939
4.787200,78.934506
4.787300,78.933816
4.787400,78.933618
4.787500,78.934288
4.787600,78.934990
4.787700,78.935955
4.787800,78.936065
4.787900,78.936868
4.788000,78.938124
4.788100,78.937776
4.788200,78.938678
4.788300,78.939216
4.788400,78.940235
4.788500,78.940028
4.788600,78.940554
4.788700,78.940956
4.788800,78.941251
4.788900,78.941958
4.789000,78.942308
4.789100,78.943107
4.789200,78.943527
4.789300,78.943759
4.789400,78.944177
4.789500,78.944330
4.789600,78.945432
4.789700,78.946267
4.789800,78.946043
4.789900,78.946648
4.790000,78.947868
4.790100,78.948529
4.790200,78.948088
4.790300,78.949638
4.790400,78.950302
4.790500,78.949945
4.790600,78.950951
4.790700,78.950577
4.790800,78.951136
4.790900,78.950075
4.791000,78.950307
4.791100,78.953203
4.791200,78.955138
4.791300,78.955087
4.791400,78.954509
4.791500,78.952637
4.791600,78.955779
4.791700,78.956333
4.791800,78.952214
4.791900,78.953870
4.792000,78.944244
4.792100,78.949670
4.792200,78.959316
4.792300,78.967539
4.792400,78.961608
4.792500,78.983072
4.792600,78.993136
4.792700,78.980761
4.792800,78.979124
4.792900,78.982228
4.793000,78.980740
4.793100,78.980406
4.793200,78.980780
4.793300,78.980739
4.793400,78.979705
4.793500,78.981977
4.793600,78.980555
4.793700,78.982724
4.793800,78.981881
4.793900,78.982814
4.794000,78.984211
4.794100,78.985775
4.794200,78.986180
4.794300,78.985854
4.794400,78.986505
4.794500,78.986676
4.794600,78.986562
4.794700,78.987613
4.794800,78.988297
4.794900,78.988850
4.795000,78.989083
4.795100,78.989200
4.795200,78.990033
4.795300,78.991186
4.795400,78.991291
4.795500,78.992084
4.795600,78.992088
4.795700,78.992246
4.795800,78.992834
4.795900,78.993392
4.796000,78.994837
4.796100,78.995383
4.796200,78.995478
4.796300,78.995784
4.796400,78.996847
4.796500,78.996545
4.796600,78.998517
4.796700,78.998348
4.796800,78.998675
4.796900,78.998961
4.797000,78.999464
4.797100,78.999467
4.797200,79.000678
4.797300,79.000790
4.797400,79.000628
4.797500,79.002483
4.797600,79.000338
4.797700,79.002446
4.797800,78.999713
4.797900,79.002869
4.798000,78.997723
4.798100,78.998071
4.798200,79.001724
4.798300,78.996923
4.798400,78.991942
4.798500,78.997921
4.798600,78.991872
4.798700,78.974559
4.798800,78.967399
4.798900,78.969404
4.799000,78.969484
4.799100,78.973224
4.799200,78.970828
4.799300,78.975832
4.799400,78.974408
4.799500,78.974847
4.799600,78.975344
4.799700,78.975989
4.799800,78.978491
4.799900,78.978722
4.800000,78.979329
4.800100,78.978997
4.800200,78.979842
4.800300,78.980627
4.800400,78.981266
4.800500,78.981849
4.800600,78.982073
4.800700,78.982142
4.800800,78.982602
4.800900,78.983146
4.801000,78.983689
4.801100,78.984924
4.801200,78.984919
4.801300,78.985982
4.801400,78.985859
4.801500,78.986038
4.801600,78.986994
4.801700,78.986965
4.801800,78.987613
4.801900,78.988233
4.802000,78.988873
4.802100,78.989338
4.802200,78.989590
4.802300,78.990719
4.802400,78.990403
4.802500,78.990740
4.802600,78.991468
4.802700,78.992800
4.802800,78.993891
4.802900,78.994253
4.803000,78.993529
4.803100,78.995696
4.803200,78.995498
4.803300,78.995610
4.803400,78.995971
4.803500,78.997361
4.803600,78.996881
4.803700,78.997213
4.803800,78.997672
4.803900,78.998590
4.804000,78.996534
4.804100,78.994338
4.804200,78.994601
4.804300,78.995252
4.804400,78.995667
4.804500,79.005032
4.804600,79.003193
4.804700,78.992060
4.804800,78.994024
4.804900,79.006836
4.805000,78.996666
4.805100,79.000307
4.805200,79.000976
4.805300,79.005300
4.805400,79.004941
4.805500,78.997843
4.805600,78.997794
4.805700,78.998859
4.805800,78.999348
4.805900,79.000046
4.806000,79.001002
4.806100,78.999729
4.806200,78.999993
4.806300,79.001073
4.806400,79.000441
4.806500,79.001194
4.806600,79.001595
4.806700,79.002900
4.806800,79.003484
4.806900,79.003570
4.807000,79.004158
4.807100,79.004496
4.807200,79.005057
4.807300,79.005907
4.807400,79.005962
4.807500,79.006830
4.807600,79.006886
4.807700,79.007714
4.807800,79.008327
4.807900,79.008895
4.808000,79.008569
4.808100,79.009711
4.808200,79.010388
4.808300,79.011055
4.808400,79.011414
4.808500,79.011631
4.808600,79.011892
4.808700,79.012430
4.808800,79.012796
4.808900,79.013278
4.809000,79.013858
4.809100,79.014485
4.809200,79.016331
4.809300,79.016307
4.809400,79.016425
4.809500,79.016731
4.809600,79.018355
4.809700,79.019166
4.809800,79.018193
4.809900,79.019369
4.810000,79.019043
4.810100,79.022640
4.810200,79.021050
4.810300,79.018818
4.810400,79.023709
4.810500,79.024853
4.810600,79.028850
4.810700,79.029642
4.810800,79.032311
4.810900,79.031582
4.811000,79.041109
4.811100,79.033967
4.811200,79.031425
4.811300,79.026823
4.811400,79.046982
4.811500,79.063439
4.811600,79.065102
4.811700,79.081244
4.811800,79.077743
4.811900,79.074604
4.812000,79.075928
4.812100,79.076183
4.812200,79.076703
4.812300,79.077246
4.812400,79.076446
4.812500,79.076991
4.812600,79.079411
4.812700,79.080001
4.812800,79.080411
4.812900,79.080809
4.813000,79.081772
4.813100,79.082656
4.813200,79.082036
4.813300,79.082173
4.813400,79.083009
4.813500,79.083668
4.813600,79.083938
4.813700,79.083971
4.813800,79.084362
4.813900,79.084989
4.814000,79.085159
4.814100,79.085982
4.814200,79.086216
4.814300,79.086955
4.814400,79.087066
4.814500,79.087777
4.814600,79.088999
4.814700,79.088908
4.814800,79.089678
4.814900,79.090643
4.815000,79.090873
4.815100,79.091656
4.815200,79.091384
4.815300,79.092544
4.815400,79.093066
4.815500,79.093192
4.815600,79.094127
4.815700,79.094240
4.815800,79.094606
4.815900,79.094338
4.816000,79.094755
4.816100,79.096354
4.816200,79.096694
4.816300,79.097612
4.816400,79.096925
4.816500,79.097196
4.816600,79.095054
4.816700,79.099768
4.816800,79.096173
4.816900,79.100721
4.817000,79.104733
4.817100,79.110384
4.817200,79.101174
4.817300,79.108780
4.817400,79.119007
4.817500,79.110462
4.817600,79.124535
4.817700,79.122992
4.817800,79.103027
4.817900,79.097875
4.818000,79.099282
4.818100,79.107855
4.818200,79.109826
4.818300,79.109086
4.818400,79.109665
4.818500,79.110016
4.818600,79.109273
4.818700,79.109398
4.818800,79.110234
4.818900,79.112023
4.819000,79.113273
4.819100,79.112997
4.819200,79.113993
4.819300,79.114846
4.819400,79.115042
4.819500,79.116027
4.819600,79.116483
4.819700,79.116106
4.819800,79.116984
4.819900,79.117379
4.820000,79.117490
4.820100,79.118240
4.820200,79.117938
4.820300,79.119173
4.820400,79.119900
4.820500,79.119778
4.820600,79.120419
4.820700,79.120703
4.820800,79.121209
4.820900,79.122159
4.821000,79.123403
4.821100,79.123501
4.821200,79.123491
4.821300,79.124352
4.821400,79.125298
4.821500,79.125349
4.821600,79.126733
4.821700,79.127081
4.821800,79.126945
4.821900,79.127440
4.822000,79.128404
4.822100,79.129475
4.822200,79.129126
4.822300,79.128439
4.822400,79.130162
4.822500,79.130320
4.822600,79.130536
4.822700,79.133464
4.822800,79.132812
4.822900,79.133311
4.823000,79.131746
4.823100,79.134362
4.823200,79.133106
4.823300,79.139482
4.823400,79.136926
4.823500,79.131098
4.823600,79.140938
4.823700,79.142769
4.823800,79.149839
4.823900,79.157667
4.824000,79.157411
4.824100,79.167411
4.824200,79.148392
4.824300,79.147330
4.824400,79.140185
4.824500,79.135185
4.824600,79.138365
4.824700,79.139527
4.824800,79.139641
4.824900,79.140302
4.825000,79.139782
4.825100,79.142096
4.825200,79.142542
4.825300,79.142185
4.825400,79.141393
4.825500,79.141815
4.825600,79.142834
4.825700,79.143249
4.825800,79.143926
4.825900,79.143979
4.826000,79.144335
4.826100,79.144869
4.826200,79.145156
4.826300,79.146498
4.826400,79.146839
4.826500,79.147372
4.826600,79.147825
4.826700,79.147686
4.826800,79.148670
4.826900,79.149862
4.827000,79.150235
4.827100,79.150579
4.827200,79.150465
4.827300,79.151388
4.827400,79.151981
4.827500,79.152439
4.827600,79.152427
4.827700,79.153703
4.827800,79.153374
4.827900,79.153765
4.828000,79.155266
4.828100,79.155288
4.828200,79.157122
4.828300,79.156906
4.828400,79.156798
4.828500,79.156679
4.828600,79.157074
4.828700,79.157811
4.828800,79.158203
4.828900,79.160197
4.829000,79.161393
4.829100,79.163972
4.829200,79.161222
4.829300,79.158404
4.829400,79.154241
4.829500,79.159701
4.829600,79.162133
4.829700,79.163547
4.829800,79.170274
4.829900,79.171992
4.830000,79.165125
4.830100,79.174991
4.830200,79.162900
4.830300,79.150683
4.830400,79.154203
4.830500,79.174069
4.830600,79.168354
4.830700,79.163884
4.830800,79.155653
4.830900,79.157909
4.831000,79.158719
4.831100,79.159532
4.831200,79.160212
4.831300,79.161330
4.831400,79.160917
4.831500,79.161074
4.831600,79.160387
4.831700,79.161862
4.831800,79.162161
4.831900,79.162860
4.832000,79.163926
4.832100,79.163935
4.832200,79.164113
4.832300,79.165032
4.832400,79.165898
4.832500,79.166282
4.832600,79.166912
4.832700,79.166589
4.832800,79.167479
4.832900,79.167183
4.833000,79.168112
4.833100,79.169431
4.833200,79.169800
4.833300,79.169888
4.833400,79.170317
4.833500,79.171092
4.833600,79.172275
4.833700,79.172031
4.833800,79.172347
4.833900,79.172482
4.834000,79.173115
4.834100,79.174616
4.834200,79.174411
4.834300,79.175617
4.834400,79.175242
4.834500,79.175530
4.834600,79.176420
4.834700,79.177244
4.834800,79.177850
4.834900,79.178006
4.835000,79.177784
4.835100,79.178919
4.835200,79.178875
4.835300,79.178761
4.835400,79.179437
4.835500,79.180734
4.835600,79.181170
4.835700,79.183461
4.835800,79.182694
4.835900,79.188730
4.836000,79.182282
4.836100,79.180408
4.836200,79.170528
4.836300,79.182032
4.836400,79.185385
4.836500,79.191090
4.836600,79.181232
4.836700,79.177007
4.836800,79.165709
4.836900,79.160415
4.837000,79.159919
4.837100,79.151891
4.837200,79.154979
4.837300,79.157019
4.837400,79.157761
4.837500,79.158269
4.837600,79.158770
4.837700,79.160925
4.837800,79.161379
4.837900,79.161217
4.838000,79.160664
4.838100,79.160851
4.838200,79.160995
4.838300,79.162207
4.838400,79.162142
4.838500,79.163054
4.838600,79.163595
4.838700,79.163807
4.838800,79.164661
4.838900,79.164962
4.839000,79.165674
4.839100,79.165896
4.839200,79.166813
4.839300,79.167344
4.839400,79.167554
4.839500,79.167978
4.839600,79.168647
4.839700,79.169285
4.839800,79.169707
4.839900,79.170258
4.840000,79.170099
4.840100,79.171315
4.840200,79.171291
4.840300,79.171552
4.840400,79.172618
4.840500,79.173395
4.840600,79.174638
4.840700,79.174119
4.840800,79.174276
4.840900,79.174113
4.841000,79.175416
4.841100,79.175075
4.841200,79.176005
4.841300,79.176369
4.841400,79.177220
4.841500,79.177674
4.841600,79.177723
4.841700,79.180931
4.841800,79.180381
4.841900,79.180162
4.842000,79.180414
4.842100,79.184425
4.842200,79.184595
4.842300,79.185477
4.842400,79.189131
4.842500,79.190347
4.842600,79.183947
4.842700,79.174889
4.842800,79.170676
4.842900,79.172036
4.843000,79.172863
4.843100,79.173269
4.843200,79.175921
4.843300,79.180768
4.843400,79.183540
4.843500,79.179233
4.843600,79.181348
4.843700,79.181796
4.843800,79.182119
4.843900,79.182978
4.844000,79.184283
4.844100,79.182901
4.844200,79.183088
4.844300,79.183523
4.844400,79.183416
4.844500,79.185181
4.844600,79.185441
4.844700,79.186150
4.844800,79.186070
4.844900,79.186739
4.845000,79.187455
4.845100,79.187955
4.845200,79.188459
4.845300,79.188810
4.845400,79.189009
4.845500,79.189700
4.845600,79.190422
4.845700,79.190761
4.845800,79.191600
4.845900,79.192437
4.846000,79.192493
4.846100,79.192932
4.846200,79.193360
4.846300,79.193704
4.846400,79.194329
4.846500,79.195586
4.846600,79.195258
4.846700,79.196047
4.846800,79.196087
4.846900,79.196309
4.847000,79.196865
4.847100,79.197487
4.847200,79.198591
4.847300,79.198168
4.847400,79.198663
4.847500,79.200241
4.847600,79.199878
4.847700,79.202567
4.847800,79.200904
4.847900,79.204103
4.848000,79.204912
4.848100,79.205835
4.848200,79.206581
4.848300,79.204131
4.848400,79.207781
4.848500,79.203864
4.848600,79.202559
4.848700,79.197442
4.848800,79.202241
4.848900,79.207417
4.849000,79.216111
4.849100,79.212563
4.849200,79.215614
4.849300,79.233765
4.849400,79.257368
4.849500,79.253478
4.849600,79.247248
4.849700,79.241078
4.849800,79.245863
4.849900,79.246976
4.850000,79.247494
4.850100,79.247849
4.850200,79.248269
4.850300,79.250480
4.850400,79.251010
4.850500,79.253075
4.850600,79.251840
4.850700,79.252055
4.850800,79.253546
4.850900,79.253875
4.851000,79.253424
4.851100,79.253824
4.851200,79.254664
4.851300,79.255204
4.851400,79.256144
4.851500,79.256422
4.851600,79.256753
4.851700,79.257458
4.851800,79.257996
4.851900,79.258574
4.852000,79.258933
4.852100,79.259155
4.852200,79.260014
4.852300,79.261161
4.852400,79.260804
4.852500,79.261429
4.852600,79.262075
4.852700,79.262677
4.852800,79.262722
4.852900,79.263481
4.853000,79.264341
4.853100,79.264549
4.853200,79.264502
4.853300,79.265646
4.853400,79.266717
4.853500,79.266531
4.853600,79.267495
4.853700,79.267268
4.853800,79.267855
4.853900,79.267989
4.854000,79.268244
4.854100,79.270065
4.854200,79.270577
4.854300,79.270877
4.854400,79.268322
4.854500,79.272373
4.854600,79.272049
4.854700,79.275483
4.854800,79.272784
4.854900,79.277096
4.855000,79.278976
4.855100,79.281266
4.855200,79.289853
4.855300,79.277885
4.855400,79.278452
4.855500,79.279232
4.855600,79.289292
4.855700,79.288296
4.855800,79.307869
4.855900,79.308998
4.856000,79.304446
4.856100,79.306820
4.856200,79.305284
4.856300,79.305587
4.856400,79.305143
4.856500,79.305375
4.856600,79.307134
4.856700,79.306403
4.856800,79.306529
4.856900,79.307663
4.857000,79.307386
4.857100,79.309139
4.857200,79.309220
4.857300,79.309160
4.857400,79.310128
4.857500,79.310820
4.857600,79.311159
4.857700,79.311192
4.857800,79.312488
4.857900,79.312932
4.858000,79.313263
4.858100,79.313586
4.858200,79.314458
4.858300,79.314394
4.858400,79.315096
4.858500,79.315046
4.858600,79.316050
4.858700,79.316186
4.858800,79.317141
4.858900,79.317290
4.859000,79.318168
4.859100,79.318656
4.859200,79.319406
4.859300,79.318985
4.859400,79.319771
4.859500,79.320239
4.859600,79.321074
4.859700,79.321283
4.859800,79.322707
4.859900,79.323543
4.860000,79.323642
4.860100,79.322993
4.860200,79.323388
4.860300,79.324459
4.860400,79.326221
4.860500,79.325672
4.860600,79.326726
4.860700,79.327574
4.860800,79.328547
4.860900,79.328340
4.861000,79.324501
4.861100,79.321878
4.861200,79.328706
4.861300,79.332576
4.861400,79.326114
4.861500,79.321131
4.861600,79.335675
4.861700,79.338500
4.861800,79.322294
4.861900,79.325151
4.862000,79.342854
4.862100,79.348287
4.862200,79.347031
4.862300,79.340870
4.862400,79.337484
4.862500,79.339803
4.862600,79.340459
4.862700,79.341836
4.862800,79.342045
4.862900,79.343522
4.863000,79.342216
4.863100,79.341967
4.863200,79.343003
4.863300,79.344558
4.863400,79.346201
4.863500,79.346751
4.863600,79.346144
4.863700,79.346080
4.863800,79.346569
4.863900,79.346367
4.864000,79.347564
4.864100,79.348513
4.864200,79.348527
4.864300,79.349809
4.864400,79.350119
4.864500,79.350177
4.864600,79.350241
4.864700,79.350756
4.864800,79.352052
4.864900,79.352172
4.865000,79.352663
4.865100,79.353228
4.865200,79.353327
4.865300,79.354099
4.865400,79.354969
4.865500,79.355652
4.865600,79.355524
4.865700,79.355817
4.865800,79.356922
4.865900,79.357103
4.866000,79.357807
4.866100,79.357474
4.866200,79.359068
4.866300,79.359394
4.866400,79.359937
4.866500,79.360958
4.866600,79.361772
4.866700,79.362730
4.866800,79.364226
4.866900,79.362109
4.867000,79.361454
4.867100,79.363588
4.867200,79.362218
4.867300,79.364446
4.867400,79.364864
4.867500,79.363937
4.867600,79.364811
4.867700,79.365141
4.867800,79.360662
4.867900,79.354320
4.868000,79.345006
4.868100,79.335924
4.868200,79.324299
4.868300,79.324823
4.868400,79.312948
4.868500,79.311275
4.868600,79.320225
4.868700,79.326889
4.868800,79.327242
4.868900,79.327237
4.869000,79.327110
4.869100,79.327354
4.869200,79.329724
4.869300,79.330003
4.869400,79.331260
4.869500,79.331163
4.869600,79.331827
4.869700,79.333739
4.869800,79.333471
4.869900,79.334745
4.870000,79.334638
4.870100,79.335689
4.870200,79.335664
4.870300,79.336337
4.870400,79.337143
4.870500,79.337466
4.870600,79.338551
4.870700,79.338654
4.870800,79.339178
4.870900,79.339308
4.871000,79.340047
4.871100,79.340977
4.871200,79.340775
4.871300,79.341637
4.871400,79.342437
4.871500,79.342996
4.871600,79.343287
4.871700,79.343889
4.871800,79.344490
4.871900,79.344975
4.872000,79.344974
4.872100,79.345053
4.872200,79.345739
4.872300,79.346651
4.872400,79.346423
4.872500,79.347136
4.872600,79.347896
4.872700,79.349021
4.872800,79.349057
4.872900,79.349478
4.873000,79.350699
4.873100,79.349846
4.873200,79.352215
4.873300,79.351279
4.873400,79.352739
4.873500,79.351460
4.873600,79.349140
4.873700,79.349029
4.873800,79.354556
4.873900,79.350096
4.874000,79.353061
4.874100,79.345220
4.874200,79.357377
4.874300,79.345192
4.874400,79.347400
4.874500,79.340838
4.874600,79.320983
4.874700,79.326031
4.874800,79.342992
4.874900,79.338887
4.875000,79.339500
4.875100,79.338963
4.875200,79.338932
4.875300,79.339260
4.875400,79.338865
4.875500,79.340513
4.875600,79.340916
4.875700,79.342361
4.875800,79.341572
4.875900,79.341740
4.876000,79.342872
4.876100,79.343003
4.876200,79.342925
4.876300,79.343071
4.876400,79.343689
4.876500,79.345099
4.876600,79.344912
4.876700,79.345837
4.876800,79.346609
4.876900,79.346301
4.877000,79.346682
4.877100,79.347417
4.877200,79.348106
4.877300,79.348825
4.877400,79.349321
4.877500,79.349666
4.877600,79.349730
4.877700,79.350544
4.877800,79.351450
4.877900,79.351923
4.878000,79.352582
4.878100,79.352057
4.878200,79.352967
4.878300,79.353031
4.878400,79.354010
4.878500,79.354140
4.878600,79.356001
4.878700,79.356728
4.878800,79.356943
4.878900,79.357511
4.879000,79.357662
4.879100,79.356679
4.879200,79.356064
4.879300,79.358464
4.879400,79.360470
4.879500,79.361624
4.879600,79.361922
4.879700,79.362230
4.879800,79.362040
4.879900,79.362945
4.880000,79.364414
4.880100,79.361915
4.880200,79.360306
4.880300,79.362277
4.880400,79.369144
4.880500,79.359834
4.880600,79.376677
4.880700,79.394045
4.880800,79.392652
4.880900,79.384982
4.881000,79.400423
4.881100,79.415437
4.881200,79.423124
4.881300,79.424457
4.881400,79.424852
4.881500,79.424661
4.881600,79.425176
4.881700,79.427031
4.881800,79.425651
4.881900,79.426702
4.882000,79.429262
4.882100,79.429752
4.882200,79.431337
4.882300,79.430626
4.882400,79.430859
4.882500,79.432156
4.882600,79.433311
4.882700,79.433066
4.882800,79.434133
4.882900,79.434600
4.883000,79.435329
4.883100,79.435390
4.883200,79.435714
4.883300,79.435921
4.883400,79.436091
4.883500,79.437330
4.883600,79.437053
4.883700,79.437899
4.883800,79.438769
4.883900,79.439513
4.884000,79.439662
4.884100,79.440170
4.884200,79.440952
4.884300,79.441357
4.884400,79.442079
4.884500,79.442150
4.884600,79.442566
4.884700,79.443618
4.884800,79.443415
4.884900,79.443935
4.885000,79.444311
4.885100,79.443848
4.885200,79.445853
4.885300,79.445894
4.885400,79.446698
4.885500,79.447665
4.885600,79.448752
4.885700,79.450746
4.885800,79.452060
4.885900,79.450457
4.886000,79.448683
4.886100,79.449184
4.886200,79.449596
4.886300,79.447437
4.886400,79.452370
4.886500,79.458954
4.886600,79.456554
4.886700,79.467997
4.886800,79.469522
4.886900,79.471567
4.887000,79.470390
4.887100,79.473127
4.887200,79.470802
4.887300,79.461112
4.887400,79.448500
4.887500,79.447856
4.887600,79.454302
4.887700,79.457819
4.887800,79.458373
4.887900,79.459429
4.888000,79.459174
4.888100,79.459309
4.888200,79.459444
4.888300,79.459463
4.888400,79.459991
4.888500,79.461696
4.888600,79.460954
4.888700,79.461405
4.888800,79.462052
4.888900,79.463079
4.889000,79.463206
4.889100,79.463606
4.889200,79.463952
4.889300,79.464788
4.889400,79.465196
4.889500,79.466530
4.889600,79.466882
4.889700,79.467348
4.889800,79.467170
4.889900,79.467593
4.890000,79.468212
4.890100,79.468486
4.890200,79.468812
4.890300,79.470195
4.890400,79.470148
4.890500,79.470420
4.890600,79.470695
4.890700,79.472226
4.890800,79.473050
4.890900,79.473148
4.891000,79.472764
4.891100,79.473767
4.891200,79.474203
4.891300,79.474241
4.891400,79.476206
4.891500,79.475855
4.891600,79.475764
4.891700,79.477025
4.891800,79.477571
4.891900,79.478216
4.892000,79.479461
4.892100,79.480781
4.892200,79.482193
4.892300,79.482442
4.892400,79.483171
4.892500,79.484250
4.892600,79.482815
4.892700,79.480160
4.892800,79.482325
4.892900,79.488772
4.893000,79.480262
4.893100,79.494128
4.893200,79.493554
4.893300,79.492476
4.893400,79.495531
4.893500,79.516299
4.893600,79.503284
4.893700,79.493089
4.893800,79.486929
4.893900,79.492129
4.894000,79.496273
4.894100,79.498252
4.894200,79.498795
4.894300,79.500116
4.894400,79.500911
4.894500,79.500926
4.894600,79.501706
4.894700,79.501581
4.894800,79.502318
4.894900,79.502529
4.895000,79.503603
4.895100,79.503992
4.895200,79.504683
4.895300,79.505480
4.895400,79.505671
4.895500,79.505541
4.895600,79.506240
4.895700,79.506884
4.895800,79.507635
4.895900,79.507997
4.896000,79.508075
4.896100,79.509082
4.896200,79.509502
4.896300,79.509695
4.896400,79.510260
4.896500,79.510546
4.896600,79.511031
4.896700,79.510969
4.896800,79.512348
4.896900,79.513146
4.897000,79.513710
4.897100,79.513506
4.897200,79.514072
4.897300,79.515052
4.897400,79.516395
4.897500,79.516515
4.897600,79.517101
4.897700,79.516934
4.897800,79.517148
4.897900,79.516992
4.898000,79.516655
4.898100,79.518653
4.898200,79.518659
4.898300,79.519807
4.898400,79.520829
4.898500,79.521653
4.898600,79.521000
4.898700,79.517104
4.898800,79.521511
4.898900,79.525275
4.899000,79.519969
4.899100,79.514528
4.899200,79.514325
4.899300,79.515835
4.899400,79.527052
4.899500,79.522888
4.899600,79.509053
4.899700,79.508463
4.899800,79.508384
4.899900,79.493825
4.900000,79.499666
4.900100,79.498542
4.900200,79.500768
4.900300,79.498946
4.900400,79.499625
4.900500,79.499500
4.900600,79.501412
4.900700,79.503777
4.900800,79.502270
4.900900,79.502384
4.901000,79.503682
4.901100,79.503298
4.901200,79.504743
4.901300,79.505098
4.901400,79.506338
4.901500,79.507096
4.901600,79.506997
4.901700,79.506930
4.901800,79.507853
4.901900,79.508069
4.902000,79.508753
4.902100,79.508875
4.902200,79.509046
4.902300,79.510302
4.902400,79.510881
4.902500,79.511561
4.902600,79.511895
4.902700,79.511875
4.902800,79.512213
4.902900,79.512742
4.903000,79.513404
4.903100,79.513689
4.903200,79.514314
4.903300,79.514377
4.903400,79.515939
4.903500,79.516957
4.903600,79.516981
4.903700,79.516786
4.903800,79.516579
4.903900,79.518041
4.904000,79.518683
4.904100,79.519207
4.904200,79.519400
4.904300,79.519432
4.904400,79.520082
4.904500,79.522003
4.904600,79.523346
4.904700,79.522747
4.904800,79.522900
4.904900,79.526351
4.905000,79.529195
4.905100,79.527252
4.905200,79.521893
4.905300,79.516475
4.905400,79.517683
4.905500,79.511290
4.905600,79.515964
4.905700,79.529960
4.905800,79.540550
4.905900,79.552648
4.906000,79.559291
4.906100,79.544189
4.906200,79.539358
4.906300,79.545660
4.906400,79.541134
4.906500,79.541868
4.906600,79.542912
4.906700,79.543902
4.906800,79.544387
4.906900,79.545318
4.907000,79.544625
4.907100,79.546122
4.907200,79.548609
4.907300,79.549349
4.907400,79.549441
4.907500,79.548479
4.907600,79.549771
4.907700,79.549844
4.907800,79.550645
4.907900,79.551274
4.908000,79.551799
4.908100,79.552647
4.908200,79.552813
4.908300,79.553092
4.908400,79.553715
4.908500,79.553567
4.908600,79.554576
4.908700,79.555278
4.908800,79.555665
4.908900,79.556104
4.909000,79.556735
4.909100,79.556808
4.909200,79.557720
4.909300,79.557741
4.909400,79.558660
4.909500,79.559192
4.909600,79.559265
4.909700,79.559485
4.909800,79.560825
4.909900,79.561165
4.910000,79.562098
4.910100,79.561880
4.910200,79.562760
4.910300,79.562356
4.910400,79.563284
4.910500,79.562815
4.910600,79.563558
4.910700,79.563547
4.910800,79.564478
4.910900,79.567893
4.911000,79.570206
4.911100,79.567337
4.911200,79.567490
4.911300,79.570092
4.911400,79.569334
4.911500,79.563837
4.911600,79.559394
4.911700,79.568790
4.911800,79.558400
4.911900,79.571877
4.912000,79.586878
4.912100,79.577630
4.912200,79.578321
4.912300,79.567308
4.912400,79.573375
4.912500,79.571538
4.912600,79.578726
4.912700,79.575356
4.912800,79.574235
4.912900,79.574729
4.913000,79.575216
4.913100,79.575919
4.913200,79.576466
4.913300,79.575713
4.913400,79.577758
4.913500,79.576511
4.913600,79.576286
4.913700,79.577762
4.913800,79.577246
4.913900,79.578639
4.914000,79.578863
4.914100,79.579671
4.914200,79.580395
4.914300,79.581024
4.914400,79.581075
4.914500,79.581459
4.914600,79.582118
4.914700,79.582447
4.914800,79.582842
4.914900,79.583647
4.915000,79.583779
4.915100,79.583802
4.915200,79.584787
4.915300,79.585836
4.915400,79.585963
4.915500,79.585723
4.915600,79.587184
4.915700,79.587686
4.915800,79.588206
4.915900,79.588093
4.916000,79.588711
4.916100,79.589094
4.916200,79.589668
4.916300,79.590115
4.916400,79.589566
4.916500,79.591594
4.916600,79.591518
4.916700,79.593292
4.916800,79.593503
4.916900,79.592386
4.917000,79.591979
4.917100,79.594197
4.917200,79.594074
4.917300,79.597215
4.917400,79.596750
4.917500,79.594137
4.917600,79.592067
4.917700,79.588255
4.917800,79.582370
4.917900,79.590559
4.918000,79.594669
4.918100,79.595402
4.918200,79.596153
4.918300,79.594671
4.918400,79.584095
4.918500,79.580365
4.918600,79.597362
4.918700,79.589536
4.918800,79.588670
4.918900,79.576107
4.919000,79.577329
4.919100,79.576715
4.919200,79.576936
4.919300,79.577377
4.919400,79.578105
4.919500,79.578092
4.919600,79.578819
4.919700,79.579997
4.919800,79.579128
4.919900,79.578878
4.920000,79.579653
4.920100,79.579743
4.920200,79.579230
4.920300,79.580223
4.920400,79.581811
4.920500,79.581952
4.920600,79.582513
4.920700,79.583257
4.920800,79.582822
4.920900,79.583654
4.921000,79.583520
4.921100,79.584333
4.921200,79.585035
4.921300,79.585494
4.921400,79.585949
4.921500,79.586506
4.921600,79.586640
4.921700,79.587940
4.921800,79.589126
4.921900,79.589489
4.922000,79.589175
4.922100,79.589207
4.922200,79.589595
4.922300,79.589750
4.922400,79.590580
4.922500,79.589952
4.922600,79.591488
4.922700,79.593282
4.922800,79.594041
4.922900,79.594176
4.923000,79.593825
4.923100,79.594466
4.923200,79.595210
4.923300,79.595015
4.923400,79.595807
4.923500,79.595716
4.923600,79.597968
4.923700,79.597802
4.923800,79.598580
4.923900,79.602383
4.924000,79.601112
4.924100,79.601821
4.924200,79.600288
4.924300,79.595163
4.924400,79.589859
4.924500,79.587236
4.924600,79.588978
4.924700,79.574898
4.924800,79.580975
4.924900,79.597487
4.925000,79.613951
4.925100,79.598465
4.925200,79.597159
4.925300,79.595750
4.925400,79.592698
4.925500,79.593252
4.925600,79.593898
4.925700,79.593093
4.925800,79.592799
4.925900,79.592280
4.926000,79.593055
4.926100,79.593127
4.926200,79.594623
4.926300,79.595041
4.926400,79.594115
4.926500,79.594909
4.926600,79.595937
4.926700,79.597086
4.926800,79.596946
4.926900,79.597601
4.927000,79.598205
4.927100,79.598956
4.927200,79.599056
4.927300,79.599685
4.927400,79.600054
4.927500,79.600449
4.927600,79.600474
4.927700,79.601258
4.927800,79.602535
4.927900,79.602864
4.928000,79.603550
4.928100,79.603431
4.928200,79.603635
4.928300,79.604459
4.928400,79.604612
4.928500,79.605894
4.928600,79.605867
4.928700,79.606554
4.928800,79.606543
4.928900,79.608192
4.929000,79.608131
4.929100,79.610055
4.929200,79.610255
4.929300,79.610714
4.929400,79.611128
4.929500,79.612826
4.929600,79.612189
4.929700,79.610727
4.929800,79.613699
4.929900,79.614474
4.930000,79.612437
4.930100,79.612682
4.930200,79.616590
4.930300,79.615291
4.930400,79.615728
4.930500,79.618057
4.930600,79.609846
4.930700,79.617799
4.930800,79.611121
4.930900,79.614627
4.931000,79.626340
4.931100,79.642234
4.931200,79.655679
4.931300,79.651609
4.931400,79.653002
4.931500,79.663340
4.931600,79.661650
4.931700,79.662235
4.931800,79.662081
4.931900,79.663094
4.932000,79.663747
4.932100,79.664279
4.932200,79.663664
4.932300,79.665042
4.932400,79.666119
4.932500,79.665640
4.932600,79.665710
4.932700,79.666480
4.932800,79.667081
4.932900,79.668151
4.933000,79.668344
4.933100,79.668832
4.933200,79.668692
4.933300,79.669233
4.933400,79.669707
4.933500,79.670415
4.933600,79.670683
4.933700,79.671876
4.933800,79.671683
4.933900,79.672263
4.934000,79.672817
4.934100,79.673236
4.934200,79.673810
4.934300,79.674470
4.934400,79.674828
4.934500,79.675519
4.934600,79.675704
4.934700,79.676966
4.934800,79.676927
4.934900,79.677798
4.935000,79.677606
4.935100,79.678462
4.935200,79.679335
4.935300,79.678792
4.935400,79.680186
4.935500,79.681788
4.935600,79.682345
4.935700,79.683678
4.935800,79.681995
4.935900,79.682300
4.936000,79.683099
4.936100,79.684365
4.936200,79.684595
4.936300,79.683852
4.936400,79.680207
4.936500,79.682906
4.936600,79.686174
4.936700,79.683942
4.936800,79.685788
4.936900,79.677942
4.937000,79.670970
4.937100,79.670233
4.937200,79.669799
4.937300,79.685956
4.937400,79.707631
4.937500,79.691663
4.937600,79.703703
4.937700,79.690260
4.937800,79.701568
4.937900,79.705222
4.938000,79.704231
4.938100,79.704155
4.938200,79.705459
4.938300,79.706248
4.938400,79.706873
4.938500,79.705609
4.938600,79.705124
4.938700,79.707297
4.938800,79.707771
4.938900,79.707594
4.939000,79.707719
4.939100,79.708592
4.939200,79.709282
4.939300,79.710118
4.939400,79.710685
4.939500,79.710746
4.939600,79.711314
4.939700,79.712011
4.939800,79.712724
4.939900,79.713293
4.940000,79.713235
4.940100,79.714041
4.940200,79.714685
4.940300,79.714778
4.940400,79.715407
4.940500,79.715680
4.940600,79.716034
4.940700,79.716264
4.940800,79.717389
4.940900,79.717812
4.941000,79.718078
4.941100,79.719364
4.941200,79.719936
4.941300,79.720211
4.941400,79.719702
4.941500,79.721168
4.941600,79.720963
4.941700,79.721102
4.941800,79.722783
4.941900,79.725119
4.942000,79.724134
4.942100,79.722619
4.942200,79.724265
4.942300,79.725579
4.942400,79.726534
4.942500,79.730618
4.942600,79.727546
4.942700,79.729983
4.942800,79.726428
4.942900,79.721961
4.943000,79.724975
4.943100,79.719741
4.943200,79.721444
4.943300,79.721925
4.943400,79.719473
4.943500,79.713999
4.943600,79.706392
4.943700,79.706706
4.943800,79.718184
4.943900,79.729325
4.944000,79.725765
4.944100,79.722324
4.944200,79.720563
4.944300,79.719576
4.944400,79.720021
4.944500,79.721704
4.944600,79.720787
4.944700,79.720414
4.944800,79.719536
4.944900,79.720161
4.945000,79.721991
4.945100,79.722251
4.945200,79.723482
4.945300,79.723427
4.945400,79.724162
4.945500,79.724764
4.945600,79.724820
4.945700,79.725069
4.945800,79.725692
4.945900,79.726137
4.946000,79.726787
4.946100,79.726785
4.946200,79.727936
4.946300,79.728453
4.946400,79.729444
4.946500,79.729082
4.946600,79.730414
4.946700,79.730573
4.946800,79.730984
4.946900,79.731014
4.947000,79.731791
4.947100,79.731644
4.947200,79.732587
4.947300,79.733156
4.947400,79.733560
4.947500,79.733996
4.947600,79.735073
4.947700,79.735529
4.947800,79.735868
4.947900,79.735740
4.948000,79.737022
4.948100,79.738331
4.948200,79.738704
4.948300,79.739009
4.948400,79.738425
4.948500,79.739942
4.948600,79.739793
4.948700,79.740942
4.948800,79.741672
4.948900,79.740980
4.949000,79.736868
4.949100,79.743136
4.949200,79.737895
4.949300,79.743831
4.949400,79.738807
4.949500,79.746428
4.949600,79.752748
4.949700,79.752270
4.949800,79.753886
4.949900,79.735971
4.950000,79.753689
4.950100,79.752550
4.950200,79.753134
4.950300,79.751775
4.950400,79.754738
4.950500,79.756028
4.950600,79.755405
4.950700,79.756049
4.950800,79.755999
4.950900,79.756603
4.951000,79.756425
4.951100,79.758219
4.951200,79.757962
4.951300,79.758261
4.951400,79.759509
4.951500,79.758546
4.951600,79.759711
4.951700,79.760064
4.951800,79.760822
4.951900,79.761296
4.952000,79.762527
4.952100,79.762046
4.952200,79.762670
4.952300,79.762651
4.952400,79.763073
4.952500,79.764456
4.952600,79.763982
4.952700,79.764128
4.952800,79.764904
4.952900,79.765627
4.953000,79.766212
4.953100,79.767061
4.953200,79.767762
4.953300,79.767849
4.953400,79.768201
4.953500,79.769407
4.953600,79.769912
4.953700,79.769778
4.953800,79.770220
4.953900,79.770542
4.954000,79.771569
4.954100,79.772447
4.954200,79.773355
4.954300,79.772796
4.954400,79.773477
4.954500,79.775309
4.954600,79.775438
4.954700,79.774771
4.954800,79.775846
4.954900,79.777056
4.955000,79.776071
4.955100,79.778845
4.955200,79.781379
4.955300,79.777015
4.955400,79.775089
4.955500,79.780290
4.955600,79.780216
4.955700,79.781189
4.955800,79.789096
4.955900,79.788686
4.956000,79.787291
4.956100,79.791718
4.956200,79.800536
4.956300,79.811382
4.956400,79.799782
4.956500,79.798186
4.956600,79.791621
4.956700,79.795674
4.956800,79.798303
4.956900,79.798651
4.957000,79.798934
4.957100,79.798813
4.957200,79.800373
4.957300,79.801318
4.957400,79.801591
4.957500,79.803275
4.957600,79.802514
4.957700,79.803284
4.957800,79.803133
4.957900,79.803205
4.958000,79.804755
4.958100,79.805055
4.958200,79.805142
4.958300,79.806047
4.958400,79.806180
4.958500,79.806523
4.958600,79.807106
4.958700,79.807578
4.958800,79.808719
4.958900,79.808798
4.959000,79.808910
4.959100,79.809218
4.959200,79.810369
4.959300,79.811332
4.959400,79.811299
4.959500,79.811874
4.959600,79.812174
4.959700,79.812661
4.959800,79.813388
4.959900,79.813021
4.960000,79.814379
4.960100,79.814871
4.960200,79.815264
4.960300,79.816511
4.960400,79.815985
4.960500,79.817361
4.960600,79.817753
4.960700,79.818153
4.960800,79.818101
4.960900,79.819326
4.961000,79.819755
4.961100,79.820601
4.961200,79.820181
4.961300,79.822191
4.961400,79.826051
4.961500,79.824416
4.961600,79.821419
4.961700,79.819879
4.961800,79.822184
4.961900,79.815850
4.962000,79.811109
4.962100,79.816134
4.962200,79.820224
4.962300,79.823600
4.962400,79.841444
4.962500,79.862731
4.962600,79.844453
4.962700,79.851588
4.962800,79.846052
4.962900,79.855377
4.963000,79.851127
4.963100,79.851255
4.963200,79.851685
4.963300,79.852475
4.963400,79.851212
4.963500,79.851864
4.963600,79.852529
4.963700,79.852921
4.963800,79.854195
4.963900,79.853605
4.964000,79.854624
4.964100,79.854348
4.964200,79.855901
4.964300,79.856660
4.964400,79.856879
4.964500,79.856883
4.964600,79.857818
4.964700,79.858517
4.964800,79.858170
4.964900,79.858702
4.965000,79.859361
4.965100,79.859932
4.965200,79.860625
4.965300,79.860668
4.965400,79.861285
4.965500,79.861835
4.965600,79.862432
4.965700,79.862997
4.965800,79.863877
4.965900,79.864938
4.966000,79.864443
4.966100,79.864967
4.966200,79.865649
4.966300,79.866282
4.966400,79.866755
4.966500,79.868029
4.966600,79.868105
4.966700,79.867885
4.966800,79.868090
4.966900,79.869112
4.967000,79.869133
4.967100,79.868760
4.967200,79.868920
4.967300,79.870192
4.967400,79.869905
4.967500,79.872772
4.967600,79.871109
4.967700,79.867537
4.967800,79.869178
4.967900,79.871392
4.968000,79.877048
4.968100,79.872359
4.968200,79.863488
4.968300,79.871865
4.968400,79.871716
4.968500,79.861140
4.968600,79.867228
4.968700,79.883823
4.968800,79.882922
4.968900,79.883618
4.969000,79.871187
4.969100,79.872399
4.969200,79.874145
4.969300,79.873046
4.969400,79.872596
4.969500,79.873414
4.969600,79.873467
4.969700,79.872212
4.969800,79.873865
4.969900,79.873257
4.970000,79.874412
4.970100,79.874555
4.970200,79.875643
4.970300,79.876295
4.970400,79.876622
4.970500,79.877450
4.970600,79.877230
4.970700,79.878082
4.970800,79.877863
4.970900,79.878353
4.971000,79.878636
4.971100,79.879308
4.971200,79.879782
4.971300,79.880866
4.971400,79.881525
4.971500,79.881423
4.971600,79.882093
4.971700,79.882488
4.971800,79.882876
4.971900,79.883583
4.972000,79.884460
4.972100,79.884536
4.972200,79.885785
4.972300,79.885390
4.972400,79.885873
4.972500,79.886720
4.972600,79.886801
4.972700,79.888647
4.972800,79.888227
4.972900,79.887762
4.973000,79.888974
4.973100,79.888902
4.973200,79.890272
4.973300,79.888785
4.973400,79.890014
4.973500,79.891225
4.973600,79.891279
4.973700,79.891774
4.973800,79.888893
4.973900,79.892748
4.974000,79.896873
4.974100,79.897828
4.974200,79.899673
4.974300,79.900094
4.974400,79.898190
4.974500,79.891222
4.974600,79.885147
4.974700,79.872918
4.974800,79.872740
4.974900,79.854295
4.975000,79.857316
4.975100,79.866176
4.975200,79.859661
4.975300,79.850996
4.975400,79.859604
4.975500,79.855640
4.975600,79.854362
4.975700,79.854744
4.975800,79.855603
4.975900,79.856203
4.976000,79.855034
4.976100,79.854776
4.976200,79.854295
4.976300,79.856115
4.976400,79.856703
4.976500,79.856288
4.976600,79.857008
4.976700,79.857776
4.976800,79.858257
4.976900,79.858144
4.977000,79.858125
4.977100,79.859122
4.977200,79.858928
4.977300,79.860099
4.977400,79.861042
4.977500,79.861027
4.977600,79.861658
4.977700,79.862461
4.977800,79.862955
4.977900,79.863376
4.978000,79.863773
4.978100,79.864094
4.978200,79.864448
4.978300,79.865572
4.978400,79.865308
4.978500,79.866874
4.978600,79.866927
4.978700,79.867301
4.978800,79.868437
4.978900,79.868283
4.979000,79.868866
4.979100,79.868691
4.979200,79.868827
4.979300,79.870892
4.979400,79.870306
4.979500,79.869385
4.979600,79.872122
4.979700,79.873143
4.979800,79.874232
4.979900,79.873510
4.980000,79.874544
4.980100,79.871897
4.980200,79.876046
4.980300,79.875273
4.980400,79.876756
4.980500,79.879987
4.980600,79.877685
4.980700,79.883878
4.980800,79.883291
4.980900,79.881963
4.981000,79.884708
4.981100,79.897800
4.981200,79.914540
4.981300,79.897136
4.981400,79.909036
4.981500,79.914770
4.981600,79.917536
4.981700,79.913721
4.981800,79.913552
4.981900,79.915596
4.982000,79.916395
4.982100,79.917247
4.982200,79.918972
4.982300,79.919236
4.982400,79.920154
4.982500,79.920066
4.982600,79.920476
4.982700,79.919573
4.982800,79.921295
4.982900,79.920989
4.983000,79.922421
4.983100,79.923178
4.983200,79.922926
4.983300,79.923817
4.983400,79.923929
4.983500,79.924513
4.983600,79.924383
4.983700,79.925711
4.983800,79.926963
4.983900,79.927440
4.984000,79.927410
4.984100,79.927659
4.984200,79.928889
4.984300,79.928832
4.984400,79.929287
4.984500,79.929181
4.984600,79.929342
4.984700,79.930456
4.984800,79.931272
4.984900,79.930990
4.985000,79.931416
4.985100,79.932230
4.985200,79.933420
4.985300,79.933170
4.985400,79.934081
4.985500,79.934644
4.985600,79.934914
4.985700,79.935526
4.985800,79.935427
4.985900,79.936185
4.986000,79.938084
4.986100,79.935871
4.986200,79.938221
4.986300,79.935218
4.986400,79.937394
4.986500,79.935343
4.986600,79.933671
4.986700,79.932747
4.986800,79.936326
4.986900,79.928759
4.987000,79.926718
4.987100,79.929716
4.987200,79.940198
4.987300,79.940642
4.987400,79.951560
4.987500,79.943398
4.987600,79.934622
4.987700,79.932118
4.987800,79.936273
4.987900,79.927516
4.988000,79.925756
4.988100,79.927053
4.988200,79.927665
4.988300,79.928165
4.988400,79.929641
4.988500,79.930215
4.988600,79.930878
4.988700,79.931937
4.988800,79.930533
4.988900,79.931132
4.989000,79.931745
4.989100,79.931586
4.989200,79.932185
4.989300,79.933078
4.989400,79.933553
4.989500,79.934117
4.989600,79.934983
4.989700,79.935243
4.989800,79.935730
4.989900,79.935469
4.990000,79.936488
4.990100,79.936900
4.990200,79.936832
4.990300,79.937784
4.990400,79.938402
4.990500,79.939089
4.990600,79.939463
4.990700,79.940112
4.990800,79.940384
4.990900,79.940391
4.991000,79.941453
4.991100,79.941956
4.991200,79.941790
4.991300,79.942431
4.991400,79.942609
4.991500,79.943102
4.991600,79.944040
4.991700,79.945051
4.991800,79.944406
4.991900,79.945841
4.992000,79.946528
4.992100,79.946485
4.992200,79.945033
4.992300,79.946057
4.992400,79.946210
4.992500,79.948600
4.992600,79.948719
4.992700,79.947251
4.992800,79.950971
4.992900,79.949740
4.993000,79.947908
4.993100,79.944306
4.993200,79.946869
4.993300,79.951049
4.993400,79.949693
4.993500,79.962016
4.993600,79.963892
4.993700,79.959491
4.993800,79.967332
4.993900,79.948514
4.994000,79.953167
4.994100,79.941171
4.994200,79.936532
4.994300,79.939785
4.994400,79.941799
4.994500,79.942365
4.994600,79.942499
4.994700,79.944188
4.994800,79.945518
4.994900,79.944661
4.995000,79.944920
4.995100,79.947031
4.995200,79.947569
4.995300,79.947989
4.995400,79.948019
4.995500,79.948900
4.995600,79.948925
4.995700,79.948954
4.995800,79.948907
4.995900,79.949637
4.996000,79.950377
4.996100,79.951533
4.996200,79.951669
4.996300,79.951902
4.996400,79.952644
4.996500,79.952919
4.996600,79.953537
4.996700,79.954402
4.996800,79.954681
4.996900,79.954690
4.997000,79.955825
4.997100,79.955782
4.997200,79.955747
4.997300,79.957191
4.997400,79.957691
4.997500,79.958258
4.997600,79.958876
4.997700,79.958924
4.997800,79.959118
4.997900,79.960527
4.998000,79.961069
4.998100,79.960564
4.998200,79.962949
4.998300,79.963805
4.998400,79.963455
4.998500,79.962314
4.998600,79.962171
4.998700,79.964455
4.998800,79.964432
4.998900,79.966024
4.999000,79.966163
4.999100,79.968129
4.999200,79.973175
4.999300,79.968330
4.999400,79.965587
4.999500,79.963418
4.999600,79.964930
4.999700,79.969949
4.999800,79.954159
4.999900,79.948923
